#time,accel_x,accel_y,accel_z
2760.044618,95.712904,172.283227,-9360.722011
2760.045246,38.285162,172.283227,-9418.149754
2760.045874,76.570323,153.140646,-9360.722011
2760.046502,76.570323,210.568389,-9437.292334
2760.047130,133.998066,191.425808,-9399.007173
2760.047758,76.570323,114.855485,-9418.149754
2760.048386,38.285162,114.855485,-9418.149754
2760.049014,114.855485,95.712904,-9399.007173
2760.049642,76.570323,114.855485,-9418.149754
2760.050270,95.712904,153.140646,-9418.149754
2760.050898,19.142581,114.855485,-9418.149754
2760.051526,133.998066,114.855485,-9418.149754
2760.052154,76.570323,172.283227,-9418.149754
2760.052782,133.998066,114.855485,-9418.149754
2760.053410,133.998066,114.855485,-9456.434915
2760.054038,76.570323,114.855485,-9418.149754
2760.054666,38.285162,114.855485,-9418.149754
2760.055293,133.998066,114.855485,-9437.292334
2760.055921,153.140646,133.998066,-9437.292334
2760.056549,133.998066,153.140646,-9418.149754
2760.057177,133.998066,114.855485,-9418.149754
2760.057805,133.998066,114.855485,-9418.149754
2760.058433,172.283227,114.855485,-9379.864592
2760.059061,95.712904,133.998066,-9360.722011
2760.059689,95.712904,133.998066,-9360.722011
2760.060317,114.855485,191.425808,-9379.864592
2760.060945,95.712904,153.140646,-9360.722011
2760.061573,76.570323,114.855485,-9418.149754
2760.062201,76.570323,114.855485,-9399.007173
2760.062829,95.712904,210.568389,-9341.579430
2760.063457,133.998066,153.140646,-9418.149754
2760.064085,57.427742,133.998066,-9360.722011
2760.064713,76.570323,114.855485,-9418.149754
2760.065340,76.570323,210.568389,-9418.149754
2760.065968,133.998066,172.283227,-9437.292334
2760.066596,76.570323,153.140646,-9418.149754
2760.067224,114.855485,95.712904,-9456.434915
2760.067852,153.140646,133.998066,-9399.007173
2760.068480,38.285162,114.855485,-9437.292334
2760.069108,133.998066,114.855485,-9418.149754
2760.069736,95.712904,172.283227,-9360.722011
2760.070364,133.998066,153.140646,-9418.149754
2760.070992,19.142581,114.855485,-9418.149754
2760.071620,76.570323,133.998066,-9379.864592
2760.072248,76.570323,114.855485,-9418.149754
2760.072876,38.285162,153.140646,-9418.149754
2760.073504,57.427742,114.855485,-9399.007173
2760.074132,76.570323,210.568389,-9360.722011
2760.074760,133.998066,172.283227,-9418.149754
2760.075388,133.998066,172.283227,-9418.149754
2760.076015,133.998066,114.855485,-9418.149754
2760.076643,133.998066,133.998066,-9399.007173
2760.077271,153.140646,172.283227,-9437.292334
2760.077899,133.998066,153.140646,-9418.149754
2760.078527,133.998066,114.855485,-9418.149754
2760.079155,76.570323,114.855485,-9360.722011
2760.079783,95.712904,76.570323,-9379.864592
2760.080411,95.712904,153.140646,-9341.579430
2760.081039,76.570323,114.855485,-9399.007173
2760.081667,95.712904,133.998066,-9360.722011
2760.082295,153.140646,133.998066,-9379.864592
2760.082923,57.427742,95.712904,-9456.434915
2760.083551,95.712904,114.855485,-9418.149754
2760.084179,114.855485,133.998066,-9341.579430
2760.084807,133.998066,114.855485,-9360.722011
2760.085435,95.712904,114.855485,-9418.149754
2760.086063,95.712904,114.855485,-9418.149754
2760.086690,76.570323,114.855485,-9418.149754
2760.087318,95.712904,114.855485,-9360.722011
2760.087946,133.998066,114.855485,-9418.149754
2760.088574,38.285162,114.855485,-9437.292334
2760.089202,76.570323,114.855485,-9418.149754
2760.089830,38.285162,172.283227,-9437.292334
2760.090458,38.285162,76.570323,-9379.864592
2760.091086,153.140646,133.998066,-9399.007173
2760.091714,0.000000,133.998066,-9360.722011
2760.092342,19.142581,114.855485,-9418.149754
2760.092970,133.998066,172.283227,-9418.149754
2760.093598,153.140646,133.998066,-9399.007173
2760.094226,133.998066,172.283227,-9399.007173
2760.094854,133.998066,172.283227,-9418.149754
2760.095482,95.712904,95.712904,-9456.434915
2760.096110,133.998066,153.140646,-9418.149754
2760.096737,133.998066,114.855485,-9418.149754
2760.097365,76.570323,114.855485,-9418.149754
2760.097993,76.570323,114.855485,-9418.149754
2760.098621,133.998066,191.425808,-9418.149754
2760.099249,133.998066,210.568389,-9418.149754
2760.099877,76.570323,172.283227,-9418.149754
2760.100505,76.570323,172.283227,-9418.149754
2760.101133,76.570323,114.855485,-9418.149754
2760.101761,95.712904,191.425808,-9418.149754
2760.102389,133.998066,229.710970,-9418.149754
2760.103017,19.142581,153.140646,-9418.149754
2760.103645,133.998066,153.140646,-9418.149754
2760.104273,38.285162,114.855485,-9418.149754
2760.104901,76.570323,133.998066,-9360.722011
2760.105529,114.855485,114.855485,-9379.864592
2760.106157,57.427742,95.712904,-9399.007173
2760.106785,133.998066,133.998066,-9399.007173
2760.107412,76.570323,172.283227,-9437.292334
2760.108040,133.998066,114.855485,-9418.149754
2760.108668,133.998066,114.855485,-9418.149754
2760.109296,38.285162,210.568389,-9418.149754
2760.109924,95.712904,133.998066,-9360.722011
2760.110552,153.140646,191.425808,-9399.007173
2760.111180,76.570323,114.855485,-9418.149754
2760.111808,114.855485,95.712904,-9399.007173
2760.112436,133.998066,172.283227,-9379.864592
2760.113064,153.140646,133.998066,-9399.007173
2760.113692,76.570323,114.855485,-9418.149754
2760.114320,76.570323,114.855485,-9418.149754
2760.114948,95.712904,191.425808,-9418.149754
2760.115576,76.570323,114.855485,-9418.149754
2760.116204,38.285162,114.855485,-9437.292334
2760.116832,76.570323,114.855485,-9418.149754
2760.117460,76.570323,114.855485,-9418.149754
2760.118087,133.998066,114.855485,-9418.149754
2760.118715,57.427742,95.712904,-9399.007173
2760.119343,133.998066,114.855485,-9456.434915
2760.119970,76.570323,172.283227,-9418.149754
2760.120597,38.285162,153.140646,-9418.149754
2760.121224,153.140646,133.998066,-9399.007173
2760.121851,133.998066,172.283227,-9418.149754
2760.122478,153.140646,133.998066,-9399.007173
2760.123105,133.998066,114.855485,-9418.149754
2760.123732,133.998066,153.140646,-9418.149754
2760.124359,76.570323,114.855485,-9418.149754
2760.124987,95.712904,153.140646,-9418.149754
2760.125614,38.285162,172.283227,-9418.149754
2760.126241,95.712904,114.855485,-9418.149754
2760.126868,76.570323,114.855485,-9418.149754
2760.127495,114.855485,172.283227,-9360.722011
2760.128122,153.140646,133.998066,-9399.007173
2760.128749,133.998066,114.855485,-9418.149754
2760.129376,133.998066,76.570323,-9379.864592
2760.130004,133.998066,191.425808,-9399.007173
2760.130631,76.570323,114.855485,-9456.434915
2760.131258,133.998066,172.283227,-9418.149754
2760.131885,95.712904,95.712904,-9399.007173
2760.132512,57.427742,172.283227,-9418.149754
2760.133139,95.712904,133.998066,-9360.722011
2760.133766,133.998066,172.283227,-9437.292334
2760.134393,76.570323,210.568389,-9456.434915
2760.135021,38.285162,114.855485,-9418.149754
2760.135648,133.998066,114.855485,-9360.722011
2760.136275,153.140646,95.712904,-9360.722011
2760.136902,95.712904,153.140646,-9418.149754
2760.137529,76.570323,114.855485,-9418.149754
2760.138156,133.998066,114.855485,-9418.149754
2760.138783,133.998066,114.855485,-9437.292334
2760.139410,114.855485,172.283227,-9360.722011
2760.140038,38.285162,114.855485,-9418.149754
2760.140665,38.285162,114.855485,-9418.149754
2760.141292,76.570323,114.855485,-9437.292334
2760.141919,114.855485,210.568389,-9360.722011
2760.142546,76.570323,153.140646,-9418.149754
2760.143173,38.285162,114.855485,-9418.149754
2760.143800,76.570323,114.855485,-9360.722011
2760.144427,38.285162,114.855485,-9418.149754
2760.145054,76.570323,153.140646,-9437.292334
2760.145682,76.570323,153.140646,-9418.149754
2760.146309,0.000000,172.283227,-9360.722011
2760.146936,76.570323,133.998066,-9360.722011
2760.147563,114.855485,114.855485,-9379.864592
2760.148190,76.570323,114.855485,-9418.149754
2760.148817,76.570323,114.855485,-9360.722011
2760.149444,76.570323,114.855485,-9418.149754
2760.150071,76.570323,95.712904,-9399.007173
2760.150699,57.427742,95.712904,-9456.434915
2760.151326,133.998066,172.283227,-9418.149754
2760.151953,57.427742,153.140646,-9360.722011
2760.152580,133.998066,114.855485,-9418.149754
2760.153207,76.570323,114.855485,-9418.149754
2760.153834,76.570323,114.855485,-9418.149754
2760.154461,38.285162,172.283227,-9475.577496
2760.155088,133.998066,210.568389,-9456.434915
2760.155716,76.570323,210.568389,-9418.149754
2760.156343,76.570323,114.855485,-9418.149754
2760.156970,153.140646,133.998066,-9399.007173
2760.157597,76.570323,114.855485,-9418.149754
2760.158224,95.712904,114.855485,-9418.149754
2760.158851,95.712904,133.998066,-9360.722011
2760.159478,95.712904,191.425808,-9418.149754
2760.160105,38.285162,114.855485,-9418.149754
2760.160733,114.855485,172.283227,-9360.722011
2760.161360,114.855485,133.998066,-9360.722011
2760.161987,95.712904,133.998066,-9360.722011
2760.162614,114.855485,133.998066,-9418.149754
2760.163241,38.285162,95.712904,-9399.007173
2760.163868,76.570323,114.855485,-9456.434915
2760.164495,114.855485,153.140646,-9360.722011
2760.165122,95.712904,133.998066,-9360.722011
2760.165750,114.855485,95.712904,-9399.007173
2760.166377,133.998066,133.998066,-9399.007173
2760.167004,95.712904,95.712904,-9456.434915
2760.167631,76.570323,114.855485,-9437.292334
2760.168258,95.712904,153.140646,-9360.722011
2760.168885,172.283227,114.855485,-9379.864592
2760.169512,57.427742,133.998066,-9360.722011
2760.170139,95.712904,153.140646,-9360.722011
2760.170766,76.570323,114.855485,-9418.149754
2760.171394,95.712904,133.998066,-9360.722011
2760.172021,0.000000,133.998066,-9360.722011
2760.172648,57.427742,172.283227,-9360.722011
2760.173275,114.855485,133.998066,-9360.722011
2760.173902,114.855485,95.712904,-9437.292334
2760.174529,133.998066,114.855485,-9437.292334
2760.175156,133.998066,114.855485,-9418.149754
2760.175783,76.570323,172.283227,-9456.434915
2760.176411,76.570323,153.140646,-9418.149754
2760.177038,133.998066,153.140646,-9418.149754
2760.177665,95.712904,172.283227,-9437.292334
2760.178292,76.570323,114.855485,-9418.149754
2760.178919,57.427742,191.425808,-9360.722011
2760.179546,57.427742,95.712904,-9399.007173
2760.180173,114.855485,172.283227,-9360.722011
2760.180800,133.998066,114.855485,-9418.149754
2760.181428,76.570323,172.283227,-9418.149754
2760.182055,76.570323,114.855485,-9456.434915
2760.182682,95.712904,133.998066,-9360.722011
2760.183309,114.855485,133.998066,-9418.149754
2760.183936,95.712904,133.998066,-9360.722011
2760.184563,38.285162,153.140646,-9418.149754
2760.185190,76.570323,153.140646,-9418.149754
2760.185817,57.427742,172.283227,-9360.722011
2760.186445,76.570323,114.855485,-9418.149754
2760.187072,95.712904,153.140646,-9418.149754
2760.187699,57.427742,153.140646,-9360.722011
2760.188326,76.570323,172.283227,-9418.149754
2760.188953,76.570323,153.140646,-9418.149754
2760.189580,133.998066,172.283227,-9418.149754
2760.190207,133.998066,114.855485,-9360.722011
2760.190834,76.570323,114.855485,-9418.149754
2760.191461,38.285162,95.712904,-9456.434915
2760.192089,133.998066,114.855485,-9418.149754
2760.192716,76.570323,210.568389,-9418.149754
2760.193343,133.998066,114.855485,-9418.149754
2760.193970,114.855485,133.998066,-9360.722011
2760.194597,76.570323,114.855485,-9418.149754
2760.195224,76.570323,172.283227,-9360.722011
2760.195851,38.285162,153.140646,-9418.149754
2760.196478,95.712904,133.998066,-9360.722011
2760.197106,57.427742,229.710970,-9418.149754
2760.197733,133.998066,114.855485,-9418.149754
2760.198360,38.285162,153.140646,-9418.149754
2760.198987,38.285162,114.855485,-9418.149754
2760.199614,38.285162,114.855485,-9418.149754
2760.200241,114.855485,133.998066,-9360.722011
2760.200868,57.427742,95.712904,-9399.007173
2760.201495,133.998066,114.855485,-9418.149754
2760.202123,153.140646,133.998066,-9399.007173
2760.202750,76.570323,153.140646,-9418.149754
2760.203377,133.998066,172.283227,-9418.149754
2760.204004,133.998066,114.855485,-9475.577496
2760.204631,76.570323,114.855485,-9418.149754
2760.205258,95.712904,153.140646,-9418.149754
2760.205885,76.570323,153.140646,-9418.149754
2760.206512,38.285162,114.855485,-9418.149754
2760.207140,38.285162,114.855485,-9418.149754
2760.207767,76.570323,114.855485,-9418.149754
2760.208394,38.285162,172.283227,-9418.149754
2760.209021,114.855485,172.283227,-9379.864592
2760.209648,38.285162,114.855485,-9418.149754
2760.210275,95.712904,153.140646,-9418.149754
2760.210902,95.712904,95.712904,-9399.007173
2760.211529,95.712904,133.998066,-9360.722011
2760.212157,57.427742,133.998066,-9418.149754
2760.212784,76.570323,114.855485,-9418.149754
2760.213411,38.285162,114.855485,-9418.149754
2760.214038,95.712904,172.283227,-9360.722011
2760.214665,76.570323,172.283227,-9418.149754
2760.215292,76.570323,172.283227,-9456.434915
2760.215919,76.570323,114.855485,-9418.149754
2760.216546,95.712904,95.712904,-9379.864592
2760.217173,133.998066,172.283227,-9399.007173
2760.217801,76.570323,172.283227,-9418.149754
2760.218428,133.998066,114.855485,-9418.149754
2760.219055,133.998066,133.998066,-9399.007173
2760.219682,95.712904,114.855485,-9418.149754
2760.220310,57.427742,133.998066,-9360.722011
2760.220937,76.570323,76.570323,-9379.864592
2760.221565,76.570323,114.855485,-9418.149754
2760.222192,133.998066,114.855485,-9418.149754
2760.222820,133.998066,114.855485,-9418.149754
2760.223447,76.570323,114.855485,-9418.149754
2760.224075,76.570323,153.140646,-9418.149754
2760.224702,38.285162,114.855485,-9437.292334
2760.225330,95.712904,153.140646,-9418.149754
2760.225957,133.998066,191.425808,-9399.007173
2760.226584,38.285162,153.140646,-9418.149754
2760.227212,38.285162,114.855485,-9418.149754
2760.227839,76.570323,172.283227,-9360.722011
2760.228467,76.570323,114.855485,-9418.149754
2760.229094,95.712904,95.712904,-9399.007173
2760.229722,76.570323,153.140646,-9418.149754
2760.230349,114.855485,153.140646,-9360.722011
2760.230977,114.855485,172.283227,-9322.436850
2760.231604,76.570323,114.855485,-9418.149754
2760.232232,76.570323,114.855485,-9418.149754
2760.232859,133.998066,172.283227,-9399.007173
2760.233487,38.285162,153.140646,-9418.149754
2760.234114,114.855485,133.998066,-9341.579430
2760.234741,19.142581,172.283227,-9418.149754
2760.235369,133.998066,153.140646,-9418.149754
2760.235996,19.142581,172.283227,-9437.292334
2760.236624,38.285162,153.140646,-9418.149754
2760.237251,76.570323,114.855485,-9418.149754
2760.237879,76.570323,210.568389,-9418.149754
2760.238506,38.285162,210.568389,-9418.149754
2760.239134,76.570323,76.570323,-9379.864592
2760.239761,153.140646,172.283227,-9399.007173
2760.240389,76.570323,114.855485,-9418.149754
2760.241016,133.998066,172.283227,-9418.149754
2760.241644,76.570323,153.140646,-9418.149754
2760.242271,38.285162,153.140646,-9418.149754
2760.242899,133.998066,133.998066,-9399.007173
2760.243526,133.998066,248.853550,-9399.007173
2760.244153,133.998066,172.283227,-9399.007173
2760.244781,133.998066,114.855485,-9418.149754
2760.245408,133.998066,210.568389,-9418.149754
2760.246036,133.998066,114.855485,-9360.722011
2760.246663,172.283227,114.855485,-9379.864592
2760.247291,95.712904,95.712904,-9399.007173
2760.247918,133.998066,153.140646,-9418.149754
2760.248546,114.855485,153.140646,-9360.722011
2760.249173,114.855485,153.140646,-9360.722011
2760.249801,95.712904,191.425808,-9360.722011
2760.250428,76.570323,114.855485,-9418.149754
2760.251056,133.998066,76.570323,-9379.864592
2760.251683,76.570323,76.570323,-9379.864592
2760.252311,95.712904,133.998066,-9360.722011
2760.252938,114.855485,114.855485,-9379.864592
2760.253565,76.570323,114.855485,-9418.149754
2760.254193,133.998066,76.570323,-9379.864592
2760.254820,95.712904,191.425808,-9360.722011
2760.255448,76.570323,191.425808,-9360.722011
2760.256075,95.712904,210.568389,-9360.722011
2760.256703,133.998066,114.855485,-9418.149754
2760.257330,76.570323,172.283227,-9456.434915
2760.257958,133.998066,153.140646,-9418.149754
2760.258585,153.140646,153.140646,-9418.149754
2760.259213,210.568389,133.998066,-9399.007173
2760.259840,133.998066,114.855485,-9418.149754
2760.260468,38.285162,114.855485,-9418.149754
2760.261095,95.712904,172.283227,-9418.149754
2760.261723,172.283227,114.855485,-9379.864592
2760.262350,153.140646,172.283227,-9456.434915
2760.262977,114.855485,172.283227,-9360.722011
2760.263605,76.570323,114.855485,-9418.149754
2760.264232,57.427742,172.283227,-9418.149754
2760.264860,95.712904,172.283227,-9418.149754
2760.265487,76.570323,172.283227,-9418.149754
2760.266115,95.712904,95.712904,-9399.007173
2760.266742,95.712904,76.570323,-9379.864592
2760.267370,95.712904,114.855485,-9437.292334
2760.267997,76.570323,172.283227,-9418.149754
2760.268625,95.712904,114.855485,-9418.149754
2760.269252,76.570323,114.855485,-9437.292334
2760.269880,133.998066,153.140646,-9437.292334
2760.270507,95.712904,172.283227,-9437.292334
2760.271135,133.998066,172.283227,-9418.149754
2760.271762,76.570323,114.855485,-9418.149754
2760.272389,95.712904,133.998066,-9360.722011
2760.273017,38.285162,172.283227,-9418.149754
2760.273644,76.570323,153.140646,-9418.149754
2760.274272,76.570323,114.855485,-9418.149754
2760.274899,133.998066,114.855485,-9418.149754
2760.275527,114.855485,133.998066,-9341.579430
2760.276154,114.855485,153.140646,-9360.722011
2760.276782,95.712904,172.283227,-9360.722011
2760.277409,133.998066,172.283227,-9437.292334
2760.278037,38.285162,114.855485,-9418.149754
2760.278664,76.570323,114.855485,-9418.149754
2760.279292,95.712904,114.855485,-9456.434915
2760.279919,95.712904,172.283227,-9360.722011
2760.280546,133.998066,114.855485,-9418.149754
2760.281174,133.998066,133.998066,-9399.007173
2760.281801,76.570323,191.425808,-9437.292334
2760.282429,19.142581,114.855485,-9418.149754
2760.283056,38.285162,114.855485,-9360.722011
2760.283684,133.998066,172.283227,-9418.149754
2760.284311,114.855485,95.712904,-9399.007173
2760.284939,114.855485,133.998066,-9360.722011
2760.285566,76.570323,114.855485,-9360.722011
2760.286194,133.998066,133.998066,-9399.007173
2760.286821,114.855485,133.998066,-9360.722011
2760.287449,133.998066,114.855485,-9418.149754
2760.288076,133.998066,172.283227,-9418.149754
2760.288704,76.570323,114.855485,-9418.149754
2760.289331,76.570323,114.855485,-9456.434915
2760.289958,114.855485,153.140646,-9379.864592
2760.290586,76.570323,114.855485,-9418.149754
2760.291213,95.712904,114.855485,-9418.149754
2760.291841,76.570323,153.140646,-9418.149754
2760.292468,38.285162,153.140646,-9418.149754
2760.293096,133.998066,114.855485,-9418.149754
2760.293723,114.855485,153.140646,-9360.722011
2760.294351,133.998066,114.855485,-9418.149754
2760.294978,95.712904,114.855485,-9437.292334
2760.295606,76.570323,114.855485,-9456.434915
2760.296233,133.998066,114.855485,-9418.149754
2760.296861,95.712904,133.998066,-9360.722011
2760.297488,76.570323,114.855485,-9418.149754
2760.298116,133.998066,76.570323,-9379.864592
2760.298743,76.570323,114.855485,-9437.292334
2760.299370,114.855485,153.140646,-9360.722011
2760.299998,133.998066,114.855485,-9418.149754
2760.300625,153.140646,153.140646,-9494.720077
2760.301253,172.283227,76.570323,-9418.149754
2760.301880,133.998066,114.855485,-9437.292334
2760.302508,114.855485,95.712904,-9399.007173
2760.303135,133.998066,172.283227,-9437.292334
2760.303763,76.570323,172.283227,-9360.722011
2760.304390,38.285162,114.855485,-9418.149754
2760.305018,76.570323,210.568389,-9418.149754
2760.305645,38.285162,191.425808,-9418.149754
2760.306273,114.855485,153.140646,-9360.722011
2760.306900,76.570323,114.855485,-9418.149754
2760.307528,133.998066,114.855485,-9418.149754
2760.308155,133.998066,114.855485,-9418.149754
2760.308782,76.570323,114.855485,-9437.292334
2760.309410,133.998066,172.283227,-9418.149754
2760.310037,57.427742,114.855485,-9418.149754
2760.310665,76.570323,114.855485,-9418.149754
2760.311292,114.855485,95.712904,-9399.007173
2760.311920,153.140646,133.998066,-9399.007173
2760.312547,153.140646,133.998066,-9399.007173
2760.313175,153.140646,133.998066,-9399.007173
2760.313802,76.570323,153.140646,-9418.149754
2760.314430,95.712904,133.998066,-9360.722011
2760.315057,133.998066,172.283227,-9418.149754
2760.315685,76.570323,114.855485,-9418.149754
2760.316312,76.570323,114.855485,-9418.149754
2760.316939,133.998066,114.855485,-9418.149754
2760.317567,76.570323,133.998066,-9360.722011
2760.318194,210.568389,133.998066,-9399.007173
2760.318822,114.855485,114.855485,-9379.864592
2760.319449,153.140646,133.998066,-9399.007173
2760.320077,133.998066,153.140646,-9418.149754
2760.320704,114.855485,95.712904,-9399.007173
2760.321331,38.285162,114.855485,-9418.149754
2760.321958,76.570323,114.855485,-9418.149754
2760.322586,76.570323,114.855485,-9418.149754
2760.323213,76.570323,210.568389,-9418.149754
2760.323840,95.712904,95.712904,-9399.007173
2760.324467,133.998066,114.855485,-9418.149754
2760.325094,57.427742,172.283227,-9475.577496
2760.325722,133.998066,114.855485,-9418.149754
2760.326349,19.142581,172.283227,-9456.434915
2760.326976,76.570323,153.140646,-9418.149754
2760.327603,0.000000,133.998066,-9360.722011
2760.328231,114.855485,153.140646,-9360.722011
2760.328858,38.285162,210.568389,-9418.149754
2760.329485,133.998066,210.568389,-9418.149754
2760.330112,133.998066,172.283227,-9418.149754
2760.330739,57.427742,153.140646,-9360.722011
2760.331367,133.998066,153.140646,-9418.149754
2760.331994,76.570323,95.712904,-9399.007173
2760.332621,95.712904,172.283227,-9360.722011
2760.333248,172.283227,95.712904,-9379.864592
2760.333876,153.140646,172.283227,-9399.007173
2760.334503,133.998066,172.283227,-9399.007173
2760.335130,153.140646,133.998066,-9399.007173
2760.335757,133.998066,114.855485,-9456.434915
2760.336385,95.712904,133.998066,-9360.722011
2760.337012,38.285162,95.712904,-9399.007173
2760.337639,76.570323,210.568389,-9341.579430
2760.338266,133.998066,95.712904,-9360.722011
2760.338893,76.570323,114.855485,-9437.292334
2760.339521,76.570323,133.998066,-9360.722011
2760.340148,133.998066,114.855485,-9437.292334
2760.340775,76.570323,210.568389,-9418.149754
2760.341402,133.998066,114.855485,-9418.149754
2760.342030,95.712904,191.425808,-9360.722011
2760.342657,76.570323,114.855485,-9418.149754
2760.343284,76.570323,172.283227,-9418.149754
2760.343911,95.712904,133.998066,-9360.722011
2760.344539,76.570323,114.855485,-9418.149754
2760.345166,95.712904,153.140646,-9360.722011
2760.345793,76.570323,172.283227,-9360.722011
2760.346420,114.855485,153.140646,-9360.722011
2760.347047,38.285162,191.425808,-9379.864592
2760.347675,38.285162,114.855485,-9418.149754
2760.348302,133.998066,114.855485,-9437.292334
2760.348929,38.285162,76.570323,-9379.864592
2760.349556,95.712904,133.998066,-9360.722011
2760.350184,95.712904,210.568389,-9418.149754
2760.350811,95.712904,172.283227,-9360.722011
2760.351438,76.570323,210.568389,-9418.149754
2760.352065,95.712904,114.855485,-9456.434915
2760.352693,76.570323,114.855485,-9418.149754
2760.353320,76.570323,153.140646,-9418.149754
2760.353947,95.712904,95.712904,-9399.007173
2760.354574,153.140646,133.998066,-9399.007173
2760.355201,133.998066,114.855485,-9418.149754
2760.355829,133.998066,114.855485,-9418.149754
2760.356456,76.570323,114.855485,-9418.149754
2760.357083,153.140646,153.140646,-9437.292334
2760.357710,133.998066,114.855485,-9418.149754
2760.358338,133.998066,172.283227,-9418.149754
2760.358965,95.712904,133.998066,-9360.722011
2760.359592,133.998066,114.855485,-9418.149754
2760.360219,133.998066,114.855485,-9418.149754
2760.360847,133.998066,133.998066,-9475.577496
2760.361474,133.998066,133.998066,-9399.007173
2760.362101,76.570323,114.855485,-9418.149754
2760.362728,133.998066,172.283227,-9437.292334
2760.363355,133.998066,114.855485,-9418.149754
2760.363983,114.855485,114.855485,-9399.007173
2760.364610,114.855485,133.998066,-9360.722011
2760.365237,114.855485,153.140646,-9360.722011
2760.365864,153.140646,172.283227,-9399.007173
2760.366492,133.998066,172.283227,-9418.149754
2760.367119,153.140646,114.855485,-9418.149754
2760.367746,153.140646,133.998066,-9399.007173
2760.368373,76.570323,153.140646,-9360.722011
2760.369001,76.570323,114.855485,-9418.149754
2760.369628,133.998066,114.855485,-9418.149754
2760.370255,133.998066,153.140646,-9399.007173
2760.370882,76.570323,172.283227,-9360.722011
2760.371509,95.712904,191.425808,-9360.722011
2760.372137,76.570323,114.855485,-9418.149754
2760.372764,133.998066,172.283227,-9418.149754
2760.373391,76.570323,114.855485,-9418.149754
2760.374018,114.855485,210.568389,-9360.722011
2760.374646,95.712904,172.283227,-9418.149754
2760.375273,57.427742,172.283227,-9360.722011
2760.375900,133.998066,172.283227,-9456.434915
2760.376527,38.285162,172.283227,-9418.149754
2760.377154,76.570323,133.998066,-9360.722011
2760.377782,38.285162,114.855485,-9418.149754
2760.378409,133.998066,114.855485,-9418.149754
2760.379036,114.855485,95.712904,-9437.292334
2760.379663,76.570323,114.855485,-9418.149754
2760.380291,76.570323,172.283227,-9418.149754
2760.380918,57.427742,114.855485,-9418.149754
2760.381545,76.570323,114.855485,-9418.149754
2760.382172,95.712904,153.140646,-9360.722011
2760.382800,76.570323,114.855485,-9418.149754
2760.383427,133.998066,153.140646,-9360.722011
2760.384054,76.570323,114.855485,-9418.149754
2760.384681,133.998066,114.855485,-9418.149754
2760.385308,76.570323,114.855485,-9418.149754
2760.385936,76.570323,210.568389,-9437.292334
2760.386563,76.570323,210.568389,-9418.149754
2760.387190,172.283227,114.855485,-9379.864592
2760.387817,95.712904,133.998066,-9360.722011
2760.388445,114.855485,76.570323,-9437.292334
2760.389072,38.285162,172.283227,-9418.149754
2760.389699,76.570323,172.283227,-9418.149754
2760.390326,95.712904,114.855485,-9418.149754
2760.390954,76.570323,191.425808,-9418.149754
2760.391581,114.855485,133.998066,-9360.722011
2760.392208,76.570323,210.568389,-9418.149754
2760.392835,76.570323,153.140646,-9475.577496
2760.393462,57.427742,95.712904,-9399.007173
2760.394090,133.998066,133.998066,-9437.292334
2760.394717,114.855485,95.712904,-9399.007173
2760.395344,76.570323,76.570323,-9379.864592
2760.395971,38.285162,114.855485,-9418.149754
2760.396599,95.712904,172.283227,-9418.149754
2760.397226,153.140646,153.140646,-9418.149754
2760.397853,133.998066,210.568389,-9418.149754
2760.398480,114.855485,133.998066,-9360.722011
2760.399108,95.712904,172.283227,-9418.149754
2760.399735,133.998066,114.855485,-9418.149754
2760.400362,153.140646,191.425808,-9456.434915
2760.400989,153.140646,114.855485,-9418.149754
2760.401616,76.570323,153.140646,-9475.577496
2760.402244,114.855485,172.283227,-9360.722011
2760.402871,153.140646,133.998066,-9399.007173
2760.403498,95.712904,172.283227,-9418.149754
2760.404125,133.998066,114.855485,-9418.149754
2760.404753,172.283227,76.570323,-9418.149754
2760.405380,133.998066,153.140646,-9437.292334
2760.406007,133.998066,133.998066,-9379.864592
2760.406634,95.712904,172.283227,-9360.722011
2760.407262,133.998066,153.140646,-9418.149754
2760.407889,133.998066,114.855485,-9475.577496
2760.408516,114.855485,172.283227,-9360.722011
2760.409143,153.140646,133.998066,-9399.007173
2760.409770,114.855485,95.712904,-9399.007173
2760.410398,76.570323,114.855485,-9418.149754
2760.411025,76.570323,153.140646,-9418.149754
2760.411652,114.855485,76.570323,-9437.292334
2760.412279,57.427742,95.712904,-9399.007173
2760.412907,133.998066,76.570323,-9379.864592
2760.413534,76.570323,114.855485,-9360.722011
2760.414161,133.998066,114.855485,-9418.149754
2760.414788,153.140646,133.998066,-9399.007173
2760.415416,76.570323,114.855485,-9360.722011
2760.416043,57.427742,133.998066,-9341.579430
2760.416670,76.570323,153.140646,-9418.149754
2760.417297,76.570323,133.998066,-9341.579430
2760.417924,95.712904,133.998066,-9360.722011
2760.418552,76.570323,172.283227,-9418.149754
2760.419179,76.570323,114.855485,-9456.434915
2760.419806,38.285162,153.140646,-9456.434915
2760.420433,133.998066,172.283227,-9360.722011
2760.421061,133.998066,114.855485,-9437.292334
2760.421688,76.570323,114.855485,-9456.434915
2760.422315,76.570323,172.283227,-9418.149754
2760.422942,76.570323,153.140646,-9418.149754
2760.423570,133.998066,114.855485,-9418.149754
2760.424197,95.712904,172.283227,-9360.722011
2760.424824,38.285162,114.855485,-9418.149754
2760.425451,153.140646,133.998066,-9399.007173
2760.426078,114.855485,133.998066,-9418.149754
2760.426706,95.712904,133.998066,-9360.722011
2760.427333,114.855485,95.712904,-9379.864592
2760.427960,133.998066,133.998066,-9399.007173
2760.428587,76.570323,76.570323,-9379.864592
2760.429215,76.570323,172.283227,-9418.149754
2760.429842,114.855485,114.855485,-9322.436850
2760.430469,133.998066,133.998066,-9399.007173
2760.431096,76.570323,153.140646,-9456.434915
2760.431724,57.427742,133.998066,-9418.149754
2760.432351,95.712904,114.855485,-9418.149754
2760.432978,114.855485,229.710970,-9399.007173
2760.433605,76.570323,210.568389,-9418.149754
2760.434233,114.855485,133.998066,-9360.722011
2760.434860,76.570323,114.855485,-9437.292334
2760.435487,133.998066,153.140646,-9418.149754
2760.436114,57.427742,133.998066,-9360.722011
2760.436742,133.998066,153.140646,-9418.149754
2760.437369,133.998066,76.570323,-9379.864592
2760.437996,76.570323,153.140646,-9437.292334
2760.438623,133.998066,114.855485,-9456.434915
2760.439251,76.570323,133.998066,-9360.722011
2760.439878,133.998066,153.140646,-9418.149754
2760.440505,153.140646,133.998066,-9399.007173
2760.441132,95.712904,133.998066,-9360.722011
2760.441760,57.427742,95.712904,-9456.434915
2760.442387,76.570323,114.855485,-9418.149754
2760.443014,95.712904,133.998066,-9360.722011
2760.443641,153.140646,114.855485,-9360.722011
2760.444269,133.998066,76.570323,-9379.864592
2760.444896,133.998066,114.855485,-9360.722011
2760.445523,153.140646,210.568389,-9399.007173
2760.446150,38.285162,210.568389,-9437.292334
2760.446778,76.570323,114.855485,-9418.149754
2760.447405,133.998066,114.855485,-9418.149754
2760.448032,95.712904,114.855485,-9418.149754
2760.448659,76.570323,172.283227,-9360.722011
2760.449287,57.427742,133.998066,-9360.722011
2760.449914,133.998066,153.140646,-9418.149754
2760.450541,76.570323,153.140646,-9418.149754
2760.451168,76.570323,114.855485,-9418.149754
2760.451796,38.285162,133.998066,-9360.722011
2760.452423,133.998066,114.855485,-9418.149754
2760.453050,95.712904,172.283227,-9418.149754
2760.453677,76.570323,114.855485,-9418.149754
2760.454305,76.570323,95.712904,-9399.007173
2760.454932,153.140646,133.998066,-9399.007173
2760.455559,133.998066,95.712904,-9360.722011
2760.456186,76.570323,114.855485,-9437.292334
2760.456814,133.998066,114.855485,-9418.149754
2760.457441,57.427742,95.712904,-9399.007173
2760.458068,133.998066,114.855485,-9418.149754
2760.458695,57.427742,133.998066,-9341.579430
2760.459323,114.855485,133.998066,-9360.722011
2760.459950,133.998066,153.140646,-9418.149754
2760.460577,133.998066,114.855485,-9418.149754
2760.461204,76.570323,114.855485,-9418.149754
2760.461832,95.712904,172.283227,-9360.722011
2760.462459,133.998066,76.570323,-9379.864592
2760.463086,38.285162,76.570323,-9379.864592
2760.463713,133.998066,114.855485,-9418.149754
2760.464341,133.998066,114.855485,-9418.149754
2760.464968,38.285162,114.855485,-9418.149754
2760.465595,76.570323,114.855485,-9418.149754
2760.466222,95.712904,76.570323,-9379.864592
2760.466850,38.285162,114.855485,-9360.722011
2760.467477,76.570323,172.283227,-9418.149754
2760.468104,76.570323,153.140646,-9341.579430
2760.468731,95.712904,133.998066,-9360.722011
2760.469359,133.998066,153.140646,-9418.149754
2760.469986,19.142581,172.283227,-9418.149754
2760.470613,133.998066,133.998066,-9399.007173
2760.471240,133.998066,114.855485,-9418.149754
2760.471868,76.570323,172.283227,-9418.149754
2760.472495,114.855485,172.283227,-9418.149754
2760.473122,153.140646,133.998066,-9399.007173
2760.473749,95.712904,133.998066,-9341.579430
2760.474377,76.570323,114.855485,-9418.149754
2760.475004,133.998066,114.855485,-9360.722011
2760.475631,114.855485,153.140646,-9360.722011
2760.476258,0.000000,95.712904,-9399.007173
2760.476886,133.998066,114.855485,-9418.149754
2760.477513,38.285162,114.855485,-9418.149754
2760.478140,95.712904,133.998066,-9360.722011
2760.478767,76.570323,114.855485,-9418.149754
2760.479395,76.570323,133.998066,-9360.722011
2760.480022,114.855485,133.998066,-9360.722011
2760.480649,38.285162,114.855485,-9418.149754
2760.481276,76.570323,191.425808,-9360.722011
2760.481904,95.712904,153.140646,-9360.722011
2760.482531,95.712904,133.998066,-9418.149754
2760.483158,76.570323,114.855485,-9437.292334
2760.483785,38.285162,114.855485,-9418.149754
2760.484413,38.285162,172.283227,-9437.292334
2760.485040,38.285162,114.855485,-9418.149754
2760.485667,57.427742,172.283227,-9360.722011
2760.486294,114.855485,153.140646,-9360.722011
2760.486922,76.570323,210.568389,-9418.149754
2760.487549,76.570323,114.855485,-9418.149754
2760.488176,76.570323,114.855485,-9418.149754
2760.488803,57.427742,133.998066,-9360.722011
2760.489431,76.570323,114.855485,-9456.434915
2760.490058,38.285162,114.855485,-9437.292334
2760.490685,133.998066,172.283227,-9418.149754
2760.491312,95.712904,95.712904,-9399.007173
2760.491940,95.712904,133.998066,-9360.722011
2760.492567,95.712904,172.283227,-9360.722011
2760.493194,95.712904,133.998066,-9360.722011
2760.493821,153.140646,133.998066,-9399.007173
2760.494449,76.570323,172.283227,-9437.292334
2760.495076,114.855485,114.855485,-9399.007173
2760.495703,95.712904,114.855485,-9418.149754
2760.496330,76.570323,114.855485,-9418.149754
2760.496958,133.998066,76.570323,-9379.864592
2760.497585,57.427742,133.998066,-9341.579430
2760.498212,114.855485,133.998066,-9360.722011
2760.498839,133.998066,114.855485,-9418.149754
2760.499467,95.712904,95.712904,-9399.007173
2760.500094,95.712904,114.855485,-9475.577496
2760.500721,76.570323,114.855485,-9437.292334
2760.501348,76.570323,114.855485,-9418.149754
2760.501976,133.998066,114.855485,-9418.149754
2760.502603,114.855485,153.140646,-9360.722011
2760.503230,57.427742,153.140646,-9360.722011
2760.503857,133.998066,172.283227,-9399.007173
2760.504485,76.570323,133.998066,-9360.722011
2760.505112,114.855485,114.855485,-9399.007173
2760.505739,76.570323,114.855485,-9418.149754
2760.506366,114.855485,133.998066,-9360.722011
2760.506994,95.712904,114.855485,-9456.434915
2760.507621,114.855485,153.140646,-9360.722011
2760.508248,76.570323,153.140646,-9437.292334
2760.508875,133.998066,210.568389,-9418.149754
2760.509503,153.140646,133.998066,-9399.007173
2760.510130,76.570323,76.570323,-9379.864592
2760.510757,76.570323,153.140646,-9360.722011
2760.511384,114.855485,95.712904,-9399.007173
2760.512012,95.712904,114.855485,-9418.149754
2760.512639,114.855485,95.712904,-9399.007173
2760.513266,76.570323,191.425808,-9418.149754
2760.513893,76.570323,172.283227,-9418.149754
2760.514521,95.712904,95.712904,-9437.292334
2760.515148,172.283227,114.855485,-9341.579430
2760.515775,133.998066,114.855485,-9418.149754
2760.516402,76.570323,153.140646,-9360.722011
2760.517030,76.570323,153.140646,-9418.149754
2760.517657,76.570323,153.140646,-9418.149754
2760.518284,133.998066,172.283227,-9418.149754
2760.518911,153.140646,172.283227,-9399.007173
2760.519539,114.855485,114.855485,-9379.864592
2760.520166,153.140646,114.855485,-9360.722011
2760.520793,95.712904,114.855485,-9418.149754
2760.521421,95.712904,114.855485,-9418.149754
2760.522048,57.427742,95.712904,-9437.292334
2760.522676,133.998066,153.140646,-9399.007173
2760.523303,95.712904,133.998066,-9341.579430
2760.523930,57.427742,133.998066,-9303.294269
2760.524558,114.855485,191.425808,-9360.722011
2760.525185,133.998066,114.855485,-9418.149754
2760.525813,172.283227,114.855485,-9379.864592
2760.526440,57.427742,114.855485,-9399.007173
2760.527067,76.570323,210.568389,-9418.149754
2760.527695,133.998066,210.568389,-9418.149754
2760.528322,95.712904,172.283227,-9418.149754
2760.528950,153.140646,133.998066,-9399.007173
2760.529577,133.998066,114.855485,-9418.149754
2760.530205,133.998066,153.140646,-9418.149754
2760.530832,95.712904,172.283227,-9418.149754
2760.531459,114.855485,76.570323,-9418.149754
2760.532087,57.427742,133.998066,-9360.722011
2760.532714,133.998066,172.283227,-9399.007173
2760.533342,114.855485,95.712904,-9399.007173
2760.533969,172.283227,114.855485,-9379.864592
2760.534596,133.998066,153.140646,-9418.149754
2760.535224,76.570323,114.855485,-9418.149754
2760.535851,57.427742,114.855485,-9418.149754
2760.536479,38.285162,153.140646,-9418.149754
2760.537106,38.285162,153.140646,-9418.149754
2760.537734,76.570323,114.855485,-9360.722011
2760.538361,95.712904,95.712904,-9379.864592
2760.538988,76.570323,76.570323,-9379.864592
2760.539616,114.855485,114.855485,-9379.864592
2760.540243,133.998066,133.998066,-9399.007173
2760.540871,133.998066,114.855485,-9418.149754
2760.541498,133.998066,133.998066,-9399.007173
2760.542125,38.285162,153.140646,-9418.149754
2760.542753,76.570323,114.855485,-9437.292334
2760.543380,38.285162,114.855485,-9418.149754
2760.544008,76.570323,114.855485,-9418.149754
2760.544635,38.285162,172.283227,-9418.149754
2760.545262,133.998066,153.140646,-9418.149754
2760.545890,95.712904,172.283227,-9360.722011
2760.546517,76.570323,172.283227,-9418.149754
2760.547145,95.712904,114.855485,-9418.149754
2760.547772,76.570323,153.140646,-9418.149754
2760.548400,133.998066,153.140646,-9418.149754
2760.549027,133.998066,114.855485,-9418.149754
2760.549654,76.570323,114.855485,-9437.292334
2760.550282,76.570323,153.140646,-9418.149754
2760.550909,114.855485,133.998066,-9284.151688
2760.551537,57.427742,133.998066,-9360.722011
2760.552164,38.285162,210.568389,-9418.149754
2760.552791,76.570323,172.283227,-9418.149754
2760.553419,133.998066,153.140646,-9418.149754
2760.554046,133.998066,114.855485,-9360.722011
2760.554674,76.570323,114.855485,-9418.149754
2760.555301,133.998066,114.855485,-9418.149754
2760.555929,76.570323,191.425808,-9418.149754
2760.556556,76.570323,153.140646,-9418.149754
2760.557183,38.285162,76.570323,-9322.436850
2760.557811,95.712904,153.140646,-9418.149754
2760.558438,114.855485,114.855485,-9341.579430
2760.559066,133.998066,114.855485,-9418.149754
2760.559693,133.998066,114.855485,-9418.149754
2760.560320,133.998066,114.855485,-9418.149754
2760.560948,133.998066,114.855485,-9494.720077
2760.561575,133.998066,114.855485,-9418.149754
2760.562203,76.570323,172.283227,-9418.149754
2760.562830,57.427742,153.140646,-9360.722011
2760.563458,76.570323,153.140646,-9418.149754
2760.564085,95.712904,114.855485,-9418.149754
2760.564712,153.140646,133.998066,-9456.434915
2760.565340,95.712904,172.283227,-9418.149754
2760.565967,95.712904,153.140646,-9418.149754
2760.566595,76.570323,114.855485,-9418.149754
2760.567222,38.285162,114.855485,-9418.149754
2760.567849,0.000000,172.283227,-9360.722011
2760.568477,38.285162,114.855485,-9418.149754
2760.569104,95.712904,153.140646,-9341.579430
2760.569732,95.712904,133.998066,-9360.722011
2760.570359,114.855485,133.998066,-9360.722011
2760.570987,133.998066,114.855485,-9418.149754
2760.571614,57.427742,133.998066,-9341.579430
2760.572241,76.570323,114.855485,-9418.149754
2760.572869,38.285162,114.855485,-9418.149754
2760.573496,95.712904,114.855485,-9418.149754
2760.574124,133.998066,172.283227,-9437.292334
2760.574751,133.998066,172.283227,-9456.434915
2760.575378,133.998066,210.568389,-9360.722011
2760.576006,38.285162,153.140646,-9418.149754
2760.576633,133.998066,133.998066,-9456.434915
2760.577261,38.285162,114.855485,-9418.149754
2760.577888,57.427742,153.140646,-9418.149754
2760.578516,76.570323,114.855485,-9418.149754
2760.579143,95.712904,95.712904,-9399.007173
2760.579770,76.570323,114.855485,-9418.149754
2760.580398,153.140646,191.425808,-9437.292334
2760.581025,153.140646,133.998066,-9399.007173
2760.581653,76.570323,153.140646,-9360.722011
2760.582280,95.712904,172.283227,-9456.434915
2760.582907,76.570323,114.855485,-9418.149754
2760.583535,95.712904,153.140646,-9360.722011
2760.584162,38.285162,114.855485,-9341.579430
2760.584790,76.570323,153.140646,-9360.722011
2760.585417,95.712904,114.855485,-9418.149754
2760.586045,114.855485,172.283227,-9360.722011
2760.586672,38.285162,114.855485,-9418.149754
2760.587299,57.427742,172.283227,-9360.722011
2760.587927,38.285162,153.140646,-9341.579430
2760.588554,114.855485,133.998066,-9341.579430
2760.589182,133.998066,114.855485,-9418.149754
2760.589809,133.998066,133.998066,-9399.007173
2760.590436,133.998066,114.855485,-9418.149754
2760.591064,57.427742,133.998066,-9360.722011
2760.591691,114.855485,114.855485,-9379.864592
2760.592319,114.855485,133.998066,-9360.722011
2760.592946,76.570323,114.855485,-9475.577496
2760.593574,57.427742,229.710970,-9437.292334
2760.594201,95.712904,133.998066,-9360.722011
2760.594828,76.570323,133.998066,-9360.722011
2760.595456,95.712904,133.998066,-9418.149754
2760.596083,38.285162,153.140646,-9418.149754
2760.596711,38.285162,95.712904,-9399.007173
2760.597338,38.285162,133.998066,-9360.722011
2760.597965,38.285162,76.570323,-9379.864592
2760.598593,95.712904,133.998066,-9360.722011
2760.599220,133.998066,114.855485,-9437.292334
2760.599848,95.712904,172.283227,-9360.722011
2760.600475,95.712904,114.855485,-9418.149754
2760.601103,57.427742,133.998066,-9360.722011
2760.601730,76.570323,76.570323,-9379.864592
2760.602357,133.998066,114.855485,-9418.149754
2760.602985,133.998066,133.998066,-9399.007173
2760.603612,133.998066,114.855485,-9418.149754
2760.604240,76.570323,153.140646,-9418.149754
2760.604867,95.712904,133.998066,-9341.579430
2760.605494,153.140646,133.998066,-9399.007173
2760.606122,76.570323,76.570323,-9379.864592
2760.606749,38.285162,76.570323,-9379.864592
2760.607377,57.427742,95.712904,-9399.007173
2760.608004,76.570323,114.855485,-9418.149754
2760.608632,95.712904,133.998066,-9360.722011
2760.609259,114.855485,153.140646,-9360.722011
2760.609886,133.998066,172.283227,-9399.007173
2760.610514,38.285162,114.855485,-9418.149754
2760.611141,76.570323,114.855485,-9418.149754
2760.611769,95.712904,114.855485,-9418.149754
2760.612396,76.570323,153.140646,-9418.149754
2760.613023,57.427742,133.998066,-9322.436850
2760.613651,76.570323,76.570323,-9379.864592
2760.614278,76.570323,114.855485,-9456.434915
2760.614906,95.712904,95.712904,-9399.007173
2760.615533,57.427742,133.998066,-9360.722011
2760.616160,114.855485,153.140646,-9360.722011
2760.616788,76.570323,114.855485,-9418.149754
2760.617415,38.285162,114.855485,-9475.577496
2760.618043,133.998066,114.855485,-9418.149754
2760.618670,133.998066,114.855485,-9418.149754
2760.619298,76.570323,172.283227,-9418.149754
2760.619925,95.712904,114.855485,-9418.149754
2760.620552,76.570323,153.140646,-9418.149754
2760.621180,133.998066,248.853550,-9360.722011
2760.621807,95.712904,133.998066,-9360.722011
2760.622435,38.285162,114.855485,-9418.149754
2760.623062,114.855485,95.712904,-9399.007173
2760.623689,76.570323,153.140646,-9418.149754
2760.624317,76.570323,114.855485,-9418.149754
2760.624944,76.570323,114.855485,-9418.149754
2760.625572,95.712904,133.998066,-9360.722011
2760.626199,95.712904,114.855485,-9418.149754
2760.626826,133.998066,172.283227,-9418.149754
2760.627454,76.570323,114.855485,-9418.149754
2760.628081,38.285162,114.855485,-9418.149754
2760.628708,133.998066,114.855485,-9418.149754
2760.629336,133.998066,153.140646,-9360.722011
2760.629963,76.570323,114.855485,-9418.149754
2760.630590,76.570323,114.855485,-9437.292334
2760.631218,133.998066,153.140646,-9360.722011
2760.631845,133.998066,114.855485,-9418.149754
2760.632472,76.570323,114.855485,-9418.149754
2760.633100,133.998066,153.140646,-9418.149754
2760.633727,95.712904,172.283227,-9360.722011
2760.634354,38.285162,76.570323,-9379.864592
2760.634981,133.998066,114.855485,-9418.149754
2760.635609,114.855485,114.855485,-9379.864592
2760.636236,76.570323,172.283227,-9360.722011
2760.636863,95.712904,172.283227,-9418.149754
2760.637491,133.998066,114.855485,-9418.149754
2760.638118,95.712904,95.712904,-9399.007173
2760.638745,95.712904,114.855485,-9437.292334
2760.639373,38.285162,114.855485,-9418.149754
2760.640000,95.712904,133.998066,-9360.722011
2760.640627,95.712904,133.998066,-9360.722011
2760.641255,133.998066,133.998066,-9399.007173
2760.641882,76.570323,133.998066,-9360.722011
2760.642509,95.712904,191.425808,-9418.149754
2760.643137,38.285162,114.855485,-9456.434915
2760.643764,133.998066,114.855485,-9418.149754
2760.644391,153.140646,153.140646,-9494.720077
2760.645019,76.570323,210.568389,-9418.149754
2760.645646,76.570323,172.283227,-9418.149754
2760.646273,76.570323,114.855485,-9418.149754
2760.646901,76.570323,210.568389,-9418.149754
2760.647528,38.285162,114.855485,-9418.149754
2760.648155,76.570323,114.855485,-9418.149754
2760.648782,76.570323,114.855485,-9418.149754
2760.649410,76.570323,114.855485,-9418.149754
2760.650037,172.283227,114.855485,-9399.007173
2760.650664,114.855485,133.998066,-9360.722011
2760.651292,76.570323,172.283227,-9418.149754
2760.651919,57.427742,172.283227,-9418.149754
2760.652546,76.570323,114.855485,-9418.149754
2760.653174,76.570323,172.283227,-9418.149754
2760.653801,76.570323,114.855485,-9418.149754
2760.654428,133.998066,114.855485,-9418.149754
2760.655056,76.570323,191.425808,-9360.722011
2760.655683,133.998066,210.568389,-9418.149754
2760.656310,114.855485,172.283227,-9360.722011
2760.656938,114.855485,95.712904,-9399.007173
2760.657565,114.855485,133.998066,-9341.579430
2760.658192,95.712904,114.855485,-9360.722011
2760.658820,76.570323,114.855485,-9437.292334
2760.659447,133.998066,114.855485,-9418.149754
2760.660074,76.570323,114.855485,-9418.149754
2760.660702,76.570323,114.855485,-9418.149754
2760.661329,172.283227,76.570323,-9418.149754
2760.661956,133.998066,114.855485,-9418.149754
2760.662583,76.570323,172.283227,-9437.292334
2760.663211,76.570323,114.855485,-9418.149754
2760.663838,95.712904,133.998066,-9360.722011
2760.664465,76.570323,172.283227,-9418.149754
2760.665093,76.570323,172.283227,-9418.149754
2760.665720,133.998066,133.998066,-9437.292334
2760.666347,133.998066,172.283227,-9399.007173
2760.666975,114.855485,133.998066,-9360.722011
2760.667602,38.285162,114.855485,-9456.434915
2760.668229,57.427742,114.855485,-9399.007173
2760.668857,38.285162,114.855485,-9418.149754
2760.669484,38.285162,114.855485,-9418.149754
2760.670111,95.712904,153.140646,-9360.722011
2760.670739,114.855485,133.998066,-9360.722011
2760.671366,95.712904,133.998066,-9360.722011
2760.671993,76.570323,172.283227,-9418.149754
2760.672621,76.570323,114.855485,-9418.149754
2760.673248,133.998066,114.855485,-9475.577496
2760.673875,133.998066,114.855485,-9418.149754
2760.674503,95.712904,95.712904,-9399.007173
2760.675130,114.855485,95.712904,-9399.007173
2760.675757,114.855485,95.712904,-9379.864592
2760.676384,76.570323,76.570323,-9379.864592
2760.677012,114.855485,153.140646,-9360.722011
2760.677639,133.998066,153.140646,-9418.149754
2760.678266,76.570323,153.140646,-9360.722011
2760.678894,153.140646,133.998066,-9399.007173
2760.679521,133.998066,114.855485,-9418.149754
2760.680148,133.998066,153.140646,-9399.007173
2760.680776,95.712904,114.855485,-9399.007173
2760.681403,95.712904,95.712904,-9399.007173
2760.682030,76.570323,153.140646,-9418.149754
2760.682658,95.712904,133.998066,-9360.722011
2760.683285,95.712904,153.140646,-9360.722011
2760.683912,38.285162,114.855485,-9360.722011
2760.684540,76.570323,114.855485,-9360.722011
2760.685167,57.427742,95.712904,-9399.007173
2760.685794,133.998066,114.855485,-9418.149754
2760.686422,76.570323,191.425808,-9360.722011
2760.687049,38.285162,153.140646,-9418.149754
2760.687676,133.998066,172.283227,-9399.007173
2760.688303,114.855485,133.998066,-9360.722011
2760.688931,133.998066,133.998066,-9399.007173
2760.689558,57.427742,95.712904,-9399.007173
2760.690185,76.570323,172.283227,-9418.149754
2760.690813,19.142581,210.568389,-9399.007173
2760.691440,114.855485,95.712904,-9399.007173
2760.692067,95.712904,172.283227,-9437.292334
2760.692695,114.855485,191.425808,-9360.722011
2760.693322,133.998066,114.855485,-9437.292334
2760.693949,76.570323,172.283227,-9360.722011
2760.694577,57.427742,133.998066,-9360.722011
2760.695204,38.285162,114.855485,-9456.434915
2760.695831,95.712904,153.140646,-9418.149754
2760.696459,114.855485,95.712904,-9399.007173
2760.697086,95.712904,114.855485,-9360.722011
2760.697713,38.285162,114.855485,-9418.149754
2760.698341,38.285162,114.855485,-9418.149754
2760.698968,76.570323,76.570323,-9379.864592
2760.699595,133.998066,114.855485,-9418.149754
2760.700223,95.712904,133.998066,-9360.722011
2760.700850,76.570323,114.855485,-9360.722011
2760.701477,57.427742,114.855485,-9418.149754
2760.702104,133.998066,172.283227,-9437.292334
2760.702732,0.000000,153.140646,-9360.722011
2760.703359,95.712904,172.283227,-9360.722011
2760.703986,76.570323,153.140646,-9418.149754
2760.704614,38.285162,114.855485,-9418.149754
2760.705241,114.855485,172.283227,-9360.722011
2760.705868,114.855485,210.568389,-9379.864592
2760.706496,95.712904,133.998066,-9341.579430
2760.707123,95.712904,133.998066,-9360.722011
2760.707750,95.712904,133.998066,-9360.722011
2760.708378,76.570323,191.425808,-9418.149754
2760.709005,76.570323,114.855485,-9456.434915
2760.709632,95.712904,191.425808,-9418.149754
2760.710260,38.285162,153.140646,-9418.149754
2760.710887,133.998066,114.855485,-9418.149754
2760.711514,114.855485,114.855485,-9322.436850
2760.712142,114.855485,95.712904,-9399.007173
2760.712769,133.998066,114.855485,-9418.149754
2760.713396,114.855485,133.998066,-9360.722011
2760.714024,114.855485,114.855485,-9399.007173
2760.714651,133.998066,114.855485,-9360.722011
2760.715278,95.712904,248.853550,-9360.722011
2760.715905,172.283227,172.283227,-9379.864592
2760.716533,57.427742,133.998066,-9360.722011
2760.717160,95.712904,95.712904,-9456.434915
2760.717787,114.855485,133.998066,-9360.722011
2760.718415,38.285162,114.855485,-9418.149754
2760.719042,114.855485,172.283227,-9360.722011
2760.719669,95.712904,114.855485,-9475.577496
2760.720297,76.570323,172.283227,-9418.149754
2760.720924,95.712904,133.998066,-9341.579430
2760.721551,76.570323,133.998066,-9360.722011
2760.722179,114.855485,172.283227,-9360.722011
2760.722806,133.998066,153.140646,-9418.149754
2760.723433,76.570323,153.140646,-9418.149754
2760.724061,76.570323,114.855485,-9418.149754
2760.724688,133.998066,133.998066,-9322.436850
2760.725315,76.570323,114.855485,-9418.149754
2760.725943,95.712904,95.712904,-9399.007173
2760.726570,38.285162,114.855485,-9418.149754
2760.727197,153.140646,133.998066,-9399.007173
2760.727824,133.998066,114.855485,-9418.149754
2760.728451,76.570323,153.140646,-9418.149754
2760.729078,95.712904,153.140646,-9418.149754
2760.729705,38.285162,210.568389,-9360.722011
2760.730332,153.140646,133.998066,-9399.007173
2760.730959,76.570323,210.568389,-9418.149754
2760.731586,95.712904,133.998066,-9360.722011
2760.732213,114.855485,133.998066,-9360.722011
2760.732841,38.285162,114.855485,-9418.149754
2760.733468,76.570323,114.855485,-9418.149754
2760.734095,114.855485,210.568389,-9322.436850
2760.734722,95.712904,153.140646,-9360.722011
2760.735349,76.570323,153.140646,-9360.722011
2760.735976,172.283227,114.855485,-9379.864592
2760.736603,114.855485,172.283227,-9360.722011
2760.737230,133.998066,114.855485,-9418.149754
2760.737857,114.855485,76.570323,-9418.149754
2760.738484,133.998066,133.998066,-9399.007173
2760.739111,76.570323,114.855485,-9418.149754
2760.739739,19.142581,153.140646,-9418.149754
2760.740366,57.427742,172.283227,-9360.722011
2760.740993,57.427742,133.998066,-9418.149754
2760.741620,76.570323,114.855485,-9418.149754
2760.742247,76.570323,153.140646,-9418.149754
2760.742874,133.998066,114.855485,-9437.292334
2760.743501,133.998066,172.283227,-9399.007173
2760.744128,114.855485,95.712904,-9399.007173
2760.744755,133.998066,95.712904,-9418.149754
2760.745382,133.998066,114.855485,-9418.149754
2760.746009,95.712904,172.283227,-9418.149754
2760.746637,114.855485,172.283227,-9360.722011
2760.747264,153.140646,172.283227,-9379.864592
2760.747891,153.140646,153.140646,-9399.007173
2760.748518,76.570323,114.855485,-9418.149754
2760.749145,153.140646,248.853550,-9437.292334
2760.749772,133.998066,153.140646,-9399.007173
2760.750399,133.998066,172.283227,-9418.149754
2760.751026,114.855485,133.998066,-9360.722011
2760.751653,76.570323,114.855485,-9418.149754
2760.752280,153.140646,133.998066,-9379.864592
2760.752907,38.285162,172.283227,-9418.149754
2760.753535,38.285162,114.855485,-9418.149754
2760.754162,95.712904,95.712904,-9399.007173
2760.754789,95.712904,114.855485,-9418.149754
2760.755416,38.285162,114.855485,-9437.292334
2760.756043,76.570323,95.712904,-9399.007173
2760.756670,133.998066,248.853550,-9399.007173
2760.757297,95.712904,153.140646,-9360.722011
2760.757924,114.855485,133.998066,-9360.722011
2760.758551,133.998066,76.570323,-9379.864592
2760.759178,133.998066,95.712904,-9360.722011
2760.759805,38.285162,114.855485,-9418.149754
2760.760433,38.285162,172.283227,-9418.149754
2760.761060,38.285162,114.855485,-9418.149754
2760.761687,57.427742,133.998066,-9360.722011
2760.762314,95.712904,95.712904,-9399.007173
2760.762941,114.855485,191.425808,-9399.007173
2760.763568,133.998066,114.855485,-9437.292334
2760.764195,133.998066,114.855485,-9475.577496
2760.764822,153.140646,133.998066,-9399.007173
2760.765449,133.998066,114.855485,-9456.434915
2760.766076,95.712904,95.712904,-9456.434915
2760.766703,76.570323,172.283227,-9418.149754
2760.767331,133.998066,153.140646,-9418.149754
2760.767958,95.712904,172.283227,-9360.722011
2760.768585,172.283227,153.140646,-9341.579430
2760.769212,95.712904,133.998066,-9360.722011
2760.769839,133.998066,133.998066,-9379.864592
2760.770466,133.998066,133.998066,-9437.292334
2760.771093,76.570323,114.855485,-9418.149754
2760.771720,38.285162,114.855485,-9437.292334
2760.772347,76.570323,172.283227,-9418.149754
2760.772974,76.570323,114.855485,-9494.720077
2760.773601,95.712904,114.855485,-9418.149754
2760.774229,76.570323,153.140646,-9494.720077
2760.774856,133.998066,114.855485,-9418.149754
2760.775483,153.140646,133.998066,-9437.292334
2760.776110,153.140646,153.140646,-9399.007173
2760.776737,114.855485,133.998066,-9322.436850
2760.777364,57.427742,191.425808,-9360.722011
2760.777991,95.712904,76.570323,-9379.864592
2760.778618,38.285162,114.855485,-9418.149754
2760.779245,133.998066,114.855485,-9437.292334
2760.779872,57.427742,95.712904,-9399.007173
2760.780499,114.855485,172.283227,-9360.722011
2760.781127,38.285162,114.855485,-9418.149754
2760.781754,76.570323,95.712904,-9399.007173
2760.782381,153.140646,133.998066,-9399.007173
2760.783008,76.570323,114.855485,-9418.149754
2760.783635,133.998066,153.140646,-9399.007173
2760.784262,114.855485,229.710970,-9399.007173
2760.784889,57.427742,172.283227,-9360.722011
2760.785516,76.570323,153.140646,-9360.722011
2760.786143,133.998066,76.570323,-9379.864592
2760.786770,38.285162,76.570323,-9379.864592
2760.787397,133.998066,114.855485,-9418.149754
2760.788025,133.998066,172.283227,-9418.149754
2760.788652,76.570323,153.140646,-9418.149754
2760.789279,114.855485,133.998066,-9322.436850
2760.789906,114.855485,191.425808,-9360.722011
2760.790533,38.285162,153.140646,-9360.722011
2760.791160,38.285162,114.855485,-9418.149754
2760.791787,114.855485,133.998066,-9360.722011
2760.792414,76.570323,172.283227,-9437.292334
2760.793041,133.998066,114.855485,-9418.149754
2760.793668,76.570323,114.855485,-9437.292334
2760.794295,95.712904,114.855485,-9418.149754
2760.794923,133.998066,153.140646,-9456.434915
2760.795550,76.570323,114.855485,-9360.722011
2760.796177,57.427742,133.998066,-9360.722011
2760.796804,57.427742,114.855485,-9418.149754
2760.797431,76.570323,114.855485,-9418.149754
2760.798058,114.855485,153.140646,-9360.722011
2760.798685,114.855485,95.712904,-9399.007173
2760.799312,133.998066,114.855485,-9418.149754
2760.799939,172.283227,95.712904,-9437.292334
2760.800566,76.570323,114.855485,-9418.149754
2760.801193,133.998066,114.855485,-9418.149754
2760.801821,76.570323,114.855485,-9360.722011
2760.802448,95.712904,133.998066,-9360.722011
2760.803075,95.712904,95.712904,-9399.007173
2760.803702,76.570323,153.140646,-9418.149754
2760.804329,114.855485,114.855485,-9399.007173
2760.804956,76.570323,153.140646,-9418.149754
2760.805583,76.570323,172.283227,-9418.149754
2760.806210,133.998066,153.140646,-9418.149754
2760.806837,114.855485,153.140646,-9360.722011
2760.807464,114.855485,153.140646,-9360.722011
2760.808091,172.283227,133.998066,-9360.722011
2760.808719,133.998066,191.425808,-9399.007173
2760.809346,114.855485,95.712904,-9418.149754
2760.809973,76.570323,191.425808,-9360.722011
2760.810600,76.570323,114.855485,-9418.149754
2760.811227,133.998066,172.283227,-9360.722011
2760.811854,172.283227,114.855485,-9379.864592
2760.812481,95.712904,153.140646,-9360.722011
2760.813108,133.998066,133.998066,-9399.007173
2760.813735,76.570323,114.855485,-9418.149754
2760.814362,76.570323,210.568389,-9418.149754
2760.814989,95.712904,172.283227,-9360.722011
2760.815617,95.712904,114.855485,-9418.149754
2760.816244,133.998066,172.283227,-9418.149754
2760.816871,95.712904,191.425808,-9360.722011
2760.817498,76.570323,114.855485,-9418.149754
2760.818125,38.285162,172.283227,-9418.149754
2760.818752,114.855485,153.140646,-9360.722011
2760.819379,76.570323,114.855485,-9418.149754
2760.820006,133.998066,153.140646,-9418.149754
2760.820633,76.570323,172.283227,-9418.149754
2760.821260,133.998066,114.855485,-9418.149754
2760.821887,133.998066,153.140646,-9399.007173
2760.822515,133.998066,114.855485,-9418.149754
2760.823142,76.570323,172.283227,-9418.149754
2760.823769,38.285162,210.568389,-9437.292334
2760.824396,133.998066,210.568389,-9418.149754
2760.825023,153.140646,133.998066,-9399.007173
2760.825650,95.712904,153.140646,-9360.722011
2760.826277,133.998066,153.140646,-9399.007173
2760.826904,95.712904,153.140646,-9360.722011
2760.827532,95.712904,133.998066,-9360.722011
2760.828159,133.998066,153.140646,-9418.149754
2760.828786,95.712904,229.710970,-9418.149754
2760.829413,95.712904,172.283227,-9360.722011
2760.830041,76.570323,114.855485,-9418.149754
2760.830668,76.570323,153.140646,-9418.149754
2760.831295,76.570323,172.283227,-9360.722011
2760.831922,114.855485,210.568389,-9379.864592
2760.832550,133.998066,114.855485,-9418.149754
2760.833177,76.570323,114.855485,-9418.149754
2760.833804,76.570323,114.855485,-9418.149754
2760.834431,38.285162,114.855485,-9418.149754
2760.835059,172.283227,114.855485,-9379.864592
2760.835686,114.855485,133.998066,-9360.722011
2760.836313,95.712904,133.998066,-9360.722011
2760.836940,95.712904,153.140646,-9418.149754
2760.837568,38.285162,114.855485,-9456.434915
2760.838195,153.140646,133.998066,-9399.007173
2760.838822,95.712904,172.283227,-9360.722011
2760.839449,76.570323,114.855485,-9418.149754
2760.840077,0.000000,133.998066,-9360.722011
2760.840704,95.712904,133.998066,-9360.722011
2760.841331,153.140646,114.855485,-9418.149754
2760.841958,76.570323,114.855485,-9418.149754
2760.842585,38.285162,153.140646,-9437.292334
2760.843213,133.998066,114.855485,-9418.149754
2760.843840,95.712904,172.283227,-9418.149754
2760.844467,76.570323,153.140646,-9418.149754
2760.845094,76.570323,153.140646,-9360.722011
2760.845722,76.570323,114.855485,-9418.149754
2760.846349,114.855485,153.140646,-9360.722011
2760.846976,153.140646,114.855485,-9418.149754
2760.847603,114.855485,114.855485,-9379.864592
2760.848231,57.427742,114.855485,-9418.149754
2760.848858,38.285162,153.140646,-9360.722011
2760.849485,38.285162,153.140646,-9418.149754
2760.850112,114.855485,172.283227,-9418.149754
2760.850740,133.998066,114.855485,-9418.149754
2760.851367,153.140646,133.998066,-9399.007173
2760.851994,133.998066,172.283227,-9418.149754
2760.852621,57.427742,133.998066,-9418.149754
2760.853249,133.998066,114.855485,-9418.149754
2760.853876,76.570323,114.855485,-9418.149754
2760.854503,133.998066,153.140646,-9418.149754
2760.855130,95.712904,133.998066,-9418.149754
2760.855758,95.712904,114.855485,-9399.007173
2760.856385,38.285162,153.140646,-9418.149754
2760.857012,76.570323,114.855485,-9360.722011
2760.857639,95.712904,133.998066,-9360.722011
2760.858267,114.855485,133.998066,-9360.722011
2760.858894,114.855485,153.140646,-9360.722011
2760.859521,76.570323,114.855485,-9418.149754
2760.860148,76.570323,114.855485,-9418.149754
2760.860776,57.427742,153.140646,-9322.436850
2760.861403,76.570323,114.855485,-9360.722011
2760.862030,95.712904,133.998066,-9341.579430
2760.862657,133.998066,114.855485,-9418.149754
2760.863285,95.712904,133.998066,-9360.722011
2760.863912,76.570323,114.855485,-9418.149754
2760.864539,76.570323,114.855485,-9418.149754
2760.865166,76.570323,114.855485,-9418.149754
2760.865794,76.570323,210.568389,-9418.149754
2760.866421,95.712904,114.855485,-9418.149754
2760.867048,133.998066,114.855485,-9418.149754
2760.867675,76.570323,153.140646,-9418.149754
2760.868303,57.427742,95.712904,-9399.007173
2760.868930,95.712904,210.568389,-9418.149754
2760.869557,76.570323,114.855485,-9360.722011
2760.870184,57.427742,133.998066,-9360.722011
2760.870812,76.570323,153.140646,-9418.149754
2760.871439,133.998066,172.283227,-9399.007173
2760.872066,114.855485,133.998066,-9341.579430
2760.872693,76.570323,172.283227,-9418.149754
2760.873321,76.570323,114.855485,-9418.149754
2760.873948,133.998066,172.283227,-9475.577496
2760.874575,133.998066,191.425808,-9399.007173
2760.875202,76.570323,114.855485,-9418.149754
2760.875830,19.142581,114.855485,-9418.149754
2760.876457,95.712904,95.712904,-9437.292334
2760.877084,76.570323,114.855485,-9418.149754
2760.877711,76.570323,114.855485,-9437.292334
2760.878339,153.140646,172.283227,-9456.434915
2760.878966,95.712904,95.712904,-9494.720077
2760.879593,76.570323,114.855485,-9418.149754
2760.880220,38.285162,114.855485,-9418.149754
2760.880848,76.570323,114.855485,-9418.149754
2760.881475,57.427742,95.712904,-9399.007173
2760.882102,133.998066,114.855485,-9437.292334
2760.882729,133.998066,114.855485,-9437.292334
2760.883357,76.570323,114.855485,-9418.149754
2760.883984,153.140646,114.855485,-9418.149754
2760.884611,76.570323,172.283227,-9418.149754
2760.885238,76.570323,114.855485,-9418.149754
2760.885866,133.998066,114.855485,-9437.292334
2760.886493,76.570323,114.855485,-9418.149754
2760.887120,76.570323,114.855485,-9418.149754
2760.887747,114.855485,172.283227,-9360.722011
2760.888375,153.140646,133.998066,-9399.007173
2760.889002,114.855485,133.998066,-9360.722011
2760.889629,114.855485,133.998066,-9360.722011
2760.890256,114.855485,133.998066,-9360.722011
2760.890884,38.285162,153.140646,-9418.149754
2760.891511,76.570323,114.855485,-9418.149754
2760.892138,133.998066,133.998066,-9399.007173
2760.892765,95.712904,153.140646,-9437.292334
2760.893392,57.427742,172.283227,-9418.149754
2760.894020,153.140646,114.855485,-9437.292334
2760.894647,76.570323,172.283227,-9418.149754
2760.895274,95.712904,172.283227,-9360.722011
2760.895901,76.570323,114.855485,-9437.292334
2760.896529,133.998066,114.855485,-9456.434915
2760.897156,38.285162,172.283227,-9418.149754
2760.897783,133.998066,114.855485,-9418.149754
2760.898410,133.998066,114.855485,-9437.292334
2760.899038,133.998066,133.998066,-9399.007173
2760.899665,38.285162,114.855485,-9418.149754
2760.900292,114.855485,133.998066,-9360.722011
2760.900919,76.570323,114.855485,-9418.149754
2760.901547,76.570323,114.855485,-9456.434915
2760.902174,172.283227,114.855485,-9379.864592
2760.902801,95.712904,133.998066,-9360.722011
2760.903428,76.570323,114.855485,-9437.292334
2760.904056,133.998066,210.568389,-9418.149754
2760.904683,133.998066,191.425808,-9399.007173
2760.905310,95.712904,133.998066,-9418.149754
2760.905937,133.998066,153.140646,-9418.149754
2760.906565,76.570323,114.855485,-9418.149754
2760.907192,76.570323,172.283227,-9418.149754
2760.907819,95.712904,133.998066,-9360.722011
2760.908446,19.142581,114.855485,-9418.149754
2760.909074,76.570323,133.998066,-9322.436850
2760.909701,133.998066,133.998066,-9399.007173
2760.910328,76.570323,114.855485,-9418.149754
2760.910955,95.712904,95.712904,-9399.007173
2760.911583,114.855485,95.712904,-9399.007173
2760.912210,153.140646,114.855485,-9418.149754
2760.912837,76.570323,172.283227,-9456.434915
2760.913464,76.570323,114.855485,-9418.149754
2760.914092,153.140646,172.283227,-9418.149754
2760.914719,38.285162,172.283227,-9418.149754
2760.915346,114.855485,133.998066,-9360.722011
2760.915973,133.998066,114.855485,-9360.722011
2760.916601,76.570323,114.855485,-9418.149754
2760.917228,95.712904,95.712904,-9399.007173
2760.917855,76.570323,114.855485,-9418.149754
2760.918482,38.285162,114.855485,-9418.149754
2760.919110,133.998066,172.283227,-9418.149754
2760.919737,76.570323,114.855485,-9360.722011
2760.920364,95.712904,133.998066,-9418.149754
2760.920991,133.998066,153.140646,-9360.722011
2760.921619,114.855485,172.283227,-9360.722011
2760.922246,95.712904,248.853550,-9360.722011
2760.922873,95.712904,114.855485,-9418.149754
2760.923500,133.998066,114.855485,-9418.149754
2760.924128,76.570323,114.855485,-9360.722011
2760.924755,95.712904,172.283227,-9360.722011
2760.925382,38.285162,191.425808,-9418.149754
2760.926009,95.712904,172.283227,-9418.149754
2760.926637,133.998066,133.998066,-9399.007173
2760.927264,114.855485,172.283227,-9379.864592
2760.927892,38.285162,114.855485,-9418.149754
2760.928519,38.285162,153.140646,-9418.149754
2760.929147,76.570323,229.710970,-9360.722011
2760.929775,95.712904,172.283227,-9360.722011
2760.930402,133.998066,133.998066,-9399.007173
2760.931030,57.427742,95.712904,-9399.007173
2760.931657,76.570323,114.855485,-9418.149754
2760.932285,57.427742,133.998066,-9360.722011
2760.932913,76.570323,153.140646,-9418.149754
2760.933540,76.570323,229.710970,-9418.149754
2760.934168,76.570323,210.568389,-9418.149754
2760.934795,114.855485,95.712904,-9399.007173
2760.935423,38.285162,153.140646,-9418.149754
2760.936051,95.712904,114.855485,-9418.149754
2760.936678,95.712904,133.998066,-9341.579430
2760.937306,95.712904,133.998066,-9360.722011
2760.937933,76.570323,114.855485,-9418.149754
2760.938561,76.570323,172.283227,-9360.722011
2760.939188,133.998066,114.855485,-9437.292334
2760.939816,95.712904,114.855485,-9418.149754
2760.940444,133.998066,114.855485,-9437.292334
2760.941071,133.998066,114.855485,-9418.149754
2760.941699,153.140646,153.140646,-9399.007173
2760.942326,133.998066,172.283227,-9418.149754
2760.942954,133.998066,210.568389,-9418.149754
2760.943582,76.570323,133.998066,-9360.722011
2760.944209,95.712904,95.712904,-9379.864592
2760.944837,133.998066,114.855485,-9418.149754
2760.945464,57.427742,191.425808,-9360.722011
2760.946092,133.998066,114.855485,-9418.149754
2760.946720,38.285162,114.855485,-9418.149754
2760.947347,76.570323,153.140646,-9360.722011
2760.947975,95.712904,133.998066,-9360.722011
2760.948602,133.998066,114.855485,-9418.149754
2760.949230,133.998066,210.568389,-9418.149754
2760.949858,114.855485,114.855485,-9379.864592
2760.950485,95.712904,172.283227,-9360.722011
2760.951113,133.998066,153.140646,-9418.149754
2760.951740,133.998066,114.855485,-9418.149754
2760.952368,76.570323,114.855485,-9418.149754
2760.952996,133.998066,114.855485,-9418.149754
2760.953623,95.712904,153.140646,-9418.149754
2760.954251,153.140646,114.855485,-9437.292334
2760.954878,95.712904,133.998066,-9360.722011
2760.955506,57.427742,133.998066,-9360.722011
2760.956134,133.998066,76.570323,-9379.864592
2760.956761,114.855485,76.570323,-9360.722011
2760.957389,95.712904,114.855485,-9418.149754
2760.958016,133.998066,210.568389,-9418.149754
2760.958644,76.570323,210.568389,-9418.149754
2760.959272,76.570323,172.283227,-9418.149754
2760.959899,38.285162,114.855485,-9360.722011
2760.960527,133.998066,153.140646,-9418.149754
2760.961154,133.998066,153.140646,-9399.007173
2760.961782,133.998066,114.855485,-9418.149754
2760.962410,38.285162,76.570323,-9379.864592
2760.963037,133.998066,114.855485,-9418.149754
2760.963665,153.140646,133.998066,-9399.007173
2760.964292,133.998066,114.855485,-9418.149754
2760.964920,76.570323,114.855485,-9418.149754
2760.965548,76.570323,114.855485,-9418.149754
2760.966175,114.855485,153.140646,-9360.722011
2760.966803,114.855485,95.712904,-9399.007173
2760.967430,76.570323,76.570323,-9379.864592
2760.968058,95.712904,133.998066,-9360.722011
2760.968685,114.855485,133.998066,-9360.722011
2760.969313,114.855485,95.712904,-9399.007173
2760.969941,114.855485,133.998066,-9360.722011
2760.970568,133.998066,114.855485,-9418.149754
2760.971196,153.140646,114.855485,-9418.149754
2760.971823,114.855485,133.998066,-9360.722011
2760.972451,133.998066,114.855485,-9418.149754
2760.973079,95.712904,76.570323,-9418.149754
2760.973706,133.998066,210.568389,-9418.149754
2760.974334,133.998066,114.855485,-9456.434915
2760.974961,76.570323,153.140646,-9418.149754
2760.975589,133.998066,133.998066,-9341.579430
2760.976217,95.712904,133.998066,-9322.436850
2760.976844,114.855485,133.998066,-9360.722011
2760.977472,76.570323,114.855485,-9418.149754
2760.978099,76.570323,76.570323,-9379.864592
2760.978727,76.570323,114.855485,-9437.292334
2760.979355,95.712904,114.855485,-9418.149754
2760.979982,76.570323,114.855485,-9418.149754
2760.980610,76.570323,153.140646,-9418.149754
2760.981237,76.570323,114.855485,-9418.149754
2760.981865,95.712904,114.855485,-9418.149754
2760.982493,95.712904,133.998066,-9360.722011
2760.983120,133.998066,153.140646,-9418.149754
2760.983748,57.427742,133.998066,-9360.722011
2760.984375,133.998066,172.283227,-9437.292334
2760.985003,76.570323,210.568389,-9418.149754
2760.985631,114.855485,191.425808,-9360.722011
2760.986258,133.998066,172.283227,-9456.434915
2760.986886,76.570323,114.855485,-9418.149754
2760.987513,114.855485,76.570323,-9360.722011
2760.988141,38.285162,114.855485,-9418.149754
2760.988769,76.570323,210.568389,-9456.434915
2760.989396,133.998066,133.998066,-9399.007173
2760.990024,133.998066,153.140646,-9418.149754
2760.990651,133.998066,114.855485,-9418.149754
2760.991279,76.570323,153.140646,-9418.149754
2760.991907,172.283227,153.140646,-9379.864592
2760.992534,95.712904,133.998066,-9360.722011
2760.993162,133.998066,114.855485,-9418.149754
2760.993789,133.998066,114.855485,-9456.434915
2760.994417,133.998066,191.425808,-9418.149754
2760.995045,95.712904,76.570323,-9379.864592
2760.995672,76.570323,153.140646,-9360.722011
2760.996300,153.140646,172.283227,-9437.292334
2760.996927,133.998066,114.855485,-9456.434915
2760.997555,76.570323,153.140646,-9418.149754
2760.998182,172.283227,76.570323,-9418.149754
2760.998810,133.998066,114.855485,-9437.292334
2760.999438,95.712904,133.998066,-9418.149754
2761.000065,95.712904,95.712904,-9399.007173
2761.000693,133.998066,172.283227,-9360.722011
2761.001320,153.140646,133.998066,-9399.007173
2761.001948,133.998066,172.283227,-9399.007173
2761.002576,133.998066,133.998066,-9399.007173
2761.003203,38.285162,114.855485,-9456.434915
2761.003831,95.712904,95.712904,-9456.434915
2761.004458,133.998066,114.855485,-9456.434915
2761.005086,38.285162,114.855485,-9437.292334
2761.005714,114.855485,114.855485,-9399.007173
2761.006341,95.712904,229.710970,-9418.149754
2761.006969,114.855485,153.140646,-9418.149754
2761.007596,76.570323,210.568389,-9418.149754
2761.008224,38.285162,114.855485,-9418.149754
2761.008852,114.855485,153.140646,-9360.722011
2761.009479,76.570323,210.568389,-9418.149754
2761.010107,133.998066,114.855485,-9418.149754
2761.010734,95.712904,153.140646,-9360.722011
2761.011362,95.712904,153.140646,-9360.722011
2761.011990,95.712904,172.283227,-9456.434915
2761.012617,76.570323,114.855485,-9437.292334
2761.013245,95.712904,133.998066,-9418.149754
2761.013872,38.285162,114.855485,-9418.149754
2761.014500,38.285162,114.855485,-9437.292334
2761.015128,38.285162,172.283227,-9418.149754
2761.015755,76.570323,114.855485,-9418.149754
2761.016383,76.570323,95.712904,-9399.007173
2761.017010,95.712904,133.998066,-9360.722011
2761.017638,38.285162,114.855485,-9418.149754
2761.018266,57.427742,114.855485,-9418.149754
2761.018893,133.998066,114.855485,-9418.149754
2761.019521,57.427742,95.712904,-9399.007173
2761.020148,114.855485,95.712904,-9399.007173
2761.020776,57.427742,133.998066,-9360.722011
2761.021404,57.427742,153.140646,-9360.722011
2761.022031,76.570323,114.855485,-9418.149754
2761.022659,76.570323,172.283227,-9418.149754
2761.023286,133.998066,133.998066,-9399.007173
2761.023914,133.998066,114.855485,-9418.149754
2761.024542,133.998066,76.570323,-9379.864592
2761.025169,133.998066,172.283227,-9418.149754
2761.025797,76.570323,114.855485,-9418.149754
2761.026424,95.712904,191.425808,-9360.722011
2761.027052,38.285162,172.283227,-9418.149754
2761.027680,76.570323,172.283227,-9418.149754
2761.028307,38.285162,114.855485,-9418.149754
2761.028935,95.712904,114.855485,-9418.149754
2761.029563,172.283227,114.855485,-9379.864592
2761.030190,76.570323,114.855485,-9418.149754
2761.030818,76.570323,114.855485,-9418.149754
2761.031446,76.570323,114.855485,-9418.149754
2761.032073,95.712904,133.998066,-9418.149754
2761.032701,38.285162,114.855485,-9418.149754
2761.033329,76.570323,153.140646,-9418.149754
2761.033956,76.570323,210.568389,-9418.149754
2761.034584,95.712904,172.283227,-9360.722011
2761.035212,76.570323,114.855485,-9456.434915
2761.035839,38.285162,114.855485,-9418.149754
2761.036467,133.998066,133.998066,-9399.007173
2761.037095,76.570323,114.855485,-9418.149754
2761.037722,38.285162,114.855485,-9418.149754
2761.038350,153.140646,133.998066,-9399.007173
2761.038978,95.712904,95.712904,-9399.007173
2761.039606,76.570323,114.855485,-9360.722011
2761.040233,76.570323,114.855485,-9437.292334
2761.040861,95.712904,172.283227,-9418.149754
2761.041489,153.140646,172.283227,-9379.864592
2761.042116,95.712904,114.855485,-9399.007173
2761.042744,133.998066,172.283227,-9418.149754
2761.043372,95.712904,172.283227,-9360.722011
2761.043999,76.570323,114.855485,-9418.149754
2761.044627,133.998066,153.140646,-9399.007173
2761.045255,172.283227,76.570323,-9418.149754
2761.045882,95.712904,172.283227,-9341.579430
2761.046510,133.998066,191.425808,-9418.149754
2761.047138,76.570323,210.568389,-9418.149754
2761.047765,76.570323,114.855485,-9418.149754
2761.048393,133.998066,153.140646,-9418.149754
2761.049021,95.712904,95.712904,-9399.007173
2761.049648,133.998066,153.140646,-9418.149754
2761.050276,133.998066,153.140646,-9418.149754
2761.050904,172.283227,114.855485,-9379.864592
2761.051531,114.855485,133.998066,-9360.722011
2761.052159,76.570323,114.855485,-9418.149754
2761.052787,57.427742,133.998066,-9360.722011
2761.053415,57.427742,133.998066,-9322.436850
2761.054042,133.998066,114.855485,-9418.149754
2761.054670,76.570323,210.568389,-9437.292334
2761.055298,38.285162,114.855485,-9418.149754
2761.055925,76.570323,114.855485,-9418.149754
2761.056553,133.998066,210.568389,-9418.149754
2761.057181,133.998066,210.568389,-9418.149754
2761.057808,76.570323,210.568389,-9418.149754
2761.058436,133.998066,114.855485,-9418.149754
2761.059064,95.712904,172.283227,-9418.149754
2761.059691,133.998066,114.855485,-9418.149754
2761.060319,76.570323,114.855485,-9418.149754
2761.060947,38.285162,153.140646,-9437.292334
2761.061574,38.285162,153.140646,-9418.149754
2761.062202,95.712904,133.998066,-9360.722011
2761.062830,76.570323,153.140646,-9360.722011
2761.063457,114.855485,95.712904,-9399.007173
2761.064085,76.570323,133.998066,-9360.722011
2761.064713,153.140646,133.998066,-9379.864592
2761.065340,133.998066,114.855485,-9418.149754
2761.065968,76.570323,153.140646,-9418.149754
2761.066596,38.285162,114.855485,-9418.149754
2761.067223,38.285162,76.570323,-9379.864592
2761.067851,133.998066,153.140646,-9418.149754
2761.068479,133.998066,172.283227,-9399.007173
2761.069107,38.285162,114.855485,-9418.149754
2761.069734,76.570323,114.855485,-9418.149754
2761.070362,76.570323,172.283227,-9418.149754
2761.070990,153.140646,153.140646,-9399.007173
2761.071617,133.998066,114.855485,-9418.149754
2761.072245,76.570323,153.140646,-9418.149754
2761.072873,57.427742,133.998066,-9360.722011
2761.073500,95.712904,153.140646,-9360.722011
2761.074128,133.998066,114.855485,-9418.149754
2761.074756,133.998066,114.855485,-9418.149754
2761.075383,133.998066,172.283227,-9418.149754
2761.076011,76.570323,114.855485,-9418.149754
2761.076639,38.285162,114.855485,-9418.149754
2761.077266,133.998066,114.855485,-9418.149754
2761.077894,133.998066,191.425808,-9360.722011
2761.078522,95.712904,153.140646,-9360.722011
2761.079149,38.285162,153.140646,-9418.149754
2761.079777,76.570323,114.855485,-9437.292334
2761.080405,76.570323,114.855485,-9418.149754
2761.081032,76.570323,114.855485,-9418.149754
2761.081660,95.712904,172.283227,-9418.149754
2761.082288,38.285162,210.568389,-9418.149754
2761.082916,95.712904,191.425808,-9360.722011
2761.083543,76.570323,114.855485,-9418.149754
2761.084171,95.712904,153.140646,-9456.434915
2761.084799,133.998066,210.568389,-9418.149754
2761.085426,76.570323,114.855485,-9418.149754
2761.086054,76.570323,172.283227,-9418.149754
2761.086682,133.998066,172.283227,-9418.149754
2761.087309,133.998066,153.140646,-9418.149754
2761.087937,133.998066,114.855485,-9418.149754
2761.088565,133.998066,114.855485,-9418.149754
2761.089192,76.570323,153.140646,-9322.436850
2761.089820,133.998066,229.710970,-9418.149754
2761.090448,153.140646,248.853550,-9399.007173
2761.091075,133.998066,172.283227,-9399.007173
2761.091703,133.998066,114.855485,-9418.149754
2761.092331,133.998066,172.283227,-9418.149754
2761.092958,95.712904,95.712904,-9399.007173
2761.093586,38.285162,114.855485,-9418.149754
2761.094214,76.570323,114.855485,-9360.722011
2761.094841,114.855485,133.998066,-9341.579430
2761.095469,95.712904,172.283227,-9360.722011
2761.096097,76.570323,114.855485,-9437.292334
2761.096725,38.285162,153.140646,-9418.149754
2761.097352,76.570323,114.855485,-9475.577496
2761.097980,76.570323,114.855485,-9418.149754
2761.098608,95.712904,191.425808,-9360.722011
2761.099235,114.855485,191.425808,-9360.722011
2761.099863,133.998066,114.855485,-9418.149754
2761.100491,133.998066,133.998066,-9399.007173
2761.101118,95.712904,95.712904,-9399.007173
2761.101746,57.427742,229.710970,-9418.149754
2761.102374,114.855485,133.998066,-9360.722011
2761.103001,114.855485,172.283227,-9341.579430
2761.103629,38.285162,114.855485,-9418.149754
2761.104257,76.570323,114.855485,-9418.149754
2761.104884,76.570323,114.855485,-9418.149754
2761.105512,38.285162,153.140646,-9418.149754
2761.106140,114.855485,95.712904,-9399.007173
2761.106767,76.570323,172.283227,-9418.149754
2761.107395,76.570323,114.855485,-9418.149754
2761.108023,76.570323,114.855485,-9418.149754
2761.108650,38.285162,210.568389,-9418.149754
2761.109278,76.570323,210.568389,-9399.007173
2761.109906,95.712904,153.140646,-9341.579430
2761.110534,95.712904,114.855485,-9418.149754
2761.111161,76.570323,153.140646,-9418.149754
2761.111789,114.855485,133.998066,-9360.722011
2761.112417,76.570323,114.855485,-9418.149754
2761.113044,95.712904,114.855485,-9418.149754
2761.113672,95.712904,153.140646,-9437.292334
2761.114300,153.140646,172.283227,-9399.007173
2761.114927,133.998066,114.855485,-9360.722011
2761.115555,133.998066,153.140646,-9456.434915
2761.116183,76.570323,114.855485,-9418.149754
2761.116810,133.998066,172.283227,-9418.149754
2761.117438,76.570323,153.140646,-9418.149754
2761.118066,76.570323,114.855485,-9418.149754
2761.118693,76.570323,114.855485,-9418.149754
2761.119321,0.000000,114.855485,-9399.007173
2761.119949,95.712904,248.853550,-9360.722011
2761.120576,57.427742,133.998066,-9341.579430
2761.121204,95.712904,133.998066,-9360.722011
2761.121832,76.570323,114.855485,-9418.149754
2761.122459,76.570323,229.710970,-9418.149754
2761.123087,133.998066,114.855485,-9418.149754
2761.123715,76.570323,114.855485,-9418.149754
2761.124342,76.570323,153.140646,-9418.149754
2761.124970,114.855485,133.998066,-9360.722011
2761.125598,76.570323,172.283227,-9418.149754
2761.126226,57.427742,133.998066,-9360.722011
2761.126853,38.285162,114.855485,-9456.434915
2761.127481,76.570323,172.283227,-9418.149754
2761.128108,0.000000,133.998066,-9360.722011
2761.128736,76.570323,153.140646,-9360.722011
2761.129363,76.570323,114.855485,-9418.149754
2761.129990,76.570323,210.568389,-9418.149754
2761.130618,95.712904,95.712904,-9399.007173
2761.131245,76.570323,114.855485,-9418.149754
2761.131873,76.570323,210.568389,-9418.149754
2761.132500,38.285162,172.283227,-9418.149754
2761.133127,38.285162,153.140646,-9418.149754
2761.133755,95.712904,172.283227,-9360.722011
2761.134382,133.998066,114.855485,-9418.149754
2761.135009,57.427742,95.712904,-9399.007173
2761.135637,95.712904,133.998066,-9418.149754
2761.136264,95.712904,114.855485,-9456.434915
2761.136892,95.712904,95.712904,-9399.007173
2761.137519,114.855485,133.998066,-9360.722011
2761.138146,133.998066,133.998066,-9399.007173
2761.138774,95.712904,95.712904,-9399.007173
2761.139401,133.998066,191.425808,-9418.149754
2761.140028,153.140646,133.998066,-9399.007173
2761.140656,133.998066,172.283227,-9418.149754
2761.141283,76.570323,172.283227,-9418.149754
2761.141911,133.998066,114.855485,-9418.149754
2761.142538,133.998066,114.855485,-9418.149754
2761.143165,76.570323,114.855485,-9418.149754
2761.143793,172.283227,114.855485,-9379.864592
2761.144420,38.285162,153.140646,-9418.149754
2761.145047,76.570323,114.855485,-9418.149754
2761.145675,76.570323,114.855485,-9418.149754
2761.146302,114.855485,95.712904,-9456.434915
2761.146930,76.570323,114.855485,-9418.149754
2761.147557,95.712904,133.998066,-9360.722011
2761.148184,38.285162,114.855485,-9418.149754
2761.148812,133.998066,114.855485,-9418.149754
2761.149439,114.855485,114.855485,-9322.436850
2761.150066,57.427742,133.998066,-9360.722011
2761.150694,95.712904,153.140646,-9418.149754
2761.151321,133.998066,76.570323,-9379.864592
2761.151949,133.998066,114.855485,-9418.149754
2761.152576,95.712904,153.140646,-9360.722011
2761.153203,133.998066,153.140646,-9418.149754
2761.153831,76.570323,114.855485,-9418.149754
2761.154458,95.712904,172.283227,-9360.722011
2761.155085,57.427742,133.998066,-9360.722011
2761.155713,153.140646,133.998066,-9399.007173
2761.156340,133.998066,114.855485,-9418.149754
2761.156968,95.712904,114.855485,-9360.722011
2761.157595,95.712904,133.998066,-9360.722011
2761.158222,114.855485,114.855485,-9379.864592
2761.158850,95.712904,172.283227,-9360.722011
2761.159477,133.998066,153.140646,-9418.149754
2761.160105,76.570323,153.140646,-9418.149754
2761.160732,76.570323,114.855485,-9418.149754
2761.161359,153.140646,133.998066,-9399.007173
2761.161987,133.998066,133.998066,-9399.007173
2761.162614,38.285162,114.855485,-9418.149754
2761.163241,95.712904,133.998066,-9360.722011
2761.163869,76.570323,114.855485,-9437.292334
2761.164496,133.998066,153.140646,-9418.149754
2761.165124,114.855485,114.855485,-9322.436850
2761.165751,76.570323,114.855485,-9418.149754
2761.166378,57.427742,133.998066,-9360.722011
2761.167006,133.998066,114.855485,-9418.149754
2761.167633,133.998066,133.998066,-9399.007173
2761.168260,153.140646,133.998066,-9399.007173
2761.168888,133.998066,114.855485,-9418.149754
2761.169515,38.285162,210.568389,-9418.149754
2761.170143,38.285162,153.140646,-9418.149754
2761.170770,76.570323,229.710970,-9418.149754
2761.171397,38.285162,153.140646,-9418.149754
2761.172025,0.000000,153.140646,-9341.579430
2761.172652,76.570323,114.855485,-9418.149754
2761.173279,76.570323,153.140646,-9418.149754
2761.173907,76.570323,153.140646,-9418.149754
2761.174534,76.570323,172.283227,-9418.149754
2761.175162,38.285162,114.855485,-9418.149754
2761.175789,0.000000,133.998066,-9360.722011
2761.176416,76.570323,172.283227,-9418.149754
2761.177044,133.998066,210.568389,-9418.149754
2761.177671,95.712904,133.998066,-9360.722011
2761.178298,76.570323,153.140646,-9418.149754
2761.178926,133.998066,114.855485,-9418.149754
2761.179553,95.712904,114.855485,-9418.149754
2761.180181,95.712904,114.855485,-9418.149754
2761.180808,38.285162,114.855485,-9418.149754
2761.181435,114.855485,114.855485,-9379.864592
2761.182063,95.712904,133.998066,-9360.722011
2761.182690,76.570323,95.712904,-9399.007173
2761.183317,114.855485,172.283227,-9360.722011
2761.183945,76.570323,133.998066,-9379.864592
2761.184572,133.998066,114.855485,-9418.149754
2761.185200,95.712904,95.712904,-9437.292334
2761.185827,133.998066,133.998066,-9399.007173
2761.186454,95.712904,172.283227,-9360.722011
2761.187082,38.285162,114.855485,-9418.149754
2761.187709,153.140646,133.998066,-9379.864592
2761.188336,57.427742,191.425808,-9341.579430
2761.188964,76.570323,114.855485,-9418.149754
2761.189591,133.998066,114.855485,-9418.149754
2761.190219,114.855485,153.140646,-9360.722011
2761.190846,76.570323,114.855485,-9418.149754
2761.191473,76.570323,76.570323,-9379.864592
2761.192101,76.570323,133.998066,-9360.722011
2761.192728,76.570323,153.140646,-9360.722011
2761.193356,133.998066,114.855485,-9418.149754
2761.193983,133.998066,153.140646,-9418.149754
2761.194610,76.570323,114.855485,-9418.149754
2761.195238,76.570323,114.855485,-9418.149754
2761.195865,95.712904,95.712904,-9399.007173
2761.196492,153.140646,172.283227,-9399.007173
2761.197120,76.570323,76.570323,-9379.864592
2761.197747,114.855485,133.998066,-9360.722011
2761.198375,76.570323,191.425808,-9418.149754
2761.199002,95.712904,133.998066,-9360.722011
2761.199629,114.855485,172.283227,-9360.722011
2761.200257,38.285162,114.855485,-9418.149754
2761.200884,76.570323,210.568389,-9418.149754
2761.201511,114.855485,133.998066,-9360.722011
2761.202139,133.998066,172.283227,-9399.007173
2761.202766,133.998066,172.283227,-9399.007173
2761.203394,76.570323,95.712904,-9399.007173
2761.204021,114.855485,95.712904,-9399.007173
2761.204648,38.285162,114.855485,-9418.149754
2761.205276,76.570323,114.855485,-9418.149754
2761.205903,76.570323,114.855485,-9418.149754
2761.206530,133.998066,114.855485,-9437.292334
2761.207158,76.570323,114.855485,-9418.149754
2761.207785,133.998066,133.998066,-9399.007173
2761.208413,133.998066,114.855485,-9418.149754
2761.209040,114.855485,133.998066,-9360.722011
2761.209667,76.570323,229.710970,-9399.007173
2761.210295,172.283227,76.570323,-9418.149754
2761.210922,172.283227,114.855485,-9379.864592
2761.211549,114.855485,133.998066,-9360.722011
2761.212177,76.570323,76.570323,-9399.007173
2761.212804,57.427742,172.283227,-9341.579430
2761.213432,95.712904,76.570323,-9379.864592
2761.214059,76.570323,172.283227,-9418.149754
2761.214686,153.140646,133.998066,-9399.007173
2761.215314,133.998066,114.855485,-9418.149754
2761.215941,95.712904,95.712904,-9399.007173
2761.216568,76.570323,191.425808,-9418.149754
2761.217196,76.570323,153.140646,-9418.149754
2761.217823,133.998066,114.855485,-9418.149754
2761.218451,133.998066,133.998066,-9456.434915
2761.219078,76.570323,114.855485,-9418.149754
2761.219705,114.855485,95.712904,-9437.292334
2761.220333,153.140646,133.998066,-9399.007173
2761.220960,172.283227,114.855485,-9379.864592
2761.221587,133.998066,210.568389,-9456.434915
2761.222215,38.285162,153.140646,-9418.149754
2761.222842,76.570323,114.855485,-9437.292334
2761.223470,19.142581,153.140646,-9437.292334
2761.224097,38.285162,114.855485,-9418.149754
2761.224724,114.855485,133.998066,-9360.722011
2761.225352,153.140646,133.998066,-9399.007173
2761.225979,133.998066,153.140646,-9418.149754
2761.226607,114.855485,114.855485,-9379.864592
2761.227234,114.855485,172.283227,-9360.722011
2761.227861,76.570323,114.855485,-9418.149754
2761.228489,95.712904,114.855485,-9418.149754
2761.229116,95.712904,172.283227,-9360.722011
2761.229744,114.855485,133.998066,-9360.722011
2761.230372,133.998066,172.283227,-9418.149754
2761.230999,95.712904,133.998066,-9360.722011
2761.231627,133.998066,114.855485,-9418.149754
2761.232255,95.712904,153.140646,-9360.722011
2761.232882,95.712904,95.712904,-9399.007173
2761.233510,133.998066,153.140646,-9418.149754
2761.234137,153.140646,191.425808,-9399.007173
2761.234765,133.998066,153.140646,-9418.149754
2761.235393,133.998066,114.855485,-9418.149754
2761.236020,133.998066,114.855485,-9418.149754
2761.236648,114.855485,172.283227,-9360.722011
2761.237275,76.570323,191.425808,-9418.149754
2761.237903,57.427742,133.998066,-9360.722011
2761.238531,133.998066,114.855485,-9418.149754
2761.239158,76.570323,95.712904,-9399.007173
2761.239786,133.998066,114.855485,-9418.149754
2761.240413,95.712904,153.140646,-9360.722011
2761.241041,38.285162,210.568389,-9418.149754
2761.241669,76.570323,172.283227,-9418.149754
2761.242296,76.570323,114.855485,-9418.149754
2761.242924,38.285162,114.855485,-9475.577496
2761.243551,76.570323,153.140646,-9418.149754
2761.244179,38.285162,114.855485,-9418.149754
2761.244807,76.570323,153.140646,-9418.149754
2761.245434,133.998066,114.855485,-9360.722011
2761.246062,57.427742,133.998066,-9360.722011
2761.246689,95.712904,153.140646,-9418.149754
2761.247317,76.570323,114.855485,-9456.434915
2761.247945,133.998066,153.140646,-9418.149754
2761.248572,133.998066,114.855485,-9418.149754
2761.249200,95.712904,210.568389,-9456.434915
2761.249827,76.570323,153.140646,-9418.149754
2761.250455,0.000000,153.140646,-9360.722011
2761.251083,76.570323,172.283227,-9437.292334
2761.251710,19.142581,133.998066,-9399.007173
2761.252338,76.570323,191.425808,-9418.149754
2761.252966,57.427742,133.998066,-9360.722011
2761.253593,38.285162,114.855485,-9418.149754
2761.254221,76.570323,153.140646,-9418.149754
2761.254848,38.285162,114.855485,-9418.149754
2761.255476,133.998066,114.855485,-9418.149754
2761.256104,114.855485,133.998066,-9341.579430
2761.256731,95.712904,95.712904,-9456.434915
2761.257359,76.570323,95.712904,-9437.292334
2761.257986,133.998066,191.425808,-9418.149754
2761.258614,95.712904,114.855485,-9418.149754
2761.259242,114.855485,114.855485,-9379.864592
2761.259869,114.855485,133.998066,-9360.722011
2761.260497,133.998066,153.140646,-9418.149754
2761.261124,133.998066,153.140646,-9418.149754
2761.261752,76.570323,153.140646,-9437.292334
2761.262380,95.712904,95.712904,-9399.007173
2761.263007,133.998066,172.283227,-9418.149754
2761.263635,133.998066,114.855485,-9494.720077
2761.264262,133.998066,114.855485,-9418.149754
2761.264890,76.570323,172.283227,-9418.149754
2761.265518,38.285162,153.140646,-9418.149754
2761.266145,57.427742,172.283227,-9360.722011
2761.266773,133.998066,114.855485,-9418.149754
2761.267400,95.712904,114.855485,-9418.149754
2761.268028,153.140646,153.140646,-9399.007173
2761.268656,133.998066,133.998066,-9399.007173
2761.269283,38.285162,114.855485,-9418.149754
2761.269911,76.570323,114.855485,-9418.149754
2761.270539,76.570323,114.855485,-9418.149754
2761.271166,95.712904,133.998066,-9360.722011
2761.271794,76.570323,172.283227,-9418.149754
2761.272421,76.570323,172.283227,-9437.292334
2761.273049,76.570323,153.140646,-9475.577496
2761.273677,38.285162,114.855485,-9418.149754
2761.274304,95.712904,95.712904,-9456.434915
2761.274932,114.855485,133.998066,-9341.579430
2761.275559,114.855485,133.998066,-9360.722011
2761.276187,38.285162,172.283227,-9418.149754
2761.276815,95.712904,114.855485,-9418.149754
2761.277442,153.140646,133.998066,-9437.292334
2761.278070,76.570323,114.855485,-9437.292334
2761.278697,76.570323,114.855485,-9418.149754
2761.279325,38.285162,191.425808,-9418.149754
2761.279953,76.570323,153.140646,-9418.149754
2761.280580,0.000000,95.712904,-9399.007173
2761.281208,114.855485,133.998066,-9360.722011
2761.281835,133.998066,114.855485,-9418.149754
2761.282463,95.712904,133.998066,-9360.722011
2761.283091,38.285162,153.140646,-9418.149754
2761.283718,95.712904,114.855485,-9437.292334
2761.284346,133.998066,153.140646,-9399.007173
2761.284973,76.570323,76.570323,-9379.864592
2761.285601,76.570323,114.855485,-9418.149754
2761.286229,95.712904,114.855485,-9437.292334
2761.286856,133.998066,114.855485,-9418.149754
2761.287484,133.998066,114.855485,-9418.149754
2761.288111,76.570323,114.855485,-9418.149754
2761.288739,133.998066,172.283227,-9437.292334
2761.289367,76.570323,114.855485,-9418.149754
2761.289994,95.712904,210.568389,-9418.149754
2761.290622,133.998066,153.140646,-9418.149754
2761.291250,76.570323,172.283227,-9437.292334
2761.291877,38.285162,114.855485,-9418.149754
2761.292505,114.855485,133.998066,-9360.722011
2761.293132,133.998066,133.998066,-9399.007173
2761.293760,95.712904,172.283227,-9360.722011
2761.294388,76.570323,114.855485,-9437.292334
2761.295015,38.285162,153.140646,-9418.149754
2761.295643,133.998066,114.855485,-9418.149754
2761.296270,95.712904,172.283227,-9418.149754
2761.296898,76.570323,191.425808,-9360.722011
2761.297526,95.712904,95.712904,-9399.007173
2761.298153,38.285162,114.855485,-9360.722011
2761.298781,133.998066,114.855485,-9418.149754
2761.299408,76.570323,114.855485,-9418.149754
2761.300036,133.998066,114.855485,-9418.149754
2761.300664,76.570323,172.283227,-9418.149754
2761.301291,76.570323,114.855485,-9418.149754
2761.301919,57.427742,153.140646,-9360.722011
2761.302546,95.712904,114.855485,-9437.292334
2761.303174,95.712904,153.140646,-9437.292334
2761.303802,95.712904,133.998066,-9341.579430
2761.304429,38.285162,114.855485,-9418.149754
2761.305057,76.570323,114.855485,-9418.149754
2761.305684,114.855485,191.425808,-9360.722011
2761.306312,210.568389,133.998066,-9379.864592
2761.306940,133.998066,114.855485,-9418.149754
2761.307567,95.712904,133.998066,-9360.722011
2761.308195,76.570323,114.855485,-9418.149754
2761.308823,114.855485,172.283227,-9360.722011
2761.309450,76.570323,210.568389,-9456.434915
2761.310078,95.712904,248.853550,-9360.722011
2761.310705,76.570323,153.140646,-9418.149754
2761.311333,133.998066,114.855485,-9437.292334
2761.311961,76.570323,114.855485,-9418.149754
2761.312588,133.998066,172.283227,-9418.149754
2761.313216,76.570323,153.140646,-9418.149754
2761.313843,95.712904,210.568389,-9360.722011
2761.314471,57.427742,172.283227,-9360.722011
2761.315099,57.427742,133.998066,-9360.722011
2761.315726,57.427742,95.712904,-9399.007173
2761.316354,95.712904,133.998066,-9360.722011
2761.316981,57.427742,76.570323,-9360.722011
2761.317609,114.855485,133.998066,-9360.722011
2761.318237,172.283227,114.855485,-9379.864592
2761.318864,95.712904,153.140646,-9360.722011
2761.319492,76.570323,172.283227,-9418.149754
2761.320119,95.712904,191.425808,-9341.579430
2761.320747,133.998066,133.998066,-9399.007173
2761.321375,76.570323,153.140646,-9418.149754
2761.322002,95.712904,114.855485,-9418.149754
2761.322630,76.570323,114.855485,-9360.722011
2761.323257,133.998066,114.855485,-9456.434915
2761.323885,38.285162,114.855485,-9418.149754
2761.324513,114.855485,210.568389,-9360.722011
2761.325140,95.712904,153.140646,-9360.722011
2761.325768,76.570323,114.855485,-9360.722011
2761.326395,57.427742,133.998066,-9341.579430
2761.327023,76.570323,76.570323,-9379.864592
2761.327651,153.140646,172.283227,-9399.007173
2761.328278,133.998066,153.140646,-9360.722011
2761.328906,76.570323,114.855485,-9418.149754
2761.329533,0.000000,133.998066,-9360.722011
2761.330161,38.285162,114.855485,-9418.149754
2761.330788,38.285162,114.855485,-9418.149754
2761.331416,95.712904,172.283227,-9360.722011
2761.332043,133.998066,114.855485,-9418.149754
2761.332670,95.712904,76.570323,-9379.864592
2761.333298,114.855485,95.712904,-9399.007173
2761.333925,38.285162,114.855485,-9418.149754
2761.334553,95.712904,114.855485,-9418.149754
2761.335180,114.855485,95.712904,-9399.007173
2761.335808,95.712904,153.140646,-9418.149754
2761.336435,38.285162,172.283227,-9437.292334
2761.337063,95.712904,114.855485,-9418.149754
2761.337690,76.570323,114.855485,-9418.149754
2761.338317,95.712904,95.712904,-9399.007173
2761.338945,95.712904,133.998066,-9360.722011
2761.339572,38.285162,172.283227,-9475.577496
2761.340200,76.570323,114.855485,-9418.149754
2761.340827,76.570323,114.855485,-9360.722011
2761.341455,95.712904,153.140646,-9360.722011
2761.342082,76.570323,114.855485,-9475.577496
2761.342710,153.140646,172.283227,-9399.007173
2761.343337,76.570323,153.140646,-9418.149754
2761.343964,76.570323,114.855485,-9418.149754
2761.344592,95.712904,95.712904,-9437.292334
2761.345219,95.712904,133.998066,-9360.722011
2761.345847,76.570323,172.283227,-9418.149754
2761.346474,114.855485,133.998066,-9418.149754
2761.347102,19.142581,114.855485,-9437.292334
2761.347729,95.712904,114.855485,-9418.149754
2761.348357,76.570323,114.855485,-9437.292334
2761.348984,76.570323,114.855485,-9418.149754
2761.349611,95.712904,153.140646,-9418.149754
2761.350239,76.570323,114.855485,-9418.149754
2761.350866,76.570323,153.140646,-9418.149754
2761.351494,133.998066,153.140646,-9418.149754
2761.352121,133.998066,248.853550,-9456.434915
2761.352749,76.570323,114.855485,-9418.149754
2761.353376,76.570323,153.140646,-9418.149754
2761.354004,76.570323,114.855485,-9418.149754
2761.354631,95.712904,172.283227,-9360.722011
2761.355258,133.998066,114.855485,-9418.149754
2761.355886,133.998066,114.855485,-9418.149754
2761.356513,38.285162,114.855485,-9418.149754
2761.357141,133.998066,114.855485,-9437.292334
2761.357768,172.283227,153.140646,-9379.864592
2761.358396,76.570323,114.855485,-9418.149754
2761.359023,95.712904,133.998066,-9341.579430
2761.359651,57.427742,133.998066,-9360.722011
2761.360278,38.285162,172.283227,-9418.149754
2761.360905,153.140646,133.998066,-9456.434915
2761.361533,95.712904,133.998066,-9360.722011
2761.362160,95.712904,153.140646,-9418.149754
2761.362788,114.855485,172.283227,-9360.722011
2761.363415,76.570323,114.855485,-9456.434915
2761.364043,133.998066,114.855485,-9418.149754
2761.364670,95.712904,95.712904,-9456.434915
2761.365298,76.570323,114.855485,-9418.149754
2761.365925,95.712904,133.998066,-9360.722011
2761.366552,76.570323,172.283227,-9437.292334
2761.367180,133.998066,114.855485,-9418.149754
2761.367807,153.140646,172.283227,-9437.292334
2761.368435,76.570323,114.855485,-9360.722011
2761.369062,76.570323,76.570323,-9379.864592
2761.369690,95.712904,95.712904,-9379.864592
2761.370317,57.427742,133.998066,-9360.722011
2761.370945,133.998066,114.855485,-9418.149754
2761.371572,57.427742,95.712904,-9399.007173
2761.372199,133.998066,191.425808,-9418.149754
2761.372827,38.285162,153.140646,-9418.149754
2761.373454,76.570323,153.140646,-9418.149754
2761.374082,76.570323,114.855485,-9456.434915
2761.374709,76.570323,114.855485,-9418.149754
2761.375337,95.712904,95.712904,-9399.007173
2761.375964,57.427742,133.998066,-9418.149754
2761.376592,133.998066,114.855485,-9418.149754
2761.377219,153.140646,133.998066,-9399.007173
2761.377847,133.998066,114.855485,-9418.149754
2761.378474,76.570323,114.855485,-9418.149754
2761.379101,76.570323,114.855485,-9418.149754
2761.379729,76.570323,114.855485,-9437.292334
2761.380356,114.855485,114.855485,-9399.007173
2761.380984,133.998066,172.283227,-9418.149754
2761.381611,76.570323,172.283227,-9475.577496
2761.382239,76.570323,210.568389,-9418.149754
2761.382866,76.570323,114.855485,-9418.149754
2761.383494,76.570323,114.855485,-9418.149754
2761.384121,76.570323,210.568389,-9418.149754
2761.384748,133.998066,114.855485,-9418.149754
2761.385376,95.712904,153.140646,-9360.722011
2761.386003,76.570323,153.140646,-9418.149754
2761.386631,76.570323,172.283227,-9418.149754
2761.387258,38.285162,114.855485,-9418.149754
2761.387886,95.712904,114.855485,-9360.722011
2761.388513,114.855485,172.283227,-9341.579430
2761.389141,133.998066,114.855485,-9418.149754
2761.389768,76.570323,153.140646,-9418.149754
2761.390395,133.998066,76.570323,-9379.864592
2761.391023,133.998066,153.140646,-9360.722011
2761.391650,153.140646,133.998066,-9399.007173
2761.392278,95.712904,95.712904,-9399.007173
2761.392905,57.427742,133.998066,-9341.579430
2761.393533,57.427742,133.998066,-9360.722011
2761.394160,114.855485,191.425808,-9360.722011
2761.394788,57.427742,153.140646,-9360.722011
2761.395415,76.570323,114.855485,-9418.149754
2761.396042,95.712904,95.712904,-9399.007173
2761.396670,57.427742,133.998066,-9360.722011
2761.397297,153.140646,114.855485,-9360.722011
2761.397925,133.998066,172.283227,-9418.149754
2761.398552,95.712904,153.140646,-9418.149754
2761.399180,76.570323,114.855485,-9418.149754
2761.399807,76.570323,114.855485,-9418.149754
2761.400435,133.998066,114.855485,-9418.149754
2761.401062,76.570323,76.570323,-9379.864592
2761.401689,76.570323,172.283227,-9418.149754
2761.402317,76.570323,114.855485,-9418.149754
2761.402944,153.140646,133.998066,-9399.007173
2761.403572,133.998066,172.283227,-9418.149754
2761.404199,76.570323,172.283227,-9418.149754
2761.404827,114.855485,172.283227,-9360.722011
2761.405454,172.283227,114.855485,-9379.864592
2761.406082,153.140646,133.998066,-9399.007173
2761.406709,57.427742,133.998066,-9360.722011
2761.407336,95.712904,172.283227,-9303.294269
2761.407964,172.283227,153.140646,-9284.151688
2761.408591,76.570323,114.855485,-9418.149754
2761.409219,38.285162,114.855485,-9418.149754
2761.409846,133.998066,153.140646,-9418.149754
2761.410474,95.712904,172.283227,-9360.722011
2761.411101,95.712904,95.712904,-9399.007173
2761.411729,76.570323,114.855485,-9456.434915
2761.412356,57.427742,133.998066,-9418.149754
2761.412983,133.998066,114.855485,-9418.149754
2761.413611,76.570323,114.855485,-9418.149754
2761.414238,57.427742,172.283227,-9418.149754
2761.414866,114.855485,133.998066,-9360.722011
2761.415493,95.712904,133.998066,-9360.722011
2761.416121,133.998066,210.568389,-9418.149754
2761.416748,153.140646,133.998066,-9399.007173
2761.417376,76.570323,114.855485,-9418.149754
2761.418003,38.285162,172.283227,-9418.149754
2761.418630,133.998066,172.283227,-9418.149754
2761.419258,76.570323,114.855485,-9456.434915
2761.419885,76.570323,114.855485,-9418.149754
2761.420513,95.712904,95.712904,-9399.007173
2761.421140,76.570323,114.855485,-9418.149754
2761.421768,76.570323,153.140646,-9437.292334
2761.422395,38.285162,114.855485,-9456.434915
2761.423023,133.998066,153.140646,-9399.007173
2761.423650,76.570323,114.855485,-9418.149754
2761.424277,76.570323,210.568389,-9437.292334
2761.424905,133.998066,172.283227,-9475.577496
2761.425532,76.570323,114.855485,-9418.149754
2761.426160,76.570323,210.568389,-9418.149754
2761.426787,133.998066,114.855485,-9418.149754
2761.427415,133.998066,114.855485,-9418.149754
2761.428042,133.998066,114.855485,-9418.149754
2761.428670,95.712904,133.998066,-9360.722011
2761.429297,133.998066,172.283227,-9399.007173
2761.429924,133.998066,153.140646,-9418.149754
2761.430552,76.570323,114.855485,-9360.722011
2761.431179,153.140646,133.998066,-9399.007173
2761.431806,133.998066,114.855485,-9418.149754
2761.432434,114.855485,133.998066,-9341.579430
2761.433061,76.570323,114.855485,-9418.149754
2761.433688,57.427742,114.855485,-9418.149754
2761.434316,95.712904,133.998066,-9418.149754
2761.434943,76.570323,114.855485,-9418.149754
2761.435570,133.998066,114.855485,-9418.149754
2761.436198,95.712904,95.712904,-9437.292334
2761.436825,114.855485,114.855485,-9399.007173
2761.437452,57.427742,153.140646,-9360.722011
2761.438080,133.998066,114.855485,-9360.722011
2761.438707,114.855485,133.998066,-9360.722011
2761.439334,153.140646,114.855485,-9418.149754
2761.439962,95.712904,172.283227,-9360.722011
2761.440589,114.855485,95.712904,-9399.007173
2761.441216,133.998066,133.998066,-9399.007173
2761.441844,133.998066,114.855485,-9418.149754
2761.442471,76.570323,114.855485,-9418.149754
2761.443098,76.570323,191.425808,-9360.722011
2761.443726,95.712904,153.140646,-9360.722011
2761.444353,95.712904,210.568389,-9418.149754
2761.444980,38.285162,153.140646,-9418.149754
2761.445608,95.712904,172.283227,-9418.149754
2761.446235,0.000000,133.998066,-9360.722011
2761.446862,95.712904,114.855485,-9418.149754
2761.447490,133.998066,210.568389,-9418.149754
2761.448117,38.285162,114.855485,-9437.292334
2761.448744,57.427742,95.712904,-9456.434915
2761.449372,76.570323,210.568389,-9456.434915
2761.449999,133.998066,153.140646,-9418.149754
2761.450626,133.998066,133.998066,-9399.007173
2761.451254,153.140646,191.425808,-9399.007173
2761.451881,76.570323,153.140646,-9418.149754
2761.452508,133.998066,114.855485,-9418.149754
2761.453136,76.570323,229.710970,-9456.434915
2761.453763,38.285162,114.855485,-9360.722011
2761.454390,38.285162,114.855485,-9418.149754
2761.455018,76.570323,114.855485,-9418.149754
2761.455645,38.285162,210.568389,-9494.720077
2761.456272,95.712904,172.283227,-9360.722011
2761.456900,95.712904,172.283227,-9360.722011
2761.457527,76.570323,114.855485,-9418.149754
2761.458154,133.998066,210.568389,-9418.149754
2761.458782,172.283227,172.283227,-9379.864592
2761.459409,76.570323,114.855485,-9418.149754
2761.460036,57.427742,133.998066,-9360.722011
2761.460664,76.570323,114.855485,-9418.149754
2761.461291,76.570323,153.140646,-9418.149754
2761.461919,38.285162,153.140646,-9418.149754
2761.462546,133.998066,114.855485,-9418.149754
2761.463173,76.570323,114.855485,-9418.149754
2761.463801,76.570323,114.855485,-9418.149754
2761.464428,76.570323,191.425808,-9418.149754
2761.465055,76.570323,153.140646,-9418.149754
2761.465683,133.998066,114.855485,-9418.149754
2761.466310,95.712904,114.855485,-9418.149754
2761.466937,76.570323,114.855485,-9418.149754
2761.467565,76.570323,114.855485,-9418.149754
2761.468192,133.998066,114.855485,-9418.149754
2761.468819,76.570323,153.140646,-9418.149754
2761.469447,133.998066,114.855485,-9418.149754
2761.470074,76.570323,210.568389,-9360.722011
2761.470701,76.570323,114.855485,-9437.292334
2761.471329,38.285162,114.855485,-9418.149754
2761.471956,76.570323,114.855485,-9360.722011
2761.472583,76.570323,191.425808,-9437.292334
2761.473211,153.140646,191.425808,-9399.007173
2761.473838,133.998066,172.283227,-9418.149754
2761.474465,76.570323,153.140646,-9418.149754
2761.475093,76.570323,172.283227,-9418.149754
2761.475720,95.712904,114.855485,-9418.149754
2761.476347,95.712904,114.855485,-9418.149754
2761.476975,76.570323,114.855485,-9418.149754
2761.477602,114.855485,95.712904,-9399.007173
2761.478229,172.283227,191.425808,-9379.864592
2761.478857,153.140646,133.998066,-9399.007173
2761.479484,76.570323,114.855485,-9418.149754
2761.480111,76.570323,153.140646,-9418.149754
2761.480739,57.427742,153.140646,-9360.722011
2761.481366,133.998066,114.855485,-9360.722011
2761.481993,95.712904,133.998066,-9360.722011
2761.482621,95.712904,153.140646,-9284.151688
2761.483248,57.427742,114.855485,-9456.434915
2761.483875,76.570323,172.283227,-9418.149754
2761.484503,76.570323,114.855485,-9418.149754
2761.485130,76.570323,153.140646,-9418.149754
2761.485757,38.285162,114.855485,-9437.292334
2761.486385,38.285162,114.855485,-9456.434915
2761.487012,114.855485,153.140646,-9341.579430
2761.487639,114.855485,133.998066,-9360.722011
2761.488267,76.570323,114.855485,-9494.720077
2761.488894,114.855485,133.998066,-9418.149754
2761.489521,153.140646,133.998066,-9437.292334
2761.490149,133.998066,114.855485,-9418.149754
2761.490776,76.570323,114.855485,-9418.149754
2761.491403,153.140646,172.283227,-9399.007173
2761.492031,133.998066,210.568389,-9456.434915
2761.492658,114.855485,95.712904,-9399.007173
2761.493285,38.285162,191.425808,-9418.149754
2761.493913,76.570323,153.140646,-9418.149754
2761.494540,114.855485,95.712904,-9399.007173
2761.495167,114.855485,153.140646,-9360.722011
2761.495795,133.998066,114.855485,-9418.149754
2761.496422,38.285162,153.140646,-9418.149754
2761.497049,95.712904,95.712904,-9399.007173
2761.497677,95.712904,114.855485,-9418.149754
2761.498304,95.712904,95.712904,-9399.007173
2761.498931,76.570323,172.283227,-9418.149754
2761.499559,38.285162,114.855485,-9418.149754
2761.500186,114.855485,95.712904,-9399.007173
2761.500814,95.712904,133.998066,-9360.722011
2761.501441,76.570323,191.425808,-9360.722011
2761.502068,114.855485,114.855485,-9379.864592
2761.502696,76.570323,114.855485,-9456.434915
2761.503323,76.570323,153.140646,-9418.149754
2761.503950,133.998066,153.140646,-9418.149754
2761.504578,95.712904,191.425808,-9360.722011
2761.505205,76.570323,133.998066,-9360.722011
2761.505832,76.570323,114.855485,-9418.149754
2761.506460,76.570323,95.712904,-9399.007173
2761.507087,133.998066,172.283227,-9456.434915
2761.507714,95.712904,114.855485,-9418.149754
2761.508342,76.570323,114.855485,-9456.434915
2761.508969,76.570323,114.855485,-9437.292334
2761.509596,172.283227,133.998066,-9360.722011
2761.510224,114.855485,76.570323,-9418.149754
2761.510851,133.998066,114.855485,-9418.149754
2761.511478,76.570323,172.283227,-9418.149754
2761.512106,172.283227,153.140646,-9360.722011
2761.512733,76.570323,114.855485,-9418.149754
2761.513360,38.285162,114.855485,-9418.149754
2761.513988,76.570323,114.855485,-9418.149754
2761.514615,133.998066,153.140646,-9418.149754
2761.515242,95.712904,133.998066,-9360.722011
2761.515870,76.570323,114.855485,-9418.149754
2761.516497,133.998066,114.855485,-9418.149754
2761.517124,38.285162,114.855485,-9418.149754
2761.517752,133.998066,153.140646,-9418.149754
2761.518379,57.427742,153.140646,-9360.722011
2761.519006,76.570323,114.855485,-9418.149754
2761.519634,133.998066,114.855485,-9418.149754
2761.520261,38.285162,172.283227,-9418.149754
2761.520888,76.570323,153.140646,-9418.149754
2761.521516,38.285162,114.855485,-9418.149754
2761.522143,95.712904,172.283227,-9360.722011
2761.522770,57.427742,133.998066,-9418.149754
2761.523398,76.570323,114.855485,-9475.577496
2761.524025,114.855485,191.425808,-9360.722011
2761.524652,76.570323,114.855485,-9418.149754
2761.525280,153.140646,133.998066,-9399.007173
2761.525907,76.570323,114.855485,-9418.149754
2761.526534,19.142581,153.140646,-9418.149754
2761.527162,38.285162,114.855485,-9418.149754
2761.527789,76.570323,172.283227,-9418.149754
2761.528416,57.427742,172.283227,-9360.722011
2761.529044,76.570323,114.855485,-9418.149754
2761.529671,95.712904,133.998066,-9360.722011
2761.530298,133.998066,114.855485,-9418.149754
2761.530926,38.285162,114.855485,-9418.149754
2761.531553,114.855485,153.140646,-9360.722011
2761.532180,95.712904,153.140646,-9360.722011
2761.532807,95.712904,172.283227,-9360.722011
2761.533435,95.712904,114.855485,-9399.007173
2761.534062,76.570323,210.568389,-9418.149754
2761.534689,114.855485,133.998066,-9322.436850
2761.535316,95.712904,114.855485,-9418.149754
2761.535944,133.998066,114.855485,-9418.149754
2761.536571,57.427742,95.712904,-9379.864592
2761.537198,133.998066,114.855485,-9418.149754
2761.537825,76.570323,114.855485,-9418.149754
2761.538453,133.998066,114.855485,-9418.149754
2761.539080,95.712904,133.998066,-9360.722011
2761.539707,133.998066,114.855485,-9456.434915
2761.540334,76.570323,114.855485,-9418.149754
2761.540962,57.427742,133.998066,-9360.722011
2761.541589,95.712904,95.712904,-9399.007173
2761.542216,133.998066,114.855485,-9418.149754
2761.542843,210.568389,114.855485,-9322.436850
2761.543471,76.570323,114.855485,-9418.149754
2761.544098,114.855485,172.283227,-9379.864592
2761.544725,153.140646,172.283227,-9399.007173
2761.545353,38.285162,153.140646,-9418.149754
2761.545980,76.570323,114.855485,-9418.149754
2761.546607,95.712904,133.998066,-9360.722011
2761.547234,133.998066,153.140646,-9418.149754
2761.547862,95.712904,114.855485,-9418.149754
2761.548489,95.712904,133.998066,-9341.579430
2761.549116,57.427742,133.998066,-9360.722011
2761.549743,95.712904,133.998066,-9360.722011
2761.550371,76.570323,153.140646,-9418.149754
2761.550998,95.712904,114.855485,-9418.149754
2761.551625,114.855485,133.998066,-9341.579430
2761.552252,95.712904,133.998066,-9341.579430
2761.552880,38.285162,114.855485,-9360.722011
2761.553507,76.570323,114.855485,-9418.149754
2761.554134,38.285162,153.140646,-9360.722011
2761.554761,133.998066,114.855485,-9418.149754
2761.555389,95.712904,95.712904,-9379.864592
2761.556016,95.712904,95.712904,-9399.007173
2761.556643,133.998066,114.855485,-9418.149754
2761.557270,153.140646,133.998066,-9399.007173
2761.557898,133.998066,153.140646,-9437.292334
2761.558525,95.712904,114.855485,-9418.149754
2761.559152,38.285162,114.855485,-9418.149754
2761.559780,114.855485,172.283227,-9360.722011
2761.560407,76.570323,114.855485,-9418.149754
2761.561034,38.285162,114.855485,-9418.149754
2761.561661,38.285162,114.855485,-9418.149754
2761.562289,153.140646,172.283227,-9399.007173
2761.562916,153.140646,153.140646,-9399.007173
2761.563543,133.998066,114.855485,-9418.149754
2761.564170,153.140646,133.998066,-9399.007173
2761.564798,57.427742,114.855485,-9399.007173
2761.565425,133.998066,133.998066,-9399.007173
2761.566052,114.855485,153.140646,-9360.722011
2761.566679,133.998066,114.855485,-9418.149754
2761.567307,76.570323,133.998066,-9360.722011
2761.567934,133.998066,172.283227,-9360.722011
2761.568561,95.712904,172.283227,-9360.722011
2761.569188,95.712904,114.855485,-9399.007173
2761.569816,114.855485,133.998066,-9360.722011
2761.570443,114.855485,133.998066,-9360.722011
2761.571070,114.855485,191.425808,-9360.722011
2761.571698,76.570323,172.283227,-9437.292334
2761.572325,95.712904,133.998066,-9341.579430
2761.572952,76.570323,114.855485,-9418.149754
2761.573579,-38.285162,114.855485,-9418.149754
2761.574207,95.712904,153.140646,-9360.722011
2761.574834,38.285162,153.140646,-9418.149754
2761.575461,57.427742,133.998066,-9418.149754
2761.576088,133.998066,114.855485,-9418.149754
2761.576716,114.855485,210.568389,-9360.722011
2761.577343,76.570323,210.568389,-9418.149754
2761.577970,153.140646,114.855485,-9418.149754
2761.578597,76.570323,114.855485,-9418.149754
2761.579225,76.570323,114.855485,-9456.434915
2761.579852,133.998066,114.855485,-9456.434915
2761.580479,57.427742,133.998066,-9360.722011
2761.581106,57.427742,172.283227,-9341.579430
2761.581734,38.285162,153.140646,-9360.722011
2761.582361,76.570323,114.855485,-9360.722011
2761.582988,133.998066,114.855485,-9418.149754
2761.583615,133.998066,114.855485,-9418.149754
2761.584243,76.570323,114.855485,-9418.149754
2761.584870,95.712904,153.140646,-9341.579430
2761.585497,153.140646,133.998066,-9399.007173
2761.586125,153.140646,114.855485,-9418.149754
2761.586752,133.998066,133.998066,-9399.007173
2761.587379,133.998066,114.855485,-9418.149754
2761.588006,76.570323,114.855485,-9418.149754
2761.588634,95.712904,172.283227,-9418.149754
2761.589261,76.570323,153.140646,-9418.149754
2761.589888,76.570323,114.855485,-9418.149754
2761.590515,133.998066,114.855485,-9399.007173
2761.591143,133.998066,114.855485,-9418.149754
2761.591770,133.998066,172.283227,-9418.149754
2761.592397,57.427742,133.998066,-9360.722011
2761.593024,76.570323,229.710970,-9418.149754
2761.593652,57.427742,153.140646,-9360.722011
2761.594279,133.998066,114.855485,-9418.149754
2761.594906,76.570323,153.140646,-9418.149754
2761.595533,114.855485,95.712904,-9399.007173
2761.596161,133.998066,114.855485,-9418.149754
2761.596788,153.140646,133.998066,-9399.007173
2761.597415,114.855485,114.855485,-9379.864592
2761.598042,76.570323,114.855485,-9418.149754
2761.598670,114.855485,153.140646,-9360.722011
2761.599297,57.427742,172.283227,-9360.722011
2761.599924,76.570323,191.425808,-9418.149754
2761.600552,38.285162,114.855485,-9418.149754
2761.601179,114.855485,133.998066,-9360.722011
2761.601806,133.998066,133.998066,-9379.864592
2761.602433,191.425808,153.140646,-9379.864592
2761.603061,76.570323,114.855485,-9437.292334
2761.603688,95.712904,95.712904,-9399.007173
2761.604315,95.712904,114.855485,-9437.292334
2761.604942,95.712904,133.998066,-9360.722011
2761.605570,133.998066,114.855485,-9418.149754
2761.606197,76.570323,153.140646,-9418.149754
2761.606824,38.285162,133.998066,-9341.579430
2761.607451,57.427742,95.712904,-9456.434915
2761.608079,76.570323,133.998066,-9360.722011
2761.608706,133.998066,133.998066,-9399.007173
2761.609333,38.285162,114.855485,-9418.149754
2761.609960,114.855485,133.998066,-9322.436850
2761.610588,133.998066,95.712904,-9360.722011
2761.611215,95.712904,133.998066,-9360.722011
2761.611842,76.570323,172.283227,-9418.149754
2761.612469,153.140646,191.425808,-9399.007173
2761.613097,95.712904,133.998066,-9360.722011
2761.613724,95.712904,114.855485,-9418.149754
2761.614351,38.285162,114.855485,-9437.292334
2761.614979,76.570323,153.140646,-9418.149754
2761.615606,76.570323,114.855485,-9418.149754
2761.616233,38.285162,76.570323,-9379.864592
2761.616860,38.285162,114.855485,-9418.149754
2761.617488,76.570323,210.568389,-9418.149754
2761.618115,133.998066,172.283227,-9456.434915
2761.618742,95.712904,133.998066,-9360.722011
2761.619369,38.285162,153.140646,-9418.149754
2761.619997,38.285162,114.855485,-9418.149754
2761.620624,95.712904,114.855485,-9399.007173
2761.621251,76.570323,114.855485,-9418.149754
2761.621878,133.998066,172.283227,-9418.149754
2761.622506,76.570323,114.855485,-9418.149754
2761.623133,114.855485,133.998066,-9360.722011
2761.623760,133.998066,114.855485,-9418.149754
2761.624387,172.283227,172.283227,-9379.864592
2761.625015,114.855485,153.140646,-9360.722011
2761.625642,76.570323,210.568389,-9418.149754
2761.626269,38.285162,229.710970,-9437.292334
2761.626896,38.285162,191.425808,-9360.722011
2761.627524,57.427742,114.855485,-9418.149754
2761.628151,95.712904,210.568389,-9418.149754
2761.628778,95.712904,114.855485,-9418.149754
2761.629406,133.998066,172.283227,-9418.149754
2761.630033,133.998066,114.855485,-9418.149754
2761.630660,133.998066,114.855485,-9418.149754
2761.631288,76.570323,172.283227,-9418.149754
2761.631915,57.427742,153.140646,-9341.579430
2761.632542,133.998066,133.998066,-9399.007173
2761.633170,133.998066,153.140646,-9418.149754
2761.633797,38.285162,114.855485,-9418.149754
2761.634424,76.570323,172.283227,-9456.434915
2761.635052,133.998066,153.140646,-9399.007173
2761.635679,95.712904,133.998066,-9360.722011
2761.636306,153.140646,133.998066,-9399.007173
2761.636934,76.570323,114.855485,-9437.292334
2761.637561,76.570323,114.855485,-9418.149754
2761.638188,153.140646,133.998066,-9399.007173
2761.638816,114.855485,133.998066,-9360.722011
2761.639443,95.712904,95.712904,-9399.007173
2761.640071,76.570323,114.855485,-9418.149754
2761.640698,76.570323,191.425808,-9418.149754
2761.641325,76.570323,114.855485,-9418.149754
2761.641953,38.285162,114.855485,-9360.722011
2761.642580,57.427742,114.855485,-9418.149754
2761.643207,19.142581,172.283227,-9418.149754
2761.643835,95.712904,95.712904,-9399.007173
2761.644462,57.427742,133.998066,-9360.722011
2761.645089,133.998066,114.855485,-9418.149754
2761.645717,133.998066,114.855485,-9418.149754
2761.646344,133.998066,172.283227,-9418.149754
2761.646971,133.998066,114.855485,-9418.149754
2761.647599,133.998066,114.855485,-9437.292334
2761.648226,38.285162,114.855485,-9418.149754
2761.648853,172.283227,76.570323,-9418.149754
2761.649481,153.140646,133.998066,-9399.007173
2761.650108,95.712904,95.712904,-9399.007173
2761.650736,76.570323,114.855485,-9437.292334
2761.651363,153.140646,191.425808,-9456.434915
2761.651990,95.712904,210.568389,-9418.149754
2761.652618,76.570323,114.855485,-9456.434915
2761.653245,172.283227,95.712904,-9399.007173
2761.653872,133.998066,114.855485,-9418.149754
2761.654500,133.998066,133.998066,-9399.007173
2761.655127,57.427742,191.425808,-9360.722011
2761.655754,95.712904,172.283227,-9360.722011
2761.656382,76.570323,114.855485,-9418.149754
2761.657009,172.283227,114.855485,-9379.864592
2761.657636,76.570323,172.283227,-9437.292334
2761.658264,133.998066,114.855485,-9418.149754
2761.658891,114.855485,133.998066,-9360.722011
2761.659518,133.998066,114.855485,-9418.149754
2761.660146,133.998066,114.855485,-9418.149754
2761.660773,95.712904,133.998066,-9360.722011
2761.661401,114.855485,95.712904,-9399.007173
2761.662028,133.998066,114.855485,-9418.149754
2761.662655,76.570323,172.283227,-9360.722011
2761.663283,133.998066,114.855485,-9360.722011
2761.663910,133.998066,210.568389,-9418.149754
2761.664537,114.855485,95.712904,-9399.007173
2761.665165,133.998066,114.855485,-9418.149754
2761.665792,133.998066,153.140646,-9418.149754
2761.666419,133.998066,133.998066,-9399.007173
2761.667047,76.570323,133.998066,-9379.864592
2761.667674,95.712904,133.998066,-9360.722011
2761.668301,95.712904,153.140646,-9360.722011
2761.668929,76.570323,114.855485,-9418.149754
2761.669556,153.140646,133.998066,-9399.007173
2761.670183,76.570323,153.140646,-9418.149754
2761.670811,114.855485,172.283227,-9360.722011
2761.671438,133.998066,114.855485,-9418.149754
2761.672066,114.855485,114.855485,-9399.007173
2761.672693,76.570323,210.568389,-9418.149754
2761.673320,57.427742,133.998066,-9360.722011
2761.673948,95.712904,114.855485,-9418.149754
2761.674575,76.570323,172.283227,-9418.149754
2761.675202,95.712904,133.998066,-9360.722011
2761.675830,76.570323,172.283227,-9418.149754
2761.676457,114.855485,210.568389,-9399.007173
2761.677084,76.570323,191.425808,-9360.722011
2761.677712,76.570323,133.998066,-9360.722011
2761.678339,76.570323,114.855485,-9418.149754
2761.678966,76.570323,114.855485,-9418.149754
2761.679594,133.998066,153.140646,-9418.149754
2761.680221,95.712904,153.140646,-9418.149754
2761.680848,76.570323,114.855485,-9418.149754
2761.681476,38.285162,191.425808,-9418.149754
2761.682103,38.285162,172.283227,-9418.149754
2761.682731,38.285162,210.568389,-9418.149754
2761.683358,19.142581,114.855485,-9437.292334
2761.683985,114.855485,172.283227,-9360.722011
2761.684613,133.998066,114.855485,-9418.149754
2761.685240,133.998066,76.570323,-9322.436850
2761.685867,114.855485,210.568389,-9379.864592
2761.686495,76.570323,114.855485,-9437.292334
2761.687122,76.570323,114.855485,-9418.149754
2761.687749,38.285162,172.283227,-9418.149754
2761.688377,57.427742,114.855485,-9379.864592
2761.689004,76.570323,172.283227,-9418.149754
2761.689631,76.570323,172.283227,-9418.149754
2761.690259,76.570323,153.140646,-9418.149754
2761.690886,38.285162,153.140646,-9418.149754
2761.691513,95.712904,95.712904,-9399.007173
2761.692141,38.285162,114.855485,-9418.149754
2761.692768,57.427742,172.283227,-9360.722011
2761.693396,133.998066,153.140646,-9399.007173
2761.694023,95.712904,153.140646,-9360.722011
2761.694650,95.712904,133.998066,-9360.722011
2761.695278,76.570323,114.855485,-9360.722011
2761.695905,38.285162,114.855485,-9418.149754
2761.696532,76.570323,172.283227,-9418.149754
2761.697160,76.570323,172.283227,-9418.149754
2761.697787,95.712904,133.998066,-9341.579430
2761.698414,133.998066,114.855485,-9418.149754
2761.699042,38.285162,172.283227,-9418.149754
2761.699669,95.712904,133.998066,-9360.722011
2761.700296,57.427742,114.855485,-9399.007173
2761.700924,76.570323,172.283227,-9418.149754
2761.701551,76.570323,153.140646,-9418.149754
2761.702178,95.712904,133.998066,-9360.722011
2761.702806,76.570323,114.855485,-9437.292334
2761.703433,76.570323,114.855485,-9418.149754
2761.704061,133.998066,114.855485,-9418.149754
2761.704688,153.140646,172.283227,-9399.007173
2761.705315,95.712904,153.140646,-9360.722011
2761.705943,76.570323,153.140646,-9418.149754
2761.706570,153.140646,191.425808,-9322.436850
2761.707197,133.998066,114.855485,-9456.434915
2761.707825,57.427742,114.855485,-9437.292334
2761.708452,76.570323,114.855485,-9418.149754
2761.709079,76.570323,114.855485,-9418.149754
2761.709707,114.855485,172.283227,-9399.007173
2761.710334,76.570323,191.425808,-9418.149754
2761.710961,76.570323,172.283227,-9360.722011
2761.711589,76.570323,114.855485,-9456.434915
2761.712216,95.712904,172.283227,-9437.292334
2761.712843,76.570323,210.568389,-9418.149754
2761.713471,95.712904,114.855485,-9418.149754
2761.714098,114.855485,95.712904,-9399.007173
2761.714725,76.570323,114.855485,-9418.149754
2761.715353,38.285162,191.425808,-9360.722011
2761.715980,38.285162,114.855485,-9418.149754
2761.716608,76.570323,114.855485,-9418.149754
2761.717235,76.570323,172.283227,-9418.149754
2761.717862,133.998066,153.140646,-9418.149754
2761.718490,133.998066,114.855485,-9418.149754
2761.719117,133.998066,114.855485,-9418.149754
2761.719744,133.998066,172.283227,-9418.149754
2761.720372,76.570323,210.568389,-9418.149754
2761.720999,172.283227,114.855485,-9379.864592
2761.721626,133.998066,114.855485,-9418.149754
2761.722254,95.712904,114.855485,-9418.149754
2761.722881,133.998066,153.140646,-9418.149754
2761.723508,95.712904,114.855485,-9418.149754
2761.724136,133.998066,114.855485,-9418.149754
2761.724763,76.570323,210.568389,-9418.149754
2761.725390,76.570323,114.855485,-9418.149754
2761.726018,19.142581,153.140646,-9418.149754
2761.726645,133.998066,114.855485,-9418.149754
2761.727273,76.570323,172.283227,-9418.149754
2761.727900,76.570323,210.568389,-9418.149754
2761.728527,133.998066,229.710970,-9418.149754
2761.729155,153.140646,191.425808,-9399.007173
2761.729782,133.998066,153.140646,-9418.149754
2761.730409,114.855485,133.998066,-9360.722011
2761.731037,133.998066,114.855485,-9418.149754
2761.731664,172.283227,210.568389,-9379.864592
2761.732292,191.425808,114.855485,-9379.864592
2761.732919,153.140646,133.998066,-9399.007173
2761.733547,153.140646,248.853550,-9399.007173
2761.734174,38.285162,191.425808,-9418.149754
2761.734801,95.712904,133.998066,-9418.149754
2761.735429,76.570323,114.855485,-9456.434915
2761.736056,172.283227,114.855485,-9379.864592
2761.736684,76.570323,95.712904,-9399.007173
2761.737311,133.998066,114.855485,-9418.149754
2761.737939,172.283227,114.855485,-9379.864592
2761.738566,114.855485,95.712904,-9399.007173
2761.739193,133.998066,172.283227,-9418.149754
2761.739821,38.285162,95.712904,-9399.007173
2761.740448,38.285162,172.283227,-9418.149754
2761.741076,95.712904,76.570323,-9379.864592
2761.741703,95.712904,172.283227,-9360.722011
2761.742331,95.712904,114.855485,-9418.149754
2761.742958,38.285162,114.855485,-9418.149754
2761.743586,38.285162,114.855485,-9418.149754
2761.744213,76.570323,153.140646,-9418.149754
2761.744840,38.285162,172.283227,-9418.149754
2761.745468,76.570323,114.855485,-9418.149754
2761.746095,38.285162,114.855485,-9418.149754
2761.746723,38.285162,114.855485,-9456.434915
2761.747350,57.427742,153.140646,-9341.579430
2761.747978,76.570323,114.855485,-9418.149754
2761.748605,133.998066,153.140646,-9418.149754
2761.749232,76.570323,172.283227,-9418.149754
2761.749860,133.998066,114.855485,-9437.292334
2761.750487,95.712904,114.855485,-9418.149754
2761.751115,76.570323,133.998066,-9360.722011
2761.751742,38.285162,114.855485,-9418.149754
2761.752370,114.855485,153.140646,-9360.722011
2761.752997,57.427742,95.712904,-9399.007173
2761.753625,76.570323,114.855485,-9418.149754
2761.754252,133.998066,133.998066,-9399.007173
2761.754879,95.712904,133.998066,-9360.722011
2761.755507,95.712904,153.140646,-9360.722011
2761.756134,133.998066,114.855485,-9418.149754
2761.756762,76.570323,114.855485,-9418.149754
2761.757389,95.712904,210.568389,-9341.579430
2761.758017,114.855485,191.425808,-9360.722011
2761.758644,95.712904,210.568389,-9418.149754
2761.759271,114.855485,172.283227,-9360.722011
2761.759899,95.712904,95.712904,-9379.864592
2761.760526,95.712904,95.712904,-9399.007173
2761.761154,38.285162,114.855485,-9360.722011
2761.761781,114.855485,95.712904,-9456.434915
2761.762409,153.140646,114.855485,-9418.149754
2761.763036,114.855485,95.712904,-9399.007173
2761.763663,133.998066,114.855485,-9418.149754
2761.764291,76.570323,172.283227,-9418.149754
2761.764918,38.285162,172.283227,-9418.149754
2761.765546,133.998066,153.140646,-9418.149754
2761.766173,76.570323,76.570323,-9379.864592
2761.766801,57.427742,133.998066,-9360.722011
2761.767428,38.285162,114.855485,-9456.434915
2761.768056,76.570323,95.712904,-9399.007173
2761.768683,38.285162,114.855485,-9418.149754
2761.769310,76.570323,114.855485,-9418.149754
2761.769938,95.712904,133.998066,-9341.579430
2761.770565,133.998066,172.283227,-9418.149754
2761.771193,38.285162,210.568389,-9418.149754
2761.771820,76.570323,153.140646,-9418.149754
2761.772448,57.427742,95.712904,-9399.007173
2761.773075,133.998066,114.855485,-9418.149754
2761.773702,153.140646,153.140646,-9399.007173
2761.774330,95.712904,153.140646,-9360.722011
2761.774957,76.570323,153.140646,-9418.149754
2761.775585,133.998066,114.855485,-9418.149754
2761.776212,95.712904,153.140646,-9418.149754
2761.776840,133.998066,114.855485,-9418.149754
2761.777467,133.998066,229.710970,-9456.434915
2761.778094,133.998066,114.855485,-9418.149754
2761.778722,76.570323,172.283227,-9418.149754
2761.779349,95.712904,95.712904,-9399.007173
2761.779977,133.998066,114.855485,-9437.292334
2761.780604,114.855485,76.570323,-9418.149754
2761.781232,210.568389,133.998066,-9399.007173
2761.781859,76.570323,133.998066,-9360.722011
2761.782487,38.285162,133.998066,-9360.722011
2761.783114,76.570323,114.855485,-9418.149754
2761.783741,76.570323,114.855485,-9418.149754
2761.784369,76.570323,153.140646,-9456.434915
2761.784996,95.712904,76.570323,-9379.864592
2761.785624,133.998066,153.140646,-9418.149754
2761.786251,76.570323,114.855485,-9418.149754
2761.786879,114.855485,95.712904,-9399.007173
2761.787506,133.998066,114.855485,-9418.149754
2761.788133,38.285162,210.568389,-9418.149754
2761.788761,114.855485,133.998066,-9360.722011
2761.789388,133.998066,153.140646,-9418.149754
2761.790016,95.712904,114.855485,-9399.007173
2761.790643,57.427742,133.998066,-9360.722011
2761.791271,38.285162,114.855485,-9418.149754
2761.791898,114.855485,191.425808,-9360.722011
2761.792525,114.855485,114.855485,-9379.864592
2761.793153,153.140646,133.998066,-9399.007173
2761.793780,133.998066,95.712904,-9360.722011
2761.794408,76.570323,114.855485,-9418.149754
2761.795035,133.998066,191.425808,-9399.007173
2761.795663,76.570323,153.140646,-9418.149754
2761.796290,76.570323,114.855485,-9418.149754
2761.796918,95.712904,153.140646,-9418.149754
2761.797545,38.285162,153.140646,-9418.149754
2761.798172,76.570323,133.998066,-9399.007173
2761.798800,133.998066,114.855485,-9418.149754
2761.799427,76.570323,114.855485,-9418.149754
2761.800055,76.570323,95.712904,-9456.434915
2761.800682,76.570323,114.855485,-9418.149754
2761.801310,0.000000,153.140646,-9418.149754
2761.801937,76.570323,153.140646,-9418.149754
2761.802564,133.998066,114.855485,-9418.149754
2761.803192,114.855485,172.283227,-9360.722011
2761.803819,95.712904,114.855485,-9418.149754
2761.804447,133.998066,114.855485,-9418.149754
2761.805074,133.998066,114.855485,-9456.434915
2761.805702,57.427742,133.998066,-9360.722011
2761.806329,133.998066,172.283227,-9418.149754
2761.806957,114.855485,76.570323,-9437.292334
2761.807584,95.712904,229.710970,-9418.149754
2761.808211,133.998066,172.283227,-9418.149754
2761.808839,76.570323,229.710970,-9418.149754
2761.809466,114.855485,133.998066,-9360.722011
2761.810094,133.998066,114.855485,-9418.149754
2761.810721,153.140646,133.998066,-9399.007173
2761.811349,95.712904,133.998066,-9360.722011
2761.811976,76.570323,172.283227,-9418.149754
2761.812603,95.712904,133.998066,-9322.436850
2761.813231,133.998066,172.283227,-9379.864592
2761.813858,114.855485,153.140646,-9360.722011
2761.814486,76.570323,114.855485,-9437.292334
2761.815113,76.570323,114.855485,-9456.434915
2761.815741,19.142581,114.855485,-9437.292334
2761.816368,133.998066,114.855485,-9418.149754
2761.816995,76.570323,95.712904,-9399.007173
2761.817623,76.570323,114.855485,-9418.149754
2761.818250,114.855485,133.998066,-9341.579430
2761.818878,133.998066,114.855485,-9418.149754
2761.819505,95.712904,191.425808,-9360.722011
2761.820133,133.998066,114.855485,-9418.149754
2761.820760,76.570323,114.855485,-9437.292334
2761.821388,76.570323,114.855485,-9418.149754
2761.822015,95.712904,133.998066,-9360.722011
2761.822642,76.570323,153.140646,-9360.722011
2761.823270,76.570323,114.855485,-9418.149754
2761.823897,95.712904,133.998066,-9418.149754
2761.824525,133.998066,114.855485,-9418.149754
2761.825152,76.570323,172.283227,-9418.149754
2761.825780,133.998066,210.568389,-9418.149754
2761.826407,133.998066,153.140646,-9418.149754
2761.827034,114.855485,95.712904,-9399.007173
2761.827662,76.570323,114.855485,-9418.149754
2761.828289,76.570323,114.855485,-9437.292334
2761.828917,95.712904,133.998066,-9360.722011
2761.829544,95.712904,133.998066,-9360.722011
2761.830172,76.570323,153.140646,-9418.149754
2761.830799,133.998066,172.283227,-9456.434915
2761.831426,38.285162,210.568389,-9418.149754
2761.832054,57.427742,248.853550,-9360.722011
2761.832681,38.285162,114.855485,-9418.149754
2761.833308,38.285162,229.710970,-9418.149754
2761.833935,76.570323,172.283227,-9418.149754
2761.834563,57.427742,153.140646,-9360.722011
2761.835190,133.998066,114.855485,-9418.149754
2761.835817,76.570323,114.855485,-9437.292334
2761.836445,133.998066,114.855485,-9418.149754
2761.837072,95.712904,114.855485,-9418.149754
2761.837699,38.285162,172.283227,-9418.149754
2761.838327,114.855485,95.712904,-9456.434915
2761.838954,76.570323,114.855485,-9418.149754
2761.839581,133.998066,114.855485,-9418.149754
2761.840209,133.998066,114.855485,-9437.292334
2761.840836,76.570323,153.140646,-9418.149754
2761.841463,76.570323,210.568389,-9360.722011
2761.842090,38.285162,114.855485,-9360.722011
2761.842718,95.712904,133.998066,-9360.722011
2761.843345,38.285162,114.855485,-9418.149754
2761.843972,133.998066,153.140646,-9418.149754
2761.844600,133.998066,153.140646,-9418.149754
2761.845227,114.855485,172.283227,-9360.722011
2761.845854,133.998066,153.140646,-9418.149754
2761.846482,95.712904,114.855485,-9418.149754
2761.847109,133.998066,114.855485,-9456.434915
2761.847736,76.570323,172.283227,-9418.149754
2761.848363,210.568389,153.140646,-9399.007173
2761.848991,153.140646,133.998066,-9399.007173
2761.849618,153.140646,172.283227,-9399.007173
2761.850245,76.570323,114.855485,-9418.149754
2761.850873,76.570323,95.712904,-9379.864592
2761.851500,38.285162,172.283227,-9399.007173
2761.852127,95.712904,153.140646,-9360.722011
2761.852755,133.998066,114.855485,-9418.149754
2761.853382,172.283227,153.140646,-9379.864592
2761.854009,57.427742,95.712904,-9399.007173
2761.854637,95.712904,133.998066,-9360.722011
2761.855264,57.427742,95.712904,-9399.007173
2761.855891,133.998066,114.855485,-9437.292334
2761.856518,114.855485,172.283227,-9360.722011
2761.857146,38.285162,172.283227,-9418.149754
2761.857773,133.998066,153.140646,-9418.149754
2761.858400,133.998066,114.855485,-9418.149754
2761.859028,114.855485,133.998066,-9418.149754
2761.859655,76.570323,172.283227,-9418.149754
2761.860282,95.712904,95.712904,-9379.864592
2761.860910,76.570323,172.283227,-9418.149754
2761.861537,133.998066,114.855485,-9418.149754
2761.862164,76.570323,114.855485,-9418.149754
2761.862792,133.998066,153.140646,-9418.149754
2761.863419,133.998066,133.998066,-9379.864592
2761.864046,133.998066,210.568389,-9418.149754
2761.864673,133.998066,114.855485,-9418.149754
2761.865301,133.998066,114.855485,-9418.149754
2761.865928,95.712904,133.998066,-9360.722011
2761.866555,38.285162,114.855485,-9418.149754
2761.867183,133.998066,133.998066,-9475.577496
2761.867810,133.998066,114.855485,-9475.577496
2761.868437,114.855485,133.998066,-9360.722011
2761.869065,153.140646,133.998066,-9399.007173
2761.869692,133.998066,191.425808,-9399.007173
2761.870319,95.712904,95.712904,-9399.007173
2761.870947,19.142581,153.140646,-9418.149754
2761.871574,57.427742,133.998066,-9360.722011
2761.872201,210.568389,133.998066,-9494.720077
2761.872828,114.855485,133.998066,-9360.722011
2761.873456,114.855485,133.998066,-9360.722011
2761.874083,38.285162,114.855485,-9437.292334
2761.874710,76.570323,114.855485,-9418.149754
2761.875338,95.712904,210.568389,-9418.149754
2761.875965,38.285162,114.855485,-9437.292334
2761.876592,76.570323,153.140646,-9418.149754
2761.877220,95.712904,172.283227,-9360.722011
2761.877847,76.570323,153.140646,-9437.292334
2761.878474,19.142581,114.855485,-9418.149754
2761.879102,114.855485,114.855485,-9399.007173
2761.879729,153.140646,133.998066,-9456.434915
2761.880356,153.140646,133.998066,-9399.007173
2761.880983,57.427742,172.283227,-9360.722011
2761.881611,38.285162,114.855485,-9418.149754
2761.882238,38.285162,172.283227,-9418.149754
2761.882865,133.998066,172.283227,-9418.149754
2761.883493,38.285162,114.855485,-9418.149754
2761.884120,19.142581,153.140646,-9418.149754
2761.884747,76.570323,133.998066,-9360.722011
2761.885375,133.998066,114.855485,-9360.722011
2761.886002,133.998066,114.855485,-9418.149754
2761.886629,133.998066,210.568389,-9418.149754
2761.887256,133.998066,114.855485,-9418.149754
2761.887884,38.285162,76.570323,-9379.864592
2761.888511,76.570323,114.855485,-9360.722011
2761.889138,76.570323,172.283227,-9360.722011
2761.889766,133.998066,114.855485,-9437.292334
2761.890393,133.998066,153.140646,-9418.149754
2761.891020,133.998066,153.140646,-9418.149754
2761.891648,133.998066,114.855485,-9418.149754
2761.892275,38.285162,114.855485,-9418.149754
2761.892902,95.712904,133.998066,-9360.722011
2761.893530,133.998066,133.998066,-9379.864592
2761.894157,114.855485,133.998066,-9360.722011
2761.894784,133.998066,114.855485,-9437.292334
2761.895411,114.855485,95.712904,-9399.007173
2761.896039,133.998066,133.998066,-9399.007173
2761.896666,133.998066,114.855485,-9418.149754
2761.897293,38.285162,114.855485,-9418.149754
2761.897921,114.855485,133.998066,-9360.722011
2761.898548,38.285162,153.140646,-9418.149754
2761.899175,76.570323,95.712904,-9418.149754
2761.899803,95.712904,114.855485,-9418.149754
2761.900430,133.998066,133.998066,-9399.007173
2761.901057,133.998066,76.570323,-9379.864592
2761.901685,95.712904,133.998066,-9360.722011
2761.902312,114.855485,133.998066,-9360.722011
2761.902939,114.855485,133.998066,-9360.722011
2761.903566,76.570323,172.283227,-9437.292334
2761.904194,153.140646,172.283227,-9437.292334
2761.904821,76.570323,114.855485,-9418.149754
2761.905448,95.712904,191.425808,-9418.149754
2761.906076,95.712904,114.855485,-9418.149754
2761.906703,95.712904,153.140646,-9360.722011
2761.907330,76.570323,114.855485,-9418.149754
2761.907958,38.285162,191.425808,-9379.864592
2761.908585,38.285162,114.855485,-9418.149754
2761.909212,76.570323,114.855485,-9418.149754
2761.909840,153.140646,153.140646,-9379.864592
2761.910467,95.712904,133.998066,-9360.722011
2761.911094,114.855485,76.570323,-9418.149754
2761.911721,172.283227,153.140646,-9379.864592
2761.912349,133.998066,114.855485,-9360.722011
2761.912976,0.000000,133.998066,-9360.722011
2761.913603,57.427742,153.140646,-9360.722011
2761.914231,114.855485,95.712904,-9399.007173
2761.914858,76.570323,114.855485,-9360.722011
2761.915485,133.998066,114.855485,-9418.149754
2761.916113,38.285162,114.855485,-9418.149754
2761.916740,95.712904,95.712904,-9399.007173
2761.917367,95.712904,172.283227,-9360.722011
2761.917994,133.998066,172.283227,-9418.149754
2761.918622,133.998066,114.855485,-9418.149754
2761.919249,114.855485,191.425808,-9360.722011
2761.919876,133.998066,114.855485,-9360.722011
2761.920504,76.570323,114.855485,-9418.149754
2761.921131,76.570323,114.855485,-9418.149754
2761.921758,57.427742,133.998066,-9360.722011
2761.922386,38.285162,76.570323,-9379.864592
2761.923013,76.570323,114.855485,-9418.149754
2761.923640,38.285162,210.568389,-9418.149754
2761.924268,76.570323,172.283227,-9418.149754
2761.924895,95.712904,95.712904,-9456.434915
2761.925522,76.570323,114.855485,-9418.149754
2761.926149,114.855485,95.712904,-9399.007173
2761.926777,76.570323,210.568389,-9418.149754
2761.927404,76.570323,114.855485,-9418.149754
2761.928031,133.998066,114.855485,-9418.149754
2761.928659,133.998066,114.855485,-9418.149754
2761.929286,153.140646,153.140646,-9399.007173
2761.929913,76.570323,153.140646,-9418.149754
2761.930541,114.855485,95.712904,-9437.292334
2761.931168,95.712904,133.998066,-9360.722011
2761.931795,114.855485,172.283227,-9360.722011
2761.932423,133.998066,114.855485,-9418.149754
2761.933050,38.285162,153.140646,-9418.149754
2761.933677,38.285162,114.855485,-9418.149754
2761.934304,114.855485,172.283227,-9360.722011
2761.934932,133.998066,133.998066,-9399.007173
2761.935559,133.998066,114.855485,-9418.149754
2761.936187,76.570323,153.140646,-9418.149754
2761.936814,95.712904,210.568389,-9418.149754
2761.937442,19.142581,114.855485,-9418.149754
2761.938069,76.570323,114.855485,-9418.149754
2761.938697,57.427742,153.140646,-9418.149754
2761.939324,76.570323,114.855485,-9418.149754
2761.939952,133.998066,172.283227,-9437.292334
2761.940580,38.285162,172.283227,-9418.149754
2761.941207,133.998066,114.855485,-9437.292334
2761.941835,38.285162,114.855485,-9475.577496
2761.942462,95.712904,95.712904,-9456.434915
2761.943090,95.712904,95.712904,-9399.007173
2761.943717,133.998066,114.855485,-9418.149754
2761.944345,95.712904,133.998066,-9360.722011
2761.944973,114.855485,95.712904,-9399.007173
2761.945600,95.712904,114.855485,-9418.149754
2761.946228,76.570323,153.140646,-9418.149754
2761.946855,114.855485,133.998066,-9341.579430
2761.947483,133.998066,114.855485,-9418.149754
2761.948110,95.712904,95.712904,-9399.007173
2761.948738,95.712904,133.998066,-9360.722011
2761.949366,76.570323,114.855485,-9437.292334
2761.949993,95.712904,133.998066,-9360.722011
2761.950621,76.570323,76.570323,-9379.864592
2761.951248,95.712904,133.998066,-9341.579430
2761.951876,38.285162,172.283227,-9418.149754
2761.952503,133.998066,114.855485,-9437.292334
2761.953131,57.427742,153.140646,-9360.722011
2761.953759,38.285162,114.855485,-9418.149754
2761.954386,76.570323,114.855485,-9418.149754
2761.955014,76.570323,114.855485,-9418.149754
2761.955641,76.570323,153.140646,-9475.577496
2761.956269,114.855485,133.998066,-9360.722011
2761.956896,95.712904,153.140646,-9360.722011
2761.957524,153.140646,133.998066,-9399.007173
2761.958151,133.998066,172.283227,-9475.577496
2761.958779,133.998066,172.283227,-9456.434915
2761.959407,95.712904,133.998066,-9360.722011
2761.960034,133.998066,210.568389,-9437.292334
2761.960662,133.998066,153.140646,-9456.434915
2761.961289,95.712904,133.998066,-9360.722011
2761.961917,57.427742,114.855485,-9418.149754
2761.962544,95.712904,153.140646,-9418.149754
2761.963172,95.712904,95.712904,-9399.007173
2761.963800,133.998066,114.855485,-9437.292334
2761.964427,57.427742,133.998066,-9360.722011
2761.965055,133.998066,114.855485,-9418.149754
2761.965682,95.712904,95.712904,-9399.007173
2761.966310,133.998066,76.570323,-9379.864592
2761.966937,95.712904,114.855485,-9418.149754
2761.967565,114.855485,153.140646,-9360.722011
2761.968193,76.570323,153.140646,-9418.149754
2761.968820,95.712904,133.998066,-9360.722011
2761.969448,57.427742,133.998066,-9360.722011
2761.970075,76.570323,76.570323,-9379.864592
2761.970703,38.285162,114.855485,-9418.149754
2761.971330,95.712904,114.855485,-9418.149754
2761.971958,95.712904,133.998066,-9360.722011
2761.972586,57.427742,133.998066,-9360.722011
2761.973213,133.998066,153.140646,-9418.149754
2761.973841,153.140646,133.998066,-9399.007173
2761.974468,133.998066,114.855485,-9418.149754
2761.975096,133.998066,133.998066,-9399.007173
2761.975723,114.855485,95.712904,-9456.434915
2761.976351,133.998066,114.855485,-9437.292334
2761.976979,133.998066,153.140646,-9418.149754
2761.977606,76.570323,172.283227,-9418.149754
2761.978234,95.712904,95.712904,-9399.007173
2761.978861,76.570323,210.568389,-9418.149754
2761.979489,76.570323,172.283227,-9418.149754
2761.980116,38.285162,114.855485,-9418.149754
2761.980744,95.712904,133.998066,-9360.722011
2761.981371,133.998066,210.568389,-9418.149754
2761.981999,76.570323,114.855485,-9418.149754
2761.982627,76.570323,114.855485,-9360.722011
2761.983254,76.570323,172.283227,-9418.149754
2761.983882,95.712904,191.425808,-9341.579430
2761.984509,114.855485,114.855485,-9399.007173
2761.985137,95.712904,76.570323,-9379.864592
2761.985764,38.285162,114.855485,-9418.149754
2761.986392,38.285162,114.855485,-9418.149754
2761.987020,133.998066,172.283227,-9418.149754
2761.987647,133.998066,153.140646,-9456.434915
2761.988275,153.140646,153.140646,-9399.007173
2761.988902,76.570323,153.140646,-9418.149754
2761.989530,114.855485,133.998066,-9360.722011
2761.990157,38.285162,95.712904,-9437.292334
2761.990785,38.285162,210.568389,-9418.149754
2761.991413,95.712904,133.998066,-9360.722011
2761.992040,95.712904,95.712904,-9399.007173
2761.992668,114.855485,95.712904,-9456.434915
2761.993295,153.140646,133.998066,-9399.007173
2761.993923,133.998066,133.998066,-9399.007173
2761.994550,76.570323,153.140646,-9418.149754
2761.995178,133.998066,114.855485,-9533.005238
2761.995806,172.283227,153.140646,-9437.292334
2761.996433,95.712904,114.855485,-9418.149754
2761.997061,133.998066,114.855485,-9437.292334
2761.997688,133.998066,114.855485,-9360.722011
2761.998316,95.712904,133.998066,-9360.722011
2761.998943,0.000000,133.998066,-9360.722011
2761.999571,76.570323,114.855485,-9418.149754
2762.000198,76.570323,114.855485,-9418.149754
2762.000826,76.570323,153.140646,-9437.292334
2762.001454,114.855485,172.283227,-9341.579430
2762.002081,76.570323,114.855485,-9418.149754
2762.002709,95.712904,133.998066,-9360.722011
2762.003336,38.285162,114.855485,-9418.149754
2762.003964,76.570323,114.855485,-9418.149754
2762.004591,133.998066,114.855485,-9418.149754
2762.005219,95.712904,172.283227,-9418.149754
2762.005847,38.285162,76.570323,-9379.864592
2762.006474,133.998066,133.998066,-9456.434915
2762.007102,133.998066,153.140646,-9533.005238
2762.007729,95.712904,133.998066,-9360.722011
2762.008357,57.427742,191.425808,-9360.722011
2762.008984,76.570323,114.855485,-9456.434915
2762.009612,95.712904,133.998066,-9360.722011
2762.010240,210.568389,133.998066,-9399.007173
2762.010867,76.570323,114.855485,-9360.722011
2762.011495,38.285162,114.855485,-9418.149754
2762.012122,95.712904,114.855485,-9418.149754
2762.012750,76.570323,114.855485,-9437.292334
2762.013377,76.570323,153.140646,-9360.722011
2762.014005,38.285162,191.425808,-9418.149754
2762.014633,133.998066,172.283227,-9437.292334
2762.015260,153.140646,153.140646,-9437.292334
2762.015888,172.283227,76.570323,-9418.149754
2762.016515,133.998066,210.568389,-9418.149754
2762.017143,133.998066,76.570323,-9379.864592
2762.017770,95.712904,114.855485,-9418.149754
2762.018398,76.570323,153.140646,-9418.149754
2762.019025,76.570323,153.140646,-9456.434915
2762.019653,95.712904,95.712904,-9399.007173
2762.020281,19.142581,114.855485,-9418.149754
2762.020908,95.712904,114.855485,-9418.149754
2762.021536,38.285162,114.855485,-9418.149754
2762.022163,76.570323,172.283227,-9418.149754
2762.022791,133.998066,210.568389,-9418.149754
2762.023418,76.570323,114.855485,-9418.149754
2762.024046,172.283227,76.570323,-9360.722011
2762.024674,76.570323,114.855485,-9418.149754
2762.025301,133.998066,153.140646,-9418.149754
2762.025929,38.285162,114.855485,-9475.577496
2762.026556,57.427742,114.855485,-9418.149754
2762.027184,76.570323,114.855485,-9418.149754
2762.027811,133.998066,114.855485,-9418.149754
2762.028439,76.570323,114.855485,-9418.149754
2762.029067,76.570323,114.855485,-9418.149754
2762.029694,76.570323,114.855485,-9418.149754
2762.030322,95.712904,95.712904,-9399.007173
2762.030949,95.712904,95.712904,-9399.007173
2762.031577,76.570323,95.712904,-9379.864592
2762.032204,133.998066,172.283227,-9418.149754
2762.032832,133.998066,210.568389,-9418.149754
2762.033460,153.140646,210.568389,-9418.149754
2762.034087,95.712904,114.855485,-9399.007173
2762.034715,95.712904,133.998066,-9360.722011
2762.035342,76.570323,114.855485,-9418.149754
2762.035970,114.855485,95.712904,-9399.007173
2762.036597,38.285162,172.283227,-9418.149754
2762.037225,133.998066,153.140646,-9418.149754
2762.037852,95.712904,153.140646,-9418.149754
2762.038479,114.855485,133.998066,-9360.722011
2762.039107,133.998066,114.855485,-9418.149754
2762.039734,133.998066,153.140646,-9418.149754
2762.040362,76.570323,114.855485,-9418.149754
2762.040989,76.570323,114.855485,-9418.149754
2762.041616,57.427742,153.140646,-9456.434915
2762.042244,57.427742,114.855485,-9437.292334
2762.042871,133.998066,114.855485,-9418.149754
2762.043499,76.570323,114.855485,-9418.149754
2762.044126,114.855485,95.712904,-9399.007173
2762.044753,76.570323,114.855485,-9456.434915
2762.045381,95.712904,172.283227,-9360.722011
2762.046008,76.570323,172.283227,-9418.149754
2762.046636,38.285162,114.855485,-9418.149754
2762.047263,76.570323,153.140646,-9418.149754
2762.047890,133.998066,153.140646,-9418.149754
2762.048518,133.998066,114.855485,-9456.434915
2762.049145,153.140646,133.998066,-9399.007173
2762.049773,133.998066,114.855485,-9418.149754
2762.050400,76.570323,114.855485,-9418.149754
2762.051027,76.570323,76.570323,-9379.864592
2762.051655,76.570323,114.855485,-9418.149754
2762.052282,19.142581,210.568389,-9418.149754
2762.052910,114.855485,191.425808,-9437.292334
2762.053537,38.285162,153.140646,-9418.149754
2762.054164,133.998066,172.283227,-9418.149754
2762.054792,133.998066,114.855485,-9418.149754
2762.055419,95.712904,133.998066,-9360.722011
2762.056046,57.427742,95.712904,-9399.007173
2762.056674,76.570323,114.855485,-9418.149754
2762.057301,95.712904,133.998066,-9360.722011
2762.057929,76.570323,114.855485,-9418.149754
2762.058556,76.570323,172.283227,-9456.434915
2762.059183,133.998066,153.140646,-9456.434915
2762.059811,76.570323,114.855485,-9418.149754
2762.060438,38.285162,172.283227,-9418.149754
2762.061066,76.570323,133.998066,-9399.007173
2762.061693,38.285162,114.855485,-9418.149754
2762.062320,95.712904,95.712904,-9379.864592
2762.062948,76.570323,153.140646,-9360.722011
2762.063575,57.427742,153.140646,-9341.579430
2762.064203,57.427742,95.712904,-9399.007173
2762.064830,38.285162,114.855485,-9418.149754
2762.065457,76.570323,153.140646,-9418.149754
2762.066085,114.855485,133.998066,-9360.722011
2762.066712,38.285162,114.855485,-9418.149754
2762.067340,133.998066,172.283227,-9360.722011
2762.067967,95.712904,172.283227,-9341.579430
2762.068594,38.285162,153.140646,-9418.149754
2762.069222,76.570323,114.855485,-9418.149754
2762.069849,76.570323,114.855485,-9418.149754
2762.070477,133.998066,114.855485,-9418.149754
2762.071104,133.998066,172.283227,-9399.007173
2762.071731,133.998066,210.568389,-9418.149754
2762.072359,172.283227,114.855485,-9379.864592
2762.072986,95.712904,133.998066,-9322.436850
2762.073614,57.427742,95.712904,-9418.149754
2762.074241,133.998066,114.855485,-9437.292334
2762.074868,133.998066,114.855485,-9360.722011
2762.075496,76.570323,133.998066,-9360.722011
2762.076123,133.998066,114.855485,-9418.149754
2762.076751,133.998066,210.568389,-9418.149754
2762.077378,133.998066,153.140646,-9399.007173
2762.078005,133.998066,172.283227,-9399.007173
2762.078633,76.570323,114.855485,-9418.149754
2762.079260,76.570323,133.998066,-9360.722011
2762.079888,38.285162,172.283227,-9360.722011
2762.080515,114.855485,210.568389,-9360.722011
2762.081142,172.283227,133.998066,-9360.722011
2762.081770,133.998066,172.283227,-9418.149754
2762.082397,114.855485,114.855485,-9379.864592
2762.083025,76.570323,114.855485,-9418.149754
2762.083652,38.285162,114.855485,-9418.149754
2762.084279,76.570323,172.283227,-9437.292334
2762.084907,38.285162,114.855485,-9418.149754
2762.085534,95.712904,114.855485,-9360.722011
2762.086161,76.570323,114.855485,-9418.149754
2762.086789,133.998066,114.855485,-9418.149754
2762.087416,133.998066,114.855485,-9418.149754
2762.088044,57.427742,210.568389,-9418.149754
2762.088671,76.570323,114.855485,-9418.149754
2762.089298,133.998066,114.855485,-9418.149754
2762.089926,95.712904,172.283227,-9360.722011
2762.090553,38.285162,114.855485,-9418.149754
2762.091181,38.285162,114.855485,-9360.722011
2762.091808,95.712904,133.998066,-9418.149754
2762.092435,133.998066,114.855485,-9418.149754
2762.093063,76.570323,114.855485,-9418.149754
2762.093690,153.140646,191.425808,-9437.292334
2762.094318,95.712904,133.998066,-9360.722011
2762.094945,95.712904,133.998066,-9341.579430
2762.095572,114.855485,95.712904,-9399.007173
2762.096200,95.712904,114.855485,-9418.149754
2762.096827,95.712904,133.998066,-9360.722011
2762.097455,76.570323,114.855485,-9418.149754
2762.098082,133.998066,114.855485,-9418.149754
2762.098709,114.855485,133.998066,-9360.722011
2762.099337,114.855485,248.853550,-9322.436850
2762.099964,76.570323,76.570323,-9379.864592
2762.100592,210.568389,133.998066,-9399.007173
2762.101219,76.570323,153.140646,-9418.149754
2762.101846,76.570323,153.140646,-9418.149754
2762.102474,95.712904,95.712904,-9399.007173
2762.103101,38.285162,76.570323,-9379.864592
2762.103729,76.570323,114.855485,-9418.149754
2762.104356,133.998066,114.855485,-9418.149754
2762.104983,95.712904,248.853550,-9360.722011
2762.105611,114.855485,153.140646,-9360.722011
2762.106238,133.998066,172.283227,-9379.864592
2762.106866,95.712904,133.998066,-9360.722011
2762.107493,133.998066,172.283227,-9418.149754
2762.108120,19.142581,172.283227,-9360.722011
2762.108748,38.285162,114.855485,-9360.722011
2762.109375,133.998066,114.855485,-9418.149754
2762.110003,38.285162,114.855485,-9418.149754
2762.110630,133.998066,153.140646,-9418.149754
2762.111257,133.998066,153.140646,-9399.007173
2762.111885,133.998066,172.283227,-9418.149754
2762.112512,76.570323,114.855485,-9418.149754
2762.113140,57.427742,153.140646,-9360.722011
2762.113767,38.285162,133.998066,-9360.722011
2762.114394,76.570323,172.283227,-9418.149754
2762.115022,133.998066,172.283227,-9418.149754
2762.115649,76.570323,114.855485,-9418.149754
2762.116277,76.570323,114.855485,-9418.149754
2762.116904,95.712904,153.140646,-9360.722011
2762.117531,95.712904,172.283227,-9456.434915
2762.118159,114.855485,172.283227,-9360.722011
2762.118786,133.998066,114.855485,-9418.149754
2762.119413,95.712904,95.712904,-9399.007173
2762.120041,95.712904,133.998066,-9360.722011
2762.120668,133.998066,172.283227,-9360.722011
2762.121296,172.283227,114.855485,-9379.864592
2762.121923,95.712904,153.140646,-9360.722011
2762.122550,76.570323,153.140646,-9418.149754
2762.123178,95.712904,133.998066,-9360.722011
2762.123805,95.712904,114.855485,-9418.149754
2762.124433,133.998066,114.855485,-9418.149754
2762.125060,76.570323,114.855485,-9418.149754
2762.125687,95.712904,114.855485,-9456.434915
2762.126315,133.998066,114.855485,-9456.434915
2762.126942,95.712904,133.998066,-9360.722011
2762.127570,114.855485,133.998066,-9360.722011
2762.128197,114.855485,133.998066,-9360.722011
2762.128824,76.570323,172.283227,-9360.722011
2762.129452,95.712904,133.998066,-9360.722011
2762.130079,133.998066,153.140646,-9418.149754
2762.130707,133.998066,114.855485,-9418.149754
2762.131334,172.283227,76.570323,-9418.149754
2762.131961,133.998066,153.140646,-9418.149754
2762.132589,76.570323,210.568389,-9418.149754
2762.133216,76.570323,210.568389,-9437.292334
2762.133844,172.283227,172.283227,-9379.864592
2762.134471,76.570323,172.283227,-9456.434915
2762.135098,76.570323,172.283227,-9418.149754
2762.135726,57.427742,172.283227,-9360.722011
2762.136353,76.570323,133.998066,-9379.864592
2762.136981,114.855485,133.998066,-9360.722011
2762.137608,95.712904,133.998066,-9360.722011
2762.138236,133.998066,172.283227,-9418.149754
2762.138864,133.998066,133.998066,-9399.007173
2762.139491,133.998066,114.855485,-9418.149754
2762.140119,95.712904,114.855485,-9360.722011
2762.140746,38.285162,172.283227,-9418.149754
2762.141374,76.570323,172.283227,-9418.149754
2762.142002,76.570323,172.283227,-9418.149754
2762.142629,133.998066,210.568389,-9494.720077
2762.143257,133.998066,153.140646,-9360.722011
2762.143884,76.570323,114.855485,-9418.149754
2762.144512,95.712904,114.855485,-9456.434915
2762.145139,76.570323,114.855485,-9418.149754
2762.145767,19.142581,153.140646,-9418.149754
2762.146395,38.285162,172.283227,-9360.722011
2762.147022,38.285162,133.998066,-9360.722011
2762.147650,57.427742,133.998066,-9360.722011
2762.148277,38.285162,114.855485,-9418.149754
2762.148905,95.712904,114.855485,-9475.577496
2762.149533,133.998066,114.855485,-9418.149754
2762.150160,38.285162,114.855485,-9418.149754
2762.150788,114.855485,133.998066,-9360.722011
2762.151415,114.855485,133.998066,-9360.722011
2762.152043,114.855485,133.998066,-9360.722011
2762.152671,38.285162,114.855485,-9418.149754
2762.153298,114.855485,114.855485,-9399.007173
2762.153926,76.570323,153.140646,-9418.149754
2762.154553,0.000000,133.998066,-9360.722011
2762.155181,38.285162,114.855485,-9418.149754
2762.155809,76.570323,210.568389,-9418.149754
2762.156436,95.712904,133.998066,-9360.722011
2762.157064,114.855485,153.140646,-9360.722011
2762.157691,153.140646,153.140646,-9399.007173
2762.158319,76.570323,210.568389,-9418.149754
2762.158946,133.998066,114.855485,-9418.149754
2762.159574,76.570323,153.140646,-9360.722011
2762.160202,133.998066,114.855485,-9437.292334
2762.160829,133.998066,153.140646,-9418.149754
2762.161457,76.570323,172.283227,-9456.434915
2762.162084,38.285162,153.140646,-9418.149754
2762.162712,76.570323,133.998066,-9341.579430
2762.163340,95.712904,114.855485,-9418.149754
2762.163967,133.998066,114.855485,-9418.149754
2762.164595,153.140646,114.855485,-9418.149754
2762.165222,133.998066,114.855485,-9418.149754
2762.165850,172.283227,133.998066,-9360.722011
2762.166478,133.998066,114.855485,-9418.149754
2762.167105,114.855485,76.570323,-9418.149754
2762.167733,76.570323,229.710970,-9418.149754
2762.168360,57.427742,153.140646,-9360.722011
2762.168988,133.998066,114.855485,-9475.577496
2762.169616,133.998066,133.998066,-9399.007173
2762.170243,114.855485,95.712904,-9399.007173
2762.170871,133.998066,114.855485,-9418.149754
2762.171498,133.998066,210.568389,-9418.149754
2762.172126,57.427742,114.855485,-9418.149754
2762.172753,95.712904,133.998066,-9360.722011
2762.173381,153.140646,191.425808,-9399.007173
2762.174009,114.855485,133.998066,-9360.722011
2762.174636,172.283227,76.570323,-9418.149754
2762.175264,19.142581,114.855485,-9437.292334
2762.175891,38.285162,114.855485,-9437.292334
2762.176519,133.998066,114.855485,-9456.434915
2762.177147,95.712904,95.712904,-9399.007173
2762.177774,38.285162,172.283227,-9437.292334
2762.178402,133.998066,114.855485,-9418.149754
2762.179029,38.285162,114.855485,-9418.149754
2762.179657,38.285162,95.712904,-9456.434915
2762.180285,38.285162,114.855485,-9418.149754
2762.180912,133.998066,114.855485,-9418.149754
2762.181540,95.712904,133.998066,-9360.722011
2762.182167,153.140646,172.283227,-9399.007173
2762.182795,38.285162,114.855485,-9360.722011
2762.183423,76.570323,76.570323,-9379.864592
2762.184050,114.855485,133.998066,-9360.722011
2762.184678,95.712904,95.712904,-9379.864592
2762.185305,114.855485,114.855485,-9379.864592
2762.185933,76.570323,114.855485,-9418.149754
2762.186560,114.855485,133.998066,-9360.722011
2762.187188,38.285162,114.855485,-9437.292334
2762.187816,76.570323,114.855485,-9456.434915
2762.188443,133.998066,114.855485,-9418.149754
2762.189071,133.998066,172.283227,-9437.292334
2762.189698,76.570323,114.855485,-9418.149754
2762.190326,133.998066,133.998066,-9399.007173
2762.190954,133.998066,114.855485,-9418.149754
2762.191581,38.285162,210.568389,-9418.149754
2762.192209,76.570323,114.855485,-9418.149754
2762.192836,133.998066,114.855485,-9418.149754
2762.193464,95.712904,114.855485,-9418.149754
2762.194092,76.570323,114.855485,-9418.149754
2762.194719,133.998066,114.855485,-9418.149754
2762.195347,114.855485,153.140646,-9360.722011
2762.195974,76.570323,172.283227,-9418.149754
2762.196602,153.140646,133.998066,-9437.292334
2762.197230,76.570323,114.855485,-9418.149754
2762.197857,76.570323,210.568389,-9418.149754
2762.198485,76.570323,114.855485,-9418.149754
2762.199112,95.712904,172.283227,-9418.149754
2762.199740,76.570323,114.855485,-9418.149754
2762.200367,76.570323,114.855485,-9418.149754
2762.200995,76.570323,133.998066,-9360.722011
2762.201623,95.712904,172.283227,-9360.722011
2762.202250,95.712904,133.998066,-9360.722011
2762.202878,133.998066,172.283227,-9418.149754
2762.203505,95.712904,153.140646,-9322.436850
2762.204133,95.712904,210.568389,-9418.149754
2762.204761,76.570323,172.283227,-9418.149754
2762.205388,95.712904,153.140646,-9360.722011
2762.206016,76.570323,114.855485,-9418.149754
2762.206643,114.855485,133.998066,-9360.722011
2762.207271,95.712904,153.140646,-9418.149754
2762.207899,76.570323,114.855485,-9418.149754
2762.208526,19.142581,153.140646,-9418.149754
2762.209154,38.285162,153.140646,-9418.149754
2762.209781,114.855485,114.855485,-9379.864592
2762.210409,76.570323,172.283227,-9418.149754
2762.211037,76.570323,114.855485,-9418.149754
2762.211664,76.570323,172.283227,-9418.149754
2762.212292,38.285162,114.855485,-9360.722011
2762.212919,133.998066,153.140646,-9437.292334
2762.213547,19.142581,114.855485,-9418.149754
2762.214175,76.570323,114.855485,-9418.149754
2762.214802,76.570323,172.283227,-9418.149754
2762.215430,95.712904,133.998066,-9360.722011
2762.216057,76.570323,114.855485,-9418.149754
2762.216685,95.712904,133.998066,-9360.722011
2762.217312,133.998066,114.855485,-9418.149754
2762.217940,76.570323,114.855485,-9456.434915
2762.218568,133.998066,172.283227,-9418.149754
2762.219195,76.570323,153.140646,-9418.149754
2762.219823,95.712904,95.712904,-9437.292334
2762.220450,76.570323,114.855485,-9418.149754
2762.221078,76.570323,114.855485,-9418.149754
2762.221706,38.285162,114.855485,-9494.720077
2762.222333,95.712904,114.855485,-9418.149754
2762.222961,57.427742,191.425808,-9360.722011
2762.223588,95.712904,153.140646,-9360.722011
2762.224216,95.712904,191.425808,-9360.722011
2762.224844,153.140646,191.425808,-9379.864592
2762.225471,95.712904,210.568389,-9418.149754
2762.226099,76.570323,114.855485,-9418.149754
2762.226726,114.855485,172.283227,-9360.722011
2762.227354,133.998066,114.855485,-9360.722011
2762.227982,95.712904,133.998066,-9360.722011
2762.228609,76.570323,153.140646,-9418.149754
2762.229237,133.998066,114.855485,-9418.149754
2762.229864,95.712904,114.855485,-9418.149754
2762.230492,76.570323,172.283227,-9418.149754
2762.231119,38.285162,114.855485,-9418.149754
2762.231747,95.712904,95.712904,-9379.864592
2762.232375,76.570323,133.998066,-9379.864592
2762.233002,133.998066,133.998066,-9399.007173
2762.233630,76.570323,210.568389,-9418.149754
2762.234257,76.570323,114.855485,-9418.149754
2762.234885,114.855485,172.283227,-9379.864592
2762.235513,76.570323,133.998066,-9360.722011
2762.236140,114.855485,133.998066,-9360.722011
2762.236768,38.285162,114.855485,-9418.149754
2762.237395,114.855485,133.998066,-9360.722011
2762.238023,114.855485,153.140646,-9341.579430
2762.238651,76.570323,114.855485,-9418.149754
2762.239278,133.998066,114.855485,-9418.149754
2762.239906,57.427742,191.425808,-9360.722011
2762.240534,76.570323,114.855485,-9360.722011
2762.241161,95.712904,114.855485,-9379.864592
2762.241789,38.285162,114.855485,-9437.292334
2762.242417,38.285162,172.283227,-9437.292334
2762.243044,38.285162,210.568389,-9418.149754
2762.243672,76.570323,172.283227,-9418.149754
2762.244299,133.998066,153.140646,-9418.149754
2762.244927,172.283227,172.283227,-9379.864592
2762.245555,76.570323,172.283227,-9418.149754
2762.246182,133.998066,114.855485,-9437.292334
2762.246810,76.570323,114.855485,-9437.292334
2762.247438,114.855485,95.712904,-9399.007173
2762.248065,76.570323,114.855485,-9456.434915
2762.248693,0.000000,95.712904,-9379.864592
2762.249321,38.285162,191.425808,-9418.149754
2762.249948,95.712904,133.998066,-9360.722011
2762.250576,38.285162,210.568389,-9418.149754
2762.251204,95.712904,133.998066,-9360.722011
2762.251831,38.285162,114.855485,-9418.149754
2762.252459,133.998066,114.855485,-9418.149754
2762.253086,95.712904,38.285162,-9399.007173
2762.253714,114.855485,95.712904,-9399.007173
2762.254342,76.570323,114.855485,-9418.149754
2762.254969,76.570323,114.855485,-9418.149754
2762.255597,76.570323,172.283227,-9456.434915
2762.256225,133.998066,114.855485,-9418.149754
2762.256852,95.712904,191.425808,-9341.579430
2762.257480,114.855485,191.425808,-9341.579430
2762.258108,133.998066,114.855485,-9418.149754
2762.258735,76.570323,153.140646,-9418.149754
2762.259363,57.427742,172.283227,-9360.722011
2762.259991,38.285162,172.283227,-9437.292334
2762.260618,76.570323,172.283227,-9418.149754
2762.261246,133.998066,114.855485,-9418.149754
2762.261873,153.140646,172.283227,-9399.007173
2762.262501,172.283227,133.998066,-9437.292334
2762.263129,133.998066,133.998066,-9494.720077
2762.263756,153.140646,133.998066,-9437.292334
2762.264384,153.140646,153.140646,-9379.864592
2762.265012,76.570323,210.568389,-9418.149754
2762.265639,38.285162,114.855485,-9437.292334
2762.266267,38.285162,114.855485,-9418.149754
2762.266895,38.285162,210.568389,-9418.149754
2762.267522,38.285162,172.283227,-9418.149754
2762.268150,95.712904,172.283227,-9341.579430
2762.268778,95.712904,95.712904,-9399.007173
2762.269405,38.285162,114.855485,-9360.722011
2762.270033,76.570323,114.855485,-9418.149754
2762.270660,38.285162,114.855485,-9437.292334
2762.271288,114.855485,172.283227,-9360.722011
2762.271916,19.142581,114.855485,-9360.722011
2762.272543,114.855485,133.998066,-9360.722011
2762.273171,38.285162,210.568389,-9418.149754
2762.273799,76.570323,114.855485,-9418.149754
2762.274426,133.998066,114.855485,-9418.149754
2762.275054,191.425808,153.140646,-9379.864592
2762.275682,133.998066,114.855485,-9418.149754
2762.276309,133.998066,229.710970,-9418.149754
2762.276937,76.570323,210.568389,-9418.149754
2762.277565,95.712904,153.140646,-9360.722011
2762.278192,76.570323,114.855485,-9360.722011
2762.278820,95.712904,95.712904,-9399.007173
2762.279447,95.712904,114.855485,-9418.149754
2762.280075,133.998066,210.568389,-9418.149754
2762.280703,38.285162,114.855485,-9418.149754
2762.281330,76.570323,114.855485,-9418.149754
2762.281958,76.570323,114.855485,-9418.149754
2762.282586,38.285162,114.855485,-9418.149754
2762.283213,76.570323,153.140646,-9418.149754
2762.283841,95.712904,153.140646,-9475.577496
2762.284469,95.712904,114.855485,-9418.149754
2762.285096,95.712904,133.998066,-9341.579430
2762.285724,114.855485,210.568389,-9379.864592
2762.286352,76.570323,153.140646,-9418.149754
2762.286979,95.712904,153.140646,-9360.722011
2762.287607,133.998066,114.855485,-9418.149754
2762.288234,95.712904,95.712904,-9399.007173
2762.288862,38.285162,172.283227,-9418.149754
2762.289490,76.570323,114.855485,-9360.722011
2762.290117,76.570323,153.140646,-9418.149754
2762.290745,95.712904,153.140646,-9360.722011
2762.291373,76.570323,153.140646,-9418.149754
2762.292000,76.570323,172.283227,-9418.149754
2762.292628,133.998066,210.568389,-9418.149754
2762.293256,38.285162,210.568389,-9418.149754
2762.293883,76.570323,172.283227,-9418.149754
2762.294511,76.570323,210.568389,-9475.577496
2762.295139,38.285162,191.425808,-9418.149754
2762.295766,57.427742,172.283227,-9360.722011
2762.296394,76.570323,95.712904,-9399.007173
2762.297021,95.712904,95.712904,-9399.007173
2762.297649,133.998066,114.855485,-9418.149754
2762.298277,95.712904,191.425808,-9360.722011
2762.298904,38.285162,114.855485,-9360.722011
2762.299532,76.570323,114.855485,-9418.149754
2762.300160,95.712904,133.998066,-9360.722011
2762.300787,114.855485,95.712904,-9399.007173
2762.301415,76.570323,191.425808,-9418.149754
2762.302043,95.712904,172.283227,-9360.722011
2762.302670,133.998066,191.425808,-9456.434915
2762.303298,114.855485,133.998066,-9360.722011
2762.303926,76.570323,210.568389,-9456.434915
2762.304553,38.285162,114.855485,-9456.434915
2762.305181,38.285162,172.283227,-9360.722011
2762.305808,76.570323,114.855485,-9437.292334
2762.306436,133.998066,114.855485,-9437.292334
2762.307064,76.570323,114.855485,-9494.720077
2762.307691,133.998066,172.283227,-9437.292334
2762.308319,38.285162,114.855485,-9418.149754
2762.308947,76.570323,114.855485,-9475.577496
2762.309574,95.712904,133.998066,-9360.722011
2762.310202,133.998066,114.855485,-9418.149754
2762.310830,133.998066,172.283227,-9418.149754
2762.311457,133.998066,153.140646,-9418.149754
2762.312085,153.140646,133.998066,-9399.007173
2762.312712,76.570323,114.855485,-9418.149754
2762.313340,76.570323,172.283227,-9418.149754
2762.313968,95.712904,95.712904,-9399.007173
2762.314595,76.570323,114.855485,-9418.149754
2762.315223,76.570323,210.568389,-9418.149754
2762.315851,76.570323,153.140646,-9418.149754
2762.316478,133.998066,210.568389,-9456.434915
2762.317106,114.855485,133.998066,-9360.722011
2762.317734,153.140646,191.425808,-9437.292334
2762.318361,76.570323,114.855485,-9418.149754
2762.318989,95.712904,95.712904,-9399.007173
2762.319617,95.712904,133.998066,-9341.579430
2762.320244,133.998066,172.283227,-9418.149754
2762.320872,133.998066,172.283227,-9418.149754
2762.321499,76.570323,153.140646,-9418.149754
2762.322127,76.570323,114.855485,-9418.149754
2762.322755,95.712904,114.855485,-9418.149754
2762.323382,38.285162,76.570323,-9379.864592
2762.324010,95.712904,114.855485,-9418.149754
2762.324638,133.998066,172.283227,-9418.149754
2762.325265,153.140646,133.998066,-9399.007173
2762.325893,95.712904,133.998066,-9341.579430
2762.326521,114.855485,95.712904,-9399.007173
2762.327148,114.855485,95.712904,-9399.007173
2762.327776,133.998066,114.855485,-9418.149754
2762.328404,153.140646,248.853550,-9399.007173
2762.329031,76.570323,114.855485,-9418.149754
2762.329659,76.570323,114.855485,-9418.149754
2762.330286,95.712904,133.998066,-9418.149754
2762.330914,76.570323,114.855485,-9475.577496
2762.331542,133.998066,172.283227,-9418.149754
2762.332169,95.712904,114.855485,-9418.149754
2762.332797,133.998066,210.568389,-9456.434915
2762.333425,133.998066,114.855485,-9418.149754
2762.334052,76.570323,172.283227,-9437.292334
2762.334680,38.285162,172.283227,-9418.149754
2762.335308,133.998066,153.140646,-9418.149754
2762.335935,133.998066,114.855485,-9418.149754
2762.336563,76.570323,153.140646,-9418.149754
2762.337191,95.712904,133.998066,-9360.722011
2762.337818,133.998066,153.140646,-9475.577496
2762.338446,76.570323,210.568389,-9418.149754
2762.339073,76.570323,172.283227,-9418.149754
2762.339701,76.570323,114.855485,-9418.149754
2762.340329,133.998066,114.855485,-9341.579430
2762.340956,133.998066,153.140646,-9399.007173
2762.341584,133.998066,76.570323,-9379.864592
2762.342212,133.998066,114.855485,-9418.149754
2762.342839,95.712904,191.425808,-9418.149754
2762.343467,133.998066,153.140646,-9418.149754
2762.344095,76.570323,114.855485,-9418.149754
2762.344722,114.855485,76.570323,-9456.434915
2762.345350,153.140646,76.570323,-9379.864592
2762.345977,153.140646,153.140646,-9399.007173
2762.346605,114.855485,133.998066,-9418.149754
2762.347233,76.570323,114.855485,-9418.149754
2762.347860,38.285162,210.568389,-9418.149754
2762.348488,38.285162,114.855485,-9418.149754
2762.349116,76.570323,114.855485,-9418.149754
2762.349743,57.427742,95.712904,-9379.864592
2762.350371,57.427742,95.712904,-9399.007173
2762.350998,76.570323,76.570323,-9379.864592
2762.351626,38.285162,191.425808,-9418.149754
2762.352254,133.998066,172.283227,-9399.007173
2762.352881,133.998066,172.283227,-9456.434915
2762.353509,95.712904,133.998066,-9360.722011
2762.354137,95.712904,95.712904,-9399.007173
2762.354764,95.712904,153.140646,-9360.722011
2762.355392,95.712904,114.855485,-9418.149754
2762.356020,76.570323,172.283227,-9418.149754
2762.356647,133.998066,172.283227,-9418.149754
2762.357275,76.570323,210.568389,-9418.149754
2762.357902,57.427742,95.712904,-9399.007173
2762.358530,76.570323,172.283227,-9418.149754
2762.359158,76.570323,114.855485,-9437.292334
2762.359785,38.285162,114.855485,-9437.292334
2762.360413,76.570323,114.855485,-9456.434915
2762.361041,76.570323,114.855485,-9418.149754
2762.361668,133.998066,172.283227,-9418.149754
2762.362296,38.285162,114.855485,-9418.149754
2762.362924,95.712904,172.283227,-9360.722011
2762.363551,57.427742,172.283227,-9418.149754
2762.364179,38.285162,153.140646,-9418.149754
2762.364806,133.998066,172.283227,-9418.149754
2762.365434,76.570323,153.140646,-9418.149754
2762.366062,76.570323,114.855485,-9418.149754
2762.366689,95.712904,133.998066,-9360.722011
2762.367317,76.570323,114.855485,-9418.149754
2762.367945,76.570323,114.855485,-9418.149754
2762.368572,95.712904,153.140646,-9360.722011
2762.369200,38.285162,114.855485,-9418.149754
2762.369827,95.712904,133.998066,-9360.722011
2762.370455,76.570323,114.855485,-9418.149754
2762.371083,76.570323,172.283227,-9418.149754
2762.371710,114.855485,191.425808,-9360.722011
2762.372338,133.998066,210.568389,-9360.722011
2762.372966,57.427742,191.425808,-9360.722011
2762.373593,76.570323,210.568389,-9418.149754
2762.374221,95.712904,191.425808,-9360.722011
2762.374849,133.998066,153.140646,-9418.149754
2762.375476,114.855485,114.855485,-9379.864592
2762.376104,114.855485,133.998066,-9360.722011
2762.376731,172.283227,114.855485,-9379.864592
2762.377359,38.285162,114.855485,-9418.149754
2762.377987,133.998066,191.425808,-9399.007173
2762.378614,76.570323,114.855485,-9418.149754
2762.379242,76.570323,172.283227,-9418.149754
2762.379870,95.712904,114.855485,-9418.149754
2762.380497,38.285162,114.855485,-9418.149754
2762.381125,76.570323,114.855485,-9437.292334
2762.381753,76.570323,95.712904,-9437.292334
2762.382380,133.998066,114.855485,-9418.149754
2762.383008,133.998066,172.283227,-9437.292334
2762.383635,95.712904,114.855485,-9418.149754
2762.384263,76.570323,114.855485,-9418.149754
2762.384891,76.570323,114.855485,-9418.149754
2762.385518,76.570323,172.283227,-9418.149754
2762.386146,133.998066,153.140646,-9418.149754
2762.386774,133.998066,133.998066,-9399.007173
2762.387401,133.998066,172.283227,-9437.292334
2762.388029,133.998066,114.855485,-9418.149754
2762.388657,114.855485,95.712904,-9399.007173
2762.389284,38.285162,114.855485,-9456.434915
2762.389912,133.998066,172.283227,-9418.149754
2762.390539,76.570323,153.140646,-9418.149754
2762.391167,38.285162,114.855485,-9418.149754
2762.391795,0.000000,95.712904,-9399.007173
2762.392422,38.285162,114.855485,-9418.149754
2762.393050,133.998066,172.283227,-9418.149754
2762.393678,76.570323,172.283227,-9418.149754
2762.394305,76.570323,114.855485,-9418.149754
2762.394933,95.712904,95.712904,-9399.007173
2762.395560,133.998066,153.140646,-9418.149754
2762.396188,114.855485,114.855485,-9399.007173
2762.396816,133.998066,133.998066,-9399.007173
2762.397443,153.140646,133.998066,-9379.864592
2762.398071,133.998066,114.855485,-9456.434915
2762.398699,76.570323,114.855485,-9418.149754
2762.399326,133.998066,114.855485,-9418.149754
2762.399954,153.140646,133.998066,-9399.007173
2762.400582,114.855485,95.712904,-9399.007173
2762.401209,95.712904,172.283227,-9399.007173
2762.401837,38.285162,114.855485,-9360.722011
2762.402464,76.570323,114.855485,-9418.149754
2762.403092,95.712904,133.998066,-9360.722011
2762.403720,76.570323,114.855485,-9418.149754
2762.404347,153.140646,133.998066,-9379.864592
2762.404975,95.712904,133.998066,-9360.722011
2762.405603,95.712904,153.140646,-9360.722011
2762.406230,19.142581,114.855485,-9437.292334
2762.406858,38.285162,172.283227,-9418.149754
2762.407486,133.998066,172.283227,-9418.149754
2762.408113,76.570323,133.998066,-9360.722011
2762.408741,76.570323,133.998066,-9360.722011
2762.409368,114.855485,133.998066,-9360.722011
2762.409996,114.855485,95.712904,-9456.434915
2762.410624,38.285162,210.568389,-9418.149754
2762.411251,76.570323,114.855485,-9418.149754
2762.411879,38.285162,153.140646,-9418.149754
2762.412507,133.998066,114.855485,-9418.149754
2762.413134,133.998066,114.855485,-9418.149754
2762.413762,133.998066,172.283227,-9399.007173
2762.414389,76.570323,133.998066,-9418.149754
2762.415017,95.712904,114.855485,-9418.149754
2762.415645,38.285162,114.855485,-9456.434915
2762.416272,76.570323,76.570323,-9379.864592
2762.416900,133.998066,172.283227,-9418.149754
2762.417528,133.998066,114.855485,-9418.149754
2762.418155,57.427742,133.998066,-9360.722011
2762.418783,114.855485,172.283227,-9360.722011
2762.419411,114.855485,153.140646,-9360.722011
2762.420038,172.283227,114.855485,-9379.864592
2762.420666,114.855485,114.855485,-9322.436850
2762.421293,95.712904,133.998066,-9418.149754
2762.421921,57.427742,95.712904,-9437.292334
2762.422549,95.712904,114.855485,-9418.149754
2762.423176,114.855485,153.140646,-9379.864592
2762.423804,95.712904,172.283227,-9360.722011
2762.424432,76.570323,114.855485,-9418.149754
2762.425059,0.000000,153.140646,-9360.722011
2762.425687,95.712904,172.283227,-9418.149754
2762.426315,76.570323,210.568389,-9418.149754
2762.426942,57.427742,95.712904,-9399.007173
2762.427570,114.855485,133.998066,-9360.722011
2762.428197,114.855485,133.998066,-9360.722011
2762.428825,133.998066,114.855485,-9418.149754
2762.429453,133.998066,114.855485,-9494.720077
2762.430080,133.998066,114.855485,-9418.149754
2762.430708,114.855485,95.712904,-9399.007173
2762.431336,38.285162,114.855485,-9418.149754
2762.431963,76.570323,114.855485,-9418.149754
2762.432591,76.570323,210.568389,-9418.149754
2762.433218,38.285162,114.855485,-9418.149754
2762.433846,153.140646,133.998066,-9399.007173
2762.434474,76.570323,172.283227,-9418.149754
2762.435101,133.998066,153.140646,-9418.149754
2762.435729,76.570323,229.710970,-9418.149754
2762.436357,57.427742,133.998066,-9360.722011
2762.436984,76.570323,114.855485,-9418.149754
2762.437612,133.998066,114.855485,-9418.149754
2762.438239,114.855485,95.712904,-9399.007173
2762.438867,153.140646,172.283227,-9399.007173
2762.439494,76.570323,114.855485,-9418.149754
2762.440122,57.427742,172.283227,-9360.722011
2762.440749,76.570323,172.283227,-9418.149754
2762.441376,0.000000,172.283227,-9418.149754
2762.442004,57.427742,153.140646,-9360.722011
2762.442631,76.570323,114.855485,-9418.149754
2762.443258,38.285162,114.855485,-9418.149754
2762.443886,76.570323,114.855485,-9418.149754
2762.444513,114.855485,133.998066,-9360.722011
2762.445141,38.285162,114.855485,-9418.149754
2762.445768,76.570323,172.283227,-9418.149754
2762.446395,133.998066,114.855485,-9418.149754
2762.447023,95.712904,191.425808,-9360.722011
2762.447650,38.285162,114.855485,-9418.149754
2762.448278,133.998066,191.425808,-9418.149754
2762.448905,76.570323,153.140646,-9418.149754
2762.449532,114.855485,172.283227,-9379.864592
2762.450160,114.855485,210.568389,-9360.722011
2762.450787,76.570323,172.283227,-9418.149754
2762.451415,95.712904,114.855485,-9418.149754
2762.452042,133.998066,210.568389,-9418.149754
2762.452669,133.998066,114.855485,-9418.149754
2762.453297,114.855485,114.855485,-9379.864592
2762.453924,133.998066,114.855485,-9418.149754
2762.454552,95.712904,133.998066,-9360.722011
2762.455179,76.570323,114.855485,-9360.722011
2762.455806,38.285162,114.855485,-9418.149754
2762.456434,76.570323,172.283227,-9418.149754
2762.457061,38.285162,76.570323,-9379.864592
2762.457689,76.570323,172.283227,-9418.149754
2762.458316,114.855485,95.712904,-9379.864592
2762.458943,76.570323,76.570323,-9379.864592
2762.459571,38.285162,153.140646,-9418.149754
2762.460198,95.712904,133.998066,-9360.722011
2762.460825,57.427742,133.998066,-9360.722011
2762.461453,95.712904,133.998066,-9360.722011
2762.462080,133.998066,114.855485,-9418.149754
2762.462708,95.712904,95.712904,-9399.007173
2762.463335,38.285162,153.140646,-9418.149754
2762.463962,95.712904,210.568389,-9360.722011
2762.464590,153.140646,191.425808,-9399.007173
2762.465217,153.140646,248.853550,-9322.436850
2762.465845,191.425808,210.568389,-9379.864592
2762.466472,133.998066,114.855485,-9418.149754
2762.467099,133.998066,153.140646,-9418.149754
2762.467727,76.570323,210.568389,-9418.149754
2762.468354,153.140646,133.998066,-9399.007173
2762.468982,133.998066,153.140646,-9437.292334
2762.469609,114.855485,76.570323,-9418.149754
2762.470236,114.855485,172.283227,-9360.722011
2762.470864,76.570323,172.283227,-9418.149754
2762.471491,133.998066,153.140646,-9418.149754
2762.472119,57.427742,153.140646,-9360.722011
2762.472746,114.855485,172.283227,-9360.722011
2762.473373,172.283227,172.283227,-9379.864592
2762.474001,133.998066,172.283227,-9399.007173
2762.474628,76.570323,114.855485,-9418.149754
2762.475255,133.998066,114.855485,-9418.149754
2762.475883,95.712904,95.712904,-9399.007173
2762.476510,76.570323,153.140646,-9456.434915
2762.477138,76.570323,114.855485,-9418.149754
2762.477765,76.570323,114.855485,-9418.149754
2762.478392,76.570323,114.855485,-9418.149754
2762.479020,114.855485,153.140646,-9341.579430
2762.479647,114.855485,133.998066,-9360.722011
2762.480275,57.427742,133.998066,-9341.579430
2762.480902,76.570323,172.283227,-9418.149754
2762.481529,57.427742,153.140646,-9360.722011
2762.482157,76.570323,153.140646,-9437.292334
2762.482784,95.712904,153.140646,-9456.434915
2762.483412,114.855485,133.998066,-9418.149754
2762.484039,133.998066,114.855485,-9418.149754
2762.484666,133.998066,114.855485,-9456.434915
2762.485294,172.283227,114.855485,-9379.864592
2762.485921,114.855485,95.712904,-9399.007173
2762.486549,133.998066,114.855485,-9418.149754
2762.487176,76.570323,95.712904,-9399.007173
2762.487803,133.998066,114.855485,-9418.149754
2762.488431,76.570323,114.855485,-9418.149754
2762.489058,76.570323,76.570323,-9379.864592
2762.489685,95.712904,133.998066,-9360.722011
2762.490313,38.285162,172.283227,-9418.149754
2762.490940,95.712904,172.283227,-9360.722011
2762.491568,76.570323,172.283227,-9418.149754
2762.492195,114.855485,114.855485,-9322.436850
2762.492822,114.855485,133.998066,-9360.722011
2762.493450,76.570323,114.855485,-9418.149754
2762.494077,133.998066,114.855485,-9418.149754
2762.494705,76.570323,114.855485,-9418.149754
2762.495332,38.285162,172.283227,-9399.007173
2762.495959,38.285162,114.855485,-9418.149754
2762.496587,153.140646,133.998066,-9399.007173
2762.497214,95.712904,114.855485,-9418.149754
2762.497842,114.855485,133.998066,-9360.722011
2762.498469,76.570323,114.855485,-9475.577496
2762.499096,76.570323,114.855485,-9418.149754
2762.499724,114.855485,191.425808,-9341.579430
2762.500351,95.712904,172.283227,-9360.722011
2762.500979,76.570323,133.998066,-9360.722011
2762.501606,95.712904,95.712904,-9399.007173
2762.502233,76.570323,172.283227,-9418.149754
2762.502861,133.998066,114.855485,-9418.149754
2762.503488,76.570323,114.855485,-9418.149754
2762.504115,95.712904,114.855485,-9399.007173
2762.504743,76.570323,114.855485,-9418.149754
2762.505370,133.998066,114.855485,-9456.434915
2762.505998,76.570323,210.568389,-9418.149754
2762.506625,133.998066,210.568389,-9418.149754
2762.507252,153.140646,133.998066,-9399.007173
2762.507880,38.285162,114.855485,-9418.149754
2762.508507,57.427742,248.853550,-9360.722011
2762.509135,95.712904,153.140646,-9437.292334
2762.509762,95.712904,133.998066,-9418.149754
2762.510389,114.855485,133.998066,-9360.722011
2762.511017,114.855485,95.712904,-9399.007173
2762.511644,133.998066,153.140646,-9418.149754
2762.512272,133.998066,114.855485,-9456.434915
2762.512899,114.855485,133.998066,-9360.722011
2762.513526,57.427742,133.998066,-9360.722011
2762.514154,95.712904,133.998066,-9360.722011
2762.514781,57.427742,76.570323,-9379.864592
2762.515409,38.285162,114.855485,-9418.149754
2762.516036,38.285162,114.855485,-9341.579430
2762.516663,76.570323,114.855485,-9360.722011
2762.517291,153.140646,133.998066,-9399.007173
2762.517918,114.855485,114.855485,-9322.436850
2762.518545,114.855485,153.140646,-9360.722011
2762.519173,133.998066,153.140646,-9360.722011
2762.519800,133.998066,153.140646,-9418.149754
2762.520428,95.712904,153.140646,-9360.722011
2762.521055,133.998066,172.283227,-9399.007173
2762.521682,114.855485,210.568389,-9360.722011
2762.522310,133.998066,114.855485,-9360.722011
2762.522937,133.998066,191.425808,-9399.007173
2762.523565,133.998066,114.855485,-9418.149754
2762.524192,133.998066,114.855485,-9418.149754
2762.524819,210.568389,172.283227,-9399.007173
2762.525447,95.712904,172.283227,-9360.722011
2762.526074,76.570323,172.283227,-9418.149754
2762.526702,133.998066,114.855485,-9418.149754
2762.527329,153.140646,153.140646,-9399.007173
2762.527956,95.712904,133.998066,-9341.579430
2762.528584,133.998066,153.140646,-9418.149754
2762.529211,57.427742,114.855485,-9418.149754
2762.529839,76.570323,114.855485,-9418.149754
2762.530466,95.712904,133.998066,-9360.722011
2762.531093,76.570323,172.283227,-9437.292334
2762.531721,57.427742,172.283227,-9360.722011
2762.532348,95.712904,133.998066,-9360.722011
2762.532975,133.998066,210.568389,-9418.149754
2762.533603,95.712904,95.712904,-9379.864592
2762.534230,95.712904,172.283227,-9418.149754
2762.534858,153.140646,133.998066,-9399.007173
2762.535485,95.712904,133.998066,-9360.722011
2762.536112,95.712904,114.855485,-9399.007173
2762.536740,133.998066,114.855485,-9418.149754
2762.537367,133.998066,172.283227,-9418.149754
2762.537995,76.570323,172.283227,-9360.722011
2762.538622,172.283227,153.140646,-9379.864592
2762.539250,133.998066,172.283227,-9418.149754
2762.539877,76.570323,114.855485,-9418.149754
2762.540505,38.285162,153.140646,-9418.149754
2762.541132,133.998066,153.140646,-9399.007173
2762.541760,114.855485,153.140646,-9360.722011
2762.542387,19.142581,114.855485,-9418.149754
2762.543014,133.998066,114.855485,-9418.149754
2762.543642,95.712904,153.140646,-9360.722011
2762.544269,76.570323,210.568389,-9418.149754
2762.544897,38.285162,114.855485,-9418.149754
2762.545524,76.570323,114.855485,-9456.434915
2762.546152,38.285162,191.425808,-9456.434915
2762.546779,38.285162,172.283227,-9475.577496
2762.547407,133.998066,191.425808,-9418.149754
2762.548034,133.998066,114.855485,-9418.149754
2762.548662,133.998066,229.710970,-9418.149754
2762.549289,114.855485,133.998066,-9360.722011
2762.549917,133.998066,133.998066,-9399.007173
2762.550544,57.427742,95.712904,-9399.007173
2762.551172,76.570323,114.855485,-9418.149754
2762.551799,57.427742,172.283227,-9360.722011
2762.552427,153.140646,114.855485,-9360.722011
2762.553054,38.285162,114.855485,-9418.149754
2762.553682,76.570323,153.140646,-9418.149754
2762.554309,133.998066,114.855485,-9418.149754
2762.554937,95.712904,95.712904,-9399.007173
2762.555564,95.712904,95.712904,-9399.007173
2762.556192,133.998066,114.855485,-9418.149754
2762.556819,76.570323,114.855485,-9494.720077
2762.557447,95.712904,191.425808,-9456.434915
2762.558074,133.998066,114.855485,-9418.149754
2762.558702,133.998066,133.998066,-9399.007173
2762.559329,95.712904,95.712904,-9399.007173
2762.559956,153.140646,133.998066,-9379.864592
2762.560584,133.998066,76.570323,-9379.864592
2762.561211,133.998066,172.283227,-9418.149754
2762.561839,38.285162,172.283227,-9418.149754
2762.562466,57.427742,153.140646,-9360.722011
2762.563094,114.855485,172.283227,-9341.579430
2762.563721,114.855485,133.998066,-9360.722011
2762.564349,95.712904,95.712904,-9399.007173
2762.564976,76.570323,172.283227,-9418.149754
2762.565604,76.570323,153.140646,-9418.149754
2762.566231,76.570323,114.855485,-9418.149754
2762.566859,76.570323,114.855485,-9418.149754
2762.567486,153.140646,114.855485,-9437.292334
2762.568114,76.570323,210.568389,-9418.149754
2762.568741,133.998066,229.710970,-9418.149754
2762.569369,133.998066,153.140646,-9418.149754
2762.569996,153.140646,133.998066,-9399.007173
2762.570624,95.712904,95.712904,-9399.007173
2762.571251,76.570323,114.855485,-9360.722011
2762.571879,133.998066,114.855485,-9418.149754
2762.572506,114.855485,172.283227,-9360.722011
2762.573134,95.712904,153.140646,-9360.722011
2762.573761,76.570323,153.140646,-9418.149754
2762.574389,38.285162,114.855485,-9360.722011
2762.575016,114.855485,133.998066,-9360.722011
2762.575644,133.998066,114.855485,-9418.149754
2762.576271,57.427742,114.855485,-9418.149754
2762.576898,76.570323,172.283227,-9418.149754
2762.577526,76.570323,153.140646,-9418.149754
2762.578153,76.570323,114.855485,-9418.149754
2762.578781,57.427742,133.998066,-9360.722011
2762.579408,133.998066,114.855485,-9418.149754
2762.580036,38.285162,153.140646,-9418.149754
2762.580663,76.570323,153.140646,-9360.722011
2762.581291,95.712904,133.998066,-9418.149754
2762.581918,57.427742,114.855485,-9418.149754
2762.582546,133.998066,114.855485,-9418.149754
2762.583173,57.427742,133.998066,-9303.294269
2762.583801,76.570323,114.855485,-9418.149754
2762.584428,114.855485,133.998066,-9360.722011
2762.585056,38.285162,114.855485,-9418.149754
2762.585683,95.712904,172.283227,-9360.722011
2762.586311,76.570323,114.855485,-9418.149754
2762.586938,133.998066,114.855485,-9418.149754
2762.587566,38.285162,114.855485,-9418.149754
2762.588193,114.855485,133.998066,-9418.149754
2762.588821,133.998066,210.568389,-9418.149754
2762.589448,76.570323,153.140646,-9418.149754
2762.590076,38.285162,172.283227,-9418.149754
2762.590703,76.570323,153.140646,-9418.149754
2762.591331,114.855485,95.712904,-9437.292334
2762.591958,76.570323,210.568389,-9418.149754
2762.592586,57.427742,172.283227,-9418.149754
2762.593213,76.570323,133.998066,-9360.722011
2762.593840,95.712904,133.998066,-9360.722011
2762.594468,153.140646,172.283227,-9399.007173
2762.595095,95.712904,95.712904,-9399.007173
2762.595723,38.285162,114.855485,-9418.149754
2762.596350,76.570323,114.855485,-9418.149754
2762.596978,95.712904,114.855485,-9456.434915
2762.597605,76.570323,114.855485,-9418.149754
2762.598233,133.998066,114.855485,-9418.149754
2762.598860,76.570323,172.283227,-9418.149754
2762.599488,133.998066,153.140646,-9418.149754
2762.600115,76.570323,172.283227,-9418.149754
2762.600743,133.998066,114.855485,-9418.149754
2762.601370,76.570323,114.855485,-9418.149754
2762.601998,133.998066,114.855485,-9418.149754
2762.602625,133.998066,114.855485,-9418.149754
2762.603253,172.283227,114.855485,-9379.864592
2762.603880,95.712904,133.998066,-9360.722011
2762.604508,76.570323,114.855485,-9418.149754
2762.605135,76.570323,172.283227,-9360.722011
2762.605763,38.285162,153.140646,-9418.149754
2762.606390,76.570323,210.568389,-9418.149754
2762.607018,76.570323,172.283227,-9360.722011
2762.607645,76.570323,76.570323,-9379.864592
2762.608273,57.427742,133.998066,-9360.722011
2762.608900,38.285162,114.855485,-9418.149754
2762.609528,57.427742,153.140646,-9360.722011
2762.610155,38.285162,114.855485,-9418.149754
2762.610783,38.285162,114.855485,-9418.149754
2762.611410,19.142581,114.855485,-9360.722011
2762.612037,38.285162,114.855485,-9418.149754
2762.612665,76.570323,114.855485,-9418.149754
2762.613292,95.712904,114.855485,-9418.149754
2762.613920,76.570323,210.568389,-9418.149754
2762.614547,76.570323,210.568389,-9437.292334
2762.615175,19.142581,191.425808,-9456.434915
2762.615802,76.570323,114.855485,-9456.434915
2762.616430,57.427742,153.140646,-9360.722011
2762.617057,114.855485,191.425808,-9360.722011
2762.617685,114.855485,153.140646,-9360.722011
2762.618312,114.855485,133.998066,-9360.722011
2762.618940,133.998066,114.855485,-9437.292334
2762.619567,57.427742,153.140646,-9418.149754
2762.620195,38.285162,153.140646,-9418.149754
2762.620822,76.570323,210.568389,-9437.292334
2762.621450,76.570323,172.283227,-9418.149754
2762.622077,38.285162,114.855485,-9418.149754
2762.622705,114.855485,95.712904,-9399.007173
2762.623332,95.712904,172.283227,-9360.722011
2762.623960,153.140646,133.998066,-9399.007173
2762.624587,76.570323,114.855485,-9360.722011
2762.625215,95.712904,153.140646,-9418.149754
2762.625842,76.570323,114.855485,-9418.149754
2762.626470,76.570323,153.140646,-9418.149754
2762.627097,114.855485,133.998066,-9360.722011
2762.627725,76.570323,114.855485,-9418.149754
2762.628352,133.998066,172.283227,-9418.149754
2762.628979,38.285162,153.140646,-9418.149754
2762.629607,95.712904,114.855485,-9360.722011
2762.630234,133.998066,114.855485,-9418.149754
2762.630862,95.712904,153.140646,-9360.722011
2762.631489,133.998066,153.140646,-9418.149754
2762.632117,76.570323,114.855485,-9418.149754
2762.632744,76.570323,114.855485,-9418.149754
2762.633372,153.140646,210.568389,-9399.007173
2762.633999,38.285162,153.140646,-9418.149754
2762.634627,76.570323,114.855485,-9418.149754
2762.635254,114.855485,133.998066,-9360.722011
2762.635882,38.285162,114.855485,-9418.149754
2762.636509,38.285162,114.855485,-9418.149754
2762.637137,38.285162,172.283227,-9418.149754
2762.637764,57.427742,133.998066,-9360.722011
2762.638392,95.712904,133.998066,-9360.722011
2762.639019,95.712904,133.998066,-9360.722011
2762.639647,38.285162,153.140646,-9399.007173
2762.640274,57.427742,133.998066,-9360.722011
2762.640902,38.285162,114.855485,-9418.149754
2762.641530,38.285162,114.855485,-9418.149754
2762.642157,38.285162,153.140646,-9418.149754
2762.642785,38.285162,210.568389,-9360.722011
2762.643412,38.285162,153.140646,-9418.149754
2762.644040,95.712904,191.425808,-9360.722011
2762.644668,133.998066,114.855485,-9418.149754
2762.645295,133.998066,153.140646,-9418.149754
2762.645923,76.570323,114.855485,-9418.149754
2762.646550,133.998066,114.855485,-9418.149754
2762.647178,95.712904,172.283227,-9437.292334
2762.647806,38.285162,153.140646,-9418.149754
2762.648433,153.140646,153.140646,-9418.149754
2762.649061,114.855485,133.998066,-9360.722011
2762.649688,133.998066,114.855485,-9418.149754
2762.650316,172.283227,114.855485,-9322.436850
2762.650944,95.712904,153.140646,-9360.722011
2762.651571,76.570323,114.855485,-9456.434915
2762.652199,38.285162,153.140646,-9418.149754
2762.652826,38.285162,114.855485,-9418.149754
2762.653454,76.570323,114.855485,-9418.149754
2762.654082,133.998066,114.855485,-9360.722011
2762.654709,172.283227,153.140646,-9379.864592
2762.655337,153.140646,133.998066,-9399.007173
2762.655964,114.855485,114.855485,-9379.864592
2762.656592,95.712904,133.998066,-9360.722011
2762.657220,76.570323,153.140646,-9418.149754
2762.657847,95.712904,172.283227,-9418.149754
2762.658475,76.570323,114.855485,-9418.149754
2762.659102,57.427742,191.425808,-9360.722011
2762.659730,38.285162,114.855485,-9418.149754
2762.660358,0.000000,133.998066,-9360.722011
2762.660985,57.427742,133.998066,-9360.722011
2762.661613,76.570323,172.283227,-9418.149754
2762.662240,133.998066,114.855485,-9437.292334
2762.662868,95.712904,95.712904,-9399.007173
2762.663496,114.855485,248.853550,-9360.722011
2762.664123,133.998066,114.855485,-9418.149754
2762.664751,76.570323,114.855485,-9437.292334
2762.665378,133.998066,133.998066,-9399.007173
2762.666006,133.998066,114.855485,-9418.149754
2762.666634,172.283227,114.855485,-9341.579430
2762.667261,57.427742,95.712904,-9399.007173
2762.667889,133.998066,210.568389,-9418.149754
2762.668516,153.140646,114.855485,-9418.149754
2762.669144,133.998066,153.140646,-9399.007173
2762.669772,38.285162,114.855485,-9418.149754
2762.670399,95.712904,114.855485,-9475.577496
2762.671027,76.570323,172.283227,-9437.292334
2762.671654,133.998066,114.855485,-9418.149754
2762.672282,76.570323,172.283227,-9418.149754
2762.672910,133.998066,172.283227,-9418.149754
2762.673537,133.998066,114.855485,-9418.149754
2762.674165,38.285162,153.140646,-9418.149754
2762.674792,114.855485,153.140646,-9360.722011
2762.675420,57.427742,114.855485,-9418.149754
2762.676048,114.855485,133.998066,-9360.722011
2762.676675,95.712904,133.998066,-9360.722011
2762.677303,95.712904,114.855485,-9418.149754
2762.677930,76.570323,153.140646,-9418.149754
2762.678558,38.285162,153.140646,-9437.292334
2762.679186,133.998066,172.283227,-9418.149754
2762.679813,76.570323,114.855485,-9437.292334
2762.680441,38.285162,114.855485,-9418.149754
2762.681068,133.998066,114.855485,-9418.149754
2762.681696,133.998066,114.855485,-9418.149754
2762.682324,172.283227,133.998066,-9418.149754
2762.682951,114.855485,210.568389,-9437.292334
2762.683579,38.285162,229.710970,-9475.577496
2762.684206,95.712904,133.998066,-9360.722011
2762.684834,95.712904,153.140646,-9360.722011
2762.685462,114.855485,172.283227,-9379.864592
2762.686089,76.570323,114.855485,-9418.149754
2762.686717,95.712904,172.283227,-9418.149754
2762.687344,76.570323,210.568389,-9418.149754
2762.687972,133.998066,114.855485,-9418.149754
2762.688600,38.285162,114.855485,-9418.149754
2762.689227,76.570323,114.855485,-9418.149754
2762.689855,76.570323,114.855485,-9418.149754
2762.690482,57.427742,95.712904,-9399.007173
2762.691110,76.570323,172.283227,-9418.149754
2762.691738,38.285162,114.855485,-9418.149754
2762.692365,57.427742,114.855485,-9418.149754
2762.692993,38.285162,114.855485,-9418.149754
2762.693620,57.427742,95.712904,-9399.007173
2762.694248,133.998066,114.855485,-9418.149754
2762.694876,38.285162,153.140646,-9418.149754
2762.695503,76.570323,114.855485,-9418.149754
2762.696131,76.570323,114.855485,-9418.149754
2762.696758,114.855485,172.283227,-9360.722011
2762.697386,95.712904,191.425808,-9360.722011
2762.698014,133.998066,153.140646,-9437.292334
2762.698641,76.570323,114.855485,-9437.292334
2762.699269,95.712904,172.283227,-9360.722011
2762.699896,133.998066,114.855485,-9418.149754
2762.700524,133.998066,114.855485,-9418.149754
2762.701152,133.998066,114.855485,-9437.292334
2762.701779,76.570323,114.855485,-9437.292334
2762.702407,76.570323,114.855485,-9418.149754
2762.703034,38.285162,114.855485,-9418.149754
2762.703662,133.998066,114.855485,-9418.149754
2762.704289,19.142581,172.283227,-9418.149754
2762.704917,38.285162,114.855485,-9418.149754
2762.705545,114.855485,95.712904,-9456.434915
2762.706172,76.570323,210.568389,-9418.149754
2762.706800,133.998066,114.855485,-9456.434915
2762.707427,76.570323,114.855485,-9418.149754
2762.708055,38.285162,114.855485,-9418.149754
2762.708683,95.712904,114.855485,-9418.149754
2762.709310,133.998066,114.855485,-9418.149754
2762.709938,76.570323,114.855485,-9418.149754
2762.710565,114.855485,76.570323,-9360.722011
2762.711193,38.285162,114.855485,-9418.149754
2762.711821,76.570323,114.855485,-9418.149754
2762.712448,133.998066,114.855485,-9418.149754
2762.713076,133.998066,76.570323,-9379.864592
2762.713703,114.855485,95.712904,-9399.007173
2762.714331,76.570323,114.855485,-9418.149754
2762.714959,38.285162,114.855485,-9418.149754
2762.715586,133.998066,153.140646,-9418.149754
2762.716214,95.712904,153.140646,-9418.149754
2762.716841,133.998066,172.283227,-9418.149754
2762.717469,95.712904,95.712904,-9399.007173
2762.718097,76.570323,114.855485,-9418.149754
2762.718724,38.285162,153.140646,-9418.149754
2762.719352,76.570323,133.998066,-9379.864592
2762.719979,95.712904,153.140646,-9418.149754
2762.720607,114.855485,95.712904,-9399.007173
2762.721235,114.855485,172.283227,-9360.722011
2762.721862,95.712904,172.283227,-9322.436850
2762.722490,172.283227,114.855485,-9341.579430
2762.723117,76.570323,114.855485,-9360.722011
2762.723745,76.570323,114.855485,-9418.149754
2762.724373,76.570323,114.855485,-9418.149754
2762.725000,76.570323,172.283227,-9418.149754
2762.725628,95.712904,114.855485,-9399.007173
2762.726255,76.570323,114.855485,-9437.292334
2762.726883,133.998066,210.568389,-9399.007173
2762.727511,133.998066,172.283227,-9418.149754
2762.728138,57.427742,133.998066,-9360.722011
2762.728766,38.285162,191.425808,-9418.149754
2762.729393,95.712904,153.140646,-9360.722011
2762.730021,133.998066,114.855485,-9418.149754
2762.730649,38.285162,114.855485,-9418.149754
2762.731276,76.570323,114.855485,-9418.149754
2762.731904,76.570323,114.855485,-9418.149754
2762.732531,153.140646,172.283227,-9418.149754
2762.733159,76.570323,133.998066,-9360.722011
2762.733787,76.570323,76.570323,-9379.864592
2762.734414,76.570323,114.855485,-9418.149754
2762.735042,133.998066,153.140646,-9360.722011
2762.735669,153.140646,191.425808,-9418.149754
2762.736297,153.140646,133.998066,-9399.007173
2762.736925,38.285162,114.855485,-9418.149754
2762.737552,114.855485,172.283227,-9360.722011
2762.738180,172.283227,76.570323,-9418.149754
2762.738807,133.998066,114.855485,-9418.149754
2762.739435,76.570323,210.568389,-9418.149754
2762.740062,57.427742,95.712904,-9456.434915
2762.740689,76.570323,191.425808,-9456.434915
2762.741317,76.570323,114.855485,-9418.149754
2762.741944,95.712904,191.425808,-9341.579430
2762.742572,172.283227,114.855485,-9379.864592
2762.743199,57.427742,133.998066,-9360.722011
2762.743826,114.855485,133.998066,-9360.722011
2762.744454,57.427742,133.998066,-9360.722011
2762.745081,133.998066,114.855485,-9418.149754
2762.745708,76.570323,114.855485,-9418.149754
2762.746336,57.427742,153.140646,-9360.722011
2762.746963,57.427742,114.855485,-9360.722011
2762.747591,57.427742,133.998066,-9341.579430
2762.748218,57.427742,210.568389,-9418.149754
2762.748845,38.285162,153.140646,-9418.149754
2762.749473,133.998066,153.140646,-9418.149754
2762.750100,76.570323,114.855485,-9418.149754
2762.750727,95.712904,172.283227,-9418.149754
2762.751355,95.712904,172.283227,-9360.722011
2762.751982,210.568389,191.425808,-9437.292334
2762.752609,76.570323,114.855485,-9418.149754
2762.753237,133.998066,114.855485,-9418.149754
2762.753864,133.998066,191.425808,-9399.007173
2762.754492,38.285162,210.568389,-9418.149754
2762.755119,38.285162,153.140646,-9418.149754
2762.755746,76.570323,153.140646,-9418.149754
2762.756374,76.570323,153.140646,-9418.149754
2762.757001,153.140646,172.283227,-9399.007173
2762.757628,133.998066,210.568389,-9437.292334
2762.758256,153.140646,153.140646,-9399.007173
2762.758883,133.998066,153.140646,-9418.149754
2762.759511,76.570323,153.140646,-9418.149754
2762.760138,114.855485,133.998066,-9360.722011
2762.760765,95.712904,95.712904,-9437.292334
2762.761393,76.570323,133.998066,-9360.722011
2762.762020,133.998066,153.140646,-9418.149754
2762.762647,133.998066,210.568389,-9456.434915
2762.763275,153.140646,133.998066,-9399.007173
2762.763902,38.285162,114.855485,-9456.434915
2762.764529,133.998066,114.855485,-9456.434915
2762.765157,76.570323,153.140646,-9418.149754
2762.765784,38.285162,114.855485,-9437.292334
2762.766412,114.855485,172.283227,-9360.722011
2762.767039,57.427742,172.283227,-9360.722011
2762.767666,38.285162,172.283227,-9418.149754
2762.768294,76.570323,172.283227,-9418.149754
2762.768921,133.998066,114.855485,-9341.579430
2762.769548,114.855485,153.140646,-9360.722011
2762.770176,133.998066,133.998066,-9379.864592
2762.770803,133.998066,114.855485,-9418.149754
2762.771430,38.285162,114.855485,-9418.149754
2762.772058,76.570323,172.283227,-9360.722011
2762.772685,133.998066,114.855485,-9418.149754
2762.773313,76.570323,76.570323,-9399.007173
2762.773940,76.570323,114.855485,-9418.149754
2762.774567,76.570323,114.855485,-9437.292334
2762.775195,133.998066,114.855485,-9418.149754
2762.775822,57.427742,133.998066,-9341.579430
2762.776449,95.712904,114.855485,-9418.149754
2762.777077,95.712904,191.425808,-9456.434915
2762.777704,95.712904,153.140646,-9360.722011
2762.778332,76.570323,114.855485,-9418.149754
2762.778959,133.998066,114.855485,-9418.149754
2762.779586,133.998066,114.855485,-9456.434915
2762.780214,95.712904,133.998066,-9360.722011
2762.780841,95.712904,172.283227,-9360.722011
2762.781468,76.570323,172.283227,-9437.292334
2762.782096,76.570323,114.855485,-9418.149754
2762.782723,133.998066,153.140646,-9456.434915
2762.783350,76.570323,114.855485,-9418.149754
2762.783978,76.570323,114.855485,-9418.149754
2762.784605,76.570323,114.855485,-9418.149754
2762.785233,95.712904,114.855485,-9418.149754
2762.785860,76.570323,114.855485,-9437.292334
2762.786487,76.570323,114.855485,-9418.149754
2762.787115,76.570323,114.855485,-9418.149754
2762.787742,95.712904,95.712904,-9399.007173
2762.788369,95.712904,114.855485,-9399.007173
2762.788997,210.568389,133.998066,-9399.007173
2762.789624,133.998066,153.140646,-9418.149754
2762.790252,76.570323,114.855485,-9418.149754
2762.790879,95.712904,133.998066,-9360.722011
2762.791506,76.570323,114.855485,-9418.149754
2762.792134,76.570323,114.855485,-9418.149754
2762.792761,133.998066,76.570323,-9379.864592
2762.793388,95.712904,172.283227,-9360.722011
2762.794016,172.283227,95.712904,-9399.007173
2762.794643,95.712904,114.855485,-9418.149754
2762.795270,76.570323,153.140646,-9418.149754
2762.795898,38.285162,172.283227,-9418.149754
2762.796525,133.998066,114.855485,-9418.149754
2762.797153,76.570323,114.855485,-9418.149754
2762.797780,76.570323,153.140646,-9360.722011
2762.798407,95.712904,114.855485,-9418.149754
2762.799035,133.998066,172.283227,-9418.149754
2762.799662,153.140646,153.140646,-9418.149754
2762.800289,57.427742,114.855485,-9418.149754
2762.800917,76.570323,114.855485,-9418.149754
2762.801544,133.998066,172.283227,-9456.434915
2762.802171,133.998066,153.140646,-9418.149754
2762.802799,57.427742,153.140646,-9418.149754
2762.803426,38.285162,172.283227,-9418.149754
2762.804054,133.998066,210.568389,-9360.722011
2762.804681,114.855485,133.998066,-9360.722011
2762.805308,133.998066,172.283227,-9418.149754
2762.805936,76.570323,114.855485,-9418.149754
2762.806563,76.570323,153.140646,-9418.149754
2762.807190,133.998066,172.283227,-9418.149754
2762.807818,172.283227,153.140646,-9379.864592
2762.808445,38.285162,153.140646,-9418.149754
2762.809073,114.855485,153.140646,-9379.864592
2762.809700,133.998066,153.140646,-9379.864592
2762.810327,133.998066,172.283227,-9418.149754
2762.810955,114.855485,133.998066,-9360.722011
2762.811582,76.570323,114.855485,-9418.149754
2762.812209,57.427742,133.998066,-9360.722011
2762.812837,38.285162,114.855485,-9418.149754
2762.813464,133.998066,114.855485,-9418.149754
2762.814091,114.855485,133.998066,-9360.722011
2762.814719,95.712904,172.283227,-9360.722011
2762.815346,38.285162,114.855485,-9418.149754
2762.815974,76.570323,114.855485,-9418.149754
2762.816601,172.283227,76.570323,-9418.149754
2762.817228,76.570323,114.855485,-9418.149754
2762.817856,76.570323,114.855485,-9418.149754
2762.818483,133.998066,114.855485,-9418.149754
2762.819110,133.998066,114.855485,-9456.434915
2762.819738,76.570323,210.568389,-9418.149754
2762.820365,114.855485,191.425808,-9360.722011
2762.820992,133.998066,114.855485,-9418.149754
2762.821620,38.285162,172.283227,-9360.722011
2762.822247,76.570323,114.855485,-9418.149754
2762.822875,38.285162,114.855485,-9437.292334
2762.823502,153.140646,133.998066,-9475.577496
2762.824129,76.570323,114.855485,-9418.149754
2762.824757,133.998066,114.855485,-9418.149754
2762.825384,95.712904,114.855485,-9399.007173
2762.826011,133.998066,114.855485,-9418.149754
2762.826639,38.285162,114.855485,-9437.292334
2762.827266,57.427742,133.998066,-9360.722011
2762.827894,133.998066,133.998066,-9399.007173
2762.828521,38.285162,114.855485,-9418.149754
2762.829148,57.427742,172.283227,-9360.722011
2762.829776,38.285162,114.855485,-9418.149754
2762.830403,153.140646,133.998066,-9399.007173
2762.831030,95.712904,133.998066,-9360.722011
2762.831658,76.570323,210.568389,-9437.292334
2762.832285,76.570323,114.855485,-9456.434915
2762.832912,114.855485,114.855485,-9399.007173
2762.833540,95.712904,114.855485,-9418.149754
2762.834167,133.998066,114.855485,-9418.149754
2762.834795,95.712904,133.998066,-9360.722011
2762.835422,133.998066,153.140646,-9418.149754
2762.836049,133.998066,210.568389,-9360.722011
2762.836677,57.427742,153.140646,-9360.722011
2762.837304,76.570323,191.425808,-9418.149754
2762.837931,38.285162,153.140646,-9418.149754
2762.838559,95.712904,95.712904,-9399.007173
2762.839186,76.570323,114.855485,-9418.149754
2762.839814,76.570323,210.568389,-9456.434915
2762.840441,76.570323,114.855485,-9418.149754
2762.841069,114.855485,114.855485,-9379.864592
2762.841696,57.427742,172.283227,-9360.722011
2762.842323,76.570323,172.283227,-9360.722011
2762.842951,95.712904,133.998066,-9360.722011
2762.843578,114.855485,133.998066,-9360.722011
2762.844206,76.570323,153.140646,-9437.292334
2762.844833,38.285162,172.283227,-9418.149754
2762.845461,133.998066,114.855485,-9418.149754
2762.846088,95.712904,133.998066,-9360.722011
2762.846716,153.140646,153.140646,-9418.149754
2762.847343,114.855485,191.425808,-9360.722011
2762.847971,133.998066,114.855485,-9418.149754
2762.848598,133.998066,114.855485,-9418.149754
2762.849226,95.712904,95.712904,-9399.007173
2762.849853,133.998066,153.140646,-9399.007173
2762.850481,133.998066,172.283227,-9418.149754
2762.851108,76.570323,114.855485,-9437.292334
2762.851735,133.998066,114.855485,-9360.722011
2762.852363,57.427742,114.855485,-9418.149754
2762.852990,95.712904,191.425808,-9360.722011
2762.853618,76.570323,114.855485,-9418.149754
2762.854245,38.285162,153.140646,-9418.149754
2762.854873,76.570323,172.283227,-9418.149754
2762.855500,76.570323,114.855485,-9418.149754
2762.856128,114.855485,76.570323,-9418.149754
2762.856755,76.570323,114.855485,-9456.434915
2762.857383,38.285162,114.855485,-9418.149754
2762.858010,76.570323,114.855485,-9418.149754
2762.858638,38.285162,114.855485,-9418.149754
2762.859265,76.570323,95.712904,-9399.007173
2762.859893,76.570323,114.855485,-9418.149754
2762.860520,133.998066,133.998066,-9379.864592
2762.861148,76.570323,133.998066,-9360.722011
2762.861775,133.998066,114.855485,-9418.149754
2762.862402,76.570323,153.140646,-9418.149754
2762.863030,76.570323,133.998066,-9360.722011
2762.863657,153.140646,172.283227,-9399.007173
2762.864285,76.570323,172.283227,-9418.149754
2762.864912,133.998066,172.283227,-9418.149754
2762.865540,57.427742,153.140646,-9418.149754
2762.866167,95.712904,153.140646,-9418.149754
2762.866795,76.570323,153.140646,-9418.149754
2762.867422,114.855485,172.283227,-9360.722011
2762.868050,114.855485,95.712904,-9399.007173
2762.868677,153.140646,133.998066,-9399.007173
2762.869305,76.570323,153.140646,-9418.149754
2762.869932,76.570323,114.855485,-9418.149754
2762.870560,76.570323,210.568389,-9418.149754
2762.871187,38.285162,172.283227,-9418.149754
2762.871814,76.570323,133.998066,-9360.722011
2762.872442,76.570323,114.855485,-9418.149754
2762.873069,76.570323,153.140646,-9418.149754
2762.873697,133.998066,172.283227,-9418.149754
2762.874324,38.285162,114.855485,-9360.722011
2762.874952,114.855485,133.998066,-9360.722011
2762.875579,114.855485,95.712904,-9399.007173
2762.876207,95.712904,133.998066,-9360.722011
2762.876834,76.570323,133.998066,-9360.722011
2762.877462,153.140646,133.998066,-9399.007173
2762.878089,133.998066,133.998066,-9399.007173
2762.878717,76.570323,114.855485,-9418.149754
2762.879344,153.140646,133.998066,-9399.007173
2762.879972,133.998066,114.855485,-9418.149754
2762.880599,76.570323,210.568389,-9418.149754
2762.881226,95.712904,153.140646,-9360.722011
2762.881854,76.570323,114.855485,-9418.149754
2762.882481,133.998066,114.855485,-9418.149754
2762.883109,95.712904,114.855485,-9418.149754
2762.883736,57.427742,114.855485,-9399.007173
2762.884364,114.855485,133.998066,-9360.722011
2762.884991,114.855485,133.998066,-9360.722011
2762.885619,133.998066,172.283227,-9379.864592
2762.886246,76.570323,76.570323,-9322.436850
2762.886874,133.998066,114.855485,-9437.292334
2762.887501,133.998066,114.855485,-9418.149754
2762.888129,172.283227,114.855485,-9379.864592
2762.888756,133.998066,172.283227,-9418.149754
2762.889384,95.712904,133.998066,-9360.722011
2762.890011,133.998066,210.568389,-9418.149754
2762.890638,153.140646,172.283227,-9399.007173
2762.891266,38.285162,172.283227,-9418.149754
2762.891893,76.570323,76.570323,-9379.864592
2762.892521,133.998066,133.998066,-9399.007173
2762.893148,153.140646,133.998066,-9399.007173
2762.893776,38.285162,172.283227,-9418.149754
2762.894403,76.570323,172.283227,-9418.149754
2762.895031,133.998066,114.855485,-9399.007173
2762.895658,57.427742,191.425808,-9360.722011
2762.896286,57.427742,153.140646,-9418.149754
2762.896913,76.570323,114.855485,-9437.292334
2762.897541,76.570323,114.855485,-9418.149754
2762.898168,133.998066,114.855485,-9418.149754
2762.898796,133.998066,210.568389,-9399.007173
2762.899423,76.570323,133.998066,-9379.864592
2762.900050,114.855485,95.712904,-9437.292334
2762.900678,76.570323,114.855485,-9360.722011
2762.901305,95.712904,133.998066,-9360.722011
2762.901933,57.427742,133.998066,-9360.722011
2762.902560,76.570323,95.712904,-9399.007173
2762.903188,95.712904,133.998066,-9360.722011
2762.903815,76.570323,114.855485,-9360.722011
2762.904443,76.570323,114.855485,-9437.292334
2762.905070,114.855485,133.998066,-9360.722011
2762.905698,76.570323,114.855485,-9418.149754
2762.906325,38.285162,172.283227,-9418.149754
2762.906953,38.285162,172.283227,-9360.722011
2762.907580,76.570323,153.140646,-9418.149754
2762.908208,76.570323,114.855485,-9475.577496
2762.908835,57.427742,95.712904,-9399.007173
2762.909462,38.285162,114.855485,-9360.722011
2762.910090,133.998066,114.855485,-9437.292334
2762.910717,76.570323,114.855485,-9456.434915
2762.911345,38.285162,172.283227,-9418.149754
2762.911972,95.712904,153.140646,-9284.151688
2762.912600,133.998066,153.140646,-9437.292334
2762.913227,76.570323,114.855485,-9418.149754
2762.913855,95.712904,114.855485,-9418.149754
2762.914482,95.712904,95.712904,-9456.434915
2762.915110,133.998066,191.425808,-9418.149754
2762.915737,76.570323,172.283227,-9418.149754
2762.916365,153.140646,172.283227,-9437.292334
2762.916992,133.998066,210.568389,-9418.149754
2762.917620,76.570323,114.855485,-9418.149754
2762.918247,38.285162,114.855485,-9456.434915
2762.918874,95.712904,133.998066,-9360.722011
2762.919502,172.283227,210.568389,-9379.864592
2762.920129,76.570323,210.568389,-9418.149754
2762.920757,76.570323,153.140646,-9456.434915
2762.921384,133.998066,153.140646,-9418.149754
2762.922012,76.570323,153.140646,-9418.149754
2762.922639,57.427742,95.712904,-9399.007173
2762.923267,38.285162,76.570323,-9399.007173
2762.923894,76.570323,114.855485,-9418.149754
2762.924522,76.570323,153.140646,-9437.292334
2762.925149,133.998066,114.855485,-9418.149754
2762.925777,76.570323,172.283227,-9418.149754
2762.926404,76.570323,114.855485,-9418.149754
2762.927032,133.998066,114.855485,-9418.149754
2762.927659,133.998066,153.140646,-9418.149754
2762.928286,95.712904,153.140646,-9360.722011
2762.928914,133.998066,114.855485,-9418.149754
2762.929541,114.855485,133.998066,-9360.722011
2762.930169,133.998066,76.570323,-9379.864592
2762.930796,133.998066,153.140646,-9437.292334
2762.931424,38.285162,114.855485,-9418.149754
2762.932051,133.998066,133.998066,-9437.292334
2762.932679,76.570323,153.140646,-9418.149754
2762.933306,76.570323,114.855485,-9418.149754
2762.933934,95.712904,153.140646,-9418.149754
2762.934561,153.140646,133.998066,-9399.007173
2762.935189,76.570323,114.855485,-9418.149754
2762.935816,0.000000,133.998066,-9418.149754
2762.936444,153.140646,172.283227,-9399.007173
2762.937071,38.285162,172.283227,-9418.149754
2762.937698,133.998066,172.283227,-9418.149754
2762.938326,191.425808,133.998066,-9399.007173
2762.938953,19.142581,114.855485,-9418.149754
2762.939581,76.570323,153.140646,-9418.149754
2762.940208,76.570323,153.140646,-9418.149754
2762.940836,133.998066,114.855485,-9456.434915
2762.941463,114.855485,153.140646,-9360.722011
2762.942090,38.285162,114.855485,-9437.292334
2762.942718,76.570323,114.855485,-9418.149754
2762.943345,38.285162,153.140646,-9456.434915
2762.943972,38.285162,153.140646,-9418.149754
2762.944600,95.712904,153.140646,-9437.292334
2762.945227,76.570323,114.855485,-9418.149754
2762.945855,114.855485,95.712904,-9399.007173
2762.946482,57.427742,95.712904,-9399.007173
2762.947109,95.712904,95.712904,-9399.007173
2762.947737,76.570323,114.855485,-9418.149754
2762.948364,76.570323,133.998066,-9360.722011
2762.948991,38.285162,114.855485,-9418.149754
2762.949619,19.142581,153.140646,-9418.149754
2762.950246,57.427742,153.140646,-9418.149754
2762.950873,38.285162,172.283227,-9437.292334
2762.951501,76.570323,153.140646,-9418.149754
2762.952128,95.712904,133.998066,-9360.722011
2762.952755,76.570323,114.855485,-9418.149754
2762.953383,76.570323,114.855485,-9418.149754
2762.954010,76.570323,114.855485,-9418.149754
2762.954638,95.712904,210.568389,-9360.722011
2762.955265,133.998066,153.140646,-9437.292334
2762.955892,153.140646,172.283227,-9399.007173
2762.956520,133.998066,172.283227,-9418.149754
2762.957147,133.998066,153.140646,-9418.149754
2762.957774,114.855485,153.140646,-9360.722011
2762.958402,114.855485,133.998066,-9360.722011
2762.959029,133.998066,210.568389,-9418.149754
2762.959656,76.570323,210.568389,-9437.292334
2762.960284,38.285162,191.425808,-9418.149754
2762.960911,153.140646,191.425808,-9399.007173
2762.961539,38.285162,210.568389,-9437.292334
2762.962166,133.998066,153.140646,-9418.149754
2762.962793,114.855485,133.998066,-9360.722011
2762.963421,114.855485,76.570323,-9456.434915
2762.964048,76.570323,114.855485,-9418.149754
2762.964675,95.712904,172.283227,-9360.722011
2762.965303,38.285162,229.710970,-9360.722011
2762.965930,76.570323,114.855485,-9418.149754
2762.966557,95.712904,172.283227,-9418.149754
2762.967185,38.285162,210.568389,-9456.434915
2762.967812,95.712904,114.855485,-9418.149754
2762.968440,76.570323,114.855485,-9418.149754
2762.969067,76.570323,210.568389,-9418.149754
2762.969694,133.998066,153.140646,-9418.149754
2762.970322,133.998066,114.855485,-9437.292334
2762.970949,38.285162,114.855485,-9418.149754
2762.971576,133.998066,210.568389,-9418.149754
2762.972204,133.998066,114.855485,-9418.149754
2762.972831,133.998066,114.855485,-9418.149754
2762.973458,133.998066,153.140646,-9418.149754
2762.974086,95.712904,114.855485,-9399.007173
2762.974713,38.285162,114.855485,-9418.149754
2762.975340,76.570323,114.855485,-9418.149754
2762.975968,153.140646,133.998066,-9399.007173
2762.976595,133.998066,76.570323,-9379.864592
2762.977223,133.998066,114.855485,-9418.149754
2762.977850,114.855485,76.570323,-9456.434915
2762.978477,19.142581,153.140646,-9418.149754
2762.979105,133.998066,172.283227,-9418.149754
2762.979732,0.000000,133.998066,-9360.722011
2762.980359,133.998066,114.855485,-9418.149754
2762.980987,38.285162,114.855485,-9418.149754
2762.981614,76.570323,153.140646,-9437.292334
2762.982241,95.712904,133.998066,-9360.722011
2762.982869,133.998066,114.855485,-9418.149754
2762.983496,153.140646,95.712904,-9360.722011
2762.984124,76.570323,114.855485,-9456.434915
2762.984751,153.140646,133.998066,-9399.007173
2762.985378,133.998066,114.855485,-9437.292334
2762.986006,114.855485,153.140646,-9379.864592
2762.986633,57.427742,229.710970,-9418.149754
2762.987260,95.712904,95.712904,-9399.007173
2762.987888,76.570323,114.855485,-9418.149754
2762.988515,133.998066,210.568389,-9418.149754
2762.989142,76.570323,114.855485,-9437.292334
2762.989770,95.712904,210.568389,-9418.149754
2762.990397,133.998066,172.283227,-9418.149754
2762.991025,95.712904,133.998066,-9360.722011
2762.991652,76.570323,95.712904,-9399.007173
2762.992279,95.712904,133.998066,-9360.722011
2762.992907,172.283227,114.855485,-9379.864592
2762.993534,133.998066,114.855485,-9418.149754
2762.994161,133.998066,114.855485,-9418.149754
2762.994789,95.712904,191.425808,-9418.149754
2762.995416,76.570323,153.140646,-9418.149754
2762.996043,133.998066,153.140646,-9418.149754
2762.996671,76.570323,133.998066,-9399.007173
2762.997298,95.712904,133.998066,-9360.722011
2762.997926,114.855485,95.712904,-9399.007173
2762.998553,133.998066,114.855485,-9360.722011
2762.999180,133.998066,114.855485,-9418.149754
2762.999808,76.570323,172.283227,-9418.149754
2763.000435,133.998066,172.283227,-9418.149754
2763.001062,76.570323,153.140646,-9418.149754
2763.001690,76.570323,114.855485,-9418.149754
2763.002317,76.570323,153.140646,-9418.149754
2763.002944,76.570323,153.140646,-9360.722011
2763.003572,76.570323,153.140646,-9418.149754
2763.004199,95.712904,133.998066,-9322.436850
2763.004826,172.283227,153.140646,-9379.864592
2763.005454,76.570323,153.140646,-9418.149754
2763.006081,114.855485,172.283227,-9341.579430
2763.006709,76.570323,153.140646,-9418.149754
2763.007336,133.998066,153.140646,-9418.149754
2763.007963,153.140646,133.998066,-9399.007173
2763.008591,57.427742,133.998066,-9360.722011
2763.009218,76.570323,153.140646,-9418.149754
2763.009845,95.712904,133.998066,-9360.722011
2763.010473,38.285162,172.283227,-9418.149754
2763.011100,133.998066,172.283227,-9418.149754
2763.011727,114.855485,191.425808,-9322.436850
2763.012355,76.570323,114.855485,-9418.149754
2763.012982,57.427742,133.998066,-9341.579430
2763.013610,19.142581,76.570323,-9379.864592
2763.014237,38.285162,114.855485,-9418.149754
2763.014864,76.570323,133.998066,-9379.864592
2763.015492,133.998066,210.568389,-9418.149754
2763.016119,38.285162,114.855485,-9418.149754
2763.016746,95.712904,114.855485,-9418.149754
2763.017374,95.712904,133.998066,-9360.722011
2763.018001,95.712904,172.283227,-9418.149754
2763.018628,133.998066,133.998066,-9399.007173
2763.019256,153.140646,172.283227,-9399.007173
2763.019883,95.712904,133.998066,-9360.722011
2763.020511,95.712904,95.712904,-9399.007173
2763.021138,57.427742,133.998066,-9341.579430
2763.021765,133.998066,114.855485,-9418.149754
2763.022393,114.855485,95.712904,-9379.864592
2763.023020,210.568389,95.712904,-9360.722011
2763.023647,172.283227,76.570323,-9418.149754
2763.024275,133.998066,133.998066,-9399.007173
2763.024902,95.712904,95.712904,-9399.007173
2763.025529,95.712904,172.283227,-9360.722011
2763.026157,114.855485,153.140646,-9341.579430
2763.026784,76.570323,114.855485,-9418.149754
2763.027411,76.570323,114.855485,-9418.149754
2763.028039,38.285162,114.855485,-9418.149754
2763.028666,153.140646,133.998066,-9399.007173
2763.029294,95.712904,133.998066,-9360.722011
2763.029921,114.855485,172.283227,-9360.722011
2763.030548,133.998066,114.855485,-9418.149754
2763.031176,76.570323,114.855485,-9418.149754
2763.031803,57.427742,114.855485,-9399.007173
2763.032430,114.855485,133.998066,-9360.722011
2763.033058,38.285162,114.855485,-9418.149754
2763.033685,57.427742,133.998066,-9360.722011
2763.034312,57.427742,114.855485,-9418.149754
2763.034940,133.998066,153.140646,-9418.149754
2763.035567,57.427742,172.283227,-9360.722011
2763.036195,76.570323,210.568389,-9360.722011
2763.036822,76.570323,172.283227,-9418.149754
2763.037449,76.570323,210.568389,-9418.149754
2763.038077,76.570323,210.568389,-9418.149754
2763.038704,38.285162,229.710970,-9456.434915
2763.039331,76.570323,114.855485,-9418.149754
2763.039959,76.570323,114.855485,-9418.149754
2763.040586,38.285162,114.855485,-9360.722011
2763.041214,76.570323,172.283227,-9418.149754
2763.041841,76.570323,172.283227,-9360.722011
2763.042469,76.570323,153.140646,-9418.149754
2763.043096,114.855485,133.998066,-9322.436850
2763.043724,38.285162,114.855485,-9418.149754
2763.044352,133.998066,191.425808,-9341.579430
2763.044979,172.283227,76.570323,-9418.149754
2763.045607,114.855485,172.283227,-9360.722011
2763.046234,114.855485,95.712904,-9437.292334
2763.046862,133.998066,95.712904,-9437.292334
2763.047489,114.855485,95.712904,-9399.007173
2763.048117,38.285162,114.855485,-9418.149754
2763.048744,95.712904,133.998066,-9360.722011
2763.049372,76.570323,114.855485,-9418.149754
2763.049999,76.570323,114.855485,-9418.149754
2763.050627,76.570323,114.855485,-9418.149754
2763.051254,76.570323,172.283227,-9437.292334
2763.051882,38.285162,248.853550,-9379.864592
2763.052510,95.712904,133.998066,-9360.722011
2763.053137,114.855485,153.140646,-9360.722011
2763.053765,57.427742,114.855485,-9399.007173
2763.054392,95.712904,153.140646,-9418.149754
2763.055020,95.712904,133.998066,-9360.722011
2763.055647,114.855485,172.283227,-9360.722011
2763.056275,114.855485,172.283227,-9322.436850
2763.056902,114.855485,133.998066,-9360.722011
2763.057530,57.427742,114.855485,-9418.149754
2763.058157,133.998066,172.283227,-9418.149754
2763.058785,95.712904,114.855485,-9418.149754
2763.059413,76.570323,114.855485,-9418.149754
2763.060040,114.855485,95.712904,-9399.007173
2763.060668,114.855485,133.998066,-9360.722011
2763.061295,133.998066,133.998066,-9456.434915
2763.061923,95.712904,57.427742,-9399.007173
2763.062550,133.998066,114.855485,-9418.149754
2763.063178,153.140646,153.140646,-9399.007173
2763.063805,76.570323,172.283227,-9418.149754
2763.064433,133.998066,172.283227,-9418.149754
2763.065060,133.998066,191.425808,-9456.434915
2763.065688,76.570323,153.140646,-9360.722011
2763.066316,76.570323,153.140646,-9418.149754
2763.066943,95.712904,172.283227,-9360.722011
2763.067571,76.570323,114.855485,-9418.149754
2763.068198,76.570323,153.140646,-9418.149754
2763.068826,95.712904,153.140646,-9360.722011
2763.069453,153.140646,191.425808,-9418.149754
2763.070081,153.140646,172.283227,-9399.007173
2763.070708,57.427742,210.568389,-9360.722011
2763.071336,76.570323,153.140646,-9418.149754
2763.071963,76.570323,114.855485,-9418.149754
2763.072591,76.570323,153.140646,-9418.149754
2763.073218,57.427742,114.855485,-9437.292334
2763.073846,133.998066,133.998066,-9399.007173
2763.074474,76.570323,210.568389,-9418.149754
2763.075101,76.570323,153.140646,-9360.722011
2763.075729,38.285162,76.570323,-9379.864592
2763.076356,133.998066,114.855485,-9418.149754
2763.076984,153.140646,153.140646,-9418.149754
2763.077611,153.140646,133.998066,-9399.007173
2763.078239,133.998066,114.855485,-9418.149754
2763.078866,38.285162,172.283227,-9418.149754
2763.079494,38.285162,114.855485,-9418.149754
2763.080121,133.998066,114.855485,-9456.434915
2763.080749,114.855485,95.712904,-9399.007173
2763.081377,114.855485,191.425808,-9360.722011
2763.082004,76.570323,114.855485,-9418.149754
2763.082632,76.570323,153.140646,-9418.149754
2763.083259,114.855485,133.998066,-9360.722011
2763.083887,76.570323,114.855485,-9418.149754
2763.084514,133.998066,76.570323,-9379.864592
2763.085142,114.855485,153.140646,-9360.722011
2763.085769,95.712904,133.998066,-9360.722011
2763.086397,76.570323,172.283227,-9399.007173
2763.087024,95.712904,133.998066,-9418.149754
2763.087652,76.570323,153.140646,-9418.149754
2763.088280,76.570323,210.568389,-9418.149754
2763.088907,95.712904,114.855485,-9418.149754
2763.089535,114.855485,114.855485,-9379.864592
2763.090162,76.570323,114.855485,-9418.149754
2763.090790,57.427742,153.140646,-9322.436850
2763.091417,76.570323,210.568389,-9418.149754
2763.092045,133.998066,153.140646,-9418.149754
2763.092672,76.570323,172.283227,-9418.149754
2763.093300,95.712904,133.998066,-9360.722011
2763.093927,76.570323,172.283227,-9418.149754
2763.094555,38.285162,114.855485,-9418.149754
2763.095182,95.712904,114.855485,-9418.149754
2763.095810,76.570323,210.568389,-9418.149754
2763.096438,95.712904,95.712904,-9399.007173
2763.097065,95.712904,114.855485,-9418.149754
2763.097693,76.570323,172.283227,-9399.007173
2763.098320,38.285162,114.855485,-9418.149754
2763.098948,76.570323,172.283227,-9418.149754
2763.099575,95.712904,114.855485,-9418.149754
2763.100203,57.427742,114.855485,-9418.149754
2763.100830,76.570323,114.855485,-9418.149754
2763.101458,95.712904,153.140646,-9360.722011
2763.102085,133.998066,153.140646,-9399.007173
2763.102713,95.712904,114.855485,-9418.149754
2763.103341,38.285162,114.855485,-9418.149754
2763.103968,38.285162,114.855485,-9418.149754
2763.104596,133.998066,172.283227,-9456.434915
2763.105223,133.998066,114.855485,-9418.149754
2763.105851,95.712904,114.855485,-9418.149754
2763.106478,38.285162,153.140646,-9418.149754
2763.107106,133.998066,172.283227,-9418.149754
2763.107733,38.285162,172.283227,-9418.149754
2763.108361,76.570323,153.140646,-9418.149754
2763.108988,57.427742,114.855485,-9456.434915
2763.109616,114.855485,114.855485,-9379.864592
2763.110244,76.570323,114.855485,-9418.149754
2763.110871,57.427742,95.712904,-9399.007173
2763.111499,76.570323,210.568389,-9418.149754
2763.112126,76.570323,210.568389,-9418.149754
2763.112754,133.998066,114.855485,-9418.149754
2763.113381,76.570323,210.568389,-9418.149754
2763.114009,133.998066,114.855485,-9418.149754
2763.114636,172.283227,153.140646,-9379.864592
2763.115264,76.570323,114.855485,-9418.149754
2763.115891,38.285162,114.855485,-9418.149754
2763.116519,76.570323,114.855485,-9437.292334
2763.117146,76.570323,114.855485,-9418.149754
2763.117774,133.998066,114.855485,-9418.149754
2763.118402,133.998066,153.140646,-9437.292334
2763.119029,76.570323,114.855485,-9418.149754
2763.119657,114.855485,76.570323,-9418.149754
2763.120284,95.712904,95.712904,-9399.007173
2763.120912,38.285162,172.283227,-9456.434915
2763.121539,38.285162,210.568389,-9418.149754
2763.122167,133.998066,114.855485,-9437.292334
2763.122794,76.570323,172.283227,-9418.149754
2763.123422,114.855485,172.283227,-9341.579430
2763.124049,172.283227,133.998066,-9360.722011
2763.124677,76.570323,114.855485,-9418.149754
2763.125305,95.712904,133.998066,-9360.722011
2763.125932,76.570323,114.855485,-9418.149754
2763.126560,76.570323,114.855485,-9360.722011
2763.127187,76.570323,172.283227,-9418.149754
2763.127815,76.570323,114.855485,-9418.149754
2763.128442,133.998066,153.140646,-9418.149754
2763.129070,76.570323,210.568389,-9418.149754
2763.129697,38.285162,210.568389,-9437.292334
2763.130325,133.998066,114.855485,-9418.149754
2763.130952,76.570323,114.855485,-9418.149754
2763.131580,19.142581,114.855485,-9418.149754
2763.132208,38.285162,114.855485,-9418.149754
2763.132835,38.285162,210.568389,-9418.149754
2763.133463,114.855485,172.283227,-9360.722011
2763.134090,76.570323,153.140646,-9418.149754
2763.134718,76.570323,114.855485,-9418.149754
2763.135345,38.285162,172.283227,-9418.149754
2763.135973,38.285162,229.710970,-9418.149754
2763.136600,76.570323,114.855485,-9418.149754
2763.137228,114.855485,133.998066,-9360.722011
2763.137855,95.712904,114.855485,-9418.149754
2763.138483,153.140646,133.998066,-9399.007173
2763.139110,76.570323,114.855485,-9418.149754
2763.139738,114.855485,133.998066,-9360.722011
2763.140366,133.998066,153.140646,-9418.149754
2763.140993,76.570323,210.568389,-9360.722011
2763.141621,133.998066,114.855485,-9418.149754
2763.142248,172.283227,153.140646,-9379.864592
2763.142876,76.570323,153.140646,-9418.149754
2763.143503,76.570323,114.855485,-9456.434915
2763.144131,133.998066,114.855485,-9437.292334
2763.144758,76.570323,114.855485,-9418.149754
2763.145386,76.570323,76.570323,-9379.864592
2763.146013,76.570323,114.855485,-9418.149754
2763.146641,153.140646,172.283227,-9399.007173
2763.147268,133.998066,153.140646,-9418.149754
2763.147896,133.998066,114.855485,-9456.434915
2763.148524,153.140646,133.998066,-9379.864592
2763.149151,114.855485,133.998066,-9360.722011
2763.149779,133.998066,114.855485,-9418.149754
2763.150406,133.998066,114.855485,-9456.434915
2763.151034,76.570323,114.855485,-9418.149754
2763.151661,95.712904,114.855485,-9360.722011
2763.152289,114.855485,133.998066,-9341.579430
2763.152916,76.570323,114.855485,-9418.149754
2763.153544,57.427742,133.998066,-9360.722011
2763.154171,133.998066,114.855485,-9418.149754
2763.154799,95.712904,95.712904,-9399.007173
2763.155426,153.140646,248.853550,-9399.007173
2763.156054,153.140646,133.998066,-9399.007173
2763.156682,210.568389,133.998066,-9399.007173
2763.157309,133.998066,114.855485,-9418.149754
2763.157937,38.285162,172.283227,-9456.434915
2763.158564,76.570323,114.855485,-9418.149754
2763.159192,76.570323,114.855485,-9418.149754
2763.159819,114.855485,172.283227,-9360.722011
2763.160447,95.712904,191.425808,-9418.149754
2763.161074,76.570323,114.855485,-9418.149754
2763.161702,76.570323,172.283227,-9418.149754
2763.162329,95.712904,153.140646,-9360.722011
2763.162957,38.285162,210.568389,-9418.149754
2763.163584,114.855485,172.283227,-9360.722011
2763.164212,76.570323,153.140646,-9418.149754
2763.164839,76.570323,114.855485,-9418.149754
2763.165467,57.427742,191.425808,-9360.722011
2763.166095,76.570323,172.283227,-9418.149754
2763.166722,76.570323,95.712904,-9399.007173
2763.167350,76.570323,114.855485,-9418.149754
2763.167977,133.998066,114.855485,-9418.149754
2763.168605,172.283227,114.855485,-9322.436850
2763.169232,38.285162,210.568389,-9360.722011
2763.169860,76.570323,114.855485,-9418.149754
2763.170487,38.285162,153.140646,-9418.149754
2763.171115,38.285162,114.855485,-9360.722011
2763.171742,38.285162,114.855485,-9418.149754
2763.172370,133.998066,133.998066,-9399.007173
2763.172997,95.712904,133.998066,-9360.722011
2763.173625,114.855485,153.140646,-9360.722011
2763.174253,133.998066,114.855485,-9418.149754
2763.174880,76.570323,114.855485,-9418.149754
2763.175508,133.998066,172.283227,-9418.149754
2763.176135,76.570323,210.568389,-9418.149754
2763.176763,133.998066,114.855485,-9418.149754
2763.177390,57.427742,133.998066,-9360.722011
2763.178018,38.285162,114.855485,-9418.149754
2763.178645,76.570323,114.855485,-9418.149754
2763.179273,95.712904,114.855485,-9418.149754
2763.179900,76.570323,114.855485,-9418.149754
2763.180528,133.998066,114.855485,-9418.149754
2763.181155,76.570323,114.855485,-9399.007173
2763.181783,76.570323,114.855485,-9418.149754
2763.182411,133.998066,114.855485,-9475.577496
2763.183038,114.855485,133.998066,-9360.722011
2763.183666,114.855485,153.140646,-9360.722011
2763.184293,76.570323,114.855485,-9456.434915
2763.184921,38.285162,114.855485,-9418.149754
2763.185548,57.427742,95.712904,-9399.007173
2763.186176,95.712904,95.712904,-9399.007173
2763.186803,76.570323,114.855485,-9418.149754
2763.187431,133.998066,114.855485,-9360.722011
2763.188058,114.855485,153.140646,-9379.864592
2763.188686,114.855485,133.998066,-9360.722011
2763.189313,38.285162,114.855485,-9418.149754
2763.189941,38.285162,153.140646,-9418.149754
2763.190569,76.570323,114.855485,-9418.149754
2763.191196,38.285162,153.140646,-9418.149754
2763.191824,76.570323,114.855485,-9418.149754
2763.192451,38.285162,114.855485,-9418.149754
2763.193079,76.570323,114.855485,-9418.149754
2763.193706,76.570323,114.855485,-9418.149754
2763.194334,38.285162,114.855485,-9418.149754
2763.194961,114.855485,133.998066,-9360.722011
2763.195589,76.570323,114.855485,-9437.292334
2763.196216,133.998066,133.998066,-9399.007173
2763.196844,133.998066,114.855485,-9418.149754
2763.197471,133.998066,114.855485,-9418.149754
2763.198099,114.855485,133.998066,-9360.722011
2763.198726,95.712904,133.998066,-9341.579430
2763.199354,133.998066,114.855485,-9418.149754
2763.199982,133.998066,172.283227,-9418.149754
2763.200609,95.712904,133.998066,-9360.722011
2763.201237,133.998066,114.855485,-9418.149754
2763.201864,95.712904,153.140646,-9456.434915
2763.202492,57.427742,95.712904,-9399.007173
2763.203119,133.998066,153.140646,-9418.149754
2763.203747,210.568389,133.998066,-9399.007173
2763.204374,133.998066,114.855485,-9418.149754
2763.205002,114.855485,172.283227,-9360.722011
2763.205629,153.140646,153.140646,-9379.864592
2763.206257,76.570323,114.855485,-9418.149754
2763.206884,38.285162,172.283227,-9418.149754
2763.207512,95.712904,95.712904,-9456.434915
2763.208140,38.285162,114.855485,-9418.149754
2763.208767,76.570323,153.140646,-9437.292334
2763.209395,76.570323,229.710970,-9418.149754
2763.210022,76.570323,153.140646,-9418.149754
2763.210650,38.285162,114.855485,-9418.149754
2763.211277,57.427742,133.998066,-9360.722011
2763.211905,0.000000,172.283227,-9360.722011
2763.212532,76.570323,114.855485,-9418.149754
2763.213160,133.998066,114.855485,-9418.149754
2763.213787,133.998066,153.140646,-9418.149754
2763.214415,95.712904,114.855485,-9418.149754
2763.215042,57.427742,114.855485,-9418.149754
2763.215670,95.712904,133.998066,-9360.722011
2763.216298,76.570323,153.140646,-9360.722011
2763.216925,133.998066,229.710970,-9360.722011
2763.217553,95.712904,133.998066,-9360.722011
2763.218180,76.570323,114.855485,-9418.149754
2763.218808,172.283227,114.855485,-9379.864592
2763.219435,153.140646,133.998066,-9399.007173
2763.220063,76.570323,114.855485,-9418.149754
2763.220690,38.285162,114.855485,-9418.149754
2763.221318,38.285162,210.568389,-9418.149754
2763.221945,95.712904,172.283227,-9360.722011
2763.222573,76.570323,133.998066,-9360.722011
2763.223200,95.712904,133.998066,-9418.149754
2763.223828,76.570323,114.855485,-9456.434915
2763.224455,133.998066,153.140646,-9456.434915
2763.225083,133.998066,114.855485,-9456.434915
2763.225711,76.570323,114.855485,-9418.149754
2763.226338,76.570323,172.283227,-9418.149754
2763.226966,57.427742,95.712904,-9399.007173
2763.227593,76.570323,114.855485,-9437.292334
2763.228221,114.855485,95.712904,-9437.292334
2763.228848,133.998066,133.998066,-9399.007173
2763.229476,114.855485,172.283227,-9379.864592
2763.230103,95.712904,95.712904,-9399.007173
2763.230731,38.285162,153.140646,-9418.149754
2763.231358,38.285162,172.283227,-9360.722011
2763.231986,76.570323,172.283227,-9418.149754
2763.232613,114.855485,133.998066,-9360.722011
2763.233241,76.570323,114.855485,-9418.149754
2763.233869,95.712904,191.425808,-9360.722011
2763.234496,38.285162,114.855485,-9418.149754
2763.235124,38.285162,172.283227,-9418.149754
2763.235751,38.285162,76.570323,-9379.864592
2763.236379,133.998066,172.283227,-9418.149754
2763.237006,76.570323,172.283227,-9418.149754
2763.237634,76.570323,114.855485,-9418.149754
2763.238261,114.855485,153.140646,-9360.722011
2763.238889,114.855485,114.855485,-9399.007173
2763.239516,114.855485,133.998066,-9360.722011
2763.240144,114.855485,191.425808,-9360.722011
2763.240771,133.998066,210.568389,-9360.722011
2763.241399,95.712904,114.855485,-9418.149754
2763.242026,95.712904,133.998066,-9360.722011
2763.242654,76.570323,153.140646,-9437.292334
2763.243281,133.998066,114.855485,-9418.149754
2763.243909,76.570323,114.855485,-9418.149754
2763.244536,95.712904,95.712904,-9399.007173
2763.245163,76.570323,172.283227,-9418.149754
2763.245791,133.998066,172.283227,-9418.149754
2763.246418,133.998066,172.283227,-9418.149754
2763.247046,133.998066,210.568389,-9418.149754
2763.247673,76.570323,114.855485,-9418.149754
2763.248301,95.712904,133.998066,-9360.722011
2763.248928,133.998066,114.855485,-9437.292334
2763.249555,133.998066,133.998066,-9456.434915
2763.250183,76.570323,153.140646,-9360.722011
2763.250810,38.285162,114.855485,-9418.149754
2763.251438,133.998066,114.855485,-9418.149754
2763.252065,133.998066,114.855485,-9418.149754
2763.252693,133.998066,172.283227,-9418.149754
2763.253320,95.712904,114.855485,-9418.149754
2763.253947,114.855485,172.283227,-9322.436850
2763.254575,57.427742,114.855485,-9399.007173
2763.255202,38.285162,114.855485,-9418.149754
2763.255830,95.712904,95.712904,-9399.007173
2763.256457,95.712904,133.998066,-9341.579430
2763.257085,95.712904,172.283227,-9360.722011
2763.257712,133.998066,114.855485,-9418.149754
2763.258339,76.570323,114.855485,-9418.149754
2763.258967,57.427742,133.998066,-9360.722011
2763.259594,133.998066,153.140646,-9418.149754
2763.260222,95.712904,133.998066,-9360.722011
2763.260849,114.855485,114.855485,-9379.864592
2763.261477,76.570323,114.855485,-9418.149754
2763.262104,38.285162,172.283227,-9475.577496
2763.262731,95.712904,153.140646,-9418.149754
2763.263359,95.712904,114.855485,-9418.149754
2763.263986,76.570323,114.855485,-9418.149754
2763.264614,57.427742,114.855485,-9399.007173
2763.265241,114.855485,172.283227,-9360.722011
2763.265869,95.712904,172.283227,-9418.149754
2763.266496,76.570323,172.283227,-9418.149754
2763.267123,114.855485,133.998066,-9418.149754
2763.267751,114.855485,133.998066,-9360.722011
2763.268378,133.998066,114.855485,-9418.149754
2763.269006,133.998066,114.855485,-9418.149754
2763.269633,38.285162,114.855485,-9360.722011
2763.270261,95.712904,153.140646,-9360.722011
2763.270888,95.712904,133.998066,-9360.722011
2763.271515,76.570323,114.855485,-9418.149754
2763.272143,38.285162,114.855485,-9418.149754
2763.272770,38.285162,114.855485,-9418.149754
2763.273398,57.427742,114.855485,-9418.149754
2763.274025,133.998066,172.283227,-9418.149754
2763.274653,133.998066,153.140646,-9418.149754
2763.275280,133.998066,114.855485,-9418.149754
2763.275907,76.570323,153.140646,-9418.149754
2763.276535,114.855485,114.855485,-9379.864592
2763.277162,76.570323,172.283227,-9418.149754
2763.277790,38.285162,114.855485,-9418.149754
2763.278417,95.712904,153.140646,-9360.722011
2763.279045,76.570323,210.568389,-9360.722011
2763.279672,114.855485,76.570323,-9418.149754
2763.280299,38.285162,153.140646,-9418.149754
2763.280927,38.285162,114.855485,-9418.149754
2763.281554,76.570323,114.855485,-9418.149754
2763.282182,76.570323,114.855485,-9418.149754
2763.282809,76.570323,114.855485,-9418.149754
2763.283437,133.998066,114.855485,-9418.149754
2763.284064,95.712904,95.712904,-9399.007173
2763.284691,95.712904,133.998066,-9360.722011
2763.285319,38.285162,153.140646,-9341.579430
2763.285946,57.427742,172.283227,-9341.579430
2763.286574,114.855485,133.998066,-9360.722011
2763.287201,38.285162,114.855485,-9437.292334
2763.287829,76.570323,133.998066,-9360.722011
2763.288456,76.570323,114.855485,-9418.149754
2763.289083,95.712904,114.855485,-9418.149754
2763.289711,76.570323,114.855485,-9418.149754
2763.290338,38.285162,114.855485,-9418.149754
2763.290966,95.712904,153.140646,-9360.722011
2763.291593,133.998066,172.283227,-9418.149754
2763.292221,57.427742,153.140646,-9456.434915
2763.292848,57.427742,95.712904,-9399.007173
2763.293475,95.712904,114.855485,-9418.149754
2763.294103,133.998066,114.855485,-9418.149754
2763.294730,133.998066,114.855485,-9418.149754
2763.295358,114.855485,153.140646,-9360.722011
2763.295985,133.998066,114.855485,-9418.149754
2763.296613,57.427742,153.140646,-9360.722011
2763.297240,76.570323,153.140646,-9418.149754
2763.297867,57.427742,114.855485,-9418.149754
2763.298495,95.712904,95.712904,-9399.007173
2763.299122,133.998066,114.855485,-9418.149754
2763.299750,133.998066,114.855485,-9418.149754
2763.300377,133.998066,114.855485,-9418.149754
2763.301005,76.570323,210.568389,-9418.149754
2763.301632,153.140646,114.855485,-9418.149754
2763.302259,76.570323,114.855485,-9437.292334
2763.302887,76.570323,153.140646,-9418.149754
2763.303514,114.855485,210.568389,-9379.864592
2763.304142,153.140646,133.998066,-9379.864592
2763.304769,95.712904,95.712904,-9399.007173
2763.305396,76.570323,114.855485,-9360.722011
2763.306024,95.712904,133.998066,-9341.579430
2763.306651,153.140646,133.998066,-9399.007173
2763.307279,172.283227,114.855485,-9379.864592
2763.307906,133.998066,114.855485,-9456.434915
2763.308534,57.427742,133.998066,-9360.722011
2763.309161,76.570323,114.855485,-9456.434915
2763.309788,133.998066,114.855485,-9418.149754
2763.310416,76.570323,153.140646,-9418.149754
2763.311043,133.998066,114.855485,-9418.149754
2763.311671,76.570323,153.140646,-9418.149754
2763.312298,114.855485,172.283227,-9418.149754
2763.312926,95.712904,153.140646,-9360.722011
2763.313553,114.855485,133.998066,-9360.722011
2763.314180,95.712904,133.998066,-9360.722011
2763.314808,133.998066,114.855485,-9418.149754
2763.315435,133.998066,114.855485,-9418.149754
2763.316063,153.140646,172.283227,-9418.149754
2763.316690,153.140646,133.998066,-9399.007173
2763.317318,95.712904,114.855485,-9418.149754
2763.317945,95.712904,133.998066,-9360.722011
2763.318572,38.285162,114.855485,-9456.434915
2763.319200,95.712904,133.998066,-9360.722011
2763.319827,76.570323,114.855485,-9418.149754
2763.320455,38.285162,172.283227,-9418.149754
2763.321082,38.285162,114.855485,-9418.149754
2763.321710,76.570323,114.855485,-9418.149754
2763.322337,76.570323,153.140646,-9418.149754
2763.322964,76.570323,114.855485,-9418.149754
2763.323592,76.570323,114.855485,-9418.149754
2763.324219,133.998066,172.283227,-9418.149754
2763.324847,172.283227,114.855485,-9379.864592
2763.325474,114.855485,133.998066,-9418.149754
2763.326102,38.285162,114.855485,-9418.149754
2763.326729,95.712904,133.998066,-9360.722011
2763.327356,133.998066,114.855485,-9418.149754
2763.327984,133.998066,172.283227,-9399.007173
2763.328611,76.570323,114.855485,-9437.292334
2763.329239,153.140646,210.568389,-9399.007173
2763.329866,76.570323,172.283227,-9475.577496
2763.330494,95.712904,191.425808,-9360.722011
2763.331121,76.570323,153.140646,-9418.149754
2763.331748,153.140646,133.998066,-9399.007173
2763.332376,153.140646,133.998066,-9399.007173
2763.333003,76.570323,114.855485,-9418.149754
2763.333631,114.855485,114.855485,-9379.864592
2763.334258,114.855485,133.998066,-9360.722011
2763.334886,114.855485,172.283227,-9360.722011
2763.335513,76.570323,114.855485,-9418.149754
2763.336140,38.285162,172.283227,-9418.149754
2763.336768,133.998066,133.998066,-9399.007173
2763.337395,95.712904,114.855485,-9418.149754
2763.338023,38.285162,76.570323,-9379.864592
2763.338650,95.712904,114.855485,-9418.149754
2763.339278,38.285162,191.425808,-9418.149754
2763.339905,95.712904,114.855485,-9418.149754
2763.340532,133.998066,133.998066,-9456.434915
2763.341160,133.998066,153.140646,-9399.007173
2763.341787,76.570323,114.855485,-9418.149754
2763.342415,114.855485,172.283227,-9418.149754
2763.343042,95.712904,95.712904,-9475.577496
2763.343669,133.998066,114.855485,-9437.292334
2763.344297,133.998066,172.283227,-9437.292334
2763.344924,133.998066,114.855485,-9418.149754
2763.345551,114.855485,95.712904,-9399.007173
2763.346179,38.285162,114.855485,-9418.149754
2763.346806,133.998066,114.855485,-9418.149754
2763.347433,57.427742,114.855485,-9418.149754
2763.348061,76.570323,133.998066,-9360.722011
2763.348688,133.998066,114.855485,-9418.149754
2763.349316,114.855485,95.712904,-9399.007173
2763.349943,133.998066,114.855485,-9456.434915
2763.350570,133.998066,172.283227,-9418.149754
2763.351198,0.000000,133.998066,-9360.722011
2763.351825,133.998066,153.140646,-9418.149754
2763.352452,95.712904,172.283227,-9360.722011
2763.353080,95.712904,114.855485,-9418.149754
2763.353707,76.570323,191.425808,-9418.149754
2763.354334,76.570323,153.140646,-9418.149754
2763.354962,76.570323,153.140646,-9418.149754
2763.355589,57.427742,95.712904,-9399.007173
2763.356216,133.998066,114.855485,-9418.149754
2763.356844,76.570323,114.855485,-9418.149754
2763.357471,95.712904,133.998066,-9322.436850
2763.358099,57.427742,114.855485,-9379.864592
2763.358726,95.712904,133.998066,-9360.722011
2763.359353,133.998066,172.283227,-9418.149754
2763.359981,172.283227,153.140646,-9322.436850
2763.360608,114.855485,133.998066,-9322.436850
2763.361235,114.855485,172.283227,-9360.722011
2763.361863,76.570323,172.283227,-9437.292334
2763.362490,133.998066,172.283227,-9418.149754
2763.363117,133.998066,153.140646,-9418.149754
2763.363745,153.140646,133.998066,-9437.292334
2763.364372,114.855485,95.712904,-9456.434915
2763.364999,57.427742,172.283227,-9418.149754
2763.365627,38.285162,114.855485,-9418.149754
2763.366254,172.283227,133.998066,-9360.722011
2763.366882,114.855485,133.998066,-9360.722011
2763.367509,95.712904,153.140646,-9360.722011
2763.368136,95.712904,95.712904,-9399.007173
2763.368764,76.570323,172.283227,-9437.292334
2763.369391,38.285162,172.283227,-9418.149754
2763.370018,76.570323,172.283227,-9418.149754
2763.370646,57.427742,153.140646,-9303.294269
2763.371273,133.998066,114.855485,-9418.149754
2763.371900,133.998066,153.140646,-9418.149754
2763.372528,133.998066,114.855485,-9418.149754
2763.373155,95.712904,114.855485,-9418.149754
2763.373782,76.570323,210.568389,-9418.149754
2763.374410,133.998066,114.855485,-9418.149754
2763.375037,95.712904,191.425808,-9360.722011
2763.375665,76.570323,114.855485,-9418.149754
2763.376292,76.570323,114.855485,-9418.149754
2763.376919,95.712904,133.998066,-9360.722011
2763.377547,95.712904,133.998066,-9360.722011
2763.378174,114.855485,95.712904,-9399.007173
2763.378801,76.570323,114.855485,-9418.149754
2763.379429,114.855485,95.712904,-9399.007173
2763.380056,57.427742,114.855485,-9418.149754
2763.380683,76.570323,114.855485,-9418.149754
2763.381311,57.427742,248.853550,-9360.722011
2763.381938,114.855485,153.140646,-9379.864592
2763.382565,133.998066,172.283227,-9418.149754
2763.383193,95.712904,133.998066,-9360.722011
2763.383820,76.570323,191.425808,-9418.149754
2763.384448,38.285162,153.140646,-9418.149754
2763.385075,76.570323,114.855485,-9418.149754
2763.385702,114.855485,133.998066,-9418.149754
2763.386330,76.570323,172.283227,-9418.149754
2763.386957,76.570323,153.140646,-9456.434915
2763.387584,95.712904,133.998066,-9360.722011
2763.388212,57.427742,95.712904,-9399.007173
2763.388839,76.570323,191.425808,-9360.722011
2763.389466,114.855485,133.998066,-9360.722011
2763.390094,95.712904,133.998066,-9341.579430
2763.390721,57.427742,95.712904,-9399.007173
2763.391348,133.998066,114.855485,-9418.149754
2763.391976,95.712904,95.712904,-9399.007173
2763.392603,57.427742,95.712904,-9399.007173
2763.393231,38.285162,114.855485,-9418.149754
2763.393858,95.712904,153.140646,-9418.149754
2763.394485,133.998066,114.855485,-9418.149754
2763.395113,76.570323,114.855485,-9418.149754
2763.395740,57.427742,133.998066,-9418.149754
2763.396367,95.712904,95.712904,-9399.007173
2763.396995,95.712904,95.712904,-9399.007173
2763.397622,76.570323,76.570323,-9379.864592
2763.398249,76.570323,114.855485,-9418.149754
2763.398877,76.570323,114.855485,-9418.149754
2763.399504,76.570323,172.283227,-9418.149754
2763.400132,114.855485,133.998066,-9360.722011
2763.400759,76.570323,172.283227,-9418.149754
2763.401386,95.712904,133.998066,-9341.579430
2763.402014,76.570323,172.283227,-9418.149754
2763.402641,76.570323,153.140646,-9418.149754
2763.403268,133.998066,172.283227,-9418.149754
2763.403896,153.140646,133.998066,-9379.864592
2763.404523,76.570323,114.855485,-9418.149754
2763.405150,76.570323,114.855485,-9456.434915
2763.405778,76.570323,114.855485,-9418.149754
2763.406405,19.142581,76.570323,-9322.436850
2763.407032,38.285162,114.855485,-9418.149754
2763.407660,133.998066,172.283227,-9418.149754
2763.408287,76.570323,114.855485,-9418.149754
2763.408915,95.712904,191.425808,-9456.434915
2763.409542,76.570323,114.855485,-9418.149754
2763.410169,76.570323,191.425808,-9418.149754
2763.410797,133.998066,172.283227,-9418.149754
2763.411424,133.998066,114.855485,-9418.149754
2763.412051,133.998066,210.568389,-9418.149754
2763.412679,76.570323,172.283227,-9418.149754
2763.413306,114.855485,153.140646,-9360.722011
2763.413933,95.712904,172.283227,-9341.579430
2763.414561,76.570323,114.855485,-9418.149754
2763.415188,38.285162,114.855485,-9418.149754
2763.415815,95.712904,172.283227,-9360.722011
2763.416443,95.712904,153.140646,-9418.149754
2763.417070,76.570323,133.998066,-9360.722011
2763.417698,76.570323,114.855485,-9437.292334
2763.418325,76.570323,114.855485,-9418.149754
2763.418952,76.570323,114.855485,-9418.149754
2763.419580,153.140646,133.998066,-9399.007173
2763.420207,95.712904,95.712904,-9399.007173
2763.420834,114.855485,133.998066,-9341.579430
2763.421462,76.570323,114.855485,-9418.149754
2763.422089,133.998066,114.855485,-9360.722011
2763.422716,76.570323,114.855485,-9456.434915
2763.423344,38.285162,114.855485,-9456.434915
2763.423971,114.855485,95.712904,-9437.292334
2763.424598,153.140646,133.998066,-9399.007173
2763.425226,133.998066,114.855485,-9418.149754
2763.425853,76.570323,172.283227,-9418.149754
2763.426481,133.998066,114.855485,-9418.149754
2763.427108,153.140646,153.140646,-9418.149754
2763.427735,133.998066,114.855485,-9418.149754
2763.428363,76.570323,114.855485,-9418.149754
2763.428990,172.283227,114.855485,-9303.294269
2763.429617,153.140646,133.998066,-9399.007173
2763.430245,95.712904,133.998066,-9341.579430
2763.430872,76.570323,114.855485,-9418.149754
2763.431499,76.570323,172.283227,-9418.149754
2763.432127,76.570323,172.283227,-9418.149754
2763.432754,76.570323,114.855485,-9418.149754
2763.433381,76.570323,114.855485,-9418.149754
2763.434009,95.712904,114.855485,-9418.149754
2763.434636,133.998066,114.855485,-9418.149754
2763.435264,133.998066,172.283227,-9418.149754
2763.435891,133.998066,114.855485,-9418.149754
2763.436518,153.140646,133.998066,-9399.007173
2763.437146,133.998066,172.283227,-9418.149754
2763.437773,76.570323,114.855485,-9418.149754
2763.438400,133.998066,210.568389,-9418.149754
2763.439028,76.570323,153.140646,-9360.722011
2763.439655,133.998066,172.283227,-9437.292334
2763.440282,57.427742,210.568389,-9418.149754
2763.440910,76.570323,172.283227,-9418.149754
2763.441537,95.712904,153.140646,-9418.149754
2763.442165,38.285162,114.855485,-9418.149754
2763.442792,95.712904,95.712904,-9399.007173
2763.443420,76.570323,114.855485,-9360.722011
2763.444047,153.140646,133.998066,-9399.007173
2763.444675,172.283227,114.855485,-9379.864592
2763.445302,114.855485,133.998066,-9360.722011
2763.445930,133.998066,114.855485,-9418.149754
2763.446557,210.568389,133.998066,-9399.007173
2763.447185,153.140646,133.998066,-9399.007173
2763.447813,76.570323,114.855485,-9360.722011
2763.448440,76.570323,172.283227,-9418.149754
2763.449068,38.285162,114.855485,-9418.149754
2763.449695,133.998066,210.568389,-9399.007173
2763.450323,76.570323,172.283227,-9418.149754
2763.450950,114.855485,133.998066,-9360.722011
2763.451578,114.855485,248.853550,-9360.722011
2763.452205,95.712904,191.425808,-9360.722011
2763.452833,76.570323,210.568389,-9360.722011
2763.453460,114.855485,133.998066,-9360.722011
2763.454088,95.712904,153.140646,-9418.149754
2763.454715,19.142581,172.283227,-9418.149754
2763.455343,95.712904,114.855485,-9418.149754
2763.455971,172.283227,133.998066,-9418.149754
2763.456598,133.998066,153.140646,-9399.007173
2763.457226,95.712904,114.855485,-9456.434915
2763.457853,57.427742,133.998066,-9360.722011
2763.458481,76.570323,114.855485,-9418.149754
2763.459108,0.000000,133.998066,-9418.149754
2763.459736,153.140646,172.283227,-9399.007173
2763.460363,133.998066,172.283227,-9437.292334
2763.460991,133.998066,114.855485,-9418.149754
2763.461618,76.570323,210.568389,-9418.149754
2763.462246,76.570323,191.425808,-9418.149754
2763.462873,57.427742,153.140646,-9341.579430
2763.463501,76.570323,191.425808,-9418.149754
2763.464129,114.855485,95.712904,-9399.007173
2763.464756,57.427742,95.712904,-9399.007173
2763.465384,38.285162,172.283227,-9418.149754
2763.466011,114.855485,133.998066,-9360.722011
2763.466639,133.998066,172.283227,-9437.292334
2763.467266,76.570323,172.283227,-9437.292334
2763.467894,19.142581,210.568389,-9418.149754
2763.468521,114.855485,191.425808,-9360.722011
2763.469149,38.285162,114.855485,-9418.149754
2763.469776,57.427742,133.998066,-9360.722011
2763.470404,38.285162,114.855485,-9418.149754
2763.471032,19.142581,114.855485,-9418.149754
2763.471659,76.570323,133.998066,-9341.579430
2763.472287,114.855485,172.283227,-9360.722011
2763.472914,95.712904,191.425808,-9360.722011
2763.473542,76.570323,153.140646,-9418.149754
2763.474169,133.998066,114.855485,-9437.292334
2763.474797,76.570323,114.855485,-9418.149754
2763.475424,172.283227,133.998066,-9360.722011
2763.476052,114.855485,95.712904,-9399.007173
2763.476679,76.570323,114.855485,-9360.722011
2763.477307,114.855485,133.998066,-9360.722011
2763.477934,76.570323,172.283227,-9360.722011
2763.478562,95.712904,95.712904,-9379.864592
2763.479190,76.570323,191.425808,-9437.292334
2763.479817,133.998066,172.283227,-9399.007173
2763.480445,76.570323,114.855485,-9418.149754
2763.481072,76.570323,114.855485,-9360.722011
2763.481700,114.855485,95.712904,-9399.007173
2763.482327,76.570323,57.427742,-9379.864592
2763.482955,57.427742,172.283227,-9456.434915
2763.483582,114.855485,95.712904,-9399.007173
2763.484210,76.570323,210.568389,-9418.149754
2763.484837,95.712904,133.998066,-9360.722011
2763.485465,95.712904,133.998066,-9360.722011
2763.486092,76.570323,114.855485,-9418.149754
2763.486720,38.285162,114.855485,-9418.149754
2763.487348,133.998066,114.855485,-9418.149754
2763.487975,95.712904,114.855485,-9456.434915
2763.488603,172.283227,114.855485,-9379.864592
2763.489230,133.998066,191.425808,-9399.007173
2763.489858,38.285162,153.140646,-9360.722011
2763.490485,76.570323,114.855485,-9418.149754
2763.491113,95.712904,133.998066,-9360.722011
2763.491740,76.570323,114.855485,-9418.149754
2763.492368,76.570323,114.855485,-9418.149754
2763.492995,95.712904,133.998066,-9360.722011
2763.493623,76.570323,114.855485,-9418.149754
2763.494250,95.712904,114.855485,-9418.149754
2763.494878,95.712904,133.998066,-9360.722011
2763.495506,114.855485,133.998066,-9360.722011
2763.496133,76.570323,153.140646,-9360.722011
2763.496761,133.998066,153.140646,-9418.149754
2763.497388,76.570323,210.568389,-9456.434915
2763.498016,95.712904,95.712904,-9399.007173
2763.498643,38.285162,114.855485,-9360.722011
2763.499271,95.712904,114.855485,-9437.292334
2763.499898,38.285162,114.855485,-9418.149754
2763.500526,38.285162,114.855485,-9418.149754
2763.501153,76.570323,114.855485,-9418.149754
2763.501781,76.570323,172.283227,-9418.149754
2763.502409,95.712904,95.712904,-9456.434915
2763.503036,210.568389,172.283227,-9437.292334
2763.503664,172.283227,76.570323,-9418.149754
2763.504291,114.855485,95.712904,-9399.007173
2763.504919,133.998066,114.855485,-9418.149754
2763.505546,57.427742,133.998066,-9360.722011
2763.506174,95.712904,114.855485,-9399.007173
2763.506801,95.712904,172.283227,-9418.149754
2763.507429,133.998066,210.568389,-9418.149754
2763.508056,76.570323,210.568389,-9418.149754
2763.508684,76.570323,153.140646,-9418.149754
2763.509311,38.285162,114.855485,-9456.434915
2763.509939,133.998066,133.998066,-9399.007173
2763.510567,95.712904,114.855485,-9418.149754
2763.511194,95.712904,153.140646,-9418.149754
2763.511822,76.570323,114.855485,-9418.149754
2763.512449,76.570323,210.568389,-9418.149754
2763.513077,133.998066,133.998066,-9399.007173
2763.513704,114.855485,153.140646,-9360.722011
2763.514332,95.712904,153.140646,-9360.722011
2763.514959,133.998066,172.283227,-9418.149754
2763.515587,76.570323,153.140646,-9418.149754
2763.516214,76.570323,114.855485,-9418.149754
2763.516842,76.570323,172.283227,-9418.149754
2763.517469,114.855485,114.855485,-9360.722011
2763.518097,95.712904,133.998066,-9360.722011
2763.518725,95.712904,95.712904,-9494.720077
2763.519352,76.570323,172.283227,-9437.292334
2763.519980,76.570323,172.283227,-9418.149754
2763.520607,95.712904,114.855485,-9418.149754
2763.521235,153.140646,133.998066,-9399.007173
2763.521862,114.855485,172.283227,-9360.722011
2763.522490,153.140646,133.998066,-9399.007173
2763.523117,210.568389,133.998066,-9399.007173
2763.523745,133.998066,114.855485,-9418.149754
2763.524372,95.712904,153.140646,-9418.149754
2763.525000,153.140646,153.140646,-9399.007173
2763.525627,57.427742,95.712904,-9399.007173
2763.526255,76.570323,153.140646,-9418.149754
2763.526883,38.285162,210.568389,-9418.149754
2763.527510,76.570323,114.855485,-9418.149754
2763.528138,57.427742,172.283227,-9418.149754
2763.528765,38.285162,114.855485,-9418.149754
2763.529393,95.712904,172.283227,-9360.722011
2763.530020,133.998066,133.998066,-9399.007173
2763.530648,114.855485,133.998066,-9341.579430
2763.531275,38.285162,114.855485,-9418.149754
2763.531903,133.998066,114.855485,-9418.149754
2763.532530,172.283227,172.283227,-9379.864592
2763.533158,133.998066,172.283227,-9418.149754
2763.533786,114.855485,95.712904,-9399.007173
2763.534413,114.855485,133.998066,-9360.722011
2763.535041,133.998066,210.568389,-9360.722011
2763.535668,133.998066,114.855485,-9418.149754
2763.536296,133.998066,153.140646,-9418.149754
2763.536923,95.712904,153.140646,-9360.722011
2763.537551,38.285162,153.140646,-9418.149754
2763.538178,133.998066,114.855485,-9418.149754
2763.538806,57.427742,133.998066,-9360.722011
2763.539433,133.998066,153.140646,-9437.292334
2763.540061,76.570323,114.855485,-9418.149754
2763.540688,76.570323,114.855485,-9418.149754
2763.541316,114.855485,153.140646,-9360.722011
2763.541944,133.998066,114.855485,-9418.149754
2763.542571,76.570323,153.140646,-9418.149754
2763.543199,172.283227,76.570323,-9360.722011
2763.543826,133.998066,114.855485,-9418.149754
2763.544454,95.712904,191.425808,-9360.722011
2763.545082,95.712904,114.855485,-9418.149754
2763.545709,76.570323,172.283227,-9418.149754
2763.546337,133.998066,172.283227,-9418.149754
2763.546965,76.570323,114.855485,-9418.149754
2763.547592,133.998066,114.855485,-9360.722011
2763.548220,76.570323,114.855485,-9418.149754
2763.548847,114.855485,133.998066,-9341.579430
2763.549475,95.712904,114.855485,-9360.722011
2763.550103,114.855485,172.283227,-9379.864592
2763.550730,133.998066,114.855485,-9360.722011
2763.551358,153.140646,133.998066,-9399.007173
2763.551985,133.998066,114.855485,-9418.149754
2763.552613,114.855485,133.998066,-9360.722011
2763.553241,114.855485,95.712904,-9399.007173
2763.553868,95.712904,229.710970,-9418.149754
2763.554496,114.855485,114.855485,-9418.149754
2763.555124,95.712904,95.712904,-9399.007173
2763.555751,133.998066,114.855485,-9418.149754
2763.556379,95.712904,172.283227,-9360.722011
2763.557006,133.998066,153.140646,-9437.292334
2763.557634,38.285162,114.855485,-9418.149754
2763.558262,133.998066,114.855485,-9418.149754
2763.558889,133.998066,172.283227,-9418.149754
2763.559517,95.712904,133.998066,-9360.722011
2763.560145,95.712904,114.855485,-9418.149754
2763.560772,95.712904,133.998066,-9360.722011
2763.561400,133.998066,153.140646,-9399.007173
2763.562027,57.427742,172.283227,-9360.722011
2763.562655,95.712904,95.712904,-9399.007173
2763.563283,57.427742,114.855485,-9437.292334
2763.563910,57.427742,114.855485,-9418.149754
2763.564538,133.998066,172.283227,-9418.149754
2763.565166,76.570323,114.855485,-9418.149754
2763.565793,76.570323,114.855485,-9437.292334
2763.566421,76.570323,153.140646,-9418.149754
2763.567048,76.570323,133.998066,-9360.722011
2763.567676,76.570323,114.855485,-9418.149754
2763.568304,95.712904,133.998066,-9360.722011
2763.568931,133.998066,114.855485,-9418.149754
2763.569559,153.140646,172.283227,-9399.007173
2763.570187,76.570323,114.855485,-9456.434915
2763.570814,95.712904,114.855485,-9418.149754
2763.571442,114.855485,133.998066,-9360.722011
2763.572069,57.427742,133.998066,-9360.722011
2763.572697,76.570323,114.855485,-9418.149754
2763.573325,95.712904,210.568389,-9456.434915
2763.573952,76.570323,114.855485,-9418.149754
2763.574580,133.998066,153.140646,-9418.149754
2763.575208,76.570323,191.425808,-9418.149754
2763.575835,114.855485,95.712904,-9399.007173
2763.576463,76.570323,114.855485,-9418.149754
2763.577090,95.712904,172.283227,-9418.149754
2763.577718,57.427742,133.998066,-9360.722011
2763.578346,76.570323,114.855485,-9418.149754
2763.578973,95.712904,95.712904,-9399.007173
2763.579601,38.285162,114.855485,-9456.434915
2763.580229,114.855485,95.712904,-9399.007173
2763.580856,95.712904,114.855485,-9418.149754
2763.581484,38.285162,172.283227,-9418.149754
2763.582111,133.998066,114.855485,-9418.149754
2763.582739,57.427742,95.712904,-9494.720077
2763.583367,133.998066,114.855485,-9418.149754
2763.583994,133.998066,114.855485,-9418.149754
2763.584622,76.570323,114.855485,-9437.292334
2763.585250,38.285162,114.855485,-9418.149754
2763.585877,114.855485,172.283227,-9360.722011
2763.586505,38.285162,210.568389,-9418.149754
2763.587132,133.998066,229.710970,-9418.149754
2763.587760,133.998066,153.140646,-9379.864592
2763.588388,95.712904,191.425808,-9360.722011
2763.589015,76.570323,114.855485,-9418.149754
2763.589643,95.712904,95.712904,-9475.577496
2763.590271,76.570323,114.855485,-9437.292334
2763.590898,57.427742,172.283227,-9360.722011
2763.591526,95.712904,172.283227,-9360.722011
2763.592153,76.570323,172.283227,-9456.434915
2763.592781,133.998066,95.712904,-9360.722011
2763.593409,76.570323,114.855485,-9418.149754
2763.594036,114.855485,172.283227,-9360.722011
2763.594664,76.570323,114.855485,-9418.149754
2763.595291,133.998066,172.283227,-9360.722011
2763.595919,76.570323,114.855485,-9418.149754
2763.596547,95.712904,114.855485,-9456.434915
2763.597174,95.712904,95.712904,-9399.007173
2763.597802,95.712904,153.140646,-9360.722011
2763.598430,57.427742,153.140646,-9360.722011
2763.599057,114.855485,172.283227,-9341.579430
2763.599685,95.712904,114.855485,-9418.149754
2763.600312,76.570323,114.855485,-9418.149754
2763.600940,133.998066,114.855485,-9418.149754
2763.601568,133.998066,114.855485,-9418.149754
2763.602195,133.998066,172.283227,-9418.149754
2763.602823,95.712904,95.712904,-9399.007173
2763.603451,76.570323,114.855485,-9418.149754
2763.604078,38.285162,114.855485,-9418.149754
2763.604706,76.570323,172.283227,-9418.149754
2763.605333,76.570323,114.855485,-9418.149754
2763.605961,76.570323,114.855485,-9418.149754
2763.606589,114.855485,133.998066,-9360.722011
2763.607216,133.998066,172.283227,-9456.434915
2763.607844,76.570323,172.283227,-9418.149754
2763.608472,76.570323,229.710970,-9418.149754
2763.609099,38.285162,114.855485,-9418.149754
2763.609727,95.712904,133.998066,-9360.722011
2763.610354,38.285162,114.855485,-9418.149754
2763.610982,76.570323,114.855485,-9418.149754
2763.611610,38.285162,153.140646,-9418.149754
2763.612237,76.570323,76.570323,-9379.864592
2763.612865,95.712904,172.283227,-9360.722011
2763.613493,210.568389,210.568389,-9399.007173
2763.614120,133.998066,114.855485,-9418.149754
2763.614748,133.998066,114.855485,-9437.292334
2763.615375,76.570323,172.283227,-9437.292334
2763.616003,76.570323,114.855485,-9475.577496
2763.616631,19.142581,153.140646,-9399.007173
2763.617258,57.427742,95.712904,-9418.149754
2763.617886,95.712904,114.855485,-9418.149754
2763.618514,133.998066,133.998066,-9399.007173
2763.619141,76.570323,114.855485,-9418.149754
2763.619769,114.855485,133.998066,-9360.722011
2763.620396,76.570323,114.855485,-9437.292334
2763.621024,38.285162,153.140646,-9418.149754
2763.621652,133.998066,114.855485,-9418.149754
2763.622279,38.285162,114.855485,-9418.149754
2763.622907,114.855485,133.998066,-9360.722011
2763.623535,95.712904,95.712904,-9379.864592
2763.624162,95.712904,95.712904,-9399.007173
2763.624790,95.712904,114.855485,-9418.149754
2763.625417,133.998066,133.998066,-9399.007173
2763.626045,95.712904,95.712904,-9399.007173
2763.626673,95.712904,114.855485,-9418.149754
2763.627300,38.285162,114.855485,-9418.149754
2763.627928,76.570323,172.283227,-9418.149754
2763.628556,76.570323,114.855485,-9418.149754
2763.629183,38.285162,114.855485,-9418.149754
2763.629811,114.855485,133.998066,-9341.579430
2763.630438,172.283227,172.283227,-9360.722011
2763.631066,114.855485,133.998066,-9360.722011
2763.631694,210.568389,133.998066,-9399.007173
2763.632321,76.570323,172.283227,-9418.149754
2763.632949,95.712904,114.855485,-9418.149754
2763.633577,95.712904,133.998066,-9360.722011
2763.634204,133.998066,114.855485,-9418.149754
2763.634832,76.570323,76.570323,-9322.436850
2763.635459,57.427742,95.712904,-9399.007173
2763.636087,38.285162,153.140646,-9418.149754
2763.636715,76.570323,172.283227,-9418.149754
2763.637342,76.570323,153.140646,-9418.149754
2763.637970,133.998066,133.998066,-9399.007173
2763.638597,38.285162,114.855485,-9418.149754
2763.639225,76.570323,153.140646,-9341.579430
2763.639853,57.427742,172.283227,-9360.722011
2763.640480,172.283227,114.855485,-9322.436850
2763.641108,38.285162,114.855485,-9418.149754
2763.641736,76.570323,114.855485,-9418.149754
2763.642363,95.712904,172.283227,-9437.292334
2763.642991,95.712904,114.855485,-9456.434915
2763.643618,133.998066,153.140646,-9418.149754
2763.644246,114.855485,95.712904,-9399.007173
2763.644874,57.427742,114.855485,-9399.007173
2763.645501,38.285162,114.855485,-9418.149754
2763.646129,133.998066,210.568389,-9418.149754
2763.646757,95.712904,248.853550,-9360.722011
2763.647384,133.998066,153.140646,-9360.722011
2763.648012,95.712904,153.140646,-9360.722011
2763.648639,38.285162,153.140646,-9418.149754
2763.649267,95.712904,95.712904,-9399.007173
2763.649894,95.712904,172.283227,-9360.722011
2763.650522,114.855485,133.998066,-9360.722011
2763.651150,172.283227,114.855485,-9379.864592
2763.651777,114.855485,172.283227,-9303.294269
2763.652405,76.570323,153.140646,-9418.149754
2763.653032,57.427742,133.998066,-9360.722011
2763.653660,133.998066,114.855485,-9418.149754
2763.654287,133.998066,114.855485,-9437.292334
2763.654915,95.712904,95.712904,-9399.007173
2763.655543,133.998066,114.855485,-9418.149754
2763.656170,95.712904,133.998066,-9322.436850
2763.656798,76.570323,172.283227,-9418.149754
2763.657425,76.570323,114.855485,-9418.149754
2763.658053,133.998066,114.855485,-9418.149754
2763.658680,76.570323,172.283227,-9418.149754
2763.659308,114.855485,133.998066,-9360.722011
2763.659935,38.285162,172.283227,-9418.149754
2763.660563,133.998066,153.140646,-9418.149754
2763.661191,76.570323,133.998066,-9399.007173
2763.661818,57.427742,95.712904,-9399.007173
2763.662446,133.998066,114.855485,-9456.434915
2763.663073,114.855485,95.712904,-9399.007173
2763.663701,95.712904,114.855485,-9418.149754
2763.664328,95.712904,95.712904,-9399.007173
2763.664956,133.998066,172.283227,-9418.149754
2763.665584,76.570323,191.425808,-9418.149754
2763.666211,76.570323,114.855485,-9418.149754
2763.666839,95.712904,114.855485,-9418.149754
2763.667466,38.285162,229.710970,-9456.434915
2763.668094,38.285162,172.283227,-9437.292334
2763.668721,76.570323,210.568389,-9418.149754
2763.669349,95.712904,133.998066,-9360.722011
2763.669977,114.855485,133.998066,-9360.722011
2763.670604,38.285162,210.568389,-9418.149754
2763.671232,38.285162,210.568389,-9418.149754
2763.671859,95.712904,153.140646,-9360.722011
2763.672487,76.570323,153.140646,-9418.149754
2763.673114,133.998066,114.855485,-9418.149754
2763.673742,114.855485,133.998066,-9418.149754
2763.674369,95.712904,114.855485,-9418.149754
2763.674997,76.570323,153.140646,-9418.149754
2763.675625,95.712904,95.712904,-9399.007173
2763.676252,95.712904,133.998066,-9360.722011
2763.676880,114.855485,114.855485,-9399.007173
2763.677507,57.427742,95.712904,-9456.434915
2763.678135,38.285162,114.855485,-9418.149754
2763.678762,95.712904,153.140646,-9360.722011
2763.679390,114.855485,133.998066,-9360.722011
2763.680018,95.712904,172.283227,-9418.149754
2763.680645,114.855485,133.998066,-9360.722011
2763.681273,76.570323,114.855485,-9418.149754
2763.681900,133.998066,114.855485,-9418.149754
2763.682528,114.855485,133.998066,-9360.722011
2763.683155,95.712904,191.425808,-9360.722011
2763.683783,114.855485,133.998066,-9360.722011
2763.684410,76.570323,114.855485,-9418.149754
2763.685038,95.712904,133.998066,-9360.722011
2763.685666,133.998066,210.568389,-9418.149754
2763.686293,76.570323,114.855485,-9418.149754
2763.686921,57.427742,114.855485,-9418.149754
2763.687548,76.570323,114.855485,-9418.149754
2763.688176,57.427742,114.855485,-9399.007173
2763.688803,133.998066,172.283227,-9437.292334
2763.689431,76.570323,172.283227,-9418.149754
2763.690059,114.855485,133.998066,-9360.722011
2763.690686,133.998066,114.855485,-9437.292334
2763.691314,76.570323,114.855485,-9418.149754
2763.691941,114.855485,133.998066,-9360.722011
2763.692569,133.998066,114.855485,-9456.434915
2763.693196,114.855485,133.998066,-9360.722011
2763.693824,133.998066,114.855485,-9456.434915
2763.694452,19.142581,114.855485,-9437.292334
2763.695079,133.998066,114.855485,-9418.149754
2763.695707,114.855485,133.998066,-9360.722011
2763.696334,76.570323,114.855485,-9418.149754
2763.696962,76.570323,114.855485,-9418.149754
2763.697589,57.427742,133.998066,-9360.722011
2763.698217,133.998066,114.855485,-9418.149754
2763.698844,133.998066,172.283227,-9418.149754
2763.699472,76.570323,153.140646,-9360.722011
2763.700100,95.712904,153.140646,-9360.722011
2763.700727,133.998066,114.855485,-9418.149754
2763.701355,172.283227,153.140646,-9379.864592
2763.701982,133.998066,133.998066,-9379.864592
2763.702610,114.855485,114.855485,-9379.864592
2763.703237,76.570323,114.855485,-9418.149754
2763.703865,133.998066,95.712904,-9360.722011
2763.704493,76.570323,114.855485,-9418.149754
2763.705120,133.998066,172.283227,-9418.149754
2763.705748,133.998066,114.855485,-9418.149754
2763.706375,76.570323,153.140646,-9418.149754
2763.707003,76.570323,191.425808,-9418.149754
2763.707630,133.998066,172.283227,-9418.149754
2763.708258,95.712904,114.855485,-9437.292334
2763.708885,95.712904,172.283227,-9360.722011
2763.709513,133.998066,210.568389,-9418.149754
2763.710141,133.998066,172.283227,-9360.722011
2763.710768,95.712904,114.855485,-9494.720077
2763.711396,76.570323,153.140646,-9418.149754
2763.712023,38.285162,172.283227,-9360.722011
2763.712651,95.712904,172.283227,-9418.149754
2763.713278,95.712904,133.998066,-9418.149754
2763.713906,76.570323,172.283227,-9418.149754
2763.714534,95.712904,153.140646,-9360.722011
2763.715161,57.427742,133.998066,-9360.722011
2763.715789,38.285162,114.855485,-9456.434915
2763.716416,114.855485,133.998066,-9360.722011
2763.717044,95.712904,114.855485,-9418.149754
2763.717671,133.998066,133.998066,-9399.007173
2763.718299,95.712904,153.140646,-9418.149754
2763.718927,133.998066,114.855485,-9360.722011
2763.719554,95.712904,95.712904,-9379.864592
2763.720182,133.998066,153.140646,-9418.149754
2763.720809,153.140646,153.140646,-9399.007173
2763.721437,114.855485,133.998066,-9360.722011
2763.722064,76.570323,229.710970,-9360.722011
2763.722692,76.570323,153.140646,-9360.722011
2763.723319,57.427742,172.283227,-9341.579430
2763.723947,95.712904,114.855485,-9360.722011
2763.724575,76.570323,76.570323,-9456.434915
2763.725202,133.998066,114.855485,-9475.577496
2763.725830,95.712904,133.998066,-9360.722011
2763.726457,133.998066,153.140646,-9418.149754
2763.727085,57.427742,133.998066,-9341.579430
2763.727712,76.570323,114.855485,-9418.149754
2763.728340,76.570323,133.998066,-9360.722011
2763.728968,95.712904,133.998066,-9360.722011
2763.729595,76.570323,114.855485,-9418.149754
2763.730223,114.855485,133.998066,-9360.722011
2763.730850,95.712904,153.140646,-9360.722011
2763.731478,95.712904,95.712904,-9399.007173
2763.732105,95.712904,114.855485,-9399.007173
2763.732733,95.712904,95.712904,-9399.007173
2763.733360,133.998066,114.855485,-9418.149754
2763.733988,153.140646,172.283227,-9399.007173
2763.734616,76.570323,114.855485,-9418.149754
2763.735243,95.712904,210.568389,-9360.722011
2763.735871,95.712904,172.283227,-9360.722011
2763.736498,133.998066,153.140646,-9418.149754
2763.737126,76.570323,114.855485,-9418.149754
2763.737753,95.712904,95.712904,-9399.007173
2763.738381,95.712904,114.855485,-9399.007173
2763.739009,114.855485,133.998066,-9360.722011
2763.739636,57.427742,191.425808,-9341.579430
2763.740264,38.285162,210.568389,-9418.149754
2763.740891,153.140646,133.998066,-9399.007173
2763.741519,76.570323,172.283227,-9456.434915
2763.742146,38.285162,153.140646,-9360.722011
2763.742774,38.285162,114.855485,-9418.149754
2763.743402,76.570323,133.998066,-9341.579430
2763.744029,57.427742,95.712904,-9399.007173
2763.744657,38.285162,114.855485,-9418.149754
2763.745284,95.712904,172.283227,-9418.149754
2763.745912,76.570323,114.855485,-9456.434915
2763.746539,133.998066,172.283227,-9437.292334
2763.747167,76.570323,114.855485,-9418.149754
2763.747794,38.285162,114.855485,-9418.149754
2763.748422,133.998066,114.855485,-9437.292334
2763.749049,95.712904,153.140646,-9360.722011
2763.749677,114.855485,133.998066,-9360.722011
2763.750304,95.712904,76.570323,-9379.864592
2763.750932,133.998066,153.140646,-9418.149754
2763.751559,57.427742,133.998066,-9341.579430
2763.752187,114.855485,172.283227,-9360.722011
2763.752814,76.570323,172.283227,-9418.149754
2763.753442,95.712904,153.140646,-9418.149754
2763.754069,95.712904,133.998066,-9341.579430
2763.754696,76.570323,114.855485,-9418.149754
2763.755324,76.570323,114.855485,-9418.149754
2763.755951,133.998066,114.855485,-9418.149754
2763.756579,133.998066,133.998066,-9399.007173
2763.757206,38.285162,172.283227,-9418.149754
2763.757834,95.712904,133.998066,-9360.722011
2763.758461,133.998066,133.998066,-9456.434915
2763.759089,114.855485,191.425808,-9360.722011
2763.759716,57.427742,133.998066,-9360.722011
2763.760344,114.855485,133.998066,-9360.722011
2763.760971,153.140646,133.998066,-9399.007173
2763.761598,95.712904,95.712904,-9399.007173
2763.762226,76.570323,153.140646,-9418.149754
2763.762853,114.855485,172.283227,-9360.722011
2763.763481,133.998066,114.855485,-9360.722011
2763.764108,133.998066,153.140646,-9418.149754
2763.764736,38.285162,114.855485,-9456.434915
2763.765363,133.998066,133.998066,-9399.007173
2763.765991,76.570323,114.855485,-9418.149754
2763.766618,95.712904,114.855485,-9418.149754
2763.767245,114.855485,133.998066,-9360.722011
2763.767873,114.855485,133.998066,-9360.722011
2763.768500,133.998066,114.855485,-9418.149754
2763.769128,38.285162,114.855485,-9418.149754
2763.769755,76.570323,114.855485,-9418.149754
2763.770383,133.998066,114.855485,-9418.149754
2763.771010,153.140646,133.998066,-9399.007173
2763.771638,76.570323,114.855485,-9475.577496
2763.772265,76.570323,114.855485,-9418.149754
2763.772893,76.570323,172.283227,-9418.149754
2763.773520,76.570323,210.568389,-9418.149754
2763.774147,76.570323,114.855485,-9418.149754
2763.774775,172.283227,153.140646,-9379.864592
2763.775402,76.570323,114.855485,-9418.149754
2763.776030,76.570323,153.140646,-9418.149754
2763.776657,38.285162,114.855485,-9418.149754
2763.777285,133.998066,172.283227,-9418.149754
2763.777912,133.998066,172.283227,-9418.149754
2763.778540,76.570323,172.283227,-9418.149754
2763.779167,19.142581,114.855485,-9418.149754
2763.779795,38.285162,153.140646,-9418.149754
2763.780422,76.570323,153.140646,-9418.149754
2763.781049,114.855485,153.140646,-9303.294269
2763.781677,133.998066,114.855485,-9418.149754
2763.782304,133.998066,114.855485,-9418.149754
2763.782932,95.712904,153.140646,-9418.149754
2763.783559,95.712904,133.998066,-9360.722011
2763.784187,76.570323,114.855485,-9418.149754
2763.784814,153.140646,114.855485,-9418.149754
2763.785442,133.998066,76.570323,-9379.864592
2763.786069,133.998066,172.283227,-9418.149754
2763.786696,57.427742,153.140646,-9418.149754
2763.787324,76.570323,114.855485,-9418.149754
2763.787951,76.570323,153.140646,-9437.292334
2763.788579,114.855485,133.998066,-9360.722011
2763.789206,133.998066,172.283227,-9418.149754
2763.789834,0.000000,133.998066,-9418.149754
2763.790461,19.142581,114.855485,-9418.149754
2763.791089,133.998066,153.140646,-9418.149754
2763.791716,76.570323,114.855485,-9418.149754
2763.792344,153.140646,153.140646,-9418.149754
2763.792971,114.855485,172.283227,-9399.007173
2763.793598,133.998066,172.283227,-9418.149754
2763.794226,153.140646,172.283227,-9418.149754
2763.794853,153.140646,191.425808,-9399.007173
2763.795481,76.570323,210.568389,-9418.149754
2763.796108,76.570323,114.855485,-9360.722011
2763.796736,95.712904,172.283227,-9360.722011
2763.797363,114.855485,153.140646,-9341.579430
2763.797991,76.570323,191.425808,-9360.722011
2763.798618,76.570323,133.998066,-9341.579430
2763.799246,114.855485,95.712904,-9399.007173
2763.799873,133.998066,153.140646,-9418.149754
2763.800500,153.140646,95.712904,-9360.722011
2763.801128,76.570323,153.140646,-9475.577496
2763.801755,76.570323,114.855485,-9418.149754
2763.802383,133.998066,114.855485,-9418.149754
2763.803010,95.712904,114.855485,-9418.149754
2763.803638,172.283227,114.855485,-9379.864592
2763.804265,95.712904,133.998066,-9360.722011
2763.804893,114.855485,133.998066,-9360.722011
2763.805520,76.570323,76.570323,-9379.864592
2763.806147,95.712904,95.712904,-9399.007173
2763.806775,133.998066,114.855485,-9418.149754
2763.807402,133.998066,114.855485,-9418.149754
2763.808030,133.998066,153.140646,-9475.577496
2763.808657,133.998066,114.855485,-9418.149754
2763.809285,133.998066,114.855485,-9418.149754
2763.809912,133.998066,114.855485,-9418.149754
2763.810540,133.998066,114.855485,-9418.149754
2763.811167,76.570323,114.855485,-9418.149754
2763.811795,76.570323,153.140646,-9418.149754
2763.812422,133.998066,153.140646,-9418.149754
2763.813049,133.998066,210.568389,-9418.149754
2763.813677,38.285162,114.855485,-9456.434915
2763.814304,38.285162,114.855485,-9418.149754
2763.814932,38.285162,114.855485,-9418.149754
2763.815559,76.570323,114.855485,-9418.149754
2763.816187,76.570323,114.855485,-9456.434915
2763.816814,95.712904,172.283227,-9418.149754
2763.817442,76.570323,114.855485,-9360.722011
2763.818069,153.140646,153.140646,-9456.434915
2763.818697,76.570323,114.855485,-9418.149754
2763.819324,133.998066,114.855485,-9494.720077
2763.819951,133.998066,210.568389,-9418.149754
2763.820579,133.998066,114.855485,-9418.149754
2763.821206,76.570323,191.425808,-9418.149754
2763.821834,133.998066,133.998066,-9399.007173
2763.822461,114.855485,95.712904,-9456.434915
2763.823089,76.570323,114.855485,-9418.149754
2763.823716,133.998066,172.283227,-9418.149754
2763.824344,95.712904,133.998066,-9360.722011
2763.824971,133.998066,114.855485,-9456.434915
2763.825599,19.142581,114.855485,-9418.149754
2763.826226,76.570323,153.140646,-9418.149754
2763.826853,153.140646,191.425808,-9399.007173
2763.827481,133.998066,191.425808,-9418.149754
2763.828108,19.142581,172.283227,-9418.149754
2763.828736,95.712904,133.998066,-9360.722011
2763.829363,95.712904,95.712904,-9399.007173
2763.829991,76.570323,153.140646,-9418.149754
2763.830618,76.570323,114.855485,-9418.149754
2763.831246,76.570323,153.140646,-9418.149754
2763.831873,172.283227,76.570323,-9418.149754
2763.832500,133.998066,114.855485,-9418.149754
2763.833128,153.140646,133.998066,-9399.007173
2763.833755,172.283227,76.570323,-9418.149754
2763.834383,114.855485,38.285162,-9399.007173
2763.835010,76.570323,133.998066,-9360.722011
2763.835638,95.712904,172.283227,-9418.149754
2763.836265,76.570323,153.140646,-9418.149754
2763.836893,76.570323,114.855485,-9418.149754
2763.837520,133.998066,114.855485,-9418.149754
2763.838148,133.998066,133.998066,-9399.007173
2763.838775,114.855485,114.855485,-9399.007173
2763.839402,76.570323,191.425808,-9418.149754
2763.840030,133.998066,57.427742,-9379.864592
2763.840657,76.570323,114.855485,-9418.149754
2763.841285,133.998066,172.283227,-9418.149754
2763.841912,76.570323,153.140646,-9418.149754
2763.842540,38.285162,114.855485,-9437.292334
2763.843167,38.285162,76.570323,-9379.864592
2763.843795,76.570323,153.140646,-9418.149754
2763.844422,76.570323,114.855485,-9494.720077
2763.845050,95.712904,114.855485,-9456.434915
2763.845677,95.712904,114.855485,-9418.149754
2763.846304,76.570323,210.568389,-9418.149754
2763.846932,114.855485,172.283227,-9360.722011
2763.847559,210.568389,133.998066,-9399.007173
2763.848187,133.998066,114.855485,-9418.149754
2763.848814,95.712904,133.998066,-9360.722011
2763.849442,76.570323,76.570323,-9379.864592
2763.850069,19.142581,153.140646,-9418.149754
2763.850697,76.570323,172.283227,-9418.149754
2763.851324,133.998066,153.140646,-9418.149754
2763.851952,76.570323,153.140646,-9418.149754
2763.852580,133.998066,210.568389,-9360.722011
2763.853207,95.712904,95.712904,-9399.007173
2763.853835,133.998066,172.283227,-9418.149754
2763.854462,133.998066,114.855485,-9475.577496
2763.855090,153.140646,172.283227,-9399.007173
2763.855717,133.998066,114.855485,-9456.434915
2763.856345,133.998066,114.855485,-9418.149754
2763.856972,76.570323,153.140646,-9418.149754
2763.857600,76.570323,114.855485,-9418.149754
2763.858227,76.570323,114.855485,-9418.149754
2763.858855,38.285162,114.855485,-9418.149754
2763.859482,95.712904,114.855485,-9418.149754
2763.860110,114.855485,133.998066,-9360.722011
2763.860738,76.570323,114.855485,-9437.292334
2763.861365,76.570323,153.140646,-9437.292334
2763.861993,133.998066,172.283227,-9418.149754
2763.862620,76.570323,133.998066,-9360.722011
2763.863248,38.285162,114.855485,-9418.149754
2763.863875,76.570323,114.855485,-9418.149754
2763.864503,172.283227,114.855485,-9379.864592
2763.865130,172.283227,114.855485,-9379.864592
2763.865758,38.285162,114.855485,-9418.149754
2763.866385,76.570323,76.570323,-9379.864592
2763.867013,133.998066,133.998066,-9399.007173
2763.867641,76.570323,114.855485,-9418.149754
2763.868268,76.570323,114.855485,-9418.149754
2763.868896,76.570323,114.855485,-9418.149754
2763.869523,114.855485,133.998066,-9360.722011
2763.870151,114.855485,95.712904,-9399.007173
2763.870778,76.570323,114.855485,-9418.149754
2763.871406,76.570323,172.283227,-9341.579430
2763.872033,57.427742,114.855485,-9418.149754
2763.872661,133.998066,114.855485,-9360.722011
2763.873288,76.570323,172.283227,-9418.149754
2763.873916,76.570323,210.568389,-9418.149754
2763.874543,38.285162,114.855485,-9418.149754
2763.875171,95.712904,114.855485,-9418.149754
2763.875799,76.570323,172.283227,-9418.149754
2763.876426,76.570323,114.855485,-9418.149754
2763.877054,172.283227,114.855485,-9399.007173
2763.877681,95.712904,95.712904,-9399.007173
2763.878309,76.570323,114.855485,-9418.149754
2763.878936,95.712904,114.855485,-9418.149754
2763.879564,95.712904,114.855485,-9418.149754
2763.880191,133.998066,114.855485,-9360.722011
2763.880819,153.140646,133.998066,-9379.864592
2763.881446,95.712904,133.998066,-9360.722011
2763.882074,153.140646,114.855485,-9437.292334
2763.882701,114.855485,76.570323,-9456.434915
2763.883329,76.570323,153.140646,-9437.292334
2763.883957,57.427742,95.712904,-9399.007173
2763.884584,76.570323,114.855485,-9418.149754
2763.885212,19.142581,114.855485,-9418.149754
2763.885839,76.570323,210.568389,-9418.149754
2763.886467,95.712904,229.710970,-9399.007173
2763.887094,76.570323,114.855485,-9437.292334
2763.887722,172.283227,76.570323,-9418.149754
2763.888349,114.855485,114.855485,-9379.864592
2763.888977,76.570323,114.855485,-9418.149754
2763.889604,76.570323,114.855485,-9456.434915
2763.890232,57.427742,133.998066,-9360.722011
2763.890859,114.855485,153.140646,-9360.722011
2763.891487,133.998066,114.855485,-9418.149754
2763.892115,133.998066,172.283227,-9360.722011
2763.892742,95.712904,172.283227,-9360.722011
2763.893370,114.855485,133.998066,-9360.722011
2763.893997,133.998066,210.568389,-9399.007173
2763.894625,38.285162,114.855485,-9418.149754
2763.895252,153.140646,191.425808,-9399.007173
2763.895880,114.855485,95.712904,-9399.007173
2763.896507,76.570323,114.855485,-9418.149754
2763.897135,133.998066,133.998066,-9399.007173
2763.897762,95.712904,95.712904,-9399.007173
2763.898390,76.570323,114.855485,-9418.149754
2763.899017,76.570323,95.712904,-9399.007173
2763.899645,76.570323,133.998066,-9360.722011
2763.900273,95.712904,153.140646,-9418.149754
2763.900900,38.285162,153.140646,-9418.149754
2763.901528,133.998066,114.855485,-9475.577496
2763.902155,95.712904,95.712904,-9399.007173
2763.902783,133.998066,114.855485,-9418.149754
2763.903410,38.285162,114.855485,-9456.434915
2763.904038,57.427742,172.283227,-9360.722011
2763.904665,76.570323,114.855485,-9418.149754
2763.905293,38.285162,172.283227,-9418.149754
2763.905920,76.570323,114.855485,-9418.149754
2763.906548,76.570323,133.998066,-9360.722011
2763.907175,76.570323,114.855485,-9418.149754
2763.907803,95.712904,114.855485,-9418.149754
2763.908431,153.140646,172.283227,-9494.720077
2763.909058,38.285162,172.283227,-9418.149754
2763.909686,133.998066,153.140646,-9399.007173
2763.910313,95.712904,133.998066,-9322.436850
2763.910941,38.285162,210.568389,-9418.149754
2763.911568,114.855485,114.855485,-9379.864592
2763.912196,95.712904,133.998066,-9360.722011
2763.912823,0.000000,133.998066,-9360.722011
2763.913451,114.855485,133.998066,-9360.722011
2763.914078,133.998066,133.998066,-9399.007173
2763.914706,76.570323,114.855485,-9418.149754
2763.915333,76.570323,133.998066,-9379.864592
2763.915961,95.712904,153.140646,-9418.149754
2763.916589,95.712904,114.855485,-9399.007173
2763.917216,76.570323,114.855485,-9418.149754
2763.917844,95.712904,191.425808,-9418.149754
2763.918471,76.570323,172.283227,-9437.292334
2763.919099,76.570323,133.998066,-9360.722011
2763.919726,133.998066,114.855485,-9418.149754
2763.920354,133.998066,191.425808,-9418.149754
2763.920981,114.855485,153.140646,-9360.722011
2763.921609,76.570323,114.855485,-9418.149754
2763.922236,57.427742,172.283227,-9360.722011
2763.922864,76.570323,210.568389,-9418.149754
2763.923492,133.998066,114.855485,-9418.149754
2763.924119,76.570323,153.140646,-9418.149754
2763.924747,76.570323,114.855485,-9418.149754
2763.925374,95.712904,172.283227,-9360.722011
2763.926002,95.712904,95.712904,-9399.007173
2763.926629,57.427742,95.712904,-9399.007173
2763.927257,95.712904,133.998066,-9360.722011
2763.927884,114.855485,95.712904,-9399.007173
2763.928512,76.570323,76.570323,-9379.864592
2763.929139,76.570323,114.855485,-9418.149754
2763.929767,76.570323,172.283227,-9418.149754
2763.930394,95.712904,172.283227,-9437.292334
2763.931022,76.570323,172.283227,-9360.722011
2763.931650,76.570323,76.570323,-9379.864592
2763.932277,133.998066,114.855485,-9418.149754
2763.932905,153.140646,114.855485,-9418.149754
2763.933532,133.998066,210.568389,-9475.577496
2763.934160,57.427742,114.855485,-9494.720077
2763.934787,76.570323,153.140646,-9360.722011
2763.935415,38.285162,114.855485,-9418.149754
2763.936042,114.855485,133.998066,-9360.722011
2763.936670,133.998066,114.855485,-9437.292334
2763.937297,76.570323,153.140646,-9418.149754
2763.937925,19.142581,76.570323,-9399.007173
2763.938552,38.285162,114.855485,-9418.149754
2763.939180,76.570323,114.855485,-9418.149754
2763.939808,76.570323,114.855485,-9418.149754
2763.940435,57.427742,172.283227,-9360.722011
2763.941063,76.570323,114.855485,-9418.149754
2763.941690,95.712904,133.998066,-9360.722011
2763.942318,95.712904,153.140646,-9360.722011
2763.942945,76.570323,114.855485,-9418.149754
2763.943573,76.570323,210.568389,-9418.149754
2763.944200,114.855485,133.998066,-9360.722011
2763.944828,38.285162,153.140646,-9418.149754
2763.945455,133.998066,153.140646,-9418.149754
2763.946083,133.998066,153.140646,-9437.292334
2763.946710,38.285162,114.855485,-9418.149754
2763.947338,133.998066,172.283227,-9456.434915
2763.947966,172.283227,114.855485,-9379.864592
2763.948593,114.855485,114.855485,-9379.864592
2763.949220,76.570323,95.712904,-9399.007173
2763.949848,95.712904,95.712904,-9399.007173
2763.950475,76.570323,114.855485,-9418.149754
2763.951103,153.140646,133.998066,-9399.007173
2763.951730,38.285162,172.283227,-9360.722011
2763.952357,114.855485,133.998066,-9360.722011
2763.952985,95.712904,95.712904,-9379.864592
2763.953612,114.855485,133.998066,-9360.722011
2763.954239,76.570323,153.140646,-9418.149754
2763.954867,76.570323,114.855485,-9418.149754
2763.955494,76.570323,114.855485,-9437.292334
2763.956122,133.998066,114.855485,-9418.149754
2763.956749,133.998066,153.140646,-9399.007173
2763.957376,172.283227,95.712904,-9399.007173
2763.958004,57.427742,114.855485,-9418.149754
2763.958631,114.855485,172.283227,-9360.722011
2763.959259,133.998066,114.855485,-9418.149754
2763.959886,133.998066,114.855485,-9418.149754
2763.960513,95.712904,172.283227,-9360.722011
2763.961141,76.570323,172.283227,-9418.149754
2763.961768,133.998066,114.855485,-9418.149754
2763.962395,38.285162,114.855485,-9418.149754
2763.963023,95.712904,133.998066,-9322.436850
2763.963650,114.855485,95.712904,-9399.007173
2763.964278,133.998066,114.855485,-9418.149754
2763.964905,76.570323,114.855485,-9418.149754
2763.965532,57.427742,95.712904,-9399.007173
2763.966160,76.570323,172.283227,-9437.292334
2763.966787,76.570323,153.140646,-9418.149754
2763.967414,76.570323,114.855485,-9456.434915
2763.968042,38.285162,114.855485,-9418.149754
2763.968669,76.570323,153.140646,-9418.149754
2763.969297,95.712904,114.855485,-9360.722011
2763.969924,114.855485,95.712904,-9399.007173
2763.970551,76.570323,114.855485,-9418.149754
2763.971179,133.998066,153.140646,-9418.149754
2763.971806,153.140646,191.425808,-9399.007173
2763.972433,57.427742,133.998066,-9360.722011
2763.973061,133.998066,114.855485,-9418.149754
2763.973688,95.712904,133.998066,-9418.149754
2763.974316,76.570323,114.855485,-9418.149754
2763.974943,133.998066,172.283227,-9418.149754
2763.975570,76.570323,114.855485,-9418.149754
2763.976198,133.998066,133.998066,-9399.007173
2763.976825,133.998066,114.855485,-9437.292334
2763.977453,76.570323,153.140646,-9360.722011
2763.978080,57.427742,95.712904,-9399.007173
2763.978707,38.285162,153.140646,-9379.864592
2763.979335,76.570323,210.568389,-9418.149754
2763.979962,76.570323,172.283227,-9418.149754
2763.980589,133.998066,114.855485,-9418.149754
2763.981217,133.998066,172.283227,-9418.149754
2763.981844,57.427742,133.998066,-9360.722011
2763.982472,133.998066,114.855485,-9418.149754
2763.983099,95.712904,95.712904,-9399.007173
2763.983726,114.855485,133.998066,-9360.722011
2763.984354,114.855485,95.712904,-9399.007173
2763.984981,133.998066,172.283227,-9418.149754
2763.985608,114.855485,133.998066,-9360.722011
2763.986236,76.570323,114.855485,-9418.149754
2763.986863,0.000000,133.998066,-9360.722011
2763.987491,133.998066,114.855485,-9437.292334
2763.988118,76.570323,76.570323,-9379.864592
2763.988745,95.712904,210.568389,-9360.722011
2763.989373,38.285162,172.283227,-9360.722011
2763.990000,76.570323,172.283227,-9418.149754
2763.990627,76.570323,114.855485,-9418.149754
2763.991255,57.427742,133.998066,-9360.722011
2763.991882,153.140646,172.283227,-9379.864592
2763.992510,76.570323,114.855485,-9418.149754
2763.993137,153.140646,95.712904,-9360.722011
2763.993764,76.570323,133.998066,-9360.722011
2763.994392,133.998066,114.855485,-9418.149754
2763.995019,133.998066,114.855485,-9437.292334
2763.995646,76.570323,114.855485,-9456.434915
2763.996274,133.998066,172.283227,-9418.149754
2763.996901,76.570323,229.710970,-9418.149754
2763.997529,57.427742,153.140646,-9418.149754
2763.998156,95.712904,133.998066,-9360.722011
2763.998783,76.570323,114.855485,-9418.149754
2763.999411,95.712904,114.855485,-9399.007173
2764.000038,95.712904,114.855485,-9418.149754
2764.000666,76.570323,210.568389,-9418.149754
2764.001293,76.570323,153.140646,-9418.149754
2764.001920,38.285162,114.855485,-9418.149754
2764.002548,133.998066,114.855485,-9418.149754
2764.003175,153.140646,191.425808,-9399.007173
2764.003802,76.570323,114.855485,-9437.292334
2764.004430,95.712904,114.855485,-9418.149754
2764.005057,76.570323,172.283227,-9418.149754
2764.005685,38.285162,210.568389,-9418.149754
2764.006312,133.998066,114.855485,-9418.149754
2764.006939,114.855485,133.998066,-9360.722011
2764.007567,153.140646,114.855485,-9418.149754
2764.008194,153.140646,172.283227,-9399.007173
2764.008821,76.570323,153.140646,-9418.149754
2764.009449,114.855485,95.712904,-9379.864592
2764.010076,95.712904,114.855485,-9418.149754
2764.010704,38.285162,114.855485,-9418.149754
2764.011331,95.712904,133.998066,-9360.722011
2764.011958,38.285162,172.283227,-9418.149754
2764.012586,133.998066,172.283227,-9418.149754
2764.013213,153.140646,172.283227,-9494.720077
2764.013840,114.855485,114.855485,-9456.434915
2764.014468,76.570323,172.283227,-9418.149754
2764.015095,95.712904,114.855485,-9418.149754
2764.015723,38.285162,114.855485,-9418.149754
2764.016350,95.712904,95.712904,-9399.007173
2764.016977,114.855485,133.998066,-9360.722011
2764.017605,114.855485,172.283227,-9360.722011
2764.018232,38.285162,114.855485,-9418.149754
2764.018859,95.712904,133.998066,-9360.722011
2764.019487,95.712904,133.998066,-9360.722011
2764.020114,114.855485,133.998066,-9360.722011
2764.020742,76.570323,133.998066,-9322.436850
2764.021369,114.855485,153.140646,-9360.722011
2764.021996,95.712904,153.140646,-9360.722011
2764.022624,133.998066,114.855485,-9418.149754
2764.023251,133.998066,114.855485,-9418.149754
2764.023879,153.140646,133.998066,-9399.007173
2764.024506,76.570323,172.283227,-9418.149754
2764.025133,133.998066,153.140646,-9418.149754
2764.025761,133.998066,153.140646,-9418.149754
2764.026388,133.998066,153.140646,-9418.149754
2764.027015,133.998066,153.140646,-9399.007173
2764.027643,76.570323,172.283227,-9418.149754
2764.028270,95.712904,210.568389,-9418.149754
2764.028898,76.570323,114.855485,-9418.149754
2764.029525,114.855485,172.283227,-9418.149754
2764.030152,133.998066,114.855485,-9418.149754
2764.030780,76.570323,133.998066,-9360.722011
2764.031407,76.570323,114.855485,-9418.149754
2764.032034,76.570323,172.283227,-9437.292334
2764.032662,133.998066,114.855485,-9418.149754
2764.033289,133.998066,114.855485,-9418.149754
2764.033917,133.998066,114.855485,-9418.149754
2764.034544,133.998066,172.283227,-9418.149754
2764.035171,76.570323,114.855485,-9360.722011
2764.035799,153.140646,133.998066,-9399.007173
2764.036426,172.283227,114.855485,-9379.864592
2764.037053,76.570323,172.283227,-9418.149754
2764.037681,19.142581,114.855485,-9418.149754
2764.038308,38.285162,153.140646,-9475.577496
2764.038936,114.855485,153.140646,-9360.722011
2764.039563,95.712904,172.283227,-9418.149754
2764.040190,133.998066,114.855485,-9418.149754
2764.040818,95.712904,114.855485,-9418.149754
2764.041445,76.570323,114.855485,-9418.149754
2764.042073,76.570323,172.283227,-9418.149754
2764.042700,76.570323,191.425808,-9418.149754
2764.043327,76.570323,114.855485,-9418.149754
2764.043955,38.285162,114.855485,-9418.149754
2764.044582,95.712904,95.712904,-9399.007173
2764.045209,76.570323,114.855485,-9437.292334
2764.045837,133.998066,114.855485,-9418.149754
2764.046464,57.427742,95.712904,-9379.864592
2764.047092,133.998066,114.855485,-9418.149754
2764.047719,76.570323,114.855485,-9418.149754
2764.048346,114.855485,133.998066,-9360.722011
2764.048974,76.570323,114.855485,-9437.292334
2764.049601,38.285162,114.855485,-9456.434915
2764.050229,114.855485,133.998066,-9360.722011
2764.050856,95.712904,114.855485,-9418.149754
2764.051484,133.998066,114.855485,-9418.149754
2764.052111,57.427742,172.283227,-9418.149754
2764.052739,38.285162,76.570323,-9379.864592
2764.053366,133.998066,133.998066,-9399.007173
2764.053994,133.998066,114.855485,-9418.149754
2764.054622,114.855485,133.998066,-9360.722011
2764.055249,0.000000,95.712904,-9456.434915
2764.055877,57.427742,133.998066,-9360.722011
2764.056504,133.998066,114.855485,-9418.149754
2764.057132,133.998066,114.855485,-9418.149754
2764.057759,38.285162,153.140646,-9418.149754
2764.058387,76.570323,114.855485,-9360.722011
2764.059014,76.570323,114.855485,-9437.292334
2764.059642,76.570323,114.855485,-9360.722011
2764.060270,114.855485,172.283227,-9379.864592
2764.060897,172.283227,172.283227,-9513.862658
2764.061525,76.570323,172.283227,-9418.149754
2764.062152,76.570323,210.568389,-9418.149754
2764.062780,153.140646,133.998066,-9399.007173
2764.063407,76.570323,114.855485,-9418.149754
2764.064035,95.712904,133.998066,-9360.722011
2764.064662,114.855485,95.712904,-9399.007173
2764.065290,57.427742,133.998066,-9360.722011
2764.065917,38.285162,76.570323,-9379.864592
2764.066545,76.570323,114.855485,-9418.149754
2764.067173,38.285162,210.568389,-9418.149754
2764.067800,133.998066,114.855485,-9418.149754
2764.068428,95.712904,114.855485,-9418.149754
2764.069055,133.998066,210.568389,-9418.149754
2764.069683,114.855485,114.855485,-9399.007173
2764.070310,133.998066,172.283227,-9418.149754
2764.070938,133.998066,133.998066,-9399.007173
2764.071565,114.855485,95.712904,-9399.007173
2764.072193,95.712904,114.855485,-9418.149754
2764.072820,76.570323,153.140646,-9418.149754
2764.073448,38.285162,114.855485,-9418.149754
2764.074076,38.285162,114.855485,-9418.149754
2764.074703,114.855485,133.998066,-9360.722011
2764.075331,76.570323,114.855485,-9418.149754
2764.075958,76.570323,210.568389,-9418.149754
2764.076586,76.570323,114.855485,-9418.149754
2764.077213,133.998066,114.855485,-9418.149754
2764.077841,114.855485,133.998066,-9360.722011
2764.078468,76.570323,114.855485,-9360.722011
2764.079096,133.998066,114.855485,-9418.149754
2764.079723,76.570323,172.283227,-9418.149754
2764.080351,95.712904,114.855485,-9418.149754
2764.080979,76.570323,133.998066,-9360.722011
2764.081606,57.427742,133.998066,-9284.151688
2764.082234,95.712904,248.853550,-9341.579430
2764.082861,38.285162,114.855485,-9360.722011
2764.083489,114.855485,153.140646,-9379.864592
2764.084116,114.855485,95.712904,-9399.007173
2764.084744,133.998066,114.855485,-9418.149754
2764.085371,114.855485,133.998066,-9360.722011
2764.085999,133.998066,114.855485,-9418.149754
2764.086626,95.712904,210.568389,-9360.722011
2764.087254,133.998066,153.140646,-9418.149754
2764.087882,133.998066,114.855485,-9418.149754
2764.088509,38.285162,114.855485,-9418.149754
2764.089137,76.570323,153.140646,-9418.149754
2764.089764,114.855485,172.283227,-9360.722011
2764.090392,76.570323,114.855485,-9418.149754
2764.091019,95.712904,133.998066,-9341.579430
2764.091647,133.998066,114.855485,-9418.149754
2764.092274,76.570323,153.140646,-9418.149754
2764.092902,153.140646,114.855485,-9418.149754
2764.093529,114.855485,133.998066,-9341.579430
2764.094157,133.998066,114.855485,-9418.149754
2764.094785,114.855485,114.855485,-9379.864592
2764.095412,133.998066,133.998066,-9379.864592
2764.096040,95.712904,114.855485,-9418.149754
2764.096667,95.712904,133.998066,-9341.579430
2764.097295,38.285162,153.140646,-9418.149754
2764.097922,38.285162,114.855485,-9418.149754
2764.098550,114.855485,133.998066,-9360.722011
2764.099177,153.140646,153.140646,-9399.007173
2764.099805,95.712904,172.283227,-9360.722011
2764.100432,133.998066,114.855485,-9418.149754
2764.101060,76.570323,114.855485,-9437.292334
2764.101688,95.712904,153.140646,-9360.722011
2764.102315,95.712904,133.998066,-9341.579430
2764.102943,57.427742,133.998066,-9360.722011
2764.103570,95.712904,153.140646,-9360.722011
2764.104198,133.998066,133.998066,-9399.007173
2764.104825,76.570323,114.855485,-9418.149754
2764.105453,95.712904,210.568389,-9360.722011
2764.106080,95.712904,172.283227,-9360.722011
2764.106708,76.570323,172.283227,-9418.149754
2764.107335,76.570323,153.140646,-9418.149754
2764.107963,95.712904,153.140646,-9360.722011
2764.108591,76.570323,114.855485,-9418.149754
2764.109218,133.998066,114.855485,-9418.149754
2764.109846,133.998066,114.855485,-9418.149754
2764.110473,76.570323,114.855485,-9418.149754
2764.111101,57.427742,133.998066,-9360.722011
2764.111728,133.998066,114.855485,-9360.722011
2764.112356,38.285162,153.140646,-9418.149754
2764.112983,95.712904,153.140646,-9418.149754
2764.113611,133.998066,172.283227,-9418.149754
2764.114238,57.427742,191.425808,-9360.722011
2764.114866,95.712904,153.140646,-9360.722011
2764.115494,95.712904,133.998066,-9360.722011
2764.116121,133.998066,114.855485,-9418.149754
2764.116749,76.570323,114.855485,-9360.722011
2764.117376,114.855485,133.998066,-9360.722011
2764.118004,95.712904,114.855485,-9418.149754
2764.118631,153.140646,153.140646,-9399.007173
2764.119259,133.998066,114.855485,-9437.292334
2764.119886,95.712904,133.998066,-9418.149754
2764.120514,133.998066,114.855485,-9418.149754
2764.121141,114.855485,133.998066,-9360.722011
2764.121769,76.570323,133.998066,-9360.722011
2764.122397,76.570323,114.855485,-9418.149754
2764.123024,133.998066,76.570323,-9379.864592
2764.123652,95.712904,172.283227,-9360.722011
2764.124279,95.712904,95.712904,-9399.007173
2764.124907,114.855485,95.712904,-9437.292334
2764.125534,38.285162,114.855485,-9418.149754
2764.126162,95.712904,248.853550,-9341.579430
2764.126789,133.998066,114.855485,-9418.149754
2764.127417,95.712904,210.568389,-9418.149754
2764.128044,133.998066,153.140646,-9418.149754
2764.128672,76.570323,114.855485,-9418.149754
2764.129300,133.998066,114.855485,-9418.149754
2764.129927,38.285162,114.855485,-9418.149754
2764.130555,57.427742,133.998066,-9360.722011
2764.131182,57.427742,172.283227,-9360.722011
2764.131810,114.855485,191.425808,-9360.722011
2764.132437,57.427742,153.140646,-9360.722011
2764.133065,133.998066,153.140646,-9418.149754
2764.133692,114.855485,133.998066,-9418.149754
2764.134320,133.998066,210.568389,-9360.722011
2764.134948,76.570323,114.855485,-9418.149754
2764.135575,133.998066,172.283227,-9418.149754
2764.136203,133.998066,153.140646,-9418.149754
2764.136830,76.570323,114.855485,-9418.149754
2764.137458,76.570323,114.855485,-9456.434915
2764.138085,38.285162,114.855485,-9418.149754
2764.138713,57.427742,133.998066,-9360.722011
2764.139340,76.570323,114.855485,-9399.007173
2764.139968,38.285162,153.140646,-9418.149754
2764.140595,76.570323,76.570323,-9379.864592
2764.141223,153.140646,95.712904,-9360.722011
2764.141851,153.140646,172.283227,-9399.007173
2764.142478,153.140646,172.283227,-9399.007173
2764.143106,114.855485,172.283227,-9360.722011
2764.143733,95.712904,95.712904,-9399.007173
2764.144361,95.712904,114.855485,-9418.149754
2764.144988,172.283227,76.570323,-9418.149754
2764.145616,172.283227,76.570323,-9418.149754
2764.146243,114.855485,133.998066,-9360.722011
2764.146871,114.855485,153.140646,-9418.149754
2764.147498,133.998066,153.140646,-9418.149754
2764.148126,95.712904,133.998066,-9360.722011
2764.148754,76.570323,172.283227,-9418.149754
2764.149381,76.570323,114.855485,-9418.149754
2764.150009,114.855485,133.998066,-9284.151688
2764.150636,76.570323,153.140646,-9418.149754
2764.151263,133.998066,76.570323,-9379.864592
2764.151891,133.998066,114.855485,-9437.292334
2764.152518,133.998066,172.283227,-9418.149754
2764.153146,133.998066,133.998066,-9399.007173
2764.153773,114.855485,95.712904,-9399.007173
2764.154401,153.140646,172.283227,-9399.007173
2764.155028,95.712904,172.283227,-9418.149754
2764.155655,114.855485,95.712904,-9399.007173
2764.156283,76.570323,114.855485,-9418.149754
2764.156910,95.712904,172.283227,-9360.722011
2764.157538,133.998066,114.855485,-9418.149754
2764.158165,95.712904,229.710970,-9399.007173
2764.158793,133.998066,210.568389,-9418.149754
2764.159420,38.285162,114.855485,-9418.149754
2764.160048,95.712904,95.712904,-9399.007173
2764.160675,38.285162,133.998066,-9360.722011
2764.161302,95.712904,114.855485,-9360.722011
2764.161930,76.570323,114.855485,-9418.149754
2764.162557,114.855485,114.855485,-9379.864592
2764.163185,133.998066,114.855485,-9418.149754
2764.163812,95.712904,172.283227,-9418.149754
2764.164440,38.285162,114.855485,-9418.149754
2764.165067,95.712904,229.710970,-9456.434915
2764.165695,95.712904,114.855485,-9418.149754
2764.166322,95.712904,114.855485,-9418.149754
2764.166949,38.285162,172.283227,-9456.434915
2764.167577,133.998066,114.855485,-9418.149754
2764.168204,133.998066,114.855485,-9418.149754
2764.168832,76.570323,114.855485,-9418.149754
2764.169459,133.998066,114.855485,-9418.149754
2764.170087,76.570323,191.425808,-9360.722011
2764.170714,76.570323,172.283227,-9418.149754
2764.171342,38.285162,114.855485,-9418.149754
2764.171969,76.570323,114.855485,-9418.149754
2764.172596,38.285162,76.570323,-9379.864592
2764.173224,38.285162,95.712904,-9399.007173
2764.173851,114.855485,133.998066,-9360.722011
2764.174479,76.570323,153.140646,-9418.149754
2764.175106,95.712904,95.712904,-9399.007173
2764.175734,95.712904,153.140646,-9360.722011
2764.176361,95.712904,95.712904,-9399.007173
2764.176989,133.998066,114.855485,-9475.577496
2764.177616,76.570323,114.855485,-9418.149754
2764.178243,95.712904,133.998066,-9360.722011
2764.178871,38.285162,172.283227,-9418.149754
2764.179498,133.998066,76.570323,-9379.864592
2764.180126,76.570323,114.855485,-9360.722011
2764.180753,114.855485,172.283227,-9341.579430
2764.181381,133.998066,153.140646,-9418.149754
2764.182008,76.570323,114.855485,-9437.292334
2764.182636,133.998066,153.140646,-9437.292334
2764.183263,95.712904,95.712904,-9399.007173
2764.183890,76.570323,114.855485,-9418.149754
2764.184518,76.570323,114.855485,-9418.149754
2764.185145,133.998066,172.283227,-9456.434915
2764.185773,133.998066,114.855485,-9418.149754
2764.186400,38.285162,114.855485,-9418.149754
2764.187028,133.998066,114.855485,-9418.149754
2764.187655,95.712904,191.425808,-9341.579430
2764.188283,76.570323,191.425808,-9360.722011
2764.188910,76.570323,210.568389,-9418.149754
2764.189537,95.712904,114.855485,-9418.149754
2764.190165,76.570323,210.568389,-9418.149754
2764.190792,153.140646,114.855485,-9418.149754
2764.191420,133.998066,153.140646,-9418.149754
2764.192047,76.570323,153.140646,-9360.722011
2764.192675,76.570323,153.140646,-9418.149754
2764.193302,38.285162,153.140646,-9418.149754
2764.193929,38.285162,153.140646,-9418.149754
2764.194557,95.712904,114.855485,-9437.292334
2764.195184,76.570323,114.855485,-9437.292334
2764.195812,133.998066,114.855485,-9418.149754
2764.196439,153.140646,133.998066,-9399.007173
2764.197067,133.998066,153.140646,-9437.292334
2764.197694,153.140646,172.283227,-9399.007173
2764.198322,57.427742,229.710970,-9418.149754
2764.198949,95.712904,210.568389,-9418.149754
2764.199576,133.998066,210.568389,-9399.007173
2764.200204,76.570323,114.855485,-9418.149754
2764.200831,95.712904,133.998066,-9360.722011
2764.201459,133.998066,114.855485,-9418.149754
2764.202086,76.570323,114.855485,-9360.722011
2764.202714,133.998066,114.855485,-9437.292334
2764.203341,95.712904,172.283227,-9360.722011
2764.203969,38.285162,191.425808,-9418.149754
2764.204596,76.570323,172.283227,-9418.149754
2764.205223,76.570323,114.855485,-9418.149754
2764.205851,76.570323,114.855485,-9418.149754
2764.206478,95.712904,172.283227,-9456.434915
2764.207106,76.570323,210.568389,-9418.149754
2764.207733,95.712904,133.998066,-9360.722011
2764.208361,76.570323,114.855485,-9418.149754
2764.208988,153.140646,114.855485,-9418.149754
2764.209616,76.570323,114.855485,-9418.149754
2764.210243,133.998066,172.283227,-9418.149754
2764.210870,114.855485,210.568389,-9360.722011
2764.211498,133.998066,172.283227,-9418.149754
2764.212125,38.285162,114.855485,-9418.149754
2764.212753,76.570323,210.568389,-9418.149754
2764.213380,76.570323,114.855485,-9418.149754
2764.214008,95.712904,133.998066,-9360.722011
2764.214635,38.285162,172.283227,-9418.149754
2764.215263,76.570323,95.712904,-9399.007173
2764.215890,133.998066,153.140646,-9418.149754
2764.216517,76.570323,114.855485,-9418.149754
2764.217145,95.712904,133.998066,-9360.722011
2764.217772,153.140646,133.998066,-9399.007173
2764.218400,95.712904,133.998066,-9341.579430
2764.219027,95.712904,133.998066,-9360.722011
2764.219655,95.712904,133.998066,-9341.579430
2764.220282,133.998066,210.568389,-9418.149754
2764.220910,38.285162,114.855485,-9418.149754
2764.221537,114.855485,133.998066,-9360.722011
2764.222164,95.712904,114.855485,-9418.149754
2764.222792,95.712904,133.998066,-9360.722011
2764.223419,133.998066,114.855485,-9418.149754
2764.224047,133.998066,114.855485,-9456.434915
2764.224674,133.998066,114.855485,-9418.149754
2764.225302,133.998066,153.140646,-9418.149754
2764.225929,114.855485,133.998066,-9360.722011
2764.226557,133.998066,172.283227,-9418.149754
2764.227184,133.998066,172.283227,-9418.149754
2764.227811,133.998066,191.425808,-9399.007173
2764.228439,133.998066,114.855485,-9418.149754
2764.229066,76.570323,114.855485,-9418.149754
2764.229694,76.570323,114.855485,-9418.149754
2764.230321,95.712904,95.712904,-9399.007173
2764.230949,114.855485,133.998066,-9360.722011
2764.231576,76.570323,114.855485,-9418.149754
2764.232204,57.427742,133.998066,-9360.722011
2764.232831,38.285162,114.855485,-9418.149754
2764.233458,114.855485,153.140646,-9418.149754
2764.234086,38.285162,172.283227,-9360.722011
2764.234713,133.998066,114.855485,-9418.149754
2764.235341,95.712904,114.855485,-9360.722011
2764.235968,114.855485,114.855485,-9379.864592
2764.236596,133.998066,76.570323,-9379.864592
2764.237223,114.855485,76.570323,-9418.149754
2764.237850,57.427742,114.855485,-9360.722011
2764.238478,76.570323,114.855485,-9418.149754
2764.239105,114.855485,133.998066,-9341.579430
2764.239733,76.570323,172.283227,-9418.149754
2764.240360,76.570323,172.283227,-9418.149754
2764.240988,57.427742,153.140646,-9360.722011
2764.241615,95.712904,114.855485,-9418.149754
2764.242243,133.998066,153.140646,-9418.149754
2764.242870,153.140646,133.998066,-9399.007173
2764.243497,133.998066,172.283227,-9418.149754
2764.244125,95.712904,133.998066,-9360.722011
2764.244752,38.285162,210.568389,-9418.149754
2764.245380,95.712904,153.140646,-9418.149754
2764.246007,95.712904,172.283227,-9360.722011
2764.246635,114.855485,191.425808,-9360.722011
2764.247262,95.712904,114.855485,-9418.149754
2764.247890,133.998066,133.998066,-9399.007173
2764.248517,95.712904,95.712904,-9399.007173
2764.249144,114.855485,153.140646,-9379.864592
2764.249772,114.855485,95.712904,-9399.007173
2764.250399,153.140646,153.140646,-9399.007173
2764.251027,76.570323,114.855485,-9418.149754
2764.251654,76.570323,114.855485,-9418.149754
2764.252282,95.712904,191.425808,-9341.579430
2764.252909,133.998066,153.140646,-9437.292334
2764.253537,95.712904,114.855485,-9418.149754
2764.254164,95.712904,191.425808,-9360.722011
2764.254792,95.712904,133.998066,-9360.722011
2764.255419,114.855485,153.140646,-9360.722011
2764.256047,133.998066,133.998066,-9456.434915
2764.256674,76.570323,114.855485,-9418.149754
2764.257302,95.712904,95.712904,-9399.007173
2764.257929,114.855485,95.712904,-9494.720077
2764.258557,76.570323,114.855485,-9360.722011
2764.259184,133.998066,114.855485,-9418.149754
2764.259812,76.570323,114.855485,-9456.434915
2764.260439,133.998066,133.998066,-9399.007173
2764.261067,95.712904,133.998066,-9360.722011
2764.261694,76.570323,114.855485,-9360.722011
2764.262321,172.283227,114.855485,-9379.864592
2764.262949,95.712904,133.998066,-9303.294269
2764.263576,95.712904,133.998066,-9360.722011
2764.264204,38.285162,172.283227,-9418.149754
2764.264831,133.998066,114.855485,-9418.149754
2764.265459,95.712904,114.855485,-9360.722011
2764.266086,172.283227,76.570323,-9418.149754
2764.266714,114.855485,153.140646,-9360.722011
2764.267341,76.570323,114.855485,-9418.149754
2764.267969,114.855485,210.568389,-9341.579430
2764.268596,133.998066,191.425808,-9399.007173
2764.269224,95.712904,114.855485,-9418.149754
2764.269851,133.998066,133.998066,-9399.007173
2764.270479,95.712904,95.712904,-9399.007173
2764.271106,95.712904,114.855485,-9418.149754
2764.271734,95.712904,153.140646,-9360.722011
2764.272361,38.285162,114.855485,-9418.149754
2764.272989,76.570323,114.855485,-9418.149754
2764.273616,76.570323,114.855485,-9360.722011
2764.274244,114.855485,133.998066,-9360.722011
2764.274871,114.855485,133.998066,-9360.722011
2764.275498,95.712904,133.998066,-9360.722011
2764.276126,95.712904,133.998066,-9360.722011
2764.276753,95.712904,95.712904,-9456.434915
2764.277381,95.712904,210.568389,-9418.149754
2764.278008,95.712904,172.283227,-9418.149754
2764.278636,76.570323,210.568389,-9456.434915
2764.279263,38.285162,172.283227,-9418.149754
2764.279891,133.998066,153.140646,-9418.149754
2764.280518,76.570323,114.855485,-9418.149754
2764.281146,57.427742,95.712904,-9399.007173
2764.281773,76.570323,133.998066,-9360.722011
2764.282401,95.712904,133.998066,-9360.722011
2764.283028,172.283227,133.998066,-9418.149754
2764.283656,76.570323,210.568389,-9418.149754
2764.284283,133.998066,114.855485,-9418.149754
2764.284911,57.427742,133.998066,-9360.722011
2764.285538,0.000000,95.712904,-9399.007173
2764.286166,95.712904,153.140646,-9360.722011
2764.286793,133.998066,114.855485,-9418.149754
2764.287421,153.140646,153.140646,-9456.434915
2764.288048,133.998066,210.568389,-9418.149754
2764.288676,95.712904,133.998066,-9360.722011
2764.289303,76.570323,172.283227,-9418.149754
2764.289930,153.140646,133.998066,-9399.007173
2764.290558,76.570323,172.283227,-9418.149754
2764.291185,76.570323,114.855485,-9418.149754
2764.291813,76.570323,114.855485,-9418.149754
2764.292440,76.570323,114.855485,-9418.149754
2764.293068,57.427742,210.568389,-9360.722011
2764.293695,95.712904,133.998066,-9360.722011
2764.294323,133.998066,114.855485,-9437.292334
2764.294950,133.998066,114.855485,-9418.149754
2764.295578,114.855485,133.998066,-9360.722011
2764.296205,76.570323,114.855485,-9418.149754
2764.296833,38.285162,114.855485,-9418.149754
2764.297460,133.998066,153.140646,-9418.149754
2764.298088,114.855485,133.998066,-9360.722011
2764.298715,114.855485,172.283227,-9360.722011
2764.299343,95.712904,191.425808,-9418.149754
2764.299970,76.570323,210.568389,-9418.149754
2764.300598,114.855485,133.998066,-9360.722011
2764.301225,95.712904,133.998066,-9418.149754
2764.301853,76.570323,153.140646,-9418.149754
2764.302480,133.998066,114.855485,-9418.149754
2764.303108,114.855485,172.283227,-9360.722011
2764.303735,95.712904,133.998066,-9341.579430
2764.304362,95.712904,114.855485,-9418.149754
2764.304990,38.285162,114.855485,-9418.149754
2764.305617,133.998066,114.855485,-9360.722011
2764.306245,133.998066,114.855485,-9418.149754
2764.306872,76.570323,114.855485,-9360.722011
2764.307500,76.570323,114.855485,-9360.722011
2764.308127,95.712904,114.855485,-9494.720077
2764.308755,153.140646,133.998066,-9437.292334
2764.309382,133.998066,114.855485,-9418.149754
2764.310010,38.285162,114.855485,-9418.149754
2764.310637,133.998066,114.855485,-9418.149754
2764.311265,114.855485,153.140646,-9360.722011
2764.311892,76.570323,172.283227,-9418.149754
2764.312520,133.998066,114.855485,-9437.292334
2764.313147,114.855485,133.998066,-9360.722011
2764.313775,76.570323,153.140646,-9418.149754
2764.314402,95.712904,95.712904,-9399.007173
2764.315030,76.570323,114.855485,-9418.149754
2764.315657,114.855485,153.140646,-9360.722011
2764.316285,153.140646,133.998066,-9399.007173
2764.316912,133.998066,172.283227,-9418.149754
2764.317540,133.998066,114.855485,-9418.149754
2764.318167,95.712904,114.855485,-9399.007173
2764.318794,133.998066,153.140646,-9418.149754
2764.319422,76.570323,153.140646,-9456.434915
2764.320049,76.570323,114.855485,-9418.149754
2764.320677,76.570323,172.283227,-9418.149754
2764.321304,76.570323,153.140646,-9437.292334
2764.321932,133.998066,114.855485,-9418.149754
2764.322559,133.998066,153.140646,-9418.149754
2764.323187,133.998066,114.855485,-9418.149754
2764.323814,76.570323,172.283227,-9418.149754
2764.324442,76.570323,114.855485,-9418.149754
2764.325069,76.570323,114.855485,-9418.149754
2764.325697,95.712904,153.140646,-9360.722011
2764.326324,114.855485,133.998066,-9341.579430
2764.326952,153.140646,133.998066,-9399.007173
2764.327579,76.570323,172.283227,-9418.149754
2764.328207,133.998066,114.855485,-9418.149754
2764.328834,95.712904,153.140646,-9418.149754
2764.329462,133.998066,114.855485,-9418.149754
2764.330089,38.285162,114.855485,-9418.149754
2764.330717,114.855485,133.998066,-9360.722011
2764.331344,172.283227,76.570323,-9418.149754
2764.331972,76.570323,172.283227,-9418.149754
2764.332599,95.712904,114.855485,-9418.149754
2764.333226,133.998066,172.283227,-9418.149754
2764.333854,38.285162,172.283227,-9418.149754
2764.334481,133.998066,114.855485,-9418.149754
2764.335109,153.140646,133.998066,-9399.007173
2764.335736,38.285162,114.855485,-9360.722011
2764.336364,38.285162,172.283227,-9418.149754
2764.336991,133.998066,114.855485,-9418.149754
2764.337619,133.998066,114.855485,-9360.722011
2764.338246,76.570323,172.283227,-9437.292334
2764.338874,76.570323,114.855485,-9418.149754
2764.339501,76.570323,114.855485,-9418.149754
2764.340129,38.285162,114.855485,-9418.149754
2764.340756,76.570323,114.855485,-9418.149754
2764.341384,133.998066,172.283227,-9418.149754
2764.342011,133.998066,210.568389,-9418.149754
2764.342639,38.285162,114.855485,-9418.149754
2764.343266,76.570323,172.283227,-9418.149754
2764.343894,38.285162,114.855485,-9418.149754
2764.344521,76.570323,172.283227,-9418.149754
2764.345149,114.855485,153.140646,-9418.149754
2764.345776,114.855485,76.570323,-9418.149754
2764.346404,133.998066,191.425808,-9418.149754
2764.347031,76.570323,114.855485,-9418.149754
2764.347658,57.427742,210.568389,-9360.722011
2764.348286,76.570323,114.855485,-9418.149754
2764.348913,38.285162,210.568389,-9418.149754
2764.349541,133.998066,114.855485,-9418.149754
2764.350168,95.712904,114.855485,-9418.149754
2764.350796,95.712904,172.283227,-9418.149754
2764.351423,95.712904,133.998066,-9360.722011
2764.352051,133.998066,153.140646,-9418.149754
2764.352678,76.570323,114.855485,-9437.292334
2764.353306,133.998066,172.283227,-9418.149754
2764.353933,95.712904,114.855485,-9418.149754
2764.354561,76.570323,133.998066,-9360.722011
2764.355188,133.998066,114.855485,-9418.149754
2764.355816,95.712904,95.712904,-9494.720077
2764.356443,76.570323,114.855485,-9418.149754
2764.357071,133.998066,133.998066,-9399.007173
2764.357698,133.998066,114.855485,-9418.149754
2764.358326,153.140646,133.998066,-9399.007173
2764.358954,95.712904,133.998066,-9360.722011
2764.359581,133.998066,114.855485,-9418.149754
2764.360209,133.998066,114.855485,-9418.149754
2764.360836,114.855485,95.712904,-9399.007173
2764.361464,76.570323,114.855485,-9418.149754
2764.362091,38.285162,191.425808,-9418.149754
2764.362719,114.855485,172.283227,-9360.722011
2764.363346,95.712904,133.998066,-9360.722011
2764.363974,76.570323,114.855485,-9418.149754
2764.364601,38.285162,172.283227,-9456.434915
2764.365229,95.712904,172.283227,-9418.149754
2764.365856,133.998066,114.855485,-9418.149754
2764.366484,95.712904,172.283227,-9379.864592
2764.367111,114.855485,191.425808,-9360.722011
2764.367739,133.998066,114.855485,-9437.292334
2764.368366,153.140646,114.855485,-9456.434915
2764.368994,57.427742,172.283227,-9360.722011
2764.369621,76.570323,172.283227,-9418.149754
2764.370249,95.712904,248.853550,-9360.722011
2764.370876,133.998066,114.855485,-9418.149754
2764.371504,133.998066,114.855485,-9418.149754
2764.372131,57.427742,95.712904,-9399.007173
2764.372759,76.570323,172.283227,-9418.149754
2764.373386,38.285162,172.283227,-9418.149754
2764.374014,95.712904,172.283227,-9360.722011
2764.374641,133.998066,210.568389,-9418.149754
2764.375269,76.570323,114.855485,-9418.149754
2764.375896,114.855485,95.712904,-9399.007173
2764.376524,57.427742,172.283227,-9360.722011
2764.377151,0.000000,95.712904,-9399.007173
2764.377779,38.285162,114.855485,-9418.149754
2764.378406,95.712904,153.140646,-9418.149754
2764.379034,76.570323,114.855485,-9418.149754
2764.379661,76.570323,114.855485,-9360.722011
2764.380289,133.998066,172.283227,-9418.149754
2764.380916,133.998066,153.140646,-9418.149754
2764.381544,153.140646,133.998066,-9399.007173
2764.382171,76.570323,172.283227,-9418.149754
2764.382799,153.140646,172.283227,-9399.007173
2764.383426,76.570323,114.855485,-9418.149754
2764.384054,95.712904,153.140646,-9360.722011
2764.384681,76.570323,153.140646,-9418.149754
2764.385309,76.570323,114.855485,-9418.149754
2764.385936,133.998066,133.998066,-9399.007173
2764.386564,95.712904,133.998066,-9360.722011
2764.387191,95.712904,95.712904,-9399.007173
2764.387819,76.570323,153.140646,-9360.722011
2764.388446,133.998066,172.283227,-9418.149754
2764.389074,38.285162,153.140646,-9418.149754
2764.389701,57.427742,153.140646,-9360.722011
2764.390329,38.285162,114.855485,-9456.434915
2764.390956,76.570323,114.855485,-9418.149754
2764.391584,76.570323,153.140646,-9418.149754
2764.392212,76.570323,114.855485,-9418.149754
2764.392839,133.998066,114.855485,-9418.149754
2764.393467,114.855485,95.712904,-9399.007173
2764.394094,133.998066,114.855485,-9418.149754
2764.394722,76.570323,114.855485,-9418.149754
2764.395349,133.998066,114.855485,-9418.149754
2764.395977,95.712904,133.998066,-9360.722011
2764.396604,38.285162,114.855485,-9418.149754
2764.397232,76.570323,114.855485,-9418.149754
2764.397859,172.283227,172.283227,-9379.864592
2764.398487,133.998066,153.140646,-9360.722011
2764.399114,133.998066,114.855485,-9418.149754
2764.399742,114.855485,114.855485,-9379.864592
2764.400369,133.998066,114.855485,-9418.149754
2764.400997,133.998066,172.283227,-9418.149754
2764.401624,133.998066,114.855485,-9418.149754
2764.402252,114.855485,133.998066,-9360.722011
2764.402879,133.998066,133.998066,-9399.007173
2764.403507,133.998066,114.855485,-9418.149754
2764.404134,95.712904,210.568389,-9360.722011
2764.404762,76.570323,114.855485,-9360.722011
2764.405389,114.855485,133.998066,-9360.722011
2764.406017,76.570323,114.855485,-9418.149754
2764.406644,114.855485,133.998066,-9360.722011
2764.407272,76.570323,153.140646,-9418.149754
2764.407899,57.427742,114.855485,-9399.007173
2764.408527,38.285162,153.140646,-9418.149754
2764.409154,76.570323,210.568389,-9475.577496
2764.409782,133.998066,153.140646,-9418.149754
2764.410409,172.283227,133.998066,-9418.149754
2764.411037,133.998066,153.140646,-9418.149754
2764.411664,133.998066,114.855485,-9418.149754
2764.412292,95.712904,172.283227,-9360.722011
2764.412919,95.712904,95.712904,-9399.007173
2764.413547,76.570323,114.855485,-9418.149754
2764.414174,19.142581,133.998066,-9399.007173
2764.414802,133.998066,172.283227,-9418.149754
2764.415429,114.855485,133.998066,-9360.722011
2764.416057,95.712904,133.998066,-9360.722011
2764.416684,114.855485,133.998066,-9360.722011
2764.417312,76.570323,172.283227,-9418.149754
2764.417939,153.140646,114.855485,-9418.149754
2764.418567,133.998066,114.855485,-9418.149754
2764.419194,76.570323,114.855485,-9456.434915
2764.419822,38.285162,114.855485,-9418.149754
2764.420449,38.285162,114.855485,-9418.149754
2764.421077,133.998066,172.283227,-9437.292334
2764.421704,153.140646,153.140646,-9399.007173
2764.422332,76.570323,153.140646,-9418.149754
2764.422959,19.142581,114.855485,-9418.149754
2764.423587,38.285162,114.855485,-9418.149754
2764.424214,76.570323,114.855485,-9418.149754
2764.424842,133.998066,114.855485,-9418.149754
2764.425470,95.712904,133.998066,-9360.722011
2764.426097,95.712904,153.140646,-9360.722011
2764.426725,38.285162,153.140646,-9437.292334
2764.427352,76.570323,153.140646,-9418.149754
2764.427980,95.712904,114.855485,-9418.149754
2764.428607,133.998066,114.855485,-9418.149754
2764.429235,76.570323,153.140646,-9418.149754
2764.429862,76.570323,172.283227,-9418.149754
2764.430490,114.855485,95.712904,-9399.007173
2764.431117,76.570323,76.570323,-9379.864592
2764.431745,133.998066,114.855485,-9418.149754
2764.432372,133.998066,114.855485,-9418.149754
2764.433000,114.855485,248.853550,-9341.579430
2764.433627,133.998066,114.855485,-9418.149754
2764.434255,76.570323,172.283227,-9360.722011
2764.434882,76.570323,114.855485,-9418.149754
2764.435510,76.570323,114.855485,-9456.434915
2764.436137,38.285162,114.855485,-9418.149754
2764.436765,95.712904,133.998066,-9418.149754
2764.437392,76.570323,114.855485,-9418.149754
2764.438020,76.570323,114.855485,-9418.149754
2764.438647,76.570323,76.570323,-9379.864592
2764.439275,114.855485,133.998066,-9360.722011
2764.439902,95.712904,133.998066,-9360.722011
2764.440530,95.712904,172.283227,-9437.292334
2764.441157,38.285162,114.855485,-9418.149754
2764.441785,76.570323,114.855485,-9418.149754
2764.442412,95.712904,172.283227,-9341.579430
2764.443040,172.283227,133.998066,-9360.722011
2764.443667,95.712904,153.140646,-9418.149754
2764.444295,133.998066,114.855485,-9418.149754
2764.444922,76.570323,172.283227,-9360.722011
2764.445550,19.142581,172.283227,-9399.007173
2764.446177,76.570323,114.855485,-9418.149754
2764.446805,57.427742,95.712904,-9399.007173
2764.447432,57.427742,172.283227,-9418.149754
2764.448060,133.998066,114.855485,-9418.149754
2764.448687,133.998066,172.283227,-9418.149754
2764.449315,133.998066,114.855485,-9418.149754
2764.449942,76.570323,114.855485,-9456.434915
2764.450570,114.855485,95.712904,-9399.007173
2764.451197,133.998066,153.140646,-9399.007173
2764.451825,38.285162,172.283227,-9418.149754
2764.452452,76.570323,114.855485,-9399.007173
2764.453079,76.570323,114.855485,-9418.149754
2764.453707,76.570323,172.283227,-9418.149754
2764.454334,76.570323,153.140646,-9418.149754
2764.454962,76.570323,114.855485,-9418.149754
2764.455589,95.712904,114.855485,-9399.007173
2764.456216,95.712904,133.998066,-9360.722011
2764.456844,133.998066,210.568389,-9437.292334
2764.457471,133.998066,114.855485,-9418.149754
2764.458098,76.570323,114.855485,-9418.149754
2764.458726,76.570323,153.140646,-9418.149754
2764.459353,133.998066,172.283227,-9418.149754
2764.459981,76.570323,172.283227,-9418.149754
2764.460608,76.570323,153.140646,-9418.149754
2764.461235,76.570323,172.283227,-9418.149754
2764.461863,133.998066,172.283227,-9418.149754
2764.462490,114.855485,153.140646,-9360.722011
2764.463118,76.570323,114.855485,-9418.149754
2764.463745,172.283227,76.570323,-9418.149754
2764.464372,133.998066,76.570323,-9379.864592
2764.465000,172.283227,114.855485,-9379.864592
2764.465627,133.998066,114.855485,-9418.149754
2764.466254,153.140646,133.998066,-9399.007173
2764.466882,133.998066,114.855485,-9418.149754
2764.467509,133.998066,114.855485,-9456.434915
2764.468137,133.998066,114.855485,-9418.149754
2764.468764,38.285162,114.855485,-9418.149754
2764.469391,95.712904,114.855485,-9399.007173
2764.470019,38.285162,114.855485,-9418.149754
2764.470646,95.712904,95.712904,-9399.007173
2764.471273,153.140646,133.998066,-9437.292334
2764.471901,76.570323,114.855485,-9437.292334
2764.472528,76.570323,210.568389,-9360.722011
2764.473156,133.998066,114.855485,-9418.149754
2764.473783,114.855485,95.712904,-9399.007173
2764.474410,95.712904,95.712904,-9399.007173
2764.475038,76.570323,114.855485,-9418.149754
2764.475665,133.998066,172.283227,-9418.149754
2764.476293,38.285162,172.283227,-9437.292334
2764.476920,76.570323,153.140646,-9418.149754
2764.477547,19.142581,172.283227,-9418.149754
2764.478175,133.998066,133.998066,-9456.434915
2764.478802,95.712904,153.140646,-9360.722011
2764.479429,19.142581,153.140646,-9456.434915
2764.480057,76.570323,76.570323,-9379.864592
2764.480684,76.570323,114.855485,-9418.149754
2764.481312,57.427742,133.998066,-9341.579430
2764.481939,76.570323,172.283227,-9418.149754
2764.482566,76.570323,229.710970,-9418.149754
2764.483194,76.570323,114.855485,-9418.149754
2764.483821,133.998066,114.855485,-9360.722011
2764.484449,172.283227,76.570323,-9418.149754
2764.485076,133.998066,114.855485,-9418.149754
2764.485703,76.570323,76.570323,-9379.864592
2764.486331,76.570323,114.855485,-9437.292334
2764.486958,133.998066,114.855485,-9437.292334
2764.487585,133.998066,153.140646,-9418.149754
2764.488213,76.570323,210.568389,-9418.149754
2764.488840,38.285162,114.855485,-9418.149754
2764.489468,57.427742,191.425808,-9360.722011
2764.490095,133.998066,210.568389,-9418.149754
2764.490722,95.712904,95.712904,-9379.864592
2764.491350,114.855485,153.140646,-9322.436850
2764.491977,114.855485,133.998066,-9360.722011
2764.492604,133.998066,153.140646,-9418.149754
2764.493232,133.998066,153.140646,-9418.149754
2764.493859,95.712904,114.855485,-9418.149754
2764.494487,76.570323,114.855485,-9418.149754
2764.495114,76.570323,153.140646,-9437.292334
2764.495741,133.998066,114.855485,-9418.149754
2764.496369,133.998066,172.283227,-9418.149754
2764.496996,76.570323,172.283227,-9437.292334
2764.497624,133.998066,172.283227,-9360.722011
2764.498251,133.998066,114.855485,-9418.149754
2764.498878,114.855485,191.425808,-9341.579430
2764.499506,133.998066,114.855485,-9418.149754
2764.500133,38.285162,114.855485,-9418.149754
2764.500760,76.570323,114.855485,-9360.722011
2764.501388,133.998066,114.855485,-9418.149754
2764.502015,114.855485,95.712904,-9456.434915
2764.502643,38.285162,114.855485,-9456.434915
2764.503270,76.570323,114.855485,-9437.292334
2764.503897,133.998066,114.855485,-9418.149754
2764.504525,38.285162,114.855485,-9418.149754
2764.505152,76.570323,114.855485,-9418.149754
2764.505780,76.570323,248.853550,-9360.722011
2764.506407,133.998066,133.998066,-9399.007173
2764.507034,133.998066,172.283227,-9418.149754
2764.507662,133.998066,153.140646,-9418.149754
2764.508289,57.427742,133.998066,-9360.722011
2764.508916,95.712904,133.998066,-9360.722011
2764.509544,95.712904,133.998066,-9360.722011
2764.510171,38.285162,172.283227,-9418.149754
2764.510799,95.712904,153.140646,-9418.149754
2764.511426,95.712904,153.140646,-9322.436850
2764.512053,114.855485,133.998066,-9360.722011
2764.512681,133.998066,153.140646,-9418.149754
2764.513308,133.998066,114.855485,-9418.149754
2764.513935,76.570323,114.855485,-9418.149754
2764.514563,114.855485,114.855485,-9399.007173
2764.515190,95.712904,133.998066,-9341.579430
2764.515818,95.712904,153.140646,-9360.722011
2764.516445,114.855485,133.998066,-9360.722011
2764.517072,95.712904,95.712904,-9399.007173
2764.517700,38.285162,210.568389,-9418.149754
2764.518327,153.140646,133.998066,-9475.577496
2764.518955,76.570323,114.855485,-9418.149754
2764.519582,76.570323,114.855485,-9418.149754
2764.520209,38.285162,153.140646,-9418.149754
2764.520837,133.998066,76.570323,-9399.007173
2764.521464,76.570323,114.855485,-9418.149754
2764.522091,76.570323,114.855485,-9418.149754
2764.522719,76.570323,114.855485,-9418.149754
2764.523346,19.142581,114.855485,-9418.149754
2764.523974,133.998066,114.855485,-9418.149754
2764.524601,153.140646,133.998066,-9399.007173
2764.525228,76.570323,76.570323,-9379.864592
2764.525856,133.998066,172.283227,-9437.292334
2764.526483,133.998066,114.855485,-9437.292334
2764.527111,95.712904,191.425808,-9418.149754
2764.527738,95.712904,114.855485,-9418.149754
2764.528365,95.712904,172.283227,-9360.722011
2764.528993,38.285162,114.855485,-9418.149754
2764.529620,133.998066,114.855485,-9437.292334
2764.530247,76.570323,153.140646,-9418.149754
2764.530875,114.855485,133.998066,-9341.579430
2764.531502,133.998066,114.855485,-9456.434915
2764.532130,76.570323,153.140646,-9418.149754
2764.532757,95.712904,114.855485,-9399.007173
2764.533384,153.140646,133.998066,-9399.007173
2764.534012,76.570323,114.855485,-9418.149754
2764.534639,153.140646,191.425808,-9379.864592
2764.535266,76.570323,114.855485,-9418.149754
2764.535894,153.140646,133.998066,-9399.007173
2764.536521,114.855485,133.998066,-9341.579430
2764.537149,76.570323,172.283227,-9418.149754
2764.537776,76.570323,114.855485,-9418.149754
2764.538403,76.570323,114.855485,-9418.149754
2764.539031,133.998066,172.283227,-9399.007173
2764.539658,133.998066,114.855485,-9418.149754
2764.540286,133.998066,114.855485,-9418.149754
2764.540913,95.712904,133.998066,-9379.864592
2764.541540,114.855485,153.140646,-9284.151688
2764.542168,76.570323,172.283227,-9418.149754
2764.542795,153.140646,133.998066,-9399.007173
2764.543422,38.285162,229.710970,-9437.292334
2764.544050,38.285162,114.855485,-9418.149754
2764.544677,38.285162,114.855485,-9418.149754
2764.545305,76.570323,114.855485,-9418.149754
2764.545932,133.998066,114.855485,-9437.292334
2764.546559,133.998066,114.855485,-9456.434915
2764.547187,95.712904,95.712904,-9437.292334
2764.547814,153.140646,133.998066,-9399.007173
2764.548442,153.140646,153.140646,-9399.007173
2764.549069,95.712904,229.710970,-9418.149754
2764.549696,76.570323,210.568389,-9456.434915
2764.550324,95.712904,133.998066,-9360.722011
2764.550951,76.570323,114.855485,-9437.292334
2764.551578,38.285162,114.855485,-9475.577496
2764.552206,76.570323,114.855485,-9418.149754
2764.552833,95.712904,172.283227,-9360.722011
2764.553461,38.285162,114.855485,-9418.149754
2764.554088,95.712904,133.998066,-9360.722011
2764.554715,76.570323,114.855485,-9418.149754
2764.555343,95.712904,114.855485,-9360.722011
2764.555970,76.570323,153.140646,-9418.149754
2764.556597,133.998066,114.855485,-9418.149754
2764.557225,95.712904,114.855485,-9360.722011
2764.557852,95.712904,133.998066,-9360.722011
2764.558480,95.712904,114.855485,-9418.149754
2764.559107,76.570323,133.998066,-9399.007173
2764.559734,76.570323,76.570323,-9379.864592
2764.560362,38.285162,153.140646,-9360.722011
2764.560989,133.998066,210.568389,-9418.149754
2764.561616,95.712904,133.998066,-9360.722011
2764.562244,38.285162,172.283227,-9418.149754
2764.562871,76.570323,153.140646,-9418.149754
2764.563499,114.855485,133.998066,-9360.722011
2764.564126,133.998066,210.568389,-9475.577496
2764.564753,133.998066,153.140646,-9418.149754
2764.565381,133.998066,114.855485,-9418.149754
2764.566008,133.998066,133.998066,-9379.864592
2764.566635,57.427742,172.283227,-9341.579430
2764.567263,76.570323,153.140646,-9418.149754
2764.567890,76.570323,114.855485,-9418.149754
2764.568518,95.712904,114.855485,-9418.149754
2764.569145,76.570323,172.283227,-9418.149754
2764.569772,95.712904,114.855485,-9437.292334
2764.570400,172.283227,76.570323,-9437.292334
2764.571027,133.998066,114.855485,-9418.149754
2764.571654,57.427742,153.140646,-9418.149754
2764.572282,95.712904,172.283227,-9418.149754
2764.572909,76.570323,76.570323,-9379.864592
2764.573537,95.712904,172.283227,-9418.149754
2764.574164,76.570323,114.855485,-9418.149754
2764.574791,76.570323,114.855485,-9418.149754
2764.575419,133.998066,114.855485,-9360.722011
2764.576046,57.427742,95.712904,-9399.007173
2764.576673,133.998066,76.570323,-9379.864592
2764.577301,95.712904,172.283227,-9360.722011
2764.577928,38.285162,210.568389,-9418.149754
2764.578556,95.712904,133.998066,-9341.579430
2764.579183,133.998066,114.855485,-9360.722011
2764.579810,76.570323,76.570323,-9379.864592
2764.580438,76.570323,114.855485,-9418.149754
2764.581065,153.140646,191.425808,-9418.149754
2764.581692,38.285162,133.998066,-9360.722011
2764.582320,95.712904,95.712904,-9399.007173
2764.582947,95.712904,133.998066,-9360.722011
2764.583575,95.712904,133.998066,-9360.722011
2764.584202,38.285162,172.283227,-9341.579430
2764.584829,153.140646,114.855485,-9418.149754
2764.585457,133.998066,191.425808,-9418.149754
2764.586084,133.998066,114.855485,-9418.149754
2764.586712,76.570323,114.855485,-9418.149754
2764.587339,76.570323,210.568389,-9418.149754
2764.587966,133.998066,114.855485,-9360.722011
2764.588594,133.998066,133.998066,-9399.007173
2764.589221,76.570323,114.855485,-9437.292334
2764.589848,133.998066,114.855485,-9418.149754
2764.590476,76.570323,114.855485,-9418.149754
2764.591103,38.285162,172.283227,-9418.149754
2764.591731,95.712904,114.855485,-9475.577496
2764.592358,76.570323,114.855485,-9418.149754
2764.592985,95.712904,95.712904,-9399.007173
2764.593613,76.570323,114.855485,-9418.149754
2764.594240,114.855485,191.425808,-9360.722011
2764.594867,38.285162,172.283227,-9456.434915
2764.595495,133.998066,210.568389,-9418.149754
2764.596122,76.570323,114.855485,-9418.149754
2764.596750,95.712904,133.998066,-9360.722011
2764.597377,114.855485,95.712904,-9399.007173
2764.598004,153.140646,153.140646,-9399.007173
2764.598632,76.570323,210.568389,-9418.149754
2764.599259,76.570323,114.855485,-9418.149754
2764.599886,114.855485,133.998066,-9360.722011
2764.600514,133.998066,114.855485,-9437.292334
2764.601141,153.140646,133.998066,-9399.007173
2764.601769,76.570323,114.855485,-9360.722011
2764.602396,133.998066,172.283227,-9418.149754
2764.603023,76.570323,210.568389,-9418.149754
2764.603651,95.712904,133.998066,-9341.579430
2764.604278,76.570323,95.712904,-9399.007173
2764.604905,38.285162,172.283227,-9418.149754
2764.605533,76.570323,133.998066,-9379.864592
2764.606160,76.570323,172.283227,-9418.149754
2764.606788,133.998066,153.140646,-9475.577496
2764.607415,76.570323,172.283227,-9418.149754
2764.608042,57.427742,210.568389,-9437.292334
2764.608670,95.712904,153.140646,-9360.722011
2764.609297,57.427742,114.855485,-9418.149754
2764.609924,76.570323,114.855485,-9437.292334
2764.610552,133.998066,153.140646,-9418.149754
2764.611179,76.570323,153.140646,-9418.149754
2764.611807,133.998066,114.855485,-9418.149754
2764.612434,95.712904,114.855485,-9418.149754
2764.613061,133.998066,114.855485,-9418.149754
2764.613689,153.140646,133.998066,-9399.007173
2764.614316,95.712904,95.712904,-9399.007173
2764.614943,95.712904,133.998066,-9322.436850
2764.615571,19.142581,172.283227,-9418.149754
2764.616198,57.427742,133.998066,-9360.722011
2764.616826,57.427742,114.855485,-9418.149754
2764.617453,57.427742,133.998066,-9418.149754
2764.618080,133.998066,114.855485,-9437.292334
2764.618708,76.570323,95.712904,-9418.149754
2764.619335,76.570323,114.855485,-9418.149754
2764.619962,114.855485,95.712904,-9399.007173
2764.620590,76.570323,172.283227,-9360.722011
2764.621217,133.998066,133.998066,-9399.007173
2764.621845,133.998066,114.855485,-9437.292334
2764.622472,76.570323,210.568389,-9418.149754
2764.623099,133.998066,133.998066,-9494.720077
2764.623727,38.285162,114.855485,-9418.149754
2764.624354,38.285162,114.855485,-9418.149754
2764.624981,38.285162,114.855485,-9418.149754
2764.625609,76.570323,114.855485,-9475.577496
2764.626236,133.998066,172.283227,-9418.149754
2764.626864,133.998066,153.140646,-9418.149754
2764.627491,76.570323,114.855485,-9456.434915
2764.628118,95.712904,191.425808,-9360.722011
2764.628746,133.998066,172.283227,-9360.722011
2764.629373,76.570323,172.283227,-9341.579430
2764.630001,95.712904,153.140646,-9360.722011
2764.630628,76.570323,114.855485,-9418.149754
2764.631255,76.570323,114.855485,-9437.292334
2764.631883,76.570323,114.855485,-9418.149754
2764.632510,133.998066,153.140646,-9437.292334
2764.633137,57.427742,153.140646,-9418.149754
2764.633765,153.140646,172.283227,-9399.007173
2764.634392,76.570323,114.855485,-9418.149754
2764.635020,38.285162,172.283227,-9418.149754
2764.635647,76.570323,114.855485,-9418.149754
2764.636274,57.427742,133.998066,-9360.722011
2764.636902,76.570323,114.855485,-9437.292334
2764.637529,76.570323,114.855485,-9418.149754
2764.638156,76.570323,172.283227,-9418.149754
2764.638784,76.570323,153.140646,-9456.434915
2764.639411,95.712904,95.712904,-9399.007173
2764.640039,76.570323,172.283227,-9418.149754
2764.640666,133.998066,114.855485,-9360.722011
2764.641293,133.998066,114.855485,-9418.149754
2764.641921,76.570323,153.140646,-9418.149754
2764.642548,38.285162,114.855485,-9418.149754
2764.643175,76.570323,172.283227,-9418.149754
2764.643803,95.712904,133.998066,-9360.722011
2764.644430,76.570323,114.855485,-9437.292334
2764.645058,133.998066,114.855485,-9456.434915
2764.645685,114.855485,114.855485,-9379.864592
2764.646312,133.998066,114.855485,-9418.149754
2764.646940,76.570323,133.998066,-9360.722011
2764.647567,133.998066,153.140646,-9418.149754
2764.648194,133.998066,153.140646,-9399.007173
2764.648822,153.140646,153.140646,-9399.007173
2764.649449,133.998066,210.568389,-9418.149754
2764.650077,95.712904,95.712904,-9399.007173
2764.650704,95.712904,114.855485,-9418.149754
2764.651331,38.285162,114.855485,-9437.292334
2764.651959,57.427742,95.712904,-9399.007173
2764.652586,133.998066,210.568389,-9418.149754
2764.653213,133.998066,114.855485,-9418.149754
2764.653841,114.855485,133.998066,-9360.722011
2764.654468,76.570323,114.855485,-9418.149754
2764.655096,95.712904,114.855485,-9418.149754
2764.655723,76.570323,114.855485,-9418.149754
2764.656350,133.998066,114.855485,-9418.149754
2764.656978,95.712904,114.855485,-9399.007173
2764.657605,76.570323,172.283227,-9418.149754
2764.658232,95.712904,114.855485,-9418.149754
2764.658860,114.855485,133.998066,-9360.722011
2764.659487,153.140646,114.855485,-9418.149754
2764.660114,95.712904,76.570323,-9341.579430
2764.660742,38.285162,172.283227,-9418.149754
2764.661369,76.570323,95.712904,-9399.007173
2764.661997,114.855485,95.712904,-9399.007173
2764.662624,38.285162,114.855485,-9418.149754
2764.663251,76.570323,172.283227,-9418.149754
2764.663879,114.855485,133.998066,-9360.722011
2764.664506,95.712904,95.712904,-9399.007173
2764.665133,76.570323,114.855485,-9418.149754
2764.665761,76.570323,172.283227,-9418.149754
2764.666388,153.140646,153.140646,-9418.149754
2764.667015,133.998066,172.283227,-9437.292334
2764.667643,133.998066,114.855485,-9418.149754
2764.668270,153.140646,153.140646,-9379.864592
2764.668898,153.140646,133.998066,-9399.007173
2764.669525,133.998066,114.855485,-9418.149754
2764.670152,95.712904,133.998066,-9341.579430
2764.670780,38.285162,114.855485,-9418.149754
2764.671407,76.570323,153.140646,-9418.149754
2764.672034,38.285162,114.855485,-9437.292334
2764.672662,114.855485,133.998066,-9360.722011
2764.673289,95.712904,133.998066,-9322.436850
2764.673916,76.570323,133.998066,-9360.722011
2764.674544,76.570323,114.855485,-9418.149754
2764.675171,95.712904,95.712904,-9399.007173
2764.675799,114.855485,114.855485,-9379.864592
2764.676426,133.998066,114.855485,-9418.149754
2764.677053,114.855485,114.855485,-9399.007173
2764.677681,57.427742,95.712904,-9379.864592
2764.678308,172.283227,114.855485,-9379.864592
2764.678935,38.285162,172.283227,-9437.292334
2764.679563,95.712904,114.855485,-9418.149754
2764.680190,38.285162,114.855485,-9418.149754
2764.680817,76.570323,114.855485,-9418.149754
2764.681445,114.855485,95.712904,-9399.007173
2764.682072,95.712904,133.998066,-9360.722011
2764.682700,76.570323,133.998066,-9360.722011
2764.683327,38.285162,172.283227,-9418.149754
2764.683954,95.712904,153.140646,-9418.149754
2764.684582,76.570323,114.855485,-9418.149754
2764.685209,95.712904,133.998066,-9360.722011
2764.685836,114.855485,76.570323,-9418.149754
2764.686464,19.142581,114.855485,-9437.292334
2764.687091,76.570323,76.570323,-9322.436850
2764.687719,95.712904,95.712904,-9379.864592
2764.688346,95.712904,133.998066,-9360.722011
2764.688973,76.570323,114.855485,-9418.149754
2764.689601,76.570323,133.998066,-9360.722011
2764.690228,76.570323,114.855485,-9418.149754
2764.690855,95.712904,153.140646,-9418.149754
2764.691483,133.998066,153.140646,-9418.149754
2764.692110,133.998066,114.855485,-9456.434915
2764.692737,38.285162,114.855485,-9418.149754
2764.693365,114.855485,153.140646,-9418.149754
2764.693992,114.855485,133.998066,-9360.722011
2764.694620,95.712904,95.712904,-9399.007173
2764.695247,38.285162,114.855485,-9418.149754
2764.695874,76.570323,114.855485,-9418.149754
2764.696502,133.998066,172.283227,-9418.149754
2764.697129,76.570323,153.140646,-9418.149754
2764.697756,133.998066,114.855485,-9418.149754
2764.698384,133.998066,114.855485,-9437.292334
2764.699011,114.855485,95.712904,-9399.007173
2764.699638,76.570323,114.855485,-9418.149754
2764.700266,76.570323,114.855485,-9418.149754
2764.700893,133.998066,114.855485,-9418.149754
2764.701521,0.000000,95.712904,-9399.007173
2764.702148,95.712904,210.568389,-9418.149754
2764.702775,95.712904,133.998066,-9360.722011
2764.703403,133.998066,153.140646,-9418.149754
2764.704030,133.998066,114.855485,-9418.149754
2764.704657,57.427742,133.998066,-9360.722011
2764.705285,114.855485,133.998066,-9360.722011
2764.705912,133.998066,133.998066,-9399.007173
2764.706539,76.570323,172.283227,-9437.292334
2764.707167,114.855485,153.140646,-9418.149754
2764.707794,57.427742,133.998066,-9360.722011
2764.708422,133.998066,114.855485,-9418.149754
2764.709049,95.712904,114.855485,-9418.149754
2764.709676,114.855485,133.998066,-9360.722011
2764.710304,95.712904,95.712904,-9399.007173
2764.710931,38.285162,153.140646,-9418.149754
2764.711558,133.998066,172.283227,-9418.149754
2764.712186,133.998066,153.140646,-9418.149754
2764.712813,133.998066,114.855485,-9418.149754
2764.713440,95.712904,153.140646,-9360.722011
2764.714068,133.998066,172.283227,-9418.149754
2764.714695,133.998066,114.855485,-9456.434915
2764.715323,76.570323,172.283227,-9494.720077
2764.715950,76.570323,153.140646,-9456.434915
2764.716577,153.140646,133.998066,-9399.007173
2764.717205,95.712904,133.998066,-9360.722011
2764.717832,95.712904,133.998066,-9303.294269
2764.718459,95.712904,153.140646,-9322.436850
2764.719087,153.140646,229.710970,-9360.722011
2764.719714,114.855485,172.283227,-9360.722011
2764.720341,114.855485,133.998066,-9360.722011
2764.720969,114.855485,95.712904,-9399.007173
2764.721596,133.998066,229.710970,-9418.149754
2764.722224,76.570323,172.283227,-9494.720077
2764.722851,95.712904,153.140646,-9437.292334
2764.723478,95.712904,114.855485,-9418.149754
2764.724106,38.285162,114.855485,-9418.149754
2764.724733,38.285162,114.855485,-9418.149754
2764.725360,95.712904,95.712904,-9399.007173
2764.725988,76.570323,172.283227,-9418.149754
2764.726615,95.712904,153.140646,-9418.149754
2764.727243,76.570323,114.855485,-9418.149754
2764.727870,57.427742,133.998066,-9360.722011
2764.728497,133.998066,114.855485,-9418.149754
2764.729125,133.998066,114.855485,-9418.149754
2764.729752,38.285162,114.855485,-9418.149754
2764.730379,38.285162,229.710970,-9418.149754
2764.731007,76.570323,114.855485,-9418.149754
2764.731634,76.570323,114.855485,-9418.149754
2764.732261,133.998066,114.855485,-9418.149754
2764.732889,57.427742,133.998066,-9360.722011
2764.733516,133.998066,172.283227,-9399.007173
2764.734144,76.570323,114.855485,-9456.434915
2764.734771,76.570323,114.855485,-9418.149754
2764.735398,133.998066,114.855485,-9418.149754
2764.736026,133.998066,114.855485,-9360.722011
2764.736653,114.855485,114.855485,-9379.864592
2764.737280,95.712904,133.998066,-9360.722011
2764.737908,76.570323,114.855485,-9437.292334
2764.738535,76.570323,114.855485,-9418.149754
2764.739162,133.998066,153.140646,-9418.149754
2764.739790,38.285162,114.855485,-9418.149754
2764.740417,114.855485,95.712904,-9399.007173
2764.741045,76.570323,114.855485,-9418.149754
2764.741672,38.285162,114.855485,-9360.722011
2764.742299,95.712904,133.998066,-9360.722011
2764.742927,95.712904,95.712904,-9399.007173
2764.743554,95.712904,153.140646,-9360.722011
2764.744181,57.427742,114.855485,-9418.149754
2764.744809,38.285162,114.855485,-9418.149754
2764.745436,76.570323,172.283227,-9475.577496
2764.746063,114.855485,133.998066,-9360.722011
2764.746691,57.427742,172.283227,-9456.434915
2764.747318,76.570323,153.140646,-9418.149754
2764.747946,133.998066,114.855485,-9418.149754
2764.748573,114.855485,172.283227,-9360.722011
2764.749200,38.285162,114.855485,-9418.149754
2764.749828,38.285162,114.855485,-9456.434915
2764.750455,133.998066,114.855485,-9418.149754
2764.751082,133.998066,114.855485,-9437.292334
2764.751710,95.712904,133.998066,-9360.722011
2764.752337,38.285162,172.283227,-9418.149754
2764.752965,95.712904,133.998066,-9360.722011
2764.753592,95.712904,172.283227,-9360.722011
2764.754219,76.570323,172.283227,-9418.149754
2764.754847,76.570323,172.283227,-9418.149754
2764.755474,95.712904,153.140646,-9360.722011
2764.756102,76.570323,153.140646,-9360.722011
2764.756729,76.570323,133.998066,-9322.436850
2764.757356,76.570323,114.855485,-9418.149754
2764.757984,76.570323,114.855485,-9418.149754
2764.758611,172.283227,95.712904,-9399.007173
2764.759239,76.570323,114.855485,-9418.149754
2764.759866,114.855485,114.855485,-9399.007173
2764.760494,133.998066,133.998066,-9399.007173
2764.761121,38.285162,114.855485,-9418.149754
2764.761748,76.570323,114.855485,-9437.292334
2764.762376,133.998066,114.855485,-9475.577496
2764.763003,133.998066,153.140646,-9360.722011
2764.763631,133.998066,172.283227,-9418.149754
2764.764258,114.855485,172.283227,-9360.722011
2764.764885,114.855485,133.998066,-9360.722011
2764.765513,76.570323,172.283227,-9418.149754
2764.766140,172.283227,153.140646,-9379.864592
2764.766768,133.998066,114.855485,-9456.434915
2764.767395,95.712904,133.998066,-9360.722011
2764.768022,95.712904,95.712904,-9399.007173
2764.768650,76.570323,172.283227,-9418.149754
2764.769277,133.998066,114.855485,-9418.149754
2764.769905,76.570323,76.570323,-9341.579430
2764.770532,133.998066,153.140646,-9418.149754
2764.771160,153.140646,133.998066,-9399.007173
2764.771787,172.283227,229.710970,-9322.436850
2764.772414,95.712904,191.425808,-9418.149754
2764.773042,76.570323,172.283227,-9418.149754
2764.773669,114.855485,133.998066,-9418.149754
2764.774297,57.427742,133.998066,-9360.722011
2764.774924,38.285162,114.855485,-9418.149754
2764.775551,57.427742,95.712904,-9399.007173
2764.776179,114.855485,57.427742,-9399.007173
2764.776806,95.712904,95.712904,-9399.007173
2764.777434,133.998066,153.140646,-9456.434915
2764.778061,95.712904,95.712904,-9399.007173
2764.778688,133.998066,114.855485,-9418.149754
2764.779316,57.427742,210.568389,-9360.722011
2764.779943,76.570323,114.855485,-9456.434915
2764.780571,153.140646,133.998066,-9399.007173
2764.781198,76.570323,114.855485,-9418.149754
2764.781826,38.285162,153.140646,-9418.149754
2764.782453,133.998066,114.855485,-9418.149754
2764.783080,133.998066,210.568389,-9418.149754
2764.783708,95.712904,153.140646,-9360.722011
2764.784335,133.998066,114.855485,-9418.149754
2764.784963,76.570323,114.855485,-9418.149754
2764.785590,133.998066,172.283227,-9418.149754
2764.786217,133.998066,114.855485,-9360.722011
2764.786845,95.712904,133.998066,-9360.722011
2764.787472,76.570323,229.710970,-9456.434915
2764.788100,76.570323,114.855485,-9418.149754
2764.788727,76.570323,172.283227,-9418.149754
2764.789354,38.285162,114.855485,-9418.149754
2764.789982,38.285162,114.855485,-9418.149754
2764.790609,133.998066,114.855485,-9418.149754
2764.791237,133.998066,114.855485,-9418.149754
2764.791864,153.140646,133.998066,-9399.007173
2764.792491,95.712904,172.283227,-9360.722011
2764.793119,95.712904,153.140646,-9360.722011
2764.793746,76.570323,210.568389,-9418.149754
2764.794374,76.570323,114.855485,-9418.149754
2764.795001,76.570323,114.855485,-9418.149754
2764.795629,114.855485,114.855485,-9418.149754
2764.796256,114.855485,95.712904,-9399.007173
2764.796883,76.570323,114.855485,-9418.149754
2764.797511,76.570323,114.855485,-9418.149754
2764.798138,95.712904,114.855485,-9399.007173
2764.798766,57.427742,95.712904,-9399.007173
2764.799393,38.285162,153.140646,-9456.434915
2764.800020,114.855485,153.140646,-9360.722011
2764.800648,76.570323,210.568389,-9418.149754
2764.801275,133.998066,76.570323,-9379.864592
2764.801903,114.855485,95.712904,-9399.007173
2764.802530,95.712904,95.712904,-9399.007173
2764.803157,133.998066,172.283227,-9418.149754
2764.803785,133.998066,210.568389,-9418.149754
2764.804412,133.998066,114.855485,-9418.149754
2764.805040,95.712904,153.140646,-9341.579430
2764.805667,57.427742,172.283227,-9360.722011
2764.806295,76.570323,133.998066,-9341.579430
2764.806922,57.427742,133.998066,-9341.579430
2764.807549,76.570323,114.855485,-9418.149754
2764.808177,133.998066,133.998066,-9399.007173
2764.808804,133.998066,114.855485,-9437.292334
2764.809432,114.855485,95.712904,-9399.007173
2764.810059,76.570323,114.855485,-9418.149754
2764.810686,133.998066,153.140646,-9418.149754
2764.811314,133.998066,114.855485,-9418.149754
2764.811941,133.998066,114.855485,-9418.149754
2764.812569,172.283227,114.855485,-9379.864592
2764.813196,172.283227,114.855485,-9341.579430
2764.813823,38.285162,172.283227,-9418.149754
2764.814451,76.570323,114.855485,-9418.149754
2764.815078,114.855485,133.998066,-9360.722011
2764.815706,95.712904,95.712904,-9399.007173
2764.816333,114.855485,133.998066,-9360.722011
2764.816961,95.712904,95.712904,-9437.292334
2764.817588,133.998066,114.855485,-9418.149754
2764.818215,133.998066,114.855485,-9418.149754
2764.818843,76.570323,114.855485,-9418.149754
2764.819470,133.998066,114.855485,-9418.149754
2764.820098,19.142581,172.283227,-9418.149754
2764.820725,95.712904,210.568389,-9418.149754
2764.821352,133.998066,191.425808,-9399.007173
2764.821980,95.712904,133.998066,-9360.722011
2764.822607,133.998066,114.855485,-9418.149754
2764.823235,133.998066,133.998066,-9399.007173
2764.823862,95.712904,95.712904,-9399.007173
2764.824489,133.998066,133.998066,-9399.007173
2764.825117,114.855485,95.712904,-9456.434915
2764.825744,38.285162,114.855485,-9418.149754
2764.826372,133.998066,114.855485,-9418.149754
2764.826999,114.855485,114.855485,-9399.007173
2764.827627,114.855485,133.998066,-9360.722011
2764.828254,38.285162,210.568389,-9418.149754
2764.828881,95.712904,172.283227,-9360.722011
2764.829509,133.998066,114.855485,-9418.149754
2764.830136,133.998066,114.855485,-9418.149754
2764.830764,76.570323,114.855485,-9437.292334
2764.831391,153.140646,133.998066,-9399.007173
2764.832018,114.855485,95.712904,-9399.007173
2764.832646,133.998066,114.855485,-9360.722011
2764.833273,95.712904,133.998066,-9360.722011
2764.833901,76.570323,114.855485,-9418.149754
2764.834528,76.570323,153.140646,-9418.149754
2764.835155,114.855485,153.140646,-9360.722011
2764.835783,210.568389,172.283227,-9399.007173
2764.836410,38.285162,172.283227,-9418.149754
2764.837038,95.712904,191.425808,-9341.579430
2764.837665,95.712904,114.855485,-9418.149754
2764.838293,95.712904,133.998066,-9360.722011
2764.838920,57.427742,133.998066,-9437.292334
2764.839547,76.570323,153.140646,-9418.149754
2764.840175,133.998066,114.855485,-9418.149754
2764.840802,38.285162,114.855485,-9418.149754
2764.841430,133.998066,114.855485,-9418.149754
2764.842057,76.570323,114.855485,-9418.149754
2764.842684,38.285162,114.855485,-9418.149754
2764.843312,95.712904,114.855485,-9418.149754
2764.843939,57.427742,133.998066,-9360.722011
2764.844567,76.570323,114.855485,-9418.149754
2764.845194,114.855485,114.855485,-9456.434915
2764.845821,133.998066,114.855485,-9418.149754
2764.846449,95.712904,133.998066,-9360.722011
2764.847076,76.570323,114.855485,-9418.149754
2764.847704,133.998066,114.855485,-9418.149754
2764.848331,95.712904,95.712904,-9399.007173
2764.848959,114.855485,133.998066,-9360.722011
2764.849586,76.570323,153.140646,-9418.149754
2764.850213,133.998066,172.283227,-9418.149754
2764.850841,133.998066,153.140646,-9399.007173
2764.851468,133.998066,114.855485,-9418.149754
2764.852096,114.855485,153.140646,-9360.722011
2764.852723,210.568389,210.568389,-9399.007173
2764.853350,95.712904,95.712904,-9399.007173
2764.853978,95.712904,133.998066,-9360.722011
2764.854605,95.712904,114.855485,-9456.434915
2764.855233,133.998066,153.140646,-9418.149754
2764.855860,57.427742,95.712904,-9456.434915
2764.856488,38.285162,153.140646,-9456.434915
2764.857115,76.570323,95.712904,-9399.007173
2764.857743,38.285162,114.855485,-9418.149754
2764.858370,76.570323,210.568389,-9418.149754
2764.858998,95.712904,133.998066,-9360.722011
2764.859625,153.140646,133.998066,-9399.007173
2764.860252,76.570323,114.855485,-9418.149754
2764.860880,95.712904,133.998066,-9360.722011
2764.861507,95.712904,153.140646,-9456.434915
2764.862135,133.998066,114.855485,-9437.292334
2764.862762,76.570323,172.283227,-9418.149754
2764.863390,76.570323,172.283227,-9418.149754
2764.864017,133.998066,114.855485,-9418.149754
2764.864645,114.855485,133.998066,-9360.722011
2764.865272,76.570323,114.855485,-9418.149754
2764.865900,95.712904,114.855485,-9418.149754
2764.866527,57.427742,95.712904,-9399.007173
2764.867154,133.998066,133.998066,-9399.007173
2764.867782,95.712904,133.998066,-9360.722011
2764.868409,95.712904,153.140646,-9360.722011
2764.869037,76.570323,172.283227,-9418.149754
2764.869664,172.283227,210.568389,-9341.579430
2764.870292,95.712904,153.140646,-9360.722011
2764.870919,76.570323,114.855485,-9418.149754
2764.871547,38.285162,153.140646,-9360.722011
2764.872174,114.855485,76.570323,-9418.149754
2764.872802,57.427742,133.998066,-9360.722011
2764.873429,38.285162,114.855485,-9418.149754
2764.874057,76.570323,76.570323,-9379.864592
2764.874684,95.712904,114.855485,-9418.149754
2764.875311,76.570323,172.283227,-9418.149754
2764.875939,95.712904,172.283227,-9360.722011
2764.876566,76.570323,114.855485,-9418.149754
2764.877194,153.140646,191.425808,-9399.007173
2764.877821,133.998066,153.140646,-9456.434915
2764.878449,114.855485,248.853550,-9360.722011
2764.879076,76.570323,153.140646,-9418.149754
2764.879704,38.285162,133.998066,-9379.864592
2764.880331,76.570323,114.855485,-9418.149754
2764.880959,114.855485,76.570323,-9418.149754
2764.881586,133.998066,153.140646,-9418.149754
2764.882213,76.570323,114.855485,-9418.149754
2764.882841,76.570323,133.998066,-9360.722011
2764.883468,95.712904,133.998066,-9360.722011
2764.884096,95.712904,133.998066,-9360.722011
2764.884723,76.570323,114.855485,-9418.149754
2764.885351,133.998066,114.855485,-9418.149754
2764.885978,38.285162,210.568389,-9418.149754
2764.886606,57.427742,95.712904,-9399.007173
2764.887233,57.427742,95.712904,-9399.007173
2764.887861,38.285162,114.855485,-9418.149754
2764.888488,38.285162,153.140646,-9418.149754
2764.889115,76.570323,95.712904,-9399.007173
2764.889743,133.998066,153.140646,-9418.149754
2764.890370,133.998066,114.855485,-9418.149754
2764.890998,114.855485,95.712904,-9399.007173
2764.891625,114.855485,153.140646,-9360.722011
2764.892253,76.570323,114.855485,-9418.149754
2764.892880,133.998066,114.855485,-9437.292334
2764.893508,57.427742,172.283227,-9360.722011
2764.894135,76.570323,76.570323,-9341.579430
2764.894763,38.285162,114.855485,-9418.149754
2764.895390,76.570323,114.855485,-9418.149754
2764.896017,133.998066,114.855485,-9418.149754
2764.896645,76.570323,133.998066,-9360.722011
2764.897272,133.998066,153.140646,-9418.149754
2764.897900,133.998066,172.283227,-9418.149754
2764.898527,76.570323,114.855485,-9360.722011
2764.899155,76.570323,114.855485,-9418.149754
2764.899782,76.570323,172.283227,-9418.149754
2764.900410,76.570323,114.855485,-9456.434915
2764.901037,114.855485,95.712904,-9399.007173
2764.901665,76.570323,114.855485,-9418.149754
2764.902292,153.140646,133.998066,-9399.007173
2764.902919,172.283227,172.283227,-9379.864592
2764.903547,153.140646,191.425808,-9399.007173
2764.904174,133.998066,114.855485,-9418.149754
2764.904802,133.998066,210.568389,-9418.149754
2764.905429,153.140646,133.998066,-9399.007173
2764.906057,114.855485,133.998066,-9360.722011
2764.906684,38.285162,114.855485,-9418.149754
2764.907312,133.998066,153.140646,-9418.149754
2764.907939,76.570323,114.855485,-9456.434915
2764.908567,133.998066,114.855485,-9418.149754
2764.909194,114.855485,191.425808,-9360.722011
2764.909821,114.855485,95.712904,-9399.007173
2764.910449,95.712904,95.712904,-9437.292334
2764.911076,95.712904,114.855485,-9418.149754
2764.911704,38.285162,172.283227,-9418.149754
2764.912331,76.570323,210.568389,-9418.149754
2764.912959,133.998066,153.140646,-9418.149754
2764.913586,114.855485,133.998066,-9360.722011
2764.914214,133.998066,114.855485,-9418.149754
2764.914841,133.998066,153.140646,-9418.149754
2764.915469,19.142581,172.283227,-9456.434915
2764.916096,38.285162,114.855485,-9418.149754
2764.916723,57.427742,153.140646,-9360.722011
2764.917351,76.570323,114.855485,-9418.149754
2764.917978,133.998066,133.998066,-9399.007173
2764.918606,133.998066,172.283227,-9418.149754
2764.919233,57.427742,133.998066,-9360.722011
2764.919861,133.998066,153.140646,-9418.149754
2764.920488,153.140646,191.425808,-9399.007173
2764.921116,153.140646,210.568389,-9399.007173
2764.921743,95.712904,153.140646,-9360.722011
2764.922371,133.998066,133.998066,-9399.007173
2764.922998,76.570323,191.425808,-9341.579430
2764.923625,76.570323,153.140646,-9360.722011
2764.924253,38.285162,153.140646,-9418.149754
2764.924880,114.855485,133.998066,-9360.722011
2764.925508,38.285162,114.855485,-9456.434915
2764.926135,38.285162,114.855485,-9418.149754
2764.926763,76.570323,114.855485,-9418.149754
2764.927390,114.855485,172.283227,-9322.436850
2764.928018,133.998066,114.855485,-9418.149754
2764.928645,76.570323,172.283227,-9418.149754
2764.929273,95.712904,172.283227,-9341.579430
2764.929900,95.712904,153.140646,-9418.149754
2764.930527,19.142581,153.140646,-9399.007173
2764.931155,114.855485,153.140646,-9360.722011
2764.931782,76.570323,114.855485,-9418.149754
2764.932410,76.570323,172.283227,-9418.149754
2764.933037,38.285162,153.140646,-9418.149754
2764.933665,57.427742,133.998066,-9360.722011
2764.934292,38.285162,114.855485,-9418.149754
2764.934920,76.570323,153.140646,-9456.434915
2764.935547,114.855485,133.998066,-9360.722011
2764.936175,76.570323,172.283227,-9418.149754
2764.936802,114.855485,210.568389,-9360.722011
2764.937429,76.570323,114.855485,-9418.149754
2764.938057,95.712904,133.998066,-9360.722011
2764.938684,57.427742,172.283227,-9360.722011
2764.939312,114.855485,133.998066,-9360.722011
2764.939939,57.427742,133.998066,-9360.722011
2764.940567,38.285162,114.855485,-9418.149754
2764.941194,76.570323,114.855485,-9437.292334
2764.941822,153.140646,133.998066,-9322.436850
2764.942449,57.427742,191.425808,-9418.149754
2764.943077,76.570323,172.283227,-9418.149754
2764.943704,95.712904,133.998066,-9418.149754
2764.944331,76.570323,114.855485,-9418.149754
2764.944959,95.712904,95.712904,-9399.007173
2764.945586,133.998066,172.283227,-9475.577496
2764.946214,133.998066,114.855485,-9418.149754
2764.946841,133.998066,210.568389,-9437.292334
2764.947469,76.570323,114.855485,-9418.149754
2764.948096,133.998066,114.855485,-9456.434915
2764.948724,76.570323,114.855485,-9418.149754
2764.949351,76.570323,114.855485,-9418.149754
2764.949979,76.570323,114.855485,-9418.149754
2764.950606,76.570323,114.855485,-9418.149754
2764.951233,95.712904,191.425808,-9360.722011
2764.951861,133.998066,153.140646,-9360.722011
2764.952488,76.570323,133.998066,-9379.864592
2764.953116,133.998066,153.140646,-9418.149754
2764.953743,153.140646,153.140646,-9418.149754
2764.954371,133.998066,153.140646,-9418.149754
2764.954998,133.998066,114.855485,-9418.149754
2764.955625,133.998066,114.855485,-9418.149754
2764.956253,114.855485,133.998066,-9360.722011
2764.956880,95.712904,133.998066,-9360.722011
2764.957508,76.570323,114.855485,-9418.149754
2764.958135,76.570323,172.283227,-9418.149754
2764.958763,76.570323,114.855485,-9418.149754
2764.959390,114.855485,133.998066,-9360.722011
2764.960017,95.712904,114.855485,-9418.149754
2764.960645,76.570323,172.283227,-9418.149754
2764.961272,76.570323,114.855485,-9418.149754
2764.961900,133.998066,114.855485,-9418.149754
2764.962527,95.712904,133.998066,-9341.579430
2764.963155,76.570323,114.855485,-9418.149754
2764.963782,133.998066,114.855485,-9418.149754
2764.964409,76.570323,172.283227,-9437.292334
2764.965037,133.998066,172.283227,-9418.149754
2764.965664,133.998066,172.283227,-9418.149754
2764.966292,133.998066,114.855485,-9418.149754
2764.966919,133.998066,114.855485,-9418.149754
2764.967547,95.712904,114.855485,-9418.149754
2764.968174,38.285162,114.855485,-9418.149754
2764.968801,133.998066,114.855485,-9418.149754
2764.969429,133.998066,133.998066,-9456.434915
2764.970056,76.570323,172.283227,-9456.434915
2764.970684,133.998066,114.855485,-9418.149754
2764.971311,172.283227,95.712904,-9437.292334
2764.971939,95.712904,133.998066,-9360.722011
2764.972566,95.712904,114.855485,-9418.149754
2764.973193,38.285162,114.855485,-9494.720077
2764.973821,38.285162,114.855485,-9418.149754
2764.974448,38.285162,114.855485,-9418.149754
2764.975076,57.427742,153.140646,-9341.579430
2764.975703,133.998066,114.855485,-9418.149754
2764.976330,95.712904,95.712904,-9399.007173
2764.976958,133.998066,210.568389,-9437.292334
2764.977585,133.998066,114.855485,-9418.149754
2764.978213,133.998066,153.140646,-9399.007173
2764.978840,76.570323,153.140646,-9418.149754
2764.979468,133.998066,172.283227,-9399.007173
2764.980095,57.427742,95.712904,-9399.007173
2764.980722,76.570323,114.855485,-9418.149754
2764.981350,133.998066,114.855485,-9418.149754
2764.981977,133.998066,114.855485,-9437.292334
2764.982605,95.712904,95.712904,-9437.292334
2764.983232,133.998066,114.855485,-9418.149754
2764.983860,76.570323,114.855485,-9418.149754
2764.984487,76.570323,153.140646,-9418.149754
2764.985114,153.140646,153.140646,-9399.007173
2764.985742,76.570323,172.283227,-9418.149754
2764.986369,57.427742,95.712904,-9399.007173
2764.986997,76.570323,114.855485,-9360.722011
2764.987624,114.855485,114.855485,-9379.864592
2764.988252,95.712904,114.855485,-9418.149754
2764.988879,57.427742,133.998066,-9360.722011
2764.989506,38.285162,133.998066,-9360.722011
2764.990134,95.712904,95.712904,-9399.007173
2764.990761,76.570323,133.998066,-9379.864592
2764.991389,172.283227,95.712904,-9399.007173
2764.992016,153.140646,153.140646,-9456.434915
2764.992643,38.285162,191.425808,-9418.149754
2764.993271,133.998066,133.998066,-9399.007173
2764.993898,95.712904,114.855485,-9418.149754
2764.994526,76.570323,114.855485,-9418.149754
2764.995153,95.712904,172.283227,-9418.149754
2764.995781,76.570323,114.855485,-9418.149754
2764.996408,133.998066,133.998066,-9399.007173
2764.997035,172.283227,133.998066,-9360.722011
2764.997663,114.855485,76.570323,-9418.149754
2764.998290,95.712904,95.712904,-9399.007173
2764.998918,38.285162,172.283227,-9456.434915
2764.999545,133.998066,172.283227,-9418.149754
2765.000173,114.855485,133.998066,-9360.722011
2765.000800,172.283227,133.998066,-9360.722011
2765.001427,153.140646,210.568389,-9418.149754
2765.002055,153.140646,133.998066,-9399.007173
2765.002682,133.998066,153.140646,-9456.434915
2765.003310,133.998066,153.140646,-9418.149754
2765.003937,38.285162,114.855485,-9418.149754
2765.004565,76.570323,114.855485,-9418.149754
2765.005192,133.998066,114.855485,-9418.149754
2765.005819,133.998066,114.855485,-9360.722011
2765.006447,133.998066,153.140646,-9418.149754
2765.007074,76.570323,191.425808,-9418.149754
2765.007702,133.998066,191.425808,-9379.864592
2765.008329,76.570323,114.855485,-9418.149754
2765.008956,76.570323,114.855485,-9418.149754
2765.009584,114.855485,95.712904,-9399.007173
2765.010211,133.998066,114.855485,-9418.149754
2765.010839,172.283227,114.855485,-9379.864592
2765.011466,38.285162,153.140646,-9418.149754
2765.012094,133.998066,114.855485,-9418.149754
2765.012721,95.712904,133.998066,-9360.722011
2765.013348,76.570323,133.998066,-9341.579430
2765.013976,133.998066,76.570323,-9379.864592
2765.014603,95.712904,95.712904,-9399.007173
2765.015231,95.712904,114.855485,-9418.149754
2765.015858,153.140646,153.140646,-9399.007173
2765.016486,114.855485,133.998066,-9360.722011
2765.017113,114.855485,114.855485,-9379.864592
2765.017740,114.855485,172.283227,-9360.722011
2765.018368,133.998066,114.855485,-9418.149754
2765.018995,76.570323,114.855485,-9418.149754
2765.019623,95.712904,133.998066,-9360.722011
2765.020250,95.712904,133.998066,-9360.722011
2765.020878,172.283227,114.855485,-9379.864592
2765.021505,133.998066,114.855485,-9418.149754
2765.022132,76.570323,114.855485,-9418.149754
2765.022760,114.855485,95.712904,-9399.007173
2765.023387,76.570323,114.855485,-9418.149754
2765.024015,210.568389,153.140646,-9379.864592
2765.024642,114.855485,76.570323,-9437.292334
2765.025270,114.855485,229.710970,-9399.007173
2765.025897,76.570323,153.140646,-9418.149754
2765.026524,76.570323,114.855485,-9418.149754
2765.027152,38.285162,172.283227,-9418.149754
2765.027779,95.712904,133.998066,-9360.722011
2765.028407,114.855485,133.998066,-9418.149754
2765.029034,19.142581,172.283227,-9418.149754
2765.029661,95.712904,191.425808,-9360.722011
2765.030289,76.570323,153.140646,-9418.149754
2765.030916,153.140646,172.283227,-9399.007173
2765.031544,38.285162,114.855485,-9418.149754
2765.032171,133.998066,172.283227,-9418.149754
2765.032799,95.712904,114.855485,-9418.149754
2765.033426,114.855485,133.998066,-9360.722011
2765.034053,76.570323,114.855485,-9418.149754
2765.034681,133.998066,172.283227,-9418.149754
2765.035308,133.998066,76.570323,-9379.864592
2765.035936,114.855485,133.998066,-9360.722011
2765.036563,76.570323,210.568389,-9418.149754
2765.037191,38.285162,114.855485,-9456.434915
2765.037818,76.570323,114.855485,-9418.149754
2765.038445,57.427742,95.712904,-9399.007173
2765.039073,76.570323,114.855485,-9418.149754
2765.039700,76.570323,114.855485,-9399.007173
2765.040328,133.998066,114.855485,-9533.005238
2765.040955,76.570323,114.855485,-9418.149754
2765.041583,76.570323,114.855485,-9418.149754
2765.042210,38.285162,229.710970,-9418.149754
2765.042837,95.712904,133.998066,-9360.722011
2765.043465,133.998066,114.855485,-9418.149754
2765.044092,76.570323,114.855485,-9418.149754
2765.044720,95.712904,95.712904,-9399.007173
2765.045347,133.998066,114.855485,-9418.149754
2765.045974,76.570323,114.855485,-9418.149754
2765.046602,133.998066,114.855485,-9418.149754
2765.047229,38.285162,114.855485,-9418.149754
2765.047857,133.998066,210.568389,-9399.007173
2765.048484,76.570323,210.568389,-9418.149754
2765.049112,76.570323,114.855485,-9418.149754
2765.049739,114.855485,95.712904,-9399.007173
2765.050366,76.570323,114.855485,-9418.149754
2765.050994,76.570323,114.855485,-9360.722011
2765.051621,76.570323,114.855485,-9418.149754
2765.052249,76.570323,114.855485,-9418.149754
2765.052876,133.998066,229.710970,-9418.149754
2765.053504,76.570323,210.568389,-9418.149754
2765.054131,95.712904,133.998066,-9360.722011
2765.054759,133.998066,153.140646,-9418.149754
2765.055386,114.855485,133.998066,-9360.722011
2765.056014,133.998066,114.855485,-9418.149754
2765.056642,95.712904,153.140646,-9360.722011
2765.057269,57.427742,172.283227,-9360.722011
2765.057897,76.570323,114.855485,-9418.149754
2765.058524,76.570323,114.855485,-9360.722011
2765.059152,95.712904,153.140646,-9341.579430
2765.059779,76.570323,114.855485,-9437.292334
2765.060407,76.570323,114.855485,-9418.149754
2765.061035,153.140646,114.855485,-9418.149754
2765.061662,95.712904,133.998066,-9418.149754
2765.062290,95.712904,114.855485,-9418.149754
2765.062917,76.570323,114.855485,-9418.149754
2765.063545,133.998066,172.283227,-9418.149754
2765.064172,76.570323,76.570323,-9322.436850
2765.064800,114.855485,133.998066,-9341.579430
2765.065428,95.712904,191.425808,-9360.722011
2765.066055,57.427742,95.712904,-9399.007173
2765.066683,133.998066,114.855485,-9418.149754
2765.067310,133.998066,191.425808,-9418.149754
2765.067938,95.712904,114.855485,-9456.434915
2765.068565,133.998066,133.998066,-9456.434915
2765.069193,95.712904,172.283227,-9360.722011
2765.069821,133.998066,210.568389,-9418.149754
2765.070448,172.283227,153.140646,-9379.864592
2765.071076,133.998066,114.855485,-9418.149754
2765.071703,76.570323,114.855485,-9418.149754
2765.072331,76.570323,114.855485,-9418.149754
2765.072958,76.570323,153.140646,-9418.149754
2765.073586,133.998066,114.855485,-9418.149754
2765.074214,133.998066,114.855485,-9418.149754
2765.074841,76.570323,114.855485,-9418.149754
2765.075469,133.998066,114.855485,-9360.722011
2765.076096,76.570323,95.712904,-9418.149754
2765.076724,76.570323,114.855485,-9437.292334
2765.077351,95.712904,114.855485,-9437.292334
2765.077979,114.855485,210.568389,-9360.722011
2765.078607,114.855485,133.998066,-9360.722011
2765.079234,76.570323,114.855485,-9418.149754
2765.079862,114.855485,133.998066,-9360.722011
2765.080489,76.570323,114.855485,-9418.149754
2765.081117,57.427742,172.283227,-9360.722011
2765.081744,76.570323,114.855485,-9418.149754
2765.082372,76.570323,153.140646,-9418.149754
2765.083000,133.998066,114.855485,-9418.149754
2765.083627,76.570323,172.283227,-9418.149754
2765.084255,76.570323,114.855485,-9418.149754
2765.084882,57.427742,153.140646,-9418.149754
2765.085510,57.427742,172.283227,-9341.579430
2765.086137,95.712904,114.855485,-9418.149754
2765.086765,133.998066,210.568389,-9418.149754
2765.087393,133.998066,95.712904,-9418.149754
2765.088020,114.855485,153.140646,-9360.722011
2765.088648,133.998066,172.283227,-9399.007173
2765.089275,57.427742,133.998066,-9360.722011
2765.089903,76.570323,114.855485,-9418.149754
2765.090530,95.712904,114.855485,-9418.149754
2765.091158,95.712904,114.855485,-9418.149754
2765.091786,153.140646,133.998066,-9456.434915
2765.092413,76.570323,114.855485,-9418.149754
2765.093041,114.855485,114.855485,-9379.864592
2765.093668,95.712904,95.712904,-9399.007173
2765.094296,38.285162,114.855485,-9418.149754
2765.094923,95.712904,95.712904,-9399.007173
2765.095551,76.570323,114.855485,-9418.149754
2765.096179,76.570323,95.712904,-9399.007173
2765.096806,133.998066,210.568389,-9360.722011
2765.097434,114.855485,172.283227,-9418.149754
2765.098061,95.712904,133.998066,-9360.722011
2765.098689,133.998066,172.283227,-9418.149754
2765.099316,76.570323,153.140646,-9418.149754
2765.099944,76.570323,114.855485,-9418.149754
2765.100572,95.712904,95.712904,-9399.007173
2765.101199,133.998066,114.855485,-9418.149754
2765.101827,114.855485,95.712904,-9399.007173
2765.102454,133.998066,133.998066,-9399.007173
2765.103082,133.998066,114.855485,-9418.149754
2765.103709,76.570323,114.855485,-9418.149754
2765.104337,76.570323,114.855485,-9418.149754
2765.104965,133.998066,114.855485,-9418.149754
2765.105592,133.998066,172.283227,-9418.149754
2765.106220,38.285162,172.283227,-9341.579430
2765.106847,95.712904,133.998066,-9360.722011
2765.107475,76.570323,229.710970,-9418.149754
2765.108102,95.712904,153.140646,-9418.149754
2765.108730,133.998066,114.855485,-9418.149754
2765.109358,114.855485,95.712904,-9399.007173
2765.109985,76.570323,114.855485,-9399.007173
2765.110613,133.998066,114.855485,-9418.149754
2765.111240,133.998066,172.283227,-9418.149754
2765.111868,76.570323,153.140646,-9437.292334
2765.112495,76.570323,114.855485,-9456.434915
2765.113123,76.570323,114.855485,-9437.292334
2765.113750,76.570323,114.855485,-9418.149754
2765.114378,133.998066,172.283227,-9418.149754
2765.115006,133.998066,114.855485,-9418.149754
2765.115633,76.570323,114.855485,-9418.149754
2765.116261,38.285162,210.568389,-9418.149754
2765.116888,133.998066,153.140646,-9418.149754
2765.117516,133.998066,114.855485,-9418.149754
2765.118143,76.570323,114.855485,-9418.149754
2765.118771,133.998066,114.855485,-9418.149754
2765.119399,133.998066,114.855485,-9418.149754
2765.120026,38.285162,133.998066,-9360.722011
2765.120654,38.285162,191.425808,-9456.434915
2765.121281,38.285162,172.283227,-9437.292334
2765.121909,76.570323,172.283227,-9360.722011
2765.122536,153.140646,133.998066,-9399.007173
2765.123164,76.570323,172.283227,-9418.149754
2765.123792,133.998066,172.283227,-9418.149754
2765.124419,133.998066,114.855485,-9418.149754
2765.125047,133.998066,172.283227,-9399.007173
2765.125674,38.285162,114.855485,-9418.149754
2765.126302,133.998066,114.855485,-9494.720077
2765.126929,133.998066,114.855485,-9360.722011
2765.127557,133.998066,114.855485,-9418.149754
2765.128185,133.998066,114.855485,-9418.149754
2765.128812,76.570323,114.855485,-9418.149754
2765.129440,76.570323,191.425808,-9418.149754
2765.130067,133.998066,153.140646,-9437.292334
2765.130695,133.998066,210.568389,-9418.149754
2765.131322,114.855485,133.998066,-9360.722011
2765.131950,95.712904,133.998066,-9360.722011
2765.132578,76.570323,95.712904,-9399.007173
2765.133205,133.998066,210.568389,-9418.149754
2765.133833,133.998066,153.140646,-9418.149754
2765.134460,95.712904,153.140646,-9360.722011
2765.135088,76.570323,172.283227,-9456.434915
2765.135715,133.998066,172.283227,-9360.722011
2765.136343,153.140646,133.998066,-9399.007173
2765.136971,57.427742,172.283227,-9360.722011
2765.137598,76.570323,210.568389,-9360.722011
2765.138226,76.570323,153.140646,-9456.434915
2765.138853,76.570323,153.140646,-9418.149754
2765.139481,76.570323,114.855485,-9418.149754
2765.140108,76.570323,76.570323,-9379.864592
2765.140736,95.712904,95.712904,-9379.864592
2765.141364,114.855485,133.998066,-9360.722011
2765.141991,95.712904,191.425808,-9360.722011
2765.142619,133.998066,114.855485,-9418.149754
2765.143246,114.855485,133.998066,-9360.722011
2765.143874,95.712904,172.283227,-9360.722011
2765.144501,133.998066,114.855485,-9418.149754
2765.145129,95.712904,133.998066,-9360.722011
2765.145757,114.855485,133.998066,-9360.722011
2765.146384,172.283227,114.855485,-9379.864592
2765.147012,76.570323,210.568389,-9418.149754
2765.147639,76.570323,114.855485,-9418.149754
2765.148267,133.998066,114.855485,-9418.149754
2765.148894,114.855485,133.998066,-9360.722011
2765.149522,95.712904,114.855485,-9418.149754
2765.150150,133.998066,133.998066,-9399.007173
2765.150777,76.570323,153.140646,-9418.149754
2765.151405,76.570323,114.855485,-9418.149754
2765.152032,57.427742,95.712904,-9399.007173
2765.152660,57.427742,133.998066,-9360.722011
2765.153287,57.427742,210.568389,-9418.149754
2765.153915,38.285162,114.855485,-9456.434915
2765.154543,133.998066,76.570323,-9379.864592
2765.155170,153.140646,153.140646,-9399.007173
2765.155798,76.570323,114.855485,-9418.149754
2765.156425,153.140646,133.998066,-9456.434915
2765.157053,114.855485,133.998066,-9360.722011
2765.157680,114.855485,210.568389,-9379.864592
2765.158308,172.283227,153.140646,-9379.864592
2765.158935,76.570323,95.712904,-9456.434915
2765.159563,153.140646,133.998066,-9399.007173
2765.160190,95.712904,95.712904,-9399.007173
2765.160818,95.712904,172.283227,-9360.722011
2765.161446,95.712904,153.140646,-9360.722011
2765.162073,95.712904,210.568389,-9418.149754
2765.162701,133.998066,133.998066,-9399.007173
2765.163328,133.998066,172.283227,-9418.149754
2765.163956,76.570323,172.283227,-9418.149754
2765.164583,76.570323,210.568389,-9418.149754
2765.165211,76.570323,114.855485,-9418.149754
2765.165838,76.570323,114.855485,-9418.149754
2765.166466,95.712904,95.712904,-9437.292334
2765.167094,76.570323,114.855485,-9418.149754
2765.167721,95.712904,133.998066,-9360.722011
2765.168349,133.998066,114.855485,-9437.292334
2765.168976,76.570323,153.140646,-9418.149754
2765.169604,57.427742,153.140646,-9341.579430
2765.170231,76.570323,172.283227,-9418.149754
2765.170859,76.570323,210.568389,-9418.149754
2765.171486,95.712904,172.283227,-9418.149754
2765.172114,76.570323,95.712904,-9399.007173
2765.172741,95.712904,114.855485,-9418.149754
2765.173369,76.570323,153.140646,-9418.149754
2765.173997,95.712904,172.283227,-9360.722011
2765.174624,114.855485,95.712904,-9399.007173
2765.175252,153.140646,114.855485,-9418.149754
2765.175879,133.998066,172.283227,-9418.149754
2765.176507,133.998066,114.855485,-9418.149754
2765.177134,76.570323,153.140646,-9418.149754
2765.177762,95.712904,172.283227,-9360.722011
2765.178389,95.712904,133.998066,-9360.722011
2765.179017,95.712904,172.283227,-9418.149754
2765.179644,172.283227,114.855485,-9379.864592
2765.180272,153.140646,172.283227,-9379.864592
2765.180900,38.285162,114.855485,-9418.149754
2765.181527,114.855485,76.570323,-9418.149754
2765.182155,76.570323,114.855485,-9456.434915
2765.182782,133.998066,133.998066,-9418.149754
2765.183410,76.570323,114.855485,-9456.434915
2765.184037,133.998066,172.283227,-9418.149754
2765.184665,133.998066,172.283227,-9418.149754
2765.185292,76.570323,210.568389,-9360.722011
2765.185920,95.712904,133.998066,-9360.722011
2765.186548,38.285162,114.855485,-9418.149754
2765.187175,76.570323,114.855485,-9418.149754
2765.187803,76.570323,114.855485,-9418.149754
2765.188430,133.998066,172.283227,-9399.007173
2765.189058,133.998066,114.855485,-9360.722011
2765.189685,38.285162,114.855485,-9418.149754
2765.190313,133.998066,210.568389,-9418.149754
2765.190940,133.998066,191.425808,-9360.722011
2765.191568,153.140646,172.283227,-9437.292334
2765.192195,76.570323,95.712904,-9399.007173
2765.192823,133.998066,172.283227,-9437.292334
2765.193451,76.570323,172.283227,-9456.434915
2765.194078,114.855485,95.712904,-9399.007173
2765.194706,133.998066,172.283227,-9418.149754
2765.195333,153.140646,153.140646,-9399.007173
2765.195961,95.712904,95.712904,-9399.007173
2765.196588,133.998066,114.855485,-9360.722011
2765.197216,114.855485,133.998066,-9360.722011
2765.197843,172.283227,153.140646,-9379.864592
2765.198471,38.285162,172.283227,-9418.149754
2765.199098,76.570323,114.855485,-9418.149754
2765.199726,133.998066,114.855485,-9456.434915
2765.200354,133.998066,114.855485,-9360.722011
2765.200981,133.998066,114.855485,-9456.434915
2765.201609,76.570323,153.140646,-9418.149754
2765.202236,95.712904,133.998066,-9360.722011
2765.202864,76.570323,114.855485,-9418.149754
2765.203491,38.285162,172.283227,-9418.149754
2765.204119,57.427742,133.998066,-9418.149754
2765.204746,95.712904,133.998066,-9360.722011
2765.205374,95.712904,172.283227,-9360.722011
2765.206002,114.855485,114.855485,-9399.007173
2765.206629,153.140646,153.140646,-9399.007173
2765.207257,133.998066,114.855485,-9418.149754
2765.207884,153.140646,133.998066,-9399.007173
2765.208512,76.570323,172.283227,-9418.149754
2765.209139,76.570323,114.855485,-9418.149754
2765.209767,38.285162,133.998066,-9360.722011
2765.210394,133.998066,114.855485,-9418.149754
2765.211022,133.998066,114.855485,-9418.149754
2765.211649,172.283227,210.568389,-9379.864592
2765.212277,76.570323,172.283227,-9418.149754
2765.212905,76.570323,114.855485,-9418.149754
2765.213532,38.285162,76.570323,-9379.864592
2765.214160,133.998066,114.855485,-9418.149754
2765.214787,76.570323,114.855485,-9418.149754
2765.215415,172.283227,76.570323,-9418.149754
2765.216042,133.998066,114.855485,-9418.149754
2765.216670,38.285162,172.283227,-9418.149754
2765.217297,114.855485,133.998066,-9360.722011
2765.217925,76.570323,153.140646,-9360.722011
2765.218552,95.712904,172.283227,-9437.292334
2765.219180,114.855485,95.712904,-9399.007173
2765.219808,76.570323,114.855485,-9456.434915
2765.220435,114.855485,153.140646,-9360.722011
2765.221063,133.998066,153.140646,-9418.149754
2765.221690,133.998066,114.855485,-9418.149754
2765.222318,133.998066,210.568389,-9437.292334
2765.222945,133.998066,153.140646,-9418.149754
2765.223573,114.855485,172.283227,-9360.722011
2765.224200,76.570323,210.568389,-9437.292334
2765.224828,38.285162,114.855485,-9418.149754
2765.225456,95.712904,153.140646,-9360.722011
2765.226083,38.285162,114.855485,-9418.149754
2765.226711,0.000000,172.283227,-9322.436850
2765.227338,76.570323,172.283227,-9418.149754
2765.227966,133.998066,114.855485,-9418.149754
2765.228593,95.712904,95.712904,-9399.007173
2765.229221,38.285162,172.283227,-9418.149754
2765.229848,133.998066,210.568389,-9418.149754
2765.230476,153.140646,133.998066,-9399.007173
2765.231103,76.570323,114.855485,-9437.292334
2765.231731,76.570323,114.855485,-9418.149754
2765.232359,114.855485,133.998066,-9360.722011
2765.232986,95.712904,133.998066,-9360.722011
2765.233614,95.712904,133.998066,-9360.722011
2765.234241,172.283227,76.570323,-9418.149754
2765.234869,114.855485,153.140646,-9360.722011
2765.235496,76.570323,114.855485,-9418.149754
2765.236124,76.570323,172.283227,-9418.149754
2765.236751,133.998066,172.283227,-9418.149754
2765.237379,114.855485,191.425808,-9360.722011
2765.238006,76.570323,153.140646,-9418.149754
2765.238634,133.998066,114.855485,-9418.149754
2765.239262,153.140646,153.140646,-9399.007173
2765.239889,133.998066,114.855485,-9418.149754
2765.240517,76.570323,172.283227,-9418.149754
2765.241144,57.427742,153.140646,-9418.149754
2765.241772,133.998066,172.283227,-9418.149754
2765.242399,114.855485,153.140646,-9360.722011
2765.243027,133.998066,133.998066,-9399.007173
2765.243654,76.570323,153.140646,-9418.149754
2765.244282,172.283227,133.998066,-9360.722011
2765.244910,76.570323,172.283227,-9418.149754
2765.245537,95.712904,153.140646,-9360.722011
2765.246165,133.998066,172.283227,-9418.149754
2765.246792,76.570323,172.283227,-9456.434915
2765.247420,38.285162,114.855485,-9360.722011
2765.248047,114.855485,95.712904,-9399.007173
2765.248675,76.570323,172.283227,-9418.149754
2765.249302,95.712904,153.140646,-9418.149754
2765.249930,76.570323,153.140646,-9418.149754
2765.250557,172.283227,248.853550,-9418.149754
2765.251185,57.427742,114.855485,-9418.149754
2765.251813,57.427742,172.283227,-9418.149754
2765.252440,57.427742,191.425808,-9418.149754
2765.253068,133.998066,210.568389,-9437.292334
2765.253695,95.712904,153.140646,-9437.292334
2765.254323,76.570323,114.855485,-9418.149754
2765.254950,114.855485,133.998066,-9360.722011
2765.255578,76.570323,172.283227,-9418.149754
2765.256205,38.285162,153.140646,-9418.149754
2765.256832,133.998066,114.855485,-9418.149754
2765.257460,114.855485,95.712904,-9399.007173
2765.258087,76.570323,114.855485,-9418.149754
2765.258715,76.570323,153.140646,-9437.292334
2765.259342,76.570323,114.855485,-9475.577496
2765.259970,133.998066,114.855485,-9418.149754
2765.260597,133.998066,114.855485,-9418.149754
2765.261225,76.570323,114.855485,-9418.149754
2765.261852,133.998066,133.998066,-9399.007173
2765.262480,76.570323,114.855485,-9418.149754
2765.263107,57.427742,114.855485,-9360.722011
2765.263735,76.570323,114.855485,-9418.149754
2765.264362,114.855485,133.998066,-9303.294269
2765.264989,114.855485,95.712904,-9399.007173
2765.265617,133.998066,172.283227,-9418.149754
2765.266244,95.712904,95.712904,-9399.007173
2765.266872,114.855485,133.998066,-9360.722011
2765.267499,95.712904,172.283227,-9456.434915
2765.268127,210.568389,172.283227,-9399.007173
2765.268754,172.283227,133.998066,-9418.149754
2765.269382,114.855485,172.283227,-9360.722011
2765.270009,95.712904,95.712904,-9437.292334
2765.270637,76.570323,172.283227,-9418.149754
2765.271264,38.285162,153.140646,-9475.577496
2765.271891,38.285162,172.283227,-9418.149754
2765.272519,38.285162,114.855485,-9418.149754
2765.273146,57.427742,210.568389,-9360.722011
2765.273774,133.998066,114.855485,-9418.149754
2765.274401,76.570323,114.855485,-9360.722011
2765.275029,76.570323,172.283227,-9418.149754
2765.275656,76.570323,114.855485,-9418.149754
2765.276284,95.712904,172.283227,-9418.149754
2765.276911,76.570323,172.283227,-9418.149754
2765.277539,95.712904,95.712904,-9399.007173
2765.278166,76.570323,133.998066,-9360.722011
2765.278794,133.998066,76.570323,-9379.864592
2765.279421,95.712904,133.998066,-9360.722011
2765.280048,133.998066,114.855485,-9418.149754
2765.280676,95.712904,133.998066,-9360.722011
2765.281303,114.855485,133.998066,-9360.722011
2765.281931,114.855485,76.570323,-9418.149754
2765.282558,76.570323,114.855485,-9437.292334
2765.283186,114.855485,95.712904,-9399.007173
2765.283813,133.998066,76.570323,-9322.436850
2765.284441,76.570323,114.855485,-9418.149754
2765.285068,57.427742,133.998066,-9360.722011
2765.285696,38.285162,153.140646,-9418.149754
2765.286323,76.570323,210.568389,-9418.149754
2765.286950,133.998066,172.283227,-9437.292334
2765.287578,133.998066,172.283227,-9418.149754
2765.288205,114.855485,133.998066,-9360.722011
2765.288833,57.427742,172.283227,-9360.722011
2765.289460,76.570323,172.283227,-9418.149754
2765.290088,57.427742,172.283227,-9360.722011
2765.290715,133.998066,153.140646,-9418.149754
2765.291343,38.285162,114.855485,-9437.292334
2765.291970,76.570323,133.998066,-9360.722011
2765.292598,172.283227,76.570323,-9418.149754
2765.293225,38.285162,114.855485,-9418.149754
2765.293853,76.570323,133.998066,-9360.722011
2765.294480,95.712904,153.140646,-9360.722011
2765.295107,133.998066,153.140646,-9456.434915
2765.295735,76.570323,172.283227,-9418.149754
2765.296362,95.712904,114.855485,-9418.149754
2765.296990,38.285162,153.140646,-9456.434915
2765.297617,76.570323,210.568389,-9418.149754
2765.298245,133.998066,153.140646,-9418.149754
2765.298872,133.998066,153.140646,-9418.149754
2765.299500,76.570323,114.855485,-9418.149754
2765.300127,76.570323,153.140646,-9437.292334
2765.300755,95.712904,133.998066,-9360.722011
2765.301382,133.998066,114.855485,-9418.149754
2765.302009,133.998066,153.140646,-9399.007173
2765.302637,172.283227,172.283227,-9322.436850
2765.303264,133.998066,114.855485,-9418.149754
2765.303892,76.570323,133.998066,-9360.722011
2765.304519,57.427742,153.140646,-9360.722011
2765.305147,95.712904,114.855485,-9418.149754
2765.305774,76.570323,114.855485,-9418.149754
2765.306402,76.570323,114.855485,-9418.149754
2765.307029,133.998066,114.855485,-9418.149754
2765.307657,57.427742,133.998066,-9418.149754
2765.308284,76.570323,114.855485,-9418.149754
2765.308912,95.712904,210.568389,-9360.722011
2765.309539,95.712904,153.140646,-9360.722011
2765.310166,38.285162,191.425808,-9456.434915
2765.310794,57.427742,133.998066,-9360.722011
2765.311421,19.142581,114.855485,-9360.722011
2765.312049,133.998066,114.855485,-9418.149754
2765.312676,76.570323,114.855485,-9456.434915
2765.313304,38.285162,133.998066,-9379.864592
2765.313931,95.712904,133.998066,-9360.722011
2765.314559,114.855485,95.712904,-9399.007173
2765.315186,76.570323,114.855485,-9418.149754
2765.315814,76.570323,114.855485,-9418.149754
2765.316441,76.570323,114.855485,-9418.149754
2765.317068,76.570323,114.855485,-9418.149754
2765.317696,57.427742,114.855485,-9399.007173
2765.318323,38.285162,153.140646,-9418.149754
2765.318951,133.998066,172.283227,-9399.007173
2765.319578,114.855485,133.998066,-9360.722011
2765.320206,76.570323,133.998066,-9360.722011
2765.320833,133.998066,114.855485,-9418.149754
2765.321461,76.570323,153.140646,-9418.149754
2765.322088,57.427742,133.998066,-9360.722011
2765.322716,172.283227,133.998066,-9360.722011
2765.323343,76.570323,153.140646,-9360.722011
2765.323971,114.855485,133.998066,-9360.722011
2765.324598,76.570323,114.855485,-9418.149754
2765.325225,57.427742,114.855485,-9418.149754
2765.325853,76.570323,172.283227,-9437.292334
2765.326480,133.998066,114.855485,-9418.149754
2765.327108,19.142581,114.855485,-9418.149754
2765.327735,133.998066,153.140646,-9418.149754
2765.328363,133.998066,114.855485,-9418.149754
2765.328990,133.998066,153.140646,-9418.149754
2765.329618,38.285162,191.425808,-9418.149754
2765.330245,76.570323,172.283227,-9418.149754
2765.330873,95.712904,114.855485,-9418.149754
2765.331500,76.570323,172.283227,-9418.149754
2765.332127,95.712904,153.140646,-9360.722011
2765.332755,76.570323,210.568389,-9399.007173
2765.333382,133.998066,172.283227,-9418.149754
2765.334010,95.712904,114.855485,-9418.149754
2765.334637,133.998066,114.855485,-9418.149754
2765.335265,153.140646,248.853550,-9399.007173
2765.335892,153.140646,172.283227,-9399.007173
2765.336520,38.285162,172.283227,-9437.292334
2765.337147,76.570323,114.855485,-9418.149754
2765.337775,76.570323,172.283227,-9418.149754
2765.338402,38.285162,114.855485,-9418.149754
2765.339029,95.712904,133.998066,-9360.722011
2765.339657,38.285162,114.855485,-9418.149754
2765.340284,95.712904,153.140646,-9360.722011
2765.340912,76.570323,114.855485,-9418.149754
2765.341539,38.285162,114.855485,-9418.149754
2765.342167,76.570323,172.283227,-9418.149754
2765.342794,114.855485,133.998066,-9360.722011
2765.343422,76.570323,95.712904,-9399.007173
2765.344049,133.998066,153.140646,-9418.149754
2765.344677,76.570323,172.283227,-9418.149754
2765.345304,133.998066,114.855485,-9437.292334
2765.345932,57.427742,95.712904,-9399.007173
2765.346559,76.570323,114.855485,-9437.292334
2765.347186,95.712904,153.140646,-9418.149754
2765.347814,76.570323,172.283227,-9418.149754
2765.348441,76.570323,210.568389,-9418.149754
2765.349069,172.283227,172.283227,-9379.864592
2765.349696,95.712904,191.425808,-9360.722011
2765.350324,76.570323,153.140646,-9437.292334
2765.350951,95.712904,133.998066,-9360.722011
2765.351579,76.570323,229.710970,-9360.722011
2765.352206,133.998066,114.855485,-9418.149754
2765.352834,133.998066,133.998066,-9399.007173
2765.353461,114.855485,114.855485,-9379.864592
2765.354088,95.712904,95.712904,-9399.007173
2765.354716,210.568389,133.998066,-9399.007173
2765.355344,76.570323,114.855485,-9456.434915
2765.355971,133.998066,114.855485,-9418.149754
2765.356599,76.570323,114.855485,-9456.434915
2765.357226,95.712904,133.998066,-9360.722011
2765.357854,133.998066,114.855485,-9418.149754
2765.358481,153.140646,191.425808,-9399.007173
2765.359109,76.570323,229.710970,-9418.149754
2765.359736,76.570323,114.855485,-9418.149754
2765.360364,38.285162,210.568389,-9418.149754
2765.360992,95.712904,153.140646,-9418.149754
2765.361619,76.570323,153.140646,-9418.149754
2765.362247,76.570323,172.283227,-9418.149754
2765.362874,38.285162,114.855485,-9418.149754
2765.363502,133.998066,76.570323,-9322.436850
2765.364129,114.855485,76.570323,-9418.149754
2765.364757,38.285162,114.855485,-9437.292334
2765.365384,76.570323,210.568389,-9418.149754
2765.366012,133.998066,153.140646,-9418.149754
2765.366640,76.570323,153.140646,-9418.149754
2765.367267,133.998066,114.855485,-9418.149754
2765.367895,133.998066,114.855485,-9418.149754
2765.368522,172.283227,76.570323,-9418.149754
2765.369150,57.427742,210.568389,-9418.149754
2765.369777,133.998066,114.855485,-9456.434915
2765.370405,76.570323,114.855485,-9418.149754
2765.371032,133.998066,172.283227,-9418.149754
2765.371660,57.427742,172.283227,-9360.722011
2765.372288,76.570323,114.855485,-9418.149754
2765.372915,38.285162,114.855485,-9418.149754
2765.373543,133.998066,114.855485,-9418.149754
2765.374170,38.285162,114.855485,-9360.722011
2765.374798,38.285162,172.283227,-9418.149754
2765.375425,76.570323,210.568389,-9418.149754
2765.376053,153.140646,153.140646,-9399.007173
2765.376680,38.285162,114.855485,-9418.149754
2765.377308,76.570323,172.283227,-9418.149754
2765.377936,76.570323,133.998066,-9379.864592
2765.378563,38.285162,114.855485,-9418.149754
2765.379191,38.285162,114.855485,-9456.434915
2765.379818,76.570323,114.855485,-9418.149754
2765.380446,38.285162,114.855485,-9418.149754
2765.381073,38.285162,76.570323,-9379.864592
2765.381701,38.285162,114.855485,-9418.149754
2765.382328,133.998066,114.855485,-9418.149754
2765.382956,38.285162,172.283227,-9418.149754
2765.383583,76.570323,114.855485,-9418.149754
2765.384211,133.998066,172.283227,-9379.864592
2765.384839,133.998066,153.140646,-9418.149754
2765.385466,76.570323,114.855485,-9418.149754
2765.386094,19.142581,114.855485,-9418.149754
2765.386721,133.998066,229.710970,-9418.149754
2765.387349,38.285162,114.855485,-9418.149754
2765.387976,76.570323,114.855485,-9418.149754
2765.388604,95.712904,114.855485,-9418.149754
2765.389231,57.427742,133.998066,-9360.722011
2765.389859,95.712904,76.570323,-9379.864592
2765.390487,133.998066,133.998066,-9399.007173
2765.391114,76.570323,153.140646,-9418.149754
2765.391742,95.712904,153.140646,-9418.149754
2765.392369,57.427742,95.712904,-9399.007173
2765.392997,114.855485,172.283227,-9360.722011
2765.393624,76.570323,114.855485,-9418.149754
2765.394252,38.285162,114.855485,-9418.149754
2765.394879,133.998066,133.998066,-9399.007173
2765.395507,38.285162,172.283227,-9418.149754
2765.396135,57.427742,114.855485,-9418.149754
2765.396762,114.855485,114.855485,-9418.149754
2765.397390,76.570323,114.855485,-9418.149754
2765.398017,38.285162,114.855485,-9418.149754
2765.398645,114.855485,172.283227,-9418.149754
2765.399272,133.998066,114.855485,-9360.722011
2765.399900,133.998066,172.283227,-9418.149754
2765.400527,172.283227,114.855485,-9379.864592
2765.401155,57.427742,95.712904,-9456.434915
2765.401783,76.570323,172.283227,-9418.149754
2765.402410,114.855485,133.998066,-9360.722011
2765.403038,95.712904,38.285162,-9399.007173
2765.403665,0.000000,133.998066,-9360.722011
2765.404293,76.570323,210.568389,-9437.292334
2765.404920,95.712904,172.283227,-9418.149754
2765.405548,95.712904,133.998066,-9360.722011
2765.406175,38.285162,153.140646,-9456.434915
2765.406803,57.427742,133.998066,-9360.722011
2765.407431,57.427742,114.855485,-9418.149754
2765.408058,133.998066,114.855485,-9418.149754
2765.408686,133.998066,114.855485,-9418.149754
2765.409313,76.570323,172.283227,-9456.434915
2765.409941,95.712904,172.283227,-9418.149754
2765.410568,38.285162,153.140646,-9418.149754
2765.411196,133.998066,114.855485,-9418.149754
2765.411823,38.285162,114.855485,-9418.149754
2765.412451,76.570323,114.855485,-9418.149754
2765.413078,95.712904,114.855485,-9456.434915
2765.413706,133.998066,172.283227,-9418.149754
2765.414334,76.570323,172.283227,-9418.149754
2765.414961,153.140646,172.283227,-9399.007173
2765.415589,76.570323,114.855485,-9418.149754
2765.416216,38.285162,153.140646,-9360.722011
2765.416844,76.570323,114.855485,-9437.292334
2765.417471,38.285162,114.855485,-9418.149754
2765.418099,114.855485,191.425808,-9360.722011
2765.418726,133.998066,114.855485,-9418.149754
2765.419354,133.998066,153.140646,-9418.149754
2765.419982,114.855485,191.425808,-9360.722011
2765.420609,95.712904,114.855485,-9418.149754
2765.421237,76.570323,153.140646,-9418.149754
2765.421864,76.570323,172.283227,-9437.292334
2765.422492,95.712904,133.998066,-9360.722011
2765.423119,38.285162,114.855485,-9418.149754
2765.423747,38.285162,114.855485,-9360.722011
2765.424374,95.712904,114.855485,-9418.149754
2765.425002,76.570323,114.855485,-9418.149754
2765.425630,95.712904,133.998066,-9360.722011
2765.426257,95.712904,95.712904,-9456.434915
2765.426885,133.998066,172.283227,-9418.149754
2765.427512,76.570323,114.855485,-9456.434915
2765.428140,133.998066,114.855485,-9418.149754
2765.428767,76.570323,114.855485,-9418.149754
2765.429395,114.855485,114.855485,-9418.149754
2765.430022,76.570323,153.140646,-9360.722011
2765.430650,95.712904,114.855485,-9456.434915
2765.431278,133.998066,172.283227,-9418.149754
2765.431905,114.855485,114.855485,-9399.007173
2765.432533,133.998066,172.283227,-9437.292334
2765.433160,76.570323,153.140646,-9418.149754
2765.433788,95.712904,133.998066,-9360.722011
2765.434415,133.998066,210.568389,-9456.434915
2765.435043,133.998066,114.855485,-9360.722011
2765.435670,133.998066,153.140646,-9399.007173
2765.436298,38.285162,210.568389,-9418.149754
2765.436926,57.427742,114.855485,-9418.149754
2765.437553,133.998066,114.855485,-9418.149754
2765.438181,133.998066,172.283227,-9418.149754
2765.438808,114.855485,133.998066,-9360.722011
2765.439436,76.570323,153.140646,-9418.149754
2765.440063,76.570323,114.855485,-9418.149754
2765.440691,38.285162,114.855485,-9418.149754
2765.441318,95.712904,172.283227,-9360.722011
2765.441946,133.998066,114.855485,-9360.722011
2765.442574,76.570323,172.283227,-9418.149754
2765.443201,95.712904,114.855485,-9418.149754
2765.443829,133.998066,172.283227,-9418.149754
2765.444456,38.285162,114.855485,-9456.434915
2765.445084,95.712904,133.998066,-9360.722011
2765.445711,76.570323,153.140646,-9418.149754
2765.446339,133.998066,153.140646,-9399.007173
2765.446966,76.570323,172.283227,-9418.149754
2765.447594,76.570323,114.855485,-9418.149754
2765.448221,95.712904,133.998066,-9360.722011
2765.448849,95.712904,172.283227,-9418.149754
2765.449477,114.855485,133.998066,-9360.722011
2765.450104,76.570323,133.998066,-9399.007173
2765.450732,114.855485,133.998066,-9360.722011
2765.451359,133.998066,172.283227,-9418.149754
2765.451987,76.570323,114.855485,-9418.149754
2765.452614,114.855485,114.855485,-9379.864592
2765.453242,76.570323,114.855485,-9437.292334
2765.453869,76.570323,114.855485,-9418.149754
2765.454497,76.570323,114.855485,-9418.149754
2765.455124,76.570323,114.855485,-9456.434915
2765.455752,76.570323,114.855485,-9437.292334
2765.456379,57.427742,95.712904,-9399.007173
2765.457007,95.712904,114.855485,-9418.149754
2765.457634,133.998066,114.855485,-9418.149754
2765.458262,133.998066,114.855485,-9418.149754
2765.458889,76.570323,114.855485,-9418.149754
2765.459516,95.712904,172.283227,-9322.436850
2765.460144,153.140646,172.283227,-9456.434915
2765.460771,133.998066,114.855485,-9418.149754
2765.461399,76.570323,153.140646,-9418.149754
2765.462026,114.855485,95.712904,-9437.292334
2765.462654,153.140646,248.853550,-9399.007173
2765.463281,76.570323,191.425808,-9418.149754
2765.463908,76.570323,114.855485,-9437.292334
2765.464536,114.855485,95.712904,-9399.007173
2765.465163,76.570323,114.855485,-9418.149754
2765.465791,76.570323,114.855485,-9360.722011
2765.466418,76.570323,114.855485,-9418.149754
2765.467045,76.570323,114.855485,-9418.149754
2765.467673,172.283227,95.712904,-9437.292334
2765.468300,76.570323,153.140646,-9418.149754
2765.468928,95.712904,153.140646,-9322.436850
2765.469555,133.998066,114.855485,-9418.149754
2765.470183,114.855485,133.998066,-9341.579430
2765.470810,95.712904,114.855485,-9399.007173
2765.471437,114.855485,153.140646,-9360.722011
2765.472065,153.140646,133.998066,-9399.007173
2765.472692,114.855485,114.855485,-9379.864592
2765.473320,133.998066,153.140646,-9418.149754
2765.473947,95.712904,114.855485,-9418.149754
2765.474575,114.855485,133.998066,-9341.579430
2765.475202,76.570323,114.855485,-9418.149754
2765.475829,133.998066,114.855485,-9360.722011
2765.476457,114.855485,153.140646,-9360.722011
2765.477084,95.712904,95.712904,-9399.007173
2765.477712,76.570323,133.998066,-9360.722011
2765.478339,76.570323,76.570323,-9379.864592
2765.478966,95.712904,95.712904,-9399.007173
2765.479594,57.427742,95.712904,-9399.007173
2765.480221,76.570323,114.855485,-9418.149754
2765.480849,38.285162,114.855485,-9418.149754
2765.481476,76.570323,114.855485,-9418.149754
2765.482104,57.427742,172.283227,-9360.722011
2765.482731,133.998066,114.855485,-9418.149754
2765.483358,76.570323,95.712904,-9399.007173
2765.483986,76.570323,153.140646,-9418.149754
2765.484613,38.285162,114.855485,-9360.722011
2765.485241,38.285162,114.855485,-9418.149754
2765.485868,57.427742,133.998066,-9360.722011
2765.486496,95.712904,95.712904,-9456.434915
2765.487123,114.855485,133.998066,-9418.149754
2765.487750,133.998066,153.140646,-9418.149754
2765.488378,76.570323,95.712904,-9456.434915
2765.489005,133.998066,153.140646,-9399.007173
2765.489633,76.570323,153.140646,-9456.434915
2765.490260,76.570323,172.283227,-9418.149754
2765.490887,95.712904,95.712904,-9399.007173
2765.491515,114.855485,153.140646,-9341.579430
2765.492142,133.998066,76.570323,-9379.864592
2765.492770,133.998066,114.855485,-9418.149754
2765.493397,172.283227,76.570323,-9418.149754
2765.494025,153.140646,191.425808,-9399.007173
2765.494652,133.998066,114.855485,-9418.149754
2765.495279,95.712904,133.998066,-9341.579430
2765.495907,114.855485,153.140646,-9360.722011
2765.496534,76.570323,114.855485,-9418.149754
2765.497162,57.427742,114.855485,-9418.149754
2765.497789,133.998066,114.855485,-9418.149754
2765.498417,153.140646,95.712904,-9341.579430
2765.499044,153.140646,210.568389,-9418.149754
2765.499671,133.998066,114.855485,-9418.149754
2765.500299,38.285162,114.855485,-9418.149754
2765.500926,76.570323,114.855485,-9418.149754
2765.501554,76.570323,114.855485,-9418.149754
2765.502181,38.285162,172.283227,-9418.149754
2765.502809,76.570323,114.855485,-9475.577496
2765.503436,76.570323,172.283227,-9418.149754
2765.504063,76.570323,172.283227,-9418.149754
2765.504691,76.570323,133.998066,-9360.722011
2765.505318,38.285162,95.712904,-9399.007173
2765.505946,76.570323,153.140646,-9418.149754
2765.506573,133.998066,153.140646,-9418.149754
2765.507200,76.570323,114.855485,-9418.149754
2765.507828,133.998066,114.855485,-9418.149754
2765.508455,133.998066,191.425808,-9418.149754
2765.509083,38.285162,210.568389,-9418.149754
2765.509710,114.855485,172.283227,-9360.722011
2765.510338,133.998066,133.998066,-9399.007173
2765.510965,133.998066,153.140646,-9437.292334
2765.511592,76.570323,114.855485,-9418.149754
2765.512220,133.998066,153.140646,-9418.149754
2765.512847,76.570323,172.283227,-9418.149754
2765.513475,38.285162,114.855485,-9418.149754
2765.514102,95.712904,114.855485,-9418.149754
2765.514730,76.570323,114.855485,-9418.149754
2765.515357,133.998066,114.855485,-9418.149754
2765.515984,95.712904,114.855485,-9418.149754
2765.516612,210.568389,133.998066,-9437.292334
2765.517239,38.285162,114.855485,-9418.149754
2765.517867,38.285162,114.855485,-9418.149754
2765.518494,95.712904,95.712904,-9399.007173
2765.519121,114.855485,133.998066,-9360.722011
2765.519749,114.855485,95.712904,-9399.007173
2765.520376,133.998066,114.855485,-9418.149754
2765.521004,76.570323,114.855485,-9533.005238
2765.521631,133.998066,133.998066,-9437.292334
2765.522259,76.570323,210.568389,-9418.149754
2765.522886,38.285162,114.855485,-9456.434915
2765.523513,114.855485,133.998066,-9418.149754
2765.524141,153.140646,133.998066,-9399.007173
2765.524768,133.998066,114.855485,-9418.149754
2765.525396,133.998066,133.998066,-9399.007173
2765.526023,133.998066,133.998066,-9379.864592
2765.526651,57.427742,133.998066,-9360.722011
2765.527278,38.285162,191.425808,-9360.722011
2765.527905,38.285162,114.855485,-9418.149754
2765.528533,76.570323,172.283227,-9360.722011
2765.529160,133.998066,172.283227,-9437.292334
2765.529788,76.570323,114.855485,-9418.149754
2765.530415,57.427742,95.712904,-9399.007173
2765.531043,172.283227,114.855485,-9379.864592
2765.531670,38.285162,114.855485,-9418.149754
2765.532297,133.998066,172.283227,-9418.149754
2765.532925,133.998066,114.855485,-9418.149754
2765.533552,38.285162,114.855485,-9437.292334
2765.534180,57.427742,95.712904,-9399.007173
2765.534807,76.570323,114.855485,-9418.149754
2765.535434,133.998066,172.283227,-9418.149754
2765.536062,95.712904,153.140646,-9360.722011
2765.536689,76.570323,114.855485,-9418.149754
2765.537317,76.570323,114.855485,-9360.722011
2765.537944,95.712904,153.140646,-9322.436850
2765.538572,95.712904,133.998066,-9360.722011
2765.539199,57.427742,114.855485,-9418.149754
2765.539826,114.855485,95.712904,-9399.007173
2765.540454,114.855485,95.712904,-9399.007173
2765.541081,38.285162,76.570323,-9379.864592
2765.541709,76.570323,210.568389,-9418.149754
2765.542336,38.285162,153.140646,-9418.149754
2765.542964,38.285162,172.283227,-9418.149754
2765.543591,76.570323,76.570323,-9379.864592
2765.544218,172.283227,114.855485,-9379.864592
2765.544846,133.998066,153.140646,-9399.007173
2765.545473,133.998066,210.568389,-9418.149754
2765.546101,76.570323,114.855485,-9418.149754
2765.546728,133.998066,114.855485,-9418.149754
2765.547355,95.712904,133.998066,-9360.722011
2765.547983,133.998066,114.855485,-9437.292334
2765.548610,133.998066,172.283227,-9456.434915
2765.549238,95.712904,114.855485,-9456.434915
2765.549865,114.855485,172.283227,-9437.292334
2765.550493,38.285162,114.855485,-9360.722011
2765.551120,76.570323,76.570323,-9379.864592
2765.551747,38.285162,114.855485,-9437.292334
2765.552375,38.285162,114.855485,-9418.149754
2765.553002,95.712904,114.855485,-9418.149754
2765.553630,153.140646,133.998066,-9399.007173
2765.554257,76.570323,114.855485,-9418.149754
2765.554885,133.998066,114.855485,-9418.149754
2765.555512,76.570323,114.855485,-9418.149754
2765.556139,133.998066,114.855485,-9418.149754
2765.556767,76.570323,114.855485,-9418.149754
2765.557394,38.285162,153.140646,-9418.149754
2765.558022,57.427742,172.283227,-9418.149754
2765.558649,38.285162,114.855485,-9418.149754
2765.559277,76.570323,114.855485,-9437.292334
2765.559904,76.570323,114.855485,-9437.292334
2765.560531,76.570323,114.855485,-9418.149754
2765.561159,57.427742,133.998066,-9360.722011
2765.561786,38.285162,114.855485,-9360.722011
2765.562414,76.570323,114.855485,-9418.149754
2765.563041,172.283227,114.855485,-9322.436850
2765.563668,153.140646,133.998066,-9456.434915
2765.564296,76.570323,210.568389,-9418.149754
2765.564923,114.855485,133.998066,-9360.722011
2765.565551,95.712904,95.712904,-9399.007173
2765.566178,133.998066,114.855485,-9360.722011
2765.566805,76.570323,172.283227,-9418.149754
2765.567433,172.283227,133.998066,-9418.149754
2765.568060,133.998066,114.855485,-9418.149754
2765.568688,133.998066,114.855485,-9418.149754
2765.569315,76.570323,114.855485,-9418.149754
2765.569942,38.285162,114.855485,-9418.149754
2765.570570,95.712904,191.425808,-9360.722011
2765.571197,133.998066,114.855485,-9418.149754
2765.571825,38.285162,114.855485,-9418.149754
2765.572452,133.998066,114.855485,-9418.149754
2765.573080,133.998066,133.998066,-9399.007173
2765.573707,76.570323,191.425808,-9418.149754
2765.574334,95.712904,153.140646,-9360.722011
2765.574962,95.712904,153.140646,-9437.292334
2765.575589,95.712904,210.568389,-9418.149754
2765.576217,95.712904,95.712904,-9399.007173
2765.576844,76.570323,95.712904,-9399.007173
2765.577471,76.570323,191.425808,-9475.577496
2765.578099,95.712904,229.710970,-9418.149754
2765.578726,57.427742,210.568389,-9360.722011
2765.579354,133.998066,114.855485,-9418.149754
2765.579981,76.570323,114.855485,-9418.149754
2765.580608,133.998066,114.855485,-9418.149754
2765.581236,133.998066,133.998066,-9399.007173
2765.581863,133.998066,133.998066,-9399.007173
2765.582491,114.855485,133.998066,-9360.722011
2765.583118,76.570323,114.855485,-9418.149754
2765.583745,95.712904,133.998066,-9360.722011
2765.584373,114.855485,95.712904,-9399.007173
2765.585000,38.285162,172.283227,-9418.149754
2765.585628,38.285162,210.568389,-9418.149754
2765.586255,57.427742,133.998066,-9360.722011
2765.586883,133.998066,133.998066,-9399.007173
2765.587510,38.285162,114.855485,-9437.292334
2765.588137,95.712904,114.855485,-9360.722011
2765.588765,76.570323,114.855485,-9360.722011
2765.589392,133.998066,114.855485,-9418.149754
2765.590020,76.570323,114.855485,-9418.149754
2765.590647,114.855485,133.998066,-9360.722011
2765.591274,76.570323,114.855485,-9418.149754
2765.591902,95.712904,114.855485,-9322.436850
2765.592529,114.855485,191.425808,-9360.722011
2765.593157,95.712904,153.140646,-9284.151688
2765.593784,38.285162,172.283227,-9418.149754
2765.594411,133.998066,153.140646,-9456.434915
2765.595039,210.568389,191.425808,-9437.292334
2765.595666,153.140646,114.855485,-9418.149754
2765.596294,76.570323,114.855485,-9418.149754
2765.596921,76.570323,114.855485,-9418.149754
2765.597548,57.427742,95.712904,-9399.007173
2765.598176,133.998066,114.855485,-9418.149754
2765.598803,133.998066,114.855485,-9418.149754
2765.599431,153.140646,133.998066,-9437.292334
2765.600058,153.140646,153.140646,-9399.007173
2765.600686,133.998066,172.283227,-9418.149754
2765.601313,38.285162,114.855485,-9418.149754
2765.601940,76.570323,114.855485,-9418.149754
2765.602568,133.998066,114.855485,-9456.434915
2765.603195,153.140646,133.998066,-9399.007173
2765.603823,76.570323,133.998066,-9360.722011
2765.604450,57.427742,95.712904,-9399.007173
2765.605077,114.855485,95.712904,-9456.434915
2765.605705,114.855485,114.855485,-9379.864592
2765.606332,76.570323,114.855485,-9418.149754
2765.606960,76.570323,153.140646,-9418.149754
2765.607587,172.283227,114.855485,-9322.436850
2765.608214,153.140646,133.998066,-9399.007173
2765.608842,76.570323,114.855485,-9475.577496
2765.609469,38.285162,153.140646,-9456.434915
2765.610097,133.998066,114.855485,-9418.149754
2765.610724,95.712904,133.998066,-9360.722011
2765.611351,95.712904,133.998066,-9360.722011
2765.611979,153.140646,172.283227,-9399.007173
2765.612606,76.570323,114.855485,-9418.149754
2765.613234,76.570323,114.855485,-9418.149754
2765.613861,57.427742,133.998066,-9360.722011
2765.614489,114.855485,133.998066,-9284.151688
2765.615116,76.570323,114.855485,-9418.149754
2765.615743,57.427742,153.140646,-9360.722011
2765.616371,133.998066,153.140646,-9437.292334
2765.616998,76.570323,114.855485,-9418.149754
2765.617626,38.285162,114.855485,-9418.149754
2765.618253,133.998066,114.855485,-9437.292334
2765.618880,114.855485,172.283227,-9418.149754
2765.619508,133.998066,172.283227,-9418.149754
2765.620135,38.285162,172.283227,-9418.149754
2765.620763,38.285162,172.283227,-9418.149754
2765.621390,133.998066,153.140646,-9437.292334
2765.622017,76.570323,114.855485,-9418.149754
2765.622645,114.855485,133.998066,-9360.722011
2765.623272,95.712904,153.140646,-9360.722011
2765.623900,133.998066,114.855485,-9418.149754
2765.624527,133.998066,114.855485,-9418.149754
2765.625154,95.712904,133.998066,-9360.722011
2765.625782,76.570323,114.855485,-9418.149754
2765.626409,57.427742,133.998066,-9360.722011
2765.627037,76.570323,210.568389,-9437.292334
2765.627664,57.427742,153.140646,-9360.722011
2765.628292,114.855485,133.998066,-9360.722011
2765.628919,153.140646,153.140646,-9399.007173
2765.629546,38.285162,210.568389,-9418.149754
2765.630174,76.570323,114.855485,-9437.292334
2765.630801,76.570323,172.283227,-9418.149754
2765.631429,133.998066,114.855485,-9418.149754
2765.632056,133.998066,114.855485,-9418.149754
2765.632683,76.570323,172.283227,-9418.149754
2765.633311,19.142581,172.283227,-9418.149754
2765.633938,114.855485,248.853550,-9360.722011
2765.634566,114.855485,114.855485,-9379.864592
2765.635193,133.998066,114.855485,-9418.149754
2765.635820,95.712904,133.998066,-9360.722011
2765.636448,76.570323,114.855485,-9418.149754
2765.637075,76.570323,172.283227,-9418.149754
2765.637703,133.998066,172.283227,-9418.149754
2765.638330,114.855485,114.855485,-9379.864592
2765.638957,76.570323,172.283227,-9418.149754
2765.639585,57.427742,133.998066,-9360.722011
2765.640212,114.855485,95.712904,-9399.007173
2765.640840,76.570323,114.855485,-9418.149754
2765.641467,114.855485,133.998066,-9360.722011
2765.642095,76.570323,153.140646,-9418.149754
2765.642722,95.712904,114.855485,-9418.149754
2765.643349,133.998066,153.140646,-9418.149754
2765.643977,153.140646,114.855485,-9418.149754
2765.644604,133.998066,172.283227,-9418.149754
2765.645232,133.998066,114.855485,-9360.722011
2765.645859,133.998066,114.855485,-9418.149754
2765.646486,153.140646,133.998066,-9399.007173
2765.647114,114.855485,133.998066,-9360.722011
2765.647741,133.998066,114.855485,-9456.434915
2765.648369,38.285162,114.855485,-9418.149754
2765.648996,76.570323,114.855485,-9418.149754
2765.649623,76.570323,114.855485,-9418.149754
2765.650251,133.998066,114.855485,-9418.149754
2765.650878,95.712904,114.855485,-9418.149754
2765.651506,133.998066,114.855485,-9418.149754
2765.652133,38.285162,114.855485,-9418.149754
2765.652760,133.998066,172.283227,-9418.149754
2765.653388,76.570323,114.855485,-9418.149754
2765.654015,133.998066,153.140646,-9418.149754
2765.654643,133.998066,114.855485,-9418.149754
2765.655270,133.998066,153.140646,-9418.149754
2765.655898,76.570323,172.283227,-9418.149754
2765.656525,76.570323,229.710970,-9418.149754
2765.657152,133.998066,210.568389,-9418.149754
2765.657780,114.855485,172.283227,-9360.722011
2765.658407,133.998066,114.855485,-9418.149754
2765.659035,133.998066,191.425808,-9399.007173
2765.659662,114.855485,133.998066,-9360.722011
2765.660289,114.855485,191.425808,-9360.722011
2765.660917,38.285162,153.140646,-9418.149754
2765.661544,133.998066,210.568389,-9418.149754
2765.662171,76.570323,210.568389,-9418.149754
2765.662799,57.427742,133.998066,-9418.149754
2765.663426,57.427742,95.712904,-9399.007173
2765.664054,153.140646,133.998066,-9399.007173
2765.664681,95.712904,133.998066,-9360.722011
2765.665308,153.140646,133.998066,-9399.007173
2765.665936,95.712904,133.998066,-9360.722011
2765.666563,57.427742,153.140646,-9360.722011
2765.667190,95.712904,133.998066,-9360.722011
2765.667818,76.570323,191.425808,-9360.722011
2765.668445,153.140646,133.998066,-9399.007173
2765.669072,95.712904,114.855485,-9418.149754
2765.669700,95.712904,133.998066,-9360.722011
2765.670327,133.998066,210.568389,-9360.722011
2765.670955,133.998066,153.140646,-9399.007173
2765.671582,76.570323,191.425808,-9437.292334
2765.672209,76.570323,153.140646,-9456.434915
2765.672837,76.570323,114.855485,-9418.149754
2765.673464,172.283227,76.570323,-9418.149754
2765.674091,133.998066,191.425808,-9399.007173
2765.674719,114.855485,95.712904,-9399.007173
2765.675346,76.570323,114.855485,-9418.149754
2765.675973,76.570323,114.855485,-9418.149754
2765.676601,76.570323,114.855485,-9437.292334
2765.677228,76.570323,153.140646,-9418.149754
2765.677856,133.998066,114.855485,-9418.149754
2765.678483,38.285162,95.712904,-9456.434915
2765.679110,57.427742,133.998066,-9360.722011
2765.679738,133.998066,114.855485,-9418.149754
2765.680365,38.285162,76.570323,-9379.864592
2765.680992,38.285162,210.568389,-9418.149754
2765.681620,38.285162,114.855485,-9418.149754
2765.682247,57.427742,95.712904,-9399.007173
2765.682874,38.285162,114.855485,-9418.149754
2765.683502,38.285162,114.855485,-9418.149754
2765.684129,76.570323,114.855485,-9418.149754
2765.684756,95.712904,133.998066,-9360.722011
2765.685384,57.427742,95.712904,-9399.007173
2765.686011,95.712904,133.998066,-9360.722011
2765.686639,57.427742,210.568389,-9418.149754
2765.687266,95.712904,133.998066,-9341.579430
2765.687893,133.998066,172.283227,-9456.434915
2765.688521,76.570323,172.283227,-9418.149754
2765.689148,76.570323,114.855485,-9456.434915
2765.689775,153.140646,133.998066,-9399.007173
2765.690403,114.855485,153.140646,-9379.864592
2765.691030,76.570323,172.283227,-9360.722011
2765.691657,57.427742,95.712904,-9399.007173
2765.692285,76.570323,172.283227,-9418.149754
2765.692912,76.570323,114.855485,-9418.149754
2765.693540,38.285162,114.855485,-9418.149754
2765.694167,38.285162,153.140646,-9360.722011
2765.694794,38.285162,114.855485,-9360.722011
2765.695422,76.570323,153.140646,-9418.149754
2765.696049,76.570323,114.855485,-9418.149754
2765.696676,76.570323,114.855485,-9418.149754
2765.697304,133.998066,114.855485,-9418.149754
2765.697931,38.285162,114.855485,-9418.149754
2765.698558,76.570323,114.855485,-9418.149754
2765.699186,133.998066,153.140646,-9418.149754
2765.699813,95.712904,95.712904,-9399.007173
2765.700441,95.712904,172.283227,-9360.722011
2765.701068,95.712904,133.998066,-9360.722011
2765.701695,133.998066,153.140646,-9418.149754
2765.702323,95.712904,133.998066,-9360.722011
2765.702950,133.998066,114.855485,-9418.149754
2765.703577,133.998066,114.855485,-9456.434915
2765.704205,133.998066,172.283227,-9379.864592
2765.704832,95.712904,114.855485,-9418.149754
2765.705459,133.998066,172.283227,-9418.149754
2765.706087,76.570323,114.855485,-9418.149754
2765.706714,172.283227,114.855485,-9322.436850
2765.707342,133.998066,114.855485,-9418.149754
2765.707969,172.283227,76.570323,-9360.722011
2765.708596,133.998066,210.568389,-9360.722011
2765.709224,76.570323,114.855485,-9418.149754
2765.709851,95.712904,133.998066,-9360.722011
2765.710478,95.712904,114.855485,-9418.149754
2765.711106,95.712904,133.998066,-9360.722011
2765.711733,95.712904,133.998066,-9418.149754
2765.712360,133.998066,76.570323,-9379.864592
2765.712988,57.427742,95.712904,-9399.007173
2765.713615,95.712904,153.140646,-9360.722011
2765.714242,133.998066,153.140646,-9456.434915
2765.714870,133.998066,172.283227,-9418.149754
2765.715497,38.285162,153.140646,-9418.149754
2765.716125,133.998066,114.855485,-9418.149754
2765.716752,133.998066,172.283227,-9418.149754
2765.717379,38.285162,114.855485,-9418.149754
2765.718007,133.998066,133.998066,-9399.007173
2765.718634,133.998066,133.998066,-9399.007173
2765.719261,76.570323,114.855485,-9418.149754
2765.719889,95.712904,133.998066,-9341.579430
2765.720516,95.712904,114.855485,-9418.149754
2765.721143,57.427742,114.855485,-9418.149754
2765.721771,76.570323,172.283227,-9418.149754
2765.722398,133.998066,172.283227,-9360.722011
2765.723026,133.998066,210.568389,-9418.149754
2765.723653,133.998066,210.568389,-9360.722011
2765.724280,95.712904,133.998066,-9360.722011
2765.724908,153.140646,133.998066,-9399.007173
2765.725535,172.283227,76.570323,-9418.149754
2765.726162,76.570323,172.283227,-9418.149754
2765.726790,133.998066,172.283227,-9379.864592
2765.727417,172.283227,114.855485,-9379.864592
2765.728044,76.570323,153.140646,-9418.149754
2765.728672,76.570323,114.855485,-9456.434915
2765.729299,76.570323,114.855485,-9418.149754
2765.729927,38.285162,114.855485,-9418.149754
2765.730554,57.427742,133.998066,-9341.579430
2765.731181,95.712904,153.140646,-9360.722011
2765.731809,57.427742,133.998066,-9360.722011
2765.732436,133.998066,114.855485,-9418.149754
2765.733063,76.570323,210.568389,-9456.434915
2765.733691,76.570323,153.140646,-9418.149754
2765.734318,95.712904,133.998066,-9360.722011
2765.734945,95.712904,114.855485,-9418.149754
2765.735573,95.712904,153.140646,-9360.722011
2765.736200,95.712904,133.998066,-9360.722011
2765.736828,95.712904,153.140646,-9360.722011
2765.737455,38.285162,114.855485,-9418.149754
2765.738082,76.570323,114.855485,-9418.149754
2765.738710,38.285162,210.568389,-9418.149754
2765.739337,76.570323,172.283227,-9418.149754
2765.739964,76.570323,114.855485,-9437.292334
2765.740592,76.570323,95.712904,-9456.434915
2765.741219,153.140646,133.998066,-9456.434915
2765.741846,76.570323,191.425808,-9418.149754
2765.742474,114.855485,172.283227,-9399.007173
2765.743101,133.998066,114.855485,-9418.149754
2765.743728,114.855485,133.998066,-9360.722011
2765.744356,95.712904,133.998066,-9360.722011
2765.744983,76.570323,172.283227,-9418.149754
2765.745611,38.285162,153.140646,-9418.149754
2765.746238,133.998066,114.855485,-9418.149754
2765.746865,133.998066,153.140646,-9418.149754
2765.747493,114.855485,133.998066,-9360.722011
2765.748120,76.570323,114.855485,-9418.149754
2765.748747,114.855485,133.998066,-9360.722011
2765.749375,38.285162,114.855485,-9418.149754
2765.750002,76.570323,114.855485,-9360.722011
2765.750629,57.427742,133.998066,-9360.722011
2765.751257,114.855485,153.140646,-9341.579430
2765.751884,133.998066,114.855485,-9418.149754
2765.752512,133.998066,114.855485,-9418.149754
2765.753139,95.712904,133.998066,-9341.579430
2765.753766,38.285162,114.855485,-9418.149754
2765.754394,76.570323,114.855485,-9418.149754
2765.755021,57.427742,133.998066,-9360.722011
2765.755648,133.998066,153.140646,-9418.149754
2765.756276,38.285162,172.283227,-9437.292334
2765.756903,95.712904,133.998066,-9360.722011
2765.757531,76.570323,153.140646,-9418.149754
2765.758158,114.855485,172.283227,-9341.579430
2765.758786,76.570323,133.998066,-9360.722011
2765.759413,133.998066,114.855485,-9418.149754
2765.760041,114.855485,95.712904,-9456.434915
2765.760668,95.712904,95.712904,-9399.007173
2765.761296,172.283227,153.140646,-9379.864592
2765.761923,76.570323,114.855485,-9418.149754
2765.762551,76.570323,114.855485,-9418.149754
2765.763178,76.570323,114.855485,-9418.149754
2765.763806,153.140646,133.998066,-9399.007173
2765.764433,114.855485,133.998066,-9360.722011
2765.765060,133.998066,114.855485,-9418.149754
2765.765688,153.140646,153.140646,-9418.149754
2765.766315,133.998066,114.855485,-9418.149754
2765.766943,76.570323,114.855485,-9418.149754
2765.767570,76.570323,114.855485,-9418.149754
2765.768198,76.570323,95.712904,-9399.007173
2765.768825,95.712904,191.425808,-9360.722011
2765.769453,76.570323,153.140646,-9360.722011
2765.770080,57.427742,114.855485,-9418.149754
2765.770708,38.285162,114.855485,-9418.149754
2765.771335,95.712904,95.712904,-9399.007173
2765.771963,19.142581,114.855485,-9418.149754
2765.772590,57.427742,133.998066,-9360.722011
2765.773218,133.998066,133.998066,-9399.007173
2765.773845,57.427742,95.712904,-9399.007173
2765.774473,172.283227,114.855485,-9379.864592
2765.775100,114.855485,172.283227,-9437.292334
2765.775728,76.570323,210.568389,-9418.149754
2765.776355,95.712904,210.568389,-9418.149754
2765.776982,76.570323,133.998066,-9360.722011
2765.777610,133.998066,114.855485,-9418.149754
2765.778237,95.712904,114.855485,-9418.149754
2765.778865,153.140646,133.998066,-9399.007173
2765.779492,95.712904,95.712904,-9399.007173
2765.780120,114.855485,95.712904,-9399.007173
2765.780747,114.855485,133.998066,-9360.722011
2765.781375,114.855485,172.283227,-9360.722011
2765.782002,76.570323,210.568389,-9418.149754
2765.782630,133.998066,191.425808,-9360.722011
2765.783257,57.427742,191.425808,-9360.722011
2765.783885,114.855485,114.855485,-9399.007173
2765.784512,76.570323,172.283227,-9418.149754
2765.785140,133.998066,172.283227,-9437.292334
2765.785767,76.570323,153.140646,-9418.149754
2765.786395,38.285162,114.855485,-9418.149754
2765.787022,95.712904,114.855485,-9437.292334
2765.787650,38.285162,153.140646,-9437.292334
2765.788277,38.285162,114.855485,-9418.149754
2765.788904,114.855485,95.712904,-9399.007173
2765.789532,133.998066,114.855485,-9418.149754
2765.790159,95.712904,114.855485,-9418.149754
2765.790787,38.285162,114.855485,-9418.149754
2765.791414,76.570323,114.855485,-9418.149754
2765.792042,76.570323,114.855485,-9437.292334
2765.792669,95.712904,114.855485,-9418.149754
2765.793297,153.140646,133.998066,-9437.292334
2765.793924,57.427742,114.855485,-9418.149754
2765.794552,38.285162,114.855485,-9418.149754
2765.795179,38.285162,210.568389,-9418.149754
2765.795807,95.712904,210.568389,-9418.149754
2765.796434,76.570323,114.855485,-9418.149754
2765.797062,57.427742,172.283227,-9341.579430
2765.797689,114.855485,191.425808,-9360.722011
2765.798317,114.855485,172.283227,-9360.722011
2765.798944,95.712904,95.712904,-9399.007173
2765.799572,114.855485,95.712904,-9456.434915
2765.800199,133.998066,133.998066,-9399.007173
2765.800826,114.855485,95.712904,-9399.007173
2765.801454,114.855485,114.855485,-9379.864592
2765.802081,38.285162,114.855485,-9418.149754
2765.802709,38.285162,153.140646,-9360.722011
2765.803336,76.570323,114.855485,-9418.149754
2765.803964,95.712904,191.425808,-9360.722011
2765.804591,76.570323,114.855485,-9418.149754
2765.805219,133.998066,114.855485,-9418.149754
2765.805846,153.140646,133.998066,-9399.007173
2765.806474,114.855485,133.998066,-9360.722011
2765.807101,57.427742,95.712904,-9399.007173
2765.807729,38.285162,114.855485,-9456.434915
2765.808356,133.998066,153.140646,-9418.149754
2765.808984,133.998066,133.998066,-9399.007173
2765.809611,57.427742,153.140646,-9360.722011
2765.810239,133.998066,114.855485,-9418.149754
2765.810866,95.712904,153.140646,-9360.722011
2765.811494,95.712904,114.855485,-9399.007173
2765.812121,95.712904,153.140646,-9360.722011
2765.812748,57.427742,172.283227,-9360.722011
2765.813376,38.285162,172.283227,-9418.149754
2765.814003,95.712904,172.283227,-9360.722011
2765.814631,76.570323,133.998066,-9360.722011
2765.815258,95.712904,172.283227,-9360.722011
2765.815886,76.570323,76.570323,-9379.864592
2765.816513,133.998066,114.855485,-9418.149754
2765.817141,95.712904,133.998066,-9360.722011
2765.817768,133.998066,172.283227,-9418.149754
2765.818396,76.570323,210.568389,-9418.149754
2765.819023,133.998066,172.283227,-9418.149754
2765.819651,76.570323,114.855485,-9437.292334
2765.820278,133.998066,172.283227,-9418.149754
2765.820906,76.570323,210.568389,-9456.434915
2765.821533,153.140646,172.283227,-9418.149754
2765.822161,153.140646,172.283227,-9437.292334
2765.822788,95.712904,153.140646,-9360.722011
2765.823416,114.855485,153.140646,-9379.864592
2765.824043,38.285162,76.570323,-9379.864592
2765.824670,57.427742,114.855485,-9418.149754
2765.825298,95.712904,153.140646,-9437.292334
2765.825925,153.140646,133.998066,-9399.007173
2765.826553,95.712904,153.140646,-9360.722011
2765.827180,114.855485,133.998066,-9360.722011
2765.827808,38.285162,172.283227,-9418.149754
2765.828435,95.712904,153.140646,-9418.149754
2765.829063,76.570323,114.855485,-9437.292334
2765.829690,133.998066,114.855485,-9418.149754
2765.830318,133.998066,172.283227,-9418.149754
2765.830945,76.570323,114.855485,-9418.149754
2765.831573,95.712904,133.998066,-9322.436850
2765.832200,95.712904,153.140646,-9360.722011
2765.832828,76.570323,153.140646,-9360.722011
2765.833455,76.570323,114.855485,-9418.149754
2765.834083,76.570323,172.283227,-9418.149754
2765.834710,76.570323,210.568389,-9418.149754
2765.835338,133.998066,114.855485,-9418.149754
2765.835965,38.285162,114.855485,-9437.292334
2765.836592,76.570323,210.568389,-9418.149754
2765.837220,95.712904,95.712904,-9399.007173
2765.837847,210.568389,153.140646,-9399.007173
2765.838475,133.998066,153.140646,-9418.149754
2765.839102,133.998066,172.283227,-9437.292334
2765.839730,76.570323,153.140646,-9418.149754
2765.840357,95.712904,133.998066,-9360.722011
2765.840985,57.427742,133.998066,-9360.722011
2765.841612,95.712904,133.998066,-9360.722011
2765.842240,114.855485,38.285162,-9399.007173
2765.842867,95.712904,95.712904,-9456.434915
2765.843495,95.712904,95.712904,-9399.007173
2765.844122,76.570323,172.283227,-9418.149754
2765.844750,76.570323,114.855485,-9418.149754
2765.845377,133.998066,153.140646,-9418.149754
2765.846005,133.998066,114.855485,-9418.149754
2765.846632,133.998066,153.140646,-9418.149754
2765.847260,76.570323,153.140646,-9418.149754
2765.847887,38.285162,76.570323,-9379.864592
2765.848515,114.855485,172.283227,-9360.722011
2765.849142,95.712904,153.140646,-9341.579430
2765.849769,76.570323,153.140646,-9418.149754
2765.850397,76.570323,172.283227,-9418.149754
2765.851024,114.855485,133.998066,-9360.722011
2765.851652,57.427742,153.140646,-9437.292334
2765.852279,95.712904,172.283227,-9418.149754
2765.852907,95.712904,153.140646,-9360.722011
2765.853534,38.285162,114.855485,-9418.149754
2765.854162,133.998066,172.283227,-9418.149754
2765.854789,153.140646,114.855485,-9418.149754
2765.855417,114.855485,133.998066,-9360.722011
2765.856044,76.570323,76.570323,-9322.436850
2765.856672,133.998066,114.855485,-9418.149754
2765.857299,76.570323,191.425808,-9418.149754
2765.857927,172.283227,114.855485,-9379.864592
2765.858554,133.998066,172.283227,-9418.149754
2765.859182,76.570323,210.568389,-9437.292334
2765.859809,133.998066,153.140646,-9437.292334
2765.860437,114.855485,133.998066,-9360.722011
2765.861064,153.140646,133.998066,-9399.007173
2765.861691,172.283227,210.568389,-9379.864592
2765.862319,133.998066,191.425808,-9399.007173
2765.862946,133.998066,114.855485,-9418.149754
2765.863574,76.570323,153.140646,-9418.149754
2765.864201,133.998066,133.998066,-9399.007173
2765.864828,133.998066,114.855485,-9418.149754
2765.865456,114.855485,153.140646,-9360.722011
2765.866083,76.570323,172.283227,-9418.149754
2765.866711,95.712904,114.855485,-9437.292334
2765.867338,133.998066,210.568389,-9418.149754
2765.867966,76.570323,114.855485,-9418.149754
2765.868593,95.712904,133.998066,-9360.722011
2765.869220,76.570323,114.855485,-9418.149754
2765.869848,153.140646,114.855485,-9360.722011
2765.870475,76.570323,172.283227,-9418.149754
2765.871103,76.570323,229.710970,-9418.149754
2765.871730,133.998066,114.855485,-9418.149754
2765.872357,133.998066,114.855485,-9360.722011
2765.872985,57.427742,153.140646,-9360.722011
2765.873612,76.570323,114.855485,-9418.149754
2765.874240,76.570323,210.568389,-9418.149754
2765.874867,172.283227,133.998066,-9360.722011
2765.875495,76.570323,114.855485,-9418.149754
2765.876122,38.285162,153.140646,-9360.722011
2765.876749,95.712904,172.283227,-9418.149754
2765.877377,76.570323,114.855485,-9418.149754
2765.878004,76.570323,114.855485,-9456.434915
2765.878632,76.570323,114.855485,-9418.149754
2765.879259,133.998066,114.855485,-9418.149754
2765.879886,133.998066,191.425808,-9418.149754
2765.880514,133.998066,229.710970,-9418.149754
2765.881141,76.570323,210.568389,-9437.292334
2765.881769,76.570323,114.855485,-9418.149754
2765.882396,38.285162,153.140646,-9418.149754
2765.883023,38.285162,114.855485,-9418.149754
2765.883651,133.998066,172.283227,-9456.434915
2765.884278,76.570323,114.855485,-9418.149754
2765.884906,38.285162,172.283227,-9418.149754
2765.885533,133.998066,153.140646,-9379.864592
2765.886161,76.570323,210.568389,-9418.149754
2765.886788,114.855485,133.998066,-9360.722011
2765.887415,133.998066,133.998066,-9399.007173
2765.888043,38.285162,114.855485,-9360.722011
2765.888670,133.998066,114.855485,-9418.149754
2765.889298,133.998066,210.568389,-9418.149754
2765.889925,95.712904,191.425808,-9360.722011
2765.890552,76.570323,114.855485,-9418.149754
2765.891180,76.570323,172.283227,-9418.149754
2765.891807,153.140646,133.998066,-9437.292334
2765.892435,76.570323,172.283227,-9418.149754
2765.893062,38.285162,210.568389,-9360.722011
2765.893690,133.998066,153.140646,-9494.720077
2765.894317,38.285162,153.140646,-9418.149754
2765.894944,153.140646,153.140646,-9399.007173
2765.895572,133.998066,153.140646,-9399.007173
2765.896199,38.285162,114.855485,-9418.149754
2765.896827,76.570323,114.855485,-9494.720077
2765.897454,76.570323,172.283227,-9418.149754
2765.898081,133.998066,114.855485,-9418.149754
2765.898709,38.285162,114.855485,-9418.149754
2765.899336,133.998066,172.283227,-9437.292334
2765.899964,38.285162,153.140646,-9418.149754
2765.900591,38.285162,114.855485,-9418.149754
2765.901219,57.427742,133.998066,-9360.722011
2765.901846,76.570323,114.855485,-9418.149754
2765.902473,133.998066,114.855485,-9418.149754
2765.903101,114.855485,133.998066,-9360.722011
2765.903728,76.570323,172.283227,-9418.149754
2765.904356,95.712904,153.140646,-9418.149754
2765.904983,133.998066,153.140646,-9360.722011
2765.905610,76.570323,153.140646,-9437.292334
2765.906238,76.570323,114.855485,-9418.149754
2765.906865,76.570323,114.855485,-9418.149754
2765.907493,95.712904,95.712904,-9399.007173
2765.908120,133.998066,114.855485,-9418.149754
2765.908747,76.570323,114.855485,-9418.149754
2765.909375,95.712904,133.998066,-9341.579430
2765.910002,133.998066,114.855485,-9360.722011
2765.910630,0.000000,248.853550,-9341.579430
2765.911257,19.142581,114.855485,-9418.149754
2765.911885,76.570323,76.570323,-9322.436850
2765.912512,76.570323,114.855485,-9418.149754
2765.913139,19.142581,153.140646,-9418.149754
2765.913767,114.855485,133.998066,-9360.722011
2765.914394,76.570323,133.998066,-9360.722011
2765.915022,76.570323,114.855485,-9360.722011
2765.915649,76.570323,114.855485,-9418.149754
2765.916276,76.570323,114.855485,-9360.722011
2765.916904,133.998066,133.998066,-9379.864592
2765.917531,57.427742,133.998066,-9418.149754
2765.918159,133.998066,114.855485,-9437.292334
2765.918786,172.283227,76.570323,-9418.149754
2765.919414,114.855485,95.712904,-9399.007173
2765.920041,38.285162,133.998066,-9360.722011
2765.920668,76.570323,114.855485,-9360.722011
2765.921296,76.570323,172.283227,-9418.149754
2765.921923,76.570323,114.855485,-9418.149754
2765.922551,95.712904,95.712904,-9399.007173
2765.923178,38.285162,114.855485,-9418.149754
2765.923805,76.570323,114.855485,-9418.149754
2765.924433,38.285162,114.855485,-9418.149754
2765.925060,133.998066,153.140646,-9418.149754
2765.925688,76.570323,172.283227,-9418.149754
2765.926315,133.998066,172.283227,-9418.149754
2765.926942,38.285162,114.855485,-9418.149754
2765.927570,57.427742,133.998066,-9360.722011
2765.928197,38.285162,114.855485,-9418.149754
2765.928825,76.570323,172.283227,-9418.149754
2765.929452,95.712904,114.855485,-9437.292334
2765.930080,76.570323,114.855485,-9418.149754
2765.930707,57.427742,133.998066,-9360.722011
2765.931334,38.285162,153.140646,-9418.149754
2765.931962,133.998066,114.855485,-9418.149754
2765.932589,133.998066,153.140646,-9418.149754
2765.933217,153.140646,133.998066,-9379.864592
2765.933844,114.855485,95.712904,-9399.007173
2765.934471,95.712904,133.998066,-9360.722011
2765.935099,114.855485,114.855485,-9418.149754
2765.935726,114.855485,76.570323,-9418.149754
2765.936354,114.855485,133.998066,-9360.722011
2765.936981,76.570323,114.855485,-9437.292334
2765.937609,76.570323,95.712904,-9399.007173
2765.938236,76.570323,172.283227,-9418.149754
2765.938863,76.570323,153.140646,-9418.149754
2765.939491,76.570323,153.140646,-9437.292334
2765.940118,114.855485,133.998066,-9360.722011
2765.940746,76.570323,114.855485,-9456.434915
2765.941373,114.855485,95.712904,-9399.007173
2765.942000,76.570323,172.283227,-9437.292334
2765.942628,38.285162,172.283227,-9418.149754
2765.943255,38.285162,114.855485,-9418.149754
2765.943883,133.998066,172.283227,-9418.149754
2765.944510,133.998066,114.855485,-9418.149754
2765.945138,133.998066,172.283227,-9418.149754
2765.945765,114.855485,172.283227,-9360.722011
2765.946392,172.283227,153.140646,-9379.864592
2765.947020,133.998066,114.855485,-9437.292334
2765.947647,133.998066,114.855485,-9437.292334
2765.948275,133.998066,76.570323,-9379.864592
2765.948902,76.570323,95.712904,-9399.007173
2765.949529,57.427742,133.998066,-9360.722011
2765.950157,57.427742,95.712904,-9379.864592
2765.950784,133.998066,76.570323,-9379.864592
2765.951412,114.855485,133.998066,-9360.722011
2765.952039,76.570323,114.855485,-9418.149754
2765.952666,76.570323,114.855485,-9418.149754
2765.953294,95.712904,153.140646,-9360.722011
2765.953921,38.285162,210.568389,-9360.722011
2765.954549,76.570323,114.855485,-9418.149754
2765.955176,95.712904,133.998066,-9360.722011
2765.955804,95.712904,95.712904,-9399.007173
2765.956431,38.285162,172.283227,-9456.434915
2765.957058,133.998066,172.283227,-9418.149754
2765.957686,38.285162,153.140646,-9418.149754
2765.958313,76.570323,114.855485,-9418.149754
2765.958941,133.998066,153.140646,-9360.722011
2765.959568,133.998066,114.855485,-9418.149754
2765.960195,76.570323,172.283227,-9418.149754
2765.960823,95.712904,153.140646,-9360.722011
2765.961450,38.285162,172.283227,-9418.149754
2765.962078,95.712904,133.998066,-9360.722011
2765.962705,76.570323,114.855485,-9418.149754
2765.963333,76.570323,172.283227,-9456.434915
2765.963960,95.712904,76.570323,-9379.864592
2765.964588,76.570323,114.855485,-9418.149754
2765.965215,57.427742,95.712904,-9399.007173
2765.965843,76.570323,114.855485,-9418.149754
2765.966470,95.712904,191.425808,-9360.722011
2765.967098,38.285162,153.140646,-9437.292334
2765.967725,76.570323,172.283227,-9418.149754
2765.968352,95.712904,153.140646,-9360.722011
2765.968980,133.998066,114.855485,-9456.434915
2765.969607,95.712904,172.283227,-9360.722011
2765.970235,76.570323,172.283227,-9418.149754
2765.970862,172.283227,114.855485,-9379.864592
2765.971490,38.285162,153.140646,-9456.434915
2765.972117,95.712904,172.283227,-9360.722011
2765.972745,133.998066,153.140646,-9437.292334
2765.973372,76.570323,114.855485,-9418.149754
2765.974000,172.283227,172.283227,-9360.722011
2765.974627,76.570323,114.855485,-9418.149754
2765.975255,76.570323,114.855485,-9418.149754
2765.975882,76.570323,114.855485,-9418.149754
2765.976510,76.570323,114.855485,-9418.149754
2765.977137,76.570323,114.855485,-9418.149754
2765.977765,57.427742,95.712904,-9456.434915
2765.978392,133.998066,210.568389,-9418.149754
2765.979020,114.855485,248.853550,-9360.722011
2765.979647,133.998066,114.855485,-9418.149754
2765.980274,133.998066,114.855485,-9437.292334
2765.980902,95.712904,95.712904,-9399.007173
2765.981529,38.285162,114.855485,-9418.149754
2765.982157,114.855485,95.712904,-9399.007173
2765.982784,114.855485,133.998066,-9360.722011
2765.983412,133.998066,114.855485,-9418.149754
2765.984039,133.998066,229.710970,-9418.149754
2765.984667,76.570323,133.998066,-9360.722011
2765.985294,114.855485,95.712904,-9399.007173
2765.985922,172.283227,133.998066,-9360.722011
2765.986549,76.570323,114.855485,-9418.149754
2765.987177,133.998066,114.855485,-9418.149754
2765.987804,95.712904,95.712904,-9399.007173
2765.988432,76.570323,114.855485,-9437.292334
2765.989059,38.285162,153.140646,-9456.434915
2765.989687,95.712904,114.855485,-9418.149754
2765.990314,38.285162,172.283227,-9418.149754
2765.990941,114.855485,133.998066,-9360.722011
2765.991569,76.570323,172.283227,-9418.149754
2765.992196,38.285162,114.855485,-9418.149754
2765.992824,76.570323,114.855485,-9418.149754
2765.993451,76.570323,114.855485,-9418.149754
2765.994079,76.570323,114.855485,-9418.149754
2765.994706,153.140646,133.998066,-9379.864592
2765.995334,153.140646,76.570323,-9379.864592
2765.995961,172.283227,172.283227,-9379.864592
2765.996589,76.570323,172.283227,-9418.149754
2765.997216,133.998066,114.855485,-9418.149754
2765.997844,76.570323,76.570323,-9379.864592
2765.998471,95.712904,114.855485,-9418.149754
2765.999099,95.712904,133.998066,-9360.722011
2765.999726,95.712904,172.283227,-9360.722011
2766.000354,133.998066,114.855485,-9418.149754
2766.000981,133.998066,153.140646,-9399.007173
2766.001609,57.427742,133.998066,-9360.722011
2766.002236,133.998066,172.283227,-9418.149754
2766.002863,95.712904,133.998066,-9360.722011
2766.003491,95.712904,153.140646,-9418.149754
2766.004118,133.998066,114.855485,-9418.149754
2766.004746,153.140646,172.283227,-9379.864592
2766.005373,76.570323,114.855485,-9418.149754
2766.006001,76.570323,172.283227,-9360.722011
2766.006628,133.998066,114.855485,-9418.149754
2766.007256,153.140646,153.140646,-9399.007173
2766.007883,133.998066,114.855485,-9418.149754
2766.008511,114.855485,153.140646,-9379.864592
2766.009138,76.570323,114.855485,-9418.149754
2766.009766,38.285162,76.570323,-9379.864592
2766.010393,57.427742,153.140646,-9322.436850
2766.011021,133.998066,153.140646,-9437.292334
2766.011648,133.998066,172.283227,-9418.149754
2766.012276,114.855485,229.710970,-9399.007173
2766.012903,133.998066,133.998066,-9399.007173
2766.013530,76.570323,133.998066,-9303.294269
2766.014158,76.570323,114.855485,-9418.149754
2766.014785,114.855485,248.853550,-9418.149754
2766.015413,133.998066,114.855485,-9418.149754
2766.016040,133.998066,76.570323,-9379.864592
2766.016668,133.998066,114.855485,-9418.149754
2766.017295,38.285162,153.140646,-9418.149754
2766.017923,19.142581,114.855485,-9418.149754
2766.018550,114.855485,153.140646,-9379.864592
2766.019178,76.570323,114.855485,-9418.149754
2766.019805,95.712904,133.998066,-9360.722011
2766.020433,133.998066,114.855485,-9437.292334
2766.021060,133.998066,172.283227,-9437.292334
2766.021688,95.712904,133.998066,-9360.722011
2766.022315,95.712904,133.998066,-9360.722011
2766.022943,172.283227,76.570323,-9418.149754
2766.023570,95.712904,95.712904,-9399.007173
2766.024198,76.570323,114.855485,-9418.149754
2766.024825,172.283227,76.570323,-9418.149754
2766.025452,76.570323,114.855485,-9418.149754
2766.026080,114.855485,76.570323,-9418.149754
2766.026707,95.712904,114.855485,-9418.149754
2766.027335,172.283227,76.570323,-9418.149754
2766.027962,76.570323,114.855485,-9418.149754
2766.028590,76.570323,210.568389,-9360.722011
2766.029217,76.570323,153.140646,-9418.149754
2766.029845,76.570323,114.855485,-9341.579430
2766.030472,76.570323,133.998066,-9360.722011
2766.031100,57.427742,172.283227,-9360.722011
2766.031727,76.570323,114.855485,-9418.149754
2766.032355,38.285162,133.998066,-9379.864592
2766.032982,114.855485,95.712904,-9379.864592
2766.033610,95.712904,114.855485,-9418.149754
2766.034237,114.855485,95.712904,-9379.864592
2766.034865,133.998066,76.570323,-9379.864592
2766.035492,114.855485,210.568389,-9379.864592
2766.036119,76.570323,114.855485,-9418.149754
2766.036747,114.855485,153.140646,-9379.864592
2766.037374,133.998066,114.855485,-9418.149754
2766.038002,38.285162,133.998066,-9360.722011
2766.038629,76.570323,191.425808,-9418.149754
2766.039257,76.570323,114.855485,-9418.149754
2766.039884,57.427742,153.140646,-9360.722011
2766.040512,57.427742,95.712904,-9456.434915
2766.041139,76.570323,114.855485,-9418.149754
2766.041767,76.570323,114.855485,-9418.149754
2766.042394,133.998066,114.855485,-9418.149754
2766.043022,76.570323,114.855485,-9418.149754
2766.043649,38.285162,172.283227,-9418.149754
2766.044277,95.712904,114.855485,-9418.149754
2766.044904,114.855485,133.998066,-9341.579430
2766.045532,133.998066,114.855485,-9418.149754
2766.046159,133.998066,114.855485,-9418.149754
2766.046787,153.140646,133.998066,-9399.007173
2766.047414,133.998066,114.855485,-9418.149754
2766.048041,95.712904,153.140646,-9360.722011
2766.048669,76.570323,114.855485,-9418.149754
2766.049296,38.285162,114.855485,-9418.149754
2766.049924,153.140646,133.998066,-9399.007173
2766.050551,95.712904,153.140646,-9418.149754
2766.051179,95.712904,114.855485,-9399.007173
2766.051806,133.998066,114.855485,-9418.149754
2766.052434,133.998066,172.283227,-9418.149754
2766.053061,133.998066,229.710970,-9418.149754
2766.053689,114.855485,114.855485,-9379.864592
2766.054316,76.570323,114.855485,-9418.149754
2766.054944,57.427742,172.283227,-9360.722011
2766.055571,57.427742,133.998066,-9360.722011
2766.056199,57.427742,133.998066,-9360.722011
2766.056826,76.570323,114.855485,-9418.149754
2766.057454,114.855485,248.853550,-9360.722011
2766.058081,133.998066,191.425808,-9418.149754
2766.058708,153.140646,133.998066,-9399.007173
2766.059336,76.570323,153.140646,-9418.149754
2766.059963,95.712904,95.712904,-9399.007173
2766.060591,38.285162,210.568389,-9418.149754
2766.061218,95.712904,95.712904,-9399.007173
2766.061846,57.427742,133.998066,-9360.722011
2766.062473,76.570323,172.283227,-9418.149754
2766.063101,95.712904,95.712904,-9399.007173
2766.063729,19.142581,153.140646,-9418.149754
2766.064356,38.285162,114.855485,-9418.149754
2766.064984,133.998066,114.855485,-9418.149754
2766.065611,76.570323,229.710970,-9418.149754
2766.066239,114.855485,172.283227,-9379.864592
2766.066866,76.570323,114.855485,-9418.149754
2766.067494,153.140646,114.855485,-9418.149754
2766.068121,95.712904,133.998066,-9360.722011
2766.068749,76.570323,114.855485,-9418.149754
2766.069376,76.570323,153.140646,-9475.577496
2766.070004,76.570323,114.855485,-9418.149754
2766.070632,76.570323,191.425808,-9360.722011
2766.071259,114.855485,133.998066,-9360.722011
2766.071887,76.570323,114.855485,-9418.149754
2766.072514,133.998066,153.140646,-9418.149754
2766.073142,153.140646,133.998066,-9399.007173
2766.073769,114.855485,133.998066,-9360.722011
2766.074397,76.570323,172.283227,-9360.722011
2766.075024,76.570323,172.283227,-9418.149754
2766.075652,133.998066,153.140646,-9418.149754
2766.076280,95.712904,133.998066,-9341.579430
2766.076907,76.570323,114.855485,-9418.149754
2766.077535,133.998066,172.283227,-9418.149754
2766.078162,133.998066,114.855485,-9418.149754
2766.078790,133.998066,114.855485,-9418.149754
2766.079417,57.427742,133.998066,-9360.722011
2766.080045,38.285162,172.283227,-9418.149754
2766.080672,76.570323,172.283227,-9418.149754
2766.081300,76.570323,172.283227,-9418.149754
2766.081927,153.140646,133.998066,-9379.864592
2766.082555,133.998066,172.283227,-9418.149754
2766.083183,95.712904,191.425808,-9360.722011
2766.083810,76.570323,114.855485,-9418.149754
2766.084438,76.570323,114.855485,-9418.149754
2766.085065,19.142581,114.855485,-9418.149754
2766.085693,57.427742,95.712904,-9494.720077
2766.086320,76.570323,153.140646,-9418.149754
2766.086948,133.998066,114.855485,-9418.149754
2766.087575,114.855485,114.855485,-9322.436850
2766.088203,38.285162,114.855485,-9418.149754
2766.088831,38.285162,114.855485,-9418.149754
2766.089458,133.998066,153.140646,-9418.149754
2766.090086,153.140646,133.998066,-9456.434915
2766.090713,133.998066,114.855485,-9418.149754
2766.091341,153.140646,95.712904,-9360.722011
2766.091968,114.855485,133.998066,-9360.722011
2766.092596,76.570323,114.855485,-9418.149754
2766.093223,76.570323,114.855485,-9418.149754
2766.093851,38.285162,153.140646,-9418.149754
2766.094479,114.855485,133.998066,-9360.722011
2766.095106,76.570323,172.283227,-9418.149754
2766.095734,133.998066,172.283227,-9418.149754
2766.096361,133.998066,153.140646,-9418.149754
2766.096989,153.140646,153.140646,-9399.007173
2766.097616,114.855485,172.283227,-9360.722011
2766.098244,114.855485,133.998066,-9360.722011
2766.098871,95.712904,172.283227,-9418.149754
2766.099499,76.570323,133.998066,-9379.864592
2766.100126,133.998066,114.855485,-9418.149754
2766.100754,76.570323,153.140646,-9418.149754
2766.101382,76.570323,114.855485,-9418.149754
2766.102009,114.855485,133.998066,-9360.722011
2766.102637,38.285162,172.283227,-9418.149754
2766.103264,76.570323,172.283227,-9456.434915
2766.103892,76.570323,114.855485,-9418.149754
2766.104519,95.712904,114.855485,-9418.149754
2766.105147,133.998066,172.283227,-9418.149754
2766.105774,133.998066,114.855485,-9360.722011
2766.106402,57.427742,133.998066,-9341.579430
2766.107030,133.998066,153.140646,-9360.722011
2766.107657,57.427742,133.998066,-9360.722011
2766.108285,95.712904,133.998066,-9360.722011
2766.108912,133.998066,153.140646,-9418.149754
2766.109540,133.998066,153.140646,-9437.292334
2766.110167,133.998066,133.998066,-9399.007173
2766.110795,76.570323,76.570323,-9322.436850
2766.111422,76.570323,153.140646,-9418.149754
2766.112050,76.570323,114.855485,-9475.577496
2766.112678,38.285162,76.570323,-9379.864592
2766.113305,57.427742,95.712904,-9399.007173
2766.113933,38.285162,95.712904,-9399.007173
2766.114560,38.285162,114.855485,-9418.149754
2766.115188,114.855485,95.712904,-9399.007173
2766.115815,76.570323,153.140646,-9418.149754
2766.116443,133.998066,76.570323,-9303.294269
2766.117070,76.570323,133.998066,-9360.722011
2766.117698,114.855485,133.998066,-9284.151688
2766.118325,95.712904,133.998066,-9360.722011
2766.118953,133.998066,153.140646,-9418.149754
2766.119581,133.998066,172.283227,-9418.149754
2766.120208,153.140646,248.853550,-9399.007173
2766.120836,76.570323,114.855485,-9418.149754
2766.121463,133.998066,114.855485,-9418.149754
2766.122091,153.140646,153.140646,-9456.434915
2766.122718,76.570323,114.855485,-9418.149754
2766.123346,95.712904,153.140646,-9360.722011
2766.123973,38.285162,153.140646,-9418.149754
2766.124601,95.712904,114.855485,-9475.577496
2766.125229,76.570323,133.998066,-9379.864592
2766.125856,114.855485,153.140646,-9360.722011
2766.126484,133.998066,229.710970,-9418.149754
2766.127111,133.998066,114.855485,-9418.149754
2766.127739,95.712904,114.855485,-9399.007173
2766.128366,95.712904,133.998066,-9360.722011
2766.128994,38.285162,114.855485,-9418.149754
2766.129621,114.855485,191.425808,-9360.722011
2766.130249,95.712904,114.855485,-9418.149754
2766.130877,76.570323,114.855485,-9418.149754
2766.131504,76.570323,172.283227,-9437.292334
2766.132132,95.712904,133.998066,-9360.722011
2766.132759,133.998066,133.998066,-9399.007173
2766.133387,76.570323,172.283227,-9418.149754
2766.134014,76.570323,114.855485,-9418.149754
2766.134642,57.427742,133.998066,-9379.864592
2766.135269,95.712904,114.855485,-9418.149754
2766.135897,76.570323,114.855485,-9418.149754
2766.136524,38.285162,153.140646,-9418.149754
2766.137152,95.712904,133.998066,-9360.722011
2766.137780,76.570323,114.855485,-9418.149754
2766.138407,133.998066,153.140646,-9418.149754
2766.139035,95.712904,114.855485,-9360.722011
2766.139662,38.285162,172.283227,-9418.149754
2766.140290,38.285162,210.568389,-9418.149754
2766.140917,133.998066,114.855485,-9418.149754
2766.141545,38.285162,210.568389,-9418.149754
2766.142172,133.998066,114.855485,-9418.149754
2766.142800,210.568389,133.998066,-9437.292334
2766.143428,95.712904,229.710970,-9437.292334
2766.144055,57.427742,133.998066,-9360.722011
2766.144683,133.998066,114.855485,-9418.149754
2766.145310,133.998066,114.855485,-9456.434915
2766.145938,76.570323,114.855485,-9418.149754
2766.146565,76.570323,114.855485,-9418.149754
2766.147193,114.855485,153.140646,-9360.722011
2766.147820,95.712904,133.998066,-9322.436850
2766.148448,172.283227,76.570323,-9360.722011
2766.149075,133.998066,114.855485,-9418.149754
2766.149703,133.998066,114.855485,-9418.149754
2766.150331,95.712904,153.140646,-9341.579430
2766.150958,133.998066,153.140646,-9418.149754
2766.151586,133.998066,172.283227,-9360.722011
2766.152213,133.998066,153.140646,-9418.149754
2766.152841,95.712904,210.568389,-9360.722011
2766.153468,76.570323,114.855485,-9418.149754
2766.154096,76.570323,153.140646,-9418.149754
2766.154723,133.998066,114.855485,-9418.149754
2766.155351,38.285162,114.855485,-9456.434915
2766.155979,133.998066,114.855485,-9418.149754
2766.156606,57.427742,95.712904,-9456.434915
2766.157234,133.998066,114.855485,-9418.149754
2766.157861,76.570323,153.140646,-9418.149754
2766.158489,76.570323,114.855485,-9418.149754
2766.159116,133.998066,114.855485,-9360.722011
2766.159744,153.140646,133.998066,-9456.434915
2766.160371,76.570323,153.140646,-9418.149754
2766.160999,57.427742,153.140646,-9360.722011
2766.161627,76.570323,114.855485,-9418.149754
2766.162254,133.998066,172.283227,-9418.149754
2766.162881,133.998066,114.855485,-9418.149754
2766.163509,95.712904,172.283227,-9360.722011
2766.164136,38.285162,153.140646,-9418.149754
2766.164764,76.570323,114.855485,-9418.149754
2766.165391,76.570323,153.140646,-9418.149754
2766.166019,76.570323,114.855485,-9418.149754
2766.166646,76.570323,114.855485,-9418.149754
2766.167273,76.570323,191.425808,-9418.149754
2766.167901,95.712904,153.140646,-9418.149754
2766.168528,114.855485,95.712904,-9399.007173
2766.169156,76.570323,114.855485,-9418.149754
2766.169783,76.570323,114.855485,-9418.149754
2766.170410,57.427742,133.998066,-9360.722011
2766.171038,133.998066,229.710970,-9418.149754
2766.171665,38.285162,153.140646,-9418.149754
2766.172293,95.712904,172.283227,-9360.722011
2766.172920,76.570323,133.998066,-9399.007173
2766.173547,114.855485,114.855485,-9456.434915
2766.174175,133.998066,172.283227,-9418.149754
2766.174802,133.998066,114.855485,-9418.149754
2766.175430,133.998066,172.283227,-9418.149754
2766.176057,76.570323,153.140646,-9418.149754
2766.176685,76.570323,210.568389,-9418.149754
2766.177312,114.855485,133.998066,-9341.579430
2766.177939,95.712904,95.712904,-9399.007173
2766.178567,76.570323,114.855485,-9360.722011
2766.179194,114.855485,133.998066,-9360.722011
2766.179822,133.998066,114.855485,-9418.149754
2766.180449,76.570323,153.140646,-9418.149754
2766.181076,38.285162,172.283227,-9418.149754
2766.181704,76.570323,153.140646,-9360.722011
2766.182331,114.855485,172.283227,-9360.722011
2766.182959,153.140646,191.425808,-9456.434915
2766.183586,95.712904,172.283227,-9437.292334
2766.184213,133.998066,114.855485,-9418.149754
2766.184841,76.570323,248.853550,-9360.722011
2766.185468,133.998066,191.425808,-9418.149754
2766.186096,76.570323,172.283227,-9456.434915
2766.186723,133.998066,76.570323,-9379.864592
2766.187351,38.285162,114.855485,-9418.149754
2766.187978,76.570323,114.855485,-9456.434915
2766.188605,153.140646,133.998066,-9379.864592
2766.189233,38.285162,114.855485,-9418.149754
2766.189860,38.285162,95.712904,-9399.007173
2766.190488,76.570323,114.855485,-9418.149754
2766.191115,76.570323,210.568389,-9418.149754
2766.191742,76.570323,229.710970,-9418.149754
2766.192370,76.570323,172.283227,-9418.149754
2766.192997,76.570323,114.855485,-9418.149754
2766.193625,114.855485,95.712904,-9399.007173
2766.194252,95.712904,133.998066,-9360.722011
2766.194880,133.998066,114.855485,-9456.434915
2766.195507,76.570323,114.855485,-9418.149754
2766.196134,76.570323,114.855485,-9418.149754
2766.196762,133.998066,114.855485,-9418.149754
2766.197389,133.998066,114.855485,-9418.149754
2766.198017,76.570323,172.283227,-9418.149754
2766.198644,133.998066,172.283227,-9418.149754
2766.199271,153.140646,133.998066,-9379.864592
2766.199899,76.570323,172.283227,-9418.149754
2766.200526,76.570323,172.283227,-9418.149754
2766.201154,95.712904,133.998066,-9360.722011
2766.201781,76.570323,210.568389,-9418.149754
2766.202408,114.855485,133.998066,-9360.722011
2766.203036,133.998066,172.283227,-9399.007173
2766.203663,38.285162,191.425808,-9418.149754
2766.204291,38.285162,153.140646,-9418.149754
2766.204918,114.855485,133.998066,-9360.722011
2766.205546,38.285162,114.855485,-9418.149754
2766.206173,57.427742,114.855485,-9418.149754
2766.206800,76.570323,153.140646,-9456.434915
2766.207428,76.570323,114.855485,-9418.149754
2766.208055,133.998066,114.855485,-9418.149754
2766.208683,133.998066,76.570323,-9379.864592
2766.209310,172.283227,95.712904,-9399.007173
2766.209937,133.998066,172.283227,-9399.007173
2766.210565,76.570323,114.855485,-9418.149754
2766.211192,76.570323,172.283227,-9360.722011
2766.211820,76.570323,114.855485,-9418.149754
2766.212447,57.427742,114.855485,-9418.149754
2766.213074,76.570323,153.140646,-9418.149754
2766.213702,76.570323,114.855485,-9418.149754
2766.214329,133.998066,153.140646,-9418.149754
2766.214957,133.998066,114.855485,-9418.149754
2766.215584,114.855485,95.712904,-9456.434915
2766.216212,133.998066,172.283227,-9418.149754
2766.216839,76.570323,172.283227,-9418.149754
2766.217466,133.998066,114.855485,-9418.149754
2766.218094,76.570323,172.283227,-9418.149754
2766.218721,95.712904,172.283227,-9341.579430
2766.219349,57.427742,248.853550,-9360.722011
2766.219976,57.427742,95.712904,-9399.007173
2766.220603,76.570323,172.283227,-9418.149754
2766.221231,114.855485,153.140646,-9360.722011
2766.221858,76.570323,114.855485,-9418.149754
2766.222486,95.712904,133.998066,-9360.722011
2766.223113,76.570323,172.283227,-9360.722011
2766.223740,133.998066,172.283227,-9418.149754
2766.224368,38.285162,172.283227,-9418.149754
2766.224995,133.998066,114.855485,-9418.149754
2766.225623,210.568389,133.998066,-9456.434915
2766.226250,133.998066,114.855485,-9418.149754
2766.226878,133.998066,172.283227,-9418.149754
2766.227505,76.570323,153.140646,-9418.149754
2766.228132,172.283227,114.855485,-9379.864592
2766.228760,114.855485,153.140646,-9360.722011
2766.229387,114.855485,133.998066,-9418.149754
2766.230015,133.998066,114.855485,-9437.292334
2766.230642,95.712904,133.998066,-9418.149754
2766.231269,95.712904,153.140646,-9418.149754
2766.231897,95.712904,114.855485,-9418.149754
2766.232524,38.285162,172.283227,-9418.149754
2766.233152,114.855485,133.998066,-9418.149754
2766.233779,172.283227,133.998066,-9360.722011
2766.234406,95.712904,133.998066,-9360.722011
2766.235034,114.855485,133.998066,-9360.722011
2766.235661,76.570323,191.425808,-9418.149754
2766.236289,76.570323,114.855485,-9437.292334
2766.236916,133.998066,133.998066,-9456.434915
2766.237544,38.285162,114.855485,-9418.149754
2766.238171,38.285162,133.998066,-9399.007173
2766.238798,76.570323,172.283227,-9418.149754
2766.239426,76.570323,114.855485,-9418.149754
2766.240053,133.998066,114.855485,-9418.149754
2766.240681,133.998066,114.855485,-9418.149754
2766.241308,95.712904,133.998066,-9341.579430
2766.241935,133.998066,114.855485,-9418.149754
2766.242563,76.570323,172.283227,-9418.149754
2766.243190,57.427742,114.855485,-9456.434915
2766.243818,76.570323,210.568389,-9418.149754
2766.244445,76.570323,172.283227,-9418.149754
2766.245072,76.570323,114.855485,-9418.149754
2766.245700,133.998066,114.855485,-9418.149754
2766.246327,38.285162,114.855485,-9437.292334
2766.246955,76.570323,210.568389,-9475.577496
2766.247582,95.712904,95.712904,-9437.292334
2766.248210,95.712904,133.998066,-9341.579430
2766.248837,57.427742,133.998066,-9322.436850
2766.249464,57.427742,95.712904,-9399.007173
2766.250092,133.998066,153.140646,-9437.292334
2766.250719,76.570323,172.283227,-9418.149754
2766.251347,133.998066,114.855485,-9360.722011
2766.251974,76.570323,114.855485,-9418.149754
2766.252601,95.712904,95.712904,-9399.007173
2766.253229,38.285162,114.855485,-9418.149754
2766.253856,133.998066,133.998066,-9399.007173
2766.254484,76.570323,153.140646,-9437.292334
2766.255111,76.570323,114.855485,-9418.149754
2766.255738,133.998066,210.568389,-9418.149754
2766.256366,133.998066,133.998066,-9399.007173
2766.256993,76.570323,114.855485,-9418.149754
2766.257621,38.285162,114.855485,-9418.149754
2766.258248,76.570323,133.998066,-9379.864592
2766.258876,76.570323,153.140646,-9418.149754
2766.259503,133.998066,114.855485,-9418.149754
2766.260130,76.570323,114.855485,-9418.149754
2766.260758,76.570323,114.855485,-9418.149754
2766.261385,95.712904,133.998066,-9418.149754
2766.262013,133.998066,114.855485,-9418.149754
2766.262640,76.570323,172.283227,-9418.149754
