#time,accel_x,accel_y,accel_z
488.229828,114.855485,153.140646,-9245.866526
488.230455,57.427742,172.283227,-9303.294269
488.231083,57.427742,248.853550,-9360.722011
488.231710,0.000000,287.138712,-9475.577496
488.232337,-19.142581,267.996131,-9437.292334
488.232965,57.427742,172.283227,-9552.147819
488.233592,76.570323,114.855485,-9475.577496
488.234219,210.568389,95.712904,-9552.147819
488.234847,153.140646,76.570323,-9494.720077
488.235474,191.425808,76.570323,-9418.149754
488.236101,172.283227,57.427742,-9360.722011
488.236728,133.998066,76.570323,-9322.436850
488.237356,76.570323,114.855485,-9418.149754
488.237983,57.427742,133.998066,-9360.722011
488.238610,76.570323,229.710970,-9437.292334
488.239238,-57.427742,248.853550,-9494.720077
488.239865,57.427742,172.283227,-9552.147819
488.240492,133.998066,114.855485,-9533.005238
488.241120,153.140646,133.998066,-9494.720077
488.241747,172.283227,95.712904,-9494.720077
488.242374,153.140646,133.998066,-9399.007173
488.243002,229.710970,76.570323,-9418.149754
488.243629,229.710970,114.855485,-9322.436850
488.244256,114.855485,133.998066,-9245.866526
488.244884,57.427742,153.140646,-9341.579430
488.245511,57.427742,191.425808,-9360.722011
488.246138,38.285162,287.138712,-9456.434915
488.246766,57.427742,248.853550,-9533.005238
488.247393,76.570323,229.710970,-9533.005238
488.248020,95.712904,191.425808,-9552.147819
488.248647,172.283227,153.140646,-9513.862658
488.249275,172.283227,95.712904,-9437.292334
488.249902,172.283227,38.285162,-9399.007173
488.250529,191.425808,57.427742,-9418.149754
488.251157,210.568389,95.712904,-9303.294269
488.251784,133.998066,76.570323,-9322.436850
488.252411,76.570323,76.570323,-9379.864592
488.253039,76.570323,172.283227,-9418.149754
488.253666,-38.285162,210.568389,-9399.007173
488.254293,38.285162,191.425808,-9533.005238
488.254921,38.285162,210.568389,-9533.005238
488.255548,114.855485,229.710970,-9494.720077
488.256175,133.998066,172.283227,-9475.577496
488.256803,153.140646,133.998066,-9437.292334
488.257430,229.710970,76.570323,-9360.722011
488.258057,153.140646,95.712904,-9341.579430
488.258684,95.712904,133.998066,-9303.294269
488.259312,38.285162,133.998066,-9322.436850
488.259939,95.712904,191.425808,-9360.722011
488.260566,95.712904,172.283227,-9418.149754
488.261194,38.285162,229.710970,-9533.005238
488.261821,38.285162,229.710970,-9494.720077
488.262448,57.427742,248.853550,-9552.147819
488.263076,95.712904,133.998066,-9552.147819
488.263703,133.998066,76.570323,-9571.290400
488.264330,114.855485,95.712904,-9437.292334
488.264958,229.710970,76.570323,-9360.722011
488.265585,133.998066,76.570323,-9303.294269
488.266212,133.998066,76.570323,-9322.436850
488.266840,57.427742,133.998066,-9284.151688
488.267467,0.000000,210.568389,-9360.722011
488.268094,57.427742,210.568389,-9494.720077
488.268722,0.000000,267.996131,-9475.577496
488.269349,38.285162,229.710970,-9533.005238
488.269976,57.427742,172.283227,-9590.432981
488.270603,95.712904,172.283227,-9456.434915
488.271231,133.998066,133.998066,-9437.292334
488.271858,191.425808,38.285162,-9360.722011
488.272485,191.425808,114.855485,-9303.294269
488.273113,191.425808,76.570323,-9226.723946
488.273740,133.998066,76.570323,-9265.009107
488.274367,114.855485,133.998066,-9303.294269
488.274995,57.427742,191.425808,-9341.579430
488.275622,38.285162,267.996131,-9399.007173
488.276249,76.570323,229.710970,-9494.720077
488.276877,95.712904,191.425808,-9552.147819
488.277504,76.570323,153.140646,-9647.860723
488.278131,76.570323,76.570323,-9571.290400
488.278759,95.712904,57.427742,-9513.862658
488.279386,191.425808,57.427742,-9456.434915
488.280013,172.283227,76.570323,-9360.722011
488.280641,210.568389,95.712904,-9322.436850
488.281268,76.570323,76.570323,-9303.294269
488.281895,95.712904,133.998066,-9322.436850
488.282522,38.285162,210.568389,-9341.579430
488.283150,19.142581,229.710970,-9418.149754
488.283777,-38.285162,191.425808,-9494.720077
488.284405,19.142581,229.710970,-9533.005238
488.285032,114.855485,191.425808,-9533.005238
488.285659,153.140646,133.998066,-9456.434915
488.286287,172.283227,76.570323,-9418.149754
488.286914,191.425808,114.855485,-9379.864592
488.287541,210.568389,95.712904,-9303.294269
488.288169,191.425808,114.855485,-9265.009107
488.288796,114.855485,210.568389,-9303.294269
488.289423,114.855485,172.283227,-9360.722011
488.290051,19.142581,191.425808,-9418.149754
488.290678,-19.142581,287.138712,-9513.862658
488.291306,19.142581,229.710970,-9533.005238
488.291933,0.000000,210.568389,-9571.290400
488.292560,95.712904,133.998066,-9552.147819
488.293188,133.998066,172.283227,-9513.862658
488.293815,114.855485,95.712904,-9437.292334
488.294442,153.140646,133.998066,-9399.007173
488.295070,172.283227,114.855485,-9379.864592
488.295697,210.568389,95.712904,-9284.151688
488.296325,133.998066,76.570323,-9265.009107
488.296952,114.855485,153.140646,-9360.722011
488.297579,38.285162,210.568389,-9437.292334
488.298207,19.142581,325.423874,-9571.290400
488.298834,57.427742,287.138712,-9494.720077
488.299461,133.998066,210.568389,-9475.577496
488.300089,95.712904,210.568389,-9475.577496
488.300716,191.425808,76.570323,-9418.149754
488.301343,210.568389,76.570323,-9399.007173
488.301971,153.140646,95.712904,-9341.579430
488.302598,210.568389,114.855485,-9265.009107
488.303226,153.140646,114.855485,-9341.579430
488.303853,76.570323,133.998066,-9284.151688
488.304480,57.427742,210.568389,-9322.436850
488.305108,38.285162,153.140646,-9437.292334
488.305735,19.142581,172.283227,-9533.005238
488.306362,0.000000,172.283227,-9609.575562
488.306990,57.427742,133.998066,-9552.147819
488.307617,114.855485,191.425808,-9533.005238
488.308244,133.998066,95.712904,-9456.434915
488.308872,114.855485,38.285162,-9399.007173
488.309499,229.710970,76.570323,-9360.722011
488.310127,153.140646,95.712904,-9245.866526
488.310754,76.570323,19.142581,-9322.436850
488.311381,95.712904,172.283227,-9341.579430
488.312009,57.427742,248.853550,-9360.722011
488.312636,0.000000,306.281293,-9456.434915
488.313263,19.142581,229.710970,-9475.577496
488.313891,38.285162,210.568389,-9475.577496
488.314518,38.285162,153.140646,-9533.005238
488.315145,133.998066,114.855485,-9475.577496
488.315773,210.568389,133.998066,-9437.292334
488.316400,229.710970,76.570323,-9418.149754
488.317028,229.710970,76.570323,-9418.149754
488.317655,172.283227,114.855485,-9379.864592
488.318282,95.712904,76.570323,-9322.436850
488.318910,76.570323,76.570323,-9399.007173
488.319537,38.285162,172.283227,-9399.007173
488.320164,19.142581,229.710970,-9437.292334
488.320792,0.000000,191.425808,-9552.147819
488.321419,38.285162,172.283227,-9533.005238
488.322047,114.855485,172.283227,-9552.147819
488.322674,172.283227,76.570323,-9475.577496
488.323301,191.425808,57.427742,-9418.149754
488.323929,229.710970,76.570323,-9418.149754
488.324556,114.855485,114.855485,-9303.294269
488.325183,114.855485,133.998066,-9245.866526
488.325811,95.712904,210.568389,-9303.294269
488.326438,57.427742,248.853550,-9303.294269
488.327065,76.570323,267.996131,-9379.864592
488.327693,38.285162,287.138712,-9513.862658
488.328320,76.570323,325.423874,-9571.290400
488.328948,57.427742,191.425808,-9533.005238
488.329575,76.570323,133.998066,-9533.005238
488.330202,153.140646,133.998066,-9494.720077
488.330830,153.140646,133.998066,-9437.292334
488.331457,114.855485,95.712904,-9399.007173
488.332084,172.283227,76.570323,-9360.722011
488.332712,133.998066,76.570323,-9303.294269
488.333339,76.570323,133.998066,-9303.294269
488.333966,76.570323,248.853550,-9360.722011
488.334594,38.285162,191.425808,-9418.149754
488.335221,-76.570323,153.140646,-9590.432981
488.335849,0.000000,191.425808,-9552.147819
488.336476,57.427742,248.853550,-9552.147819
488.337103,153.140646,172.283227,-9494.720077
488.337731,133.998066,114.855485,-9475.577496
488.338358,172.283227,95.712904,-9437.292334
488.338985,191.425808,19.142581,-9360.722011
488.339613,210.568389,95.712904,-9303.294269
488.340240,76.570323,76.570323,-9322.436850
488.340868,114.855485,172.283227,-9284.151688
488.341495,114.855485,191.425808,-9360.722011
488.342122,76.570323,229.710970,-9475.577496
488.342750,19.142581,172.283227,-9456.434915
488.343377,0.000000,191.425808,-9552.147819
488.344004,57.427742,191.425808,-9552.147819
488.344632,76.570323,114.855485,-9437.292334
488.345259,172.283227,76.570323,-9475.577496
488.345886,114.855485,95.712904,-9399.007173
488.346514,153.140646,76.570323,-9303.294269
488.347141,153.140646,76.570323,-9322.436850
488.347769,38.285162,19.142581,-9379.864592
488.348396,57.427742,95.712904,-9399.007173
488.349023,38.285162,114.855485,-9418.149754
488.349651,19.142581,210.568389,-9494.720077
488.350278,38.285162,229.710970,-9475.577496
488.350905,0.000000,153.140646,-9590.432981
488.351533,57.427742,172.283227,-9590.432981
488.352160,133.998066,95.712904,-9533.005238
488.352787,133.998066,95.712904,-9456.434915
488.353415,210.568389,0.000000,-9360.722011
488.354042,210.568389,95.712904,-9284.151688
488.354670,210.568389,114.855485,-9284.151688
488.355297,76.570323,76.570323,-9265.009107
488.355924,57.427742,191.425808,-9303.294269
488.356552,57.427742,191.425808,-9360.722011
488.357179,-19.142581,267.996131,-9437.292334
488.357806,-38.285162,248.853550,-9513.862658
488.358434,38.285162,153.140646,-9533.005238
488.359061,133.998066,153.140646,-9475.577496
488.359688,133.998066,114.855485,-9533.005238
488.360316,172.283227,76.570323,-9437.292334
488.360943,191.425808,57.427742,-9360.722011
488.361571,210.568389,95.712904,-9360.722011
488.362198,76.570323,76.570323,-9265.009107
488.362825,133.998066,76.570323,-9322.436850
488.363453,133.998066,153.140646,-9379.864592
488.364080,76.570323,210.568389,-9418.149754
488.364707,38.285162,153.140646,-9494.720077
488.365335,0.000000,191.425808,-9552.147819
488.365962,95.712904,153.140646,-9552.147819
488.366590,133.998066,114.855485,-9533.005238
488.367217,76.570323,114.855485,-9533.005238
488.367844,133.998066,114.855485,-9418.149754
488.368472,229.710970,114.855485,-9379.864592
488.369099,153.140646,95.712904,-9284.151688
488.369726,95.712904,133.998066,-9303.294269
488.370354,38.285162,95.712904,-9399.007173
488.370981,57.427742,172.283227,-9341.579430
488.371608,38.285162,287.138712,-9456.434915
488.372236,19.142581,210.568389,-9475.577496
488.372863,57.427742,133.998066,-9552.147819
488.373491,57.427742,191.425808,-9552.147819
488.374118,153.140646,133.998066,-9494.720077
488.374745,172.283227,76.570323,-9456.434915
488.375373,172.283227,76.570323,-9418.149754
488.376000,114.855485,95.712904,-9399.007173
488.376627,133.998066,38.285162,-9341.579430
488.377255,133.998066,76.570323,-9379.864592
488.377882,95.712904,172.283227,-9360.722011
488.378509,76.570323,172.283227,-9418.149754
488.379137,19.142581,210.568389,-9533.005238
488.379764,-38.285162,191.425808,-9533.005238
488.380392,76.570323,267.996131,-9513.862658
488.381019,57.427742,133.998066,-9552.147819
488.381646,114.855485,133.998066,-9552.147819
488.382274,153.140646,114.855485,-9456.434915
488.382901,191.425808,76.570323,-9341.579430
488.383528,248.853550,95.712904,-9303.294269
488.384155,172.283227,114.855485,-9284.151688
488.384782,133.998066,76.570323,-9284.151688
488.385410,38.285162,191.425808,-9303.294269
488.386037,95.712904,191.425808,-9360.722011
488.386664,76.570323,229.710970,-9494.720077
488.387291,19.142581,248.853550,-9513.862658
488.387918,38.285162,229.710970,-9533.005238
488.388545,95.712904,172.283227,-9552.147819
488.389173,76.570323,114.855485,-9475.577496
488.389800,76.570323,95.712904,-9437.292334
488.390427,172.283227,19.142581,-9456.434915
488.391054,153.140646,38.285162,-9360.722011
488.391681,153.140646,95.712904,-9360.722011
488.392308,114.855485,95.712904,-9379.864592
488.392936,95.712904,153.140646,-9322.436850
488.393563,38.285162,153.140646,-9456.434915
488.394190,19.142581,267.996131,-9513.862658
488.394817,19.142581,248.853550,-9513.862658
488.395444,57.427742,287.138712,-9513.862658
488.396071,114.855485,133.998066,-9552.147819
488.396698,133.998066,114.855485,-9475.577496
488.397326,210.568389,133.998066,-9379.864592
488.397953,210.568389,95.712904,-9360.722011
488.398580,210.568389,95.712904,-9303.294269
488.399207,133.998066,95.712904,-9360.722011
488.399834,95.712904,133.998066,-9245.866526
488.400461,57.427742,153.140646,-9360.722011
488.401089,0.000000,210.568389,-9418.149754
488.401716,38.285162,191.425808,-9456.434915
488.402343,19.142581,229.710970,-9533.005238
488.402970,57.427742,172.283227,-9647.860723
488.403597,76.570323,153.140646,-9552.147819
488.404224,191.425808,114.855485,-9571.290400
488.404851,172.283227,76.570323,-9418.149754
488.405479,133.998066,76.570323,-9379.864592
488.406106,114.855485,38.285162,-9360.722011
488.406733,114.855485,38.285162,-9360.722011
488.407360,114.855485,133.998066,-9341.579430
488.407987,57.427742,133.998066,-9360.722011
488.408614,95.712904,210.568389,-9360.722011
488.409242,57.427742,287.138712,-9494.720077
488.409869,38.285162,229.710970,-9533.005238
488.410496,57.427742,248.853550,-9533.005238
488.411123,76.570323,210.568389,-9456.434915
488.411750,114.855485,133.998066,-9475.577496
488.412377,191.425808,76.570323,-9418.149754
488.413005,191.425808,114.855485,-9379.864592
488.413632,191.425808,153.140646,-9284.151688
488.414259,172.283227,114.855485,-9303.294269
488.414886,57.427742,133.998066,-9341.579430
488.415513,133.998066,153.140646,-9322.436850
488.416140,19.142581,229.710970,-9437.292334
488.416767,-38.285162,153.140646,-9513.862658
488.417395,19.142581,210.568389,-9533.005238
488.418022,57.427742,133.998066,-9590.432981
488.418649,95.712904,153.140646,-9552.147819
488.419276,133.998066,57.427742,-9571.290400
488.419903,172.283227,19.142581,-9418.149754
488.420530,210.568389,38.285162,-9284.151688
488.421158,133.998066,38.285162,-9322.436850
488.421785,114.855485,133.998066,-9303.294269
488.422412,95.712904,133.998066,-9322.436850
488.423039,76.570323,229.710970,-9418.149754
488.423666,57.427742,229.710970,-9437.292334
488.424293,0.000000,287.138712,-9494.720077
488.424920,57.427742,229.710970,-9513.862658
488.425548,57.427742,248.853550,-9552.147819
488.426175,153.140646,172.283227,-9533.005238
488.426802,210.568389,133.998066,-9399.007173
488.427429,210.568389,133.998066,-9437.292334
488.428056,191.425808,95.712904,-9341.579430
488.428683,153.140646,95.712904,-9341.579430
488.429311,114.855485,114.855485,-9322.436850
488.429938,57.427742,133.998066,-9360.722011
488.430565,133.998066,191.425808,-9399.007173
488.431192,76.570323,210.568389,-9533.005238
488.431819,38.285162,287.138712,-9533.005238
488.432446,38.285162,153.140646,-9552.147819
488.433073,114.855485,95.712904,-9513.862658
488.433701,76.570323,133.998066,-9533.005238
488.434328,114.855485,0.000000,-9456.434915
488.434955,172.283227,19.142581,-9418.149754
488.435582,153.140646,95.712904,-9284.151688
488.436209,76.570323,76.570323,-9284.151688
488.436836,153.140646,95.712904,-9245.866526
488.437464,95.712904,172.283227,-9322.436850
488.438091,76.570323,210.568389,-9418.149754
488.438718,38.285162,229.710970,-9533.005238
488.439345,57.427742,287.138712,-9475.577496
488.439972,38.285162,172.283227,-9533.005238
488.440599,38.285162,229.710970,-9456.434915
488.441227,153.140646,133.998066,-9513.862658
488.441854,191.425808,114.855485,-9322.436850
488.442481,191.425808,114.855485,-9379.864592
488.443108,248.853550,95.712904,-9303.294269
488.443735,114.855485,114.855485,-9379.864592
488.444362,38.285162,76.570323,-9379.864592
488.444989,57.427742,133.998066,-9360.722011
488.445617,95.712904,133.998066,-9360.722011
488.446244,19.142581,172.283227,-9533.005238
488.446871,0.000000,229.710970,-9513.862658
488.447498,38.285162,191.425808,-9609.575562
488.448125,95.712904,133.998066,-9552.147819
488.448752,95.712904,76.570323,-9513.862658
488.449380,153.140646,114.855485,-9418.149754
488.450007,229.710970,76.570323,-9418.149754
488.450634,229.710970,76.570323,-9360.722011
488.451261,114.855485,114.855485,-9379.864592
488.451888,95.712904,133.998066,-9284.151688
488.452515,0.000000,210.568389,-9360.722011
488.453142,38.285162,210.568389,-9494.720077
488.453770,57.427742,287.138712,-9456.434915
488.454397,0.000000,306.281293,-9513.862658
488.455024,38.285162,248.853550,-9571.290400
488.455651,95.712904,172.283227,-9533.005238
488.456278,95.712904,114.855485,-9456.434915
488.456905,172.283227,76.570323,-9418.149754
488.457533,229.710970,76.570323,-9360.722011
488.458160,153.140646,95.712904,-9322.436850
488.458787,76.570323,114.855485,-9360.722011
488.459414,57.427742,133.998066,-9360.722011
488.460041,95.712904,210.568389,-9360.722011
488.460668,19.142581,229.710970,-9494.720077
488.461296,95.712904,153.140646,-9533.005238
488.461923,19.142581,153.140646,-9533.005238
488.462550,57.427742,133.998066,-9590.432981
488.463177,38.285162,95.712904,-9533.005238
488.463804,95.712904,114.855485,-9475.577496
488.464431,172.283227,38.285162,-9379.864592
488.465058,153.140646,57.427742,-9303.294269
488.465686,153.140646,38.285162,-9303.294269
488.466313,133.998066,38.285162,-9265.009107
488.466940,95.712904,153.140646,-9303.294269
488.467567,76.570323,287.138712,-9360.722011
488.468194,0.000000,287.138712,-9456.434915
488.468821,57.427742,229.710970,-9513.862658
488.469449,57.427742,229.710970,-9513.862658
488.470076,38.285162,153.140646,-9533.005238
488.470703,133.998066,114.855485,-9533.005238
488.471330,114.855485,95.712904,-9399.007173
488.471957,153.140646,95.712904,-9360.722011
488.472584,248.853550,95.712904,-9303.294269
488.473211,76.570323,76.570323,-9379.864592
488.473839,133.998066,76.570323,-9379.864592
488.474466,-38.285162,153.140646,-9418.149754
488.475093,38.285162,153.140646,-9437.292334
488.475720,19.142581,229.710970,-9533.005238
488.476347,38.285162,229.710970,-9533.005238
488.476974,95.712904,191.425808,-9552.147819
488.477602,114.855485,153.140646,-9609.575562
488.478229,114.855485,133.998066,-9552.147819
488.478856,114.855485,95.712904,-9399.007173
488.479483,191.425808,76.570323,-9360.722011
488.480110,153.140646,95.712904,-9245.866526
488.480737,95.712904,133.998066,-9245.866526
488.481364,114.855485,133.998066,-9245.866526
488.481992,114.855485,172.283227,-9341.579430
488.482619,114.855485,248.853550,-9360.722011
488.483246,38.285162,229.710970,-9475.577496
488.483873,76.570323,287.138712,-9494.720077
488.484500,76.570323,210.568389,-9552.147819
488.485128,153.140646,114.855485,-9533.005238
488.485755,153.140646,95.712904,-9533.005238
488.486382,172.283227,38.285162,-9456.434915
488.487009,153.140646,38.285162,-9341.579430
488.487637,191.425808,38.285162,-9341.579430
488.488264,133.998066,76.570323,-9379.864592
488.488891,76.570323,76.570323,-9379.864592
488.489518,133.998066,114.855485,-9418.149754
488.490145,57.427742,133.998066,-9360.722011
488.490773,19.142581,210.568389,-9475.577496
488.491400,76.570323,172.283227,-9533.005238
488.492027,0.000000,191.425808,-9533.005238
488.492654,114.855485,172.283227,-9475.577496
488.493282,76.570323,114.855485,-9418.149754
488.493909,172.283227,76.570323,-9360.722011
488.494536,172.283227,76.570323,-9341.579430
488.495163,76.570323,76.570323,-9265.009107
488.495791,76.570323,153.140646,-9303.294269
488.496418,114.855485,210.568389,-9284.151688
488.497045,95.712904,133.998066,-9341.579430
488.497672,38.285162,153.140646,-9475.577496
488.498299,19.142581,210.568389,-9533.005238
488.498927,57.427742,210.568389,-9552.147819
488.499554,114.855485,153.140646,-9552.147819
488.500181,76.570323,153.140646,-9533.005238
488.500808,133.998066,76.570323,-9513.862658
488.501436,210.568389,133.998066,-9456.434915
488.502063,172.283227,76.570323,-9360.722011
488.502690,95.712904,76.570323,-9284.151688
488.503317,114.855485,95.712904,-9399.007173
488.503945,114.855485,133.998066,-9360.722011
488.504572,95.712904,191.425808,-9379.864592
488.505199,38.285162,153.140646,-9533.005238
488.505826,38.285162,172.283227,-9552.147819
488.506453,0.000000,133.998066,-9590.432981
488.507081,76.570323,172.283227,-9552.147819
488.507708,76.570323,114.855485,-9456.434915
488.508335,114.855485,95.712904,-9399.007173
488.508962,172.283227,114.855485,-9379.864592
488.509590,191.425808,114.855485,-9322.436850
488.510217,133.998066,76.570323,-9379.864592
488.510844,153.140646,210.568389,-9379.864592
488.511471,114.855485,153.140646,-9284.151688
488.512099,76.570323,229.710970,-9418.149754
488.512726,38.285162,229.710970,-9437.292334
488.513353,19.142581,210.568389,-9494.720077
488.513980,57.427742,210.568389,-9571.290400
488.514607,95.712904,76.570323,-9513.862658
488.515235,114.855485,95.712904,-9513.862658
488.515862,172.283227,38.285162,-9437.292334
488.516489,191.425808,57.427742,-9418.149754
488.517116,172.283227,0.000000,-9265.009107
488.517744,114.855485,95.712904,-9379.864592
488.518371,76.570323,114.855485,-9360.722011
488.518998,95.712904,153.140646,-9360.722011
488.519625,0.000000,210.568389,-9360.722011
488.520253,-38.285162,191.425808,-9513.862658
488.520880,57.427742,229.710970,-9533.005238
488.521507,57.427742,191.425808,-9552.147819
488.522134,95.712904,114.855485,-9533.005238
488.522761,38.285162,114.855485,-9533.005238
488.523389,133.998066,95.712904,-9418.149754
488.524016,133.998066,76.570323,-9322.436850
488.524643,114.855485,19.142581,-9226.723946
488.525270,153.140646,95.712904,-9303.294269
488.525898,133.998066,76.570323,-9303.294269
488.526525,57.427742,210.568389,-9322.436850
488.527152,38.285162,306.281293,-9475.577496
488.527779,0.000000,287.138712,-9494.720077
488.528407,57.427742,191.425808,-9552.147819
488.529034,57.427742,133.998066,-9552.147819
488.529661,114.855485,133.998066,-9533.005238
488.530288,133.998066,114.855485,-9475.577496
488.530915,114.855485,38.285162,-9437.292334
488.531543,172.283227,57.427742,-9418.149754
488.532170,172.283227,38.285162,-9322.436850
488.532797,153.140646,95.712904,-9284.151688
488.533424,0.000000,133.998066,-9341.579430
488.534052,114.855485,229.710970,-9379.864592
488.534679,57.427742,229.710970,-9418.149754
488.535306,57.427742,248.853550,-9552.147819
488.535933,-38.285162,267.996131,-9571.290400
488.536560,95.712904,172.283227,-9552.147819
488.537188,133.998066,210.568389,-9437.292334
488.537815,95.712904,153.140646,-9475.577496
488.538442,210.568389,95.712904,-9360.722011
488.539069,210.568389,95.712904,-9284.151688
488.539697,210.568389,95.712904,-9303.294269
488.540324,133.998066,95.712904,-9341.579430
488.540951,153.140646,114.855485,-9341.579430
488.541578,95.712904,248.853550,-9360.722011
488.542206,19.142581,229.710970,-9494.720077
488.542833,38.285162,248.853550,-9571.290400
488.543460,57.427742,191.425808,-9609.575562
488.544087,114.855485,153.140646,-9552.147819
488.544714,133.998066,133.998066,-9513.862658
488.545342,133.998066,76.570323,-9494.720077
488.545969,114.855485,0.000000,-9399.007173
488.546596,191.425808,19.142581,-9418.149754
488.547223,133.998066,76.570323,-9265.009107
488.547851,153.140646,95.712904,-9303.294269
488.548478,172.283227,114.855485,-9341.579430
488.549105,95.712904,210.568389,-9360.722011
488.549732,38.285162,229.710970,-9437.292334
488.550360,38.285162,287.138712,-9494.720077
488.550987,38.285162,229.710970,-9475.577496
488.551614,38.285162,210.568389,-9456.434915
488.552241,114.855485,229.710970,-9456.434915
488.552868,133.998066,114.855485,-9418.149754
488.553496,210.568389,95.712904,-9360.722011
488.554123,191.425808,114.855485,-9303.294269
488.554750,153.140646,95.712904,-9245.866526
488.555377,57.427742,248.853550,-9322.436850
488.556005,57.427742,248.853550,-9322.436850
488.556632,95.712904,191.425808,-9437.292334
488.557259,0.000000,248.853550,-9533.005238
488.557886,19.142581,229.710970,-9494.720077
488.558514,57.427742,172.283227,-9552.147819
488.559141,133.998066,76.570323,-9571.290400
488.559768,38.285162,76.570323,-9571.290400
488.560395,95.712904,95.712904,-9437.292334
488.561022,153.140646,57.427742,-9360.722011
488.561650,191.425808,95.712904,-9245.866526
488.562277,133.998066,38.285162,-9284.151688
488.562904,76.570323,76.570323,-9322.436850
488.563531,57.427742,172.283227,-9418.149754
488.564159,57.427742,229.710970,-9418.149754
488.564786,0.000000,306.281293,-9437.292334
488.565413,0.000000,287.138712,-9456.434915
488.566040,19.142581,287.138712,-9590.432981
488.566668,76.570323,210.568389,-9533.005238
488.567295,210.568389,133.998066,-9437.292334
488.567922,153.140646,133.998066,-9399.007173
488.568549,210.568389,95.712904,-9341.579430
488.569176,172.283227,114.855485,-9322.436850
488.569804,95.712904,133.998066,-9245.866526
488.570431,76.570323,76.570323,-9303.294269
488.571058,57.427742,153.140646,-9360.722011
488.571685,95.712904,191.425808,-9418.149754
488.572313,0.000000,229.710970,-9513.862658
488.572940,19.142581,248.853550,-9571.290400
488.573567,76.570323,133.998066,-9552.147819
488.574194,57.427742,133.998066,-9552.147819
488.574821,76.570323,95.712904,-9456.434915
488.575449,210.568389,133.998066,-9399.007173
488.576076,191.425808,76.570323,-9360.722011
488.576703,114.855485,133.998066,-9341.579430
488.577330,172.283227,95.712904,-9188.438784
488.577958,95.712904,153.140646,-9303.294269
488.578585,133.998066,172.283227,-9418.149754
488.579212,95.712904,248.853550,-9360.722011
488.579839,19.142581,229.710970,-9475.577496
488.580467,38.285162,229.710970,-9475.577496
488.581094,76.570323,153.140646,-9552.147819
488.581721,133.998066,191.425808,-9456.434915
488.582348,133.998066,114.855485,-9418.149754
488.582975,114.855485,95.712904,-9399.007173
488.583603,248.853550,38.285162,-9341.579430
488.584230,153.140646,38.285162,-9303.294269
488.584857,95.712904,57.427742,-9303.294269
488.585483,133.998066,76.570323,-9379.864592
488.586110,76.570323,191.425808,-9418.149754
488.586737,38.285162,229.710970,-9494.720077
488.587364,-38.285162,191.425808,-9513.862658
488.587991,19.142581,210.568389,-9533.005238
488.588618,57.427742,210.568389,-9647.860723
488.589245,153.140646,210.568389,-9513.862658
488.589872,76.570323,114.855485,-9475.577496
488.590499,153.140646,172.283227,-9399.007173
488.591126,172.283227,114.855485,-9284.151688
488.591753,57.427742,76.570323,-9322.436850
488.592380,38.285162,76.570323,-9284.151688
488.593006,114.855485,210.568389,-9284.151688
488.593633,38.285162,153.140646,-9341.579430
488.594260,76.570323,229.710970,-9533.005238
488.594887,-38.285162,248.853550,-9475.577496
488.595514,19.142581,210.568389,-9475.577496
488.596141,76.570323,172.283227,-9475.577496
488.596768,133.998066,114.855485,-9494.720077
488.597395,172.283227,95.712904,-9437.292334
488.598022,229.710970,57.427742,-9456.434915
488.598649,191.425808,-19.142581,-9303.294269
488.599276,172.283227,76.570323,-9418.149754
488.599903,76.570323,76.570323,-9322.436850
488.600529,114.855485,95.712904,-9399.007173
488.601156,38.285162,172.283227,-9418.149754
488.601783,19.142581,229.710970,-9494.720077
488.602410,57.427742,191.425808,-9552.147819
488.603037,76.570323,133.998066,-9552.147819
488.603664,133.998066,172.283227,-9533.005238
488.604291,76.570323,114.855485,-9475.577496
488.604918,153.140646,133.998066,-9399.007173
488.605545,191.425808,95.712904,-9379.864592
488.606172,210.568389,114.855485,-9322.436850
488.606799,153.140646,95.712904,-9245.866526
488.607426,133.998066,76.570323,-9284.151688
488.608052,57.427742,191.425808,-9341.579430
488.608679,57.427742,172.283227,-9360.722011
488.609306,19.142581,229.710970,-9437.292334
488.609933,0.000000,172.283227,-9533.005238
488.610560,57.427742,172.283227,-9552.147819
488.611187,172.283227,133.998066,-9552.147819
488.611814,133.998066,114.855485,-9475.577496
488.612441,114.855485,38.285162,-9399.007173
488.613068,191.425808,76.570323,-9418.149754
488.613695,191.425808,76.570323,-9418.149754
488.614322,153.140646,95.712904,-9360.722011
488.614949,114.855485,133.998066,-9360.722011
488.615575,133.998066,153.140646,-9399.007173
488.616202,95.712904,287.138712,-9494.720077
488.616829,57.427742,248.853550,-9552.147819
488.617456,76.570323,229.710970,-9533.005238
488.618083,76.570323,191.425808,-9571.290400
488.618710,133.998066,172.283227,-9513.862658
488.619337,76.570323,133.998066,-9552.147819
488.619964,172.283227,76.570323,-9418.149754
488.620591,229.710970,114.855485,-9322.436850
488.621218,191.425808,95.712904,-9245.866526
488.621845,172.283227,114.855485,-9265.009107
488.622472,114.855485,172.283227,-9341.579430
488.623098,76.570323,133.998066,-9360.722011
488.623725,76.570323,210.568389,-9437.292334
488.624352,38.285162,229.710970,-9475.577496
488.624979,-19.142581,229.710970,-9513.862658
488.625606,76.570323,172.283227,-9590.432981
488.626233,38.285162,114.855485,-9475.577496
488.626860,95.712904,38.285162,-9437.292334
488.627487,172.283227,19.142581,-9456.434915
488.628114,210.568389,133.998066,-9379.864592
488.628741,153.140646,95.712904,-9284.151688
488.629368,153.140646,95.712904,-9245.866526
488.629995,76.570323,76.570323,-9284.151688
488.630621,133.998066,114.855485,-9360.722011
488.631248,19.142581,210.568389,-9437.292334
488.631875,19.142581,229.710970,-9533.005238
488.632502,95.712904,229.710970,-9533.005238
488.633129,76.570323,191.425808,-9533.005238
488.633756,153.140646,133.998066,-9475.577496
488.634383,172.283227,76.570323,-9418.149754
488.635010,191.425808,76.570323,-9418.149754
488.635637,191.425808,114.855485,-9341.579430
488.636264,153.140646,95.712904,-9341.579430
488.636891,114.855485,153.140646,-9245.866526
488.637518,114.855485,172.283227,-9379.864592
488.638144,114.855485,248.853550,-9284.151688
488.638771,-38.285162,229.710970,-9418.149754
488.639398,-38.285162,248.853550,-9513.862658
488.640025,38.285162,153.140646,-9533.005238
488.640652,114.855485,172.283227,-9552.147819
488.641279,76.570323,114.855485,-9533.005238
488.641906,172.283227,57.427742,-9456.434915
488.642533,114.855485,95.712904,-9399.007173
488.643160,210.568389,95.712904,-9360.722011
488.643787,153.140646,38.285162,-9322.436850
488.644414,153.140646,95.712904,-9284.151688
488.645041,95.712904,133.998066,-9322.436850
488.645668,133.998066,153.140646,-9399.007173
488.646294,-38.285162,191.425808,-9475.577496
488.646921,19.142581,229.710970,-9533.005238
488.647548,38.285162,248.853550,-9571.290400
488.648175,153.140646,133.998066,-9494.720077
488.648802,153.140646,172.283227,-9437.292334
488.649429,133.998066,133.998066,-9399.007173
488.650056,210.568389,38.285162,-9360.722011
488.650683,210.568389,95.712904,-9245.866526
488.651310,153.140646,95.712904,-9303.294269
488.651937,133.998066,95.712904,-9245.866526
488.652564,114.855485,133.998066,-9360.722011
488.653191,95.712904,191.425808,-9418.149754
488.653817,19.142581,210.568389,-9475.577496
488.654444,19.142581,153.140646,-9533.005238
488.655071,95.712904,172.283227,-9552.147819
488.655698,133.998066,172.283227,-9533.005238
488.656325,133.998066,153.140646,-9475.577496
488.656952,153.140646,133.998066,-9456.434915
488.657579,191.425808,38.285162,-9418.149754
488.658206,172.283227,114.855485,-9379.864592
488.658833,76.570323,76.570323,-9379.864592
488.659460,95.712904,133.998066,-9284.151688
488.660087,38.285162,76.570323,-9379.864592
488.660714,57.427742,248.853550,-9360.722011
488.661340,19.142581,229.710970,-9418.149754
488.661967,38.285162,229.710970,-9437.292334
488.662594,95.712904,153.140646,-9552.147819
488.663221,38.285162,210.568389,-9533.005238
488.663848,153.140646,153.140646,-9475.577496
488.664475,229.710970,76.570323,-9418.149754
488.665102,210.568389,133.998066,-9379.864592
488.665729,229.710970,114.855485,-9284.151688
488.666356,133.998066,95.712904,-9341.579430
488.666983,95.712904,153.140646,-9341.579430
488.667610,133.998066,210.568389,-9418.149754
488.668237,95.712904,210.568389,-9418.149754
488.668863,-57.427742,172.283227,-9513.862658
488.669490,19.142581,172.283227,-9533.005238
488.670117,57.427742,133.998066,-9552.147819
488.670744,95.712904,133.998066,-9552.147819
488.671371,38.285162,76.570323,-9494.720077
488.671998,191.425808,57.427742,-9418.149754
488.672625,210.568389,0.000000,-9341.579430
488.673252,153.140646,95.712904,-9360.722011
488.673879,76.570323,95.712904,-9360.722011
488.674506,114.855485,133.998066,-9303.294269
488.675133,133.998066,229.710970,-9418.149754
488.675760,38.285162,248.853550,-9437.292334
488.676386,38.285162,210.568389,-9475.577496
488.677013,57.427742,287.138712,-9513.862658
488.677640,95.712904,210.568389,-9494.720077
488.678267,95.712904,172.283227,-9533.005238
488.678894,172.283227,114.855485,-9494.720077
488.679521,210.568389,133.998066,-9379.864592
488.680148,153.140646,95.712904,-9303.294269
488.680775,133.998066,95.712904,-9360.722011
488.681402,153.140646,95.712904,-9360.722011
488.682029,114.855485,133.998066,-9341.579430
488.682656,76.570323,114.855485,-9418.149754
488.683283,57.427742,210.568389,-9494.720077
488.683909,0.000000,133.998066,-9552.147819
488.684536,57.427742,133.998066,-9552.147819
488.685163,95.712904,133.998066,-9533.005238
488.685790,76.570323,153.140646,-9533.005238
488.686417,114.855485,38.285162,-9437.292334
488.687044,76.570323,95.712904,-9399.007173
488.687671,153.140646,95.712904,-9245.866526
488.688298,114.855485,114.855485,-9265.009107
488.688925,76.570323,76.570323,-9284.151688
488.689552,114.855485,133.998066,-9360.722011
488.690179,76.570323,267.996131,-9379.864592
488.690806,19.142581,229.710970,-9533.005238
488.691432,57.427742,248.853550,-9552.147819
488.692059,57.427742,287.138712,-9513.862658
488.692686,114.855485,172.283227,-9552.147819
488.693313,114.855485,172.283227,-9552.147819
488.693940,153.140646,114.855485,-9418.149754
488.694568,172.283227,0.000000,-9456.434915
488.695195,248.853550,95.712904,-9341.579430
488.695822,172.283227,95.712904,-9379.864592
488.696450,114.855485,133.998066,-9341.579430
488.697077,57.427742,76.570323,-9379.864592
488.697705,19.142581,191.425808,-9456.434915
488.698332,57.427742,191.425808,-9552.147819
488.698960,76.570323,172.283227,-9552.147819
488.699587,57.427742,133.998066,-9590.432981
488.700215,133.998066,114.855485,-9533.005238
488.700842,76.570323,114.855485,-9475.577496
488.701469,172.283227,76.570323,-9418.149754
488.702097,153.140646,76.570323,-9379.864592
488.702724,153.140646,38.285162,-9284.151688
488.703352,153.140646,95.712904,-9303.294269
488.703979,95.712904,153.140646,-9360.722011
488.704607,76.570323,248.853550,-9360.722011
488.705234,76.570323,229.710970,-9437.292334
488.705862,95.712904,287.138712,-9437.292334
488.706489,19.142581,306.281293,-9552.147819
488.707117,76.570323,267.996131,-9571.290400
488.707744,133.998066,210.568389,-9533.005238
488.708371,172.283227,172.283227,-9533.005238
488.708999,114.855485,95.712904,-9399.007173
488.709626,172.283227,57.427742,-9360.722011
488.710254,153.140646,57.427742,-9341.579430
488.710881,114.855485,114.855485,-9379.864592
488.711509,95.712904,133.998066,-9245.866526
488.712136,38.285162,133.998066,-9379.864592
488.712764,38.285162,114.855485,-9418.149754
488.713391,0.000000,191.425808,-9552.147819
488.714018,0.000000,133.998066,-9552.147819
488.714646,57.427742,153.140646,-9552.147819
488.715273,95.712904,172.283227,-9552.147819
488.715901,95.712904,95.712904,-9437.292334
488.716528,172.283227,76.570323,-9418.149754
488.717156,153.140646,95.712904,-9341.579430
488.717783,210.568389,95.712904,-9245.866526
488.718411,133.998066,38.285162,-9322.436850
488.719038,114.855485,153.140646,-9303.294269
488.719665,76.570323,229.710970,-9341.579430
488.720293,95.712904,229.710970,-9399.007173
488.720920,57.427742,306.281293,-9513.862658
488.721548,76.570323,287.138712,-9494.720077
488.722175,76.570323,210.568389,-9533.005238
488.722803,76.570323,114.855485,-9533.005238
488.723430,133.998066,114.855485,-9456.434915
488.724058,210.568389,133.998066,-9399.007173
488.724685,229.710970,19.142581,-9360.722011
488.725312,133.998066,19.142581,-9322.436850
488.725940,133.998066,133.998066,-9322.436850
488.726567,76.570323,114.855485,-9418.149754
488.727195,76.570323,153.140646,-9418.149754
488.727822,19.142581,153.140646,-9533.005238
488.728450,0.000000,172.283227,-9552.147819
488.729077,57.427742,172.283227,-9552.147819
488.729705,114.855485,191.425808,-9552.147819
488.730332,76.570323,153.140646,-9552.147819
488.730960,76.570323,114.855485,-9456.434915
488.731587,172.283227,76.570323,-9418.149754
488.732214,153.140646,95.712904,-9341.579430
488.732842,133.998066,57.427742,-9265.009107
488.733469,38.285162,133.998066,-9341.579430
488.734097,95.712904,248.853550,-9284.151688
488.734724,95.712904,191.425808,-9360.722011
488.735352,95.712904,287.138712,-9456.434915
488.735979,0.000000,267.996131,-9533.005238
488.736607,38.285162,267.996131,-9590.432981
488.737234,57.427742,248.853550,-9533.005238
488.737861,133.998066,114.855485,-9533.005238
488.738489,133.998066,76.570323,-9456.434915
488.739116,172.283227,57.427742,-9418.149754
488.739744,210.568389,0.000000,-9284.151688
488.740371,57.427742,76.570323,-9379.864592
488.740999,57.427742,38.285162,-9399.007173
488.741626,0.000000,133.998066,-9360.722011
488.742254,38.285162,172.283227,-9360.722011
488.742881,19.142581,210.568389,-9475.577496
488.743508,57.427742,210.568389,-9552.147819
488.744136,-19.142581,210.568389,-9571.290400
488.744763,172.283227,114.855485,-9571.290400
488.745391,133.998066,114.855485,-9475.577496
488.746018,153.140646,133.998066,-9399.007173
488.746646,191.425808,76.570323,-9360.722011
488.747273,191.425808,114.855485,-9265.009107
488.747901,172.283227,172.283227,-9341.579430
488.748528,114.855485,248.853550,-9284.151688
488.749155,57.427742,191.425808,-9284.151688
488.749783,95.712904,210.568389,-9360.722011
488.750410,0.000000,287.138712,-9513.862658
488.751038,38.285162,267.996131,-9513.862658
488.751665,38.285162,191.425808,-9533.005238
488.752293,133.998066,172.283227,-9513.862658
488.752920,38.285162,153.140646,-9533.005238
488.753548,210.568389,133.998066,-9437.292334
488.754175,114.855485,38.285162,-9399.007173
488.754803,153.140646,38.285162,-9303.294269
488.755430,153.140646,95.712904,-9341.579430
488.756057,133.998066,76.570323,-9322.436850
488.756685,95.712904,191.425808,-9360.722011
488.757312,57.427742,153.140646,-9437.292334
488.757940,38.285162,191.425808,-9475.577496
488.758567,19.142581,210.568389,-9533.005238
488.759195,57.427742,191.425808,-9552.147819
488.759822,76.570323,210.568389,-9437.292334
488.760450,76.570323,172.283227,-9475.577496
488.761077,133.998066,114.855485,-9418.149754
488.761704,172.283227,133.998066,-9284.151688
488.762332,210.568389,57.427742,-9284.151688
488.762959,191.425808,114.855485,-9265.009107
488.763587,114.855485,153.140646,-9341.579430
488.764214,95.712904,191.425808,-9360.722011
488.764842,0.000000,229.710970,-9456.434915
488.765469,19.142581,229.710970,-9533.005238
488.766097,95.712904,229.710970,-9513.862658
488.766724,57.427742,133.998066,-9647.860723
488.767351,76.570323,114.855485,-9533.005238
488.767979,114.855485,0.000000,-9494.720077
488.768606,114.855485,38.285162,-9399.007173
488.769234,153.140646,95.712904,-9303.294269
488.769861,153.140646,0.000000,-9303.294269
488.770489,57.427742,57.427742,-9399.007173
488.771116,95.712904,133.998066,-9360.722011
488.771744,114.855485,153.140646,-9360.722011
488.772371,57.427742,210.568389,-9494.720077
488.772998,38.285162,210.568389,-9456.434915
488.773626,0.000000,191.425808,-9552.147819
488.774253,95.712904,153.140646,-9552.147819
488.774881,133.998066,229.710970,-9437.292334
488.775508,172.283227,76.570323,-9418.149754
488.776136,191.425808,172.283227,-9379.864592
488.776763,191.425808,114.855485,-9284.151688
488.777391,210.568389,114.855485,-9379.864592
488.778018,133.998066,76.570323,-9265.009107
488.778646,172.283227,172.283227,-9322.436850
488.779273,19.142581,191.425808,-9418.149754
488.779900,19.142581,229.710970,-9475.577496
488.780528,38.285162,191.425808,-9494.720077
488.781155,57.427742,191.425808,-9552.147819
488.781783,95.712904,191.425808,-9533.005238
488.782410,95.712904,133.998066,-9552.147819
488.783038,114.855485,95.712904,-9399.007173
488.783665,191.425808,57.427742,-9418.149754
488.784293,248.853550,0.000000,-9341.579430
488.784920,210.568389,95.712904,-9245.866526
488.785547,133.998066,76.570323,-9265.009107
488.786175,95.712904,133.998066,-9360.722011
488.786802,133.998066,172.283227,-9418.149754
488.787430,76.570323,229.710970,-9475.577496
488.788057,38.285162,229.710970,-9533.005238
488.788685,-19.142581,191.425808,-9552.147819
488.789312,38.285162,210.568389,-9533.005238
488.789940,133.998066,114.855485,-9533.005238
488.790567,210.568389,133.998066,-9399.007173
488.791194,191.425808,76.570323,-9418.149754
488.791822,248.853550,19.142581,-9284.151688
488.792449,210.568389,95.712904,-9341.579430
488.793077,114.855485,133.998066,-9303.294269
488.793704,133.998066,114.855485,-9418.149754
488.794332,133.998066,248.853550,-9399.007173
488.794959,19.142581,229.710970,-9437.292334
488.795586,38.285162,229.710970,-9533.005238
488.796214,0.000000,210.568389,-9571.290400
488.796841,76.570323,153.140646,-9552.147819
488.797469,114.855485,172.283227,-9533.005238
488.798096,114.855485,57.427742,-9399.007173
488.798724,191.425808,76.570323,-9360.722011
488.799351,210.568389,38.285162,-9284.151688
488.799978,153.140646,95.712904,-9245.866526
488.800606,172.283227,114.855485,-9303.294269
488.801233,133.998066,172.283227,-9360.722011
488.801861,114.855485,210.568389,-9379.864592
488.802488,95.712904,287.138712,-9456.434915
488.803115,57.427742,306.281293,-9513.862658
488.803743,38.285162,229.710970,-9533.005238
488.804370,114.855485,287.138712,-9399.007173
488.804998,133.998066,153.140646,-9456.434915
488.805625,191.425808,95.712904,-9379.864592
488.806252,210.568389,95.712904,-9341.579430
488.806880,191.425808,114.855485,-9284.151688
488.807507,153.140646,95.712904,-9341.579430
488.808135,76.570323,76.570323,-9322.436850
488.808762,76.570323,210.568389,-9418.149754
488.809389,19.142581,114.855485,-9475.577496
488.810017,0.000000,172.283227,-9552.147819
488.810644,-19.142581,210.568389,-9590.432981
488.811272,38.285162,153.140646,-9647.860723
488.811899,172.283227,172.283227,-9552.147819
488.812526,133.998066,114.855485,-9533.005238
488.813154,114.855485,95.712904,-9437.292334
488.813781,153.140646,57.427742,-9379.864592
488.814409,153.140646,38.285162,-9341.579430
488.815036,133.998066,76.570323,-9303.294269
488.815663,114.855485,172.283227,-9322.436850
488.816291,95.712904,248.853550,-9341.579430
488.816918,19.142581,229.710970,-9437.292334
488.817546,0.000000,287.138712,-9456.434915
488.818173,0.000000,191.425808,-9533.005238
488.818800,114.855485,191.425808,-9533.005238
488.819428,133.998066,153.140646,-9418.149754
488.820055,133.998066,114.855485,-9456.434915
488.820683,172.283227,95.712904,-9399.007173
488.821310,248.853550,95.712904,-9284.151688
488.821937,153.140646,95.712904,-9303.294269
488.822565,133.998066,76.570323,-9379.864592
488.823192,76.570323,133.998066,-9360.722011
488.823820,95.712904,133.998066,-9418.149754
488.824447,19.142581,153.140646,-9475.577496
488.825074,57.427742,191.425808,-9533.005238
488.825702,57.427742,191.425808,-9552.147819
488.826329,76.570323,172.283227,-9533.005238
488.826957,76.570323,133.998066,-9552.147819
488.827584,95.712904,38.285162,-9399.007173
488.828211,248.853550,76.570323,-9418.149754
488.828839,172.283227,76.570323,-9360.722011
488.829466,172.283227,114.855485,-9322.436850
488.830094,114.855485,133.998066,-9341.579430
488.830721,172.283227,114.855485,-9284.151688
488.831348,95.712904,191.425808,-9360.722011
488.831976,-19.142581,287.138712,-9494.720077
488.832603,38.285162,229.710970,-9456.434915
488.833231,38.285162,229.710970,-9533.005238
488.833858,76.570323,210.568389,-9475.577496
488.834485,38.285162,153.140646,-9533.005238
488.835113,172.283227,76.570323,-9418.149754
488.835740,172.283227,76.570323,-9418.149754
488.836368,191.425808,95.712904,-9284.151688
488.836995,153.140646,95.712904,-9303.294269
488.837622,153.140646,95.712904,-9322.436850
488.838250,95.712904,76.570323,-9379.864592
488.838877,38.285162,210.568389,-9437.292334
488.839505,57.427742,153.140646,-9533.005238
488.840132,0.000000,248.853550,-9609.575562
488.840759,57.427742,248.853550,-9552.147819
488.841387,57.427742,191.425808,-9552.147819
488.842014,114.855485,95.712904,-9513.862658
488.842642,172.283227,76.570323,-9456.434915
488.843269,248.853550,76.570323,-9360.722011
488.843896,191.425808,95.712904,-9284.151688
488.844524,114.855485,114.855485,-9265.009107
488.845151,114.855485,114.855485,-9265.009107
488.845779,57.427742,133.998066,-9418.149754
488.846406,57.427742,210.568389,-9418.149754
488.847033,0.000000,306.281293,-9513.862658
488.847661,57.427742,229.710970,-9513.862658
488.848288,95.712904,191.425808,-9552.147819
488.848916,76.570323,210.568389,-9475.577496
488.849543,133.998066,76.570323,-9513.862658
488.850170,172.283227,57.427742,-9418.149754
488.850798,191.425808,57.427742,-9418.149754
488.851425,153.140646,38.285162,-9303.294269
488.852053,76.570323,76.570323,-9265.009107
488.852680,95.712904,153.140646,-9360.722011
488.853307,95.712904,133.998066,-9379.864592
488.853935,76.570323,229.710970,-9475.577496
488.854562,-38.285162,248.853550,-9513.862658
488.855190,95.712904,191.425808,-9533.005238
488.855817,57.427742,153.140646,-9552.147819
488.856444,38.285162,114.855485,-9475.577496
488.857072,95.712904,114.855485,-9437.292334
488.857699,248.853550,133.998066,-9399.007173
488.858327,133.998066,114.855485,-9341.579430
488.858954,210.568389,95.712904,-9245.866526
488.859581,133.998066,76.570323,-9284.151688
488.860209,95.712904,248.853550,-9245.866526
488.860836,95.712904,267.996131,-9341.579430
488.861464,57.427742,191.425808,-9360.722011
488.862091,19.142581,229.710970,-9475.577496
488.862718,19.142581,229.710970,-9533.005238
488.863346,57.427742,191.425808,-9552.147819
488.863973,133.998066,114.855485,-9533.005238
488.864601,153.140646,114.855485,-9533.005238
488.865228,153.140646,114.855485,-9456.434915
488.865855,210.568389,38.285162,-9360.722011
488.866483,153.140646,0.000000,-9360.722011
488.867110,76.570323,76.570323,-9303.294269
488.867738,114.855485,133.998066,-9322.436850
488.868365,38.285162,172.283227,-9418.149754
488.868992,-38.285162,191.425808,-9513.862658
488.869620,-38.285162,248.853550,-9456.434915
488.870247,0.000000,229.710970,-9513.862658
488.870875,95.712904,248.853550,-9533.005238
488.871502,76.570323,210.568389,-9475.577496
488.872129,210.568389,133.998066,-9437.292334
488.872757,191.425808,114.855485,-9322.436850
488.873384,191.425808,38.285162,-9341.579430
488.874012,210.568389,95.712904,-9303.294269
488.874639,95.712904,133.998066,-9245.866526
488.875266,95.712904,172.283227,-9360.722011
488.875894,153.140646,248.853550,-9399.007173
488.876521,0.000000,287.138712,-9475.577496
488.877149,19.142581,267.996131,-9609.575562
488.877776,19.142581,267.996131,-9571.290400
488.878403,95.712904,133.998066,-9552.147819
488.879031,114.855485,172.283227,-9552.147819
488.879658,153.140646,38.285162,-9475.577496
488.880286,191.425808,57.427742,-9418.149754
488.880913,172.283227,19.142581,-9360.722011
488.881540,153.140646,57.427742,-9341.579430
488.882168,153.140646,57.427742,-9341.579430
488.882795,133.998066,76.570323,-9379.864592
488.883423,114.855485,133.998066,-9360.722011
488.884050,76.570323,229.710970,-9475.577496
488.884677,57.427742,287.138712,-9513.862658
488.885305,0.000000,191.425808,-9552.147819
488.885932,114.855485,191.425808,-9533.005238
488.886560,57.427742,95.712904,-9437.292334
488.887187,172.283227,114.855485,-9379.864592
488.887814,153.140646,133.998066,-9399.007173
488.888442,153.140646,95.712904,-9245.866526
488.889069,114.855485,133.998066,-9322.436850
488.889697,76.570323,76.570323,-9265.009107
488.890324,38.285162,153.140646,-9360.722011
488.890951,76.570323,229.710970,-9418.149754
488.891579,19.142581,229.710970,-9533.005238
488.892206,19.142581,229.710970,-9552.147819
488.892834,19.142581,172.283227,-9533.005238
488.893461,95.712904,114.855485,-9475.577496
488.894088,95.712904,114.855485,-9475.577496
488.894716,133.998066,114.855485,-9456.434915
488.895343,191.425808,38.285162,-9418.149754
488.895970,153.140646,95.712904,-9341.579430
488.896597,76.570323,76.570323,-9379.864592
488.897224,95.712904,153.140646,-9284.151688
488.897852,133.998066,191.425808,-9418.149754
488.898479,0.000000,287.138712,-9399.007173
488.899106,57.427742,287.138712,-9513.862658
488.899733,19.142581,248.853550,-9494.720077
488.900360,57.427742,191.425808,-9552.147819
488.900987,76.570323,229.710970,-9533.005238
488.901615,114.855485,133.998066,-9475.577496
488.902242,133.998066,114.855485,-9418.149754
488.902869,172.283227,95.712904,-9265.009107
488.903496,210.568389,38.285162,-9303.294269
488.904123,153.140646,95.712904,-9322.436850
488.904750,57.427742,153.140646,-9360.722011
488.905378,114.855485,191.425808,-9341.579430
488.906005,76.570323,229.710970,-9494.720077
488.906632,19.142581,229.710970,-9533.005238
488.907259,-19.142581,229.710970,-9571.290400
488.907886,76.570323,133.998066,-9552.147819
488.908513,76.570323,76.570323,-9571.290400
488.909141,133.998066,76.570323,-9494.720077
488.909768,172.283227,95.712904,-9399.007173
488.910395,153.140646,95.712904,-9341.579430
488.911022,172.283227,133.998066,-9284.151688
488.911649,210.568389,95.712904,-9322.436850
488.912276,133.998066,76.570323,-9341.579430
488.912904,133.998066,172.283227,-9418.149754
488.913531,76.570323,172.283227,-9418.149754
488.914158,19.142581,229.710970,-9533.005238
488.914785,57.427742,191.425808,-9552.147819
488.915412,57.427742,191.425808,-9552.147819
488.916039,38.285162,229.710970,-9533.005238
488.916667,133.998066,153.140646,-9456.434915
488.917294,248.853550,133.998066,-9399.007173
488.917921,287.138712,76.570323,-9341.579430
488.918548,153.140646,95.712904,-9303.294269
488.919175,191.425808,76.570323,-9360.722011
488.919802,114.855485,153.140646,-9322.436850
488.920430,95.712904,153.140646,-9360.722011
488.921057,19.142581,114.855485,-9533.005238
488.921684,19.142581,287.138712,-9552.147819
488.922311,76.570323,172.283227,-9609.575562
488.922938,57.427742,133.998066,-9590.432981
488.923565,57.427742,95.712904,-9513.862658
488.924193,114.855485,95.712904,-9418.149754
488.924820,191.425808,57.427742,-9418.149754
488.925447,210.568389,0.000000,-9284.151688
488.926074,153.140646,0.000000,-9341.579430
488.926701,133.998066,76.570323,-9322.436850
488.927328,95.712904,133.998066,-9360.722011
488.927956,38.285162,267.996131,-9379.864592
488.928583,38.285162,229.710970,-9437.292334
488.929210,-19.142581,287.138712,-9513.862658
488.929837,-38.285162,248.853550,-9513.862658
488.930464,76.570323,191.425808,-9552.147819
488.931091,76.570323,153.140646,-9475.577496
488.931719,153.140646,114.855485,-9418.149754
488.932346,210.568389,76.570323,-9418.149754
488.932973,172.283227,95.712904,-9379.864592
488.933600,133.998066,95.712904,-9322.436850
488.934227,133.998066,76.570323,-9322.436850
488.934854,114.855485,153.140646,-9418.149754
488.935482,76.570323,172.283227,-9418.149754
488.936109,95.712904,191.425808,-9533.005238
488.936736,38.285162,191.425808,-9552.147819
488.937363,0.000000,191.425808,-9628.718142
488.937990,95.712904,153.140646,-9552.147819
488.938617,38.285162,114.855485,-9456.434915
488.939245,172.283227,76.570323,-9456.434915
488.939872,191.425808,76.570323,-9418.149754
488.940499,191.425808,114.855485,-9265.009107
488.941126,210.568389,95.712904,-9245.866526
488.941753,133.998066,95.712904,-9245.866526
488.942380,114.855485,153.140646,-9341.579430
488.943008,38.285162,267.996131,-9379.864592
488.943635,-38.285162,248.853550,-9513.862658
488.944262,76.570323,267.996131,-9571.290400
488.944889,0.000000,229.710970,-9571.290400
488.945516,76.570323,153.140646,-9533.005238
488.946143,153.140646,133.998066,-9494.720077
488.946771,191.425808,57.427742,-9494.720077
488.947398,191.425808,57.427742,-9418.149754
488.948025,133.998066,57.427742,-9341.579430
488.948652,114.855485,38.285162,-9399.007173
488.949279,19.142581,76.570323,-9379.864592
488.949906,57.427742,133.998066,-9418.149754
488.950534,19.142581,229.710970,-9533.005238
488.951161,19.142581,210.568389,-9533.005238
488.951788,-19.142581,248.853550,-9552.147819
488.952415,-19.142581,172.283227,-9571.290400
488.953042,114.855485,133.998066,-9533.005238
488.953669,114.855485,133.998066,-9533.005238
488.954297,153.140646,133.998066,-9399.007173
488.954924,191.425808,76.570323,-9360.722011
488.955551,210.568389,95.712904,-9245.866526
488.956178,210.568389,114.855485,-9265.009107
488.956805,114.855485,153.140646,-9265.009107
488.957432,95.712904,210.568389,-9284.151688
488.958060,19.142581,267.996131,-9379.864592
488.958687,-38.285162,248.853550,-9399.007173
488.959314,0.000000,229.710970,-9513.862658
488.959941,76.570323,153.140646,-9475.577496
488.960568,76.570323,114.855485,-9533.005238
488.961195,133.998066,153.140646,-9456.434915
488.961823,153.140646,57.427742,-9360.722011
488.962450,153.140646,57.427742,-9341.579430
488.963077,153.140646,95.712904,-9360.722011
488.963704,114.855485,95.712904,-9399.007173
488.964331,95.712904,133.998066,-9341.579430
488.964958,38.285162,191.425808,-9418.149754
488.965586,95.712904,153.140646,-9552.147819
488.966213,57.427742,191.425808,-9552.147819
488.966840,57.427742,133.998066,-9552.147819
488.967467,38.285162,191.425808,-9571.290400
488.968094,95.712904,191.425808,-9552.147819
488.968721,114.855485,95.712904,-9437.292334
488.969349,114.855485,38.285162,-9399.007173
488.969976,153.140646,95.712904,-9341.579430
488.970603,210.568389,57.427742,-9245.866526
488.971230,133.998066,76.570323,-9265.009107
488.971857,172.283227,114.855485,-9284.151688
488.972484,57.427742,191.425808,-9341.579430
488.973112,19.142581,229.710970,-9437.292334
488.973739,19.142581,229.710970,-9533.005238
488.974366,57.427742,287.138712,-9513.862658
488.974993,38.285162,172.283227,-9533.005238
488.975620,76.570323,210.568389,-9494.720077
488.976247,76.570323,133.998066,-9475.577496
488.976874,191.425808,57.427742,-9456.434915
488.977502,210.568389,133.998066,-9399.007173
488.978129,133.998066,95.712904,-9284.151688
488.978756,76.570323,76.570323,-9322.436850
488.979383,114.855485,133.998066,-9322.436850
488.980010,38.285162,229.710970,-9437.292334
488.980637,38.285162,153.140646,-9475.577496
488.981265,38.285162,210.568389,-9533.005238
488.981892,38.285162,267.996131,-9571.290400
488.982519,95.712904,210.568389,-9456.434915
488.983146,76.570323,114.855485,-9494.720077
488.983773,210.568389,133.998066,-9399.007173
488.984400,172.283227,57.427742,-9360.722011
488.985028,114.855485,114.855485,-9303.294269
488.985655,114.855485,172.283227,-9245.866526
488.986282,95.712904,133.998066,-9322.436850
488.986909,95.712904,210.568389,-9341.579430
488.987536,95.712904,248.853550,-9418.149754
488.988163,38.285162,210.568389,-9475.577496
488.988791,19.142581,229.710970,-9533.005238
488.989418,19.142581,267.996131,-9571.290400
488.990045,76.570323,114.855485,-9475.577496
488.990672,114.855485,95.712904,-9513.862658
488.991299,191.425808,76.570323,-9456.434915
488.991926,172.283227,19.142581,-9456.434915
488.992554,210.568389,38.285162,-9341.579430
488.993181,133.998066,76.570323,-9322.436850
488.993808,95.712904,133.998066,-9341.579430
488.994435,76.570323,133.998066,-9360.722011
488.995062,95.712904,172.283227,-9418.149754
488.995689,38.285162,191.425808,-9475.577496
488.996317,-19.142581,191.425808,-9475.577496
488.996944,57.427742,248.853550,-9552.147819
488.997571,57.427742,191.425808,-9533.005238
488.998198,114.855485,133.998066,-9475.577496
488.998825,114.855485,95.712904,-9399.007173
488.999452,248.853550,95.712904,-9341.579430
489.000080,153.140646,95.712904,-9245.866526
489.000707,114.855485,76.570323,-9265.009107
489.001334,95.712904,76.570323,-9341.579430
489.001961,114.855485,191.425808,-9341.579430
489.002588,114.855485,248.853550,-9360.722011
489.003216,38.285162,191.425808,-9533.005238
489.003843,-19.142581,153.140646,-9571.290400
489.004470,57.427742,133.998066,-9552.147819
489.005097,114.855485,133.998066,-9552.147819
489.005724,114.855485,76.570323,-9552.147819
489.006352,172.283227,0.000000,-9437.292334
489.006979,287.138712,19.142581,-9418.149754
489.007606,210.568389,95.712904,-9322.436850
489.008233,133.998066,133.998066,-9379.864592
489.008860,95.712904,133.998066,-9303.294269
489.009487,133.998066,191.425808,-9418.149754
489.010115,19.142581,210.568389,-9437.292334
489.010742,95.712904,287.138712,-9437.292334
489.011369,38.285162,153.140646,-9533.005238
489.011996,57.427742,172.283227,-9552.147819
489.012623,133.998066,172.283227,-9533.005238
489.013251,153.140646,133.998066,-9437.292334
489.013878,172.283227,133.998066,-9379.864592
489.014505,229.710970,114.855485,-9265.009107
489.015132,191.425808,95.712904,-9245.866526
489.015759,153.140646,95.712904,-9284.151688
489.016387,133.998066,57.427742,-9341.579430
489.017014,114.855485,153.140646,-9360.722011
489.017641,38.285162,248.853550,-9437.292334
489.018268,38.285162,229.710970,-9533.005238
489.018895,95.712904,248.853550,-9552.147819
489.019522,57.427742,172.283227,-9552.147819
489.020150,114.855485,133.998066,-9552.147819
489.020777,133.998066,76.570323,-9513.862658
489.021404,229.710970,57.427742,-9437.292334
489.022031,248.853550,57.427742,-9341.579430
489.022658,153.140646,0.000000,-9341.579430
489.023286,38.285162,76.570323,-9284.151688
489.023913,133.998066,95.712904,-9322.436850
489.024540,95.712904,133.998066,-9360.722011
489.025167,38.285162,229.710970,-9399.007173
489.025794,-76.570323,248.853550,-9456.434915
489.026422,19.142581,191.425808,-9494.720077
489.027049,133.998066,229.710970,-9475.577496
489.027676,133.998066,153.140646,-9533.005238
489.028303,153.140646,133.998066,-9437.292334
489.028930,229.710970,153.140646,-9399.007173
489.029557,210.568389,95.712904,-9284.151688
489.030185,153.140646,95.712904,-9322.436850
489.030812,133.998066,95.712904,-9303.294269
489.031439,76.570323,76.570323,-9322.436850
489.032066,133.998066,210.568389,-9437.292334
489.032693,57.427742,229.710970,-9513.862658
489.033321,38.285162,325.423874,-9571.290400
489.033948,57.427742,191.425808,-9552.147819
489.034575,76.570323,172.283227,-9609.575562
489.035202,114.855485,153.140646,-9609.575562
489.035829,133.998066,114.855485,-9418.149754
489.036457,229.710970,38.285162,-9360.722011
489.037084,210.568389,0.000000,-9284.151688
489.037711,153.140646,95.712904,-9303.294269
489.038338,133.998066,114.855485,-9341.579430
489.038965,95.712904,133.998066,-9360.722011
489.039593,114.855485,210.568389,-9360.722011
489.040220,57.427742,229.710970,-9475.577496
489.040847,19.142581,229.710970,-9533.005238
489.041474,38.285162,267.996131,-9571.290400
489.042101,133.998066,229.710970,-9456.434915
489.042728,133.998066,191.425808,-9475.577496
489.043356,210.568389,153.140646,-9399.007173
489.043983,191.425808,114.855485,-9303.294269
489.044610,248.853550,38.285162,-9245.866526
489.045237,133.998066,57.427742,-9322.436850
489.045864,95.712904,133.998066,-9303.294269
489.046492,76.570323,114.855485,-9418.149754
489.047119,38.285162,172.283227,-9418.149754
489.047746,57.427742,287.138712,-9513.862658
489.048373,0.000000,229.710970,-9513.862658
489.049000,57.427742,153.140646,-9609.575562
489.049628,57.427742,153.140646,-9552.147819
489.050255,172.283227,114.855485,-9571.290400
489.050882,172.283227,76.570323,-9437.292334
489.051509,191.425808,76.570323,-9399.007173
489.052136,191.425808,95.712904,-9322.436850
489.052763,133.998066,76.570323,-9284.151688
489.053391,153.140646,76.570323,-9284.151688
489.054018,38.285162,210.568389,-9418.149754
489.054645,38.285162,267.996131,-9399.007173
489.055272,0.000000,287.138712,-9494.720077
489.055899,0.000000,287.138712,-9513.862658
489.056527,57.427742,287.138712,-9513.862658
489.057154,133.998066,229.710970,-9437.292334
489.057781,95.712904,153.140646,-9475.577496
489.058408,191.425808,133.998066,-9360.722011
489.059035,248.853550,38.285162,-9284.151688
489.059663,191.425808,57.427742,-9303.294269
489.060290,76.570323,76.570323,-9322.436850
489.060917,153.140646,114.855485,-9360.722011
489.061544,153.140646,153.140646,-9399.007173
489.062171,76.570323,210.568389,-9494.720077
489.062799,38.285162,114.855485,-9533.005238
489.063426,-19.142581,191.425808,-9571.290400
489.064053,57.427742,191.425808,-9552.147819
489.064680,38.285162,114.855485,-9533.005238
489.065307,153.140646,114.855485,-9533.005238
489.065934,172.283227,76.570323,-9456.434915
489.066562,191.425808,19.142581,-9360.722011
489.067189,153.140646,57.427742,-9245.866526
489.067816,95.712904,133.998066,-9284.151688
489.068443,95.712904,133.998066,-9303.294269
489.069070,95.712904,210.568389,-9360.722011
489.069698,57.427742,287.138712,-9399.007173
489.070325,0.000000,306.281293,-9456.434915
489.070952,19.142581,210.568389,-9494.720077
489.071579,19.142581,229.710970,-9533.005238
489.072206,133.998066,210.568389,-9533.005238
489.072834,133.998066,114.855485,-9475.577496
489.073461,172.283227,38.285162,-9399.007173
489.074088,210.568389,95.712904,-9341.579430
489.074715,210.568389,95.712904,-9322.436850
489.075342,95.712904,95.712904,-9399.007173
489.075969,95.712904,172.283227,-9360.722011
489.076597,76.570323,114.855485,-9418.149754
489.077224,-76.570323,153.140646,-9571.290400
489.077851,19.142581,172.283227,-9533.005238
489.078478,0.000000,191.425808,-9571.290400
489.079105,95.712904,191.425808,-9552.147819
489.079733,76.570323,153.140646,-9533.005238
489.080360,114.855485,95.712904,-9437.292334
489.080987,133.998066,76.570323,-9379.864592
489.081614,153.140646,95.712904,-9284.151688
489.082241,153.140646,95.712904,-9245.866526
489.082869,133.998066,38.285162,-9265.009107
489.083496,95.712904,133.998066,-9303.294269
489.084123,57.427742,248.853550,-9341.579430
489.084750,-19.142581,267.996131,-9494.720077
489.085377,19.142581,229.710970,-9437.292334
489.086004,38.285162,267.996131,-9571.290400
489.086632,95.712904,191.425808,-9552.147819
489.087259,114.855485,172.283227,-9552.147819
489.087886,172.283227,114.855485,-9494.720077
489.088513,114.855485,19.142581,-9399.007173
489.089140,153.140646,0.000000,-9284.151688
489.089768,210.568389,57.427742,-9284.151688
489.090395,133.998066,57.427742,-9322.436850
489.091022,95.712904,38.285162,-9379.864592
489.091649,76.570323,172.283227,-9418.149754
489.092276,19.142581,229.710970,-9533.005238
489.092904,-38.285162,191.425808,-9513.862658
489.093531,0.000000,191.425808,-9590.432981
489.094158,76.570323,210.568389,-9533.005238
489.094785,114.855485,133.998066,-9475.577496
489.095412,153.140646,133.998066,-9399.007173
489.096040,153.140646,95.712904,-9284.151688
489.096668,153.140646,95.712904,-9245.866526
489.097295,114.855485,114.855485,-9207.581365
489.097923,114.855485,133.998066,-9245.866526
489.098551,133.998066,76.570323,-9341.579430
489.099178,95.712904,133.998066,-9360.722011
489.099806,-38.285162,248.853550,-9494.720077
489.100434,38.285162,210.568389,-9533.005238
489.101061,0.000000,248.853550,-9552.147819
489.101689,95.712904,191.425808,-9533.005238
489.102317,172.283227,133.998066,-9533.005238
489.102945,95.712904,95.712904,-9513.862658
489.103572,191.425808,19.142581,-9399.007173
489.104200,153.140646,95.712904,-9341.579430
489.104828,133.998066,38.285162,-9341.579430
489.105455,76.570323,76.570323,-9322.436850
489.106083,133.998066,172.283227,-9418.149754
489.106711,76.570323,210.568389,-9437.292334
489.107338,19.142581,210.568389,-9533.005238
489.107966,19.142581,172.283227,-9533.005238
489.108594,57.427742,248.853550,-9552.147819
489.109221,76.570323,114.855485,-9475.577496
489.109849,76.570323,153.140646,-9418.149754
489.110477,133.998066,153.140646,-9418.149754
489.111104,210.568389,38.285162,-9284.151688
489.111732,191.425808,95.712904,-9265.009107
489.112360,133.998066,38.285162,-9245.866526
489.112987,172.283227,172.283227,-9284.151688
489.113615,57.427742,153.140646,-9360.722011
489.114243,-19.142581,325.423874,-9418.149754
489.114870,0.000000,229.710970,-9571.290400
489.115498,38.285162,325.423874,-9571.290400
489.116126,114.855485,248.853550,-9552.147819
489.116754,114.855485,191.425808,-9552.147819
489.117381,114.855485,95.712904,-9494.720077
489.118009,172.283227,76.570323,-9475.577496
489.118637,191.425808,19.142581,-9360.722011
489.119264,229.710970,0.000000,-9341.579430
489.119892,133.998066,76.570323,-9379.864592
489.120520,95.712904,133.998066,-9360.722011
489.121147,133.998066,191.425808,-9418.149754
489.121775,38.285162,229.710970,-9475.577496
489.122403,38.285162,248.853550,-9533.005238
489.123030,38.285162,229.710970,-9533.005238
489.123658,38.285162,172.283227,-9475.577496
489.124286,76.570323,191.425808,-9494.720077
489.124913,95.712904,114.855485,-9418.149754
489.125541,153.140646,133.998066,-9399.007173
489.126169,248.853550,38.285162,-9245.866526
489.126796,210.568389,57.427742,-9245.866526
489.127424,95.712904,133.998066,-9245.866526
489.128052,95.712904,172.283227,-9303.294269
489.128679,133.998066,191.425808,-9399.007173
489.129307,19.142581,287.138712,-9533.005238
489.129935,0.000000,229.710970,-9513.862658
489.130562,57.427742,172.283227,-9552.147819
489.131190,57.427742,133.998066,-9552.147819
489.131818,133.998066,114.855485,-9475.577496
489.132446,114.855485,95.712904,-9418.149754
489.133073,191.425808,76.570323,-9360.722011
489.133701,153.140646,0.000000,-9360.722011
489.134329,76.570323,57.427742,-9303.294269
489.134956,133.998066,76.570323,-9341.579430
489.135584,95.712904,133.998066,-9341.579430
489.136212,57.427742,191.425808,-9418.149754
489.136839,0.000000,287.138712,-9494.720077
489.137467,-38.285162,248.853550,-9494.720077
489.138095,76.570323,229.710970,-9494.720077
489.138722,95.712904,191.425808,-9533.005238
489.139350,133.998066,153.140646,-9475.577496
489.139978,153.140646,114.855485,-9418.149754
489.140605,229.710970,114.855485,-9322.436850
489.141233,248.853550,95.712904,-9341.579430
489.141861,153.140646,95.712904,-9303.294269
489.142488,172.283227,114.855485,-9303.294269
489.143116,95.712904,133.998066,-9341.579430
489.143744,76.570323,153.140646,-9418.149754
489.144371,-38.285162,248.853550,-9513.862658
489.144999,0.000000,267.996131,-9552.147819
489.145627,38.285162,248.853550,-9590.432981
489.146255,114.855485,133.998066,-9552.147819
489.146882,76.570323,114.855485,-9533.005238
489.147510,229.710970,57.427742,-9456.434915
489.148138,172.283227,76.570323,-9360.722011
489.148765,153.140646,95.712904,-9284.151688
489.149393,133.998066,76.570323,-9265.009107
489.150021,133.998066,133.998066,-9284.151688
489.150648,76.570323,76.570323,-9322.436850
489.151276,38.285162,229.710970,-9418.149754
489.151904,0.000000,248.853550,-9475.577496
489.152531,95.712904,287.138712,-9494.720077
489.153159,38.285162,229.710970,-9475.577496
489.153787,95.712904,229.710970,-9494.720077
489.154414,133.998066,172.283227,-9418.149754
489.155042,153.140646,76.570323,-9379.864592
489.155670,191.425808,95.712904,-9284.151688
489.156297,153.140646,95.712904,-9341.579430
489.156925,153.140646,95.712904,-9303.294269
489.157553,114.855485,133.998066,-9245.866526
489.158180,114.855485,191.425808,-9360.722011
489.158808,19.142581,229.710970,-9437.292334
489.159436,57.427742,191.425808,-9552.147819
489.160064,95.712904,248.853550,-9609.575562
489.160691,95.712904,172.283227,-9533.005238
489.161319,95.712904,191.425808,-9552.147819
489.161947,95.712904,114.855485,-9475.577496
489.162574,153.140646,95.712904,-9418.149754
489.163202,191.425808,19.142581,-9360.722011
489.163830,153.140646,95.712904,-9245.866526
489.164457,95.712904,95.712904,-9379.864592
489.165085,76.570323,76.570323,-9379.864592
489.165713,95.712904,153.140646,-9360.722011
489.166340,38.285162,267.996131,-9399.007173
489.166968,-38.285162,287.138712,-9552.147819
489.167596,76.570323,287.138712,-9513.862658
489.168223,57.427742,191.425808,-9552.147819
489.168851,76.570323,210.568389,-9475.577496
489.169479,133.998066,114.855485,-9399.007173
489.170106,210.568389,76.570323,-9399.007173
489.170734,191.425808,57.427742,-9418.149754
489.171362,210.568389,95.712904,-9284.151688
489.171989,172.283227,76.570323,-9360.722011
489.172617,76.570323,76.570323,-9379.864592
489.173245,76.570323,172.283227,-9418.149754
489.173873,0.000000,191.425808,-9494.720077
489.174500,19.142581,210.568389,-9533.005238
489.175128,57.427742,172.283227,-9552.147819
489.175756,95.712904,133.998066,-9609.575562
489.176383,95.712904,133.998066,-9552.147819
489.177011,172.283227,76.570323,-9475.577496
489.177639,172.283227,76.570323,-9456.434915
489.178266,153.140646,38.285162,-9322.436850
489.178894,153.140646,57.427742,-9245.866526
489.179522,114.855485,133.998066,-9245.866526
489.180149,114.855485,248.853550,-9360.722011
489.180777,95.712904,191.425808,-9360.722011
489.181405,38.285162,210.568389,-9437.292334
489.182032,57.427742,287.138712,-9494.720077
489.182660,-38.285162,172.283227,-9513.862658
489.183288,57.427742,172.283227,-9533.005238
489.183915,133.998066,114.855485,-9475.577496
489.184543,210.568389,172.283227,-9456.434915
489.185171,191.425808,57.427742,-9418.149754
489.185798,191.425808,38.285162,-9360.722011
489.186426,153.140646,38.285162,-9360.722011
489.187054,76.570323,76.570323,-9379.864592
489.187682,76.570323,114.855485,-9418.149754
489.188309,76.570323,229.710970,-9437.292334
489.188937,38.285162,229.710970,-9533.005238
489.189565,57.427742,191.425808,-9552.147819
489.190192,57.427742,191.425808,-9552.147819
489.190820,57.427742,172.283227,-9552.147819
489.191448,76.570323,114.855485,-9533.005238
489.192075,114.855485,95.712904,-9399.007173
489.192703,153.140646,38.285162,-9360.722011
489.193331,210.568389,0.000000,-9341.579430
489.193958,133.998066,76.570323,-9284.151688
489.194586,114.855485,133.998066,-9303.294269
489.195214,95.712904,210.568389,-9303.294269
489.195841,0.000000,191.425808,-9360.722011
489.196469,-76.570323,267.996131,-9437.292334
489.197096,19.142581,153.140646,-9533.005238
489.197724,0.000000,229.710970,-9571.290400
489.198351,76.570323,172.283227,-9533.005238
489.198979,133.998066,114.855485,-9475.577496
489.199606,191.425808,133.998066,-9456.434915
489.200234,191.425808,76.570323,-9360.722011
489.200861,210.568389,114.855485,-9322.436850
489.201489,172.283227,57.427742,-9341.579430
489.202116,76.570323,76.570323,-9322.436850
489.202744,57.427742,95.712904,-9399.007173
489.203371,19.142581,191.425808,-9494.720077
489.203999,19.142581,267.996131,-9571.290400
489.204627,0.000000,153.140646,-9552.147819
489.205254,57.427742,248.853550,-9552.147819
489.205882,133.998066,172.283227,-9475.577496
489.206509,76.570323,95.712904,-9437.292334
489.207137,210.568389,133.998066,-9456.434915
489.207764,210.568389,38.285162,-9284.151688
489.208392,210.568389,95.712904,-9245.866526
489.209019,133.998066,57.427742,-9265.009107
489.209647,76.570323,114.855485,-9226.723946
489.210274,57.427742,248.853550,-9284.151688
489.210902,19.142581,229.710970,-9494.720077
489.211529,19.142581,210.568389,-9475.577496
489.212157,38.285162,210.568389,-9533.005238
489.212784,95.712904,191.425808,-9475.577496
489.213412,76.570323,114.855485,-9533.005238
489.214039,153.140646,133.998066,-9494.720077
489.214667,114.855485,57.427742,-9418.149754
489.215294,153.140646,19.142581,-9379.864592
489.215922,153.140646,95.712904,-9341.579430
489.216549,38.285162,76.570323,-9379.864592
489.217177,76.570323,172.283227,-9418.149754
489.217804,114.855485,153.140646,-9360.722011
489.218432,-38.285162,248.853550,-9399.007173
489.219059,38.285162,229.710970,-9494.720077
489.219687,95.712904,325.423874,-9475.577496
489.220314,38.285162,153.140646,-9475.577496
489.220942,95.712904,153.140646,-9533.005238
489.221569,133.998066,133.998066,-9437.292334
489.222197,153.140646,95.712904,-9418.149754
489.222824,191.425808,95.712904,-9245.866526
489.223452,153.140646,95.712904,-9284.151688
489.224079,95.712904,133.998066,-9245.866526
489.224707,114.855485,191.425808,-9341.579430
489.225334,95.712904,191.425808,-9360.722011
489.225962,38.285162,210.568389,-9533.005238
489.226589,19.142581,248.853550,-9475.577496
489.227217,57.427742,172.283227,-9609.575562
489.227844,76.570323,172.283227,-9552.147819
489.228472,133.998066,114.855485,-9533.005238
489.229099,76.570323,114.855485,-9418.149754
489.229727,210.568389,76.570323,-9437.292334
489.230354,153.140646,95.712904,-9284.151688
489.230982,76.570323,38.285162,-9322.436850
489.231609,153.140646,95.712904,-9284.151688
489.232237,57.427742,133.998066,-9379.864592
489.232864,57.427742,191.425808,-9418.149754
489.233492,-38.285162,153.140646,-9456.434915
489.234119,38.285162,210.568389,-9533.005238
489.234747,19.142581,153.140646,-9533.005238
489.235374,76.570323,153.140646,-9533.005238
489.236002,76.570323,153.140646,-9437.292334
489.236629,153.140646,95.712904,-9360.722011
489.237257,210.568389,95.712904,-9284.151688
489.237885,210.568389,0.000000,-9245.866526
489.238512,172.283227,114.855485,-9303.294269
489.239140,114.855485,172.283227,-9284.151688
489.239767,133.998066,248.853550,-9341.579430
489.240395,57.427742,287.138712,-9399.007173
489.241022,19.142581,210.568389,-9475.577496
489.241650,-19.142581,210.568389,-9571.290400
489.242277,57.427742,133.998066,-9552.147819
489.242905,76.570323,114.855485,-9475.577496
489.243532,76.570323,172.283227,-9552.147819
489.244160,191.425808,76.570323,-9437.292334
489.244787,191.425808,38.285162,-9418.149754
489.245415,172.283227,133.998066,-9360.722011
489.246042,76.570323,57.427742,-9379.864592
489.246670,133.998066,76.570323,-9341.579430
489.247297,76.570323,229.710970,-9418.149754
489.247925,38.285162,172.283227,-9494.720077
489.248552,-38.285162,191.425808,-9513.862658
489.249180,38.285162,210.568389,-9533.005238
489.249807,38.285162,172.283227,-9552.147819
489.250435,38.285162,210.568389,-9533.005238
489.251062,133.998066,114.855485,-9418.149754
489.251690,172.283227,114.855485,-9379.864592
489.252317,210.568389,133.998066,-9379.864592
489.252945,153.140646,95.712904,-9322.436850
489.253572,133.998066,76.570323,-9322.436850
489.254200,172.283227,114.855485,-9379.864592
489.254827,133.998066,210.568389,-9399.007173
489.255455,76.570323,153.140646,-9437.292334
489.256082,-57.427742,191.425808,-9513.862658
489.256710,0.000000,210.568389,-9571.290400
489.257337,38.285162,172.283227,-9552.147819
489.257965,114.855485,95.712904,-9513.862658
489.258592,133.998066,76.570323,-9571.290400
489.259220,172.283227,38.285162,-9418.149754
489.259847,153.140646,38.285162,-9341.579430
489.260475,153.140646,57.427742,-9341.579430
489.261102,133.998066,76.570323,-9303.294269
489.261730,76.570323,133.998066,-9322.436850
489.262357,114.855485,191.425808,-9379.864592
489.262985,57.427742,287.138712,-9475.577496
489.263612,76.570323,210.568389,-9475.577496
489.264240,76.570323,172.283227,-9533.005238
489.264867,76.570323,191.425808,-9533.005238
489.265495,95.712904,172.283227,-9552.147819
489.266122,210.568389,133.998066,-9456.434915
489.266750,248.853550,133.998066,-9379.864592
489.267377,248.853550,38.285162,-9341.579430
489.268005,153.140646,95.712904,-9303.294269
489.268632,76.570323,76.570323,-9379.864592
489.269260,76.570323,133.998066,-9360.722011
489.269887,38.285162,210.568389,-9418.149754
489.270515,-38.285162,191.425808,-9494.720077
489.271143,57.427742,191.425808,-9552.147819
489.271770,114.855485,191.425808,-9628.718142
489.272398,114.855485,133.998066,-9590.432981
489.273025,114.855485,133.998066,-9590.432981
489.273653,153.140646,133.998066,-9399.007173
489.274280,229.710970,57.427742,-9418.149754
489.274908,248.853550,38.285162,-9284.151688
489.275535,210.568389,114.855485,-9322.436850
489.276163,57.427742,76.570323,-9303.294269
489.276790,0.000000,248.853550,-9303.294269
489.277418,57.427742,191.425808,-9360.722011
489.278045,76.570323,229.710970,-9533.005238
489.278673,95.712904,248.853550,-9494.720077
489.279300,19.142581,229.710970,-9533.005238
489.279928,38.285162,210.568389,-9456.434915
489.280555,114.855485,133.998066,-9533.005238
489.281183,210.568389,172.283227,-9399.007173
489.281810,191.425808,76.570323,-9360.722011
489.282438,210.568389,57.427742,-9360.722011
489.283065,153.140646,95.712904,-9303.294269
489.283693,114.855485,114.855485,-9322.436850
489.284320,133.998066,76.570323,-9341.579430
489.284948,57.427742,191.425808,-9437.292334
489.285575,-19.142581,153.140646,-9571.290400
489.286203,0.000000,248.853550,-9552.147819
489.286830,114.855485,248.853550,-9552.147819
489.287458,153.140646,153.140646,-9513.862658
489.288085,133.998066,114.855485,-9475.577496
489.288713,95.712904,95.712904,-9399.007173
489.289340,114.855485,95.712904,-9379.864592
489.289968,153.140646,95.712904,-9245.866526
489.290595,114.855485,133.998066,-9341.579430
489.291223,38.285162,76.570323,-9379.864592
489.291850,114.855485,153.140646,-9360.722011
489.292478,38.285162,229.710970,-9437.292334
489.293105,19.142581,210.568389,-9437.292334
489.293733,57.427742,287.138712,-9475.577496
489.294360,57.427742,248.853550,-9533.005238
489.294988,133.998066,153.140646,-9533.005238
489.295615,133.998066,95.712904,-9456.434915
489.296243,172.283227,76.570323,-9418.149754
489.296870,210.568389,95.712904,-9341.579430
489.297498,210.568389,95.712904,-9322.436850
489.298125,114.855485,133.998066,-9341.579430
489.298753,38.285162,76.570323,-9284.151688
489.299380,38.285162,210.568389,-9418.149754
489.300008,38.285162,229.710970,-9513.862658
489.300635,57.427742,210.568389,-9552.147819
489.301263,19.142581,114.855485,-9533.005238
489.301890,95.712904,133.998066,-9552.147819
489.302518,133.998066,114.855485,-9533.005238
489.303145,114.855485,95.712904,-9399.007173
489.303773,114.855485,95.712904,-9399.007173
489.304400,191.425808,95.712904,-9245.866526
489.305028,133.998066,95.712904,-9245.866526
489.305655,172.283227,133.998066,-9341.579430
489.306283,95.712904,248.853550,-9303.294269
489.306910,76.570323,210.568389,-9418.149754
489.307538,0.000000,229.710970,-9437.292334
489.308165,0.000000,287.138712,-9513.862658
489.308792,57.427742,248.853550,-9571.290400
489.309420,153.140646,191.425808,-9513.862658
489.310047,114.855485,153.140646,-9571.290400
489.310675,95.712904,57.427742,-9437.292334
489.311302,191.425808,133.998066,-9399.007173
489.311930,133.998066,76.570323,-9284.151688
489.312557,114.855485,114.855485,-9284.151688
489.313185,95.712904,95.712904,-9379.864592
489.313812,95.712904,76.570323,-9379.864592
489.314440,114.855485,210.568389,-9360.722011
489.315067,19.142581,229.710970,-9533.005238
489.315695,95.712904,153.140646,-9552.147819
489.316322,38.285162,191.425808,-9533.005238
489.316950,38.285162,114.855485,-9533.005238
489.317577,114.855485,95.712904,-9513.862658
489.318205,133.998066,114.855485,-9456.434915
489.318832,172.283227,57.427742,-9360.722011
489.319460,172.283227,95.712904,-9303.294269
489.320087,133.998066,76.570323,-9265.009107
489.320715,114.855485,133.998066,-9245.866526
489.321342,114.855485,191.425808,-9284.151688
489.321970,153.140646,191.425808,-9456.434915
489.322597,57.427742,267.996131,-9552.147819
489.323225,57.427742,287.138712,-9494.720077
489.323852,95.712904,287.138712,-9494.720077
489.324479,133.998066,133.998066,-9513.862658
489.325107,172.283227,133.998066,-9552.147819
489.325734,191.425808,114.855485,-9379.864592
489.326362,229.710970,57.427742,-9418.149754
489.326989,153.140646,38.285162,-9360.722011
489.327617,114.855485,38.285162,-9379.864592
489.328244,38.285162,95.712904,-9399.007173
489.328872,76.570323,114.855485,-9360.722011
489.329499,19.142581,172.283227,-9418.149754
489.330127,38.285162,210.568389,-9475.577496
489.330754,19.142581,229.710970,-9533.005238
489.331382,57.427742,191.425808,-9552.147819
489.332009,76.570323,153.140646,-9494.720077
489.332637,153.140646,114.855485,-9456.434915
489.333264,153.140646,133.998066,-9437.292334
489.333892,153.140646,95.712904,-9341.579430
489.334519,191.425808,95.712904,-9245.866526
489.335147,210.568389,38.285162,-9245.866526
489.335774,76.570323,76.570323,-9284.151688
489.336402,133.998066,229.710970,-9418.149754
489.337029,0.000000,287.138712,-9475.577496
489.337657,57.427742,287.138712,-9494.720077
489.338284,38.285162,248.853550,-9552.147819
489.338911,172.283227,191.425808,-9590.432981
489.339539,114.855485,133.998066,-9533.005238
489.340166,172.283227,95.712904,-9437.292334
489.340794,191.425808,57.427742,-9475.577496
489.341421,114.855485,57.427742,-9379.864592
489.342049,153.140646,57.427742,-9303.294269
489.342676,133.998066,57.427742,-9265.009107
489.343304,114.855485,114.855485,-9284.151688
489.343931,95.712904,153.140646,-9360.722011
489.344559,19.142581,210.568389,-9494.720077
489.345186,38.285162,229.710970,-9533.005238
489.345814,38.285162,248.853550,-9513.862658
489.346441,57.427742,172.283227,-9475.577496
489.347069,76.570323,210.568389,-9552.147819
489.347696,114.855485,95.712904,-9399.007173
489.348324,114.855485,95.712904,-9399.007173
489.348951,210.568389,95.712904,-9245.866526
489.349579,172.283227,114.855485,-9265.009107
489.350206,95.712904,153.140646,-9245.866526
489.350834,57.427742,248.853550,-9245.866526
489.351461,76.570323,229.710970,-9418.149754
489.352089,76.570323,153.140646,-9437.292334
489.352716,38.285162,172.283227,-9533.005238
489.353344,38.285162,210.568389,-9533.005238
489.353971,133.998066,114.855485,-9475.577496
489.354598,114.855485,133.998066,-9552.147819
489.355226,172.283227,76.570323,-9456.434915
489.355853,191.425808,57.427742,-9418.149754
489.356481,191.425808,76.570323,-9322.436850
489.357108,133.998066,38.285162,-9341.579430
489.357736,114.855485,133.998066,-9360.722011
489.358363,76.570323,172.283227,-9360.722011
489.358991,38.285162,172.283227,-9418.149754
489.359618,38.285162,229.710970,-9475.577496
489.360246,-19.142581,172.283227,-9494.720077
489.360873,57.427742,191.425808,-9609.575562
489.361501,114.855485,172.283227,-9475.577496
489.362128,133.998066,114.855485,-9456.434915
489.362756,172.283227,76.570323,-9437.292334
489.363383,172.283227,95.712904,-9418.149754
489.364011,191.425808,114.855485,-9265.009107
489.364638,172.283227,114.855485,-9265.009107
489.365266,95.712904,153.140646,-9265.009107
489.365893,114.855485,153.140646,-9341.579430
489.366521,38.285162,229.710970,-9399.007173
489.367148,0.000000,229.710970,-9494.720077
489.367776,57.427742,229.710970,-9513.862658
489.368403,114.855485,133.998066,-9552.147819
489.369030,153.140646,133.998066,-9513.862658
489.369658,114.855485,133.998066,-9533.005238
489.370285,191.425808,19.142581,-9418.149754
489.370913,114.855485,38.285162,-9341.579430
489.371540,153.140646,95.712904,-9322.436850
489.372168,114.855485,95.712904,-9399.007173
489.372795,95.712904,153.140646,-9341.579430
489.373423,95.712904,287.138712,-9399.007173
489.374050,0.000000,229.710970,-9399.007173
489.374678,-76.570323,248.853550,-9475.577496
489.375305,57.427742,306.281293,-9513.862658
489.375933,38.285162,248.853550,-9571.290400
489.376560,133.998066,114.855485,-9475.577496
489.377188,153.140646,172.283227,-9437.292334
489.377815,172.283227,95.712904,-9399.007173
489.378443,133.998066,95.712904,-9284.151688
489.379070,153.140646,95.712904,-9245.866526
489.379698,114.855485,133.998066,-9303.294269
489.380325,133.998066,76.570323,-9265.009107
489.380953,114.855485,153.140646,-9360.722011
489.381580,76.570323,229.710970,-9437.292334
489.382208,0.000000,191.425808,-9552.147819
489.382835,57.427742,191.425808,-9628.718142
489.383463,57.427742,210.568389,-9533.005238
489.384090,133.998066,114.855485,-9533.005238
489.384717,172.283227,95.712904,-9437.292334
489.385345,210.568389,95.712904,-9360.722011
489.385972,191.425808,76.570323,-9418.149754
489.386600,114.855485,95.712904,-9399.007173
489.387227,114.855485,133.998066,-9360.722011
489.387855,114.855485,210.568389,-9360.722011
489.388482,76.570323,172.283227,-9418.149754
489.389110,19.142581,229.710970,-9456.434915
489.389737,57.427742,287.138712,-9437.292334
489.390365,38.285162,267.996131,-9571.290400
489.390992,133.998066,229.710970,-9475.577496
489.391620,76.570323,114.855485,-9456.434915
489.392247,172.283227,114.855485,-9379.864592
489.392875,191.425808,76.570323,-9418.149754
489.393502,191.425808,114.855485,-9322.436850
489.394130,95.712904,133.998066,-9341.579430
489.394757,57.427742,133.998066,-9245.866526
489.395385,133.998066,229.710970,-9418.149754
489.396012,95.712904,248.853550,-9418.149754
489.396640,0.000000,306.281293,-9513.862658
489.397267,-19.142581,153.140646,-9571.290400
489.397895,57.427742,153.140646,-9552.147819
489.398522,153.140646,95.712904,-9552.147819
489.399150,114.855485,133.998066,-9552.147819
489.399778,210.568389,95.712904,-9475.577496
489.400405,172.283227,38.285162,-9418.149754
489.401033,248.853550,0.000000,-9341.579430
489.401660,76.570323,76.570323,-9322.436850
489.402288,172.283227,153.140646,-9284.151688
489.402916,95.712904,191.425808,-9341.579430
489.403543,19.142581,229.710970,-9437.292334
489.404171,38.285162,229.710970,-9437.292334
489.404799,38.285162,229.710970,-9494.720077
489.405426,95.712904,133.998066,-9552.147819
489.406054,114.855485,191.425808,-9552.147819
489.406681,229.710970,114.855485,-9494.720077
489.407309,114.855485,95.712904,-9399.007173
489.407937,191.425808,76.570323,-9418.149754
489.408564,191.425808,95.712904,-9341.579430
489.409192,133.998066,76.570323,-9322.436850
489.409819,95.712904,191.425808,-9341.579430
489.410447,38.285162,191.425808,-9418.149754
489.411075,-38.285162,210.568389,-9494.720077
489.411702,0.000000,153.140646,-9513.862658
489.412330,76.570323,153.140646,-9533.005238
489.412957,57.427742,133.998066,-9552.147819
489.413585,133.998066,133.998066,-9513.862658
489.414213,114.855485,133.998066,-9533.005238
489.414840,210.568389,133.998066,-9494.720077
489.415468,248.853550,95.712904,-9360.722011
489.416095,153.140646,95.712904,-9303.294269
489.416723,76.570323,133.998066,-9284.151688
489.417351,95.712904,133.998066,-9360.722011
489.417978,76.570323,229.710970,-9418.149754
489.418606,57.427742,287.138712,-9399.007173
489.419234,57.427742,287.138712,-9475.577496
489.419861,38.285162,229.710970,-9533.005238
489.420489,114.855485,248.853550,-9552.147819
489.421116,76.570323,153.140646,-9533.005238
489.421744,133.998066,114.855485,-9418.149754
489.422372,229.710970,57.427742,-9418.149754
489.422999,191.425808,76.570323,-9341.579430
489.423627,172.283227,114.855485,-9303.294269
489.424254,76.570323,76.570323,-9322.436850
489.424882,76.570323,76.570323,-9341.579430
489.425510,95.712904,172.283227,-9437.292334
489.426137,57.427742,210.568389,-9609.575562
489.426765,57.427742,210.568389,-9552.147819
489.427392,95.712904,133.998066,-9628.718142
489.428020,57.427742,133.998066,-9533.005238
489.428648,76.570323,95.712904,-9475.577496
489.429275,114.855485,95.712904,-9456.434915
489.429903,172.283227,76.570323,-9418.149754
489.430530,153.140646,57.427742,-9284.151688
489.431158,114.855485,95.712904,-9207.581365
489.431786,38.285162,76.570323,-9303.294269
489.432413,95.712904,153.140646,-9322.436850
489.433041,0.000000,229.710970,-9456.434915
489.433669,-38.285162,267.996131,-9456.434915
489.434296,19.142581,267.996131,-9571.290400
489.434924,38.285162,153.140646,-9552.147819
489.435551,95.712904,229.710970,-9494.720077
489.436179,133.998066,114.855485,-9456.434915
489.436807,172.283227,95.712904,-9379.864592
489.437434,172.283227,76.570323,-9418.149754
489.438062,133.998066,95.712904,-9303.294269
489.438689,153.140646,38.285162,-9360.722011
489.439317,76.570323,114.855485,-9418.149754
489.439945,76.570323,114.855485,-9418.149754
489.440572,38.285162,114.855485,-9437.292334
489.441200,0.000000,172.283227,-9571.290400
489.441827,38.285162,153.140646,-9533.005238
489.442455,114.855485,172.283227,-9552.147819
489.443083,114.855485,95.712904,-9494.720077
489.443710,153.140646,114.855485,-9475.577496
489.444338,191.425808,57.427742,-9456.434915
489.444965,172.283227,95.712904,-9379.864592
489.445593,114.855485,114.855485,-9284.151688
489.446221,76.570323,76.570323,-9265.009107
489.446848,114.855485,153.140646,-9341.579430
489.447476,76.570323,229.710970,-9418.149754
489.448104,38.285162,229.710970,-9456.434915
489.448731,19.142581,229.710970,-9533.005238
489.449359,95.712904,287.138712,-9513.862658
489.449986,95.712904,191.425808,-9552.147819
489.450614,133.998066,153.140646,-9475.577496
489.451242,172.283227,76.570323,-9418.149754
489.451869,210.568389,133.998066,-9399.007173
489.452497,191.425808,95.712904,-9341.579430
489.453124,153.140646,133.998066,-9379.864592
489.453752,133.998066,95.712904,-9360.722011
489.454380,19.142581,153.140646,-9418.149754
489.455007,57.427742,191.425808,-9360.722011
489.455635,19.142581,248.853550,-9513.862658
489.456262,19.142581,210.568389,-9533.005238
489.456890,-38.285162,172.283227,-9513.862658
489.457518,191.425808,114.855485,-9571.290400
489.458145,153.140646,133.998066,-9513.862658
489.458773,114.855485,95.712904,-9399.007173
489.459400,172.283227,95.712904,-9399.007173
489.460028,210.568389,95.712904,-9284.151688
489.460656,76.570323,76.570323,-9284.151688
489.461283,114.855485,133.998066,-9303.294269
489.461911,76.570323,191.425808,-9360.722011
489.462539,76.570323,267.996131,-9341.579430
489.463166,19.142581,287.138712,-9475.577496
489.463794,57.427742,248.853550,-9552.147819
489.464421,114.855485,191.425808,-9552.147819
489.465049,95.712904,172.283227,-9533.005238
489.465677,133.998066,76.570323,-9513.862658
489.466304,172.283227,76.570323,-9456.434915
489.466932,172.283227,38.285162,-9360.722011
489.467559,210.568389,95.712904,-9341.579430
489.468187,76.570323,38.285162,-9379.864592
489.468815,114.855485,133.998066,-9360.722011
489.469442,114.855485,133.998066,-9360.722011
489.470070,38.285162,191.425808,-9494.720077
489.470697,19.142581,210.568389,-9533.005238
489.471325,-19.142581,153.140646,-9571.290400
489.471953,57.427742,191.425808,-9552.147819
489.472580,133.998066,229.710970,-9533.005238
489.473208,153.140646,133.998066,-9494.720077
489.473836,133.998066,114.855485,-9360.722011
489.474463,210.568389,114.855485,-9303.294269
489.475091,95.712904,133.998066,-9245.866526
489.475718,114.855485,153.140646,-9303.294269
489.476346,38.285162,76.570323,-9284.151688
489.476974,57.427742,248.853550,-9284.151688
489.477601,38.285162,229.710970,-9418.149754
489.478229,38.285162,229.710970,-9475.577496
489.478856,38.285162,229.710970,-9533.005238
489.479484,0.000000,229.710970,-9571.290400
489.480112,114.855485,133.998066,-9552.147819
489.480739,133.998066,76.570323,-9513.862658
489.481367,172.283227,95.712904,-9437.292334
489.481994,191.425808,0.000000,-9360.722011
489.482622,133.998066,76.570323,-9341.579430
489.483250,57.427742,95.712904,-9399.007173
489.483877,95.712904,133.998066,-9284.151688
489.484505,133.998066,229.710970,-9418.149754
489.485132,57.427742,229.710970,-9456.434915
489.485760,38.285162,229.710970,-9533.005238
489.486388,57.427742,172.283227,-9552.147819
489.487015,95.712904,172.283227,-9552.147819
489.487643,153.140646,172.283227,-9475.577496
489.488271,114.855485,114.855485,-9437.292334
489.488898,191.425808,114.855485,-9379.864592
489.489526,210.568389,38.285162,-9341.579430
489.490153,153.140646,95.712904,-9245.866526
489.490781,114.855485,153.140646,-9341.579430
489.491409,95.712904,248.853550,-9303.294269
489.492036,95.712904,191.425808,-9360.722011
489.492664,95.712904,191.425808,-9552.147819
489.493291,57.427742,248.853550,-9533.005238
489.493919,38.285162,153.140646,-9533.005238
489.494547,114.855485,172.283227,-9552.147819
489.495174,114.855485,133.998066,-9552.147819
489.495802,191.425808,114.855485,-9494.720077
489.496429,191.425808,76.570323,-9437.292334
489.497057,153.140646,57.427742,-9284.151688
489.497685,133.998066,95.712904,-9284.151688
489.498312,76.570323,76.570323,-9303.294269
489.498940,57.427742,133.998066,-9360.722011
489.499568,57.427742,248.853550,-9360.722011
489.500195,19.142581,229.710970,-9533.005238
489.500823,-38.285162,191.425808,-9513.862658
489.501451,57.427742,172.283227,-9552.147819
489.502078,38.285162,153.140646,-9475.577496
489.502706,76.570323,114.855485,-9475.577496
489.503333,153.140646,133.998066,-9399.007173
489.503961,191.425808,38.285162,-9360.722011
489.504589,191.425808,114.855485,-9284.151688
489.505216,76.570323,76.570323,-9341.579430
489.505844,57.427742,133.998066,-9245.866526
489.506472,95.712904,133.998066,-9360.722011
489.507099,76.570323,287.138712,-9494.720077
489.507727,19.142581,229.710970,-9533.005238
489.508355,57.427742,191.425808,-9590.432981
489.508982,57.427742,172.283227,-9609.575562
489.509610,76.570323,133.998066,-9552.147819
489.510238,76.570323,76.570323,-9513.862658
489.510865,114.855485,76.570323,-9437.292334
489.511493,191.425808,76.570323,-9418.149754
489.512120,172.283227,57.427742,-9360.722011
489.512748,153.140646,95.712904,-9284.151688
489.513376,95.712904,191.425808,-9245.866526
489.514003,19.142581,172.283227,-9418.149754
489.514631,-38.285162,210.568389,-9437.292334
489.515259,19.142581,191.425808,-9494.720077
489.515886,95.712904,191.425808,-9552.147819
489.516514,38.285162,210.568389,-9533.005238
489.517142,133.998066,210.568389,-9533.005238
489.517769,153.140646,172.283227,-9456.434915
489.518397,248.853550,133.998066,-9399.007173
489.519025,191.425808,95.712904,-9341.579430
489.519652,153.140646,95.712904,-9245.866526
489.520280,172.283227,114.855485,-9322.436850
489.520907,95.712904,76.570323,-9284.151688
489.521535,76.570323,172.283227,-9418.149754
489.522163,38.285162,210.568389,-9533.005238
489.522790,76.570323,210.568389,-9533.005238
489.523418,0.000000,133.998066,-9552.147819
489.524046,172.283227,133.998066,-9552.147819
489.524673,57.427742,133.998066,-9552.147819
489.525301,153.140646,95.712904,-9533.005238
489.525929,153.140646,95.712904,-9456.434915
489.526556,153.140646,0.000000,-9341.579430
489.527184,76.570323,57.427742,-9322.436850
489.527812,133.998066,76.570323,-9379.864592
489.528439,57.427742,133.998066,-9322.436850
489.529067,76.570323,210.568389,-9418.149754
489.529694,38.285162,229.710970,-9533.005238
489.530322,19.142581,248.853550,-9571.290400
489.530950,19.142581,229.710970,-9533.005238
489.531577,114.855485,191.425808,-9533.005238
489.532205,210.568389,191.425808,-9513.862658
489.532833,210.568389,172.283227,-9379.864592
489.533460,153.140646,95.712904,-9322.436850
489.534088,153.140646,95.712904,-9245.866526
489.534716,133.998066,76.570323,-9265.009107
489.535343,114.855485,114.855485,-9322.436850
489.535971,95.712904,133.998066,-9360.722011
489.536599,76.570323,229.710970,-9437.292334
489.537226,-19.142581,267.996131,-9475.577496
489.537854,57.427742,191.425808,-9552.147819
489.538482,57.427742,153.140646,-9590.432981
489.539109,114.855485,133.998066,-9552.147819
489.539737,114.855485,76.570323,-9552.147819
489.540364,153.140646,114.855485,-9418.149754
489.540992,191.425808,76.570323,-9360.722011
489.541620,153.140646,95.712904,-9284.151688
489.542247,114.855485,114.855485,-9322.436850
489.542875,114.855485,133.998066,-9284.151688
489.543503,95.712904,229.710970,-9418.149754
489.544130,57.427742,229.710970,-9418.149754
489.544758,57.427742,287.138712,-9437.292334
489.545386,38.285162,210.568389,-9533.005238
489.546013,114.855485,248.853550,-9533.005238
489.546641,95.712904,229.710970,-9475.577496
489.547269,95.712904,114.855485,-9475.577496
489.547896,172.283227,76.570323,-9418.149754
489.548524,172.283227,114.855485,-9303.294269
489.549151,114.855485,114.855485,-9284.151688
489.549779,76.570323,133.998066,-9245.866526
489.550407,95.712904,133.998066,-9322.436850
489.551034,76.570323,172.283227,-9418.149754
489.551662,76.570323,210.568389,-9513.862658
489.552290,57.427742,133.998066,-9552.147819
489.552917,95.712904,191.425808,-9552.147819
489.553545,57.427742,133.998066,-9552.147819
489.554173,95.712904,133.998066,-9552.147819
489.554800,114.855485,95.712904,-9494.720077
489.555428,172.283227,57.427742,-9456.434915
489.556056,191.425808,76.570323,-9360.722011
489.556683,153.140646,57.427742,-9303.294269
489.557311,172.283227,133.998066,-9360.722011
489.557938,57.427742,133.998066,-9322.436850
489.558566,38.285162,153.140646,-9399.007173
489.559194,38.285162,229.710970,-9456.434915
489.559821,57.427742,287.138712,-9475.577496
489.560449,38.285162,210.568389,-9552.147819
489.561077,114.855485,133.998066,-9552.147819
489.561704,133.998066,133.998066,-9494.720077
489.562332,133.998066,114.855485,-9418.149754
489.562960,172.283227,57.427742,-9399.007173
489.563587,153.140646,95.712904,-9341.579430
489.564215,133.998066,57.427742,-9379.864592
489.564843,133.998066,57.427742,-9360.722011
489.565470,57.427742,210.568389,-9341.579430
489.566098,95.712904,287.138712,-9399.007173
489.566725,0.000000,248.853550,-9552.147819
489.567353,57.427742,153.140646,-9552.147819
489.567981,95.712904,153.140646,-9533.005238
489.568608,114.855485,172.283227,-9571.290400
489.569236,76.570323,76.570323,-9533.005238
489.569864,153.140646,133.998066,-9399.007173
489.570491,172.283227,57.427742,-9379.864592
489.571119,153.140646,95.712904,-9341.579430
489.571747,76.570323,76.570323,-9265.009107
489.572374,95.712904,153.140646,-9284.151688
489.573002,76.570323,229.710970,-9341.579430
489.573630,0.000000,191.425808,-9360.722011
489.574257,0.000000,287.138712,-9399.007173
489.574885,19.142581,248.853550,-9513.862658
489.575512,38.285162,210.568389,-9533.005238
489.576140,133.998066,114.855485,-9475.577496
489.576768,114.855485,133.998066,-9533.005238
489.577395,191.425808,57.427742,-9418.149754
489.578023,210.568389,95.712904,-9341.579430
489.578651,229.710970,114.855485,-9303.294269
489.579278,210.568389,95.712904,-9341.579430
489.579906,133.998066,76.570323,-9341.579430
489.580534,0.000000,153.140646,-9360.722011
489.581161,19.142581,210.568389,-9437.292334
489.581789,-19.142581,210.568389,-9571.290400
489.582417,57.427742,191.425808,-9533.005238
489.583044,114.855485,133.998066,-9552.147819
489.583672,76.570323,114.855485,-9533.005238
489.584299,133.998066,114.855485,-9418.149754
489.584927,153.140646,95.712904,-9341.579430
489.585555,210.568389,19.142581,-9284.151688
489.586182,191.425808,95.712904,-9245.866526
489.586810,133.998066,76.570323,-9322.436850
489.587438,114.855485,172.283227,-9341.579430
489.588065,95.712904,287.138712,-9399.007173
489.588693,38.285162,267.996131,-9379.864592
489.589321,38.285162,287.138712,-9437.292334
489.589948,57.427742,229.710970,-9513.862658
489.590576,95.712904,191.425808,-9590.432981
489.591204,133.998066,114.855485,-9475.577496
489.591831,210.568389,133.998066,-9437.292334
489.592459,191.425808,57.427742,-9418.149754
489.593086,248.853550,38.285162,-9360.722011
489.593714,133.998066,95.712904,-9341.579430
489.594342,114.855485,133.998066,-9360.722011
489.594969,114.855485,172.283227,-9379.864592
489.595597,38.285162,172.283227,-9418.149754
489.596225,0.000000,153.140646,-9552.147819
489.596852,0.000000,210.568389,-9571.290400
489.597480,0.000000,172.283227,-9609.575562
489.598107,95.712904,172.283227,-9475.577496
489.598735,76.570323,172.283227,-9533.005238
489.599362,38.285162,114.855485,-9456.434915
489.599990,210.568389,133.998066,-9399.007173
489.600617,114.855485,133.998066,-9303.294269
489.601245,95.712904,133.998066,-9245.866526
489.601872,95.712904,153.140646,-9245.866526
489.602500,0.000000,248.853550,-9360.722011
489.603127,0.000000,287.138712,-9456.434915
489.603755,38.285162,210.568389,-9533.005238
489.604382,57.427742,229.710970,-9494.720077
489.605010,0.000000,229.710970,-9571.290400
489.605637,133.998066,114.855485,-9533.005238
489.606265,114.855485,76.570323,-9533.005238
489.606892,210.568389,19.142581,-9437.292334
489.607520,229.710970,38.285162,-9418.149754
489.608147,191.425808,95.712904,-9360.722011
489.608775,76.570323,95.712904,-9341.579430
489.609402,76.570323,76.570323,-9322.436850
489.610030,95.712904,114.855485,-9418.149754
489.610657,19.142581,229.710970,-9437.292334
489.611284,19.142581,229.710970,-9533.005238
489.611912,57.427742,287.138712,-9494.720077
489.612539,114.855485,172.283227,-9552.147819
489.613167,133.998066,76.570323,-9494.720077
489.613794,210.568389,133.998066,-9399.007173
489.614422,172.283227,76.570323,-9418.149754
489.615049,172.283227,153.140646,-9379.864592
489.615677,191.425808,114.855485,-9303.294269
489.616304,210.568389,95.712904,-9322.436850
489.616932,57.427742,153.140646,-9303.294269
489.617559,76.570323,229.710970,-9418.149754
489.618187,76.570323,210.568389,-9494.720077
489.618814,-38.285162,191.425808,-9513.862658
489.619442,76.570323,153.140646,-9533.005238
489.620069,76.570323,133.998066,-9552.147819
489.620697,76.570323,114.855485,-9533.005238
489.621324,76.570323,76.570323,-9533.005238
489.621952,172.283227,38.285162,-9399.007173
489.622579,153.140646,0.000000,-9360.722011
489.623207,133.998066,95.712904,-9341.579430
489.623834,153.140646,95.712904,-9341.579430
489.624462,153.140646,133.998066,-9399.007173
489.625089,133.998066,153.140646,-9418.149754
489.625716,19.142581,153.140646,-9437.292334
489.626344,57.427742,248.853550,-9552.147819
489.626971,57.427742,133.998066,-9552.147819
489.627599,76.570323,133.998066,-9533.005238
489.628226,133.998066,114.855485,-9533.005238
489.628854,210.568389,133.998066,-9437.292334
489.629481,172.283227,76.570323,-9456.434915
489.630109,210.568389,95.712904,-9245.866526
489.630736,172.283227,153.140646,-9265.009107
489.631364,172.283227,210.568389,-9265.009107
489.631991,95.712904,191.425808,-9341.579430
489.632619,133.998066,267.996131,-9341.579430
489.633246,57.427742,287.138712,-9456.434915
489.633874,0.000000,191.425808,-9533.005238
489.634501,57.427742,248.853550,-9552.147819
489.635129,153.140646,133.998066,-9513.862658
489.635756,153.140646,95.712904,-9552.147819
489.636384,114.855485,0.000000,-9437.292334
489.637011,172.283227,19.142581,-9418.149754
489.637639,210.568389,95.712904,-9341.579430
489.638266,95.712904,133.998066,-9341.579430
489.638893,95.712904,133.998066,-9341.579430
489.639521,76.570323,114.855485,-9418.149754
489.640148,76.570323,229.710970,-9418.149754
489.640776,38.285162,191.425808,-9533.005238
489.641403,95.712904,248.853550,-9552.147819
489.642031,57.427742,248.853550,-9552.147819
489.642658,76.570323,172.283227,-9456.434915
489.643286,153.140646,133.998066,-9494.720077
489.643913,210.568389,133.998066,-9379.864592
489.644541,172.283227,76.570323,-9418.149754
489.645168,191.425808,114.855485,-9303.294269
489.645796,172.283227,114.855485,-9303.294269
489.646423,95.712904,153.140646,-9341.579430
489.647051,76.570323,191.425808,-9418.149754
489.647678,76.570323,229.710970,-9494.720077
489.648306,-76.570323,267.996131,-9533.005238
489.648933,57.427742,153.140646,-9552.147819
489.649561,76.570323,133.998066,-9552.147819
489.650188,114.855485,133.998066,-9533.005238
489.650816,133.998066,76.570323,-9494.720077
489.651443,172.283227,57.427742,-9418.149754
489.652071,114.855485,19.142581,-9379.864592
489.652698,153.140646,0.000000,-9322.436850
489.653325,153.140646,95.712904,-9360.722011
489.653953,95.712904,133.998066,-9322.436850
489.654580,57.427742,248.853550,-9360.722011
489.655208,19.142581,229.710970,-9437.292334
489.655835,19.142581,210.568389,-9475.577496
489.656463,38.285162,210.568389,-9533.005238
489.657090,57.427742,172.283227,-9552.147819
489.657718,76.570323,153.140646,-9494.720077
489.658345,76.570323,114.855485,-9456.434915
489.658973,153.140646,95.712904,-9360.722011
489.659600,153.140646,57.427742,-9303.294269
489.660228,191.425808,95.712904,-9245.866526
489.660855,153.140646,95.712904,-9341.579430
489.661483,95.712904,248.853550,-9303.294269
489.662110,38.285162,172.283227,-9437.292334
489.662738,38.285162,153.140646,-9494.720077
489.663365,57.427742,191.425808,-9552.147819
489.663993,57.427742,172.283227,-9609.575562
489.664620,57.427742,133.998066,-9552.147819
489.665248,114.855485,133.998066,-9533.005238
489.665875,114.855485,95.712904,-9456.434915
489.666502,172.283227,38.285162,-9437.292334
489.667130,210.568389,95.712904,-9245.866526
489.667757,210.568389,76.570323,-9341.579430
489.668385,114.855485,172.283227,-9303.294269
489.669012,95.712904,191.425808,-9360.722011
489.669640,57.427742,210.568389,-9418.149754
489.670267,57.427742,229.710970,-9437.292334
489.670895,38.285162,229.710970,-9437.292334
489.671522,57.427742,287.138712,-9494.720077
489.672150,133.998066,210.568389,-9475.577496
489.672777,133.998066,153.140646,-9533.005238
489.673405,210.568389,133.998066,-9399.007173
489.674032,229.710970,57.427742,-9418.149754
489.674660,210.568389,95.712904,-9341.579430
489.675287,172.283227,114.855485,-9341.579430
489.675915,133.998066,76.570323,-9265.009107
489.676542,38.285162,191.425808,-9418.149754
489.677170,76.570323,229.710970,-9418.149754
489.677797,19.142581,267.996131,-9590.432981
489.678425,57.427742,172.283227,-9552.147819
489.679052,38.285162,153.140646,-9533.005238
489.679680,133.998066,114.855485,-9533.005238
489.680307,133.998066,76.570323,-9513.862658
489.680934,114.855485,95.712904,-9399.007173
489.681562,191.425808,76.570323,-9360.722011
489.682189,133.998066,95.712904,-9341.579430
489.682817,76.570323,76.570323,-9379.864592
489.683444,95.712904,153.140646,-9245.866526
489.684072,95.712904,248.853550,-9360.722011
489.684699,38.285162,248.853550,-9360.722011
489.685327,57.427742,229.710970,-9399.007173
489.685954,38.285162,210.568389,-9533.005238
489.686582,95.712904,133.998066,-9552.147819
489.687209,76.570323,153.140646,-9475.577496
489.687837,153.140646,133.998066,-9437.292334
489.688464,153.140646,133.998066,-9379.864592
489.689092,210.568389,95.712904,-9284.151688
489.689719,172.283227,114.855485,-9341.579430
489.690347,133.998066,95.712904,-9360.722011
489.690974,76.570323,133.998066,-9341.579430
489.691602,57.427742,172.283227,-9418.149754
489.692229,19.142581,210.568389,-9475.577496
489.692857,57.427742,153.140646,-9533.005238
489.693484,38.285162,172.283227,-9533.005238
489.694111,76.570323,133.998066,-9552.147819
489.694739,95.712904,133.998066,-9552.147819
489.695366,153.140646,114.855485,-9456.434915
489.695994,153.140646,133.998066,-9399.007173
489.696621,248.853550,95.712904,-9341.579430
489.697249,133.998066,76.570323,-9284.151688
489.697876,95.712904,133.998066,-9341.579430
489.698504,76.570323,153.140646,-9379.864592
489.699131,76.570323,210.568389,-9341.579430
489.699758,0.000000,267.996131,-9437.292334
489.700386,0.000000,267.996131,-9533.005238
489.701013,76.570323,248.853550,-9571.290400
489.701640,114.855485,172.283227,-9552.147819
489.702268,133.998066,114.855485,-9533.005238
489.702895,153.140646,133.998066,-9399.007173
489.703522,191.425808,114.855485,-9303.294269
489.704149,153.140646,95.712904,-9303.294269
489.704777,133.998066,76.570323,-9284.151688
489.705404,114.855485,133.998066,-9245.866526
489.706031,95.712904,133.998066,-9360.722011
489.706659,38.285162,114.855485,-9437.292334
489.707286,19.142581,229.710970,-9533.005238
489.707913,57.427742,229.710970,-9494.720077
489.708541,57.427742,191.425808,-9552.147819
489.709168,57.427742,133.998066,-9533.005238
489.709795,133.998066,114.855485,-9475.577496
489.710423,114.855485,76.570323,-9475.577496
489.711050,210.568389,76.570323,-9379.864592
489.711677,191.425808,95.712904,-9245.866526
489.712304,114.855485,133.998066,-9341.579430
489.712932,114.855485,133.998066,-9341.579430
489.713559,95.712904,229.710970,-9399.007173
489.714186,38.285162,191.425808,-9379.864592
489.714814,19.142581,210.568389,-9494.720077
489.715441,57.427742,287.138712,-9513.862658
489.716068,95.712904,248.853550,-9609.575562
489.716696,133.998066,114.855485,-9533.005238
489.717323,210.568389,133.998066,-9494.720077
489.717950,114.855485,95.712904,-9399.007173
489.718578,210.568389,57.427742,-9360.722011
489.719205,133.998066,76.570323,-9265.009107
489.719832,95.712904,76.570323,-9322.436850
489.720460,38.285162,76.570323,-9379.864592
489.721087,38.285162,172.283227,-9418.149754
489.721714,19.142581,172.283227,-9437.292334
489.722341,-38.285162,248.853550,-9437.292334
489.722969,38.285162,229.710970,-9533.005238
489.723596,57.427742,172.283227,-9609.575562
489.724223,95.712904,133.998066,-9552.147819
489.724851,153.140646,114.855485,-9456.434915
489.725478,191.425808,76.570323,-9418.149754
489.726105,191.425808,76.570323,-9360.722011
489.726733,153.140646,95.712904,-9303.294269
489.727360,114.855485,153.140646,-9341.579430
489.727987,95.712904,191.425808,-9322.436850
489.728615,133.998066,267.996131,-9379.864592
489.729242,0.000000,287.138712,-9399.007173
489.729869,38.285162,325.423874,-9571.290400
489.730496,38.285162,153.140646,-9533.005238
489.731124,76.570323,114.855485,-9533.005238
489.731751,172.283227,133.998066,-9552.147819
489.732378,153.140646,133.998066,-9456.434915
489.733006,191.425808,76.570323,-9418.149754
489.733633,248.853550,57.427742,-9341.579430
489.734260,191.425808,38.285162,-9341.579430
489.734888,76.570323,76.570323,-9341.579430
489.735515,95.712904,153.140646,-9360.722011
489.736142,38.285162,210.568389,-9418.149754
489.736770,76.570323,210.568389,-9533.005238
489.737397,0.000000,172.283227,-9609.575562
489.738024,57.427742,172.283227,-9552.147819
489.738651,76.570323,133.998066,-9533.005238
489.739279,210.568389,95.712904,-9552.147819
489.739906,210.568389,133.998066,-9379.864592
489.740533,210.568389,95.712904,-9303.294269
489.741161,210.568389,38.285162,-9284.151688
489.741788,76.570323,76.570323,-9265.009107
489.742415,57.427742,172.283227,-9226.723946
489.743043,57.427742,248.853550,-9341.579430
489.743670,76.570323,325.423874,-9379.864592
489.744297,-19.142581,267.996131,-9418.149754
489.744925,-19.142581,229.710970,-9571.290400
489.745552,76.570323,133.998066,-9590.432981
489.746179,172.283227,114.855485,-9571.290400
489.746807,172.283227,57.427742,-9513.862658
489.747434,191.425808,19.142581,-9437.292334
489.748061,210.568389,0.000000,-9341.579430
489.748688,133.998066,57.427742,-9284.151688
489.749316,76.570323,95.712904,-9379.864592
489.749943,95.712904,191.425808,-9360.722011
489.750570,38.285162,229.710970,-9418.149754
489.751198,76.570323,229.710970,-9494.720077
489.751825,-38.285162,306.281293,-9552.147819
489.752452,76.570323,229.710970,-9533.005238
489.753080,133.998066,114.855485,-9475.577496
489.753707,133.998066,114.855485,-9475.577496
489.754334,153.140646,133.998066,-9494.720077
489.754962,133.998066,95.712904,-9418.149754
489.755589,248.853550,38.285162,-9303.294269
489.756216,172.283227,57.427742,-9226.723946
489.756843,114.855485,133.998066,-9341.579430
489.757471,95.712904,133.998066,-9360.722011
489.758098,95.712904,248.853550,-9360.722011
489.758725,38.285162,287.138712,-9456.434915
489.759353,57.427742,248.853550,-9552.147819
489.759980,57.427742,153.140646,-9552.147819
489.760607,76.570323,114.855485,-9533.005238
489.761235,76.570323,114.855485,-9494.720077
489.761862,114.855485,38.285162,-9437.292334
489.762489,172.283227,57.427742,-9418.149754
489.763117,172.283227,76.570323,-9418.149754
489.763744,95.712904,133.998066,-9341.579430
489.764371,133.998066,76.570323,-9303.294269
489.764999,95.712904,133.998066,-9360.722011
489.765626,76.570323,153.140646,-9418.149754
489.766253,38.285162,229.710970,-9475.577496
489.766880,38.285162,229.710970,-9437.292334
489.767508,19.142581,191.425808,-9533.005238
489.768135,76.570323,191.425808,-9533.005238
489.768762,133.998066,114.855485,-9475.577496
489.769390,210.568389,114.855485,-9379.864592
489.770017,191.425808,76.570323,-9418.149754
489.770644,210.568389,114.855485,-9265.009107
489.771272,172.283227,114.855485,-9265.009107
489.771899,114.855485,153.140646,-9303.294269
489.772526,95.712904,191.425808,-9360.722011
489.773154,38.285162,229.710970,-9437.292334
489.773781,0.000000,191.425808,-9552.147819
489.774408,95.712904,153.140646,-9552.147819
489.775035,57.427742,172.283227,-9552.147819
489.775663,133.998066,114.855485,-9533.005238
489.776290,172.283227,95.712904,-9494.720077
489.776917,172.283227,38.285162,-9418.149754
489.777545,210.568389,95.712904,-9341.579430
489.778172,153.140646,38.285162,-9245.866526
489.778799,57.427742,76.570323,-9322.436850
489.779427,95.712904,114.855485,-9360.722011
489.780054,133.998066,229.710970,-9360.722011
489.780681,19.142581,229.710970,-9437.292334
489.781309,57.427742,229.710970,-9533.005238
489.781936,19.142581,191.425808,-9475.577496
489.782563,114.855485,191.425808,-9552.147819
489.783190,76.570323,153.140646,-9533.005238
489.783818,114.855485,95.712904,-9437.292334
489.784445,153.140646,114.855485,-9418.149754
489.785072,153.140646,95.712904,-9341.579430
489.785700,191.425808,95.712904,-9303.294269
489.786327,95.712904,153.140646,-9284.151688
489.786954,95.712904,172.283227,-9360.722011
489.787582,76.570323,229.710970,-9437.292334
489.788209,19.142581,229.710970,-9533.005238
489.788836,-38.285162,248.853550,-9513.862658
489.789464,-38.285162,172.283227,-9513.862658
489.790091,76.570323,133.998066,-9552.147819
489.790718,172.283227,153.140646,-9571.290400
489.791346,210.568389,57.427742,-9533.005238
489.791973,248.853550,76.570323,-9418.149754
489.792600,153.140646,38.285162,-9303.294269
489.793227,153.140646,57.427742,-9341.579430
489.793855,172.283227,172.283227,-9379.864592
489.794482,95.712904,172.283227,-9245.866526
489.795109,95.712904,267.996131,-9379.864592
489.795737,38.285162,229.710970,-9494.720077
489.796364,0.000000,287.138712,-9513.862658
489.796991,76.570323,172.283227,-9552.147819
489.797619,76.570323,210.568389,-9475.577496
489.798246,133.998066,114.855485,-9494.720077
489.798873,153.140646,133.998066,-9399.007173
489.799501,210.568389,133.998066,-9399.007173
489.800129,210.568389,95.712904,-9245.866526
489.800756,114.855485,114.855485,-9303.294269
489.801384,114.855485,133.998066,-9284.151688
489.802011,57.427742,172.283227,-9360.722011
489.802639,57.427742,229.710970,-9418.149754
489.803266,0.000000,248.853550,-9552.147819
489.803894,-19.142581,191.425808,-9552.147819
489.804521,57.427742,191.425808,-9590.432981
489.805149,172.283227,133.998066,-9552.147819
489.805776,191.425808,114.855485,-9571.290400
489.806404,248.853550,133.998066,-9494.720077
489.807031,191.425808,57.427742,-9418.149754
489.807659,76.570323,38.285162,-9322.436850
489.808286,133.998066,95.712904,-9284.151688
489.808914,57.427742,153.140646,-9284.151688
489.809541,57.427742,172.283227,-9341.579430
489.810169,0.000000,210.568389,-9360.722011
489.810796,-19.142581,267.996131,-9475.577496
489.811424,38.285162,210.568389,-9475.577496
489.812052,114.855485,172.283227,-9552.147819
489.812679,114.855485,133.998066,-9552.147819
489.813307,153.140646,76.570323,-9494.720077
489.813934,153.140646,95.712904,-9360.722011
489.814562,153.140646,133.998066,-9322.436850
489.815189,172.283227,114.855485,-9265.009107
489.815817,153.140646,95.712904,-9303.294269
489.816444,114.855485,133.998066,-9322.436850
489.817072,95.712904,114.855485,-9399.007173
489.817699,19.142581,172.283227,-9494.720077
489.818327,19.142581,114.855485,-9533.005238
489.818954,57.427742,191.425808,-9552.147819
489.819582,57.427742,133.998066,-9533.005238
489.820209,95.712904,133.998066,-9552.147819
489.820837,153.140646,76.570323,-9494.720077
489.821464,172.283227,57.427742,-9418.149754
489.822092,153.140646,57.427742,-9360.722011
489.822720,229.710970,114.855485,-9265.009107
489.823347,133.998066,133.998066,-9322.436850
489.823975,95.712904,153.140646,-9322.436850
489.824602,114.855485,287.138712,-9399.007173
489.825230,57.427742,306.281293,-9475.577496
489.825857,57.427742,267.996131,-9571.290400
489.826485,38.285162,210.568389,-9533.005238
489.827112,133.998066,153.140646,-9533.005238
489.827740,210.568389,172.283227,-9437.292334
489.828367,153.140646,133.998066,-9399.007173
489.828995,229.710970,57.427742,-9418.149754
489.829622,248.853550,95.712904,-9341.579430
489.830250,153.140646,95.712904,-9341.579430
489.830877,76.570323,76.570323,-9303.294269
489.831505,38.285162,114.855485,-9418.149754
489.832132,38.285162,191.425808,-9437.292334
489.832760,0.000000,191.425808,-9552.147819
489.833387,0.000000,172.283227,-9590.432981
489.834015,57.427742,191.425808,-9552.147819
489.834643,114.855485,95.712904,-9494.720077
489.835270,133.998066,76.570323,-9513.862658
489.835898,210.568389,133.998066,-9399.007173
489.836525,191.425808,114.855485,-9379.864592
489.837153,210.568389,95.712904,-9284.151688
489.837780,95.712904,133.998066,-9322.436850
489.838408,114.855485,153.140646,-9284.151688
489.839035,95.712904,133.998066,-9322.436850
489.839663,19.142581,229.710970,-9437.292334
489.840290,-38.285162,248.853550,-9513.862658
489.840918,57.427742,229.710970,-9437.292334
489.841545,133.998066,229.710970,-9475.577496
489.842173,133.998066,133.998066,-9513.862658
489.842800,210.568389,133.998066,-9494.720077
489.843428,229.710970,19.142581,-9418.149754
489.844055,114.855485,95.712904,-9379.864592
489.844683,153.140646,95.712904,-9360.722011
489.845311,114.855485,133.998066,-9322.436850
489.845938,95.712904,153.140646,-9360.722011
489.846566,57.427742,191.425808,-9418.149754
489.847193,38.285162,229.710970,-9533.005238
489.847821,-19.142581,114.855485,-9513.862658
489.848448,76.570323,248.853550,-9647.860723
489.849076,76.570323,172.283227,-9552.147819
489.849703,114.855485,133.998066,-9552.147819
489.850331,114.855485,38.285162,-9437.292334
489.850958,191.425808,76.570323,-9418.149754
489.851586,210.568389,95.712904,-9245.866526
489.852213,153.140646,95.712904,-9303.294269
489.852841,76.570323,133.998066,-9341.579430
489.853468,114.855485,153.140646,-9341.579430
489.854096,57.427742,191.425808,-9360.722011
489.854723,-57.427742,248.853550,-9513.862658
489.855351,19.142581,248.853550,-9513.862658
489.855978,57.427742,191.425808,-9552.147819
489.856606,114.855485,172.283227,-9552.147819
489.857234,133.998066,114.855485,-9533.005238
489.857861,172.283227,76.570323,-9475.577496
489.858489,210.568389,76.570323,-9418.149754
489.859116,248.853550,19.142581,-9341.579430
489.859744,95.712904,133.998066,-9341.579430
489.860371,133.998066,95.712904,-9341.579430
489.860999,76.570323,114.855485,-9418.149754
489.861626,95.712904,248.853550,-9360.722011
489.862254,57.427742,191.425808,-9552.147819
489.862881,-19.142581,191.425808,-9571.290400
489.863509,57.427742,172.283227,-9552.147819
489.864136,114.855485,153.140646,-9552.147819
489.864764,114.855485,133.998066,-9552.147819
489.865391,153.140646,114.855485,-9418.149754
489.866019,153.140646,95.712904,-9284.151688
489.866646,172.283227,95.712904,-9303.294269
489.867274,114.855485,76.570323,-9226.723946
489.867902,38.285162,153.140646,-9303.294269
489.868529,57.427742,229.710970,-9360.722011
489.869157,57.427742,248.853550,-9418.149754
489.869784,38.285162,267.996131,-9513.862658
489.870412,-19.142581,191.425808,-9552.147819
489.871039,57.427742,153.140646,-9552.147819
489.871667,76.570323,210.568389,-9533.005238
489.872294,133.998066,76.570323,-9494.720077
489.872922,172.283227,19.142581,-9418.149754
489.873549,114.855485,95.712904,-9399.007173
489.874177,153.140646,95.712904,-9341.579430
489.874804,95.712904,133.998066,-9341.579430
489.875432,95.712904,133.998066,-9360.722011
489.876059,76.570323,210.568389,-9437.292334
489.876687,57.427742,229.710970,-9437.292334
489.877314,19.142581,287.138712,-9552.147819
489.877942,0.000000,172.283227,-9552.147819
489.878569,57.427742,153.140646,-9552.147819
489.879197,133.998066,153.140646,-9437.292334
489.879825,133.998066,153.140646,-9418.149754
489.880452,191.425808,38.285162,-9418.149754
489.881080,210.568389,95.712904,-9245.866526
489.881707,153.140646,95.712904,-9245.866526
489.882335,57.427742,133.998066,-9322.436850
489.882962,95.712904,172.283227,-9245.866526
489.883590,95.712904,191.425808,-9418.149754
489.884217,19.142581,287.138712,-9494.720077
489.884845,57.427742,172.283227,-9552.147819
489.885472,76.570323,248.853550,-9552.147819
489.886100,95.712904,133.998066,-9533.005238
489.886727,133.998066,153.140646,-9533.005238
489.887355,133.998066,114.855485,-9437.292334
489.887982,210.568389,57.427742,-9360.722011
489.888610,76.570323,57.427742,-9322.436850
489.889237,133.998066,76.570323,-9379.864592
489.889865,76.570323,76.570323,-9379.864592
489.890493,57.427742,191.425808,-9360.722011
489.891120,0.000000,248.853550,-9418.149754
489.891748,19.142581,229.710970,-9533.005238
489.892375,57.427742,210.568389,-9475.577496
489.893003,133.998066,172.283227,-9533.005238
489.893630,153.140646,133.998066,-9437.292334
489.894258,153.140646,133.998066,-9494.720077
489.894885,210.568389,114.855485,-9379.864592
489.895513,210.568389,133.998066,-9399.007173
489.896140,210.568389,0.000000,-9303.294269
489.896768,57.427742,133.998066,-9341.579430
489.897395,95.712904,191.425808,-9284.151688
489.898023,57.427742,248.853550,-9360.722011
489.898650,57.427742,229.710970,-9475.577496
489.899278,38.285162,229.710970,-9533.005238
489.899905,19.142581,191.425808,-9513.862658
489.900532,76.570323,133.998066,-9552.147819
489.901160,38.285162,114.855485,-9533.005238
489.901787,114.855485,57.427742,-9437.292334
489.902414,191.425808,57.427742,-9418.149754
489.903042,248.853550,38.285162,-9360.722011
489.903669,172.283227,114.855485,-9379.864592
489.904296,76.570323,57.427742,-9379.864592
489.904924,0.000000,172.283227,-9341.579430
489.905551,19.142581,114.855485,-9418.149754
489.906178,-38.285162,248.853550,-9494.720077
489.906806,57.427742,287.138712,-9494.720077
489.907433,38.285162,210.568389,-9533.005238
489.908061,38.285162,210.568389,-9475.577496
489.908688,153.140646,172.283227,-9494.720077
489.909315,210.568389,133.998066,-9437.292334
489.909943,210.568389,133.998066,-9399.007173
489.910570,114.855485,114.855485,-9303.294269
489.911197,153.140646,95.712904,-9303.294269
489.911825,114.855485,153.140646,-9341.579430
489.912452,95.712904,172.283227,-9303.294269
489.913079,76.570323,229.710970,-9418.149754
489.913707,95.712904,210.568389,-9533.005238
489.914334,19.142581,210.568389,-9533.005238
489.914961,76.570323,153.140646,-9533.005238
489.915589,114.855485,114.855485,-9571.290400
489.916216,133.998066,114.855485,-9475.577496
489.916843,133.998066,114.855485,-9475.577496
489.917471,210.568389,76.570323,-9399.007173
489.918098,172.283227,114.855485,-9284.151688
489.918725,95.712904,133.998066,-9360.722011
489.919353,38.285162,76.570323,-9284.151688
489.919980,76.570323,229.710970,-9418.149754
489.920607,38.285162,229.710970,-9418.149754
489.921235,-57.427742,248.853550,-9437.292334
489.921862,19.142581,248.853550,-9494.720077
489.922489,95.712904,210.568389,-9533.005238
489.923117,133.998066,114.855485,-9475.577496
489.923744,191.425808,76.570323,-9475.577496
489.924371,191.425808,76.570323,-9418.149754
489.924999,229.710970,57.427742,-9341.579430
489.925626,229.710970,114.855485,-9322.436850
489.926253,95.712904,153.140646,-9360.722011
489.926881,95.712904,191.425808,-9341.579430
489.927508,57.427742,191.425808,-9360.722011
489.928135,19.142581,229.710970,-9418.149754
489.928763,19.142581,229.710970,-9533.005238
489.929390,0.000000,172.283227,-9590.432981
489.930017,57.427742,172.283227,-9552.147819
489.930645,133.998066,114.855485,-9533.005238
489.931272,95.712904,95.712904,-9494.720077
489.931899,210.568389,57.427742,-9360.722011
489.932527,210.568389,38.285162,-9360.722011
489.933154,133.998066,95.712904,-9303.294269
489.933782,95.712904,172.283227,-9284.151688
489.934409,114.855485,172.283227,-9284.151688
489.935036,95.712904,229.710970,-9418.149754
489.935664,19.142581,229.710970,-9437.292334
489.936291,-19.142581,229.710970,-9571.290400
489.936918,38.285162,153.140646,-9533.005238
489.937546,76.570323,114.855485,-9456.434915
489.938173,153.140646,133.998066,-9494.720077
489.938800,210.568389,153.140646,-9399.007173
489.939428,153.140646,133.998066,-9399.007173
489.940055,191.425808,114.855485,-9303.294269
489.940682,76.570323,76.570323,-9284.151688
489.941310,95.712904,133.998066,-9360.722011
489.941937,95.712904,133.998066,-9322.436850
489.942564,38.285162,210.568389,-9475.577496
489.943192,-38.285162,210.568389,-9533.005238
489.943819,38.285162,153.140646,-9533.005238
489.944446,95.712904,191.425808,-9552.147819
489.945074,76.570323,133.998066,-9533.005238
489.945701,133.998066,76.570323,-9571.290400
489.946328,172.283227,19.142581,-9456.434915
489.946956,172.283227,19.142581,-9418.149754
489.947583,133.998066,76.570323,-9265.009107
489.948210,76.570323,76.570323,-9341.579430
489.948838,57.427742,114.855485,-9322.436850
489.949465,0.000000,153.140646,-9322.436850
489.950092,0.000000,229.710970,-9456.434915
489.950720,-38.285162,248.853550,-9475.577496
489.951347,19.142581,172.283227,-9513.862658
489.951974,38.285162,210.568389,-9533.005238
489.952602,153.140646,191.425808,-9494.720077
489.953229,153.140646,114.855485,-9475.577496
489.953856,172.283227,95.712904,-9399.007173
489.954484,287.138712,76.570323,-9360.722011
489.955111,191.425808,95.712904,-9360.722011
489.955738,114.855485,133.998066,-9360.722011
489.956366,95.712904,248.853550,-9360.722011
489.956993,38.285162,229.710970,-9418.149754
489.957621,19.142581,210.568389,-9533.005238
489.958248,19.142581,248.853550,-9513.862658
489.958875,38.285162,153.140646,-9533.005238
489.959503,57.427742,133.998066,-9552.147819
489.960130,76.570323,76.570323,-9571.290400
489.960757,114.855485,19.142581,-9533.005238
489.961385,172.283227,0.000000,-9399.007173
489.962012,153.140646,38.285162,-9341.579430
489.962639,133.998066,76.570323,-9303.294269
489.963267,114.855485,133.998066,-9360.722011
489.963894,57.427742,248.853550,-9360.722011
489.964521,95.712904,210.568389,-9360.722011
489.965149,-76.570323,267.996131,-9475.577496
489.965776,57.427742,287.138712,-9513.862658
489.966403,38.285162,210.568389,-9533.005238
489.967031,133.998066,191.425808,-9475.577496
489.967658,172.283227,172.283227,-9552.147819
489.968285,191.425808,76.570323,-9418.149754
489.968913,210.568389,95.712904,-9360.722011
489.969540,153.140646,0.000000,-9284.151688
489.970167,153.140646,95.712904,-9341.579430
489.970795,114.855485,133.998066,-9341.579430
489.971422,95.712904,191.425808,-9341.579430
489.972049,114.855485,248.853550,-9360.722011
489.972677,38.285162,172.283227,-9533.005238
489.973304,76.570323,133.998066,-9552.147819
489.973931,95.712904,172.283227,-9590.432981
489.974559,114.855485,133.998066,-9533.005238
489.975186,153.140646,38.285162,-9533.005238
489.975813,210.568389,133.998066,-9399.007173
489.976441,191.425808,114.855485,-9303.294269
489.977068,133.998066,76.570323,-9284.151688
489.977695,133.998066,76.570323,-9265.009107
489.978323,114.855485,133.998066,-9341.579430
489.978950,95.712904,248.853550,-9360.722011
489.979577,76.570323,229.710970,-9418.149754
489.980205,57.427742,229.710970,-9437.292334
489.980832,0.000000,229.710970,-9513.862658
489.981460,95.712904,172.283227,-9590.432981
489.982087,133.998066,172.283227,-9437.292334
489.982714,172.283227,76.570323,-9418.149754
489.983342,210.568389,76.570323,-9399.007173
489.983969,191.425808,19.142581,-9418.149754
489.984596,153.140646,95.712904,-9341.579430
489.985224,95.712904,95.712904,-9379.864592
489.985851,0.000000,133.998066,-9360.722011
489.986478,19.142581,114.855485,-9418.149754
489.987106,38.285162,172.283227,-9533.005238
489.987733,-38.285162,248.853550,-9513.862658
489.988360,57.427742,153.140646,-9552.147819
489.988988,95.712904,133.998066,-9552.147819
489.989615,210.568389,133.998066,-9513.862658
489.990242,153.140646,114.855485,-9475.577496
489.990870,191.425808,38.285162,-9360.722011
489.991497,153.140646,95.712904,-9245.866526
489.992124,172.283227,114.855485,-9284.151688
489.992752,133.998066,133.998066,-9284.151688
489.993379,114.855485,153.140646,-9303.294269
489.994006,38.285162,210.568389,-9360.722011
489.994634,-57.427742,287.138712,-9437.292334
489.995261,-38.285162,248.853550,-9513.862658
489.995888,57.427742,172.283227,-9552.147819
489.996516,76.570323,210.568389,-9533.005238
489.997143,133.998066,76.570323,-9571.290400
489.997770,191.425808,76.570323,-9494.720077
489.998398,191.425808,19.142581,-9418.149754
489.999025,153.140646,95.712904,-9284.151688
489.999652,114.855485,114.855485,-9284.151688
490.000280,38.285162,133.998066,-9284.151688
490.000907,57.427742,114.855485,-9418.149754
490.001534,38.285162,191.425808,-9379.864592
490.002162,0.000000,267.996131,-9552.147819
490.002789,19.142581,153.140646,-9475.577496
490.003416,57.427742,172.283227,-9552.147819
490.004044,153.140646,172.283227,-9513.862658
490.004671,153.140646,114.855485,-9456.434915
490.005298,248.853550,95.712904,-9418.149754
490.005925,191.425808,38.285162,-9418.149754
490.006553,153.140646,95.712904,-9284.151688
490.007180,172.283227,114.855485,-9322.436850
490.007807,57.427742,191.425808,-9245.866526
490.008435,114.855485,248.853550,-9360.722011
490.009062,0.000000,306.281293,-9399.007173
490.009689,19.142581,267.996131,-9571.290400
490.010317,57.427742,153.140646,-9552.147819
490.010944,133.998066,172.283227,-9533.005238
490.011571,153.140646,153.140646,-9475.577496
490.012199,191.425808,76.570323,-9418.149754
490.012826,191.425808,57.427742,-9456.434915
490.013453,210.568389,95.712904,-9360.722011
490.014081,153.140646,95.712904,-9245.866526
490.014708,38.285162,114.855485,-9418.149754
490.015335,38.285162,153.140646,-9360.722011
490.015962,38.285162,248.853550,-9360.722011
490.016590,-38.285162,229.710970,-9533.005238
490.017217,-38.285162,229.710970,-9590.432981
490.017844,0.000000,133.998066,-9552.147819
490.018472,114.855485,172.283227,-9552.147819
490.019099,133.998066,114.855485,-9533.005238
490.019726,153.140646,133.998066,-9399.007173
490.020354,248.853550,114.855485,-9379.864592
490.020981,248.853550,95.712904,-9245.866526
490.021608,172.283227,114.855485,-9265.009107
490.022236,76.570323,76.570323,-9265.009107
490.022863,95.712904,133.998066,-9322.436850
490.023490,38.285162,229.710970,-9437.292334
490.024118,38.285162,153.140646,-9456.434915
490.024745,114.855485,248.853550,-9552.147819
490.025372,114.855485,172.283227,-9590.432981
490.025999,191.425808,114.855485,-9513.862658
490.026627,172.283227,114.855485,-9571.290400
490.027254,172.283227,76.570323,-9418.149754
490.027881,191.425808,19.142581,-9418.149754
490.028509,172.283227,76.570323,-9341.579430
490.029136,114.855485,153.140646,-9322.436850
490.029763,76.570323,114.855485,-9341.579430
490.030391,76.570323,191.425808,-9418.149754
490.031018,57.427742,229.710970,-9494.720077
490.031645,0.000000,248.853550,-9552.147819
490.032273,114.855485,191.425808,-9552.147819
490.032900,114.855485,172.283227,-9552.147819
490.033527,76.570323,172.283227,-9552.147819
490.034154,153.140646,153.140646,-9437.292334
490.034782,153.140646,133.998066,-9399.007173
490.035409,229.710970,114.855485,-9303.294269
490.036036,172.283227,114.855485,-9265.009107
490.036664,114.855485,133.998066,-9284.151688
490.037291,172.283227,210.568389,-9284.151688
490.037918,57.427742,248.853550,-9360.722011
490.038546,-38.285162,229.710970,-9437.292334
490.039173,38.285162,153.140646,-9552.147819
490.039800,57.427742,172.283227,-9609.575562
490.040428,95.712904,153.140646,-9552.147819
490.041055,153.140646,95.712904,-9552.147819
490.041682,114.855485,57.427742,-9437.292334
490.042310,210.568389,76.570323,-9418.149754
490.042937,153.140646,0.000000,-9303.294269
490.043564,133.998066,95.712904,-9322.436850
490.044191,38.285162,76.570323,-9303.294269
490.044819,0.000000,248.853550,-9360.722011
490.045446,0.000000,229.710970,-9399.007173
490.046073,-38.285162,191.425808,-9513.862658
490.046701,19.142581,191.425808,-9494.720077
490.047328,38.285162,191.425808,-9552.147819
490.047955,76.570323,114.855485,-9494.720077
490.048583,133.998066,114.855485,-9456.434915
490.049210,153.140646,76.570323,-9399.007173
490.049837,229.710970,76.570323,-9360.722011
490.050465,172.283227,114.855485,-9322.436850
490.051092,95.712904,133.998066,-9303.294269
490.051719,95.712904,210.568389,-9245.866526
490.052347,57.427742,248.853550,-9322.436850
490.052974,0.000000,287.138712,-9437.292334
490.053601,19.142581,191.425808,-9494.720077
490.054228,0.000000,133.998066,-9552.147819
490.054856,57.427742,133.998066,-9609.575562
490.055483,133.998066,95.712904,-9533.005238
490.056110,76.570323,57.427742,-9571.290400
490.056738,172.283227,57.427742,-9418.149754
490.057365,172.283227,38.285162,-9360.722011
490.057992,172.283227,114.855485,-9379.864592
490.058620,114.855485,133.998066,-9284.151688
490.059247,114.855485,191.425808,-9303.294269
490.059874,95.712904,229.710970,-9399.007173
490.060502,19.142581,229.710970,-9494.720077
490.061129,-76.570323,267.996131,-9533.005238
490.061756,38.285162,210.568389,-9475.577496
490.062383,95.712904,153.140646,-9475.577496
490.063011,133.998066,114.855485,-9475.577496
490.063638,153.140646,133.998066,-9456.434915
490.064265,191.425808,57.427742,-9418.149754
490.064893,210.568389,114.855485,-9322.436850
490.065520,133.998066,76.570323,-9265.009107
490.066147,133.998066,76.570323,-9322.436850
490.066775,95.712904,153.140646,-9341.579430
490.067402,76.570323,114.855485,-9418.149754
490.068029,38.285162,229.710970,-9475.577496
490.068657,-19.142581,229.710970,-9571.290400
490.069284,38.285162,210.568389,-9494.720077
490.069911,172.283227,133.998066,-9590.432981
490.070539,153.140646,76.570323,-9571.290400
490.071166,191.425808,19.142581,-9437.292334
490.071793,210.568389,38.285162,-9360.722011
490.072420,153.140646,95.712904,-9245.866526
490.073048,133.998066,57.427742,-9245.866526
490.073675,95.712904,133.998066,-9284.151688
490.074302,95.712904,248.853550,-9322.436850
490.074930,57.427742,287.138712,-9418.149754
490.075557,0.000000,287.138712,-9513.862658
490.076184,57.427742,248.853550,-9552.147819
490.076812,114.855485,172.283227,-9552.147819
490.077439,114.855485,133.998066,-9475.577496
490.078066,210.568389,133.998066,-9437.292334
490.078694,191.425808,76.570323,-9360.722011
490.079321,210.568389,57.427742,-9341.579430
490.079948,153.140646,95.712904,-9341.579430
490.080576,95.712904,133.998066,-9360.722011
490.081203,76.570323,153.140646,-9303.294269
490.081830,95.712904,248.853550,-9360.722011
490.082457,38.285162,229.710970,-9437.292334
490.083085,0.000000,248.853550,-9437.292334
490.083712,57.427742,172.283227,-9552.147819
490.084339,57.427742,133.998066,-9552.147819
490.084967,172.283227,114.855485,-9513.862658
490.085594,114.855485,38.285162,-9437.292334
490.086221,210.568389,133.998066,-9399.007173
490.086849,153.140646,57.427742,-9341.579430
490.087476,133.998066,57.427742,-9303.294269
490.088103,76.570323,133.998066,-9284.151688
490.088731,0.000000,153.140646,-9322.436850
490.089358,0.000000,210.568389,-9360.722011
490.089985,19.142581,229.710970,-9475.577496
490.090612,38.285162,229.710970,-9475.577496
490.091240,76.570323,229.710970,-9494.720077
490.091867,76.570323,210.568389,-9533.005238
490.092494,172.283227,114.855485,-9571.290400
490.093122,210.568389,76.570323,-9360.722011
490.093749,248.853550,95.712904,-9360.722011
490.094376,210.568389,95.712904,-9360.722011
490.095004,172.283227,114.855485,-9379.864592
490.095631,95.712904,153.140646,-9360.722011
490.096258,38.285162,191.425808,-9322.436850
490.096886,38.285162,229.710970,-9418.149754
490.097513,-19.142581,210.568389,-9571.290400
490.098140,57.427742,191.425808,-9552.147819
490.098768,57.427742,172.283227,-9552.147819
490.099395,95.712904,133.998066,-9552.147819
490.100022,133.998066,38.285162,-9571.290400
490.100649,114.855485,57.427742,-9437.292334
490.101277,210.568389,95.712904,-9360.722011
490.101904,76.570323,38.285162,-9303.294269
490.102531,76.570323,76.570323,-9303.294269
490.103159,114.855485,191.425808,-9360.722011
490.103786,19.142581,210.568389,-9360.722011
490.104413,38.285162,229.710970,-9418.149754
490.105041,57.427742,287.138712,-9513.862658
490.105668,19.142581,172.283227,-9513.862658
490.106295,57.427742,210.568389,-9552.147819
490.106923,153.140646,133.998066,-9437.292334
490.107550,172.283227,76.570323,-9456.434915
490.108178,153.140646,133.998066,-9399.007173
490.108805,172.283227,114.855485,-9379.864592
490.109432,153.140646,95.712904,-9303.294269
490.110060,95.712904,153.140646,-9360.722011
490.110687,57.427742,191.425808,-9360.722011
490.111314,-38.285162,153.140646,-9437.292334
490.111942,19.142581,229.710970,-9533.005238
490.112569,-19.142581,248.853550,-9552.147819
490.113197,57.427742,133.998066,-9552.147819
490.113824,76.570323,133.998066,-9533.005238
490.114451,153.140646,38.285162,-9552.147819
490.115079,172.283227,57.427742,-9456.434915
490.115706,210.568389,0.000000,-9360.722011
490.116334,248.853550,95.712904,-9341.579430
490.116961,153.140646,95.712904,-9303.294269
490.117588,95.712904,153.140646,-9303.294269
490.118216,57.427742,229.710970,-9418.149754
490.118843,57.427742,248.853550,-9418.149754
490.119470,-19.142581,267.996131,-9533.005238
490.120098,19.142581,248.853550,-9513.862658
490.120725,38.285162,210.568389,-9533.005238
490.121353,133.998066,153.140646,-9475.577496
490.121980,172.283227,133.998066,-9533.005238
490.122607,191.425808,76.570323,-9418.149754
490.123235,229.710970,57.427742,-9360.722011
490.123862,248.853550,0.000000,-9245.866526
490.124489,76.570323,76.570323,-9379.864592
490.125117,57.427742,133.998066,-9341.579430
490.125744,95.712904,153.140646,-9360.722011
490.126372,19.142581,210.568389,-9437.292334
490.126999,-57.427742,191.425808,-9513.862658
490.127626,0.000000,191.425808,-9609.575562
490.128254,57.427742,95.712904,-9513.862658
490.128881,76.570323,133.998066,-9552.147819
490.129508,172.283227,114.855485,-9513.862658
490.130136,191.425808,57.427742,-9418.149754
490.130763,210.568389,95.712904,-9341.579430
490.131391,210.568389,95.712904,-9245.866526
490.132018,95.712904,133.998066,-9341.579430
490.132645,57.427742,172.283227,-9245.866526
490.133273,38.285162,248.853550,-9341.579430
490.133900,0.000000,306.281293,-9399.007173
490.134528,0.000000,287.138712,-9513.862658
490.135155,38.285162,229.710970,-9475.577496
490.135782,95.712904,229.710970,-9475.577496
490.136410,133.998066,114.855485,-9494.720077
490.137037,114.855485,38.285162,-9399.007173
490.137664,114.855485,19.142581,-9399.007173
490.138292,210.568389,0.000000,-9284.151688
490.138919,76.570323,38.285162,-9322.436850
490.139547,114.855485,133.998066,-9303.294269
490.140174,114.855485,133.998066,-9322.436850
490.140801,133.998066,229.710970,-9437.292334
490.141429,38.285162,229.710970,-9533.005238
490.142056,-38.285162,229.710970,-9533.005238
490.142683,57.427742,172.283227,-9552.147819
490.143311,133.998066,114.855485,-9533.005238
490.143938,172.283227,76.570323,-9456.434915
490.144566,210.568389,95.712904,-9360.722011
490.145193,267.996131,95.712904,-9341.579430
490.145820,210.568389,95.712904,-9245.866526
490.146448,153.140646,95.712904,-9303.294269
490.147075,95.712904,191.425808,-9303.294269
490.147702,95.712904,191.425808,-9341.579430
490.148330,0.000000,287.138712,-9456.434915
490.148957,-19.142581,267.996131,-9533.005238
490.149585,-38.285162,248.853550,-9513.862658
490.150212,57.427742,172.283227,-9552.147819
490.150839,133.998066,114.855485,-9533.005238
490.151467,172.283227,76.570323,-9475.577496
490.152094,210.568389,38.285162,-9360.722011
490.152721,210.568389,95.712904,-9360.722011
490.153349,153.140646,57.427742,-9322.436850
490.153976,76.570323,76.570323,-9303.294269
490.154604,38.285162,248.853550,-9341.579430
490.155231,76.570323,229.710970,-9418.149754
490.155858,57.427742,287.138712,-9475.577496
490.156486,57.427742,287.138712,-9513.862658
490.157113,0.000000,210.568389,-9647.860723
490.157741,114.855485,133.998066,-9590.432981
490.158368,133.998066,114.855485,-9456.434915
490.158995,172.283227,38.285162,-9418.149754
490.159623,172.283227,95.712904,-9399.007173
490.160250,210.568389,95.712904,-9245.866526
490.160877,153.140646,95.712904,-9303.294269
490.161505,57.427742,210.568389,-9322.436850
490.162132,38.285162,210.568389,-9341.579430
490.162760,0.000000,248.853550,-9360.722011
490.163387,19.142581,229.710970,-9533.005238
490.164014,0.000000,248.853550,-9552.147819
490.164642,95.712904,248.853550,-9552.147819
490.165269,114.855485,172.283227,-9552.147819
490.165896,191.425808,19.142581,-9475.577496
490.166524,172.283227,57.427742,-9418.149754
490.167151,210.568389,0.000000,-9284.151688
490.167779,153.140646,38.285162,-9341.579430
490.168406,153.140646,95.712904,-9322.436850
490.169033,133.998066,95.712904,-9360.722011
490.169661,57.427742,153.140646,-9360.722011
490.170288,-38.285162,191.425808,-9399.007173
490.170915,-57.427742,191.425808,-9513.862658
490.171543,57.427742,153.140646,-9609.575562
490.172170,57.427742,133.998066,-9552.147819
490.172798,133.998066,172.283227,-9533.005238
490.173425,191.425808,153.140646,-9494.720077
490.174052,248.853550,133.998066,-9399.007173
490.174680,172.283227,76.570323,-9360.722011
490.175307,153.140646,114.855485,-9245.866526
490.175934,95.712904,153.140646,-9265.009107
490.176562,95.712904,191.425808,-9303.294269
490.177189,57.427742,287.138712,-9399.007173
490.177817,-57.427742,267.996131,-9533.005238
490.178444,-19.142581,267.996131,-9533.005238
490.179071,38.285162,210.568389,-9552.147819
490.179699,95.712904,153.140646,-9533.005238
490.180326,114.855485,95.712904,-9513.862658
490.180954,191.425808,-38.285162,-9418.149754
490.181581,210.568389,0.000000,-9360.722011
490.182208,248.853550,0.000000,-9360.722011
490.182836,76.570323,76.570323,-9322.436850
490.183463,76.570323,76.570323,-9284.151688
490.184090,0.000000,210.568389,-9322.436850
490.184718,0.000000,248.853550,-9360.722011
490.185345,-38.285162,248.853550,-9513.862658
490.185973,-57.427742,153.140646,-9571.290400
490.186600,38.285162,210.568389,-9533.005238
490.187227,114.855485,191.425808,-9533.005238
490.187855,114.855485,133.998066,-9533.005238
490.188482,210.568389,76.570323,-9418.149754
490.189109,153.140646,95.712904,-9341.579430
490.189737,210.568389,76.570323,-9226.723946
490.190364,133.998066,76.570323,-9303.294269
490.190992,95.712904,133.998066,-9284.151688
490.191619,57.427742,191.425808,-9341.579430
490.192246,19.142581,229.710970,-9437.292334
490.192874,19.142581,287.138712,-9475.577496
490.193501,38.285162,210.568389,-9475.577496
490.194128,57.427742,172.283227,-9552.147819
490.194756,133.998066,95.712904,-9552.147819
490.195383,95.712904,76.570323,-9552.147819
490.196011,191.425808,57.427742,-9456.434915
490.196638,153.140646,0.000000,-9360.722011
490.197265,133.998066,95.712904,-9303.294269
490.197893,95.712904,133.998066,-9341.579430
490.198520,95.712904,191.425808,-9341.579430
490.199147,95.712904,248.853550,-9322.436850
490.199775,19.142581,229.710970,-9475.577496
490.200402,0.000000,267.996131,-9533.005238
490.201030,19.142581,172.283227,-9533.005238
490.201657,57.427742,133.998066,-9533.005238
490.202284,114.855485,95.712904,-9494.720077
490.202912,95.712904,95.712904,-9437.292334
490.203539,153.140646,57.427742,-9379.864592
490.204166,210.568389,57.427742,-9341.579430
490.204794,76.570323,114.855485,-9226.723946
490.205421,57.427742,133.998066,-9284.151688
490.206049,57.427742,153.140646,-9322.436850
490.206676,38.285162,229.710970,-9418.149754
490.207303,19.142581,229.710970,-9437.292334
490.207931,19.142581,287.138712,-9552.147819
490.208558,57.427742,172.283227,-9552.147819
490.209185,76.570323,133.998066,-9552.147819
490.209813,114.855485,95.712904,-9513.862658
490.210440,153.140646,76.570323,-9437.292334
490.211067,229.710970,38.285162,-9418.149754
490.211695,210.568389,38.285162,-9284.151688
490.212322,153.140646,95.712904,-9303.294269
490.212950,114.855485,133.998066,-9341.579430
490.213577,76.570323,248.853550,-9379.864592
490.214204,38.285162,210.568389,-9437.292334
490.214832,19.142581,287.138712,-9533.005238
490.215459,38.285162,210.568389,-9533.005238
490.216086,133.998066,210.568389,-9533.005238
490.216714,95.712904,114.855485,-9475.577496
490.217341,172.283227,95.712904,-9437.292334
490.217969,210.568389,95.712904,-9360.722011
490.218596,153.140646,95.712904,-9303.294269
490.219223,210.568389,95.712904,-9360.722011
490.219851,76.570323,76.570323,-9379.864592
490.220478,0.000000,153.140646,-9360.722011
490.221105,57.427742,153.140646,-9360.722011
490.221733,76.570323,229.710970,-9494.720077
490.222360,-38.285162,229.710970,-9552.147819
490.222987,57.427742,153.140646,-9552.147819
490.223615,95.712904,191.425808,-9552.147819
490.224242,114.855485,133.998066,-9552.147819
490.224870,172.283227,57.427742,-9475.577496
490.225497,191.425808,19.142581,-9418.149754
490.226124,153.140646,0.000000,-9284.151688
490.226752,153.140646,38.285162,-9341.579430
490.227379,57.427742,133.998066,-9303.294269
490.228006,0.000000,191.425808,-9341.579430
490.228634,38.285162,248.853550,-9379.864592
490.229261,19.142581,210.568389,-9437.292334
490.229889,0.000000,287.138712,-9456.434915
490.230516,57.427742,229.710970,-9513.862658
490.231143,38.285162,133.998066,-9533.005238
490.231771,210.568389,133.998066,-9513.862658
490.232398,229.710970,57.427742,-9418.149754
490.233025,248.853550,95.712904,-9341.579430
490.233653,153.140646,95.712904,-9322.436850
490.234280,133.998066,133.998066,-9379.864592
490.234907,38.285162,76.570323,-9379.864592
490.235535,95.712904,133.998066,-9322.436850
490.236162,38.285162,229.710970,-9494.720077
490.236790,19.142581,191.425808,-9533.005238
490.237417,-19.142581,210.568389,-9628.718142
490.238044,57.427742,191.425808,-9590.432981
490.238672,114.855485,133.998066,-9552.147819
490.239299,114.855485,133.998066,-9533.005238
490.239926,191.425808,19.142581,-9418.149754
490.240554,172.283227,57.427742,-9418.149754
490.241181,153.140646,38.285162,-9360.722011
490.241808,76.570323,95.712904,-9379.864592
490.242436,114.855485,153.140646,-9322.436850
490.243063,76.570323,191.425808,-9418.149754
490.243691,19.142581,287.138712,-9494.720077
490.244318,57.427742,287.138712,-9513.862658
490.244945,57.427742,267.996131,-9571.290400
490.245573,114.855485,172.283227,-9552.147819
490.246200,114.855485,114.855485,-9571.290400
490.246827,172.283227,57.427742,-9456.434915
490.247455,229.710970,76.570323,-9418.149754
490.248082,210.568389,0.000000,-9303.294269
490.248710,153.140646,95.712904,-9341.579430
490.249337,57.427742,133.998066,-9360.722011
490.249964,0.000000,191.425808,-9360.722011
490.250592,76.570323,210.568389,-9418.149754
490.251219,19.142581,229.710970,-9475.577496
490.251846,0.000000,210.568389,-9571.290400
490.252474,114.855485,133.998066,-9609.575562
490.253101,172.283227,153.140646,-9552.147819
490.253728,210.568389,95.712904,-9533.005238
490.254356,172.283227,57.427742,-9418.149754
490.254983,153.140646,38.285162,-9341.579430
490.255611,210.568389,95.712904,-9245.866526
490.256238,153.140646,95.712904,-9322.436850
490.256865,95.712904,153.140646,-9284.151688
490.257493,38.285162,229.710970,-9418.149754
490.258120,19.142581,267.996131,-9456.434915
490.258747,-19.142581,267.996131,-9475.577496
490.259375,0.000000,287.138712,-9494.720077
490.260002,95.712904,191.425808,-9552.147819
490.260629,133.998066,114.855485,-9475.577496
490.261257,153.140646,95.712904,-9418.149754
490.261884,210.568389,95.712904,-9341.579430
490.262512,248.853550,95.712904,-9284.151688
490.263139,191.425808,95.712904,-9284.151688
490.263766,76.570323,76.570323,-9322.436850
490.264394,38.285162,133.998066,-9341.579430
490.265021,38.285162,210.568389,-9418.149754
490.265648,38.285162,229.710970,-9533.005238
490.266276,0.000000,229.710970,-9571.290400
490.266903,57.427742,191.425808,-9552.147819
490.267531,133.998066,114.855485,-9533.005238
490.268158,133.998066,76.570323,-9571.290400
490.268785,191.425808,76.570323,-9418.149754
490.269413,191.425808,19.142581,-9418.149754
490.270040,210.568389,0.000000,-9284.151688
490.270667,76.570323,38.285162,-9265.009107
490.271295,114.855485,114.855485,-9322.436850
490.271922,76.570323,248.853550,-9303.294269
490.272549,38.285162,267.996131,-9379.864592
490.273177,38.285162,229.710970,-9437.292334
490.273804,0.000000,325.423874,-9475.577496
490.274432,57.427742,248.853550,-9552.147819
490.275059,153.140646,114.855485,-9437.292334
490.275686,191.425808,76.570323,-9475.577496
490.276314,229.710970,114.855485,-9322.436850
490.276941,153.140646,0.000000,-9341.579430
490.277568,153.140646,57.427742,-9303.294269
490.278196,133.998066,76.570323,-9379.864592
490.278823,95.712904,210.568389,-9341.579430
490.279451,19.142581,267.996131,-9379.864592
490.280078,19.142581,210.568389,-9475.577496
490.280705,-19.142581,229.710970,-9571.290400
490.281333,-38.285162,172.283227,-9513.862658
490.281960,57.427742,133.998066,-9552.147819
490.282587,153.140646,95.712904,-9533.005238
490.283215,172.283227,57.427742,-9456.434915
490.283842,191.425808,19.142581,-9418.149754
490.284469,210.568389,95.712904,-9341.579430
490.285097,210.568389,95.712904,-9245.866526
490.285724,57.427742,133.998066,-9341.579430
490.286352,95.712904,191.425808,-9303.294269
490.286979,95.712904,267.996131,-9360.722011
490.287606,-19.142581,325.423874,-9494.720077
490.288234,-19.142581,229.710970,-9571.290400
490.288861,57.427742,191.425808,-9552.147819
490.289488,95.712904,191.425808,-9533.005238
490.290116,153.140646,95.712904,-9552.147819
490.290743,191.425808,76.570323,-9360.722011
490.291370,229.710970,0.000000,-9360.722011
490.291998,133.998066,38.285162,-9284.151688
490.292625,133.998066,38.285162,-9265.009107
490.293253,57.427742,76.570323,-9322.436850
490.293880,57.427742,210.568389,-9360.722011
490.294507,57.427742,229.710970,-9456.434915
490.295135,-57.427742,248.853550,-9513.862658
490.295762,-57.427742,153.140646,-9571.290400
490.296389,57.427742,153.140646,-9552.147819
490.297017,172.283227,114.855485,-9571.290400
490.297644,153.140646,95.712904,-9533.005238
490.298272,229.710970,76.570323,-9418.149754
490.298899,248.853550,0.000000,-9341.579430
490.299526,210.568389,95.712904,-9284.151688
490.300154,133.998066,76.570323,-9284.151688
490.300781,57.427742,248.853550,-9245.866526
490.301409,38.285162,267.996131,-9341.579430
490.302036,0.000000,229.710970,-9494.720077
490.302663,-38.285162,325.423874,-9609.575562
490.303291,57.427742,191.425808,-9552.147819
490.303918,95.712904,191.425808,-9552.147819
490.304546,76.570323,76.570323,-9513.862658
490.305173,153.140646,76.570323,-9494.720077
490.305801,210.568389,76.570323,-9494.720077
490.306428,248.853550,0.000000,-9341.579430
490.307056,191.425808,19.142581,-9360.722011
490.307683,76.570323,76.570323,-9379.864592
490.308311,76.570323,76.570323,-9379.864592
490.308938,0.000000,153.140646,-9418.149754
490.309566,-19.142581,267.996131,-9533.005238
490.310193,19.142581,267.996131,-9571.290400
490.310820,57.427742,172.283227,-9552.147819
490.311448,76.570323,114.855485,-9475.577496
490.312075,114.855485,38.285162,-9494.720077
490.312703,191.425808,57.427742,-9418.149754
490.313330,210.568389,19.142581,-9360.722011
490.313958,210.568389,95.712904,-9303.294269
490.314585,133.998066,95.712904,-9341.579430
490.315213,76.570323,133.998066,-9284.151688
490.315840,95.712904,210.568389,-9322.436850
490.316468,57.427742,267.996131,-9379.864592
490.317095,19.142581,229.710970,-9475.577496
490.317723,-19.142581,229.710970,-9571.290400
490.318350,95.712904,229.710970,-9571.290400
490.318977,153.140646,172.283227,-9513.862658
490.319605,153.140646,114.855485,-9456.434915
490.320232,229.710970,19.142581,-9418.149754
490.320860,210.568389,76.570323,-9379.864592
490.321487,153.140646,95.712904,-9360.722011
490.322115,95.712904,133.998066,-9341.579430
490.322742,38.285162,153.140646,-9341.579430
490.323370,76.570323,229.710970,-9418.149754
490.323997,-19.142581,267.996131,-9533.005238
490.324625,-38.285162,287.138712,-9552.147819
490.325252,19.142581,287.138712,-9552.147819
490.325879,95.712904,172.283227,-9590.432981
490.326507,133.998066,133.998066,-9437.292334
490.327134,191.425808,76.570323,-9418.149754
490.327762,267.996131,0.000000,-9341.579430
490.328389,191.425808,57.427742,-9245.866526
490.329017,114.855485,114.855485,-9265.009107
490.329644,114.855485,153.140646,-9341.579430
490.330272,0.000000,248.853550,-9322.436850
490.330899,57.427742,267.996131,-9360.722011
490.331527,-19.142581,325.423874,-9399.007173
490.332154,19.142581,191.425808,-9513.862658
490.332782,95.712904,172.283227,-9609.575562
490.333409,114.855485,133.998066,-9552.147819
490.334036,133.998066,133.998066,-9513.862658
490.334664,172.283227,0.000000,-9494.720077
490.335291,191.425808,76.570323,-9418.149754
490.335919,210.568389,38.285162,-9341.579430
490.336546,153.140646,76.570323,-9284.151688
490.337174,76.570323,133.998066,-9284.151688
490.337801,0.000000,248.853550,-9360.722011
490.338429,19.142581,210.568389,-9494.720077
490.339056,-38.285162,229.710970,-9533.005238
490.339684,57.427742,191.425808,-9552.147819
490.340311,95.712904,153.140646,-9552.147819
490.340939,153.140646,114.855485,-9475.577496
490.341566,153.140646,95.712904,-9475.577496
490.342193,191.425808,57.427742,-9418.149754
490.342821,267.996131,95.712904,-9341.579430
490.343448,248.853550,95.712904,-9245.866526
490.344076,191.425808,172.283227,-9322.436850
490.344703,95.712904,210.568389,-9245.866526
490.345331,57.427742,248.853550,-9360.722011
490.345958,-19.142581,325.423874,-9475.577496
490.346586,-19.142581,325.423874,-9533.005238
490.347213,19.142581,248.853550,-9571.290400
490.347841,57.427742,172.283227,-9552.147819
490.348468,95.712904,95.712904,-9437.292334
490.349096,114.855485,95.712904,-9437.292334
490.349723,191.425808,19.142581,-9456.434915
490.350350,191.425808,19.142581,-9360.722011
490.350978,153.140646,57.427742,-9341.579430
490.351605,172.283227,76.570323,-9360.722011
490.352233,38.285162,172.283227,-9418.149754
490.352860,19.142581,229.710970,-9437.292334
490.353488,-76.570323,325.423874,-9533.005238
490.354115,19.142581,229.710970,-9533.005238
490.354743,57.427742,191.425808,-9552.147819
490.355370,114.855485,133.998066,-9533.005238
490.355998,133.998066,114.855485,-9475.577496
490.356625,133.998066,114.855485,-9418.149754
490.357252,191.425808,19.142581,-9418.149754
490.357880,210.568389,38.285162,-9226.723946
490.358507,153.140646,95.712904,-9245.866526
490.359135,114.855485,133.998066,-9284.151688
490.359762,57.427742,172.283227,-9360.722011
490.360390,0.000000,267.996131,-9360.722011
490.361017,-38.285162,248.853550,-9513.862658
490.361645,0.000000,210.568389,-9571.290400
490.362272,57.427742,133.998066,-9552.147819
490.362900,210.568389,76.570323,-9513.862658
490.363527,191.425808,57.427742,-9475.577496
490.364155,229.710970,57.427742,-9456.434915
490.364782,153.140646,-19.142581,-9360.722011
490.365409,191.425808,57.427742,-9418.149754
490.366037,76.570323,76.570323,-9322.436850
490.366664,57.427742,153.140646,-9322.436850
490.367292,38.285162,248.853550,-9418.149754
490.367919,0.000000,287.138712,-9513.862658
490.368547,-19.142581,267.996131,-9475.577496
490.369174,19.142581,229.710970,-9533.005238
490.369802,76.570323,287.138712,-9513.862658
490.370429,114.855485,172.283227,-9552.147819
490.371057,191.425808,76.570323,-9456.434915
490.371684,191.425808,76.570323,-9360.722011
490.372312,248.853550,95.712904,-9284.151688
490.372939,153.140646,95.712904,-9245.866526
490.373566,76.570323,76.570323,-9265.009107
490.374194,57.427742,248.853550,-9360.722011
490.374821,19.142581,229.710970,-9418.149754
490.375449,-57.427742,248.853550,-9513.862658
490.376076,0.000000,229.710970,-9475.577496
490.376704,76.570323,172.283227,-9667.003304
490.377331,172.283227,95.712904,-9513.862658
490.377959,114.855485,0.000000,-9494.720077
490.378586,172.283227,57.427742,-9418.149754
490.379214,191.425808,57.427742,-9360.722011
490.379841,172.283227,76.570323,-9418.149754
490.380469,95.712904,133.998066,-9360.722011
490.381096,57.427742,153.140646,-9322.436850
490.381723,95.712904,210.568389,-9437.292334
490.382351,0.000000,191.425808,-9360.722011
490.382978,-19.142581,267.996131,-9533.005238
490.383606,0.000000,248.853550,-9533.005238
490.384233,76.570323,248.853550,-9552.147819
490.384861,133.998066,210.568389,-9475.577496
490.385488,210.568389,133.998066,-9437.292334
490.386116,229.710970,95.712904,-9360.722011
490.386743,267.996131,95.712904,-9284.151688
490.387371,210.568389,57.427742,-9245.866526
490.387998,153.140646,95.712904,-9341.579430
490.388625,95.712904,210.568389,-9341.579430
490.389253,19.142581,210.568389,-9418.149754
490.389880,-19.142581,267.996131,-9533.005238
490.390508,19.142581,210.568389,-9533.005238
490.391135,95.712904,191.425808,-9552.147819
490.391763,114.855485,76.570323,-9552.147819
490.392390,153.140646,95.712904,-9533.005238
490.393018,191.425808,76.570323,-9533.005238
490.393645,229.710970,-38.285162,-9418.149754
490.394273,191.425808,95.712904,-9284.151688
490.394900,153.140646,38.285162,-9360.722011
490.395528,133.998066,76.570323,-9303.294269
490.396155,38.285162,191.425808,-9360.722011
490.396782,19.142581,287.138712,-9437.292334
490.397410,-38.285162,248.853550,-9513.862658
490.398037,19.142581,287.138712,-9552.147819
490.398665,57.427742,191.425808,-9533.005238
490.399292,133.998066,114.855485,-9475.577496
490.399920,172.283227,95.712904,-9494.720077
490.400547,229.710970,57.427742,-9418.149754
490.401175,191.425808,76.570323,-9360.722011
490.401802,229.710970,76.570323,-9341.579430
490.402430,172.283227,114.855485,-9341.579430
490.403057,76.570323,76.570323,-9322.436850
490.403684,0.000000,191.425808,-9360.722011
490.404312,19.142581,229.710970,-9494.720077
490.404939,-19.142581,229.710970,-9571.290400
490.405567,0.000000,172.283227,-9552.147819
490.406194,76.570323,133.998066,-9552.147819
490.406821,172.283227,76.570323,-9533.005238
490.407449,172.283227,76.570323,-9456.434915
490.408076,191.425808,57.427742,-9418.149754
490.408704,229.710970,57.427742,-9360.722011
490.409331,191.425808,95.712904,-9360.722011
490.409959,95.712904,153.140646,-9284.151688
490.410586,76.570323,133.998066,-9284.151688
490.411213,38.285162,191.425808,-9360.722011
490.411841,-19.142581,267.996131,-9437.292334
490.412468,-38.285162,248.853550,-9513.862658
490.413096,19.142581,172.283227,-9475.577496
490.413723,114.855485,153.140646,-9552.147819
490.414351,153.140646,133.998066,-9494.720077
490.414978,153.140646,38.285162,-9533.005238
490.415605,191.425808,76.570323,-9418.149754
490.416233,210.568389,95.712904,-9245.866526
490.416860,172.283227,114.855485,-9284.151688
490.417488,95.712904,153.140646,-9303.294269
490.418115,0.000000,248.853550,-9360.722011
490.418743,19.142581,229.710970,-9418.149754
490.419370,-38.285162,287.138712,-9552.147819
490.419997,57.427742,191.425808,-9552.147819
490.420625,57.427742,172.283227,-9552.147819
490.421252,95.712904,133.998066,-9552.147819
490.421880,133.998066,95.712904,-9456.434915
490.422507,248.853550,-38.285162,-9418.149754
490.423135,191.425808,38.285162,-9418.149754
490.423762,191.425808,57.427742,-9303.294269
490.424389,172.283227,114.855485,-9322.436850
490.425017,172.283227,229.710970,-9284.151688
490.425644,38.285162,287.138712,-9399.007173
490.426272,19.142581,229.710970,-9437.292334
490.426899,0.000000,287.138712,-9513.862658
490.427527,-38.285162,248.853550,-9513.862658
490.428154,76.570323,191.425808,-9552.147819
490.428781,133.998066,153.140646,-9456.434915
490.429409,248.853550,57.427742,-9418.149754
490.430036,287.138712,57.427742,-9418.149754
490.430664,210.568389,38.285162,-9303.294269
490.431291,153.140646,95.712904,-9245.866526
490.431919,114.855485,133.998066,-9360.722011
490.432546,57.427742,153.140646,-9360.722011
490.433173,0.000000,287.138712,-9437.292334
490.433801,-19.142581,267.996131,-9533.005238
490.434428,38.285162,248.853550,-9590.432981
490.435056,0.000000,172.283227,-9609.575562
490.435683,76.570323,133.998066,-9590.432981
490.436310,153.140646,76.570323,-9513.862658
490.436938,172.283227,76.570323,-9456.434915
490.437565,229.710970,76.570323,-9418.149754
490.438193,248.853550,57.427742,-9245.866526
490.438820,133.998066,95.712904,-9303.294269
490.439448,114.855485,172.283227,-9284.151688
490.440075,57.427742,153.140646,-9322.436850
490.440702,19.142581,229.710970,-9418.149754
490.441330,-19.142581,267.996131,-9494.720077
490.441957,38.285162,248.853550,-9571.290400
490.442585,38.285162,210.568389,-9475.577496
490.443212,76.570323,114.855485,-9475.577496
490.443840,172.283227,95.712904,-9494.720077
490.444467,229.710970,57.427742,-9418.149754
490.445094,210.568389,76.570323,-9360.722011
490.445722,267.996131,0.000000,-9284.151688
490.446349,172.283227,114.855485,-9341.579430
490.446977,95.712904,172.283227,-9322.436850
490.447604,57.427742,172.283227,-9418.149754
490.448232,0.000000,248.853550,-9552.147819
490.448859,19.142581,287.138712,-9552.147819
490.449486,0.000000,172.283227,-9552.147819
490.450114,57.427742,133.998066,-9552.147819
490.450741,133.998066,95.712904,-9533.005238
490.451369,172.283227,76.570323,-9418.149754
490.451996,229.710970,19.142581,-9418.149754
490.452624,248.853550,38.285162,-9284.151688
490.453251,133.998066,95.712904,-9245.866526
490.453878,95.712904,172.283227,-9341.579430
490.454506,95.712904,248.853550,-9322.436850
490.455133,95.712904,229.710970,-9379.864592
490.455761,-19.142581,325.423874,-9437.292334
490.456388,0.000000,287.138712,-9513.862658
490.457016,57.427742,172.283227,-9552.147819
490.457643,153.140646,172.283227,-9533.005238
490.458270,191.425808,133.998066,-9437.292334
490.458898,191.425808,76.570323,-9418.149754
490.459525,229.710970,57.427742,-9418.149754
490.460153,153.140646,38.285162,-9303.294269
490.460780,57.427742,76.570323,-9379.864592
490.461408,57.427742,153.140646,-9284.151688
490.462035,76.570323,172.283227,-9418.149754
490.462662,19.142581,229.710970,-9494.720077
490.463290,-76.570323,248.853550,-9533.005238
490.463917,-19.142581,229.710970,-9571.290400
490.464545,57.427742,153.140646,-9552.147819
490.465172,172.283227,133.998066,-9552.147819
490.465799,191.425808,114.855485,-9513.862658
490.466427,191.425808,38.285162,-9418.149754
490.467054,172.283227,19.142581,-9418.149754
490.467682,153.140646,95.712904,-9284.151688
490.468309,95.712904,133.998066,-9303.294269
490.468937,95.712904,191.425808,-9322.436850
490.469564,19.142581,267.996131,-9379.864592
490.470191,-19.142581,325.423874,-9494.720077
490.470819,-38.285162,248.853550,-9513.862658
490.471446,0.000000,191.425808,-9552.147819
490.472074,114.855485,172.283227,-9533.005238
490.472701,191.425808,76.570323,-9456.434915
490.473329,191.425808,57.427742,-9475.577496
490.473956,229.710970,0.000000,-9360.722011
490.474583,153.140646,0.000000,-9245.866526
490.475211,153.140646,0.000000,-9341.579430
490.475838,95.712904,133.998066,-9341.579430
490.476466,76.570323,229.710970,-9418.149754
490.477093,19.142581,287.138712,-9437.292334
490.477721,0.000000,229.710970,-9571.290400
490.478348,0.000000,229.710970,-9571.290400
490.478975,57.427742,172.283227,-9552.147819
490.479603,133.998066,76.570323,-9571.290400
490.480230,114.855485,57.427742,-9437.292334
490.480858,210.568389,57.427742,-9360.722011
490.481485,248.853550,95.712904,-9284.151688
490.482113,191.425808,95.712904,-9245.866526
490.482740,95.712904,133.998066,-9245.866526
490.483367,57.427742,133.998066,-9303.294269
490.483995,95.712904,248.853550,-9322.436850
490.484622,0.000000,306.281293,-9399.007173
490.485250,57.427742,287.138712,-9399.007173
490.485877,38.285162,210.568389,-9533.005238
490.486505,0.000000,191.425808,-9552.147819
490.487132,114.855485,95.712904,-9513.862658
490.487759,114.855485,95.712904,-9437.292334
490.488387,191.425808,95.712904,-9379.864592
490.489014,210.568389,95.712904,-9322.436850
490.489642,172.283227,57.427742,-9360.722011
490.490269,114.855485,133.998066,-9341.579430
490.490897,19.142581,229.710970,-9322.436850
490.491524,57.427742,229.710970,-9475.577496
490.492151,-76.570323,267.996131,-9533.005238
490.492779,-38.285162,191.425808,-9437.292334
490.493406,19.142581,210.568389,-9533.005238
490.494034,57.427742,133.998066,-9533.005238
490.494661,114.855485,95.712904,-9494.720077
490.495288,229.710970,76.570323,-9418.149754
490.495916,229.710970,57.427742,-9341.579430
490.496543,248.853550,95.712904,-9226.723946
490.497171,133.998066,114.855485,-9245.866526
490.497798,114.855485,191.425808,-9265.009107
490.498426,114.855485,229.710970,-9379.864592
490.499053,-19.142581,325.423874,-9418.149754
490.499680,-38.285162,287.138712,-9552.147819
490.500308,0.000000,267.996131,-9533.005238
490.500935,0.000000,172.283227,-9609.575562
490.501563,114.855485,114.855485,-9571.290400
490.502190,172.283227,76.570323,-9533.005238
490.502818,229.710970,19.142581,-9456.434915
490.503445,229.710970,38.285162,-9341.579430
490.504072,248.853550,0.000000,-9322.436850
490.504700,133.998066,76.570323,-9379.864592
490.505327,114.855485,172.283227,-9322.436850
490.505955,114.855485,153.140646,-9360.722011
490.506582,57.427742,287.138712,-9475.577496
490.507209,0.000000,248.853550,-9552.147819
490.507837,0.000000,153.140646,-9552.147819
490.508464,133.998066,191.425808,-9552.147819
490.509092,153.140646,114.855485,-9437.292334
490.509719,172.283227,95.712904,-9399.007173
490.510346,191.425808,57.427742,-9360.722011
490.510974,267.996131,95.712904,-9284.151688
490.511601,172.283227,114.855485,-9265.009107
490.512228,172.283227,172.283227,-9322.436850
490.512856,38.285162,248.853550,-9379.864592
490.513483,19.142581,229.710970,-9437.292334
490.514111,-38.285162,306.281293,-9552.147819
490.514738,-19.142581,287.138712,-9513.862658
490.515365,57.427742,248.853550,-9609.575562
490.515993,95.712904,172.283227,-9552.147819
490.516620,153.140646,76.570323,-9494.720077
490.517247,191.425808,57.427742,-9456.434915
490.517875,191.425808,76.570323,-9418.149754
490.518502,210.568389,38.285162,-9245.866526
490.519129,133.998066,38.285162,-9379.864592
490.519757,95.712904,191.425808,-9322.436850
490.520384,57.427742,267.996131,-9418.149754
490.521012,0.000000,287.138712,-9456.434915
490.521639,-19.142581,229.710970,-9571.290400
490.522266,-38.285162,191.425808,-9513.862658
490.522894,114.855485,172.283227,-9590.432981
490.523521,172.283227,172.283227,-9533.005238
490.524148,229.710970,133.998066,-9399.007173
490.524776,248.853550,95.712904,-9379.864592
490.525403,267.996131,38.285162,-9245.866526
490.526031,191.425808,114.855485,-9284.151688
490.526658,114.855485,153.140646,-9341.579430
490.527285,95.712904,133.998066,-9322.436850
490.527913,0.000000,229.710970,-9418.149754
490.528540,0.000000,287.138712,-9494.720077
490.529167,0.000000,267.996131,-9533.005238
490.529795,57.427742,191.425808,-9552.147819
490.530422,133.998066,76.570323,-9571.290400
490.531049,133.998066,57.427742,-9571.290400
490.531677,210.568389,76.570323,-9437.292334
490.532304,191.425808,-38.285162,-9360.722011
490.532932,248.853550,0.000000,-9322.436850
490.533559,133.998066,95.712904,-9341.579430
490.534186,38.285162,76.570323,-9265.009107
490.534814,95.712904,153.140646,-9322.436850
490.535441,0.000000,248.853550,-9418.149754
490.536068,-38.285162,229.710970,-9533.005238
490.536696,0.000000,248.853550,-9552.147819
490.537323,19.142581,248.853550,-9513.862658
490.537951,76.570323,114.855485,-9456.434915
490.538578,153.140646,114.855485,-9456.434915
490.539205,287.138712,19.142581,-9418.149754
490.539833,210.568389,95.712904,-9284.151688
490.540460,248.853550,95.712904,-9245.866526
490.541087,172.283227,114.855485,-9284.151688
490.541715,57.427742,248.853550,-9303.294269
490.542342,19.142581,229.710970,-9418.149754
490.542969,0.000000,229.710970,-9513.862658
490.543597,57.427742,229.710970,-9513.862658
490.544224,19.142581,172.283227,-9533.005238
490.544852,57.427742,133.998066,-9552.147819
490.545479,133.998066,133.998066,-9513.862658
490.546106,76.570323,95.712904,-9494.720077
490.546734,248.853550,57.427742,-9418.149754
490.547361,248.853550,0.000000,-9360.722011
490.547988,191.425808,95.712904,-9341.579430
490.548616,133.998066,172.283227,-9418.149754
490.549243,57.427742,248.853550,-9360.722011
490.549871,-38.285162,248.853550,-9399.007173
490.550498,-76.570323,325.423874,-9475.577496
490.551125,19.142581,267.996131,-9571.290400
490.551753,-38.285162,229.710970,-9552.147819
490.552380,57.427742,133.998066,-9533.005238
490.553007,76.570323,114.855485,-9494.720077
490.553635,210.568389,133.998066,-9399.007173
490.554262,229.710970,76.570323,-9418.149754
490.554889,210.568389,95.712904,-9245.866526
490.555517,210.568389,114.855485,-9265.009107
490.556144,114.855485,210.568389,-9284.151688
490.556772,114.855485,248.853550,-9360.722011
490.557399,-38.285162,114.855485,-9533.005238
490.558026,57.427742,248.853550,-9552.147819
490.558654,-76.570323,229.710970,-9571.290400
490.559281,57.427742,172.283227,-9609.575562
490.559908,114.855485,172.283227,-9552.147819
490.560536,153.140646,114.855485,-9475.577496
490.561163,191.425808,-38.285162,-9418.149754
490.561791,248.853550,0.000000,-9284.151688
490.562418,191.425808,57.427742,-9303.294269
490.563045,76.570323,76.570323,-9284.151688
490.563673,57.427742,153.140646,-9322.436850
490.564300,38.285162,229.710970,-9418.149754
490.564927,-19.142581,267.996131,-9494.720077
490.565555,-19.142581,267.996131,-9533.005238
490.566182,38.285162,248.853550,-9571.290400
490.566809,95.712904,191.425808,-9533.005238
490.567437,133.998066,114.855485,-9533.005238
490.568064,172.283227,95.712904,-9399.007173
490.568692,172.283227,38.285162,-9418.149754
490.569319,153.140646,95.712904,-9245.866526
490.569946,191.425808,38.285162,-9303.294269
490.570574,133.998066,76.570323,-9322.436850
490.571201,76.570323,210.568389,-9418.149754
490.571828,38.285162,287.138712,-9437.292334
490.572456,-76.570323,248.853550,-9494.720077
490.573083,-38.285162,287.138712,-9590.432981
490.573711,57.427742,248.853550,-9628.718142
490.574338,114.855485,133.998066,-9590.432981
490.574965,133.998066,38.285162,-9571.290400
490.575593,153.140646,57.427742,-9379.864592
490.576220,210.568389,57.427742,-9303.294269
490.576847,210.568389,38.285162,-9284.151688
490.577475,172.283227,114.855485,-9284.151688
490.578102,114.855485,191.425808,-9303.294269
490.578729,76.570323,248.853550,-9322.436850
490.579357,19.142581,267.996131,-9379.864592
490.579984,-114.855485,325.423874,-9533.005238
490.580612,0.000000,287.138712,-9533.005238
490.581239,76.570323,172.283227,-9552.147819
490.581866,133.998066,153.140646,-9475.577496
490.582494,210.568389,133.998066,-9437.292334
490.583121,210.568389,95.712904,-9360.722011
490.583748,248.853550,95.712904,-9303.294269
490.584376,153.140646,95.712904,-9245.866526
490.585003,95.712904,133.998066,-9303.294269
490.585631,76.570323,191.425808,-9322.436850
490.586258,0.000000,267.996131,-9360.722011
490.586885,-19.142581,267.996131,-9437.292334
490.587513,-38.285162,267.996131,-9571.290400
490.588140,0.000000,191.425808,-9628.718142
490.588767,38.285162,76.570323,-9571.290400
490.589395,153.140646,114.855485,-9533.005238
490.590022,172.283227,-38.285162,-9456.434915
490.590649,248.853550,19.142581,-9341.579430
490.591277,267.996131,0.000000,-9284.151688
490.591904,153.140646,95.712904,-9360.722011
490.592532,76.570323,76.570323,-9303.294269
490.593159,95.712904,172.283227,-9360.722011
490.593786,38.285162,287.138712,-9494.720077
490.594414,-95.712904,325.423874,-9533.005238
490.595041,-95.712904,191.425808,-9494.720077
490.595668,95.712904,172.283227,-9533.005238
490.596296,153.140646,133.998066,-9494.720077
490.596923,153.140646,114.855485,-9456.434915
490.597551,191.425808,57.427742,-9418.149754
490.598178,267.996131,76.570323,-9322.436850
490.598805,248.853550,0.000000,-9245.866526
490.599433,153.140646,76.570323,-9265.009107
490.600060,114.855485,172.283227,-9379.864592
490.600687,76.570323,172.283227,-9418.149754
490.601315,-19.142581,287.138712,-9513.862658
490.601942,-57.427742,267.996131,-9533.005238
490.602569,57.427742,191.425808,-9609.575562
490.603197,114.855485,172.283227,-9647.860723
490.603824,153.140646,133.998066,-9513.862658
490.604452,191.425808,57.427742,-9475.577496
490.605079,191.425808,57.427742,-9418.149754
490.605706,248.853550,95.712904,-9245.866526
490.606334,153.140646,95.712904,-9245.866526
490.606961,76.570323,76.570323,-9322.436850
490.607588,95.712904,248.853550,-9341.579430
490.608216,38.285162,325.423874,-9379.864592
490.608843,0.000000,287.138712,-9456.434915
490.609471,-38.285162,287.138712,-9552.147819
490.610098,57.427742,287.138712,-9494.720077
490.610725,153.140646,133.998066,-9437.292334
490.611353,133.998066,114.855485,-9418.149754
490.611980,210.568389,95.712904,-9360.722011
490.612608,229.710970,19.142581,-9418.149754
490.613235,248.853550,95.712904,-9284.151688
490.613862,172.283227,114.855485,-9303.294269
490.614490,76.570323,76.570323,-9322.436850
490.615117,19.142581,172.283227,-9418.149754
490.615745,0.000000,287.138712,-9475.577496
490.616372,-95.712904,287.138712,-9552.147819
490.616999,-19.142581,210.568389,-9571.290400
490.617627,95.712904,172.283227,-9609.575562
490.618254,114.855485,95.712904,-9513.862658
490.618881,172.283227,38.285162,-9437.292334
490.619509,153.140646,0.000000,-9360.722011
490.620136,191.425808,76.570323,-9341.579430
490.620764,248.853550,95.712904,-9245.866526
490.621391,114.855485,114.855485,-9341.579430
490.622018,95.712904,153.140646,-9322.436850
490.622646,0.000000,248.853550,-9360.722011
490.623273,0.000000,306.281293,-9513.862658
490.623901,57.427742,287.138712,-9494.720077
490.624528,95.712904,191.425808,-9552.147819
490.625155,114.855485,153.140646,-9552.147819
490.625783,210.568389,191.425808,-9513.862658
490.626410,210.568389,133.998066,-9437.292334
490.627037,248.853550,76.570323,-9418.149754
490.627665,248.853550,38.285162,-9360.722011
490.628292,172.283227,76.570323,-9418.149754
490.628920,95.712904,133.998066,-9303.294269
490.629547,95.712904,267.996131,-9360.722011
490.630174,-57.427742,248.853550,-9456.434915
490.630802,-57.427742,229.710970,-9571.290400
490.631429,-19.142581,210.568389,-9571.290400
490.632057,57.427742,191.425808,-9552.147819
490.632684,114.855485,95.712904,-9513.862658
490.633311,133.998066,114.855485,-9475.577496
490.633939,191.425808,76.570323,-9418.149754
490.634566,229.710970,76.570323,-9360.722011
490.635194,248.853550,95.712904,-9245.866526
490.635821,95.712904,133.998066,-9245.866526
490.636448,114.855485,153.140646,-9245.866526
490.637076,76.570323,229.710970,-9418.149754
490.637703,0.000000,306.281293,-9456.434915
490.638330,-76.570323,267.996131,-9494.720077
490.638958,0.000000,229.710970,-9590.432981
490.639585,95.712904,191.425808,-9552.147819
490.640213,153.140646,133.998066,-9513.862658
490.640840,172.283227,76.570323,-9418.149754
490.641467,210.568389,57.427742,-9360.722011
490.642095,153.140646,0.000000,-9341.579430
490.642722,210.568389,38.285162,-9303.294269
490.643350,114.855485,133.998066,-9341.579430
490.643977,133.998066,76.570323,-9379.864592
490.644604,38.285162,191.425808,-9360.722011
490.645232,-114.855485,248.853550,-9475.577496
490.645859,-76.570323,229.710970,-9609.575562
490.646486,57.427742,210.568389,-9609.575562
490.647114,95.712904,133.998066,-9552.147819
490.647741,114.855485,95.712904,-9513.862658
490.648369,248.853550,57.427742,-9456.434915
490.648996,267.996131,38.285162,-9341.579430
490.649623,229.710970,114.855485,-9303.294269
490.650251,153.140646,95.712904,-9245.866526
490.650878,114.855485,133.998066,-9245.866526
490.651506,57.427742,248.853550,-9303.294269
490.652133,76.570323,229.710970,-9437.292334
490.652760,19.142581,325.423874,-9571.290400
490.653388,38.285162,229.710970,-9533.005238
490.654015,57.427742,172.283227,-9552.147819
490.654643,133.998066,114.855485,-9533.005238
490.655270,172.283227,38.285162,-9437.292334
490.655897,191.425808,19.142581,-9475.577496
490.656525,267.996131,0.000000,-9341.579430
490.657152,248.853550,-19.142581,-9303.294269
490.657779,76.570323,76.570323,-9379.864592
490.658407,57.427742,172.283227,-9360.722011
490.659034,38.285162,210.568389,-9418.149754
490.659662,-38.285162,248.853550,-9513.862658
490.660289,19.142581,325.423874,-9571.290400
490.660916,38.285162,191.425808,-9647.860723
490.661544,114.855485,172.283227,-9609.575562
490.662171,95.712904,38.285162,-9513.862658
490.662799,191.425808,-38.285162,-9456.434915
490.663426,153.140646,19.142581,-9379.864592
490.664053,229.710970,0.000000,-9303.294269
490.664681,153.140646,95.712904,-9245.866526
490.665308,95.712904,133.998066,-9245.866526
490.665935,95.712904,248.853550,-9322.436850
490.666563,19.142581,267.996131,-9379.864592
490.667190,57.427742,306.281293,-9494.720077
490.667818,-38.285162,248.853550,-9513.862658
490.668445,57.427742,248.853550,-9552.147819
490.669072,114.855485,172.283227,-9533.005238
490.669700,153.140646,38.285162,-9552.147819
490.670327,229.710970,38.285162,-9418.149754
490.670955,229.710970,0.000000,-9360.722011
490.671582,210.568389,38.285162,-9303.294269
490.672209,153.140646,95.712904,-9341.579430
490.672837,95.712904,114.855485,-9399.007173
490.673464,38.285162,229.710970,-9360.722011
490.674092,19.142581,248.853550,-9475.577496
490.674719,-19.142581,229.710970,-9571.290400
490.675346,0.000000,248.853550,-9552.147819
490.675974,57.427742,248.853550,-9552.147819
490.676601,153.140646,133.998066,-9513.862658
490.677228,191.425808,76.570323,-9456.434915
490.677856,229.710970,133.998066,-9322.436850
490.678483,248.853550,57.427742,-9245.866526
490.679111,153.140646,95.712904,-9245.866526
490.679738,95.712904,133.998066,-9245.866526
490.680365,114.855485,153.140646,-9245.866526
490.680993,38.285162,267.996131,-9379.864592
490.681620,-38.285162,287.138712,-9475.577496
490.682248,0.000000,267.996131,-9475.577496
490.682875,19.142581,191.425808,-9513.862658
490.683502,133.998066,153.140646,-9533.005238
490.684130,153.140646,114.855485,-9533.005238
490.684757,248.853550,57.427742,-9456.434915
490.685384,248.853550,19.142581,-9418.149754
490.686012,210.568389,0.000000,-9284.151688
490.686639,153.140646,57.427742,-9284.151688
490.687267,76.570323,38.285162,-9379.864592
490.687894,-19.142581,172.283227,-9379.864592
490.688521,-76.570323,267.996131,-9437.292334
490.689149,-95.712904,248.853550,-9513.862658
490.689776,-38.285162,287.138712,-9609.575562
490.690404,76.570323,248.853550,-9552.147819
490.691031,153.140646,133.998066,-9494.720077
490.691658,172.283227,114.855485,-9513.862658
490.692286,248.853550,95.712904,-9360.722011
490.692913,210.568389,95.712904,-9284.151688
490.693540,229.710970,114.855485,-9265.009107
490.694168,153.140646,95.712904,-9303.294269
490.694795,95.712904,172.283227,-9341.579430
490.695423,0.000000,210.568389,-9341.579430
490.696050,-19.142581,306.281293,-9513.862658
490.696677,-95.712904,248.853550,-9513.862658
490.697305,19.142581,248.853550,-9571.290400
490.697932,57.427742,133.998066,-9590.432981
490.698560,114.855485,38.285162,-9513.862658
490.699187,210.568389,19.142581,-9533.005238
490.699814,229.710970,19.142581,-9456.434915
490.700442,248.853550,0.000000,-9284.151688
490.701069,153.140646,0.000000,-9341.579430
490.701697,114.855485,114.855485,-9379.864592
490.702324,57.427742,191.425808,-9322.436850
490.702951,0.000000,306.281293,-9437.292334
490.703579,-38.285162,248.853550,-9513.862658
490.704206,-38.285162,287.138712,-9552.147819
490.704833,19.142581,267.996131,-9513.862658
490.705461,76.570323,191.425808,-9533.005238
490.706088,114.855485,133.998066,-9533.005238
490.706716,210.568389,133.998066,-9399.007173
490.707343,172.283227,0.000000,-9399.007173
490.707970,248.853550,95.712904,-9245.866526
490.708598,153.140646,95.712904,-9245.866526
490.709225,76.570323,76.570323,-9265.009107
490.709853,38.285162,248.853550,-9379.864592
490.710480,-38.285162,248.853550,-9475.577496
490.711108,57.427742,267.996131,-9552.147819
490.711735,0.000000,229.710970,-9571.290400
490.712362,76.570323,191.425808,-9533.005238
490.712990,114.855485,133.998066,-9533.005238
490.713617,114.855485,95.712904,-9494.720077
490.714245,229.710970,19.142581,-9418.149754
490.714872,191.425808,57.427742,-9360.722011
490.715499,210.568389,95.712904,-9341.579430
490.716127,133.998066,95.712904,-9341.579430
490.716754,95.712904,172.283227,-9360.722011
490.717382,57.427742,191.425808,-9360.722011
490.718009,19.142581,229.710970,-9475.577496
490.718637,0.000000,344.566454,-9494.720077
490.719264,19.142581,210.568389,-9533.005238
490.719891,76.570323,153.140646,-9475.577496
490.720519,133.998066,114.855485,-9533.005238
490.721146,191.425808,76.570323,-9418.149754
490.721774,287.138712,38.285162,-9360.722011
490.722401,248.853550,95.712904,-9245.866526
490.723028,114.855485,114.855485,-9284.151688
490.723656,95.712904,153.140646,-9303.294269
490.724283,38.285162,229.710970,-9418.149754
490.724911,38.285162,287.138712,-9456.434915
490.725538,19.142581,267.996131,-9571.290400
490.726166,-19.142581,210.568389,-9571.290400
490.726793,57.427742,172.283227,-9552.147819
490.727420,95.712904,95.712904,-9513.862658
490.728048,114.855485,95.712904,-9494.720077
490.728675,229.710970,0.000000,-9418.149754
490.729303,191.425808,0.000000,-9360.722011
490.729930,191.425808,-19.142581,-9341.579430
490.730557,76.570323,38.285162,-9322.436850
490.731185,57.427742,133.998066,-9284.151688
490.731812,38.285162,191.425808,-9437.292334
490.732440,-19.142581,287.138712,-9475.577496
490.733067,-19.142581,325.423874,-9533.005238
490.733695,57.427742,191.425808,-9552.147819
490.734322,57.427742,191.425808,-9590.432981
490.734949,191.425808,114.855485,-9571.290400
490.735577,229.710970,57.427742,-9418.149754
490.736204,248.853550,38.285162,-9360.722011
490.736832,248.853550,57.427742,-9303.294269
490.737459,248.853550,95.712904,-9341.579430
490.738086,114.855485,114.855485,-9284.151688
490.738714,95.712904,153.140646,-9360.722011
490.739341,38.285162,229.710970,-9437.292334
490.739969,19.142581,229.710970,-9533.005238
490.740596,-19.142581,229.710970,-9571.290400
490.741224,57.427742,191.425808,-9552.147819
490.741851,133.998066,114.855485,-9533.005238
490.742478,172.283227,38.285162,-9513.862658
490.743106,191.425808,19.142581,-9533.005238
490.743733,248.853550,0.000000,-9341.579430
490.744361,248.853550,0.000000,-9341.579430
490.744988,133.998066,76.570323,-9303.294269
490.745615,114.855485,114.855485,-9284.151688
490.746243,95.712904,172.283227,-9360.722011
490.746870,19.142581,210.568389,-9437.292334
490.747498,19.142581,248.853550,-9513.862658
490.748125,-19.142581,344.566454,-9533.005238
490.748753,95.712904,229.710970,-9533.005238
490.749380,95.712904,133.998066,-9533.005238
490.750007,210.568389,133.998066,-9437.292334
490.750635,191.425808,57.427742,-9360.722011
490.751262,248.853550,57.427742,-9284.151688
490.751890,153.140646,57.427742,-9284.151688
490.752517,57.427742,133.998066,-9341.579430
490.753144,172.283227,172.283227,-9379.864592
490.753772,57.427742,248.853550,-9360.722011
490.754399,19.142581,325.423874,-9571.290400
490.755027,-38.285162,287.138712,-9552.147819
490.755654,0.000000,248.853550,-9647.860723
490.756281,114.855485,133.998066,-9552.147819
490.756909,172.283227,76.570323,-9533.005238
490.757536,191.425808,19.142581,-9437.292334
490.758164,114.855485,0.000000,-9437.292334
490.758791,248.853550,38.285162,-9284.151688
490.759419,133.998066,57.427742,-9284.151688
490.760046,95.712904,76.570323,-9303.294269
490.760673,57.427742,172.283227,-9360.722011
490.761301,0.000000,287.138712,-9399.007173
490.761928,-19.142581,344.566454,-9475.577496
490.762556,38.285162,267.996131,-9513.862658
490.763183,95.712904,248.853550,-9552.147819
490.763810,133.998066,229.710970,-9533.005238
490.764438,133.998066,114.855485,-9456.434915
490.765065,191.425808,76.570323,-9456.434915
490.765693,248.853550,95.712904,-9284.151688
490.766320,248.853550,95.712904,-9245.866526
490.766948,133.998066,76.570323,-9341.579430
490.767575,95.712904,210.568389,-9322.436850
490.768202,38.285162,229.710970,-9456.434915
490.768830,-57.427742,191.425808,-9513.862658
490.769457,-38.285162,267.996131,-9571.290400
490.770085,-19.142581,210.568389,-9571.290400
490.770712,57.427742,133.998066,-9552.147819
490.771339,133.998066,57.427742,-9571.290400
490.771967,210.568389,95.712904,-9533.005238
490.772594,248.853550,-38.285162,-9418.149754
490.773222,248.853550,57.427742,-9341.579430
490.773849,153.140646,76.570323,-9265.009107
490.774477,153.140646,95.712904,-9303.294269
490.775104,0.000000,191.425808,-9360.722011
490.775731,19.142581,287.138712,-9418.149754
490.776359,19.142581,325.423874,-9399.007173
490.776986,38.285162,325.423874,-9571.290400
490.777614,0.000000,248.853550,-9552.147819
490.778241,114.855485,191.425808,-9552.147819
490.778868,210.568389,133.998066,-9494.720077
490.779496,229.710970,57.427742,-9399.007173
490.780123,287.138712,57.427742,-9418.149754
490.780751,248.853550,0.000000,-9284.151688
490.781378,133.998066,38.285162,-9284.151688
490.782006,76.570323,76.570323,-9265.009107
490.782633,95.712904,191.425808,-9360.722011
490.783260,-57.427742,267.996131,-9456.434915
490.783888,-19.142581,210.568389,-9571.290400
490.784515,0.000000,114.855485,-9628.718142
490.785143,57.427742,133.998066,-9590.432981
490.785770,76.570323,57.427742,-9571.290400
490.786397,191.425808,57.427742,-9456.434915
490.787025,191.425808,19.142581,-9418.149754
490.787652,267.996131,0.000000,-9245.866526
490.788280,172.283227,114.855485,-9322.436850
490.788907,133.998066,76.570323,-9284.151688
490.789535,114.855485,153.140646,-9360.722011
490.790162,76.570323,210.568389,-9418.149754
490.790789,0.000000,306.281293,-9494.720077
490.791417,0.000000,229.710970,-9513.862658
490.792044,38.285162,210.568389,-9533.005238
490.792672,95.712904,191.425808,-9552.147819
490.793299,153.140646,114.855485,-9533.005238
490.793926,210.568389,133.998066,-9399.007173
490.794554,287.138712,57.427742,-9418.149754
490.795181,248.853550,57.427742,-9341.579430
490.795809,153.140646,95.712904,-9303.294269
490.796436,153.140646,95.712904,-9284.151688
490.797064,76.570323,210.568389,-9418.149754
490.797691,-57.427742,191.425808,-9475.577496
490.798318,-76.570323,229.710970,-9571.290400
490.798946,57.427742,306.281293,-9513.862658
490.799573,0.000000,191.425808,-9552.147819
490.800201,57.427742,133.998066,-9590.432981
490.800828,153.140646,76.570323,-9513.862658
490.801455,172.283227,57.427742,-9418.149754
490.802083,153.140646,0.000000,-9284.151688
490.802710,153.140646,57.427742,-9245.866526
490.803338,114.855485,133.998066,-9303.294269
490.803965,38.285162,153.140646,-9245.866526
490.804593,0.000000,267.996131,-9341.579430
490.805220,-19.142581,306.281293,-9494.720077
490.805847,-57.427742,267.996131,-9533.005238
490.806475,-38.285162,267.996131,-9513.862658
490.807102,38.285162,267.996131,-9571.290400
490.807730,114.855485,153.140646,-9533.005238
490.808357,153.140646,114.855485,-9456.434915
490.808985,248.853550,76.570323,-9418.149754
490.809612,248.853550,0.000000,-9303.294269
490.810240,153.140646,57.427742,-9284.151688
490.810867,153.140646,95.712904,-9245.866526
490.811495,95.712904,248.853550,-9322.436850
490.812122,38.285162,229.710970,-9437.292334
490.812750,-19.142581,267.996131,-9533.005238
490.813377,38.285162,248.853550,-9571.290400
490.814005,-19.142581,153.140646,-9571.290400
490.814632,172.283227,133.998066,-9533.005238
490.815260,114.855485,38.285162,-9437.292334
490.815887,191.425808,57.427742,-9418.149754
490.816515,229.710970,19.142581,-9360.722011
490.817142,248.853550,38.285162,-9245.866526
490.817770,133.998066,95.712904,-9341.579430
490.818397,172.283227,172.283227,-9303.294269
490.819025,95.712904,248.853550,-9341.579430
490.819652,57.427742,287.138712,-9399.007173
490.820280,-19.142581,325.423874,-9533.005238
490.820907,-38.285162,287.138712,-9552.147819
490.821535,57.427742,172.283227,-9552.147819
490.822162,114.855485,114.855485,-9571.290400
490.822790,172.283227,76.570323,-9475.577496
490.823417,153.140646,57.427742,-9360.722011
490.824045,287.138712,57.427742,-9360.722011
490.824672,248.853550,57.427742,-9303.294269
490.825300,76.570323,38.285162,-9379.864592
490.825927,133.998066,76.570323,-9322.436850
490.826555,38.285162,229.710970,-9437.292334
490.827182,-57.427742,172.283227,-9513.862658
490.827810,-19.142581,191.425808,-9590.432981
490.828437,57.427742,191.425808,-9552.147819
490.829065,57.427742,153.140646,-9552.147819
490.829692,153.140646,133.998066,-9513.862658
490.830320,191.425808,57.427742,-9418.149754
490.830947,210.568389,57.427742,-9322.436850
490.831575,191.425808,76.570323,-9226.723946
490.832202,210.568389,95.712904,-9284.151688
490.832830,95.712904,133.998066,-9341.579430
490.833457,0.000000,248.853550,-9341.579430
490.834085,57.427742,229.710970,-9418.149754
490.834712,57.427742,287.138712,-9494.720077
490.835340,38.285162,229.710970,-9533.005238
490.835967,38.285162,267.996131,-9571.290400
490.836595,114.855485,133.998066,-9533.005238
490.837222,191.425808,114.855485,-9513.862658
490.837850,191.425808,57.427742,-9418.149754
490.838477,229.710970,19.142581,-9418.149754
490.839105,153.140646,95.712904,-9341.579430
490.839732,76.570323,76.570323,-9322.436850
490.840360,114.855485,210.568389,-9360.722011
490.840987,38.285162,153.140646,-9418.149754
490.841615,-57.427742,248.853550,-9513.862658
490.842242,-38.285162,229.710970,-9533.005238
490.842870,57.427742,191.425808,-9609.575562
490.843497,38.285162,191.425808,-9571.290400
490.844125,133.998066,153.140646,-9533.005238
490.844752,191.425808,76.570323,-9456.434915
490.845380,191.425808,38.285162,-9418.149754
490.846007,248.853550,95.712904,-9341.579430
490.846635,133.998066,114.855485,-9226.723946
490.847262,76.570323,76.570323,-9265.009107
490.847890,0.000000,267.996131,-9245.866526
490.848517,19.142581,267.996131,-9379.864592
490.849145,-19.142581,267.996131,-9494.720077
490.849772,0.000000,287.138712,-9513.862658
490.850400,-38.285162,229.710970,-9552.147819
490.851027,133.998066,133.998066,-9571.290400
490.851655,114.855485,95.712904,-9513.862658
490.852282,172.283227,38.285162,-9437.292334
490.852910,229.710970,19.142581,-9360.722011
490.853537,191.425808,38.285162,-9245.866526
490.854165,133.998066,0.000000,-9303.294269
490.854792,76.570323,76.570323,-9379.864592
490.855420,95.712904,248.853550,-9360.722011
490.856047,-38.285162,248.853550,-9456.434915
490.856675,19.142581,267.996131,-9571.290400
490.857302,-19.142581,210.568389,-9571.290400
490.857930,95.712904,172.283227,-9552.147819
490.858557,95.712904,191.425808,-9533.005238
490.859185,172.283227,38.285162,-9437.292334
490.859812,248.853550,57.427742,-9418.149754
490.860439,229.710970,95.712904,-9284.151688
490.861067,191.425808,57.427742,-9245.866526
490.861694,133.998066,133.998066,-9284.151688
490.862322,95.712904,153.140646,-9245.866526
490.862949,95.712904,248.853550,-9341.579430
490.863577,-38.285162,229.710970,-9475.577496
490.864204,19.142581,325.423874,-9571.290400
490.864832,38.285162,248.853550,-9571.290400
490.865459,133.998066,153.140646,-9456.434915
490.866087,133.998066,114.855485,-9533.005238
490.866714,191.425808,19.142581,-9437.292334
490.867342,191.425808,19.142581,-9418.149754
490.867969,153.140646,38.285162,-9360.722011
490.868597,114.855485,114.855485,-9303.294269
490.869224,76.570323,76.570323,-9322.436850
490.869852,57.427742,210.568389,-9360.722011
490.870479,38.285162,229.710970,-9418.149754
490.871107,-38.285162,287.138712,-9475.577496
490.871734,19.142581,287.138712,-9552.147819
490.872362,133.998066,267.996131,-9571.290400
490.872989,95.712904,114.855485,-9437.292334
490.873617,210.568389,95.712904,-9533.005238
490.874244,248.853550,76.570323,-9418.149754
490.874872,229.710970,57.427742,-9284.151688
490.875499,248.853550,0.000000,-9245.866526
490.876127,114.855485,114.855485,-9322.436850
490.876754,95.712904,210.568389,-9245.866526
490.877382,0.000000,248.853550,-9322.436850
490.878009,-19.142581,267.996131,-9494.720077
490.878637,-38.285162,248.853550,-9513.862658
490.879264,0.000000,248.853550,-9552.147819
490.879892,95.712904,191.425808,-9552.147819
490.880519,114.855485,38.285162,-9513.862658
490.881147,191.425808,76.570323,-9456.434915
490.881774,287.138712,19.142581,-9418.149754
490.882402,248.853550,38.285162,-9284.151688
490.883029,191.425808,95.712904,-9360.722011
490.883657,133.998066,76.570323,-9284.151688
490.884284,95.712904,133.998066,-9360.722011
490.884912,19.142581,229.710970,-9494.720077
490.885539,-38.285162,287.138712,-9552.147819
490.886167,19.142581,287.138712,-9552.147819
490.886794,57.427742,191.425808,-9552.147819
490.887422,133.998066,153.140646,-9533.005238
490.888049,114.855485,95.712904,-9494.720077
490.888677,210.568389,76.570323,-9379.864592
490.889304,267.996131,114.855485,-9284.151688
490.889932,248.853550,57.427742,-9245.866526
490.890559,172.283227,114.855485,-9265.009107
490.891187,76.570323,210.568389,-9245.866526
490.891814,57.427742,267.996131,-9360.722011
490.892442,0.000000,287.138712,-9475.577496
490.893069,-38.285162,191.425808,-9513.862658
490.893697,38.285162,114.855485,-9533.005238
490.894324,95.712904,153.140646,-9552.147819
490.894952,76.570323,133.998066,-9590.432981
490.895579,210.568389,38.285162,-9475.577496
490.896207,172.283227,-38.285162,-9418.149754
490.896834,172.283227,-38.285162,-9418.149754
490.897462,172.283227,19.142581,-9360.722011
490.898089,153.140646,95.712904,-9322.436850
490.898717,95.712904,114.855485,-9399.007173
490.899344,38.285162,229.710970,-9437.292334
490.899972,-38.285162,229.710970,-9418.149754
490.900599,-38.285162,229.710970,-9552.147819
490.901227,19.142581,248.853550,-9513.862658
490.901854,76.570323,191.425808,-9552.147819
490.902482,114.855485,95.712904,-9494.720077
490.903109,172.283227,38.285162,-9399.007173
490.903737,191.425808,95.712904,-9341.579430
490.904364,210.568389,95.712904,-9341.579430
490.904992,114.855485,114.855485,-9284.151688
490.905619,95.712904,153.140646,-9284.151688
490.906247,57.427742,248.853550,-9322.436850
490.906874,19.142581,229.710970,-9437.292334
490.907502,-38.285162,267.996131,-9571.290400
490.908129,57.427742,267.996131,-9571.290400
490.908757,-38.285162,210.568389,-9552.147819
490.909385,153.140646,133.998066,-9513.862658
490.910013,172.283227,57.427742,-9456.434915
490.910640,191.425808,57.427742,-9418.149754
490.911268,229.710970,95.712904,-9284.151688
490.911896,153.140646,57.427742,-9245.866526
490.912523,133.998066,76.570323,-9265.009107
490.913151,114.855485,114.855485,-9322.436850
490.913779,38.285162,229.710970,-9418.149754
490.914406,-38.285162,248.853550,-9475.577496
490.915034,-76.570323,287.138712,-9552.147819
490.915662,-57.427742,229.710970,-9552.147819
490.916290,76.570323,153.140646,-9552.147819
490.916917,76.570323,114.855485,-9533.005238
490.917545,191.425808,76.570323,-9437.292334
490.918173,229.710970,38.285162,-9341.579430
490.918800,210.568389,95.712904,-9284.151688
490.919428,191.425808,57.427742,-9245.866526
490.920056,95.712904,133.998066,-9245.866526
490.920683,0.000000,248.853550,-9341.579430
490.921311,0.000000,248.853550,-9437.292334
490.921939,19.142581,267.996131,-9571.290400
490.922566,-38.285162,248.853550,-9571.290400
490.923194,57.427742,172.283227,-9609.575562
490.923822,57.427742,133.998066,-9552.147819
490.924450,133.998066,95.712904,-9533.005238
490.925077,191.425808,57.427742,-9437.292334
490.925705,229.710970,19.142581,-9418.149754
490.926333,210.568389,95.712904,-9284.151688
490.926960,133.998066,76.570323,-9322.436850
490.927588,38.285162,210.568389,-9341.579430
490.928216,38.285162,248.853550,-9360.722011
490.928843,-19.142581,267.996131,-9475.577496
490.929471,-19.142581,267.996131,-9533.005238
490.930099,0.000000,287.138712,-9513.862658
490.930726,57.427742,248.853550,-9533.005238
490.931354,153.140646,133.998066,-9513.862658
490.931982,191.425808,57.427742,-9456.434915
490.932610,267.996131,95.712904,-9322.436850
490.933237,248.853550,38.285162,-9245.866526
490.933865,229.710970,114.855485,-9265.009107
490.934493,95.712904,133.998066,-9303.294269
490.935120,57.427742,172.283227,-9379.864592
490.935748,38.285162,229.710970,-9475.577496
490.936376,-19.142581,267.996131,-9475.577496
490.937003,19.142581,248.853550,-9590.432981
490.937631,19.142581,210.568389,-9667.003304
490.938259,133.998066,76.570323,-9571.290400
490.938886,153.140646,57.427742,-9571.290400
490.939514,191.425808,19.142581,-9475.577496
490.940142,248.853550,-57.427742,-9379.864592
490.940770,153.140646,0.000000,-9303.294269
490.941397,76.570323,76.570323,-9322.436850
490.942025,95.712904,248.853550,-9360.722011
490.942653,38.285162,229.710970,-9418.149754
490.943280,19.142581,344.566454,-9379.864592
490.943908,-76.570323,267.996131,-9533.005238
490.944536,-19.142581,267.996131,-9475.577496
490.945163,76.570323,191.425808,-9552.147819
490.945791,133.998066,153.140646,-9456.434915
490.946419,248.853550,133.998066,-9437.292334
490.947047,287.138712,76.570323,-9360.722011
490.947674,248.853550,57.427742,-9284.151688
490.948302,153.140646,57.427742,-9245.866526
490.948930,114.855485,133.998066,-9245.866526
490.949557,38.285162,153.140646,-9303.294269
490.950185,0.000000,287.138712,-9399.007173
490.950813,-114.855485,267.996131,-9533.005238
490.951440,-76.570323,229.710970,-9571.290400
490.952068,57.427742,172.283227,-9609.575562
490.952696,114.855485,133.998066,-9552.147819
490.953323,153.140646,38.285162,-9552.147819
490.953951,191.425808,-38.285162,-9437.292334
490.954579,191.425808,19.142581,-9437.292334
490.955207,191.425808,0.000000,-9341.579430
490.955834,153.140646,57.427742,-9303.294269
490.956462,76.570323,172.283227,-9341.579430
490.957090,57.427742,248.853550,-9341.579430
490.957717,-19.142581,287.138712,-9456.434915
490.958345,-76.570323,325.423874,-9533.005238
490.958973,-38.285162,248.853550,-9494.720077
490.959600,57.427742,210.568389,-9571.290400
490.960228,133.998066,210.568389,-9475.577496
490.960856,191.425808,76.570323,-9475.577496
490.961483,210.568389,95.712904,-9360.722011
490.962111,248.853550,95.712904,-9360.722011
490.962739,153.140646,0.000000,-9245.866526
490.963367,76.570323,38.285162,-9379.864592
490.963994,95.712904,114.855485,-9303.294269
490.964622,38.285162,172.283227,-9494.720077
490.965250,19.142581,229.710970,-9533.005238
490.965877,-19.142581,229.710970,-9571.290400
490.966505,38.285162,172.283227,-9552.147819
490.967133,57.427742,76.570323,-9571.290400
490.967760,57.427742,133.998066,-9552.147819
490.968388,191.425808,57.427742,-9456.434915
490.969016,287.138712,57.427742,-9418.149754
490.969644,248.853550,0.000000,-9284.151688
490.970271,248.853550,0.000000,-9341.579430
490.970899,172.283227,114.855485,-9322.436850
490.971527,57.427742,210.568389,-9360.722011
490.972154,76.570323,229.710970,-9418.149754
490.972782,-76.570323,325.423874,-9475.577496
490.973410,38.285162,267.996131,-9571.290400
490.974037,76.570323,153.140646,-9533.005238
490.974665,76.570323,172.283227,-9552.147819
490.975293,210.568389,76.570323,-9494.720077
490.975920,248.853550,95.712904,-9360.722011
490.976548,248.853550,57.427742,-9284.151688
490.977176,248.853550,57.427742,-9322.436850
490.977804,153.140646,0.000000,-9303.294269
490.978431,95.712904,133.998066,-9341.579430
490.979059,57.427742,153.140646,-9341.579430
490.979687,19.142581,210.568389,-9533.005238
490.980314,-76.570323,191.425808,-9590.432981
490.980942,19.142581,229.710970,-9647.860723
490.981570,95.712904,153.140646,-9590.432981
490.982197,114.855485,133.998066,-9552.147819
490.982825,153.140646,0.000000,-9475.577496
490.983453,248.853550,38.285162,-9418.149754
490.984080,248.853550,38.285162,-9284.151688
490.984708,191.425808,95.712904,-9303.294269
490.985336,76.570323,76.570323,-9322.436850
490.985964,38.285162,191.425808,-9360.722011
490.986591,57.427742,306.281293,-9456.434915
490.987219,-19.142581,306.281293,-9513.862658
490.987847,-38.285162,287.138712,-9552.147819
490.988474,19.142581,267.996131,-9571.290400
490.989102,133.998066,210.568389,-9533.005238
490.989730,210.568389,133.998066,-9513.862658
490.990357,191.425808,57.427742,-9456.434915
490.990985,229.710970,19.142581,-9418.149754
490.991613,210.568389,57.427742,-9284.151688
490.992240,153.140646,57.427742,-9360.722011
490.992868,114.855485,114.855485,-9379.864592
490.993496,57.427742,248.853550,-9360.722011
490.994124,-57.427742,191.425808,-9513.862658
490.994751,-76.570323,229.710970,-9647.860723
490.995379,19.142581,267.996131,-9609.575562
490.996007,57.427742,153.140646,-9552.147819
490.996634,114.855485,133.998066,-9552.147819
490.997262,191.425808,76.570323,-9475.577496
490.997890,229.710970,57.427742,-9399.007173
490.998517,191.425808,0.000000,-9284.151688
490.999145,153.140646,38.285162,-9303.294269
490.999773,95.712904,153.140646,-9360.722011
491.000401,57.427742,172.283227,-9303.294269
491.001028,114.855485,172.283227,-9341.579430
491.001656,0.000000,287.138712,-9456.434915
491.002284,-114.855485,267.996131,-9533.005238
491.002911,19.142581,210.568389,-9609.575562
491.003539,95.712904,191.425808,-9552.147819
491.004167,172.283227,76.570323,-9475.577496
491.004794,210.568389,0.000000,-9360.722011
491.005422,210.568389,38.285162,-9341.579430
491.006050,248.853550,38.285162,-9284.151688
491.006677,153.140646,95.712904,-9303.294269
491.007305,114.855485,133.998066,-9284.151688
491.007933,95.712904,153.140646,-9360.722011
491.008561,19.142581,287.138712,-9456.434915
491.009188,-19.142581,267.996131,-9533.005238
491.009816,-19.142581,191.425808,-9552.147819
491.010444,57.427742,191.425808,-9552.147819
491.011072,95.712904,133.998066,-9533.005238
491.011699,153.140646,95.712904,-9533.005238
491.012327,191.425808,76.570323,-9418.149754
491.012955,248.853550,0.000000,-9341.579430
491.013583,210.568389,57.427742,-9303.294269
491.014210,153.140646,95.712904,-9341.579430
491.014838,95.712904,210.568389,-9245.866526
491.015466,57.427742,248.853550,-9360.722011
491.016094,0.000000,325.423874,-9456.434915
491.016721,19.142581,325.423874,-9571.290400
491.017349,0.000000,248.853550,-9552.147819
491.017977,95.712904,191.425808,-9552.147819
491.018605,133.998066,153.140646,-9533.005238
491.019232,191.425808,57.427742,-9456.434915
491.019860,191.425808,19.142581,-9360.722011
491.020488,210.568389,0.000000,-9284.151688
491.021116,133.998066,57.427742,-9303.294269
491.021743,76.570323,76.570323,-9322.436850
491.022371,114.855485,172.283227,-9379.864592
491.022999,57.427742,229.710970,-9437.292334
491.023627,-76.570323,210.568389,-9628.718142
491.024254,-57.427742,229.710970,-9571.290400
491.024882,0.000000,153.140646,-9571.290400
491.025510,114.855485,172.283227,-9552.147819
491.026138,153.140646,133.998066,-9437.292334
491.026765,191.425808,76.570323,-9418.149754
491.027393,248.853550,95.712904,-9284.151688
491.028021,191.425808,76.570323,-9226.723946
491.028649,153.140646,95.712904,-9245.866526
491.029276,95.712904,153.140646,-9245.866526
491.029904,57.427742,267.996131,-9341.579430
491.030532,0.000000,306.281293,-9475.577496
491.031160,-57.427742,248.853550,-9513.862658
491.031787,-19.142581,229.710970,-9571.290400
491.032415,95.712904,191.425808,-9571.290400
491.033043,153.140646,133.998066,-9513.862658
491.033671,191.425808,57.427742,-9456.434915
491.034298,248.853550,57.427742,-9418.149754
491.034926,210.568389,-19.142581,-9303.294269
491.035554,153.140646,38.285162,-9341.579430
491.036182,133.998066,76.570323,-9322.436850
491.036810,133.998066,76.570323,-9341.579430
491.037437,0.000000,191.425808,-9418.149754
491.038065,-76.570323,325.423874,-9494.720077
491.038693,-19.142581,229.710970,-9571.290400
491.039321,57.427742,191.425808,-9552.147819
491.039948,114.855485,133.998066,-9552.147819
491.040576,114.855485,133.998066,-9552.147819
491.041204,191.425808,57.427742,-9456.434915
491.041832,210.568389,57.427742,-9341.579430
491.042459,248.853550,57.427742,-9245.866526
491.043087,210.568389,95.712904,-9284.151688
491.043715,114.855485,191.425808,-9245.866526
491.044343,95.712904,191.425808,-9418.149754
491.044970,38.285162,229.710970,-9418.149754
491.045598,0.000000,325.423874,-9513.862658
491.046226,0.000000,287.138712,-9437.292334
491.046854,38.285162,153.140646,-9533.005238
491.047481,114.855485,133.998066,-9552.147819
491.048109,191.425808,57.427742,-9475.577496
491.048737,191.425808,19.142581,-9418.149754
491.049365,267.996131,0.000000,-9341.579430
491.049992,191.425808,0.000000,-9303.294269
491.050620,114.855485,0.000000,-9399.007173
491.051248,76.570323,76.570323,-9379.864592
491.051876,76.570323,229.710970,-9456.434915
491.052503,0.000000,306.281293,-9513.862658
491.053131,19.142581,287.138712,-9552.147819
491.053759,76.570323,191.425808,-9552.147819
491.054387,76.570323,191.425808,-9552.147819
491.055014,114.855485,133.998066,-9533.005238
491.055642,153.140646,114.855485,-9456.434915
491.056270,229.710970,57.427742,-9360.722011
491.056898,248.853550,0.000000,-9245.866526
491.057525,172.283227,133.998066,-9245.866526
491.058153,133.998066,133.998066,-9303.294269
491.058781,114.855485,248.853550,-9360.722011
491.059409,-38.285162,248.853550,-9475.577496
491.060036,-19.142581,267.996131,-9533.005238
491.060664,-19.142581,229.710970,-9590.432981
491.061292,57.427742,133.998066,-9609.575562
491.061920,114.855485,76.570323,-9533.005238
491.062547,114.855485,57.427742,-9437.292334
491.063175,191.425808,-38.285162,-9418.149754
491.063803,191.425808,19.142581,-9418.149754
491.064431,153.140646,0.000000,-9341.579430
491.065058,133.998066,76.570323,-9322.436850
491.065686,95.712904,133.998066,-9360.722011
491.066314,57.427742,210.568389,-9360.722011
491.066942,-76.570323,267.996131,-9533.005238
491.067569,-76.570323,267.996131,-9533.005238
491.068197,-38.285162,229.710970,-9552.147819
491.068825,76.570323,248.853550,-9571.290400
491.069453,76.570323,172.283227,-9552.147819
491.070080,172.283227,133.998066,-9360.722011
491.070708,191.425808,114.855485,-9379.864592
491.071336,191.425808,95.712904,-9245.866526
491.071964,210.568389,95.712904,-9245.866526
491.072591,133.998066,76.570323,-9265.009107
491.073219,0.000000,191.425808,-9322.436850
491.073847,19.142581,267.996131,-9399.007173
491.074475,-38.285162,306.281293,-9552.147819
491.075102,19.142581,267.996131,-9571.290400
491.075730,57.427742,248.853550,-9552.147819
491.076358,114.855485,133.998066,-9552.147819
491.076986,210.568389,38.285162,-9571.290400
491.077614,191.425808,19.142581,-9418.149754
491.078241,248.853550,76.570323,-9360.722011
491.078869,210.568389,38.285162,-9341.579430
491.079497,133.998066,76.570323,-9322.436850
491.080125,114.855485,153.140646,-9379.864592
491.080752,0.000000,248.853550,-9360.722011
491.081380,19.142581,229.710970,-9437.292334
491.082008,38.285162,267.996131,-9571.290400
491.082636,0.000000,325.423874,-9533.005238
491.083263,76.570323,248.853550,-9552.147819
491.083891,114.855485,133.998066,-9552.147819
491.084519,172.283227,76.570323,-9418.149754
491.085147,229.710970,95.712904,-9360.722011
491.085774,248.853550,0.000000,-9284.151688
491.086402,191.425808,114.855485,-9284.151688
491.087030,133.998066,76.570323,-9322.436850
491.087658,95.712904,172.283227,-9341.579430
491.088285,57.427742,248.853550,-9360.722011
491.088913,19.142581,287.138712,-9437.292334
491.089541,-19.142581,248.853550,-9609.575562
491.090169,0.000000,191.425808,-9609.575562
491.090796,95.712904,133.998066,-9533.005238
491.091424,114.855485,38.285162,-9399.007173
491.092052,210.568389,-38.285162,-9456.434915
491.092680,191.425808,-38.285162,-9360.722011
491.093307,210.568389,0.000000,-9341.579430
491.093935,133.998066,95.712904,-9360.722011
491.094563,76.570323,76.570323,-9322.436850
491.095191,57.427742,153.140646,-9341.579430
491.095818,38.285162,229.710970,-9475.577496
491.096446,-19.142581,267.996131,-9475.577496
491.097074,0.000000,229.710970,-9571.290400
491.097702,95.712904,191.425808,-9552.147819
491.098329,153.140646,153.140646,-9533.005238
491.098957,114.855485,133.998066,-9533.005238
491.099585,229.710970,57.427742,-9360.722011
491.100213,267.996131,38.285162,-9245.866526
491.100840,191.425808,95.712904,-9245.866526
491.101468,114.855485,133.998066,-9284.151688
491.102096,57.427742,248.853550,-9322.436850
491.102724,76.570323,267.996131,-9379.864592
491.103351,-76.570323,267.996131,-9494.720077
491.103979,-19.142581,325.423874,-9533.005238
491.104607,-19.142581,153.140646,-9590.432981
491.105235,57.427742,172.283227,-9552.147819
491.105862,76.570323,76.570323,-9571.290400
491.106490,191.425808,57.427742,-9456.434915
491.107118,229.710970,19.142581,-9418.149754
491.107746,191.425808,0.000000,-9284.151688
491.108373,76.570323,19.142581,-9284.151688
491.109001,133.998066,76.570323,-9303.294269
491.109629,95.712904,172.283227,-9418.149754
491.110257,57.427742,229.710970,-9494.720077
491.110884,-19.142581,267.996131,-9475.577496
491.111512,-57.427742,287.138712,-9552.147819
491.112140,57.427742,248.853550,-9552.147819
491.112768,133.998066,153.140646,-9533.005238
491.113395,133.998066,76.570323,-9494.720077
491.114023,191.425808,76.570323,-9418.149754
491.114651,210.568389,95.712904,-9284.151688
491.115279,172.283227,76.570323,-9226.723946
491.115906,133.998066,114.855485,-9245.866526
491.116534,95.712904,210.568389,-9303.294269
491.117162,38.285162,287.138712,-9437.292334
491.117790,-57.427742,267.996131,-9533.005238
491.118417,-38.285162,287.138712,-9552.147819
491.119045,0.000000,191.425808,-9609.575562
491.119673,57.427742,172.283227,-9552.147819
491.120301,133.998066,114.855485,-9533.005238
491.120929,191.425808,57.427742,-9475.577496
491.121556,191.425808,19.142581,-9456.434915
491.122184,191.425808,57.427742,-9360.722011
491.122812,248.853550,95.712904,-9360.722011
491.123440,114.855485,133.998066,-9303.294269
491.124067,76.570323,153.140646,-9360.722011
491.124695,57.427742,267.996131,-9418.149754
491.125323,-76.570323,267.996131,-9533.005238
491.125951,-19.142581,325.423874,-9475.577496
491.126578,0.000000,306.281293,-9571.290400
491.127206,57.427742,133.998066,-9475.577496
491.127834,133.998066,114.855485,-9475.577496
491.128462,153.140646,133.998066,-9399.007173
491.129089,172.283227,57.427742,-9341.579430
491.129717,210.568389,38.285162,-9341.579430
491.130345,172.283227,114.855485,-9303.294269
491.130973,133.998066,114.855485,-9341.579430
491.131600,114.855485,210.568389,-9379.864592
491.132228,95.712904,287.138712,-9475.577496
491.132856,-76.570323,287.138712,-9552.147819
491.133484,-57.427742,287.138712,-9609.575562
491.134111,57.427742,172.283227,-9590.432981
491.134739,133.998066,172.283227,-9513.862658
491.135367,153.140646,38.285162,-9475.577496
491.135995,287.138712,57.427742,-9418.149754
491.136622,267.996131,0.000000,-9360.722011
491.137250,248.853550,38.285162,-9284.151688
491.137878,76.570323,76.570323,-9322.436850
491.138506,76.570323,76.570323,-9322.436850
491.139133,76.570323,267.996131,-9341.579430
491.139761,-19.142581,267.996131,-9494.720077
491.140389,38.285162,267.996131,-9590.432981
491.141017,19.142581,191.425808,-9571.290400
491.141644,114.855485,191.425808,-9552.147819
491.142272,133.998066,114.855485,-9475.577496
491.142900,191.425808,57.427742,-9418.149754
491.143528,248.853550,19.142581,-9341.579430
491.144155,267.996131,57.427742,-9245.866526
491.144783,191.425808,95.712904,-9341.579430
491.145411,153.140646,95.712904,-9341.579430
491.146039,76.570323,287.138712,-9360.722011
491.146666,0.000000,248.853550,-9418.149754
491.147294,-19.142581,267.996131,-9475.577496
491.147922,0.000000,248.853550,-9590.432981
491.148550,57.427742,210.568389,-9609.575562
491.149177,57.427742,133.998066,-9552.147819
491.149805,114.855485,38.285162,-9513.862658
491.150433,210.568389,38.285162,-9418.149754
491.151061,248.853550,-19.142581,-9360.722011
491.151688,191.425808,0.000000,-9284.151688
491.152316,133.998066,57.427742,-9284.151688
491.152944,95.712904,133.998066,-9303.294269
491.153572,-19.142581,191.425808,-9379.864592
491.154199,-38.285162,267.996131,-9456.434915
491.154827,-76.570323,267.996131,-9475.577496
491.155455,19.142581,229.710970,-9533.005238
491.156083,38.285162,229.710970,-9475.577496
491.156710,38.285162,114.855485,-9475.577496
491.157338,191.425808,57.427742,-9456.434915
491.157966,248.853550,95.712904,-9341.579430
491.158594,210.568389,95.712904,-9245.866526
491.159221,172.283227,76.570323,-9245.866526
491.159849,114.855485,133.998066,-9303.294269
491.160477,114.855485,191.425808,-9360.722011
491.161105,38.285162,210.568389,-9475.577496
491.161732,19.142581,267.996131,-9590.432981
491.162360,-38.285162,287.138712,-9552.147819
491.162988,0.000000,229.710970,-9590.432981
491.163616,114.855485,133.998066,-9533.005238
491.164243,114.855485,76.570323,-9533.005238
491.164871,248.853550,57.427742,-9418.149754
491.165499,210.568389,0.000000,-9341.579430
491.166127,210.568389,0.000000,-9284.151688
491.166754,133.998066,38.285162,-9322.436850
491.167382,76.570323,153.140646,-9303.294269
491.168010,153.140646,191.425808,-9399.007173
491.168638,0.000000,325.423874,-9533.005238
491.169265,-19.142581,325.423874,-9494.720077
491.169893,-57.427742,267.996131,-9533.005238
491.170521,57.427742,248.853550,-9552.147819
491.171149,133.998066,153.140646,-9533.005238
491.171776,153.140646,133.998066,-9437.292334
491.172404,210.568389,38.285162,-9341.579430
491.173032,153.140646,57.427742,-9303.294269
491.173660,153.140646,57.427742,-9245.866526
491.174287,95.712904,133.998066,-9245.866526
491.174915,133.998066,133.998066,-9399.007173
491.175543,0.000000,287.138712,-9475.577496
491.176171,-57.427742,210.568389,-9513.862658
491.176798,0.000000,248.853550,-9533.005238
491.177426,-19.142581,153.140646,-9590.432981
491.178054,114.855485,133.998066,-9552.147819
491.178682,133.998066,114.855485,-9533.005238
491.179309,172.283227,38.285162,-9437.292334
491.179937,248.853550,95.712904,-9360.722011
491.180565,248.853550,95.712904,-9245.866526
491.181193,153.140646,95.712904,-9284.151688
491.181820,133.998066,133.998066,-9322.436850
491.182448,57.427742,210.568389,-9245.866526
491.183076,19.142581,229.710970,-9418.149754
491.183704,-19.142581,248.853550,-9475.577496
491.184331,0.000000,248.853550,-9552.147819
491.184959,0.000000,248.853550,-9552.147819
491.185587,38.285162,153.140646,-9533.005238
491.186215,133.998066,114.855485,-9456.434915
491.186842,191.425808,38.285162,-9456.434915
491.187470,248.853550,95.712904,-9341.579430
491.188098,248.853550,95.712904,-9284.151688
491.188726,153.140646,95.712904,-9360.722011
491.189353,172.283227,114.855485,-9341.579430
491.189981,19.142581,229.710970,-9418.149754
491.190609,-57.427742,191.425808,-9513.862658
491.191237,19.142581,229.710970,-9552.147819
491.191864,0.000000,172.283227,-9552.147819
491.192492,57.427742,172.283227,-9590.432981
491.193120,95.712904,95.712904,-9513.862658
491.193748,191.425808,57.427742,-9456.434915
491.194375,191.425808,57.427742,-9418.149754
491.195003,267.996131,19.142581,-9245.866526
491.195631,191.425808,95.712904,-9245.866526
491.196259,153.140646,57.427742,-9303.294269
491.196886,114.855485,229.710970,-9379.864592
491.197514,-19.142581,248.853550,-9360.722011
491.198142,-38.285162,344.566454,-9552.147819
491.198770,19.142581,363.709035,-9571.290400
491.199397,95.712904,267.996131,-9571.290400
491.200025,133.998066,210.568389,-9437.292334
491.200653,172.283227,76.570323,-9475.577496
491.201281,229.710970,76.570323,-9418.149754
491.201908,210.568389,0.000000,-9418.149754
491.202536,210.568389,133.998066,-9379.864592
491.203164,248.853550,57.427742,-9303.294269
491.203792,114.855485,172.283227,-9360.722011
491.204419,38.285162,172.283227,-9437.292334
491.205047,19.142581,287.138712,-9513.862658
491.205675,-19.142581,229.710970,-9571.290400
491.206303,0.000000,210.568389,-9552.147819
491.206930,57.427742,172.283227,-9552.147819
491.207558,38.285162,153.140646,-9494.720077
491.208186,172.283227,57.427742,-9437.292334
491.208814,172.283227,57.427742,-9418.149754
491.209441,267.996131,95.712904,-9245.866526
491.210069,172.283227,114.855485,-9265.009107
491.210697,114.855485,133.998066,-9245.866526
491.211325,95.712904,248.853550,-9245.866526
491.211952,-19.142581,267.996131,-9360.722011
491.212580,-19.142581,287.138712,-9513.862658
491.213208,19.142581,325.423874,-9571.290400
491.213836,19.142581,229.710970,-9533.005238
491.214463,114.855485,133.998066,-9552.147819
491.215091,114.855485,76.570323,-9552.147819
491.215719,229.710970,76.570323,-9437.292334
491.216346,210.568389,38.285162,-9360.722011
491.216974,191.425808,0.000000,-9284.151688
491.217602,153.140646,57.427742,-9245.866526
491.218229,76.570323,76.570323,-9322.436850
491.218857,38.285162,191.425808,-9418.149754
491.219484,-57.427742,248.853550,-9475.577496
491.220112,-76.570323,325.423874,-9533.005238
491.220740,19.142581,248.853550,-9571.290400
491.221367,95.712904,248.853550,-9571.290400
491.221995,76.570323,153.140646,-9533.005238
491.222623,172.283227,95.712904,-9437.292334
491.223250,248.853550,95.712904,-9360.722011
491.223878,210.568389,0.000000,-9341.579430
491.224506,248.853550,57.427742,-9245.866526
491.225133,172.283227,114.855485,-9303.294269
491.225761,95.712904,153.140646,-9303.294269
491.226388,57.427742,229.710970,-9360.722011
491.227016,57.427742,287.138712,-9494.720077
491.227644,19.142581,267.996131,-9571.290400
491.228271,0.000000,172.283227,-9628.718142
491.228899,95.712904,172.283227,-9552.147819
491.229527,133.998066,76.570323,-9513.862658
491.230154,172.283227,57.427742,-9418.149754
491.230782,191.425808,76.570323,-9418.149754
491.231410,248.853550,57.427742,-9245.866526
491.232037,229.710970,38.285162,-9360.722011
491.232665,114.855485,76.570323,-9341.579430
491.233292,76.570323,114.855485,-9418.149754
491.233920,0.000000,248.853550,-9437.292334
491.234548,-57.427742,287.138712,-9552.147819
491.235175,-19.142581,229.710970,-9590.432981
491.235803,57.427742,172.283227,-9552.147819
491.236431,95.712904,191.425808,-9552.147819
491.237058,114.855485,38.285162,-9437.292334
491.237686,191.425808,19.142581,-9360.722011
491.238314,248.853550,38.285162,-9341.579430
491.238941,153.140646,95.712904,-9284.151688
491.239569,248.853550,95.712904,-9245.866526
491.240196,95.712904,172.283227,-9245.866526
491.240824,57.427742,210.568389,-9303.294269
491.241452,57.427742,229.710970,-9494.720077
491.242079,-57.427742,287.138712,-9552.147819
491.242707,0.000000,248.853550,-9552.147819
491.243335,76.570323,172.283227,-9552.147819
491.243962,153.140646,76.570323,-9475.577496
491.244590,191.425808,57.427742,-9456.434915
491.245218,191.425808,19.142581,-9418.149754
491.245845,248.853550,19.142581,-9360.722011
491.246473,172.283227,38.285162,-9303.294269
491.247100,38.285162,38.285162,-9379.864592
491.247728,38.285162,172.283227,-9418.149754
491.248356,19.142581,248.853550,-9379.864592
491.248983,19.142581,229.710970,-9533.005238
491.249611,-19.142581,248.853550,-9533.005238
491.250239,-19.142581,229.710970,-9571.290400
491.250866,76.570323,191.425808,-9552.147819
491.251494,191.425808,172.283227,-9494.720077
491.252122,191.425808,76.570323,-9418.149754
491.252749,229.710970,76.570323,-9341.579430
491.253377,248.853550,38.285162,-9245.866526
491.254004,114.855485,76.570323,-9245.866526
491.254632,133.998066,76.570323,-9265.009107
491.255260,57.427742,191.425808,-9360.722011
491.255887,57.427742,248.853550,-9437.292334
491.256515,-76.570323,267.996131,-9533.005238
491.257143,-76.570323,229.710970,-9571.290400
491.257770,57.427742,172.283227,-9552.147819
491.258398,172.283227,114.855485,-9571.290400
491.259026,172.283227,38.285162,-9399.007173
491.259653,229.710970,19.142581,-9418.149754
491.260281,248.853550,19.142581,-9303.294269
491.260908,210.568389,-19.142581,-9284.151688
491.261536,76.570323,76.570323,-9265.009107
491.262164,114.855485,210.568389,-9303.294269
491.262791,133.998066,229.710970,-9360.722011
491.263419,-19.142581,287.138712,-9494.720077
491.264047,19.142581,267.996131,-9571.290400
491.264674,57.427742,191.425808,-9552.147819
491.265302,57.427742,153.140646,-9552.147819
491.265930,172.283227,133.998066,-9552.147819
491.266557,133.998066,114.855485,-9456.434915
491.267185,229.710970,57.427742,-9284.151688
491.267813,210.568389,95.712904,-9303.294269
491.268440,172.283227,114.855485,-9322.436850
491.269068,76.570323,210.568389,-9245.866526
491.269695,57.427742,210.568389,-9341.579430
491.270323,95.712904,248.853550,-9360.722011
491.270951,-19.142581,267.996131,-9533.005238
491.271578,19.142581,248.853550,-9590.432981
491.272206,-19.142581,114.855485,-9590.432981
491.272834,133.998066,153.140646,-9533.005238
491.273461,153.140646,95.712904,-9552.147819
491.274089,153.140646,0.000000,-9475.577496
491.274717,191.425808,19.142581,-9360.722011
491.275344,210.568389,0.000000,-9303.294269
491.275972,153.140646,38.285162,-9245.866526
491.276599,76.570323,76.570323,-9341.579430
491.277227,57.427742,248.853550,-9360.722011
491.277855,0.000000,287.138712,-9475.577496
491.278482,-38.285162,248.853550,-9513.862658
491.279110,19.142581,191.425808,-9571.290400
491.279738,95.712904,229.710970,-9533.005238
491.280365,153.140646,210.568389,-9437.292334
491.280993,210.568389,57.427742,-9456.434915
491.281621,229.710970,133.998066,-9399.007173
491.282248,248.853550,95.712904,-9303.294269
491.282876,153.140646,95.712904,-9245.866526
491.283503,172.283227,172.283227,-9284.151688
491.284131,95.712904,248.853550,-9322.436850
491.284759,19.142581,287.138712,-9437.292334
491.285386,-57.427742,287.138712,-9533.005238
491.286014,-38.285162,287.138712,-9552.147819
491.286642,57.427742,172.283227,-9552.147819
491.287269,133.998066,114.855485,-9475.577496
491.287897,133.998066,0.000000,-9513.862658
491.288525,191.425808,-38.285162,-9418.149754
491.289152,210.568389,19.142581,-9360.722011
491.289780,191.425808,19.142581,-9245.866526
491.290407,210.568389,95.712904,-9322.436850
491.291035,95.712904,153.140646,-9303.294269
491.291663,95.712904,191.425808,-9360.722011
491.292290,19.142581,267.996131,-9399.007173
491.292918,-19.142581,363.709035,-9533.005238
491.293546,57.427742,287.138712,-9494.720077
491.294173,57.427742,191.425808,-9552.147819
491.294801,133.998066,114.855485,-9533.005238
491.295429,191.425808,76.570323,-9437.292334
491.296056,248.853550,95.712904,-9360.722011
491.296684,248.853550,38.285162,-9341.579430
491.297311,248.853550,38.285162,-9284.151688
491.297939,133.998066,133.998066,-9265.009107
491.298567,114.855485,153.140646,-9303.294269
491.299194,57.427742,287.138712,-9418.149754
491.299822,-76.570323,229.710970,-9571.290400
491.300450,-38.285162,287.138712,-9667.003304
491.301077,-76.570323,248.853550,-9667.003304
491.301705,57.427742,153.140646,-9552.147819
491.302333,114.855485,76.570323,-9533.005238
491.302960,191.425808,-38.285162,-9533.005238
491.303588,210.568389,0.000000,-9360.722011
491.304215,248.853550,38.285162,-9303.294269
491.304843,153.140646,57.427742,-9245.866526
491.305471,76.570323,76.570323,-9303.294269
491.306098,95.712904,153.140646,-9360.722011
491.306726,0.000000,267.996131,-9418.149754
491.307354,0.000000,306.281293,-9494.720077
491.307981,-19.142581,267.996131,-9475.577496
491.308609,38.285162,267.996131,-9571.290400
491.309237,76.570323,210.568389,-9533.005238
491.309864,153.140646,76.570323,-9494.720077
491.310492,191.425808,57.427742,-9456.434915
491.311119,248.853550,0.000000,-9284.151688
491.311747,248.853550,57.427742,-9284.151688
491.312375,191.425808,76.570323,-9226.723946
491.313002,95.712904,153.140646,-9341.579430
491.313630,19.142581,229.710970,-9418.149754
491.314258,-38.285162,191.425808,-9494.720077
491.314885,0.000000,248.853550,-9552.147819
491.315513,57.427742,191.425808,-9552.147819
491.316140,-19.142581,114.855485,-9571.290400
491.316768,76.570323,114.855485,-9533.005238
491.317395,172.283227,38.285162,-9494.720077
491.318023,210.568389,-38.285162,-9399.007173
491.318650,210.568389,0.000000,-9303.294269
491.319278,191.425808,38.285162,-9341.579430
491.319905,133.998066,76.570323,-9265.009107
491.320533,114.855485,172.283227,-9284.151688
491.321161,38.285162,287.138712,-9399.007173
491.321788,0.000000,287.138712,-9494.720077
491.322416,19.142581,267.996131,-9571.290400
491.323043,-38.285162,287.138712,-9609.575562
491.323671,133.998066,153.140646,-9475.577496
491.324298,114.855485,114.855485,-9456.434915
491.324926,191.425808,95.712904,-9379.864592
491.325553,248.853550,95.712904,-9341.579430
491.326181,191.425808,95.712904,-9341.579430
491.326808,153.140646,95.712904,-9303.294269
491.327436,95.712904,153.140646,-9341.579430
491.328063,57.427742,287.138712,-9399.007173
491.328691,-38.285162,191.425808,-9437.292334
491.329319,-57.427742,210.568389,-9571.290400
491.329946,0.000000,248.853550,-9552.147819
491.330574,19.142581,210.568389,-9647.860723
491.331201,133.998066,114.855485,-9533.005238
491.331829,248.853550,76.570323,-9456.434915
491.332456,191.425808,-38.285162,-9322.436850
491.333084,229.710970,-19.142581,-9265.009107
491.333711,248.853550,38.285162,-9245.866526
491.334339,133.998066,95.712904,-9341.579430
491.334966,95.712904,172.283227,-9284.151688
491.335594,19.142581,191.425808,-9418.149754
491.336221,-19.142581,248.853550,-9418.149754
491.336849,-95.712904,306.281293,-9533.005238
491.337476,-19.142581,267.996131,-9533.005238
491.338104,57.427742,248.853550,-9552.147819
491.338732,133.998066,114.855485,-9456.434915
491.339359,191.425808,38.285162,-9418.149754
491.339987,229.710970,57.427742,-9341.579430
491.340614,248.853550,95.712904,-9341.579430
491.341242,133.998066,95.712904,-9322.436850
491.341869,95.712904,153.140646,-9341.579430
491.342497,38.285162,172.283227,-9418.149754
491.343124,57.427742,229.710970,-9494.720077
491.343752,-76.570323,229.710970,-9571.290400
491.344379,-38.285162,287.138712,-9609.575562
491.345007,57.427742,191.425808,-9552.147819
491.345634,38.285162,153.140646,-9533.005238
491.346262,153.140646,57.427742,-9513.862658
491.346890,191.425808,-38.285162,-9418.149754
491.347517,191.425808,19.142581,-9360.722011
491.348145,248.853550,95.712904,-9341.579430
491.348772,114.855485,114.855485,-9284.151688
491.349400,95.712904,210.568389,-9245.866526
491.350027,0.000000,267.996131,-9245.866526
491.350655,19.142581,306.281293,-9399.007173
491.351282,0.000000,325.423874,-9475.577496
491.351910,57.427742,287.138712,-9513.862658
491.352537,95.712904,172.283227,-9552.147819
491.353165,172.283227,114.855485,-9571.290400
491.353792,153.140646,95.712904,-9475.577496
491.354420,229.710970,-38.285162,-9360.722011
491.355047,267.996131,95.712904,-9284.151688
491.355675,191.425808,95.712904,-9303.294269
491.356303,133.998066,133.998066,-9322.436850
491.356930,38.285162,172.283227,-9360.722011
491.357558,19.142581,153.140646,-9494.720077
491.358185,-38.285162,191.425808,-9475.577496
491.358813,-19.142581,229.710970,-9571.290400
491.359440,57.427742,153.140646,-9590.432981
491.360068,19.142581,153.140646,-9533.005238
491.360695,114.855485,95.712904,-9513.862658
491.361323,210.568389,95.712904,-9418.149754
491.361950,248.853550,95.712904,-9341.579430
491.362578,248.853550,0.000000,-9303.294269
491.363205,114.855485,76.570323,-9360.722011
491.363833,114.855485,114.855485,-9265.009107
491.364460,95.712904,248.853550,-9341.579430
491.365088,-38.285162,229.710970,-9437.292334
491.365716,0.000000,325.423874,-9533.005238
491.366343,-19.142581,287.138712,-9494.720077
491.366971,95.712904,172.283227,-9552.147819
491.367598,76.570323,153.140646,-9494.720077
491.368226,248.853550,133.998066,-9437.292334
491.368853,267.996131,38.285162,-9360.722011
491.369481,267.996131,57.427742,-9322.436850
491.370108,191.425808,57.427742,-9341.579430
491.370736,172.283227,76.570323,-9418.149754
491.371363,95.712904,153.140646,-9322.436850
491.371991,76.570323,229.710970,-9475.577496
491.372618,-19.142581,267.996131,-9475.577496
491.373246,-76.570323,287.138712,-9552.147819
491.373874,0.000000,191.425808,-9609.575562
491.374501,76.570323,133.998066,-9552.147819
491.375129,95.712904,114.855485,-9533.005238
491.375756,153.140646,76.570323,-9437.292334
491.376384,191.425808,19.142581,-9360.722011
491.377011,248.853550,0.000000,-9341.579430
491.377639,114.855485,133.998066,-9303.294269
491.378266,95.712904,133.998066,-9341.579430
491.378894,0.000000,248.853550,-9360.722011
491.379521,38.285162,267.996131,-9379.864592
491.380149,0.000000,344.566454,-9475.577496
491.380776,-76.570323,287.138712,-9552.147819
491.381404,19.142581,191.425808,-9571.290400
491.382031,76.570323,114.855485,-9533.005238
491.382659,172.283227,38.285162,-9494.720077
491.383287,287.138712,19.142581,-9418.149754
491.383914,267.996131,95.712904,-9341.579430
491.384542,153.140646,57.427742,-9245.866526
491.385169,76.570323,76.570323,-9379.864592
491.385797,57.427742,248.853550,-9341.579430
491.386424,19.142581,248.853550,-9360.722011
491.387052,-57.427742,287.138712,-9609.575562
491.387679,-57.427742,287.138712,-9552.147819
491.388307,0.000000,229.710970,-9571.290400
491.388934,57.427742,172.283227,-9609.575562
491.389562,76.570323,133.998066,-9552.147819
491.390189,172.283227,76.570323,-9418.149754
491.390817,210.568389,76.570323,-9399.007173
491.391445,229.710970,95.712904,-9284.151688
491.392072,153.140646,57.427742,-9245.866526
491.392700,95.712904,133.998066,-9245.866526
491.393327,95.712904,248.853550,-9303.294269
491.393955,76.570323,267.996131,-9399.007173
491.394582,19.142581,229.710970,-9494.720077
491.395210,19.142581,267.996131,-9571.290400
491.395837,0.000000,191.425808,-9552.147819
491.396465,76.570323,114.855485,-9533.005238
491.397092,114.855485,133.998066,-9533.005238
491.397720,210.568389,38.285162,-9418.149754
491.398347,248.853550,95.712904,-9360.722011
491.398975,153.140646,38.285162,-9303.294269
491.399602,153.140646,38.285162,-9341.579430
491.400230,38.285162,133.998066,-9341.579430
491.400858,38.285162,229.710970,-9418.149754
491.401485,19.142581,229.710970,-9533.005238
491.402113,-38.285162,287.138712,-9552.147819
491.402740,0.000000,248.853550,-9552.147819
491.403368,-19.142581,153.140646,-9590.432981
491.403995,133.998066,114.855485,-9475.577496
491.404623,153.140646,76.570323,-9456.434915
491.405250,191.425808,57.427742,-9418.149754
491.405878,248.853550,38.285162,-9245.866526
491.406505,191.425808,0.000000,-9245.866526
491.407133,95.712904,133.998066,-9341.579430
491.407760,57.427742,153.140646,-9322.436850
491.408388,0.000000,248.853550,-9360.722011
491.409015,-76.570323,267.996131,-9494.720077
491.409643,-38.285162,306.281293,-9552.147819
491.410271,19.142581,267.996131,-9590.432981
491.410898,114.855485,153.140646,-9533.005238
491.411526,133.998066,133.998066,-9494.720077
491.412153,114.855485,57.427742,-9456.434915
491.412781,248.853550,38.285162,-9360.722011
491.413408,248.853550,0.000000,-9303.294269
491.414036,153.140646,95.712904,-9341.579430
491.414663,95.712904,133.998066,-9341.579430
491.415291,95.712904,191.425808,-9360.722011
491.415918,0.000000,287.138712,-9475.577496
491.416546,-76.570323,267.996131,-9533.005238
491.417173,-76.570323,229.710970,-9533.005238
491.417801,57.427742,153.140646,-9609.575562
491.418428,133.998066,114.855485,-9533.005238
491.419056,191.425808,76.570323,-9456.434915
491.419683,229.710970,38.285162,-9360.722011
491.420310,229.710970,95.712904,-9245.866526
491.420938,248.853550,95.712904,-9245.866526
491.421565,114.855485,133.998066,-9245.866526
491.422193,95.712904,210.568389,-9245.866526
491.422820,38.285162,267.996131,-9379.864592
491.423448,0.000000,287.138712,-9475.577496
491.424075,-38.285162,306.281293,-9552.147819
491.424703,0.000000,191.425808,-9552.147819
491.425330,76.570323,133.998066,-9552.147819
491.425958,114.855485,133.998066,-9552.147819
491.426585,191.425808,76.570323,-9437.292334
491.427213,191.425808,57.427742,-9418.149754
491.427840,210.568389,0.000000,-9341.579430
491.428468,210.568389,95.712904,-9303.294269
491.429095,114.855485,133.998066,-9341.579430
491.429722,57.427742,153.140646,-9341.579430
491.430350,0.000000,191.425808,-9360.722011
491.430977,-76.570323,191.425808,-9475.577496
491.431605,-19.142581,210.568389,-9571.290400
491.432232,19.142581,229.710970,-9552.147819
491.432860,133.998066,210.568389,-9475.577496
491.433487,153.140646,114.855485,-9456.434915
491.434115,210.568389,133.998066,-9399.007173
491.434742,248.853550,133.998066,-9322.436850
491.435370,248.853550,57.427742,-9245.866526
491.435997,133.998066,76.570323,-9265.009107
491.436625,95.712904,191.425808,-9341.579430
491.437252,95.712904,248.853550,-9360.722011
491.437879,-38.285162,287.138712,-9475.577496
491.438507,-38.285162,287.138712,-9552.147819
491.439134,19.142581,325.423874,-9590.432981
491.439762,95.712904,248.853550,-9571.290400
491.440389,133.998066,114.855485,-9533.005238
491.441017,172.283227,76.570323,-9456.434915
491.441644,248.853550,19.142581,-9418.149754
491.442272,248.853550,0.000000,-9322.436850
491.442899,191.425808,38.285162,-9360.722011
491.443527,95.712904,133.998066,-9303.294269
491.444154,57.427742,172.283227,-9360.722011
491.444782,19.142581,210.568389,-9437.292334
491.445409,-57.427742,287.138712,-9552.147819
491.446036,-19.142581,267.996131,-9533.005238
491.446664,19.142581,287.138712,-9552.147819
491.447291,76.570323,191.425808,-9552.147819
491.447919,133.998066,114.855485,-9475.577496
491.448546,248.853550,76.570323,-9418.149754
491.449174,210.568389,0.000000,-9284.151688
491.449801,248.853550,19.142581,-9303.294269
491.450429,153.140646,57.427742,-9303.294269
491.451056,95.712904,133.998066,-9341.579430
491.451684,0.000000,191.425808,-9341.579430
491.452311,-38.285162,248.853550,-9399.007173
491.452939,-76.570323,191.425808,-9513.862658
491.453566,-19.142581,172.283227,-9552.147819
491.454193,57.427742,133.998066,-9590.432981
491.454821,95.712904,133.998066,-9552.147819
491.455448,95.712904,95.712904,-9456.434915
491.456076,191.425808,19.142581,-9418.149754
491.456703,210.568389,-38.285162,-9379.864592
491.457331,153.140646,38.285162,-9303.294269
491.457958,133.998066,38.285162,-9379.864592
491.458586,76.570323,153.140646,-9303.294269
491.459213,19.142581,210.568389,-9418.149754
491.459841,19.142581,287.138712,-9533.005238
491.460468,0.000000,267.996131,-9533.005238
491.461096,95.712904,191.425808,-9552.147819
491.461723,76.570323,172.283227,-9533.005238
491.462351,153.140646,133.998066,-9456.434915
491.462978,191.425808,57.427742,-9418.149754
491.463605,248.853550,38.285162,-9360.722011
491.464233,248.853550,38.285162,-9245.866526
491.464860,153.140646,95.712904,-9245.866526
491.465488,95.712904,133.998066,-9303.294269
491.466115,0.000000,210.568389,-9303.294269
491.466743,0.000000,248.853550,-9360.722011
491.467370,-76.570323,306.281293,-9533.005238
491.467998,19.142581,267.996131,-9571.290400
491.468625,-38.285162,229.710970,-9609.575562
491.469253,95.712904,133.998066,-9552.147819
491.469880,114.855485,76.570323,-9552.147819
491.470508,172.283227,38.285162,-9475.577496
491.471135,229.710970,19.142581,-9341.579430
491.471762,210.568389,38.285162,-9341.579430
491.472390,133.998066,95.712904,-9360.722011
491.473017,57.427742,210.568389,-9341.579430
491.473645,19.142581,229.710970,-9418.149754
491.474272,19.142581,191.425808,-9456.434915
491.474900,-76.570323,267.996131,-9533.005238
491.475527,-38.285162,248.853550,-9513.862658
491.476155,95.712904,267.996131,-9571.290400
491.476782,210.568389,133.998066,-9494.720077
491.477410,229.710970,57.427742,-9437.292334
491.478037,229.710970,57.427742,-9418.149754
491.478665,210.568389,95.712904,-9245.866526
491.479292,248.853550,95.712904,-9245.866526
491.479919,172.283227,153.140646,-9245.866526
491.480547,172.283227,248.853550,-9360.722011
491.481174,57.427742,248.853550,-9360.722011
491.481802,0.000000,267.996131,-9494.720077
491.482429,-19.142581,229.710970,-9571.290400
491.483057,0.000000,133.998066,-9667.003304
491.483684,76.570323,133.998066,-9552.147819
491.484312,153.140646,76.570323,-9494.720077
491.484939,248.853550,-38.285162,-9456.434915
491.485567,191.425808,38.285162,-9418.149754
491.486194,210.568389,38.285162,-9360.722011
491.486822,191.425808,95.712904,-9303.294269
491.487449,95.712904,114.855485,-9265.009107
491.488077,38.285162,153.140646,-9322.436850
491.488704,0.000000,287.138712,-9456.434915
491.489331,-76.570323,363.709035,-9533.005238
491.489959,-38.285162,267.996131,-9513.862658
491.490586,38.285162,210.568389,-9533.005238
491.491214,95.712904,133.998066,-9552.147819
491.491841,153.140646,76.570323,-9494.720077
491.492469,229.710970,19.142581,-9418.149754
491.493096,248.853550,38.285162,-9341.579430
491.493724,191.425808,76.570323,-9226.723946
491.494351,153.140646,95.712904,-9303.294269
491.494979,114.855485,191.425808,-9360.722011
491.495606,38.285162,210.568389,-9418.149754
491.496234,38.285162,229.710970,-9533.005238
491.496861,0.000000,267.996131,-9552.147819
491.497488,-38.285162,229.710970,-9628.718142
491.498116,0.000000,172.283227,-9609.575562
491.498743,153.140646,133.998066,-9513.862658
491.499371,114.855485,38.285162,-9399.007173
491.499998,229.710970,-19.142581,-9360.722011
491.500626,248.853550,-19.142581,-9245.866526
491.501253,191.425808,76.570323,-9341.579430
491.501881,114.855485,114.855485,-9265.009107
491.502508,57.427742,248.853550,-9341.579430
491.503136,0.000000,306.281293,-9399.007173
491.503763,0.000000,306.281293,-9399.007173
491.504391,0.000000,287.138712,-9513.862658
491.505018,0.000000,248.853550,-9552.147819
491.505645,114.855485,248.853550,-9552.147819
491.506273,114.855485,95.712904,-9494.720077
491.506900,229.710970,57.427742,-9418.149754
491.507528,267.996131,95.712904,-9341.579430
491.508155,267.996131,57.427742,-9284.151688
491.508783,153.140646,95.712904,-9245.866526
491.509410,114.855485,172.283227,-9284.151688
491.510038,114.855485,248.853550,-9360.722011
491.510665,19.142581,229.710970,-9475.577496
491.511293,-19.142581,267.996131,-9533.005238
491.511920,-19.142581,229.710970,-9571.290400
491.512548,57.427742,133.998066,-9552.147819
491.513175,133.998066,76.570323,-9571.290400
491.513803,133.998066,76.570323,-9571.290400
491.514430,191.425808,57.427742,-9360.722011
491.515057,248.853550,95.712904,-9360.722011
491.515685,153.140646,95.712904,-9245.866526
491.516312,95.712904,133.998066,-9245.866526
491.516940,114.855485,191.425808,-9303.294269
491.517567,38.285162,248.853550,-9322.436850
491.518194,-19.142581,267.996131,-9475.577496
491.518822,-38.285162,248.853550,-9513.862658
491.519449,38.285162,229.710970,-9533.005238
491.520077,172.283227,229.710970,-9513.862658
491.520704,153.140646,133.998066,-9437.292334
491.521331,267.996131,133.998066,-9399.007173
491.521959,229.710970,0.000000,-9284.151688
491.522586,267.996131,-19.142581,-9284.151688
491.523214,153.140646,95.712904,-9284.151688
491.523841,172.283227,95.712904,-9379.864592
491.524468,19.142581,114.855485,-9437.292334
491.525096,-38.285162,191.425808,-9475.577496
491.525723,-19.142581,210.568389,-9571.290400
491.526351,-76.570323,210.568389,-9590.432981
491.526978,57.427742,172.283227,-9609.575562
491.527605,95.712904,76.570323,-9571.290400
491.528233,153.140646,57.427742,-9513.862658
491.528860,191.425808,19.142581,-9456.434915
491.529488,210.568389,38.285162,-9341.579430
491.530115,210.568389,0.000000,-9245.866526
491.530742,210.568389,57.427742,-9284.151688
491.531370,57.427742,153.140646,-9245.866526
491.531997,76.570323,229.710970,-9418.149754
491.532624,19.142581,229.710970,-9533.005238
491.533252,-19.142581,306.281293,-9475.577496
491.533879,0.000000,287.138712,-9513.862658
491.534507,0.000000,191.425808,-9533.005238
491.535134,133.998066,172.283227,-9418.149754
491.535761,191.425808,76.570323,-9418.149754
491.536389,191.425808,57.427742,-9456.434915
491.537016,267.996131,0.000000,-9322.436850
491.537644,153.140646,38.285162,-9245.866526
491.538271,133.998066,95.712904,-9245.866526
491.538898,57.427742,95.712904,-9399.007173
491.539526,76.570323,191.425808,-9456.434915
491.540153,19.142581,229.710970,-9533.005238
491.540781,-19.142581,229.710970,-9571.290400
491.541408,57.427742,191.425808,-9590.432981
491.542035,76.570323,114.855485,-9533.005238
491.542663,133.998066,76.570323,-9513.862658
491.543290,133.998066,114.855485,-9418.149754
491.543918,229.710970,0.000000,-9341.579430
491.544545,248.853550,95.712904,-9341.579430
491.545172,191.425808,76.570323,-9245.866526
491.545800,95.712904,133.998066,-9245.866526
491.546427,0.000000,191.425808,-9360.722011
491.547055,-38.285162,287.138712,-9418.149754
491.547682,-76.570323,267.996131,-9475.577496
491.548309,0.000000,267.996131,-9475.577496
491.548937,95.712904,191.425808,-9609.575562
491.549564,133.998066,114.855485,-9533.005238
491.550192,172.283227,76.570323,-9475.577496
491.550819,287.138712,19.142581,-9418.149754
491.551446,248.853550,38.285162,-9284.151688
491.552074,210.568389,95.712904,-9245.866526
491.552701,133.998066,76.570323,-9341.579430
491.553328,57.427742,76.570323,-9284.151688
491.553956,19.142581,191.425808,-9418.149754
491.554583,-76.570323,267.996131,-9475.577496
491.555211,-38.285162,287.138712,-9552.147819
491.555838,0.000000,191.425808,-9609.575562
491.556465,57.427742,172.283227,-9571.290400
491.557093,153.140646,133.998066,-9513.862658
491.557720,172.283227,0.000000,-9456.434915
491.558348,210.568389,95.712904,-9341.579430
491.558975,210.568389,95.712904,-9303.294269
491.559602,153.140646,95.712904,-9303.294269
491.560230,95.712904,153.140646,-9341.579430
491.560857,0.000000,267.996131,-9303.294269
491.561485,-19.142581,248.853550,-9360.722011
491.562112,-76.570323,363.709035,-9475.577496
491.562739,-38.285162,287.138712,-9552.147819
491.563367,95.712904,248.853550,-9571.290400
491.563994,133.998066,153.140646,-9475.577496
491.564622,153.140646,114.855485,-9475.577496
491.565249,229.710970,76.570323,-9418.149754
491.565876,287.138712,19.142581,-9360.722011
491.566504,191.425808,57.427742,-9360.722011
491.567131,76.570323,38.285162,-9379.864592
491.567759,76.570323,76.570323,-9341.579430
491.568386,38.285162,172.283227,-9418.149754
491.569013,19.142581,229.710970,-9533.005238
491.569641,0.000000,248.853550,-9552.147819
491.570268,0.000000,248.853550,-9552.147819
491.570896,0.000000,153.140646,-9571.290400
491.571523,38.285162,114.855485,-9533.005238
491.572150,172.283227,95.712904,-9494.720077
491.572778,248.853550,38.285162,-9418.149754
491.573405,229.710970,95.712904,-9284.151688
491.574033,191.425808,95.712904,-9245.866526
491.574660,153.140646,153.140646,-9207.581365
491.575287,114.855485,229.710970,-9379.864592
491.575915,19.142581,325.423874,-9379.864592
491.576542,-19.142581,267.996131,-9437.292334
491.577169,0.000000,344.566454,-9475.577496
491.577797,0.000000,172.283227,-9552.147819
491.578424,38.285162,76.570323,-9513.862658
491.579052,76.570323,114.855485,-9475.577496
491.579679,191.425808,19.142581,-9456.434915
491.580306,191.425808,95.712904,-9284.151688
491.580934,210.568389,38.285162,-9245.866526
491.581561,133.998066,38.285162,-9341.579430
491.582189,76.570323,76.570323,-9322.436850
491.582816,38.285162,153.140646,-9360.722011
491.583443,19.142581,229.710970,-9475.577496
491.584071,-76.570323,229.710970,-9571.290400
491.584698,19.142581,248.853550,-9571.290400
491.585326,57.427742,172.283227,-9552.147819
491.585953,133.998066,114.855485,-9456.434915
491.586580,95.712904,38.285162,-9494.720077
491.587208,191.425808,57.427742,-9360.722011
491.587835,248.853550,0.000000,-9284.151688
491.588463,229.710970,38.285162,-9188.438784
491.589090,133.998066,133.998066,-9284.151688
491.589717,172.283227,229.710970,-9303.294269
491.590345,38.285162,248.853550,-9379.864592
491.590972,-38.285162,287.138712,-9437.292334
491.591600,-19.142581,325.423874,-9456.434915
491.592227,0.000000,210.568389,-9571.290400
491.592854,76.570323,191.425808,-9552.147819
491.593482,153.140646,133.998066,-9494.720077
491.594109,191.425808,76.570323,-9475.577496
491.594737,229.710970,76.570323,-9418.149754
491.595364,267.996131,95.712904,-9322.436850
491.595991,153.140646,95.712904,-9284.151688
491.596619,133.998066,76.570323,-9341.579430
491.597246,95.712904,153.140646,-9360.722011
491.597873,19.142581,287.138712,-9437.292334
491.598501,-57.427742,287.138712,-9552.147819
491.599128,-57.427742,287.138712,-9609.575562
491.599756,57.427742,191.425808,-9552.147819
491.600383,95.712904,172.283227,-9552.147819
491.601010,153.140646,95.712904,-9552.147819
491.601638,248.853550,19.142581,-9360.722011
491.602265,191.425808,19.142581,-9360.722011
491.602893,287.138712,76.570323,-9226.723946
491.603520,191.425808,0.000000,-9245.866526
491.604147,95.712904,153.140646,-9245.866526
491.604775,57.427742,248.853550,-9303.294269
491.605402,38.285162,287.138712,-9399.007173
491.606030,-38.285162,363.709035,-9533.005238
491.606657,19.142581,267.996131,-9571.290400
491.607284,0.000000,153.140646,-9590.432981
491.607912,114.855485,95.712904,-9513.862658
491.608539,172.283227,38.285162,-9475.577496
491.609167,191.425808,19.142581,-9456.434915
491.609794,210.568389,38.285162,-9341.579430
491.610421,210.568389,57.427742,-9341.579430
491.611049,114.855485,57.427742,-9399.007173
491.611676,95.712904,133.998066,-9360.722011
491.612304,-38.285162,153.140646,-9456.434915
491.612931,-57.427742,248.853550,-9513.862658
491.613558,-19.142581,287.138712,-9571.290400
491.614186,0.000000,210.568389,-9590.432981
491.614813,76.570323,172.283227,-9533.005238
491.615441,172.283227,38.285162,-9513.862658
491.616068,191.425808,76.570323,-9418.149754
491.616695,229.710970,57.427742,-9284.151688
491.617323,229.710970,114.855485,-9207.581365
491.617950,153.140646,95.712904,-9245.866526
491.618578,133.998066,153.140646,-9265.009107
491.619205,114.855485,229.710970,-9379.864592
491.619833,76.570323,287.138712,-9418.149754
491.620460,0.000000,306.281293,-9513.862658
491.621087,-19.142581,229.710970,-9513.862658
491.621715,57.427742,210.568389,-9609.575562
491.622342,95.712904,172.283227,-9552.147819
491.622970,210.568389,38.285162,-9552.147819
491.623597,172.283227,-38.285162,-9418.149754
491.624225,248.853550,-38.285162,-9379.864592
491.624852,210.568389,0.000000,-9322.436850
491.625480,133.998066,57.427742,-9303.294269
491.626107,38.285162,76.570323,-9379.864592
491.626734,19.142581,229.710970,-9418.149754
491.627362,-19.142581,325.423874,-9494.720077
491.627989,-76.570323,267.996131,-9533.005238
491.628617,-38.285162,191.425808,-9513.862658
491.629244,0.000000,191.425808,-9552.147819
491.629872,95.712904,95.712904,-9456.434915
491.630499,172.283227,38.285162,-9399.007173
491.631127,248.853550,57.427742,-9360.722011
491.631754,248.853550,0.000000,-9284.151688
491.632381,153.140646,95.712904,-9245.866526
491.633009,133.998066,76.570323,-9284.151688
491.633636,38.285162,248.853550,-9303.294269
491.634264,-19.142581,229.710970,-9379.864592
491.634891,-19.142581,267.996131,-9533.005238
491.635519,19.142581,229.710970,-9533.005238
491.636146,95.712904,248.853550,-9628.718142
491.636773,114.855485,133.998066,-9552.147819
491.637401,114.855485,133.998066,-9533.005238
491.638028,229.710970,19.142581,-9475.577496
491.638656,229.710970,19.142581,-9418.149754
491.639283,248.853550,0.000000,-9284.151688
491.639911,153.140646,0.000000,-9360.722011
491.640538,57.427742,133.998066,-9341.579430
491.641166,95.712904,172.283227,-9360.722011
491.641793,57.427742,229.710970,-9437.292334
491.642420,-19.142581,267.996131,-9494.720077
491.643048,-38.285162,248.853550,-9494.720077
491.643675,38.285162,229.710970,-9533.005238
491.644303,95.712904,210.568389,-9533.005238
491.644930,133.998066,114.855485,-9456.434915
491.645558,287.138712,19.142581,-9418.149754
491.646185,248.853550,38.285162,-9284.151688
491.646812,267.996131,95.712904,-9245.866526
491.647440,210.568389,95.712904,-9303.294269
491.648067,95.712904,191.425808,-9303.294269
491.648695,19.142581,229.710970,-9418.149754
491.649322,-19.142581,287.138712,-9513.862658
491.649950,-38.285162,267.996131,-9571.290400
491.650577,38.285162,248.853550,-9571.290400
491.651205,95.712904,172.283227,-9552.147819
491.651832,76.570323,95.712904,-9513.862658
491.652459,133.998066,95.712904,-9437.292334
491.653087,191.425808,57.427742,-9418.149754
491.653714,248.853550,57.427742,-9341.579430
491.654342,210.568389,0.000000,-9303.294269
491.654969,133.998066,76.570323,-9341.579430
491.655597,57.427742,153.140646,-9360.722011
491.656224,19.142581,229.710970,-9437.292334
491.656852,-38.285162,229.710970,-9494.720077
491.657479,-38.285162,229.710970,-9552.147819
491.658106,0.000000,191.425808,-9552.147819
491.658734,95.712904,172.283227,-9552.147819
491.659361,172.283227,76.570323,-9475.577496
491.659989,153.140646,133.998066,-9437.292334
491.660616,267.996131,133.998066,-9322.436850
491.661244,267.996131,57.427742,-9303.294269
491.661871,153.140646,95.712904,-9303.294269
491.662498,57.427742,191.425808,-9341.579430
491.663126,95.712904,248.853550,-9360.722011
491.663753,57.427742,229.710970,-9494.720077
491.664381,-19.142581,191.425808,-9552.147819
491.665008,-38.285162,287.138712,-9609.575562
491.665636,19.142581,210.568389,-9647.860723
491.666263,114.855485,133.998066,-9609.575562
491.666891,153.140646,95.712904,-9533.005238
491.667518,248.853550,133.998066,-9399.007173
491.668145,248.853550,57.427742,-9341.579430
491.668773,191.425808,19.142581,-9207.581365
491.669400,114.855485,133.998066,-9341.579430
491.670028,95.712904,133.998066,-9322.436850
491.670655,76.570323,229.710970,-9418.149754
491.671283,-76.570323,267.996131,-9475.577496
491.671910,-19.142581,267.996131,-9533.005238
491.672538,57.427742,287.138712,-9513.862658
491.673165,95.712904,172.283227,-9533.005238
491.673792,210.568389,172.283227,-9513.862658
491.674420,191.425808,133.998066,-9399.007173
491.675047,248.853550,38.285162,-9341.579430
491.675675,210.568389,38.285162,-9284.151688
491.676302,153.140646,95.712904,-9303.294269
491.676930,76.570323,76.570323,-9284.151688
491.677557,57.427742,153.140646,-9322.436850
491.678184,19.142581,267.996131,-9379.864592
491.678812,38.285162,191.425808,-9533.005238
491.679439,38.285162,248.853550,-9590.432981
491.680067,19.142581,248.853550,-9609.575562
491.680694,114.855485,133.998066,-9533.005238
491.681322,210.568389,38.285162,-9533.005238
491.681949,191.425808,19.142581,-9418.149754
491.682577,229.710970,57.427742,-9418.149754
491.683204,153.140646,0.000000,-9303.294269
491.683831,133.998066,38.285162,-9284.151688
491.684459,114.855485,133.998066,-9341.579430
491.685086,76.570323,210.568389,-9418.149754
491.685714,0.000000,287.138712,-9475.577496
491.686341,-19.142581,267.996131,-9533.005238
491.686969,-38.285162,210.568389,-9552.147819
491.687596,57.427742,248.853550,-9552.147819
491.688223,95.712904,153.140646,-9533.005238
491.688851,229.710970,133.998066,-9437.292334
491.689478,191.425808,76.570323,-9360.722011
491.690106,267.996131,38.285162,-9245.866526
491.690733,191.425808,95.712904,-9245.866526
491.691361,95.712904,133.998066,-9284.151688
491.691988,95.712904,210.568389,-9341.579430
491.692616,76.570323,172.283227,-9360.722011
491.693243,19.142581,287.138712,-9437.292334
491.693870,-19.142581,229.710970,-9590.432981
491.694498,57.427742,191.425808,-9609.575562
491.695125,76.570323,133.998066,-9552.147819
491.695753,114.855485,38.285162,-9494.720077
491.696380,191.425808,57.427742,-9437.292334
491.697008,229.710970,19.142581,-9418.149754
491.697635,153.140646,0.000000,-9284.151688
491.698263,153.140646,57.427742,-9322.436850
491.698890,76.570323,76.570323,-9322.436850
491.699517,0.000000,172.283227,-9322.436850
491.700145,0.000000,267.996131,-9360.722011
491.700772,-19.142581,325.423874,-9494.720077
491.701400,0.000000,287.138712,-9513.862658
491.702027,95.712904,172.283227,-9552.147819
491.702655,153.140646,191.425808,-9533.005238
491.703282,153.140646,133.998066,-9437.292334
491.703909,287.138712,38.285162,-9360.722011
491.704537,248.853550,57.427742,-9303.294269
491.705164,267.996131,38.285162,-9303.294269
491.705792,76.570323,76.570323,-9265.009107
491.706419,95.712904,248.853550,-9303.294269
491.707047,38.285162,229.710970,-9418.149754
491.707674,38.285162,210.568389,-9533.005238
491.708302,-38.285162,191.425808,-9513.862658
491.708929,-19.142581,153.140646,-9571.290400
491.709556,57.427742,153.140646,-9552.147819
491.710184,133.998066,114.855485,-9533.005238
491.710811,191.425808,57.427742,-9494.720077
491.711439,172.283227,-38.285162,-9418.149754
491.712066,191.425808,-19.142581,-9303.294269
491.712694,153.140646,95.712904,-9284.151688
491.713321,172.283227,114.855485,-9284.151688
491.713949,95.712904,248.853550,-9303.294269
491.714576,19.142581,267.996131,-9379.864592
491.715203,-76.570323,325.423874,-9475.577496
491.715831,-19.142581,267.996131,-9533.005238
491.716458,38.285162,267.996131,-9571.290400
491.717086,114.855485,191.425808,-9552.147819
491.717713,153.140646,172.283227,-9513.862658
491.718341,229.710970,76.570323,-9456.434915
491.718968,248.853550,0.000000,-9322.436850
491.719596,248.853550,95.712904,-9341.579430
491.720223,133.998066,38.285162,-9322.436850
491.720851,76.570323,133.998066,-9360.722011
491.721478,38.285162,114.855485,-9437.292334
491.722106,57.427742,229.710970,-9475.577496
491.722733,-19.142581,229.710970,-9571.290400
491.723361,-76.570323,287.138712,-9552.147819
491.723988,114.855485,133.998066,-9667.003304
491.724616,133.998066,76.570323,-9571.290400
491.725243,153.140646,38.285162,-9475.577496
491.725871,210.568389,57.427742,-9322.436850
491.726498,229.710970,57.427742,-9360.722011
491.727126,153.140646,95.712904,-9245.866526
491.727753,38.285162,133.998066,-9341.579430
491.728381,57.427742,248.853550,-9360.722011
491.729008,38.285162,229.710970,-9418.149754
491.729636,-76.570323,344.566454,-9437.292334
491.730263,-38.285162,287.138712,-9552.147819
491.730891,38.285162,229.710970,-9513.862658
491.731518,95.712904,172.283227,-9552.147819
491.732146,133.998066,114.855485,-9533.005238
491.732773,210.568389,133.998066,-9399.007173
491.733401,191.425808,57.427742,-9456.434915
491.734028,210.568389,38.285162,-9341.579430
491.734656,153.140646,38.285162,-9245.866526
491.735283,76.570323,76.570323,-9322.436850
491.735911,95.712904,133.998066,-9360.722011
491.736538,57.427742,287.138712,-9513.862658
491.737166,-38.285162,248.853550,-9513.862658
491.737793,-57.427742,191.425808,-9571.290400
491.738421,0.000000,153.140646,-9686.145885
491.739048,76.570323,133.998066,-9552.147819
491.739676,133.998066,76.570323,-9513.862658
491.740303,172.283227,19.142581,-9418.149754
491.740931,248.853550,38.285162,-9341.579430
491.741558,248.853550,95.712904,-9284.151688
491.742186,133.998066,38.285162,-9284.151688
491.742813,95.712904,191.425808,-9360.722011
491.743441,0.000000,248.853550,-9322.436850
491.744068,0.000000,267.996131,-9437.292334
491.744696,-19.142581,267.996131,-9533.005238
491.745323,0.000000,363.709035,-9475.577496
491.745951,95.712904,267.996131,-9571.290400
491.746578,133.998066,153.140646,-9533.005238
491.747206,210.568389,38.285162,-9475.577496
491.747833,191.425808,19.142581,-9418.149754
491.748461,191.425808,38.285162,-9360.722011
491.749088,133.998066,95.712904,-9341.579430
491.749716,38.285162,133.998066,-9322.436850
491.750343,95.712904,133.998066,-9360.722011
491.750971,19.142581,229.710970,-9418.149754
491.751598,0.000000,287.138712,-9456.434915
491.752226,19.142581,306.281293,-9552.147819
491.752853,38.285162,248.853550,-9552.147819
491.753481,172.283227,153.140646,-9571.290400
491.754108,172.283227,76.570323,-9533.005238
491.754736,191.425808,57.427742,-9418.149754
491.755363,229.710970,57.427742,-9418.149754
491.755991,191.425808,95.712904,-9341.579430
491.756618,153.140646,95.712904,-9303.294269
491.757246,114.855485,114.855485,-9341.579430
491.757873,95.712904,248.853550,-9360.722011
491.758501,19.142581,306.281293,-9399.007173
491.759128,-76.570323,287.138712,-9552.147819
491.759756,0.000000,248.853550,-9552.147819
491.760383,38.285162,248.853550,-9571.290400
491.761011,57.427742,210.568389,-9513.862658
491.761638,172.283227,76.570323,-9533.005238
491.762266,191.425808,57.427742,-9437.292334
491.762893,172.283227,57.427742,-9360.722011
491.763521,153.140646,57.427742,-9303.294269
491.764148,76.570323,114.855485,-9418.149754
491.764776,76.570323,114.855485,-9341.579430
491.765403,57.427742,210.568389,-9418.149754
491.766031,-38.285162,229.710970,-9533.005238
491.766658,-57.427742,191.425808,-9494.720077
491.767286,57.427742,248.853550,-9552.147819
491.767913,172.283227,172.283227,-9552.147819
491.768541,95.712904,114.855485,-9437.292334
491.769168,133.998066,133.998066,-9494.720077
491.769796,248.853550,38.285162,-9341.579430
491.770423,210.568389,95.712904,-9341.579430
491.771051,172.283227,114.855485,-9265.009107
491.771678,95.712904,153.140646,-9303.294269
491.772306,114.855485,210.568389,-9322.436850
491.772933,95.712904,287.138712,-9399.007173
491.773561,0.000000,287.138712,-9475.577496
491.774188,-95.712904,306.281293,-9552.147819
491.774816,38.285162,191.425808,-9552.147819
491.775443,38.285162,153.140646,-9533.005238
491.776071,153.140646,114.855485,-9437.292334
491.776698,229.710970,57.427742,-9418.149754
491.777326,229.710970,57.427742,-9360.722011
491.777953,153.140646,95.712904,-9303.294269
491.778581,76.570323,76.570323,-9265.009107
491.779208,38.285162,133.998066,-9360.722011
491.779836,76.570323,210.568389,-9418.149754
491.780463,19.142581,287.138712,-9494.720077
491.781091,19.142581,267.996131,-9571.290400
491.781718,-38.285162,229.710970,-9552.147819
491.782346,57.427742,191.425808,-9552.147819
491.782973,172.283227,114.855485,-9571.290400
491.783601,153.140646,114.855485,-9475.577496
491.784228,191.425808,76.570323,-9418.149754
491.784856,229.710970,95.712904,-9341.579430
491.785483,210.568389,95.712904,-9245.866526
491.786111,172.283227,114.855485,-9322.436850
491.786738,114.855485,210.568389,-9245.866526
491.787366,38.285162,229.710970,-9360.722011
491.787993,-19.142581,325.423874,-9437.292334
491.788621,0.000000,344.566454,-9513.862658
491.789248,57.427742,287.138712,-9513.862658
491.789876,76.570323,172.283227,-9647.860723
491.790503,95.712904,133.998066,-9552.147819
491.791131,191.425808,57.427742,-9456.434915
491.791758,191.425808,19.142581,-9456.434915
491.792386,229.710970,19.142581,-9418.149754
491.793013,153.140646,0.000000,-9322.436850
491.793641,76.570323,76.570323,-9322.436850
491.794268,57.427742,191.425808,-9360.722011
491.794896,-19.142581,248.853550,-9360.722011
491.795523,-76.570323,344.566454,-9494.720077
491.796151,-38.285162,248.853550,-9513.862658
491.796778,38.285162,248.853550,-9571.290400
491.797406,76.570323,114.855485,-9475.577496
491.798033,95.712904,114.855485,-9533.005238
491.798661,191.425808,57.427742,-9418.149754
491.799288,248.853550,57.427742,-9284.151688
491.799916,191.425808,114.855485,-9265.009107
491.800543,114.855485,114.855485,-9265.009107
491.801171,95.712904,153.140646,-9245.866526
491.801798,57.427742,287.138712,-9418.149754
491.802426,38.285162,229.710970,-9456.434915
491.803053,-19.142581,267.996131,-9533.005238
491.803681,-38.285162,287.138712,-9552.147819
491.804308,57.427742,133.998066,-9552.147819
491.804936,133.998066,114.855485,-9533.005238
491.805563,172.283227,133.998066,-9533.005238
491.806191,229.710970,57.427742,-9437.292334
491.806818,229.710970,76.570323,-9418.149754
491.807446,210.568389,95.712904,-9303.294269
491.808073,133.998066,76.570323,-9322.436850
491.808701,38.285162,133.998066,-9322.436850
491.809328,19.142581,229.710970,-9418.149754
491.809956,19.142581,229.710970,-9456.434915
491.810583,-19.142581,267.996131,-9533.005238
491.811211,19.142581,210.568389,-9533.005238
491.811838,114.855485,191.425808,-9533.005238
491.812466,133.998066,114.855485,-9494.720077
491.813093,191.425808,76.570323,-9456.434915
491.813721,191.425808,76.570323,-9418.149754
491.814348,191.425808,95.712904,-9303.294269
491.814976,153.140646,95.712904,-9245.866526
491.815603,114.855485,133.998066,-9341.579430
491.816231,95.712904,172.283227,-9360.722011
491.816858,0.000000,210.568389,-9360.722011
491.817485,-38.285162,248.853550,-9475.577496
491.818113,-38.285162,287.138712,-9552.147819
491.818740,38.285162,191.425808,-9571.290400
491.819368,114.855485,133.998066,-9552.147819
491.819995,114.855485,76.570323,-9571.290400
491.820623,172.283227,0.000000,-9456.434915
491.821250,267.996131,-57.427742,-9379.864592
491.821877,248.853550,0.000000,-9322.436850
491.822505,76.570323,38.285162,-9303.294269
491.823132,114.855485,133.998066,-9341.579430
491.823760,133.998066,191.425808,-9399.007173
491.824387,-19.142581,267.996131,-9437.292334
491.825015,-19.142581,267.996131,-9475.577496
491.825642,0.000000,248.853550,-9552.147819
491.826269,76.570323,191.425808,-9552.147819
491.826897,210.568389,172.283227,-9494.720077
491.827524,191.425808,57.427742,-9456.434915
491.828152,267.996131,95.712904,-9360.722011
491.828779,210.568389,38.285162,-9341.579430
491.829407,153.140646,95.712904,-9341.579430
491.830034,114.855485,95.712904,-9207.581365
491.830662,114.855485,248.853550,-9303.294269
491.831289,57.427742,287.138712,-9399.007173
491.831916,-19.142581,267.996131,-9533.005238
491.832544,19.142581,248.853550,-9513.862658
491.833171,38.285162,191.425808,-9533.005238
491.833799,133.998066,114.855485,-9533.005238
491.834426,172.283227,95.712904,-9571.290400
491.835054,172.283227,57.427742,-9456.434915
491.835681,229.710970,19.142581,-9456.434915
491.836308,153.140646,38.285162,-9284.151688
491.836936,76.570323,76.570323,-9265.009107
491.837563,38.285162,76.570323,-9284.151688
491.838191,38.285162,229.710970,-9360.722011
491.838818,19.142581,287.138712,-9418.149754
491.839446,19.142581,229.710970,-9533.005238
491.840073,19.142581,267.996131,-9571.290400
491.840700,57.427742,191.425808,-9552.147819
491.841328,76.570323,210.568389,-9552.147819
491.841955,153.140646,114.855485,-9533.005238
491.842583,191.425808,19.142581,-9456.434915
491.843210,153.140646,38.285162,-9341.579430
491.843838,229.710970,76.570323,-9360.722011
491.844465,153.140646,95.712904,-9245.866526
491.845092,95.712904,133.998066,-9341.579430
491.845720,76.570323,210.568389,-9418.149754
491.846347,0.000000,306.281293,-9456.434915
491.846975,0.000000,287.138712,-9513.862658
491.847602,38.285162,267.996131,-9609.575562
491.848230,114.855485,172.283227,-9552.147819
491.848857,133.998066,114.855485,-9475.577496
491.849484,191.425808,76.570323,-9533.005238
491.850112,153.140646,38.285162,-9360.722011
491.850739,229.710970,57.427742,-9360.722011
491.851367,210.568389,95.712904,-9245.866526
491.851994,95.712904,133.998066,-9245.866526
491.852622,57.427742,153.140646,-9245.866526
491.853249,0.000000,248.853550,-9360.722011
491.853876,-19.142581,287.138712,-9475.577496
491.854504,-38.285162,325.423874,-9552.147819
491.855131,38.285162,267.996131,-9571.290400
491.855759,57.427742,248.853550,-9533.005238
491.856386,133.998066,95.712904,-9533.005238
491.857014,172.283227,38.285162,-9399.007173
491.857641,191.425808,19.142581,-9418.149754
491.858269,210.568389,0.000000,-9284.151688
491.858896,153.140646,95.712904,-9303.294269
491.859523,133.998066,76.570323,-9303.294269
491.860151,0.000000,248.853550,-9322.436850
491.860778,19.142581,172.283227,-9437.292334
491.861406,-19.142581,229.710970,-9571.290400
491.862033,0.000000,191.425808,-9552.147819
491.862661,57.427742,191.425808,-9628.718142
491.863288,133.998066,76.570323,-9571.290400
491.863915,172.283227,57.427742,-9533.005238
491.864543,191.425808,-38.285162,-9418.149754
491.865170,248.853550,-19.142581,-9322.436850
491.865798,191.425808,95.712904,-9303.294269
491.866425,153.140646,95.712904,-9284.151688
491.867053,95.712904,191.425808,-9360.722011
491.867680,-19.142581,248.853550,-9341.579430
491.868307,19.142581,267.996131,-9379.864592
491.868935,-19.142581,267.996131,-9418.149754
491.869562,19.142581,267.996131,-9571.290400
491.870190,114.855485,191.425808,-9552.147819
491.870817,153.140646,133.998066,-9494.720077
491.871445,153.140646,133.998066,-9513.862658
491.872072,248.853550,57.427742,-9360.722011
491.872699,248.853550,0.000000,-9360.722011
491.873327,191.425808,95.712904,-9360.722011
491.873954,133.998066,76.570323,-9303.294269
491.874582,76.570323,133.998066,-9360.722011
491.875209,38.285162,191.425808,-9418.149754
491.875837,-38.285162,191.425808,-9513.862658
491.876464,-38.285162,229.710970,-9552.147819
491.877091,57.427742,248.853550,-9552.147819
491.877719,172.283227,133.998066,-9552.147819
491.878346,210.568389,133.998066,-9513.862658
491.878974,191.425808,19.142581,-9456.434915
491.879601,229.710970,38.285162,-9418.149754
491.880229,248.853550,57.427742,-9303.294269
491.880856,133.998066,95.712904,-9245.866526
491.881484,95.712904,210.568389,-9303.294269
491.882111,0.000000,172.283227,-9284.151688
491.882738,57.427742,248.853550,-9360.722011
491.883366,-38.285162,267.996131,-9494.720077
491.883993,0.000000,229.710970,-9513.862658
491.884621,0.000000,191.425808,-9552.147819
491.885248,114.855485,191.425808,-9552.147819
491.885876,133.998066,95.712904,-9418.149754
491.886503,248.853550,95.712904,-9360.722011
491.887130,248.853550,95.712904,-9303.294269
491.887758,210.568389,95.712904,-9303.294269
491.888385,172.283227,114.855485,-9341.579430
491.889013,172.283227,133.998066,-9418.149754
491.889640,76.570323,229.710970,-9418.149754
491.890268,57.427742,287.138712,-9513.862658
491.890895,-19.142581,267.996131,-9533.005238
491.891522,-19.142581,229.710970,-9571.290400
491.892150,76.570323,172.283227,-9590.432981
491.892777,76.570323,114.855485,-9533.005238
491.893405,133.998066,57.427742,-9494.720077
491.894032,210.568389,57.427742,-9418.149754
491.894660,153.140646,0.000000,-9284.151688
491.895287,172.283227,95.712904,-9322.436850
491.895914,95.712904,153.140646,-9284.151688
491.896542,95.712904,210.568389,-9303.294269
491.897169,19.142581,267.996131,-9379.864592
491.897797,19.142581,210.568389,-9437.292334
491.898424,19.142581,229.710970,-9475.577496
491.899052,-19.142581,267.996131,-9533.005238
491.899679,76.570323,153.140646,-9533.005238
491.900306,133.998066,95.712904,-9533.005238
491.900934,248.853550,19.142581,-9456.434915
491.901561,172.283227,-19.142581,-9379.864592
491.902189,210.568389,57.427742,-9360.722011
491.902816,210.568389,95.712904,-9303.294269
491.903444,95.712904,153.140646,-9360.722011
491.904071,38.285162,210.568389,-9418.149754
491.904698,38.285162,229.710970,-9418.149754
491.905326,19.142581,229.710970,-9533.005238
491.905953,-19.142581,229.710970,-9571.290400
491.906581,57.427742,191.425808,-9552.147819
491.907208,133.998066,172.283227,-9475.577496
491.907836,172.283227,76.570323,-9475.577496
491.908463,172.283227,57.427742,-9418.149754
491.909091,287.138712,19.142581,-9360.722011
491.909718,172.283227,114.855485,-9265.009107
491.910345,76.570323,114.855485,-9226.723946
491.910973,95.712904,248.853550,-9245.866526
491.911600,57.427742,191.425808,-9360.722011
491.912228,0.000000,325.423874,-9360.722011
491.912855,-76.570323,344.566454,-9533.005238
491.913483,38.285162,325.423874,-9571.290400
491.914110,38.285162,153.140646,-9475.577496
491.914737,95.712904,114.855485,-9475.577496
491.915365,172.283227,76.570323,-9456.434915
491.915992,191.425808,57.427742,-9437.292334
491.916620,229.710970,-38.285162,-9418.149754
491.917247,210.568389,-38.285162,-9379.864592
491.917875,95.712904,0.000000,-9322.436850
491.918502,76.570323,76.570323,-9284.151688
491.919130,-38.285162,191.425808,-9418.149754
491.919758,-19.142581,287.138712,-9513.862658
491.920385,-38.285162,287.138712,-9552.147819
491.921013,0.000000,248.853550,-9647.860723
491.921640,57.427742,133.998066,-9552.147819
491.922268,114.855485,95.712904,-9494.720077
491.922895,191.425808,76.570323,-9456.434915
491.923523,210.568389,57.427742,-9341.579430
491.924151,248.853550,95.712904,-9341.579430
491.924778,153.140646,114.855485,-9303.294269
491.925406,114.855485,210.568389,-9284.151688
491.926033,57.427742,191.425808,-9303.294269
491.926661,19.142581,325.423874,-9341.579430
491.927288,-76.570323,325.423874,-9533.005238
491.927916,-38.285162,248.853550,-9494.720077
491.928544,76.570323,210.568389,-9513.862658
491.929171,153.140646,114.855485,-9533.005238
491.929799,133.998066,133.998066,-9494.720077
491.930426,172.283227,38.285162,-9418.149754
491.931054,172.283227,38.285162,-9360.722011
491.931681,191.425808,-19.142581,-9303.294269
491.932309,76.570323,76.570323,-9322.436850
491.932937,95.712904,114.855485,-9399.007173
491.933564,38.285162,210.568389,-9418.149754
491.934192,19.142581,229.710970,-9437.292334
491.934819,38.285162,229.710970,-9533.005238
491.935447,38.285162,210.568389,-9533.005238
491.936074,114.855485,248.853550,-9552.147819
491.936702,114.855485,133.998066,-9533.005238
491.937330,114.855485,0.000000,-9475.577496
491.937957,248.853550,0.000000,-9360.722011
491.938585,248.853550,95.712904,-9284.151688
491.939212,248.853550,95.712904,-9245.866526
491.939840,76.570323,76.570323,-9265.009107
491.940467,95.712904,191.425808,-9245.866526
491.941095,95.712904,248.853550,-9284.151688
491.941723,0.000000,287.138712,-9399.007173
491.942350,-19.142581,267.996131,-9533.005238
491.942978,38.285162,287.138712,-9513.862658
491.943605,76.570323,172.283227,-9552.147819
491.944233,114.855485,95.712904,-9513.862658
491.944860,191.425808,57.427742,-9475.577496
491.945488,229.710970,38.285162,-9418.149754
491.946116,191.425808,57.427742,-9360.722011
491.946743,153.140646,57.427742,-9341.579430
491.947371,114.855485,95.712904,-9379.864592
491.947998,38.285162,153.140646,-9322.436850
491.948626,19.142581,114.855485,-9418.149754
491.949253,-19.142581,267.996131,-9533.005238
491.949881,-38.285162,287.138712,-9552.147819
491.950509,57.427742,172.283227,-9552.147819
491.951136,133.998066,210.568389,-9533.005238
491.951764,153.140646,133.998066,-9494.720077
491.952391,210.568389,133.998066,-9399.007173
491.953019,229.710970,76.570323,-9418.149754
491.953646,210.568389,57.427742,-9245.866526
491.954274,172.283227,76.570323,-9226.723946
491.954902,95.712904,153.140646,-9245.866526
491.955529,0.000000,248.853550,-9360.722011
491.956157,38.285162,267.996131,-9379.864592
491.956784,-19.142581,267.996131,-9533.005238
491.957412,19.142581,248.853550,-9513.862658
491.958039,76.570323,172.283227,-9609.575562
491.958667,172.283227,114.855485,-9609.575562
491.959295,248.853550,95.712904,-9475.577496
491.959922,191.425808,38.285162,-9418.149754
491.960550,229.710970,19.142581,-9360.722011
491.961177,210.568389,38.285162,-9245.866526
491.961805,133.998066,95.712904,-9341.579430
491.962432,57.427742,153.140646,-9341.579430
491.963060,0.000000,210.568389,-9360.722011
491.963688,-38.285162,248.853550,-9456.434915
491.964315,-19.142581,191.425808,-9533.005238
491.964943,57.427742,172.283227,-9552.147819
491.965570,19.142581,210.568389,-9533.005238
491.966198,133.998066,153.140646,-9456.434915
491.966825,114.855485,57.427742,-9437.292334
491.967453,229.710970,0.000000,-9418.149754
491.968081,248.853550,0.000000,-9284.151688
491.968708,248.853550,95.712904,-9303.294269
491.969336,114.855485,114.855485,-9322.436850
491.969963,57.427742,153.140646,-9341.579430
491.970591,76.570323,153.140646,-9418.149754
491.971218,19.142581,229.710970,-9533.005238
491.971846,-19.142581,267.996131,-9533.005238
491.972474,57.427742,153.140646,-9552.147819
491.973101,95.712904,133.998066,-9533.005238
491.973729,172.283227,57.427742,-9533.005238
491.974356,153.140646,95.712904,-9418.149754
491.974984,191.425808,19.142581,-9418.149754
491.975611,153.140646,57.427742,-9303.294269
491.976239,133.998066,57.427742,-9284.151688
491.976867,76.570323,76.570323,-9322.436850
491.977494,0.000000,153.140646,-9341.579430
491.978122,-57.427742,248.853550,-9399.007173
491.978749,-19.142581,267.996131,-9533.005238
491.979377,0.000000,229.710970,-9571.290400
491.980004,38.285162,210.568389,-9552.147819
491.980632,95.712904,172.283227,-9533.005238
491.981260,95.712904,114.855485,-9533.005238
491.981887,248.853550,133.998066,-9399.007173
491.982515,248.853550,95.712904,-9360.722011
491.983142,153.140646,95.712904,-9284.151688
491.983770,172.283227,114.855485,-9284.151688
491.984397,95.712904,133.998066,-9284.151688
491.985025,76.570323,153.140646,-9360.722011
491.985653,38.285162,229.710970,-9418.149754
491.986280,76.570323,248.853550,-9609.575562
491.986908,-19.142581,210.568389,-9571.290400
491.987535,57.427742,133.998066,-9647.860723
491.988163,172.283227,133.998066,-9552.147819
491.988790,114.855485,38.285162,-9437.292334
491.989418,191.425808,57.427742,-9418.149754
491.990046,191.425808,19.142581,-9341.579430
491.990673,229.710970,38.285162,-9360.722011
491.991301,114.855485,133.998066,-9360.722011
491.991928,95.712904,248.853550,-9284.151688
491.992556,95.712904,248.853550,-9341.579430
491.993183,38.285162,287.138712,-9494.720077
491.993811,-19.142581,267.996131,-9533.005238
491.994439,38.285162,229.710970,-9533.005238
491.995066,76.570323,172.283227,-9552.147819
491.995694,133.998066,114.855485,-9475.577496
491.996321,114.855485,95.712904,-9399.007173
491.996949,229.710970,38.285162,-9360.722011
491.997576,248.853550,95.712904,-9303.294269
491.998204,210.568389,95.712904,-9245.866526
491.998832,95.712904,133.998066,-9341.579430
491.999459,114.855485,153.140646,-9322.436850
492.000087,57.427742,248.853550,-9360.722011
492.000714,-76.570323,248.853550,-9533.005238
492.001342,38.285162,248.853550,-9571.290400
492.001969,95.712904,114.855485,-9609.575562
492.002597,133.998066,76.570323,-9609.575562
492.003225,114.855485,133.998066,-9552.147819
492.003852,191.425808,57.427742,-9475.577496
492.004480,229.710970,-38.285162,-9456.434915
492.005107,153.140646,57.427742,-9341.579430
492.005735,133.998066,76.570323,-9341.579430
492.006362,76.570323,76.570323,-9379.864592
492.006990,57.427742,248.853550,-9360.722011
492.007618,38.285162,287.138712,-9399.007173
492.008245,57.427742,248.853550,-9533.005238
492.008873,76.570323,267.996131,-9494.720077
492.009500,57.427742,248.853550,-9552.147819
492.010128,172.283227,210.568389,-9494.720077
492.010755,153.140646,114.855485,-9437.292334
492.011383,248.853550,95.712904,-9360.722011
492.012011,248.853550,38.285162,-9284.151688
492.012638,153.140646,57.427742,-9284.151688
492.013266,153.140646,95.712904,-9341.579430
492.013893,76.570323,153.140646,-9322.436850
492.014521,38.285162,229.710970,-9418.149754
492.015148,0.000000,229.710970,-9399.007173
492.015776,-38.285162,287.138712,-9552.147819
492.016404,0.000000,191.425808,-9552.147819
492.017031,95.712904,133.998066,-9590.432981
492.017659,191.425808,153.140646,-9513.862658
492.018286,191.425808,57.427742,-9475.577496
492.018913,229.710970,19.142581,-9418.149754
492.019541,248.853550,0.000000,-9341.579430
492.020168,153.140646,57.427742,-9284.151688
492.020796,95.712904,133.998066,-9245.866526
492.021423,95.712904,191.425808,-9303.294269
492.022051,57.427742,248.853550,-9360.722011
492.022678,-19.142581,267.996131,-9456.434915
492.023306,0.000000,287.138712,-9513.862658
492.023933,57.427742,248.853550,-9552.147819
492.024560,76.570323,153.140646,-9475.577496
492.025188,133.998066,153.140646,-9437.292334
492.025815,191.425808,76.570323,-9456.434915
492.026443,191.425808,76.570323,-9418.149754
492.027070,229.710970,19.142581,-9360.722011
492.027698,114.855485,114.855485,-9379.864592
492.028325,114.855485,133.998066,-9341.579430
492.028952,76.570323,114.855485,-9418.149754
492.029580,19.142581,229.710970,-9475.577496
492.030207,-38.285162,172.283227,-9456.434915
492.030835,57.427742,191.425808,-9552.147819
492.031462,76.570323,172.283227,-9552.147819
492.032090,153.140646,133.998066,-9513.862658
492.032717,172.283227,76.570323,-9475.577496
492.033344,210.568389,38.285162,-9437.292334
492.033972,153.140646,76.570323,-9322.436850
492.034599,153.140646,95.712904,-9284.151688
492.035227,133.998066,76.570323,-9303.294269
492.035854,95.712904,172.283227,-9284.151688
492.036482,0.000000,153.140646,-9360.722011
492.037109,0.000000,287.138712,-9399.007173
492.037736,-38.285162,248.853550,-9399.007173
492.038364,57.427742,287.138712,-9513.862658
492.038991,76.570323,172.283227,-9552.147819
492.039619,133.998066,133.998066,-9494.720077
492.040246,153.140646,153.140646,-9475.577496
492.040874,191.425808,38.285162,-9418.149754
492.041501,191.425808,76.570323,-9360.722011
492.042129,153.140646,95.712904,-9245.866526
492.042756,57.427742,133.998066,-9322.436850
492.043383,57.427742,133.998066,-9341.579430
492.044011,19.142581,210.568389,-9418.149754
492.044638,-57.427742,210.568389,-9513.862658
492.045266,-19.142581,153.140646,-9571.290400
492.045893,0.000000,133.998066,-9609.575562
492.046521,172.283227,114.855485,-9609.575562
492.047148,153.140646,133.998066,-9513.862658
492.047775,133.998066,19.142581,-9513.862658
492.048403,229.710970,19.142581,-9418.149754
492.049030,248.853550,57.427742,-9245.866526
492.049658,153.140646,95.712904,-9245.866526
492.050285,57.427742,210.568389,-9360.722011
492.050913,0.000000,248.853550,-9303.294269
492.051540,38.285162,172.283227,-9418.149754
492.052167,19.142581,229.710970,-9475.577496
492.052795,38.285162,229.710970,-9533.005238
492.053422,38.285162,210.568389,-9533.005238
492.054050,114.855485,133.998066,-9533.005238
492.054677,114.855485,95.712904,-9513.862658
492.055305,191.425808,38.285162,-9475.577496
492.055932,191.425808,19.142581,-9418.149754
492.056560,229.710970,76.570323,-9360.722011
492.057187,172.283227,114.855485,-9284.151688
492.057814,114.855485,133.998066,-9360.722011
492.058442,57.427742,191.425808,-9418.149754
492.059069,38.285162,191.425808,-9418.149754
492.059697,-57.427742,248.853550,-9513.862658
492.060324,-19.142581,210.568389,-9571.290400
492.060952,57.427742,172.283227,-9552.147819
492.061579,172.283227,133.998066,-9552.147819
492.062206,210.568389,133.998066,-9437.292334
492.062834,191.425808,76.570323,-9456.434915
492.063461,248.853550,19.142581,-9245.866526
492.064089,210.568389,95.712904,-9245.866526
492.064716,114.855485,114.855485,-9265.009107
492.065344,114.855485,172.283227,-9245.866526
492.065971,57.427742,191.425808,-9360.722011
492.066598,57.427742,287.138712,-9456.434915
492.067226,-38.285162,248.853550,-9513.862658
492.067853,19.142581,210.568389,-9533.005238
492.068481,76.570323,153.140646,-9533.005238
492.069108,114.855485,95.712904,-9399.007173
492.069736,210.568389,133.998066,-9437.292334
492.070363,210.568389,57.427742,-9360.722011
492.070990,191.425808,76.570323,-9418.149754
492.071618,248.853550,95.712904,-9245.866526
492.072245,95.712904,95.712904,-9379.864592
492.072873,95.712904,153.140646,-9322.436850
492.073500,76.570323,153.140646,-9418.149754
492.074128,19.142581,229.710970,-9494.720077
492.074755,0.000000,191.425808,-9552.147819
492.075383,0.000000,172.283227,-9571.290400
492.076010,114.855485,133.998066,-9552.147819
492.076637,95.712904,95.712904,-9513.862658
492.077265,191.425808,76.570323,-9456.434915
492.077892,210.568389,19.142581,-9418.149754
492.078520,210.568389,95.712904,-9360.722011
492.079147,133.998066,76.570323,-9265.009107
492.079775,114.855485,114.855485,-9379.864592
492.080402,95.712904,248.853550,-9322.436850
492.081029,0.000000,191.425808,-9360.722011
492.081657,0.000000,287.138712,-9494.720077
492.082284,0.000000,287.138712,-9513.862658
492.082912,57.427742,172.283227,-9552.147819
492.083539,172.283227,114.855485,-9571.290400
492.084167,153.140646,133.998066,-9513.862658
492.084794,133.998066,57.427742,-9513.862658
492.085421,229.710970,57.427742,-9399.007173
492.086049,133.998066,76.570323,-9341.579430
492.086676,76.570323,76.570323,-9379.864592
492.087304,76.570323,76.570323,-9322.436850
492.087931,0.000000,114.855485,-9399.007173
492.088559,19.142581,229.710970,-9494.720077
492.089186,-38.285162,287.138712,-9552.147819
492.089814,38.285162,306.281293,-9571.290400
492.090441,57.427742,172.283227,-9552.147819
492.091068,95.712904,172.283227,-9552.147819
492.091696,153.140646,114.855485,-9475.577496
492.092323,172.283227,76.570323,-9418.149754
492.092951,248.853550,95.712904,-9341.579430
492.093578,153.140646,95.712904,-9303.294269
492.094206,76.570323,191.425808,-9245.866526
492.094833,114.855485,267.996131,-9303.294269
492.095460,57.427742,248.853550,-9360.722011
492.096088,57.427742,229.710970,-9494.720077
492.096715,0.000000,287.138712,-9513.862658
492.097343,57.427742,172.283227,-9552.147819
492.097970,114.855485,133.998066,-9552.147819
492.098598,153.140646,133.998066,-9513.862658
492.099225,172.283227,95.712904,-9513.862658
492.099852,191.425808,57.427742,-9418.149754
492.100480,267.996131,38.285162,-9360.722011
492.101107,133.998066,76.570323,-9341.579430
492.101735,76.570323,57.427742,-9379.864592
492.102362,57.427742,133.998066,-9360.722011
492.102990,76.570323,210.568389,-9456.434915
492.103617,19.142581,229.710970,-9475.577496
492.104244,19.142581,248.853550,-9513.862658
492.104872,57.427742,248.853550,-9552.147819
492.105499,95.712904,172.283227,-9552.147819
492.106127,248.853550,172.283227,-9513.862658
492.106754,172.283227,76.570323,-9418.149754
492.107382,114.855485,95.712904,-9399.007173
492.108009,172.283227,114.855485,-9322.436850
492.108637,95.712904,153.140646,-9245.866526
492.109264,76.570323,153.140646,-9303.294269
492.109891,57.427742,210.568389,-9360.722011
492.110519,95.712904,267.996131,-9360.722011
492.111146,0.000000,287.138712,-9456.434915
492.111774,38.285162,210.568389,-9533.005238
492.112401,95.712904,172.283227,-9552.147819
492.113029,172.283227,114.855485,-9609.575562
492.113656,172.283227,114.855485,-9571.290400
492.114283,153.140646,38.285162,-9475.577496
492.114911,210.568389,76.570323,-9475.577496
492.115538,76.570323,38.285162,-9341.579430
492.116166,76.570323,76.570323,-9341.579430
492.116793,76.570323,76.570323,-9379.864592
492.117421,57.427742,248.853550,-9341.579430
492.118048,57.427742,248.853550,-9360.722011
492.118676,38.285162,229.710970,-9475.577496
492.119303,38.285162,210.568389,-9475.577496
492.119931,76.570323,191.425808,-9552.147819
492.120558,133.998066,153.140646,-9475.577496
492.121186,210.568389,133.998066,-9437.292334
492.121813,210.568389,133.998066,-9379.864592
492.122441,210.568389,95.712904,-9303.294269
492.123068,210.568389,95.712904,-9341.579430
492.123696,114.855485,114.855485,-9322.436850
492.124324,114.855485,210.568389,-9245.866526
492.124951,0.000000,248.853550,-9341.579430
492.125579,19.142581,229.710970,-9437.292334
492.126206,-19.142581,153.140646,-9571.290400
492.126834,0.000000,153.140646,-9571.290400
492.127461,76.570323,133.998066,-9552.147819
492.128089,210.568389,133.998066,-9513.862658
492.128716,172.283227,76.570323,-9475.577496
492.129344,172.283227,76.570323,-9418.149754
492.129971,210.568389,95.712904,-9360.722011
492.130599,153.140646,95.712904,-9341.579430
492.131227,133.998066,76.570323,-9284.151688
492.131854,76.570323,191.425808,-9341.579430
492.132482,38.285162,210.568389,-9418.149754
492.133109,19.142581,229.710970,-9437.292334
492.133737,-38.285162,287.138712,-9552.147819
492.134364,19.142581,153.140646,-9533.005238
492.134992,76.570323,210.568389,-9552.147819
492.135619,133.998066,172.283227,-9513.862658
492.136247,172.283227,76.570323,-9456.434915
492.136874,191.425808,95.712904,-9360.722011
492.137502,153.140646,95.712904,-9341.579430
492.138129,133.998066,95.712904,-9303.294269
492.138757,95.712904,133.998066,-9303.294269
492.139385,57.427742,210.568389,-9360.722011
492.140012,-38.285162,248.853550,-9437.292334
492.140640,-76.570323,306.281293,-9533.005238
492.141267,-19.142581,229.710970,-9571.290400
492.141895,57.427742,191.425808,-9552.147819
492.142522,133.998066,114.855485,-9475.577496
492.143150,191.425808,76.570323,-9533.005238
492.143777,248.853550,57.427742,-9418.149754
492.144405,210.568389,76.570323,-9360.722011
492.145032,172.283227,19.142581,-9418.149754
492.145660,210.568389,114.855485,-9322.436850
492.146288,95.712904,210.568389,-9341.579430
492.146915,95.712904,191.425808,-9360.722011
492.147543,38.285162,229.710970,-9418.149754
492.148170,0.000000,287.138712,-9513.862658
492.148798,38.285162,210.568389,-9475.577496
492.149425,38.285162,210.568389,-9494.720077
492.150053,76.570323,114.855485,-9475.577496
492.150680,133.998066,114.855485,-9533.005238
492.151308,229.710970,76.570323,-9418.149754
492.151935,248.853550,95.712904,-9284.151688
492.152563,153.140646,95.712904,-9245.866526
492.153190,153.140646,57.427742,-9341.579430
492.153818,114.855485,133.998066,-9360.722011
492.154446,76.570323,172.283227,-9456.434915
492.155073,19.142581,172.283227,-9418.149754
492.155701,0.000000,267.996131,-9533.005238
492.156328,95.712904,172.283227,-9552.147819
492.156956,114.855485,172.283227,-9552.147819
492.157583,191.425808,76.570323,-9533.005238
492.158211,191.425808,38.285162,-9456.434915
492.158838,191.425808,-38.285162,-9360.722011
492.159466,248.853550,38.285162,-9360.722011
492.160093,172.283227,76.570323,-9245.866526
492.160721,76.570323,76.570323,-9303.294269
492.161349,57.427742,133.998066,-9360.722011
492.161976,76.570323,210.568389,-9418.149754
492.162604,57.427742,287.138712,-9475.577496
492.163231,38.285162,229.710970,-9533.005238
492.163859,38.285162,210.568389,-9533.005238
492.164486,95.712904,114.855485,-9533.005238
492.165114,153.140646,114.855485,-9418.149754
492.165741,172.283227,76.570323,-9418.149754
492.166369,153.140646,133.998066,-9399.007173
492.166996,229.710970,76.570323,-9418.149754
492.167624,153.140646,95.712904,-9303.294269
492.168251,38.285162,76.570323,-9322.436850
492.168879,95.712904,210.568389,-9360.722011
492.169507,76.570323,229.710970,-9418.149754
492.170134,-38.285162,191.425808,-9513.862658
492.170762,57.427742,248.853550,-9552.147819
492.171389,114.855485,172.283227,-9552.147819
492.172017,172.283227,133.998066,-9552.147819
492.172644,133.998066,76.570323,-9513.862658
492.173272,172.283227,57.427742,-9456.434915
492.173899,210.568389,95.712904,-9360.722011
492.174527,210.568389,95.712904,-9284.151688
492.175154,153.140646,95.712904,-9245.866526
492.175782,95.712904,153.140646,-9245.866526
492.176409,172.283227,229.710970,-9379.864592
492.177037,38.285162,325.423874,-9379.864592
492.177665,-38.285162,191.425808,-9513.862658
492.178292,38.285162,248.853550,-9513.862658
492.178920,76.570323,210.568389,-9533.005238
492.179547,153.140646,172.283227,-9533.005238
492.180175,172.283227,76.570323,-9456.434915
492.180802,248.853550,133.998066,-9399.007173
492.181430,191.425808,57.427742,-9360.722011
492.182057,210.568389,95.712904,-9341.579430
492.182685,133.998066,95.712904,-9360.722011
492.183312,76.570323,114.855485,-9360.722011
492.183940,57.427742,172.283227,-9418.149754
492.184568,19.142581,210.568389,-9475.577496
492.185195,-19.142581,172.283227,-9571.290400
492.185823,0.000000,191.425808,-9552.147819
492.186450,57.427742,133.998066,-9552.147819
492.187078,133.998066,76.570323,-9571.290400
492.187705,153.140646,133.998066,-9437.292334
492.188333,191.425808,57.427742,-9360.722011
492.188960,191.425808,114.855485,-9303.294269
492.189588,172.283227,114.855485,-9265.009107
492.190215,133.998066,76.570323,-9265.009107
492.190843,95.712904,191.425808,-9303.294269
492.191470,57.427742,210.568389,-9360.722011
492.192098,19.142581,229.710970,-9494.720077
492.192726,57.427742,229.710970,-9513.862658
492.193353,57.427742,287.138712,-9513.862658
492.193981,95.712904,172.283227,-9552.147819
492.194608,133.998066,114.855485,-9437.292334
492.195236,172.283227,95.712904,-9437.292334
492.195863,191.425808,76.570323,-9418.149754
492.196491,191.425808,114.855485,-9303.294269
492.197118,210.568389,95.712904,-9303.294269
492.197746,57.427742,153.140646,-9360.722011
492.198373,38.285162,114.855485,-9360.722011
492.199001,57.427742,210.568389,-9360.722011
492.199629,38.285162,229.710970,-9533.005238
492.200256,19.142581,210.568389,-9533.005238
492.200884,0.000000,114.855485,-9571.290400
492.201511,38.285162,114.855485,-9533.005238
492.202139,95.712904,95.712904,-9513.862658
492.202766,153.140646,95.712904,-9418.149754
492.203394,248.853550,95.712904,-9360.722011
492.204021,210.568389,95.712904,-9284.151688
492.204649,114.855485,114.855485,-9284.151688
492.205276,172.283227,172.283227,-9341.579430
492.205904,114.855485,191.425808,-9322.436850
492.206531,114.855485,191.425808,-9360.722011
492.207159,0.000000,229.710970,-9494.720077
492.207787,38.285162,153.140646,-9533.005238
492.208414,114.855485,153.140646,-9609.575562
492.209042,114.855485,191.425808,-9552.147819
492.209669,153.140646,133.998066,-9513.862658
492.210297,153.140646,133.998066,-9399.007173
492.210924,172.283227,57.427742,-9360.722011
492.211552,153.140646,95.712904,-9341.579430
492.212179,76.570323,76.570323,-9379.864592
492.212807,38.285162,76.570323,-9322.436850
492.213434,19.142581,153.140646,-9418.149754
492.214062,-19.142581,191.425808,-9399.007173
492.214690,0.000000,210.568389,-9571.290400
492.215317,38.285162,153.140646,-9533.005238
492.215945,95.712904,133.998066,-9552.147819
492.216572,172.283227,133.998066,-9533.005238
492.217200,76.570323,95.712904,-9399.007173
492.217827,172.283227,38.285162,-9437.292334
492.218455,248.853550,133.998066,-9379.864592
492.219082,172.283227,114.855485,-9265.009107
492.219709,114.855485,133.998066,-9284.151688
492.220337,95.712904,153.140646,-9322.436850
492.220964,0.000000,248.853550,-9360.722011
492.221591,19.142581,229.710970,-9418.149754
492.222219,57.427742,287.138712,-9475.577496
492.222846,95.712904,248.853550,-9552.147819
492.223474,57.427742,172.283227,-9590.432981
492.224101,95.712904,95.712904,-9494.720077
492.224728,133.998066,38.285162,-9571.290400
492.225356,114.855485,38.285162,-9399.007173
492.225983,172.283227,95.712904,-9399.007173
492.226610,133.998066,0.000000,-9303.294269
492.227238,76.570323,114.855485,-9360.722011
492.227865,76.570323,76.570323,-9284.151688
492.228492,19.142581,172.283227,-9418.149754
492.229120,-38.285162,191.425808,-9475.577496
492.229747,57.427742,306.281293,-9513.862658
492.230375,57.427742,191.425808,-9552.147819
492.231002,114.855485,172.283227,-9571.290400
492.231629,114.855485,114.855485,-9571.290400
492.232257,172.283227,76.570323,-9456.434915
492.232884,191.425808,76.570323,-9418.149754
492.233511,210.568389,38.285162,-9418.149754
492.234139,95.712904,133.998066,-9360.722011
492.234766,38.285162,76.570323,-9303.294269
492.235394,95.712904,133.998066,-9303.294269
492.236021,0.000000,248.853550,-9322.436850
492.236648,19.142581,248.853550,-9494.720077
492.237276,19.142581,229.710970,-9533.005238
492.237903,76.570323,210.568389,-9533.005238
492.238530,76.570323,210.568389,-9475.577496
492.239158,172.283227,76.570323,-9533.005238
492.239785,114.855485,38.285162,-9399.007173
492.240412,229.710970,19.142581,-9418.149754
492.241040,210.568389,0.000000,-9284.151688
492.241667,153.140646,95.712904,-9303.294269
492.242295,76.570323,114.855485,-9360.722011
492.242922,38.285162,153.140646,-9437.292334
492.243549,19.142581,191.425808,-9437.292334
492.244177,-38.285162,287.138712,-9552.147819
492.244804,19.142581,267.996131,-9494.720077
492.245431,57.427742,172.283227,-9552.147819
492.246059,133.998066,114.855485,-9533.005238
492.246686,248.853550,172.283227,-9494.720077
492.247314,172.283227,95.712904,-9399.007173
492.247941,248.853550,38.285162,-9284.151688
492.248568,133.998066,76.570323,-9284.151688
492.249196,76.570323,76.570323,-9265.009107
492.249823,114.855485,210.568389,-9284.151688
492.250450,95.712904,248.853550,-9360.722011
492.251078,133.998066,229.710970,-9418.149754
492.251705,0.000000,153.140646,-9571.290400
492.252332,76.570323,172.283227,-9533.005238
492.252960,114.855485,133.998066,-9552.147819
492.253587,133.998066,114.855485,-9533.005238
492.254215,114.855485,133.998066,-9475.577496
492.254842,153.140646,38.285162,-9360.722011
492.255469,172.283227,19.142581,-9418.149754
492.256097,76.570323,95.712904,-9399.007173
492.256724,133.998066,57.427742,-9379.864592
492.257351,0.000000,133.998066,-9360.722011
492.257979,0.000000,133.998066,-9360.722011
492.258606,-57.427742,191.425808,-9475.577496
492.259234,19.142581,210.568389,-9494.720077
492.259861,76.570323,229.710970,-9533.005238
492.260488,38.285162,172.283227,-9552.147819
492.261116,57.427742,133.998066,-9552.147819
492.261743,114.855485,95.712904,-9437.292334
492.262370,114.855485,95.712904,-9399.007173
492.262998,153.140646,76.570323,-9303.294269
492.263625,191.425808,95.712904,-9245.866526
492.264252,153.140646,57.427742,-9303.294269
492.264880,57.427742,191.425808,-9303.294269
492.265507,38.285162,191.425808,-9360.722011
492.266135,19.142581,229.710970,-9475.577496
492.266762,38.285162,210.568389,-9533.005238
492.267389,95.712904,172.283227,-9609.575562
492.268017,114.855485,133.998066,-9552.147819
492.268644,172.283227,114.855485,-9571.290400
492.269271,172.283227,95.712904,-9437.292334
492.269899,210.568389,76.570323,-9418.149754
492.270526,153.140646,95.712904,-9360.722011
492.271154,133.998066,76.570323,-9379.864592
492.271781,95.712904,133.998066,-9360.722011
492.272408,0.000000,248.853550,-9360.722011
492.273036,76.570323,153.140646,-9475.577496
492.273663,19.142581,153.140646,-9437.292334
492.274290,-19.142581,210.568389,-9513.862658
492.274918,76.570323,248.853550,-9552.147819
492.275545,153.140646,248.853550,-9456.434915
492.276172,172.283227,153.140646,-9513.862658
492.276800,153.140646,133.998066,-9399.007173
492.277427,191.425808,114.855485,-9303.294269
492.278055,172.283227,114.855485,-9265.009107
492.278682,114.855485,114.855485,-9379.864592
492.279309,76.570323,76.570323,-9322.436850
492.279937,76.570323,172.283227,-9418.149754
492.280564,57.427742,229.710970,-9418.149754
492.281191,38.285162,210.568389,-9533.005238
492.281819,76.570323,210.568389,-9533.005238
492.282446,114.855485,153.140646,-9552.147819
492.283074,95.712904,133.998066,-9552.147819
492.283701,191.425808,57.427742,-9475.577496
492.284328,172.283227,38.285162,-9418.149754
492.284956,172.283227,95.712904,-9379.864592
492.285583,153.140646,95.712904,-9303.294269
492.286210,114.855485,76.570323,-9360.722011
492.286838,114.855485,114.855485,-9322.436850
492.287465,57.427742,248.853550,-9360.722011
492.288092,57.427742,229.710970,-9418.149754
492.288720,38.285162,287.138712,-9475.577496
492.289347,76.570323,229.710970,-9418.149754
492.289975,95.712904,114.855485,-9475.577496
492.290602,172.283227,76.570323,-9475.577496
492.291229,153.140646,114.855485,-9418.149754
492.291857,153.140646,76.570323,-9399.007173
492.292484,191.425808,133.998066,-9322.436850
492.293111,172.283227,172.283227,-9341.579430
492.293739,95.712904,133.998066,-9284.151688
492.294366,95.712904,172.283227,-9360.722011
492.294994,95.712904,210.568389,-9418.149754
492.295621,19.142581,229.710970,-9494.720077
492.296248,57.427742,248.853550,-9609.575562
492.296876,57.427742,172.283227,-9552.147819
492.297503,57.427742,133.998066,-9552.147819
492.298130,114.855485,114.855485,-9571.290400
492.298758,76.570323,95.712904,-9456.434915
492.299385,172.283227,95.712904,-9399.007173
492.300012,248.853550,95.712904,-9303.294269
492.300640,76.570323,76.570323,-9322.436850
492.301267,57.427742,172.283227,-9360.722011
492.301895,57.427742,191.425808,-9303.294269
492.302522,95.712904,248.853550,-9360.722011
492.303149,19.142581,229.710970,-9475.577496
492.303777,57.427742,287.138712,-9494.720077
492.304404,57.427742,191.425808,-9552.147819
492.305031,114.855485,191.425808,-9552.147819
492.305659,133.998066,114.855485,-9533.005238
492.306286,153.140646,133.998066,-9437.292334
492.306914,191.425808,57.427742,-9418.149754
492.307541,133.998066,76.570323,-9379.864592
492.308168,95.712904,133.998066,-9360.722011
492.308796,114.855485,133.998066,-9360.722011
492.309423,76.570323,191.425808,-9418.149754
492.310050,95.712904,248.853550,-9360.722011
492.310678,38.285162,210.568389,-9533.005238
492.311305,38.285162,229.710970,-9533.005238
492.311932,57.427742,172.283227,-9552.147819
492.312560,95.712904,133.998066,-9552.147819
492.313187,172.283227,153.140646,-9533.005238
492.313815,76.570323,114.855485,-9418.149754
492.314442,191.425808,38.285162,-9418.149754
492.315069,133.998066,95.712904,-9284.151688
492.315697,57.427742,76.570323,-9284.151688
492.316324,95.712904,153.140646,-9284.151688
492.316951,95.712904,248.853550,-9360.722011
492.317579,76.570323,229.710970,-9437.292334
492.318206,19.142581,267.996131,-9571.290400
492.318834,57.427742,229.710970,-9494.720077
492.319461,114.855485,133.998066,-9552.147819
492.320088,133.998066,133.998066,-9494.720077
492.320716,114.855485,133.998066,-9475.577496
492.321343,172.283227,76.570323,-9418.149754
492.321970,248.853550,76.570323,-9322.436850
492.322598,133.998066,95.712904,-9303.294269
492.323225,38.285162,76.570323,-9379.864592
492.323853,76.570323,133.998066,-9379.864592
492.324480,133.998066,210.568389,-9418.149754
492.325107,38.285162,229.710970,-9533.005238
492.325735,38.285162,210.568389,-9475.577496
492.326362,76.570323,210.568389,-9533.005238
492.326990,57.427742,133.998066,-9552.147819
492.327617,114.855485,114.855485,-9533.005238
492.328245,114.855485,0.000000,-9399.007173
492.328872,172.283227,76.570323,-9418.149754
492.329500,229.710970,114.855485,-9303.294269
492.330127,172.283227,114.855485,-9303.294269
492.330755,133.998066,133.998066,-9399.007173
492.331382,114.855485,191.425808,-9303.294269
492.332009,114.855485,191.425808,-9360.722011
492.332637,57.427742,287.138712,-9456.434915
492.333264,38.285162,267.996131,-9513.862658
492.333892,95.712904,191.425808,-9552.147819
492.334519,172.283227,229.710970,-9513.862658
492.335147,153.140646,95.712904,-9533.005238
492.335774,114.855485,95.712904,-9399.007173
492.336402,114.855485,38.285162,-9399.007173
492.337029,95.712904,95.712904,-9322.436850
492.337656,133.998066,57.427742,-9379.864592
492.338284,114.855485,95.712904,-9379.864592
492.338911,95.712904,133.998066,-9360.722011
492.339539,76.570323,172.283227,-9456.434915
492.340166,19.142581,172.283227,-9494.720077
492.340794,0.000000,191.425808,-9552.147819
492.341421,57.427742,172.283227,-9552.147819
492.342049,95.712904,114.855485,-9533.005238
492.342676,172.283227,133.998066,-9571.290400
492.343303,114.855485,95.712904,-9437.292334
492.343931,153.140646,133.998066,-9399.007173
492.344558,153.140646,95.712904,-9245.866526
492.345186,172.283227,172.283227,-9322.436850
492.345813,114.855485,172.283227,-9341.579430
492.346441,95.712904,248.853550,-9341.579430
492.347068,19.142581,210.568389,-9418.149754
492.347696,95.712904,229.710970,-9494.720077
492.348323,57.427742,191.425808,-9533.005238
492.348951,57.427742,172.283227,-9552.147819
492.349578,133.998066,114.855485,-9475.577496
492.350205,76.570323,95.712904,-9533.005238
492.350833,114.855485,95.712904,-9399.007173
492.351460,172.283227,57.427742,-9399.007173
492.352088,153.140646,95.712904,-9284.151688
492.352715,76.570323,76.570323,-9379.864592
492.353343,38.285162,133.998066,-9322.436850
492.353970,76.570323,114.855485,-9418.149754
492.354598,38.285162,191.425808,-9533.005238
492.355225,-38.285162,191.425808,-9513.862658
492.355852,38.285162,153.140646,-9533.005238
492.356480,57.427742,210.568389,-9571.290400
492.357107,210.568389,172.283227,-9513.862658
492.357735,133.998066,114.855485,-9456.434915
492.358362,191.425808,57.427742,-9418.149754
492.358990,248.853550,95.712904,-9284.151688
492.359617,114.855485,114.855485,-9265.009107
492.360245,95.712904,153.140646,-9360.722011
492.360872,114.855485,210.568389,-9265.009107
492.361499,38.285162,248.853550,-9322.436850
492.362127,57.427742,287.138712,-9456.434915
492.362754,76.570323,267.996131,-9571.290400
492.363382,95.712904,172.283227,-9552.147819
492.364009,95.712904,172.283227,-9552.147819
492.364637,95.712904,172.283227,-9533.005238
492.365264,114.855485,95.712904,-9399.007173
492.365892,172.283227,0.000000,-9399.007173
492.366519,153.140646,57.427742,-9360.722011
492.367147,133.998066,57.427742,-9284.151688
492.367774,38.285162,76.570323,-9322.436850
492.368401,76.570323,114.855485,-9418.149754
492.369029,38.285162,210.568389,-9418.149754
492.369656,19.142581,210.568389,-9437.292334
492.370284,19.142581,229.710970,-9533.005238
492.370911,38.285162,114.855485,-9533.005238
492.371539,95.712904,153.140646,-9533.005238
492.372166,133.998066,172.283227,-9475.577496
492.372794,172.283227,76.570323,-9418.149754
492.373421,210.568389,133.998066,-9399.007173
492.374048,133.998066,76.570323,-9303.294269
492.374676,95.712904,153.140646,-9303.294269
492.375303,95.712904,133.998066,-9245.866526
492.375931,57.427742,191.425808,-9245.866526
492.376558,76.570323,325.423874,-9379.864592
492.377186,57.427742,287.138712,-9456.434915
492.377813,-38.285162,153.140646,-9513.862658
492.378441,57.427742,133.998066,-9552.147819
492.379068,133.998066,153.140646,-9475.577496
492.379695,172.283227,172.283227,-9552.147819
492.380323,191.425808,114.855485,-9513.862658
492.380950,191.425808,19.142581,-9399.007173
492.381578,172.283227,19.142581,-9418.149754
492.382205,57.427742,76.570323,-9379.864592
492.382833,133.998066,76.570323,-9284.151688
492.383460,114.855485,153.140646,-9360.722011
492.384088,95.712904,248.853550,-9418.149754
492.384715,19.142581,191.425808,-9533.005238
492.385343,38.285162,229.710970,-9475.577496
492.385970,114.855485,153.140646,-9552.147819
492.386597,76.570323,153.140646,-9475.577496
492.387225,133.998066,153.140646,-9475.577496
492.387852,210.568389,133.998066,-9399.007173
492.388480,210.568389,133.998066,-9322.436850
492.389107,114.855485,133.998066,-9245.866526
492.389735,133.998066,95.712904,-9245.866526
492.390362,95.712904,172.283227,-9284.151688
492.390990,38.285162,210.568389,-9418.149754
492.391617,57.427742,191.425808,-9418.149754
492.392244,57.427742,248.853550,-9552.147819
492.392872,19.142581,172.283227,-9533.005238
492.393499,57.427742,133.998066,-9609.575562
492.394127,95.712904,133.998066,-9552.147819
492.394754,133.998066,57.427742,-9494.720077
492.395382,153.140646,95.712904,-9360.722011
492.396009,229.710970,76.570323,-9418.149754
492.396637,133.998066,95.712904,-9360.722011
492.397264,95.712904,133.998066,-9341.579430
492.397891,114.855485,133.998066,-9322.436850
492.398519,95.712904,191.425808,-9360.722011
492.399146,19.142581,210.568389,-9456.434915
492.399774,0.000000,248.853550,-9552.147819
492.400401,95.712904,287.138712,-9475.577496
492.401029,38.285162,114.855485,-9533.005238
492.401656,133.998066,114.855485,-9437.292334
492.402284,76.570323,95.712904,-9418.149754
492.402911,210.568389,133.998066,-9379.864592
492.403539,210.568389,38.285162,-9341.579430
492.404166,172.283227,114.855485,-9303.294269
492.404793,76.570323,133.998066,-9341.579430
492.405421,95.712904,133.998066,-9360.722011
492.406048,95.712904,172.283227,-9418.149754
492.406676,76.570323,229.710970,-9533.005238
492.407303,38.285162,248.853550,-9571.290400
492.407931,57.427742,133.998066,-9647.860723
492.408558,114.855485,133.998066,-9552.147819
492.409186,114.855485,172.283227,-9552.147819
492.409813,114.855485,95.712904,-9399.007173
492.410440,172.283227,76.570323,-9418.149754
492.411068,210.568389,57.427742,-9341.579430
492.411695,114.855485,114.855485,-9322.436850
492.412323,153.140646,95.712904,-9341.579430
492.412950,95.712904,172.283227,-9303.294269
492.413578,57.427742,153.140646,-9360.722011
492.414205,-19.142581,267.996131,-9418.149754
492.414833,19.142581,248.853550,-9513.862658
492.415460,57.427742,248.853550,-9552.147819
492.416088,95.712904,248.853550,-9513.862658
492.416715,153.140646,172.283227,-9513.862658
492.417342,172.283227,153.140646,-9379.864592
492.417970,229.710970,76.570323,-9360.722011
492.418597,153.140646,95.712904,-9245.866526
492.419225,153.140646,95.712904,-9303.294269
492.419852,114.855485,153.140646,-9284.151688
492.420480,95.712904,153.140646,-9360.722011
492.421107,57.427742,210.568389,-9418.149754
492.421735,-19.142581,248.853550,-9552.147819
492.422362,-19.142581,172.283227,-9571.290400
492.422989,57.427742,172.283227,-9552.147819
492.423617,57.427742,133.998066,-9552.147819
492.424244,133.998066,76.570323,-9571.290400
492.424872,210.568389,76.570323,-9418.149754
492.425500,210.568389,38.285162,-9341.579430
492.426127,153.140646,19.142581,-9303.294269
492.426755,133.998066,76.570323,-9322.436850
492.427382,76.570323,133.998066,-9379.864592
492.428010,95.712904,229.710970,-9418.149754
492.428637,38.285162,229.710970,-9418.149754
492.429265,19.142581,229.710970,-9533.005238
492.429892,19.142581,229.710970,-9533.005238
492.430520,95.712904,172.283227,-9475.577496
492.431148,76.570323,114.855485,-9475.577496
492.431775,133.998066,76.570323,-9513.862658
492.432403,172.283227,114.855485,-9379.864592
492.433030,153.140646,95.712904,-9284.151688
492.433658,133.998066,95.712904,-9245.866526
492.434285,95.712904,76.570323,-9379.864592
492.434913,95.712904,133.998066,-9360.722011
492.435540,57.427742,191.425808,-9418.149754
492.436168,38.285162,229.710970,-9437.292334
492.436795,57.427742,248.853550,-9533.005238
492.437423,38.285162,229.710970,-9533.005238
492.438051,38.285162,153.140646,-9533.005238
492.438678,133.998066,114.855485,-9533.005238
492.439306,114.855485,95.712904,-9399.007173
492.439933,191.425808,19.142581,-9418.149754
492.440561,153.140646,95.712904,-9284.151688
492.441188,153.140646,95.712904,-9303.294269
492.441816,114.855485,133.998066,-9245.866526
492.442443,114.855485,191.425808,-9341.579430
492.443071,38.285162,229.710970,-9360.722011
492.443699,-38.285162,229.710970,-9418.149754
492.444326,0.000000,287.138712,-9513.862658
492.444954,57.427742,191.425808,-9552.147819
492.445581,114.855485,229.710970,-9513.862658
492.446209,133.998066,114.855485,-9533.005238
492.446836,210.568389,133.998066,-9399.007173
492.447464,191.425808,76.570323,-9437.292334
492.448091,210.568389,95.712904,-9360.722011
492.448719,133.998066,76.570323,-9379.864592
492.449347,76.570323,114.855485,-9418.149754
492.449974,76.570323,172.283227,-9360.722011
492.450602,57.427742,172.283227,-9437.292334
492.451229,19.142581,114.855485,-9533.005238
492.451857,-38.285162,210.568389,-9494.720077
492.452484,0.000000,229.710970,-9513.862658
492.453112,95.712904,172.283227,-9533.005238
492.453739,95.712904,95.712904,-9494.720077
492.454367,114.855485,95.712904,-9399.007173
492.454995,153.140646,76.570323,-9379.864592
492.455622,153.140646,38.285162,-9245.866526
492.456250,76.570323,76.570323,-9284.151688
492.456877,95.712904,133.998066,-9341.579430
492.457505,57.427742,191.425808,-9360.722011
492.458132,57.427742,248.853550,-9360.722011
492.458760,19.142581,267.996131,-9494.720077
492.459387,19.142581,267.996131,-9513.862658
492.460015,133.998066,210.568389,-9533.005238
492.460642,133.998066,153.140646,-9475.577496
492.461270,76.570323,114.855485,-9475.577496
492.461898,133.998066,114.855485,-9437.292334
492.462525,210.568389,95.712904,-9341.579430
492.463153,191.425808,57.427742,-9341.579430
492.463780,76.570323,38.285162,-9379.864592
492.464408,95.712904,95.712904,-9322.436850
492.465035,133.998066,76.570323,-9379.864592
492.465663,57.427742,229.710970,-9475.577496
492.466290,-57.427742,287.138712,-9552.147819
492.466918,0.000000,287.138712,-9513.862658
492.467546,95.712904,133.998066,-9552.147819
492.468173,57.427742,172.283227,-9552.147819
492.468801,114.855485,133.998066,-9552.147819
492.469428,153.140646,133.998066,-9379.864592
492.470056,248.853550,114.855485,-9322.436850
492.470683,153.140646,95.712904,-9303.294269
492.471311,95.712904,133.998066,-9245.866526
492.471938,114.855485,153.140646,-9245.866526
492.472566,0.000000,248.853550,-9341.579430
492.473194,0.000000,248.853550,-9360.722011
492.473821,0.000000,248.853550,-9475.577496
492.474449,38.285162,191.425808,-9533.005238
492.475076,133.998066,153.140646,-9533.005238
492.475704,133.998066,114.855485,-9533.005238
492.476331,172.283227,114.855485,-9513.862658
492.476959,191.425808,57.427742,-9418.149754
492.477586,191.425808,38.285162,-9360.722011
492.478214,172.283227,57.427742,-9360.722011
492.478842,133.998066,95.712904,-9341.579430
492.479469,38.285162,76.570323,-9322.436850
492.480097,76.570323,172.283227,-9360.722011
492.480724,-19.142581,229.710970,-9571.290400
492.481352,38.285162,210.568389,-9533.005238
492.481979,-38.285162,287.138712,-9552.147819
492.482607,57.427742,248.853550,-9590.432981
492.483234,133.998066,153.140646,-9437.292334
492.483862,114.855485,95.712904,-9437.292334
492.484489,210.568389,133.998066,-9379.864592
492.485117,210.568389,95.712904,-9245.866526
492.485745,210.568389,95.712904,-9341.579430
492.486372,95.712904,133.998066,-9341.579430
492.487000,95.712904,172.283227,-9341.579430
492.487627,114.855485,229.710970,-9399.007173
492.488255,95.712904,287.138712,-9513.862658
492.488882,38.285162,229.710970,-9475.577496
492.489510,57.427742,153.140646,-9552.147819
492.490137,114.855485,172.283227,-9590.432981
492.490765,95.712904,114.855485,-9533.005238
492.491393,153.140646,114.855485,-9456.434915
492.492020,172.283227,38.285162,-9418.149754
492.492648,172.283227,38.285162,-9418.149754
492.493275,153.140646,95.712904,-9303.294269
492.493903,76.570323,76.570323,-9284.151688
492.494530,38.285162,133.998066,-9418.149754
492.495158,-19.142581,229.710970,-9379.864592
492.495785,38.285162,229.710970,-9533.005238
492.496413,0.000000,248.853550,-9552.147819
492.497041,19.142581,248.853550,-9571.290400
492.497668,76.570323,133.998066,-9533.005238
492.498296,114.855485,133.998066,-9475.577496
492.498923,172.283227,95.712904,-9322.436850
492.499551,172.283227,95.712904,-9379.864592
492.500178,133.998066,95.712904,-9284.151688
492.500806,95.712904,133.998066,-9322.436850
492.501433,95.712904,133.998066,-9284.151688
492.502061,95.712904,172.283227,-9322.436850
492.502689,76.570323,229.710970,-9437.292334
492.503316,38.285162,248.853550,-9494.720077
492.503944,19.142581,248.853550,-9513.862658
492.504571,38.285162,153.140646,-9533.005238
492.505199,57.427742,95.712904,-9513.862658
492.505826,38.285162,114.855485,-9475.577496
492.506454,114.855485,57.427742,-9494.720077
492.507081,229.710970,19.142581,-9360.722011
492.507709,172.283227,114.855485,-9322.436850
492.508336,95.712904,133.998066,-9303.294269
492.508964,114.855485,172.283227,-9341.579430
492.509592,76.570323,191.425808,-9418.149754
492.510219,57.427742,210.568389,-9418.149754
492.510847,-19.142581,267.996131,-9494.720077
492.511474,95.712904,210.568389,-9533.005238
492.512102,95.712904,210.568389,-9475.577496
492.512729,76.570323,210.568389,-9533.005238
492.513357,153.140646,191.425808,-9437.292334
492.513984,153.140646,76.570323,-9379.864592
492.514612,153.140646,76.570323,-9379.864592
492.515240,153.140646,95.712904,-9284.151688
492.515867,153.140646,95.712904,-9341.579430
492.516495,95.712904,153.140646,-9322.436850
492.517122,76.570323,229.710970,-9418.149754
492.517750,38.285162,229.710970,-9437.292334
492.518377,38.285162,229.710970,-9475.577496
492.519005,38.285162,172.283227,-9533.005238
492.519632,114.855485,133.998066,-9552.147819
492.520260,133.998066,133.998066,-9571.290400
492.520888,114.855485,114.855485,-9494.720077
492.521515,172.283227,57.427742,-9399.007173
492.522143,229.710970,19.142581,-9418.149754
492.522770,153.140646,0.000000,-9303.294269
492.523398,114.855485,133.998066,-9341.579430
492.524025,38.285162,153.140646,-9303.294269
492.524653,95.712904,191.425808,-9360.722011
492.525280,38.285162,229.710970,-9437.292334
492.525908,38.285162,229.710970,-9533.005238
492.526535,38.285162,229.710970,-9533.005238
492.527162,76.570323,191.425808,-9552.147819
492.527790,153.140646,133.998066,-9494.720077
492.528417,210.568389,133.998066,-9399.007173
492.529045,153.140646,133.998066,-9399.007173
492.529672,153.140646,95.712904,-9303.294269
492.530300,95.712904,133.998066,-9284.151688
492.530927,76.570323,76.570323,-9341.579430
492.531555,95.712904,57.427742,-9399.007173
492.532182,38.285162,153.140646,-9360.722011
492.532809,-38.285162,191.425808,-9437.292334
492.533437,-38.285162,248.853550,-9513.862658
492.534064,0.000000,191.425808,-9552.147819
492.534692,76.570323,172.283227,-9552.147819
492.535319,76.570323,114.855485,-9533.005238
492.535947,95.712904,95.712904,-9399.007173
492.536574,172.283227,0.000000,-9418.149754
492.537201,153.140646,0.000000,-9303.294269
492.537829,114.855485,133.998066,-9360.722011
492.538456,133.998066,114.855485,-9360.722011
492.539084,114.855485,153.140646,-9341.579430
492.539711,76.570323,229.710970,-9418.149754
492.540339,38.285162,229.710970,-9437.292334
492.540966,57.427742,229.710970,-9513.862658
492.541593,76.570323,210.568389,-9533.005238
492.542221,76.570323,114.855485,-9456.434915
492.542848,114.855485,95.712904,-9475.577496
492.543476,172.283227,76.570323,-9418.149754
492.544103,191.425808,57.427742,-9360.722011
492.544731,210.568389,95.712904,-9303.294269
492.545358,133.998066,76.570323,-9341.579430
492.545986,114.855485,133.998066,-9284.151688
492.546613,95.712904,133.998066,-9360.722011
492.547240,76.570323,229.710970,-9437.292334
492.547868,0.000000,191.425808,-9552.147819
492.548495,57.427742,248.853550,-9552.147819
492.549123,57.427742,191.425808,-9552.147819
492.549750,38.285162,172.283227,-9552.147819
492.550378,133.998066,114.855485,-9533.005238
492.551005,191.425808,57.427742,-9475.577496
492.551632,172.283227,133.998066,-9303.294269
492.552260,114.855485,133.998066,-9284.151688
492.552887,114.855485,133.998066,-9245.866526
492.553515,114.855485,153.140646,-9322.436850
492.554142,95.712904,210.568389,-9360.722011
492.554770,57.427742,210.568389,-9437.292334
492.555397,19.142581,229.710970,-9456.434915
492.556024,19.142581,229.710970,-9494.720077
492.556652,95.712904,191.425808,-9552.147819
492.557279,95.712904,153.140646,-9533.005238
492.557907,153.140646,133.998066,-9399.007173
492.558534,153.140646,133.998066,-9437.292334
492.559162,172.283227,76.570323,-9418.149754
492.559789,172.283227,76.570323,-9418.149754
492.560417,76.570323,76.570323,-9341.579430
492.561044,38.285162,76.570323,-9379.864592
492.561671,76.570323,172.283227,-9418.149754
492.562299,19.142581,153.140646,-9533.005238
492.562926,-19.142581,172.283227,-9571.290400
492.563554,-38.285162,172.283227,-9513.862658
492.564181,57.427742,172.283227,-9552.147819
492.564809,76.570323,114.855485,-9533.005238
492.565436,133.998066,114.855485,-9418.149754
492.566063,172.283227,76.570323,-9418.149754
492.566691,172.283227,95.712904,-9284.151688
492.567318,133.998066,133.998066,-9284.151688
492.567946,57.427742,133.998066,-9360.722011
492.568573,95.712904,210.568389,-9341.579430
492.569201,133.998066,248.853550,-9341.579430
492.569828,57.427742,287.138712,-9399.007173
492.570455,38.285162,287.138712,-9456.434915
492.571083,133.998066,229.710970,-9533.005238
492.571710,133.998066,210.568389,-9475.577496
492.572338,38.285162,153.140646,-9533.005238
492.572965,229.710970,76.570323,-9418.149754
492.573593,229.710970,133.998066,-9399.007173
492.574220,153.140646,57.427742,-9341.579430
492.574847,133.998066,95.712904,-9322.436850
492.575475,133.998066,76.570323,-9322.436850
492.576102,95.712904,153.140646,-9303.294269
492.576730,76.570323,210.568389,-9437.292334
492.577357,19.142581,210.568389,-9533.005238
492.577985,57.427742,210.568389,-9533.005238
492.578612,0.000000,172.283227,-9590.432981
492.579240,95.712904,191.425808,-9475.577496
492.579867,76.570323,114.855485,-9475.577496
492.580494,114.855485,95.712904,-9399.007173
492.581122,172.283227,38.285162,-9418.149754
492.581749,210.568389,95.712904,-9284.151688
492.582377,172.283227,114.855485,-9284.151688
492.583004,114.855485,133.998066,-9322.436850
492.583632,114.855485,248.853550,-9322.436850
492.584259,19.142581,229.710970,-9437.292334
492.584886,38.285162,287.138712,-9437.292334
492.585514,0.000000,210.568389,-9513.862658
492.586141,57.427742,191.425808,-9552.147819
492.586769,76.570323,153.140646,-9533.005238
492.587396,133.998066,114.855485,-9533.005238
492.588024,114.855485,95.712904,-9437.292334
492.588651,172.283227,19.142581,-9418.149754
492.589278,191.425808,38.285162,-9360.722011
492.589906,133.998066,57.427742,-9322.436850
492.590533,76.570323,76.570323,-9284.151688
492.591161,95.712904,133.998066,-9360.722011
492.591788,76.570323,210.568389,-9437.292334
492.592416,57.427742,248.853550,-9552.147819
492.593043,19.142581,191.425808,-9513.862658
492.593671,19.142581,114.855485,-9533.005238
492.594298,76.570323,172.283227,-9533.005238
492.594925,133.998066,114.855485,-9418.149754
492.595553,153.140646,95.712904,-9341.579430
492.596180,210.568389,76.570323,-9341.579430
492.596808,133.998066,57.427742,-9245.866526
492.597435,114.855485,133.998066,-9284.151688
492.598063,114.855485,133.998066,-9341.579430
492.598690,191.425808,229.710970,-9379.864592
492.599317,95.712904,287.138712,-9456.434915
492.599945,57.427742,248.853550,-9475.577496
492.600572,76.570323,229.710970,-9533.005238
492.601200,114.855485,133.998066,-9552.147819
492.601827,76.570323,114.855485,-9533.005238
492.602455,114.855485,38.285162,-9513.862658
492.603082,153.140646,95.712904,-9418.149754
492.603709,191.425808,19.142581,-9418.149754
492.604337,153.140646,95.712904,-9341.579430
492.604964,153.140646,95.712904,-9360.722011
492.605592,95.712904,133.998066,-9360.722011
492.606219,133.998066,133.998066,-9399.007173
492.606847,-19.142581,229.710970,-9513.862658
492.607474,-38.285162,191.425808,-9513.862658
492.608102,76.570323,229.710970,-9533.005238
492.608729,38.285162,172.283227,-9552.147819
492.609356,57.427742,114.855485,-9475.577496
492.609984,153.140646,114.855485,-9475.577496
492.610611,229.710970,76.570323,-9418.149754
492.611239,210.568389,95.712904,-9284.151688
492.611866,210.568389,95.712904,-9341.579430
492.612494,114.855485,133.998066,-9245.866526
492.613121,76.570323,191.425808,-9303.294269
492.613748,114.855485,229.710970,-9379.864592
492.614376,19.142581,248.853550,-9494.720077
492.615003,0.000000,287.138712,-9513.862658
492.615631,57.427742,248.853550,-9552.147819
492.616258,114.855485,172.283227,-9590.432981
492.616886,114.855485,133.998066,-9552.147819
492.617513,114.855485,95.712904,-9494.720077
492.618140,153.140646,95.712904,-9360.722011
492.618768,114.855485,114.855485,-9379.864592
492.619395,133.998066,76.570323,-9341.579430
492.620023,38.285162,38.285162,-9303.294269
492.620650,57.427742,133.998066,-9322.436850
492.621278,95.712904,210.568389,-9360.722011
492.621905,0.000000,287.138712,-9494.720077
492.622533,57.427742,229.710970,-9513.862658
492.623160,38.285162,210.568389,-9533.005238
492.623787,95.712904,114.855485,-9475.577496
492.624415,153.140646,133.998066,-9513.862658
492.625042,133.998066,114.855485,-9456.434915
492.625670,191.425808,114.855485,-9303.294269
492.626297,210.568389,114.855485,-9303.294269
492.626925,153.140646,95.712904,-9341.579430
492.627553,95.712904,133.998066,-9303.294269
492.628180,95.712904,191.425808,-9360.722011
492.628808,76.570323,229.710970,-9437.292334
492.629435,57.427742,248.853550,-9552.147819
492.630063,38.285162,191.425808,-9533.005238
492.630690,57.427742,153.140646,-9552.147819
492.631318,38.285162,133.998066,-9552.147819
492.631945,57.427742,133.998066,-9552.147819
492.632573,114.855485,95.712904,-9494.720077
492.633200,172.283227,76.570323,-9360.722011
492.633828,210.568389,95.712904,-9360.722011
492.634455,133.998066,57.427742,-9341.579430
492.635083,114.855485,153.140646,-9341.579430
492.635710,95.712904,210.568389,-9360.722011
492.636338,19.142581,229.710970,-9494.720077
492.636966,-19.142581,267.996131,-9437.292334
492.637593,38.285162,210.568389,-9475.577496
492.638221,76.570323,248.853550,-9552.147819
492.638848,133.998066,210.568389,-9494.720077
492.639476,210.568389,133.998066,-9437.292334
492.640103,191.425808,114.855485,-9322.436850
492.640731,153.140646,95.712904,-9341.579430
492.641358,76.570323,76.570323,-9265.009107
492.641986,172.283227,114.855485,-9265.009107
492.642613,57.427742,153.140646,-9360.722011
492.643241,38.285162,172.283227,-9418.149754
492.643868,38.285162,229.710970,-9494.720077
492.644496,76.570323,210.568389,-9533.005238
492.645124,0.000000,191.425808,-9552.147819
492.645751,76.570323,133.998066,-9552.147819
492.646379,57.427742,114.855485,-9533.005238
492.647006,153.140646,133.998066,-9513.862658
492.647634,114.855485,95.712904,-9399.007173
492.648261,153.140646,57.427742,-9379.864592
492.648889,153.140646,38.285162,-9360.722011
492.649516,57.427742,133.998066,-9360.722011
492.650144,57.427742,191.425808,-9341.579430
492.650771,38.285162,229.710970,-9360.722011
492.651399,19.142581,229.710970,-9475.577496
492.652026,114.855485,287.138712,-9513.862658
492.652654,38.285162,210.568389,-9533.005238
492.653282,57.427742,248.853550,-9533.005238
492.653909,153.140646,172.283227,-9513.862658
492.654537,133.998066,114.855485,-9456.434915
492.655164,153.140646,133.998066,-9379.864592
492.655792,210.568389,95.712904,-9245.866526
492.656419,153.140646,95.712904,-9245.866526
492.657047,133.998066,76.570323,-9322.436850
492.657674,114.855485,191.425808,-9360.722011
492.658302,76.570323,229.710970,-9418.149754
492.658929,38.285162,210.568389,-9533.005238
492.659557,0.000000,191.425808,-9609.575562
492.660184,19.142581,133.998066,-9513.862658
492.660812,76.570323,172.283227,-9552.147819
492.661439,114.855485,133.998066,-9552.147819
492.662067,133.998066,114.855485,-9456.434915
492.662695,191.425808,76.570323,-9418.149754
492.663322,153.140646,38.285162,-9245.866526
492.663950,133.998066,38.285162,-9322.436850
492.664577,133.998066,38.285162,-9322.436850
492.665205,114.855485,153.140646,-9360.722011
492.665832,133.998066,306.281293,-9360.722011
492.666460,57.427742,287.138712,-9494.720077
492.667087,19.142581,267.996131,-9513.862658
492.667715,19.142581,172.283227,-9533.005238
492.668342,95.712904,210.568389,-9475.577496
492.668970,95.712904,133.998066,-9552.147819
492.669597,114.855485,95.712904,-9399.007173
492.670225,191.425808,57.427742,-9399.007173
492.670853,248.853550,95.712904,-9341.579430
492.671480,153.140646,95.712904,-9322.436850
492.672108,133.998066,76.570323,-9322.436850
492.672735,76.570323,133.998066,-9399.007173
492.673363,19.142581,153.140646,-9475.577496
492.673990,57.427742,133.998066,-9552.147819
492.674618,57.427742,191.425808,-9552.147819
492.675245,57.427742,191.425808,-9552.147819
492.675873,133.998066,153.140646,-9533.005238
492.676500,133.998066,76.570323,-9513.862658
492.677128,153.140646,114.855485,-9418.149754
492.677755,191.425808,57.427742,-9456.434915
492.678383,153.140646,95.712904,-9322.436850
492.679011,114.855485,133.998066,-9245.866526
492.679638,114.855485,133.998066,-9284.151688
492.680266,76.570323,191.425808,-9379.864592
492.680893,19.142581,210.568389,-9418.149754
492.681521,19.142581,229.710970,-9437.292334
492.682148,57.427742,287.138712,-9513.862658
492.682776,76.570323,191.425808,-9552.147819
492.683403,153.140646,172.283227,-9513.862658
492.684031,76.570323,172.283227,-9533.005238
492.684658,172.283227,76.570323,-9494.720077
492.685286,172.283227,95.712904,-9399.007173
492.685913,76.570323,38.285162,-9341.579430
492.686541,76.570323,38.285162,-9379.864592
492.687168,133.998066,95.712904,-9360.722011
492.687796,95.712904,172.283227,-9418.149754
492.688424,57.427742,210.568389,-9494.720077
492.689051,57.427742,172.283227,-9533.005238
492.689679,0.000000,191.425808,-9552.147819
492.690306,95.712904,172.283227,-9552.147819
492.690934,76.570323,114.855485,-9437.292334
492.691561,172.283227,76.570323,-9475.577496
492.692189,172.283227,76.570323,-9360.722011
492.692816,210.568389,-38.285162,-9379.864592
492.693444,114.855485,133.998066,-9245.866526
492.694071,114.855485,172.283227,-9284.151688
492.694699,114.855485,248.853550,-9322.436850
492.695326,172.283227,287.138712,-9399.007173
492.695954,38.285162,287.138712,-9494.720077
492.696582,0.000000,306.281293,-9513.862658
492.697209,76.570323,248.853550,-9571.290400
492.697837,95.712904,133.998066,-9552.147819
492.698464,38.285162,114.855485,-9475.577496
492.699092,76.570323,114.855485,-9456.434915
492.699719,114.855485,95.712904,-9399.007173
492.700347,76.570323,38.285162,-9284.151688
492.700974,153.140646,57.427742,-9322.436850
492.701602,76.570323,76.570323,-9379.864592
492.702229,38.285162,76.570323,-9379.864592
492.702857,38.285162,210.568389,-9418.149754
492.703484,-38.285162,248.853550,-9513.862658
492.704112,0.000000,172.283227,-9552.147819
492.704739,38.285162,172.283227,-9552.147819
492.705367,19.142581,172.283227,-9456.434915
492.705995,76.570323,153.140646,-9475.577496
492.706622,114.855485,38.285162,-9399.007173
492.707250,210.568389,133.998066,-9379.864592
492.707877,191.425808,95.712904,-9265.009107
492.708505,172.283227,114.855485,-9322.436850
492.709132,114.855485,133.998066,-9245.866526
492.709760,114.855485,172.283227,-9379.864592
492.710387,114.855485,114.855485,-9379.864592
492.711015,76.570323,153.140646,-9437.292334
492.711642,57.427742,133.998066,-9533.005238
492.712270,57.427742,191.425808,-9552.147819
492.712897,95.712904,114.855485,-9456.434915
492.713525,114.855485,133.998066,-9533.005238
492.714153,172.283227,38.285162,-9456.434915
492.714780,191.425808,57.427742,-9456.434915
492.715408,95.712904,76.570323,-9284.151688
492.716035,76.570323,38.285162,-9265.009107
492.716663,133.998066,76.570323,-9322.436850
492.717290,133.998066,114.855485,-9418.149754
492.717918,57.427742,248.853550,-9379.864592
492.718545,57.427742,287.138712,-9513.862658
492.719173,95.712904,248.853550,-9552.147819
492.719800,57.427742,210.568389,-9552.147819
492.720428,95.712904,287.138712,-9494.720077
492.721055,133.998066,153.140646,-9456.434915
492.721683,172.283227,191.425808,-9322.436850
492.722311,210.568389,95.712904,-9341.579430
492.722938,210.568389,95.712904,-9341.579430
492.723566,210.568389,133.998066,-9322.436850
492.724193,229.710970,172.283227,-9284.151688
492.724821,95.712904,191.425808,-9341.579430
492.725448,57.427742,229.710970,-9418.149754
492.726076,38.285162,210.568389,-9475.577496
492.726703,19.142581,248.853550,-9571.290400
492.727330,76.570323,172.283227,-9667.003304
492.727958,38.285162,114.855485,-9533.005238
492.728585,210.568389,133.998066,-9437.292334
492.729213,172.283227,57.427742,-9437.292334
492.729840,191.425808,0.000000,-9360.722011
492.730468,153.140646,95.712904,-9322.436850
492.731095,153.140646,57.427742,-9284.151688
492.731723,114.855485,133.998066,-9322.436850
492.732350,76.570323,172.283227,-9418.149754
492.732978,0.000000,229.710970,-9360.722011
492.733605,19.142581,229.710970,-9475.577496
492.734233,38.285162,229.710970,-9475.577496
492.734860,76.570323,248.853550,-9533.005238
492.735487,95.712904,172.283227,-9533.005238
492.736115,153.140646,114.855485,-9456.434915
492.736742,133.998066,114.855485,-9360.722011
492.737370,114.855485,133.998066,-9303.294269
492.737997,172.283227,114.855485,-9265.009107
492.738625,114.855485,114.855485,-9341.579430
492.739252,114.855485,114.855485,-9341.579430
492.739880,76.570323,191.425808,-9418.149754
492.740507,19.142581,191.425808,-9437.292334
492.741135,-19.142581,248.853550,-9609.575562
492.741762,0.000000,191.425808,-9552.147819
492.742389,0.000000,133.998066,-9552.147819
492.743017,76.570323,114.855485,-9475.577496
492.743644,172.283227,76.570323,-9456.434915
492.744272,114.855485,95.712904,-9399.007173
492.744899,191.425808,114.855485,-9322.436850
492.745527,133.998066,57.427742,-9360.722011
492.746154,172.283227,114.855485,-9303.294269
492.746782,114.855485,133.998066,-9360.722011
492.747409,114.855485,153.140646,-9360.722011
492.748037,19.142581,229.710970,-9475.577496
492.748664,38.285162,229.710970,-9533.005238
492.749291,76.570323,248.853550,-9552.147819
492.749919,133.998066,172.283227,-9475.577496
492.750546,172.283227,191.425808,-9513.862658
492.751174,95.712904,114.855485,-9418.149754
492.751801,210.568389,95.712904,-9360.722011
492.752429,210.568389,95.712904,-9245.866526
492.753056,133.998066,95.712904,-9322.436850
492.753684,114.855485,114.855485,-9265.009107
492.754311,114.855485,172.283227,-9322.436850
492.754939,114.855485,210.568389,-9379.864592
492.755566,-19.142581,191.425808,-9533.005238
492.756194,19.142581,210.568389,-9533.005238
492.756821,57.427742,172.283227,-9609.575562
492.757448,57.427742,153.140646,-9571.290400
492.758076,172.283227,133.998066,-9552.147819
492.758703,114.855485,57.427742,-9437.292334
492.759331,114.855485,0.000000,-9399.007173
492.759958,133.998066,76.570323,-9303.294269
492.760586,95.712904,133.998066,-9341.579430
492.761213,57.427742,133.998066,-9284.151688
492.761841,95.712904,133.998066,-9418.149754
492.762468,76.570323,210.568389,-9418.149754
492.763096,19.142581,287.138712,-9418.149754
492.763723,0.000000,325.423874,-9533.005238
492.764350,76.570323,248.853550,-9552.147819
492.764978,76.570323,210.568389,-9475.577496
492.765605,95.712904,210.568389,-9494.720077
492.766233,153.140646,153.140646,-9418.149754
492.766860,153.140646,95.712904,-9284.151688
492.767488,153.140646,38.285162,-9245.866526
492.768115,153.140646,95.712904,-9322.436850
492.768743,95.712904,133.998066,-9284.151688
492.769370,76.570323,133.998066,-9360.722011
492.769998,19.142581,114.855485,-9437.292334
492.770625,0.000000,248.853550,-9552.147819
492.771253,19.142581,267.996131,-9513.862658
492.771880,57.427742,133.998066,-9552.147819
492.772507,76.570323,133.998066,-9533.005238
492.773135,114.855485,95.712904,-9437.292334
492.773762,114.855485,95.712904,-9399.007173
492.774390,114.855485,114.855485,-9379.864592
492.775017,210.568389,114.855485,-9245.866526
492.775645,133.998066,76.570323,-9379.864592
492.776272,95.712904,153.140646,-9303.294269
492.776900,114.855485,210.568389,-9360.722011
492.777527,19.142581,287.138712,-9437.292334
492.778155,57.427742,229.710970,-9494.720077
492.778782,57.427742,287.138712,-9494.720077
492.779409,57.427742,191.425808,-9552.147819
492.780037,133.998066,210.568389,-9494.720077
492.780664,133.998066,172.283227,-9456.434915
492.781292,172.283227,114.855485,-9322.436850
492.781919,153.140646,38.285162,-9341.579430
492.782547,191.425808,95.712904,-9322.436850
492.783174,153.140646,38.285162,-9341.579430
492.783802,76.570323,133.998066,-9322.436850
492.784429,38.285162,191.425808,-9418.149754
492.785057,0.000000,248.853550,-9552.147819
492.785684,19.142581,191.425808,-9571.290400
492.786312,0.000000,191.425808,-9609.575562
492.786939,76.570323,133.998066,-9533.005238
492.787566,133.998066,133.998066,-9513.862658
492.788194,153.140646,114.855485,-9475.577496
492.788821,191.425808,76.570323,-9360.722011
492.789449,191.425808,95.712904,-9322.436850
492.790076,172.283227,76.570323,-9245.866526
492.790704,114.855485,133.998066,-9303.294269
492.791331,114.855485,133.998066,-9341.579430
492.791959,95.712904,153.140646,-9360.722011
492.792586,76.570323,287.138712,-9475.577496
492.793214,0.000000,306.281293,-9494.720077
492.793841,38.285162,210.568389,-9533.005238
492.794468,114.855485,172.283227,-9513.862658
492.795096,133.998066,153.140646,-9533.005238
492.795723,172.283227,76.570323,-9418.149754
492.796351,229.710970,38.285162,-9360.722011
492.796978,210.568389,95.712904,-9341.579430
492.797606,210.568389,95.712904,-9245.866526
492.798233,95.712904,133.998066,-9284.151688
492.798861,57.427742,95.712904,-9379.864592
492.799488,0.000000,248.853550,-9360.722011
492.800116,-19.142581,248.853550,-9475.577496
492.800743,-19.142581,210.568389,-9571.290400
492.801370,-19.142581,153.140646,-9571.290400
492.801998,95.712904,114.855485,-9533.005238
492.802625,114.855485,133.998066,-9552.147819
492.803253,153.140646,76.570323,-9399.007173
492.803880,248.853550,76.570323,-9418.149754
492.804508,210.568389,38.285162,-9245.866526
492.805135,191.425808,114.855485,-9265.009107
492.805763,95.712904,191.425808,-9284.151688
492.806390,133.998066,210.568389,-9418.149754
492.807018,0.000000,287.138712,-9399.007173
492.807645,57.427742,287.138712,-9513.862658
492.808273,38.285162,325.423874,-9571.290400
492.808900,0.000000,191.425808,-9552.147819
492.809527,76.570323,114.855485,-9475.577496
492.810155,133.998066,114.855485,-9475.577496
492.810782,76.570323,114.855485,-9418.149754
492.811410,133.998066,19.142581,-9379.864592
492.812037,191.425808,95.712904,-9303.294269
492.812665,133.998066,76.570323,-9322.436850
492.813292,76.570323,114.855485,-9418.149754
492.813920,38.285162,153.140646,-9418.149754
492.814547,38.285162,114.855485,-9475.577496
492.815175,19.142581,172.283227,-9533.005238
492.815802,0.000000,248.853550,-9552.147819
492.816429,57.427742,133.998066,-9552.147819
492.817057,76.570323,172.283227,-9533.005238
492.817684,133.998066,76.570323,-9494.720077
492.818312,153.140646,95.712904,-9360.722011
492.818939,191.425808,114.855485,-9322.436850
492.819567,153.140646,57.427742,-9284.151688
492.820194,95.712904,76.570323,-9284.151688
492.820822,95.712904,133.998066,-9303.294269
492.821449,57.427742,172.283227,-9418.149754
492.822077,38.285162,287.138712,-9399.007173
492.822704,38.285162,287.138712,-9437.292334
492.823332,19.142581,229.710970,-9456.434915
492.823959,38.285162,172.283227,-9418.149754
492.824586,133.998066,153.140646,-9533.005238
492.825214,114.855485,95.712904,-9437.292334
492.825841,133.998066,95.712904,-9418.149754
492.826469,210.568389,-19.142581,-9379.864592
492.827096,172.283227,95.712904,-9322.436850
492.827724,153.140646,95.712904,-9303.294269
492.828351,114.855485,133.998066,-9360.722011
492.828979,95.712904,133.998066,-9341.579430
492.829606,57.427742,229.710970,-9513.862658
492.830234,57.427742,172.283227,-9552.147819
492.830861,95.712904,287.138712,-9513.862658
492.831489,76.570323,229.710970,-9533.005238
492.832116,38.285162,210.568389,-9456.434915
492.832744,210.568389,133.998066,-9456.434915
492.833371,172.283227,57.427742,-9418.149754
492.833999,229.710970,95.712904,-9341.579430
492.834626,172.283227,114.855485,-9284.151688
492.835254,76.570323,114.855485,-9360.722011
492.835881,76.570323,153.140646,-9303.294269
492.836509,114.855485,210.568389,-9360.722011
492.837136,-38.285162,210.568389,-9418.149754
492.837763,0.000000,210.568389,-9533.005238
492.838391,-19.142581,191.425808,-9571.290400
492.839018,95.712904,133.998066,-9475.577496
492.839646,76.570323,114.855485,-9533.005238
492.840273,57.427742,38.285162,-9399.007173
492.840901,172.283227,76.570323,-9418.149754
492.841528,153.140646,95.712904,-9360.722011
492.842156,114.855485,133.998066,-9360.722011
492.842783,95.712904,133.998066,-9341.579430
492.843411,114.855485,133.998066,-9322.436850
492.844038,57.427742,172.283227,-9418.149754
492.844666,-38.285162,248.853550,-9475.577496
492.845293,19.142581,287.138712,-9533.005238
492.845921,0.000000,191.425808,-9552.147819
492.846548,133.998066,172.283227,-9475.577496
492.847176,95.712904,114.855485,-9475.577496
492.847803,153.140646,172.283227,-9399.007173
492.848431,210.568389,95.712904,-9341.579430
492.849058,114.855485,76.570323,-9245.866526
492.849686,114.855485,133.998066,-9245.866526
492.850313,114.855485,133.998066,-9284.151688
492.850941,114.855485,172.283227,-9284.151688
492.851568,95.712904,210.568389,-9379.864592
492.852196,0.000000,287.138712,-9494.720077
492.852823,19.142581,248.853550,-9513.862658
492.853450,57.427742,153.140646,-9609.575562
492.854078,114.855485,153.140646,-9571.290400
492.854705,114.855485,133.998066,-9533.005238
492.855333,114.855485,95.712904,-9456.434915
492.855960,172.283227,19.142581,-9418.149754
492.856588,191.425808,19.142581,-9341.579430
492.857215,133.998066,57.427742,-9360.722011
492.857843,76.570323,133.998066,-9379.864592
492.858470,114.855485,95.712904,-9399.007173
492.859098,76.570323,229.710970,-9494.720077
492.859725,38.285162,229.710970,-9437.292334
492.860353,38.285162,229.710970,-9533.005238
492.860980,38.285162,210.568389,-9475.577496
492.861608,76.570323,114.855485,-9418.149754
492.862235,153.140646,114.855485,-9456.434915
492.862863,114.855485,133.998066,-9360.722011
492.863490,191.425808,114.855485,-9322.436850
492.864118,172.283227,133.998066,-9245.866526
492.864745,172.283227,114.855485,-9265.009107
492.865373,133.998066,133.998066,-9284.151688
492.866000,95.712904,153.140646,-9322.436850
492.866628,76.570323,210.568389,-9437.292334
492.867255,57.427742,248.853550,-9571.290400
492.867883,0.000000,172.283227,-9552.147819
492.868510,57.427742,133.998066,-9552.147819
492.869137,0.000000,114.855485,-9571.290400
492.869765,133.998066,76.570323,-9513.862658
492.870392,172.283227,95.712904,-9399.007173
492.871020,191.425808,76.570323,-9418.149754
492.871647,153.140646,95.712904,-9360.722011
492.872275,95.712904,95.712904,-9379.864592
492.872902,76.570323,76.570323,-9322.436850
492.873530,76.570323,172.283227,-9360.722011
492.874157,0.000000,287.138712,-9475.577496
492.874785,38.285162,287.138712,-9533.005238
492.875412,0.000000,287.138712,-9513.862658
492.876040,57.427742,191.425808,-9552.147819
492.876667,153.140646,172.283227,-9399.007173
492.877295,133.998066,172.283227,-9456.434915
492.877922,153.140646,76.570323,-9379.864592
492.878550,248.853550,95.712904,-9360.722011
492.879177,153.140646,95.712904,-9360.722011
492.879805,114.855485,133.998066,-9322.436850
492.880432,172.283227,172.283227,-9341.579430
492.881060,76.570323,210.568389,-9418.149754
492.881687,-38.285162,153.140646,-9552.147819
492.882315,19.142581,248.853550,-9513.862658
492.882942,114.855485,172.283227,-9552.147819
492.883569,95.712904,133.998066,-9590.432981
492.884197,133.998066,114.855485,-9494.720077
492.884824,95.712904,57.427742,-9437.292334
492.885452,172.283227,76.570323,-9456.434915
492.886079,210.568389,0.000000,-9341.579430
492.886707,133.998066,57.427742,-9265.009107
492.887334,76.570323,76.570323,-9303.294269
492.887962,95.712904,133.998066,-9322.436850
492.888589,38.285162,210.568389,-9360.722011
492.889217,-19.142581,325.423874,-9456.434915
492.889844,38.285162,287.138712,-9494.720077
492.890472,19.142581,210.568389,-9533.005238
492.891099,57.427742,210.568389,-9533.005238
492.891727,38.285162,114.855485,-9475.577496
492.892354,153.140646,133.998066,-9399.007173
492.892982,172.283227,76.570323,-9418.149754
492.893609,172.283227,95.712904,-9303.294269
492.894237,76.570323,76.570323,-9341.579430
492.894864,114.855485,95.712904,-9322.436850
492.895492,114.855485,133.998066,-9360.722011
492.896119,95.712904,191.425808,-9360.722011
492.896747,19.142581,210.568389,-9533.005238
492.897374,-38.285162,210.568389,-9590.432981
492.898002,57.427742,172.283227,-9552.147819
492.898629,57.427742,133.998066,-9552.147819
492.899256,133.998066,76.570323,-9609.575562
492.899884,210.568389,133.998066,-9418.149754
492.900511,153.140646,19.142581,-9322.436850
492.901139,153.140646,76.570323,-9265.009107
492.901766,114.855485,133.998066,-9303.294269
492.902394,76.570323,76.570323,-9265.009107
492.903021,95.712904,153.140646,-9360.722011
492.903649,-38.285162,229.710970,-9437.292334
492.904276,-38.285162,191.425808,-9494.720077
492.904904,0.000000,267.996131,-9533.005238
492.905531,57.427742,191.425808,-9552.147819
492.906159,76.570323,153.140646,-9552.147819
492.906786,172.283227,114.855485,-9494.720077
492.907414,210.568389,95.712904,-9360.722011
492.908041,153.140646,38.285162,-9360.722011
492.908669,153.140646,95.712904,-9245.866526
492.909296,133.998066,76.570323,-9284.151688
492.909924,76.570323,133.998066,-9322.436850
492.910551,133.998066,114.855485,-9418.149754
492.911179,19.142581,172.283227,-9533.005238
492.911806,-19.142581,210.568389,-9571.290400
492.912434,0.000000,191.425808,-9552.147819
492.913061,57.427742,172.283227,-9552.147819
492.913689,114.855485,172.283227,-9533.005238
492.914316,57.427742,133.998066,-9475.577496
492.914943,210.568389,172.283227,-9399.007173
492.915571,191.425808,76.570323,-9360.722011
492.916198,153.140646,95.712904,-9245.866526
492.916826,95.712904,133.998066,-9284.151688
492.917453,95.712904,153.140646,-9303.294269
492.918081,76.570323,210.568389,-9418.149754
492.918708,38.285162,229.710970,-9437.292334
492.919336,0.000000,287.138712,-9399.007173
492.919963,95.712904,210.568389,-9513.862658
492.920591,57.427742,210.568389,-9513.862658
492.921218,133.998066,153.140646,-9533.005238
492.921846,95.712904,95.712904,-9513.862658
492.922473,114.855485,0.000000,-9437.292334
492.923101,172.283227,19.142581,-9360.722011
492.923728,153.140646,0.000000,-9341.579430
492.924356,95.712904,133.998066,-9322.436850
492.924983,133.998066,133.998066,-9399.007173
492.925611,133.998066,172.283227,-9418.149754
492.926238,57.427742,210.568389,-9533.005238
492.926866,57.427742,191.425808,-9533.005238
492.927493,0.000000,191.425808,-9552.147819
492.928121,57.427742,191.425808,-9552.147819
492.928748,76.570323,153.140646,-9533.005238
492.929376,76.570323,114.855485,-9399.007173
492.930004,153.140646,133.998066,-9399.007173
492.930631,153.140646,38.285162,-9341.579430
492.931259,133.998066,95.712904,-9284.151688
492.931886,76.570323,133.998066,-9245.866526
492.932514,95.712904,153.140646,-9245.866526
492.933141,172.283227,172.283227,-9341.579430
492.933769,95.712904,287.138712,-9456.434915
492.934397,57.427742,306.281293,-9513.862658
492.935024,19.142581,248.853550,-9571.290400
492.935652,57.427742,191.425808,-9552.147819
492.936279,76.570323,95.712904,-9513.862658
492.936907,114.855485,95.712904,-9494.720077
492.937534,172.283227,57.427742,-9456.434915
492.938162,114.855485,0.000000,-9379.864592
492.938790,191.425808,19.142581,-9418.149754
492.939417,76.570323,38.285162,-9379.864592
492.940045,57.427742,153.140646,-9437.292334
492.940672,19.142581,172.283227,-9418.149754
492.941300,-19.142581,210.568389,-9571.290400
492.941927,0.000000,153.140646,-9609.575562
492.942555,-19.142581,210.568389,-9609.575562
492.943183,57.427742,153.140646,-9552.147819
492.943810,95.712904,133.998066,-9475.577496
492.944438,133.998066,114.855485,-9418.149754
492.945065,153.140646,114.855485,-9341.579430
492.945693,210.568389,95.712904,-9284.151688
492.946320,114.855485,114.855485,-9265.009107
492.946948,114.855485,153.140646,-9245.866526
492.947576,114.855485,133.998066,-9303.294269
492.948203,76.570323,248.853550,-9379.864592
492.948831,57.427742,229.710970,-9513.862658
492.949458,38.285162,248.853550,-9571.290400
492.950086,38.285162,191.425808,-9533.005238
492.950713,38.285162,210.568389,-9475.577496
492.951341,191.425808,114.855485,-9513.862658
492.951969,153.140646,172.283227,-9399.007173
492.952596,172.283227,57.427742,-9418.149754
492.953224,153.140646,-19.142581,-9360.722011
492.953851,172.283227,19.142581,-9418.149754
492.954479,114.855485,95.712904,-9399.007173
492.955106,95.712904,95.712904,-9399.007173
492.955734,38.285162,210.568389,-9418.149754
492.956362,57.427742,210.568389,-9437.292334
492.956989,0.000000,229.710970,-9571.290400
492.957617,38.285162,229.710970,-9533.005238
492.958244,133.998066,114.855485,-9533.005238
492.958872,133.998066,114.855485,-9475.577496
492.959499,210.568389,76.570323,-9418.149754
492.960127,248.853550,133.998066,-9322.436850
492.960755,210.568389,95.712904,-9284.151688
492.961382,153.140646,95.712904,-9303.294269
492.962010,76.570323,133.998066,-9284.151688
492.962637,38.285162,229.710970,-9418.149754
492.963265,114.855485,191.425808,-9418.149754
492.963892,57.427742,229.710970,-9513.862658
492.964520,57.427742,248.853550,-9552.147819
492.965148,38.285162,153.140646,-9533.005238
492.965775,133.998066,210.568389,-9533.005238
492.966403,114.855485,76.570323,-9533.005238
492.967030,172.283227,95.712904,-9456.434915
492.967658,191.425808,76.570323,-9456.434915
492.968285,191.425808,38.285162,-9322.436850
492.968913,153.140646,76.570323,-9265.009107
492.969540,95.712904,133.998066,-9322.436850
492.970168,95.712904,172.283227,-9418.149754
492.970796,57.427742,172.283227,-9437.292334
492.971423,-38.285162,248.853550,-9494.720077
492.972051,0.000000,172.283227,-9552.147819
492.972678,57.427742,133.998066,-9552.147819
492.973306,76.570323,153.140646,-9533.005238
492.973933,172.283227,95.712904,-9437.292334
492.974561,172.283227,76.570323,-9360.722011
492.975189,248.853550,95.712904,-9341.579430
492.975816,210.568389,95.712904,-9341.579430
492.976444,133.998066,76.570323,-9265.009107
492.977071,114.855485,133.998066,-9245.866526
492.977699,153.140646,210.568389,-9379.864592
492.978326,57.427742,210.568389,-9494.720077
492.978954,19.142581,229.710970,-9533.005238
492.979582,0.000000,248.853550,-9552.147819
492.980209,38.285162,153.140646,-9475.577496
492.980837,95.712904,76.570323,-9552.147819
492.981464,114.855485,38.285162,-9513.862658
492.982092,172.283227,76.570323,-9456.434915
492.982719,191.425808,38.285162,-9418.149754
492.983347,153.140646,38.285162,-9341.579430
492.983975,133.998066,76.570323,-9322.436850
492.984602,95.712904,133.998066,-9322.436850
492.985230,114.855485,191.425808,-9360.722011
492.985857,57.427742,191.425808,-9360.722011
492.986485,0.000000,287.138712,-9494.720077
492.987112,-38.285162,248.853550,-9533.005238
492.987740,57.427742,248.853550,-9552.147819
492.988368,95.712904,153.140646,-9533.005238
492.988995,133.998066,114.855485,-9418.149754
492.989623,172.283227,76.570323,-9418.149754
492.990250,210.568389,95.712904,-9245.866526
492.990878,133.998066,38.285162,-9265.009107
492.991505,133.998066,76.570323,-9303.294269
492.992133,95.712904,95.712904,-9399.007173
492.992761,38.285162,210.568389,-9360.722011
492.993388,19.142581,210.568389,-9475.577496
492.994016,38.285162,267.996131,-9571.290400
492.994643,38.285162,248.853550,-9571.290400
492.995271,133.998066,76.570323,-9571.290400
492.995898,133.998066,57.427742,-9513.862658
492.996526,172.283227,57.427742,-9456.434915
492.997154,114.855485,38.285162,-9399.007173
492.997781,153.140646,95.712904,-9341.579430
492.998409,114.855485,133.998066,-9341.579430
492.999036,95.712904,76.570323,-9265.009107
492.999664,95.712904,153.140646,-9284.151688
493.000291,95.712904,248.853550,-9360.722011
493.000919,38.285162,229.710970,-9437.292334
493.001547,-38.285162,248.853550,-9437.292334
493.002174,57.427742,248.853550,-9552.147819
493.002802,95.712904,172.283227,-9437.292334
493.003429,133.998066,172.283227,-9418.149754
493.004057,153.140646,133.998066,-9399.007173
493.004684,191.425808,76.570323,-9399.007173
493.005312,153.140646,95.712904,-9284.151688
493.005940,191.425808,95.712904,-9322.436850
493.006567,95.712904,133.998066,-9341.579430
493.007195,38.285162,133.998066,-9418.149754
493.007822,57.427742,210.568389,-9437.292334
493.008450,19.142581,153.140646,-9533.005238
493.009077,0.000000,153.140646,-9552.147819
493.009705,76.570323,153.140646,-9552.147819
493.010333,95.712904,172.283227,-9552.147819
493.010960,114.855485,76.570323,-9552.147819
493.011588,172.283227,76.570323,-9418.149754
493.012215,172.283227,76.570323,-9360.722011
493.012843,210.568389,95.712904,-9341.579430
493.013470,153.140646,57.427742,-9284.151688
493.014098,114.855485,133.998066,-9284.151688
493.014726,114.855485,172.283227,-9341.579430
493.015353,76.570323,248.853550,-9418.149754
493.015981,0.000000,287.138712,-9475.577496
493.016608,95.712904,248.853550,-9552.147819
493.017236,95.712904,191.425808,-9552.147819
493.017863,153.140646,191.425808,-9437.292334
493.018491,133.998066,114.855485,-9475.577496
493.019118,153.140646,95.712904,-9418.149754
493.019746,153.140646,38.285162,-9341.579430
493.020374,153.140646,38.285162,-9322.436850
493.021001,210.568389,133.998066,-9379.864592
493.021629,172.283227,114.855485,-9379.864592
493.022256,133.998066,114.855485,-9360.722011
493.022884,38.285162,210.568389,-9418.149754
493.023511,-19.142581,229.710970,-9513.862658
493.024139,-38.285162,210.568389,-9513.862658
493.024767,95.712904,133.998066,-9552.147819
493.025394,76.570323,133.998066,-9552.147819
493.026022,191.425808,76.570323,-9475.577496
493.026649,191.425808,57.427742,-9418.149754
493.027277,172.283227,57.427742,-9360.722011
493.027904,153.140646,95.712904,-9284.151688
493.028531,114.855485,133.998066,-9284.151688
493.029159,95.712904,191.425808,-9341.579430
493.029786,114.855485,210.568389,-9303.294269
493.030414,38.285162,287.138712,-9494.720077
493.031041,-19.142581,267.996131,-9475.577496
493.031669,-38.285162,229.710970,-9494.720077
493.032296,76.570323,229.710970,-9475.577496
493.032923,76.570323,114.855485,-9533.005238
493.033551,114.855485,95.712904,-9399.007173
493.034178,191.425808,57.427742,-9418.149754
493.034806,191.425808,76.570323,-9360.722011
493.035433,210.568389,95.712904,-9360.722011
493.036060,114.855485,95.712904,-9399.007173
493.036688,133.998066,133.998066,-9399.007173
493.037315,38.285162,172.283227,-9437.292334
493.037943,19.142581,191.425808,-9513.862658
493.038570,0.000000,229.710970,-9513.862658
493.039198,0.000000,210.568389,-9513.862658
493.039825,57.427742,191.425808,-9533.005238
493.040452,76.570323,114.855485,-9533.005238
493.041080,114.855485,19.142581,-9437.292334
493.041707,210.568389,133.998066,-9399.007173
493.042335,153.140646,95.712904,-9284.151688
493.042962,153.140646,95.712904,-9245.866526
493.043590,95.712904,133.998066,-9303.294269
493.044217,114.855485,210.568389,-9303.294269
493.044844,38.285162,248.853550,-9360.722011
493.045472,95.712904,229.710970,-9456.434915
493.046099,57.427742,287.138712,-9475.577496
493.046727,76.570323,248.853550,-9552.147819
493.047354,133.998066,210.568389,-9475.577496
493.047981,172.283227,95.712904,-9456.434915
493.048609,172.283227,76.570323,-9475.577496
493.049236,191.425808,57.427742,-9418.149754
493.049864,153.140646,95.712904,-9284.151688
493.050491,153.140646,95.712904,-9322.436850
493.051119,76.570323,76.570323,-9265.009107
493.051746,95.712904,133.998066,-9360.722011
493.052373,95.712904,191.425808,-9360.722011
493.053001,19.142581,229.710970,-9533.005238
493.053628,57.427742,191.425808,-9552.147819
493.054256,57.427742,191.425808,-9552.147819
493.054883,57.427742,95.712904,-9494.720077
493.055510,133.998066,114.855485,-9475.577496
493.056138,133.998066,133.998066,-9399.007173
493.056765,172.283227,57.427742,-9360.722011
493.057393,153.140646,95.712904,-9245.866526
493.058020,153.140646,95.712904,-9245.866526
493.058648,172.283227,210.568389,-9322.436850
493.059275,95.712904,248.853550,-9360.722011
493.059902,95.712904,210.568389,-9437.292334
493.060530,19.142581,229.710970,-9533.005238
493.061157,38.285162,229.710970,-9533.005238
493.061785,38.285162,210.568389,-9533.005238
493.062412,95.712904,210.568389,-9533.005238
493.063040,133.998066,114.855485,-9456.434915
493.063667,172.283227,76.570323,-9456.434915
493.064294,191.425808,57.427742,-9418.149754
493.064922,153.140646,38.285162,-9341.579430
493.065549,133.998066,76.570323,-9379.864592
493.066177,76.570323,133.998066,-9379.864592
493.066804,0.000000,172.283227,-9360.722011
493.067431,19.142581,172.283227,-9418.149754
493.068059,95.712904,133.998066,-9552.147819
493.068686,19.142581,114.855485,-9494.720077
493.069314,-19.142581,172.283227,-9571.290400
493.069941,76.570323,153.140646,-9456.434915
493.070569,76.570323,114.855485,-9475.577496
493.071196,191.425808,114.855485,-9379.864592
493.071823,248.853550,95.712904,-9341.579430
493.072451,210.568389,133.998066,-9207.581365
493.073078,191.425808,172.283227,-9265.009107
493.073706,172.283227,172.283227,-9284.151688
493.074333,95.712904,191.425808,-9418.149754
493.074960,38.285162,287.138712,-9475.577496
493.075588,57.427742,229.710970,-9513.862658
493.076215,57.427742,191.425808,-9552.147819
493.076843,57.427742,191.425808,-9552.147819
493.077470,95.712904,133.998066,-9552.147819
493.078098,172.283227,38.285162,-9437.292334
493.078725,114.855485,95.712904,-9494.720077
493.079352,153.140646,0.000000,-9341.579430
493.079980,172.283227,76.570323,-9360.722011
493.080607,76.570323,76.570323,-9322.436850
493.081235,133.998066,114.855485,-9360.722011
493.081862,95.712904,153.140646,-9360.722011
493.082490,-57.427742,191.425808,-9494.720077
493.083117,38.285162,210.568389,-9475.577496
493.083744,-19.142581,210.568389,-9571.290400
493.084372,0.000000,191.425808,-9513.862658
493.084999,114.855485,133.998066,-9552.147819
493.085627,133.998066,114.855485,-9475.577496
493.086254,153.140646,114.855485,-9456.434915
493.086881,210.568389,114.855485,-9265.009107
493.087509,210.568389,95.712904,-9303.294269
493.088136,172.283227,114.855485,-9265.009107
493.088764,172.283227,153.140646,-9360.722011
493.089391,76.570323,153.140646,-9418.149754
493.090019,38.285162,229.710970,-9533.005238
493.090646,0.000000,191.425808,-9552.147819
493.091273,95.712904,172.283227,-9552.147819
493.091901,114.855485,133.998066,-9552.147819
493.092528,133.998066,95.712904,-9475.577496
493.093156,114.855485,95.712904,-9399.007173
493.093783,191.425808,19.142581,-9456.434915
493.094410,153.140646,57.427742,-9303.294269
493.095038,133.998066,38.285162,-9303.294269
493.095665,76.570323,76.570323,-9284.151688
493.096293,114.855485,153.140646,-9360.722011
493.096920,38.285162,210.568389,-9360.722011
493.097548,19.142581,172.283227,-9533.005238
493.098175,-38.285162,153.140646,-9513.862658
493.098802,95.712904,248.853550,-9552.147819
493.099430,38.285162,229.710970,-9533.005238
493.100057,76.570323,133.998066,-9552.147819
493.100685,76.570323,114.855485,-9437.292334
493.101312,191.425808,76.570323,-9360.722011
493.101940,210.568389,95.712904,-9303.294269
493.102567,210.568389,95.712904,-9303.294269
493.103194,114.855485,153.140646,-9341.579430
493.103822,95.712904,153.140646,-9341.579430
493.104449,19.142581,153.140646,-9437.292334
493.105077,-19.142581,229.710970,-9571.290400
493.105704,0.000000,210.568389,-9571.290400
493.106331,57.427742,172.283227,-9552.147819
493.106959,95.712904,172.283227,-9552.147819
493.107586,57.427742,95.712904,-9494.720077
493.108214,133.998066,114.855485,-9418.149754
493.108841,248.853550,95.712904,-9341.579430
493.109469,210.568389,95.712904,-9341.579430
493.110096,76.570323,76.570323,-9379.864592
493.110723,153.140646,95.712904,-9341.579430
493.111351,0.000000,210.568389,-9341.579430
493.111978,0.000000,248.853550,-9418.149754
493.112606,-38.285162,248.853550,-9437.292334
493.113233,38.285162,229.710970,-9475.577496
493.113860,95.712904,210.568389,-9533.005238
493.114488,95.712904,210.568389,-9456.434915
493.115115,133.998066,114.855485,-9418.149754
493.115743,210.568389,133.998066,-9399.007173
493.116370,172.283227,114.855485,-9322.436850
493.116998,210.568389,95.712904,-9245.866526
493.117625,133.998066,95.712904,-9322.436850
493.118252,114.855485,153.140646,-9360.722011
493.118880,76.570323,114.855485,-9418.149754
493.119507,19.142581,229.710970,-9494.720077
493.120135,0.000000,210.568389,-9571.290400
493.120762,19.142581,191.425808,-9590.432981
493.121390,114.855485,153.140646,-9590.432981
493.122017,95.712904,133.998066,-9552.147819
493.122644,95.712904,95.712904,-9399.007173
493.123272,114.855485,57.427742,-9399.007173
493.123899,210.568389,57.427742,-9303.294269
493.124527,114.855485,133.998066,-9341.579430
493.125154,191.425808,114.855485,-9265.009107
493.125781,38.285162,153.140646,-9341.579430
493.126409,76.570323,210.568389,-9418.149754
493.127036,38.285162,210.568389,-9475.577496
493.127664,-38.285162,248.853550,-9494.720077
493.128291,0.000000,287.138712,-9513.862658
493.128919,19.142581,172.283227,-9418.149754
493.129546,76.570323,210.568389,-9494.720077
493.130174,114.855485,95.712904,-9399.007173
493.130801,191.425808,76.570323,-9360.722011
493.131429,172.283227,133.998066,-9245.866526
493.132056,133.998066,95.712904,-9245.866526
493.132684,153.140646,95.712904,-9303.294269
493.133311,114.855485,133.998066,-9360.722011
493.133939,38.285162,210.568389,-9418.149754
493.134566,19.142581,210.568389,-9533.005238
493.135194,0.000000,191.425808,-9552.147819
493.135821,0.000000,229.710970,-9609.575562
493.136448,76.570323,191.425808,-9552.147819
493.137076,172.283227,133.998066,-9552.147819
493.137703,114.855485,95.712904,-9437.292334
493.138331,172.283227,57.427742,-9360.722011
493.138958,210.568389,95.712904,-9284.151688
493.139586,153.140646,95.712904,-9245.866526
493.140213,38.285162,133.998066,-9303.294269
493.140841,57.427742,248.853550,-9341.579430
493.141468,19.142581,229.710970,-9418.149754
493.142096,-19.142581,267.996131,-9456.434915
493.142723,57.427742,287.138712,-9571.290400
493.143351,76.570323,248.853550,-9571.290400
493.143978,95.712904,191.425808,-9475.577496
493.144606,133.998066,172.283227,-9494.720077
493.145233,153.140646,133.998066,-9494.720077
493.145861,153.140646,133.998066,-9379.864592
493.146488,210.568389,95.712904,-9245.866526
493.147115,133.998066,76.570323,-9284.151688
493.147743,95.712904,133.998066,-9360.722011
493.148370,57.427742,191.425808,-9360.722011
493.148998,19.142581,172.283227,-9533.005238
493.149625,0.000000,172.283227,-9552.147819
493.150253,57.427742,153.140646,-9552.147819
493.150880,0.000000,172.283227,-9552.147819
493.151508,76.570323,153.140646,-9533.005238
493.152135,76.570323,95.712904,-9437.292334
493.152763,172.283227,95.712904,-9399.007173
493.153390,191.425808,76.570323,-9360.722011
493.154018,153.140646,95.712904,-9245.866526
493.154645,133.998066,76.570323,-9284.151688
493.155273,114.855485,210.568389,-9303.294269
493.155900,172.283227,229.710970,-9379.864592
493.156528,0.000000,306.281293,-9456.434915
493.157155,19.142581,287.138712,-9533.005238
493.157783,38.285162,229.710970,-9533.005238
493.158410,76.570323,248.853550,-9513.862658
493.159037,76.570323,114.855485,-9437.292334
493.159665,133.998066,114.855485,-9475.577496
493.160292,172.283227,76.570323,-9418.149754
493.160920,210.568389,95.712904,-9341.579430
493.161547,153.140646,38.285162,-9245.866526
493.162175,114.855485,76.570323,-9360.722011
493.162802,133.998066,76.570323,-9341.579430
493.163430,76.570323,114.855485,-9418.149754
493.164057,19.142581,229.710970,-9494.720077
493.164685,19.142581,229.710970,-9533.005238
493.165312,57.427742,153.140646,-9533.005238
493.165940,38.285162,172.283227,-9533.005238
493.166567,38.285162,114.855485,-9533.005238
493.167195,172.283227,76.570323,-9418.149754
493.167822,191.425808,114.855485,-9379.864592
493.168450,210.568389,57.427742,-9245.866526
493.169077,172.283227,114.855485,-9265.009107
493.169704,133.998066,133.998066,-9265.009107
493.170332,95.712904,191.425808,-9360.722011
493.170959,114.855485,210.568389,-9379.864592
493.171587,19.142581,267.996131,-9399.007173
493.172214,95.712904,210.568389,-9494.720077
493.172842,38.285162,248.853550,-9552.147819
493.173469,57.427742,248.853550,-9533.005238
493.174097,38.285162,114.855485,-9475.577496
493.174724,210.568389,133.998066,-9437.292334
493.175352,191.425808,19.142581,-9418.149754
493.175979,229.710970,57.427742,-9360.722011
493.176607,76.570323,76.570323,-9379.864592
493.177234,95.712904,95.712904,-9322.436850
493.177862,76.570323,172.283227,-9418.149754
493.178489,76.570323,229.710970,-9437.292334
493.179117,38.285162,229.710970,-9533.005238
493.179744,38.285162,229.710970,-9533.005238
493.180372,38.285162,248.853550,-9571.290400
493.180999,76.570323,248.853550,-9571.290400
493.181626,114.855485,133.998066,-9533.005238
493.182254,153.140646,114.855485,-9418.149754
493.182881,248.853550,38.285162,-9341.579430
493.183509,191.425808,95.712904,-9303.294269
493.184136,153.140646,95.712904,-9303.294269
493.184764,114.855485,133.998066,-9245.866526
493.185391,76.570323,267.996131,-9322.436850
493.186019,76.570323,229.710970,-9418.149754
493.186646,95.712904,267.996131,-9571.290400
493.187274,95.712904,306.281293,-9513.862658
493.187901,38.285162,210.568389,-9533.005238
493.188529,95.712904,172.283227,-9552.147819
493.189156,133.998066,114.855485,-9475.577496
493.189784,210.568389,76.570323,-9533.005238
493.190411,172.283227,95.712904,-9437.292334
493.191039,133.998066,95.712904,-9360.722011
493.191666,114.855485,76.570323,-9341.579430
493.192293,38.285162,76.570323,-9341.579430
493.192921,76.570323,114.855485,-9418.149754
493.193548,19.142581,191.425808,-9475.577496
493.194176,76.570323,267.996131,-9571.290400
493.194803,76.570323,210.568389,-9533.005238
493.195431,76.570323,191.425808,-9533.005238
493.196058,38.285162,210.568389,-9475.577496
493.196686,95.712904,114.855485,-9456.434915
493.197313,114.855485,133.998066,-9360.722011
493.197941,114.855485,95.712904,-9322.436850
493.198568,153.140646,114.855485,-9226.723946
493.199196,114.855485,133.998066,-9303.294269
493.199823,114.855485,153.140646,-9360.722011
493.200451,95.712904,191.425808,-9341.579430
493.201078,19.142581,229.710970,-9437.292334
493.201706,19.142581,248.853550,-9513.862658
493.202333,76.570323,229.710970,-9533.005238
493.202961,114.855485,133.998066,-9590.432981
493.203588,76.570323,114.855485,-9533.005238
493.204215,114.855485,95.712904,-9437.292334
493.204843,172.283227,76.570323,-9418.149754
493.205470,248.853550,0.000000,-9284.151688
493.206098,153.140646,38.285162,-9303.294269
493.206725,114.855485,114.855485,-9379.864592
493.207353,38.285162,114.855485,-9418.149754
493.207980,114.855485,210.568389,-9360.722011
493.208608,19.142581,210.568389,-9437.292334
493.209235,19.142581,229.710970,-9475.577496
493.209863,57.427742,287.138712,-9513.862658
493.210490,57.427742,191.425808,-9552.147819
493.211118,133.998066,210.568389,-9533.005238
493.211745,153.140646,114.855485,-9418.149754
493.212373,191.425808,95.712904,-9341.579430
493.213000,153.140646,95.712904,-9341.579430
493.213628,114.855485,114.855485,-9265.009107
493.214255,76.570323,76.570323,-9265.009107
493.214883,38.285162,210.568389,-9360.722011
493.215510,-38.285162,287.138712,-9418.149754
493.216137,57.427742,287.138712,-9494.720077
493.216765,38.285162,210.568389,-9533.005238
493.217392,57.427742,248.853550,-9571.290400
493.218020,133.998066,114.855485,-9533.005238
493.218647,153.140646,38.285162,-9552.147819
493.219275,172.283227,76.570323,-9475.577496
493.219902,191.425808,76.570323,-9418.149754
493.220530,191.425808,57.427742,-9360.722011
493.221157,95.712904,95.712904,-9379.864592
493.221785,114.855485,133.998066,-9341.579430
493.222412,114.855485,133.998066,-9360.722011
493.223040,95.712904,114.855485,-9456.434915
493.223667,38.285162,210.568389,-9533.005238
493.224295,95.712904,210.568389,-9552.147819
493.224922,95.712904,191.425808,-9552.147819
493.225550,133.998066,210.568389,-9533.005238
493.226177,133.998066,114.855485,-9456.434915
493.226804,210.568389,133.998066,-9399.007173
493.227432,210.568389,95.712904,-9341.579430
493.228060,76.570323,76.570323,-9265.009107
493.228687,76.570323,76.570323,-9265.009107
493.229315,95.712904,133.998066,-9303.294269
493.229942,95.712904,153.140646,-9322.436850
493.230570,38.285162,153.140646,-9437.292334
493.231197,19.142581,210.568389,-9533.005238
493.231825,-19.142581,229.710970,-9609.575562
493.232452,0.000000,172.283227,-9552.147819
493.233080,133.998066,76.570323,-9571.290400
493.233707,114.855485,133.998066,-9475.577496
493.234335,133.998066,114.855485,-9418.149754
493.234962,191.425808,38.285162,-9360.722011
493.235590,191.425808,95.712904,-9341.579430
493.236217,76.570323,76.570323,-9284.151688
493.236845,114.855485,172.283227,-9322.436850
493.237472,95.712904,287.138712,-9399.007173
493.238100,38.285162,229.710970,-9418.149754
493.238727,0.000000,287.138712,-9456.434915
493.239355,76.570323,210.568389,-9494.720077
493.239982,133.998066,210.568389,-9475.577496
493.240610,133.998066,210.568389,-9494.720077
493.241237,133.998066,114.855485,-9418.149754
493.241865,153.140646,133.998066,-9379.864592
493.242492,153.140646,76.570323,-9322.436850
493.243120,191.425808,95.712904,-9341.579430
493.243747,172.283227,114.855485,-9322.436850
493.244375,114.855485,172.283227,-9360.722011
493.245002,38.285162,172.283227,-9418.149754
493.245630,76.570323,210.568389,-9437.292334
493.246257,57.427742,153.140646,-9552.147819
493.246885,57.427742,172.283227,-9609.575562
493.247513,95.712904,133.998066,-9552.147819
493.248140,95.712904,133.998066,-9552.147819
493.248768,191.425808,76.570323,-9456.434915
493.249395,153.140646,76.570323,-9303.294269
493.250023,210.568389,95.712904,-9341.579430
493.250650,114.855485,133.998066,-9303.294269
493.251278,76.570323,114.855485,-9360.722011
493.251905,95.712904,133.998066,-9322.436850
493.252533,19.142581,172.283227,-9418.149754
493.253160,-38.285162,191.425808,-9399.007173
493.253788,38.285162,210.568389,-9437.292334
493.254415,57.427742,210.568389,-9552.147819
493.255043,133.998066,210.568389,-9418.149754
493.255670,76.570323,114.855485,-9437.292334
493.256298,210.568389,133.998066,-9399.007173
493.256925,191.425808,76.570323,-9418.149754
493.257553,153.140646,38.285162,-9284.151688
493.258180,133.998066,76.570323,-9303.294269
493.258808,114.855485,133.998066,-9303.294269
493.259435,95.712904,133.998066,-9322.436850
493.260063,57.427742,172.283227,-9437.292334
493.260690,19.142581,248.853550,-9590.432981
493.261318,95.712904,248.853550,-9552.147819
493.261945,95.712904,133.998066,-9552.147819
493.262573,210.568389,133.998066,-9513.862658
493.263200,191.425808,95.712904,-9513.862658
493.263828,172.283227,76.570323,-9418.149754
493.264455,114.855485,38.285162,-9379.864592
493.265083,133.998066,38.285162,-9303.294269
493.265711,76.570323,76.570323,-9284.151688
493.266338,95.712904,172.283227,-9322.436850
493.266966,95.712904,191.425808,-9360.722011
493.267593,57.427742,287.138712,-9456.434915
493.268221,38.285162,287.138712,-9513.862658
493.268848,57.427742,287.138712,-9494.720077
493.269476,114.855485,229.710970,-9494.720077
493.270103,38.285162,114.855485,-9475.577496
493.270731,133.998066,114.855485,-9418.149754
493.271358,114.855485,38.285162,-9399.007173
493.271986,172.283227,19.142581,-9360.722011
493.272613,153.140646,57.427742,-9245.866526
493.273241,76.570323,76.570323,-9322.436850
493.273868,19.142581,76.570323,-9341.579430
493.274496,19.142581,172.283227,-9418.149754
493.275123,19.142581,229.710970,-9533.005238
493.275751,0.000000,172.283227,-9552.147819
493.276378,38.285162,229.710970,-9533.005238
493.277006,38.285162,114.855485,-9456.434915
493.277633,133.998066,153.140646,-9533.005238
493.278261,191.425808,76.570323,-9456.434915
493.278888,153.140646,76.570323,-9379.864592
493.279516,248.853550,95.712904,-9341.579430
493.280143,133.998066,95.712904,-9245.866526
493.280771,133.998066,95.712904,-9303.294269
493.281398,114.855485,191.425808,-9360.722011
493.282026,95.712904,248.853550,-9360.722011
493.282653,38.285162,287.138712,-9456.434915
493.283281,57.427742,306.281293,-9475.577496
493.283908,114.855485,229.710970,-9513.862658
493.284536,114.855485,248.853550,-9552.147819
493.285164,114.855485,210.568389,-9513.862658
493.285791,133.998066,114.855485,-9475.577496
493.286419,210.568389,76.570323,-9418.149754
493.287046,153.140646,38.285162,-9341.579430
493.287674,76.570323,76.570323,-9322.436850
493.288301,114.855485,133.998066,-9360.722011
493.288929,38.285162,172.283227,-9418.149754
493.289556,57.427742,114.855485,-9418.149754
493.290184,19.142581,114.855485,-9533.005238
493.290811,-19.142581,210.568389,-9571.290400
493.291439,19.142581,153.140646,-9475.577496
493.292066,76.570323,153.140646,-9533.005238
493.292694,114.855485,133.998066,-9552.147819
493.293321,191.425808,57.427742,-9418.149754
493.293949,248.853550,38.285162,-9418.149754
493.294576,172.283227,114.855485,-9379.864592
493.295204,95.712904,153.140646,-9284.151688
493.295831,57.427742,248.853550,-9284.151688
493.296459,95.712904,172.283227,-9322.436850
493.297086,95.712904,248.853550,-9360.722011
493.297714,0.000000,287.138712,-9494.720077
493.298341,-19.142581,229.710970,-9571.290400
493.298969,19.142581,210.568389,-9533.005238
493.299596,95.712904,153.140646,-9475.577496
493.300224,172.283227,114.855485,-9494.720077
493.300851,172.283227,19.142581,-9456.434915
493.301479,229.710970,57.427742,-9341.579430
493.302106,191.425808,38.285162,-9284.151688
493.302734,133.998066,57.427742,-9379.864592
493.303361,95.712904,133.998066,-9360.722011
493.303989,38.285162,172.283227,-9418.149754
493.304617,19.142581,210.568389,-9437.292334
493.305244,0.000000,210.568389,-9552.147819
493.305872,0.000000,191.425808,-9552.147819
493.306499,57.427742,191.425808,-9552.147819
493.307127,133.998066,114.855485,-9533.005238
493.307754,95.712904,95.712904,-9494.720077
493.308382,153.140646,133.998066,-9399.007173
493.309009,133.998066,133.998066,-9322.436850
493.309637,114.855485,76.570323,-9226.723946
493.310264,95.712904,133.998066,-9245.866526
493.310892,172.283227,210.568389,-9341.579430
493.311519,172.283227,210.568389,-9322.436850
493.312147,19.142581,229.710970,-9437.292334
493.312774,57.427742,287.138712,-9494.720077
493.313402,-19.142581,191.425808,-9552.147819
493.314029,95.712904,172.283227,-9533.005238
493.314657,153.140646,133.998066,-9513.862658
493.315284,133.998066,114.855485,-9475.577496
493.315912,153.140646,95.712904,-9360.722011
493.316539,172.283227,114.855485,-9322.436850
493.317167,114.855485,114.855485,-9303.294269
493.317794,76.570323,76.570323,-9322.436850
493.318422,133.998066,114.855485,-9360.722011
493.319049,114.855485,114.855485,-9456.434915
493.319677,38.285162,114.855485,-9494.720077
493.320304,38.285162,172.283227,-9533.005238
493.320932,19.142581,229.710970,-9475.577496
493.321559,114.855485,133.998066,-9533.005238
493.322187,133.998066,114.855485,-9533.005238
493.322815,114.855485,38.285162,-9456.434915
493.323442,172.283227,95.712904,-9399.007173
493.324070,267.996131,95.712904,-9245.866526
493.324697,114.855485,114.855485,-9265.009107
493.325325,76.570323,76.570323,-9284.151688
493.325952,57.427742,153.140646,-9341.579430
493.326580,38.285162,191.425808,-9360.722011
493.327207,19.142581,229.710970,-9437.292334
493.327835,38.285162,229.710970,-9533.005238
493.328462,76.570323,210.568389,-9533.005238
493.329090,133.998066,114.855485,-9533.005238
493.329717,133.998066,76.570323,-9513.862658
493.330345,95.712904,57.427742,-9456.434915
493.330972,172.283227,38.285162,-9437.292334
493.331600,210.568389,95.712904,-9341.579430
493.332227,153.140646,76.570323,-9322.436850
493.332855,76.570323,76.570323,-9322.436850
493.333483,38.285162,153.140646,-9360.722011
493.334110,57.427742,229.710970,-9437.292334
493.334738,-38.285162,229.710970,-9552.147819
493.335365,38.285162,172.283227,-9533.005238
493.335993,57.427742,248.853550,-9552.147819
493.336620,76.570323,210.568389,-9475.577496
493.337248,133.998066,172.283227,-9475.577496
493.337875,133.998066,114.855485,-9360.722011
493.338503,153.140646,95.712904,-9341.579430
493.339130,172.283227,114.855485,-9265.009107
493.339758,133.998066,95.712904,-9341.579430
493.340385,114.855485,153.140646,-9360.722011
493.341013,76.570323,191.425808,-9360.722011
493.341641,57.427742,287.138712,-9456.434915
493.342268,57.427742,191.425808,-9533.005238
493.342896,38.285162,210.568389,-9552.147819
493.343523,38.285162,153.140646,-9475.577496
493.344151,133.998066,114.855485,-9533.005238
493.344778,114.855485,95.712904,-9437.292334
493.345406,191.425808,57.427742,-9418.149754
493.346033,153.140646,95.712904,-9360.722011
493.346661,153.140646,95.712904,-9303.294269
493.347288,57.427742,95.712904,-9399.007173
493.347916,95.712904,153.140646,-9360.722011
493.348544,76.570323,114.855485,-9418.149754
493.349171,19.142581,114.855485,-9494.720077
493.349799,-38.285162,248.853550,-9494.720077
493.350426,19.142581,210.568389,-9533.005238
493.351054,95.712904,191.425808,-9552.147819
493.351681,133.998066,95.712904,-9533.005238
493.352309,153.140646,114.855485,-9418.149754
493.352936,191.425808,133.998066,-9360.722011
493.353564,210.568389,95.712904,-9341.579430
493.354191,153.140646,95.712904,-9322.436850
493.354819,172.283227,172.283227,-9303.294269
493.355446,76.570323,133.998066,-9322.436850
493.356074,95.712904,248.853550,-9360.722011
493.356702,19.142581,229.710970,-9533.005238
493.357329,38.285162,229.710970,-9533.005238
493.357957,57.427742,191.425808,-9609.575562
493.358584,114.855485,153.140646,-9552.147819
493.359212,114.855485,133.998066,-9552.147819
493.359839,153.140646,133.998066,-9437.292334
493.360467,191.425808,19.142581,-9418.149754
493.361094,153.140646,38.285162,-9360.722011
493.361722,76.570323,38.285162,-9322.436850
493.362349,114.855485,114.855485,-9322.436850
493.362977,76.570323,114.855485,-9418.149754
493.363605,57.427742,191.425808,-9437.292334
493.364232,38.285162,229.710970,-9475.577496
493.364860,19.142581,248.853550,-9513.862658
493.365487,38.285162,210.568389,-9533.005238
493.366115,133.998066,153.140646,-9533.005238
493.366742,133.998066,114.855485,-9456.434915
493.367370,153.140646,133.998066,-9399.007173
493.367997,191.425808,114.855485,-9303.294269
493.368625,172.283227,114.855485,-9322.436850
493.369252,76.570323,76.570323,-9303.294269
493.369880,133.998066,95.712904,-9245.866526
493.370507,95.712904,153.140646,-9341.579430
493.371135,19.142581,210.568389,-9494.720077
493.371763,38.285162,210.568389,-9533.005238
493.372390,95.712904,191.425808,-9552.147819
493.373018,95.712904,133.998066,-9552.147819
493.373645,76.570323,76.570323,-9571.290400
493.374273,133.998066,76.570323,-9513.862658
493.374900,114.855485,0.000000,-9399.007173
493.375528,153.140646,57.427742,-9322.436850
493.376155,248.853550,95.712904,-9303.294269
493.376783,133.998066,76.570323,-9379.864592
493.377410,95.712904,210.568389,-9379.864592
493.378038,38.285162,229.710970,-9418.149754
493.378666,19.142581,229.710970,-9475.577496
493.379293,57.427742,248.853550,-9552.147819
493.379921,38.285162,172.283227,-9533.005238
493.380548,133.998066,210.568389,-9533.005238
493.381176,114.855485,172.283227,-9552.147819
493.381803,153.140646,114.855485,-9418.149754
493.382431,210.568389,95.712904,-9360.722011
493.383058,210.568389,95.712904,-9303.294269
493.383686,172.283227,114.855485,-9303.294269
493.384313,57.427742,133.998066,-9245.866526
493.384941,76.570323,191.425808,-9360.722011
493.385568,133.998066,210.568389,-9418.149754
493.386196,19.142581,267.996131,-9571.290400
493.386824,57.427742,248.853550,-9609.575562
493.387451,76.570323,133.998066,-9667.003304
493.388079,114.855485,38.285162,-9513.862658
493.388706,95.712904,133.998066,-9552.147819
493.389334,114.855485,38.285162,-9437.292334
493.389961,191.425808,57.427742,-9360.722011
493.390589,210.568389,95.712904,-9284.151688
493.391216,210.568389,95.712904,-9284.151688
493.391844,114.855485,153.140646,-9284.151688
493.392471,57.427742,210.568389,-9360.722011
493.393099,0.000000,248.853550,-9360.722011
493.393727,19.142581,114.855485,-9533.005238
493.394354,57.427742,248.853550,-9533.005238
493.394982,57.427742,191.425808,-9552.147819
493.395609,57.427742,172.283227,-9552.147819
493.396237,76.570323,133.998066,-9475.577496
493.396864,76.570323,114.855485,-9418.149754
493.397492,172.283227,95.712904,-9379.864592
493.398119,153.140646,95.712904,-9341.579430
493.398747,133.998066,95.712904,-9341.579430
493.399374,76.570323,114.855485,-9341.579430
493.400002,57.427742,153.140646,-9245.866526
493.400629,57.427742,114.855485,-9437.292334
493.401257,-38.285162,153.140646,-9494.720077
493.401885,38.285162,210.568389,-9552.147819
493.402512,76.570323,133.998066,-9590.432981
493.403140,172.283227,114.855485,-9571.290400
493.403767,57.427742,95.712904,-9475.577496
493.404395,114.855485,38.285162,-9399.007173
493.405022,191.425808,114.855485,-9303.294269
493.405650,153.140646,95.712904,-9303.294269
493.406277,133.998066,76.570323,-9284.151688
493.406905,95.712904,133.998066,-9245.866526
493.407532,95.712904,191.425808,-9360.722011
493.408160,57.427742,287.138712,-9456.434915
493.408787,133.998066,229.710970,-9494.720077
493.409415,76.570323,210.568389,-9533.005238
493.410043,76.570323,153.140646,-9475.577496
493.410670,76.570323,133.998066,-9552.147819
493.411298,114.855485,95.712904,-9494.720077
493.411925,191.425808,76.570323,-9418.149754
493.412553,248.853550,95.712904,-9360.722011
493.413180,153.140646,95.712904,-9303.294269
493.413808,76.570323,76.570323,-9322.436850
493.414435,38.285162,76.570323,-9341.579430
493.415063,114.855485,95.712904,-9399.007173
493.415690,19.142581,114.855485,-9533.005238
493.416318,0.000000,172.283227,-9552.147819
493.416946,38.285162,133.998066,-9552.147819
493.417573,57.427742,172.283227,-9552.147819
493.418201,114.855485,95.712904,-9513.862658
493.418828,114.855485,38.285162,-9399.007173
493.419456,172.283227,76.570323,-9418.149754
493.420083,133.998066,76.570323,-9303.294269
493.420711,172.283227,114.855485,-9265.009107
493.421338,76.570323,76.570323,-9303.294269
493.421966,57.427742,248.853550,-9360.722011
493.422593,95.712904,210.568389,-9360.722011
493.423221,38.285162,229.710970,-9437.292334
493.423848,57.427742,229.710970,-9513.862658
493.424476,57.427742,248.853550,-9552.147819
493.425104,114.855485,133.998066,-9552.147819
493.425731,153.140646,133.998066,-9513.862658
493.426359,191.425808,76.570323,-9418.149754
493.426986,191.425808,76.570323,-9418.149754
493.427614,153.140646,76.570323,-9379.864592
493.428241,76.570323,57.427742,-9379.864592
493.428869,38.285162,114.855485,-9418.149754
493.429496,38.285162,153.140646,-9437.292334
493.430124,57.427742,210.568389,-9437.292334
493.430751,-38.285162,248.853550,-9513.862658
493.431378,38.285162,267.996131,-9571.290400
493.432006,57.427742,191.425808,-9552.147819
493.432633,76.570323,114.855485,-9533.005238
493.433261,114.855485,133.998066,-9533.005238
493.433888,172.283227,76.570323,-9418.149754
493.434516,191.425808,114.855485,-9303.294269
493.435143,114.855485,76.570323,-9245.866526
493.435771,95.712904,133.998066,-9245.866526
493.436398,76.570323,153.140646,-9341.579430
493.437026,57.427742,191.425808,-9341.579430
493.437653,0.000000,344.566454,-9399.007173
493.438280,0.000000,229.710970,-9571.290400
493.438908,38.285162,210.568389,-9533.005238
493.439535,95.712904,153.140646,-9552.147819
493.440163,153.140646,172.283227,-9513.862658
493.440790,114.855485,95.712904,-9475.577496
493.441418,210.568389,76.570323,-9399.007173
493.442045,191.425808,76.570323,-9418.149754
493.442673,210.568389,95.712904,-9341.579430
493.443300,114.855485,95.712904,-9399.007173
493.443928,95.712904,153.140646,-9360.722011
493.444555,38.285162,172.283227,-9418.149754
493.445183,-57.427742,191.425808,-9513.862658
493.445810,-38.285162,248.853550,-9513.862658
493.446437,76.570323,114.855485,-9533.005238
493.447065,133.998066,114.855485,-9475.577496
493.447692,133.998066,114.855485,-9475.577496
493.448320,210.568389,133.998066,-9399.007173
493.448947,172.283227,76.570323,-9418.149754
493.449575,172.283227,114.855485,-9265.009107
493.450202,172.283227,210.568389,-9284.151688
493.450830,38.285162,153.140646,-9341.579430
493.451457,76.570323,191.425808,-9341.579430
493.452085,57.427742,248.853550,-9360.722011
493.452712,19.142581,267.996131,-9571.290400
493.453339,57.427742,248.853550,-9552.147819
493.453967,57.427742,229.710970,-9513.862658
493.454594,95.712904,114.855485,-9475.577496
493.455222,114.855485,133.998066,-9552.147819
493.455849,191.425808,76.570323,-9456.434915
493.456477,229.710970,57.427742,-9360.722011
493.457104,153.140646,95.712904,-9284.151688
493.457732,76.570323,76.570323,-9284.151688
493.458359,95.712904,153.140646,-9341.579430
493.458987,76.570323,229.710970,-9418.149754
493.459614,76.570323,210.568389,-9475.577496
493.460241,19.142581,229.710970,-9533.005238
493.460869,19.142581,210.568389,-9475.577496
493.461496,76.570323,210.568389,-9475.577496
493.462124,133.998066,172.283227,-9475.577496
493.462751,172.283227,133.998066,-9475.577496
493.463379,191.425808,76.570323,-9418.149754
493.464006,153.140646,95.712904,-9341.579430
493.464634,210.568389,95.712904,-9245.866526
493.465261,95.712904,133.998066,-9341.579430
493.465889,114.855485,172.283227,-9303.294269
493.466516,57.427742,248.853550,-9360.722011
493.467144,-19.142581,248.853550,-9418.149754
493.467771,19.142581,287.138712,-9552.147819
493.468398,57.427742,153.140646,-9552.147819
493.469026,114.855485,114.855485,-9571.290400
493.469653,133.998066,114.855485,-9552.147819
493.470281,114.855485,95.712904,-9437.292334
493.470908,172.283227,95.712904,-9399.007173
493.471536,248.853550,57.427742,-9341.579430
493.472163,153.140646,38.285162,-9303.294269
493.472791,76.570323,76.570323,-9303.294269
493.473418,0.000000,153.140646,-9360.722011
493.474046,95.712904,210.568389,-9360.722011
493.474673,38.285162,153.140646,-9437.292334
493.475300,19.142581,229.710970,-9552.147819
493.475928,38.285162,210.568389,-9533.005238
493.476555,114.855485,133.998066,-9552.147819
493.477183,153.140646,133.998066,-9437.292334
493.477810,172.283227,76.570323,-9456.434915
493.478438,191.425808,114.855485,-9379.864592
493.479065,191.425808,114.855485,-9265.009107
493.479693,172.283227,114.855485,-9284.151688
493.480320,95.712904,133.998066,-9245.866526
493.480948,57.427742,191.425808,-9322.436850
493.481575,76.570323,210.568389,-9437.292334
493.482202,38.285162,210.568389,-9437.292334
493.482830,38.285162,153.140646,-9437.292334
493.483457,0.000000,133.998066,-9552.147819
493.484085,133.998066,76.570323,-9571.290400
493.484712,133.998066,114.855485,-9533.005238
493.485340,114.855485,38.285162,-9437.292334
493.485967,210.568389,57.427742,-9360.722011
493.486595,153.140646,95.712904,-9284.151688
493.487222,95.712904,133.998066,-9360.722011
493.487850,95.712904,153.140646,-9341.579430
493.488477,57.427742,153.140646,-9360.722011
493.489104,0.000000,248.853550,-9360.722011
493.489732,57.427742,287.138712,-9513.862658
493.490359,0.000000,248.853550,-9552.147819
493.490987,57.427742,191.425808,-9552.147819
493.491614,133.998066,153.140646,-9494.720077
493.492242,172.283227,114.855485,-9494.720077
493.492869,172.283227,172.283227,-9379.864592
493.493497,191.425808,114.855485,-9303.294269
493.494124,153.140646,57.427742,-9245.866526
493.494752,153.140646,95.712904,-9303.294269
493.495379,114.855485,172.283227,-9341.579430
493.496007,57.427742,248.853550,-9360.722011
493.496634,19.142581,172.283227,-9533.005238
493.497261,19.142581,210.568389,-9533.005238
493.497889,76.570323,153.140646,-9552.147819
493.498516,95.712904,133.998066,-9552.147819
493.499144,191.425808,57.427742,-9533.005238
493.499771,153.140646,76.570323,-9494.720077
493.500399,191.425808,19.142581,-9418.149754
493.501026,210.568389,95.712904,-9245.866526
493.501654,153.140646,95.712904,-9284.151688
493.502281,133.998066,95.712904,-9245.866526
493.502909,95.712904,153.140646,-9303.294269
493.503536,38.285162,229.710970,-9418.149754
493.504163,-38.285162,229.710970,-9475.577496
493.504791,38.285162,248.853550,-9494.720077
493.505418,95.712904,172.283227,-9552.147819
493.506046,38.285162,210.568389,-9475.577496
493.506673,153.140646,133.998066,-9437.292334
493.507301,191.425808,76.570323,-9360.722011
493.507928,191.425808,76.570323,-9418.149754
493.508556,248.853550,95.712904,-9341.579430
493.509183,191.425808,95.712904,-9303.294269
493.509811,95.712904,133.998066,-9303.294269
493.510438,57.427742,133.998066,-9360.722011
493.511065,76.570323,172.283227,-9360.722011
493.511693,57.427742,287.138712,-9513.862658
493.512320,38.285162,210.568389,-9533.005238
493.512948,57.427742,172.283227,-9609.575562
493.513575,57.427742,114.855485,-9475.577496
493.514203,133.998066,133.998066,-9552.147819
493.514830,210.568389,76.570323,-9418.149754
493.515458,191.425808,0.000000,-9418.149754
493.516085,133.998066,19.142581,-9379.864592
493.516713,95.712904,133.998066,-9245.866526
493.517340,95.712904,248.853550,-9341.579430
493.517967,38.285162,191.425808,-9360.722011
493.518595,95.712904,248.853550,-9360.722011
493.519222,-19.142581,267.996131,-9533.005238
493.519850,57.427742,287.138712,-9494.720077
493.520477,76.570323,153.140646,-9533.005238
493.521105,133.998066,153.140646,-9475.577496
493.521732,153.140646,114.855485,-9475.577496
493.522360,191.425808,95.712904,-9379.864592
493.522987,172.283227,76.570323,-9360.722011
493.523615,172.283227,114.855485,-9284.151688
493.524242,114.855485,153.140646,-9341.579430
493.524870,57.427742,153.140646,-9360.722011
493.525497,133.998066,114.855485,-9418.149754
493.526124,57.427742,153.140646,-9437.292334
493.526752,38.285162,210.568389,-9533.005238
493.527379,19.142581,114.855485,-9533.005238
493.528007,57.427742,133.998066,-9552.147819
493.528634,76.570323,76.570323,-9571.290400
493.529262,133.998066,95.712904,-9456.434915
493.529889,153.140646,95.712904,-9360.722011
493.530517,191.425808,95.712904,-9341.579430
493.531144,210.568389,57.427742,-9341.579430
493.531772,114.855485,133.998066,-9245.866526
493.532399,38.285162,133.998066,-9322.436850
493.533027,57.427742,248.853550,-9360.722011
493.533654,95.712904,229.710970,-9437.292334
493.534282,38.285162,210.568389,-9533.005238
493.534909,95.712904,229.710970,-9513.862658
493.535537,95.712904,133.998066,-9552.147819
493.536164,76.570323,114.855485,-9437.292334
493.536792,153.140646,114.855485,-9418.149754
493.537419,153.140646,133.998066,-9399.007173
493.538047,172.283227,76.570323,-9360.722011
493.538674,76.570323,114.855485,-9341.579430
493.539302,95.712904,76.570323,-9322.436850
493.539929,38.285162,172.283227,-9418.149754
493.540557,57.427742,210.568389,-9418.149754
493.541184,-38.285162,191.425808,-9494.720077
493.541812,0.000000,191.425808,-9552.147819
493.542439,57.427742,133.998066,-9552.147819
493.543067,76.570323,114.855485,-9533.005238
493.543694,95.712904,76.570323,-9552.147819
493.544322,114.855485,95.712904,-9437.292334
493.544949,210.568389,57.427742,-9360.722011
493.545577,114.855485,133.998066,-9284.151688
493.546204,95.712904,133.998066,-9303.294269
493.546832,95.712904,172.283227,-9341.579430
493.547459,95.712904,191.425808,-9341.579430
493.548087,57.427742,306.281293,-9399.007173
493.548714,0.000000,248.853550,-9552.147819
493.549342,19.142581,210.568389,-9475.577496
493.549969,95.712904,191.425808,-9552.147819
493.550597,133.998066,114.855485,-9475.577496
493.551224,153.140646,133.998066,-9494.720077
493.551852,172.283227,76.570323,-9418.149754
493.552479,210.568389,95.712904,-9360.722011
493.553107,153.140646,38.285162,-9284.151688
493.553734,76.570323,76.570323,-9379.864592
493.554362,57.427742,172.283227,-9303.294269
493.554989,57.427742,153.140646,-9360.722011
493.555617,76.570323,210.568389,-9494.720077
493.556244,-19.142581,172.283227,-9552.147819
493.556872,95.712904,210.568389,-9590.432981
493.557499,114.855485,133.998066,-9590.432981
493.558127,95.712904,133.998066,-9533.005238
493.558754,114.855485,133.998066,-9475.577496
493.559382,153.140646,133.998066,-9399.007173
493.560009,172.283227,114.855485,-9284.151688
493.560637,114.855485,172.283227,-9245.866526
493.561264,95.712904,153.140646,-9303.294269
493.561892,57.427742,191.425808,-9360.722011
493.562519,76.570323,229.710970,-9418.149754
493.563147,-38.285162,248.853550,-9399.007173
493.563774,-38.285162,191.425808,-9513.862658
493.564402,0.000000,153.140646,-9552.147819
493.565029,57.427742,172.283227,-9552.147819
493.565657,95.712904,172.283227,-9533.005238
493.566284,133.998066,114.855485,-9456.434915
493.566912,191.425808,76.570323,-9418.149754
493.567539,153.140646,57.427742,-9303.294269
493.568167,172.283227,114.855485,-9284.151688
493.568794,95.712904,95.712904,-9399.007173
493.569422,19.142581,172.283227,-9418.149754
493.570049,19.142581,191.425808,-9399.007173
493.570677,0.000000,229.710970,-9513.862658
493.571304,38.285162,229.710970,-9533.005238
493.571932,57.427742,191.425808,-9552.147819
493.572559,38.285162,114.855485,-9533.005238
493.573187,172.283227,76.570323,-9456.434915
493.573814,172.283227,76.570323,-9418.149754
493.574442,172.283227,57.427742,-9399.007173
493.575069,191.425808,95.712904,-9284.151688
493.575697,133.998066,38.285162,-9284.151688
493.576324,95.712904,210.568389,-9303.294269
493.576952,38.285162,325.423874,-9379.864592
493.577579,-38.285162,229.710970,-9418.149754
493.578207,19.142581,229.710970,-9533.005238
493.578834,38.285162,210.568389,-9533.005238
493.579462,114.855485,172.283227,-9533.005238
493.580089,133.998066,153.140646,-9475.577496
493.580717,172.283227,114.855485,-9571.290400
493.581344,191.425808,57.427742,-9418.149754
493.581972,191.425808,57.427742,-9418.149754
493.582599,133.998066,95.712904,-9303.294269
493.583227,76.570323,76.570323,-9379.864592
493.583854,38.285162,191.425808,-9418.149754
493.584482,38.285162,191.425808,-9418.149754
493.585109,38.285162,229.710970,-9494.720077
493.585737,38.285162,229.710970,-9533.005238
493.586364,0.000000,172.283227,-9609.575562
493.586992,57.427742,133.998066,-9552.147819
493.587619,133.998066,114.855485,-9533.005238
493.588247,114.855485,95.712904,-9494.720077
493.588874,210.568389,133.998066,-9379.864592
493.589502,210.568389,95.712904,-9284.151688
493.590129,114.855485,133.998066,-9303.294269
493.590757,114.855485,114.855485,-9284.151688
493.591384,95.712904,191.425808,-9245.866526
493.592012,38.285162,229.710970,-9418.149754
493.592639,76.570323,229.710970,-9437.292334
493.593266,57.427742,248.853550,-9552.147819
493.593894,76.570323,210.568389,-9533.005238
493.594521,133.998066,114.855485,-9533.005238
493.595149,114.855485,133.998066,-9552.147819
493.595776,133.998066,57.427742,-9494.720077
493.596404,172.283227,57.427742,-9418.149754
493.597031,133.998066,19.142581,-9322.436850
493.597659,172.283227,114.855485,-9341.579430
493.598286,95.712904,133.998066,-9284.151688
493.598914,95.712904,191.425808,-9360.722011
493.599541,19.142581,210.568389,-9437.292334
493.600169,19.142581,153.140646,-9494.720077
493.600796,76.570323,114.855485,-9494.720077
493.601424,95.712904,172.283227,-9552.147819
493.602051,114.855485,172.283227,-9552.147819
493.602679,114.855485,95.712904,-9494.720077
493.603306,114.855485,95.712904,-9399.007173
493.603934,191.425808,76.570323,-9418.149754
493.604561,172.283227,114.855485,-9265.009107
493.605189,133.998066,76.570323,-9322.436850
493.605816,95.712904,153.140646,-9341.579430
493.606444,0.000000,210.568389,-9284.151688
493.607071,38.285162,229.710970,-9418.149754
493.607699,38.285162,229.710970,-9494.720077
493.608326,0.000000,287.138712,-9513.862658
493.608954,95.712904,172.283227,-9647.860723
493.609581,114.855485,133.998066,-9552.147819
493.610209,133.998066,57.427742,-9571.290400
493.610836,191.425808,57.427742,-9456.434915
493.611464,210.568389,19.142581,-9456.434915
493.612091,210.568389,95.712904,-9360.722011
493.612719,76.570323,76.570323,-9379.864592
493.613346,57.427742,133.998066,-9360.722011
493.613974,38.285162,172.283227,-9418.149754
493.614601,57.427742,287.138712,-9399.007173
493.615229,38.285162,229.710970,-9533.005238
493.615856,57.427742,287.138712,-9513.862658
493.616484,57.427742,172.283227,-9590.432981
493.617111,133.998066,114.855485,-9475.577496
493.617739,133.998066,114.855485,-9341.579430
493.618366,210.568389,95.712904,-9284.151688
493.618994,210.568389,95.712904,-9245.866526
493.619621,153.140646,95.712904,-9303.294269
493.620249,95.712904,133.998066,-9303.294269
493.620876,57.427742,153.140646,-9360.722011
493.621504,76.570323,229.710970,-9418.149754
493.622131,-38.285162,191.425808,-9513.862658
493.622759,0.000000,172.283227,-9571.290400
493.623386,76.570323,172.283227,-9647.860723
493.624014,133.998066,76.570323,-9571.290400
493.624641,114.855485,133.998066,-9552.147819
493.625269,191.425808,76.570323,-9475.577496
493.625896,114.855485,38.285162,-9399.007173
493.626524,210.568389,95.712904,-9360.722011
493.627151,133.998066,76.570323,-9322.436850
493.627779,114.855485,95.712904,-9399.007173
493.628406,76.570323,172.283227,-9360.722011
493.629034,57.427742,229.710970,-9418.149754
493.629661,0.000000,248.853550,-9533.005238
493.630288,38.285162,229.710970,-9533.005238
493.630916,76.570323,210.568389,-9533.005238
493.631543,153.140646,172.283227,-9475.577496
493.632171,210.568389,153.140646,-9494.720077
493.632798,210.568389,95.712904,-9341.579430
493.633425,153.140646,95.712904,-9284.151688
493.634053,191.425808,114.855485,-9265.009107
493.634680,95.712904,153.140646,-9341.579430
493.635307,114.855485,153.140646,-9284.151688
493.635935,95.712904,248.853550,-9360.722011
493.636562,-38.285162,191.425808,-9494.720077
493.637190,57.427742,287.138712,-9513.862658
493.637817,95.712904,153.140646,-9552.147819
493.638444,57.427742,133.998066,-9552.147819
493.639072,114.855485,133.998066,-9533.005238
493.639699,133.998066,114.855485,-9475.577496
493.640326,210.568389,76.570323,-9418.149754
493.640954,114.855485,95.712904,-9379.864592
493.641581,133.998066,95.712904,-9360.722011
493.642209,57.427742,95.712904,-9399.007173
493.642836,38.285162,133.998066,-9303.294269
493.643463,19.142581,210.568389,-9418.149754
493.644091,19.142581,229.710970,-9437.292334
493.644718,57.427742,287.138712,-9513.862658
493.645345,57.427742,191.425808,-9552.147819
493.645973,57.427742,191.425808,-9533.005238
493.646600,133.998066,153.140646,-9418.149754
493.647228,114.855485,95.712904,-9399.007173
493.647855,172.283227,76.570323,-9418.149754
493.648482,210.568389,95.712904,-9303.294269
493.649110,114.855485,114.855485,-9341.579430
493.649737,95.712904,133.998066,-9341.579430
493.650364,95.712904,133.998066,-9303.294269
493.650992,19.142581,210.568389,-9418.149754
493.651619,-38.285162,210.568389,-9494.720077
493.652247,38.285162,210.568389,-9533.005238
493.652874,38.285162,153.140646,-9533.005238
493.653501,133.998066,76.570323,-9571.290400
493.654129,153.140646,95.712904,-9552.147819
493.654756,172.283227,57.427742,-9456.434915
493.655384,191.425808,57.427742,-9360.722011
493.656011,210.568389,0.000000,-9341.579430
493.656638,133.998066,95.712904,-9303.294269
493.657266,114.855485,114.855485,-9284.151688
493.657893,114.855485,133.998066,-9360.722011
493.658520,57.427742,287.138712,-9456.434915
493.659148,0.000000,306.281293,-9513.862658
493.659775,38.285162,306.281293,-9437.292334
493.660403,95.712904,229.710970,-9533.005238
493.661030,172.283227,172.283227,-9533.005238
493.661657,172.283227,95.712904,-9494.720077
493.662285,210.568389,133.998066,-9399.007173
493.662912,248.853550,95.712904,-9341.579430
493.663539,153.140646,57.427742,-9341.579430
493.664167,172.283227,114.855485,-9322.436850
493.664794,95.712904,153.140646,-9245.866526
493.665422,76.570323,210.568389,-9418.149754
493.666049,19.142581,248.853550,-9418.149754
493.666676,-38.285162,248.853550,-9513.862658
493.667304,0.000000,172.283227,-9590.432981
493.667931,57.427742,133.998066,-9590.432981
493.668558,76.570323,114.855485,-9533.005238
493.669186,133.998066,19.142581,-9513.862658
493.669813,172.283227,0.000000,-9399.007173
493.670441,172.283227,38.285162,-9341.579430
493.671068,114.855485,133.998066,-9284.151688
493.671695,133.998066,76.570323,-9284.151688
493.672323,114.855485,153.140646,-9360.722011
493.672950,133.998066,287.138712,-9322.436850
493.673577,95.712904,191.425808,-9360.722011
493.674205,38.285162,229.710970,-9494.720077
493.674832,57.427742,229.710970,-9513.862658
493.675460,57.427742,210.568389,-9552.147819
493.676087,210.568389,133.998066,-9494.720077
493.676714,210.568389,133.998066,-9494.720077
493.677342,191.425808,57.427742,-9418.149754
493.677969,210.568389,0.000000,-9341.579430
493.678596,172.283227,76.570323,-9418.149754
493.679224,95.712904,95.712904,-9379.864592
493.679851,95.712904,133.998066,-9341.579430
493.680479,57.427742,210.568389,-9418.149754
493.681106,-57.427742,191.425808,-9494.720077
493.681733,57.427742,153.140646,-9552.147819
493.682361,76.570323,172.283227,-9609.575562
493.682988,172.283227,133.998066,-9590.432981
493.683615,191.425808,114.855485,-9571.290400
493.684243,172.283227,76.570323,-9475.577496
493.684870,114.855485,95.712904,-9399.007173
493.685498,153.140646,95.712904,-9341.579430
493.686125,95.712904,172.283227,-9303.294269
493.686752,95.712904,153.140646,-9245.866526
493.687380,95.712904,172.283227,-9322.436850
493.688007,133.998066,229.710970,-9437.292334
493.688634,19.142581,248.853550,-9513.862658
493.689262,57.427742,248.853550,-9475.577496
493.689889,76.570323,172.283227,-9533.005238
493.690517,210.568389,191.425808,-9437.292334
493.691144,153.140646,114.855485,-9494.720077
493.691771,133.998066,114.855485,-9418.149754
493.692399,229.710970,76.570323,-9360.722011
493.693026,210.568389,95.712904,-9341.579430
493.693653,95.712904,133.998066,-9303.294269
493.694281,76.570323,172.283227,-9418.149754
493.694908,57.427742,153.140646,-9360.722011
493.695536,57.427742,267.996131,-9437.292334
493.696163,19.142581,210.568389,-9533.005238
493.696790,0.000000,172.283227,-9571.290400
493.697418,57.427742,172.283227,-9552.147819
493.698045,133.998066,133.998066,-9513.862658
493.698672,172.283227,95.712904,-9437.292334
493.699300,210.568389,19.142581,-9418.149754
493.699927,153.140646,95.712904,-9341.579430
493.700555,153.140646,95.712904,-9284.151688
493.701182,57.427742,153.140646,-9322.436850
493.701809,76.570323,153.140646,-9322.436850
493.702437,76.570323,267.996131,-9322.436850
493.703064,-19.142581,267.996131,-9456.434915
493.703691,76.570323,229.710970,-9475.577496
493.704319,38.285162,153.140646,-9533.005238
493.704946,57.427742,172.283227,-9552.147819
493.705574,153.140646,114.855485,-9533.005238
493.706201,191.425808,76.570323,-9418.149754
493.706828,191.425808,57.427742,-9418.149754
493.707456,248.853550,95.712904,-9341.579430
493.708083,153.140646,57.427742,-9303.294269
493.708710,133.998066,133.998066,-9322.436850
493.709338,95.712904,172.283227,-9360.722011
493.709965,19.142581,191.425808,-9437.292334
493.710593,0.000000,287.138712,-9513.862658
493.711220,38.285162,229.710970,-9533.005238
493.711847,57.427742,133.998066,-9590.432981
493.712475,114.855485,133.998066,-9533.005238
493.713102,133.998066,114.855485,-9475.577496
493.713729,191.425808,76.570323,-9418.149754
493.714357,191.425808,57.427742,-9360.722011
493.714984,153.140646,57.427742,-9245.866526
493.715612,153.140646,95.712904,-9303.294269
493.716239,95.712904,153.140646,-9341.579430
493.716866,95.712904,267.996131,-9360.722011
493.717494,38.285162,229.710970,-9418.149754
493.718121,19.142581,267.996131,-9571.290400
493.718748,19.142581,248.853550,-9571.290400
493.719376,114.855485,191.425808,-9609.575562
493.720003,153.140646,133.998066,-9513.862658
493.720631,114.855485,95.712904,-9437.292334
493.721258,172.283227,76.570323,-9475.577496
493.721885,287.138712,76.570323,-9341.579430
493.722513,114.855485,95.712904,-9265.009107
493.723140,76.570323,114.855485,-9360.722011
493.723767,57.427742,153.140646,-9341.579430
493.724395,76.570323,229.710970,-9418.149754
493.725022,38.285162,191.425808,-9437.292334
493.725650,57.427742,248.853550,-9552.147819
493.726277,38.285162,153.140646,-9533.005238
493.726904,114.855485,172.283227,-9552.147819
493.727532,153.140646,172.283227,-9513.862658
493.728159,191.425808,76.570323,-9418.149754
493.728786,191.425808,76.570323,-9418.149754
493.729414,248.853550,95.712904,-9245.866526
493.730041,114.855485,133.998066,-9245.866526
493.730669,172.283227,210.568389,-9303.294269
493.731296,114.855485,191.425808,-9379.864592
493.731923,57.427742,248.853550,-9399.007173
493.732551,-19.142581,267.996131,-9494.720077
493.733178,0.000000,229.710970,-9456.434915
493.733805,133.998066,210.568389,-9552.147819
493.734433,76.570323,114.855485,-9533.005238
493.735060,133.998066,114.855485,-9533.005238
493.735687,153.140646,95.712904,-9533.005238
493.736315,248.853550,133.998066,-9456.434915
493.736942,210.568389,57.427742,-9341.579430
493.737569,153.140646,38.285162,-9341.579430
493.738197,38.285162,133.998066,-9379.864592
493.738824,57.427742,95.712904,-9399.007173
493.739451,76.570323,191.425808,-9418.149754
493.740079,19.142581,229.710970,-9533.005238
493.740706,0.000000,248.853550,-9552.147819
493.741334,57.427742,172.283227,-9609.575562
493.741961,153.140646,133.998066,-9437.292334
493.742588,153.140646,133.998066,-9494.720077
493.743216,210.568389,133.998066,-9399.007173
493.743843,210.568389,57.427742,-9341.579430
493.744470,153.140646,95.712904,-9245.866526
493.745098,114.855485,153.140646,-9245.866526
493.745725,38.285162,153.140646,-9284.151688
493.746352,38.285162,248.853550,-9379.864592
493.746980,76.570323,248.853550,-9379.864592
493.747607,0.000000,287.138712,-9494.720077
493.748234,76.570323,248.853550,-9513.862658
493.748862,133.998066,210.568389,-9533.005238
493.749489,153.140646,133.998066,-9513.862658
493.750116,191.425808,38.285162,-9533.005238
493.750744,172.283227,57.427742,-9418.149754
493.751371,191.425808,76.570323,-9418.149754
493.751998,191.425808,57.427742,-9341.579430
493.752626,114.855485,0.000000,-9379.864592
493.753253,95.712904,153.140646,-9322.436850
493.753881,76.570323,210.568389,-9418.149754
493.754508,-38.285162,210.568389,-9475.577496
493.755135,-38.285162,153.140646,-9513.862658
493.755763,38.285162,210.568389,-9533.005238
493.756390,57.427742,248.853550,-9552.147819
493.757017,133.998066,114.855485,-9475.577496
493.757645,172.283227,76.570323,-9418.149754
493.758272,229.710970,133.998066,-9379.864592
493.758899,210.568389,38.285162,-9303.294269
493.759527,210.568389,95.712904,-9322.436850
493.760154,76.570323,153.140646,-9379.864592
493.760781,57.427742,191.425808,-9303.294269
493.761409,76.570323,191.425808,-9418.149754
493.762036,-38.285162,267.996131,-9571.290400
493.762663,19.142581,248.853550,-9571.290400
493.763291,38.285162,114.855485,-9533.005238
493.763918,114.855485,95.712904,-9513.862658
493.764545,172.283227,38.285162,-9437.292334
493.765173,172.283227,19.142581,-9475.577496
493.765800,191.425808,38.285162,-9418.149754
493.766428,153.140646,95.712904,-9284.151688
493.767055,133.998066,38.285162,-9322.436850
493.767682,95.712904,133.998066,-9303.294269
493.768310,57.427742,133.998066,-9341.579430
493.768937,57.427742,191.425808,-9360.722011
493.769564,38.285162,210.568389,-9475.577496
493.770192,38.285162,229.710970,-9533.005238
493.770819,76.570323,248.853550,-9552.147819
493.771446,172.283227,114.855485,-9513.862658
493.772074,191.425808,76.570323,-9475.577496
493.772701,191.425808,76.570323,-9418.149754
493.773328,210.568389,133.998066,-9379.864592
493.773956,153.140646,57.427742,-9284.151688
493.774583,95.712904,153.140646,-9245.866526
493.775210,57.427742,210.568389,-9341.579430
493.775838,57.427742,191.425808,-9360.722011
493.776465,0.000000,325.423874,-9399.007173
493.777092,-57.427742,248.853550,-9494.720077
493.777720,19.142581,248.853550,-9513.862658
493.778347,57.427742,133.998066,-9552.147819
493.778975,95.712904,95.712904,-9513.862658
493.779602,172.283227,38.285162,-9494.720077
493.780229,172.283227,57.427742,-9399.007173
493.780857,172.283227,76.570323,-9456.434915
493.781484,153.140646,38.285162,-9341.579430
493.782111,172.283227,114.855485,-9284.151688
493.782739,95.712904,133.998066,-9360.722011
493.783366,38.285162,172.283227,-9360.722011
493.783993,-38.285162,210.568389,-9475.577496
493.784621,0.000000,191.425808,-9552.147819
493.785248,76.570323,191.425808,-9533.005238
493.785875,133.998066,248.853550,-9571.290400
493.786503,76.570323,153.140646,-9494.720077
493.787130,172.283227,38.285162,-9437.292334
493.787757,191.425808,76.570323,-9418.149754
493.788385,153.140646,95.712904,-9360.722011
493.789012,76.570323,76.570323,-9322.436850
493.789639,114.855485,153.140646,-9341.579430
493.790267,76.570323,267.996131,-9284.151688
493.790894,57.427742,229.710970,-9418.149754
493.791522,38.285162,210.568389,-9494.720077
493.792149,57.427742,191.425808,-9552.147819
493.792776,57.427742,133.998066,-9590.432981
493.793404,114.855485,133.998066,-9552.147819
493.794031,172.283227,76.570323,-9533.005238
493.794658,191.425808,76.570323,-9456.434915
493.795286,287.138712,57.427742,-9360.722011
493.795913,210.568389,38.285162,-9284.151688
493.796540,153.140646,57.427742,-9341.579430
493.797168,95.712904,210.568389,-9341.579430
493.797795,95.712904,210.568389,-9245.866526
493.798422,57.427742,153.140646,-9360.722011
493.799050,38.285162,229.710970,-9533.005238
493.799677,57.427742,248.853550,-9533.005238
493.800304,38.285162,153.140646,-9533.005238
493.800932,133.998066,172.283227,-9437.292334
493.801559,210.568389,133.998066,-9399.007173
493.802186,191.425808,76.570323,-9418.149754
493.802814,191.425808,76.570323,-9341.579430
493.803441,153.140646,95.712904,-9245.866526
493.804068,95.712904,95.712904,-9207.581365
493.804696,76.570323,191.425808,-9322.436850
493.805323,76.570323,210.568389,-9437.292334
493.805951,-57.427742,153.140646,-9513.862658
493.806578,-19.142581,191.425808,-9590.432981
493.807205,-19.142581,191.425808,-9552.147819
493.807833,57.427742,172.283227,-9552.147819
493.808460,76.570323,114.855485,-9533.005238
493.809087,133.998066,76.570323,-9513.862658
493.809715,153.140646,76.570323,-9379.864592
493.810342,172.283227,76.570323,-9360.722011
493.810969,133.998066,76.570323,-9322.436850
493.811597,76.570323,133.998066,-9303.294269
493.812224,0.000000,248.853550,-9303.294269
493.812851,38.285162,229.710970,-9418.149754
493.813479,-19.142581,267.996131,-9437.292334
493.814106,-19.142581,267.996131,-9533.005238
493.814733,19.142581,172.283227,-9513.862658
493.815361,114.855485,153.140646,-9552.147819
493.815988,172.283227,114.855485,-9571.290400
493.816615,191.425808,76.570323,-9456.434915
493.817243,210.568389,95.712904,-9360.722011
493.817870,248.853550,38.285162,-9341.579430
493.818498,153.140646,95.712904,-9303.294269
493.819125,95.712904,76.570323,-9284.151688
493.819752,76.570323,114.855485,-9418.149754
493.820380,57.427742,210.568389,-9437.292334
493.821007,0.000000,229.710970,-9513.862658
493.821634,-19.142581,210.568389,-9571.290400
493.822262,19.142581,153.140646,-9552.147819
493.822889,153.140646,95.712904,-9552.147819
493.823516,172.283227,76.570323,-9475.577496
493.824144,191.425808,57.427742,-9418.149754
493.824771,191.425808,38.285162,-9418.149754
493.825398,153.140646,57.427742,-9284.151688
493.826026,172.283227,76.570323,-9245.866526
493.826653,38.285162,133.998066,-9360.722011
493.827280,57.427742,248.853550,-9360.722011
493.827908,19.142581,267.996131,-9399.007173
493.828535,0.000000,267.996131,-9533.005238
493.829162,19.142581,210.568389,-9494.720077
493.829790,38.285162,191.425808,-9571.290400
493.830417,133.998066,153.140646,-9475.577496
493.831045,133.998066,114.855485,-9533.005238
493.831672,153.140646,133.998066,-9399.007173
493.832299,210.568389,133.998066,-9379.864592
493.832927,153.140646,57.427742,-9341.579430
493.833554,133.998066,76.570323,-9379.864592
493.834181,76.570323,133.998066,-9341.579430
493.834809,57.427742,229.710970,-9418.149754
493.835436,-38.285162,229.710970,-9418.149754
493.836064,57.427742,191.425808,-9552.147819
493.836691,95.712904,133.998066,-9552.147819
493.837319,114.855485,133.998066,-9552.147819
493.837946,133.998066,114.855485,-9533.005238
493.838574,191.425808,76.570323,-9475.577496
493.839201,133.998066,95.712904,-9418.149754
493.839829,153.140646,95.712904,-9303.294269
493.840456,153.140646,95.712904,-9341.579430
493.841084,114.855485,153.140646,-9341.579430
493.841711,38.285162,267.996131,-9284.151688
493.842339,57.427742,287.138712,-9399.007173
493.842966,38.285162,306.281293,-9437.292334
493.843594,19.142581,267.996131,-9571.290400
493.844221,-38.285162,153.140646,-9590.432981
493.844849,76.570323,133.998066,-9533.005238
493.845476,114.855485,95.712904,-9513.862658
493.846104,114.855485,95.712904,-9399.007173
493.846731,248.853550,38.285162,-9418.149754
493.847359,191.425808,95.712904,-9245.866526
493.847986,153.140646,95.712904,-9322.436850
493.848614,133.998066,114.855485,-9360.722011
493.849241,19.142581,153.140646,-9379.864592
493.849869,19.142581,229.710970,-9418.149754
493.850496,-19.142581,191.425808,-9609.575562
493.851124,0.000000,210.568389,-9571.290400
493.851751,38.285162,153.140646,-9533.005238
493.852378,133.998066,76.570323,-9513.862658
493.853006,172.283227,57.427742,-9475.577496
493.853633,191.425808,76.570323,-9418.149754
493.854261,191.425808,57.427742,-9360.722011
493.854888,76.570323,57.427742,-9303.294269
493.855516,76.570323,76.570323,-9341.579430
493.856143,57.427742,133.998066,-9322.436850
493.856771,0.000000,248.853550,-9360.722011
493.857398,0.000000,287.138712,-9399.007173
493.858026,0.000000,267.996131,-9475.577496
493.858653,38.285162,229.710970,-9533.005238
493.859281,114.855485,191.425808,-9552.147819
493.859908,133.998066,114.855485,-9475.577496
493.860536,172.283227,95.712904,-9494.720077
493.861163,229.710970,57.427742,-9418.149754
493.861791,133.998066,38.285162,-9322.436850
493.862418,38.285162,76.570323,-9322.436850
493.863046,57.427742,133.998066,-9360.722011
493.863673,114.855485,191.425808,-9360.722011
493.864301,95.712904,210.568389,-9437.292334
493.864928,57.427742,267.996131,-9552.147819
493.865556,38.285162,267.996131,-9571.290400
493.866183,57.427742,172.283227,-9552.147819
493.866811,172.283227,133.998066,-9552.147819
493.867438,114.855485,95.712904,-9456.434915
493.868066,114.855485,95.712904,-9399.007173
493.868693,248.853550,133.998066,-9379.864592
493.869321,248.853550,95.712904,-9284.151688
493.869948,114.855485,133.998066,-9245.866526
493.870576,19.142581,210.568389,-9360.722011
493.871203,76.570323,248.853550,-9360.722011
493.871831,76.570323,267.996131,-9379.864592
493.872458,19.142581,287.138712,-9494.720077
493.873086,0.000000,248.853550,-9552.147819
493.873713,95.712904,248.853550,-9590.432981
493.874341,114.855485,191.425808,-9533.005238
493.874968,95.712904,95.712904,-9513.862658
493.875596,172.283227,76.570323,-9475.577496
493.876223,229.710970,76.570323,-9418.149754
493.876851,210.568389,76.570323,-9418.149754
493.877478,76.570323,76.570323,-9379.864592
493.878106,133.998066,76.570323,-9379.864592
493.878733,38.285162,114.855485,-9418.149754
493.879361,19.142581,248.853550,-9399.007173
493.879988,0.000000,210.568389,-9552.147819
493.880616,19.142581,229.710970,-9533.005238
493.881243,0.000000,191.425808,-9552.147819
493.881871,95.712904,114.855485,-9475.577496
493.882498,172.283227,95.712904,-9513.862658
493.883125,172.283227,76.570323,-9418.149754
493.883753,191.425808,38.285162,-9284.151688
493.884380,153.140646,95.712904,-9303.294269
493.885008,38.285162,76.570323,-9322.436850
493.885635,95.712904,133.998066,-9303.294269
493.886263,114.855485,287.138712,-9399.007173
493.886890,95.712904,287.138712,-9399.007173
493.887518,38.285162,229.710970,-9533.005238
493.888145,38.285162,153.140646,-9533.005238
493.888773,114.855485,153.140646,-9552.147819
493.889400,76.570323,133.998066,-9552.147819
493.890028,210.568389,76.570323,-9456.434915
493.890655,191.425808,19.142581,-9418.149754
493.891283,210.568389,0.000000,-9360.722011
493.891910,133.998066,19.142581,-9303.294269
493.892538,57.427742,95.712904,-9399.007173
493.893165,114.855485,133.998066,-9360.722011
493.893793,57.427742,172.283227,-9418.149754
493.894420,19.142581,229.710970,-9533.005238
493.895048,0.000000,229.710970,-9571.290400
493.895675,57.427742,191.425808,-9552.147819
493.896303,95.712904,114.855485,-9513.862658
493.896930,133.998066,114.855485,-9533.005238
493.897558,191.425808,76.570323,-9418.149754
493.898185,248.853550,95.712904,-9341.579430
493.898813,229.710970,114.855485,-9265.009107
493.899440,114.855485,114.855485,-9265.009107
493.900068,57.427742,172.283227,-9284.151688
493.900695,114.855485,248.853550,-9284.151688
493.901323,57.427742,267.996131,-9399.007173
493.901950,-19.142581,229.710970,-9571.290400
493.902578,19.142581,248.853550,-9494.720077
493.903205,57.427742,172.283227,-9609.575562
493.903833,172.283227,133.998066,-9552.147819
493.904460,191.425808,95.712904,-9513.862658
493.905088,191.425808,19.142581,-9418.149754
493.905715,229.710970,19.142581,-9418.149754
493.906343,153.140646,38.285162,-9303.294269
493.906970,38.285162,76.570323,-9379.864592
493.907598,95.712904,191.425808,-9360.722011
493.908225,95.712904,229.710970,-9418.149754
493.908853,0.000000,287.138712,-9494.720077
493.909480,19.142581,229.710970,-9533.005238
493.910108,57.427742,229.710970,-9494.720077
493.910735,114.855485,172.283227,-9533.005238
493.911363,191.425808,114.855485,-9571.290400
493.911990,114.855485,0.000000,-9437.292334
493.912618,114.855485,133.998066,-9341.579430
493.913245,229.710970,76.570323,-9360.722011
493.913873,95.712904,133.998066,-9245.866526
493.914500,57.427742,133.998066,-9303.294269
493.915127,95.712904,133.998066,-9322.436850
493.915755,133.998066,287.138712,-9341.579430
493.916382,95.712904,287.138712,-9475.577496
493.917010,-38.285162,248.853550,-9513.862658
493.917637,57.427742,191.425808,-9552.147819
493.918265,114.855485,133.998066,-9552.147819
493.918892,153.140646,95.712904,-9552.147819
493.919520,172.283227,57.427742,-9456.434915
493.920147,191.425808,38.285162,-9437.292334
493.920775,153.140646,95.712904,-9341.579430
493.921402,133.998066,95.712904,-9360.722011
493.922030,95.712904,191.425808,-9341.579430
493.922657,57.427742,210.568389,-9322.436850
493.923285,38.285162,229.710970,-9418.149754
493.923912,0.000000,287.138712,-9494.720077
493.924540,19.142581,229.710970,-9533.005238
493.925167,114.855485,210.568389,-9494.720077
493.925795,114.855485,133.998066,-9533.005238
493.926422,153.140646,172.283227,-9437.292334
493.927050,229.710970,76.570323,-9456.434915
493.927677,172.283227,114.855485,-9322.436850
493.928305,248.853550,38.285162,-9245.866526
493.928932,76.570323,76.570323,-9341.579430
493.929560,114.855485,114.855485,-9379.864592
493.930187,0.000000,210.568389,-9379.864592
493.930815,-38.285162,210.568389,-9494.720077
493.931442,-19.142581,229.710970,-9571.290400
493.932070,19.142581,191.425808,-9571.290400
493.932697,38.285162,153.140646,-9533.005238
493.933325,95.712904,133.998066,-9552.147819
493.933952,210.568389,38.285162,-9475.577496
493.934580,172.283227,19.142581,-9418.149754
493.935207,248.853550,57.427742,-9303.294269
493.935835,210.568389,76.570323,-9418.149754
493.936462,95.712904,133.998066,-9360.722011
493.937089,95.712904,248.853550,-9341.579430
493.937717,76.570323,287.138712,-9360.722011
493.938344,95.712904,344.566454,-9494.720077
493.938972,0.000000,344.566454,-9513.862658
493.939599,38.285162,153.140646,-9533.005238
493.940226,114.855485,153.140646,-9533.005238
493.940854,210.568389,191.425808,-9475.577496
493.941481,153.140646,133.998066,-9399.007173
493.942109,191.425808,19.142581,-9418.149754
493.942736,191.425808,95.712904,-9341.579430
493.943363,153.140646,95.712904,-9322.436850
493.943991,38.285162,153.140646,-9360.722011
493.944618,57.427742,191.425808,-9360.722011
493.945246,38.285162,229.710970,-9418.149754
493.945873,-38.285162,229.710970,-9533.005238
493.946501,-19.142581,210.568389,-9571.290400
493.947128,57.427742,133.998066,-9552.147819
493.947755,153.140646,76.570323,-9571.290400
493.948383,153.140646,95.712904,-9552.147819
493.949010,114.855485,76.570323,-9418.149754
493.949638,210.568389,95.712904,-9284.151688
493.950265,153.140646,95.712904,-9245.866526
493.950892,76.570323,76.570323,-9322.436850
493.951520,76.570323,153.140646,-9284.151688
493.952147,19.142581,210.568389,-9418.149754
493.952775,19.142581,248.853550,-9456.434915
493.953402,19.142581,153.140646,-9475.577496
493.954029,19.142581,229.710970,-9494.720077
493.954657,114.855485,191.425808,-9533.005238
493.955284,133.998066,114.855485,-9533.005238
493.955912,153.140646,76.570323,-9437.292334
493.956539,210.568389,0.000000,-9360.722011
493.957167,229.710970,76.570323,-9360.722011
493.957794,172.283227,114.855485,-9284.151688
493.958421,38.285162,114.855485,-9341.579430
493.959049,95.712904,153.140646,-9360.722011
493.959676,0.000000,191.425808,-9360.722011
493.960304,-57.427742,248.853550,-9475.577496
493.960931,-38.285162,191.425808,-9513.862658
493.961558,57.427742,172.283227,-9609.575562
493.962186,114.855485,133.998066,-9552.147819
493.962813,114.855485,38.285162,-9513.862658
493.963441,172.283227,57.427742,-9456.434915
493.964068,153.140646,38.285162,-9360.722011
493.964695,248.853550,57.427742,-9341.579430
493.965323,76.570323,76.570323,-9322.436850
493.965950,57.427742,153.140646,-9341.579430
493.966578,95.712904,191.425808,-9322.436850
493.967205,57.427742,248.853550,-9360.722011
493.967833,-38.285162,229.710970,-9494.720077
493.968460,38.285162,248.853550,-9571.290400
493.969087,57.427742,191.425808,-9552.147819
493.969715,133.998066,114.855485,-9456.434915
493.970342,210.568389,133.998066,-9513.862658
493.970970,210.568389,133.998066,-9399.007173
493.971597,210.568389,0.000000,-9341.579430
493.972224,210.568389,38.285162,-9284.151688
493.972852,153.140646,95.712904,-9303.294269
493.973479,153.140646,95.712904,-9245.866526
493.974107,95.712904,191.425808,-9360.722011
493.974734,19.142581,172.283227,-9418.149754
493.975361,-19.142581,248.853550,-9571.290400
493.975989,0.000000,172.283227,-9552.147819
493.976616,114.855485,133.998066,-9609.575562
493.977244,153.140646,133.998066,-9513.862658
493.977871,133.998066,114.855485,-9475.577496
493.978499,191.425808,19.142581,-9418.149754
493.979126,210.568389,38.285162,-9284.151688
493.979753,153.140646,95.712904,-9245.866526
493.980381,133.998066,133.998066,-9322.436850
493.981008,57.427742,191.425808,-9303.294269
493.981636,0.000000,210.568389,-9360.722011
493.982263,0.000000,287.138712,-9456.434915
493.982890,0.000000,267.996131,-9475.577496
493.983518,38.285162,229.710970,-9533.005238
493.984145,133.998066,153.140646,-9533.005238
493.984773,133.998066,114.855485,-9494.720077
493.985400,114.855485,95.712904,-9399.007173
493.986027,210.568389,0.000000,-9360.722011
493.986655,210.568389,38.285162,-9341.579430
493.987282,172.283227,114.855485,-9322.436850
493.987910,57.427742,95.712904,-9399.007173
493.988537,0.000000,133.998066,-9322.436850
493.989165,38.285162,172.283227,-9437.292334
493.989792,38.285162,210.568389,-9533.005238
493.990419,-19.142581,248.853550,-9552.147819
493.991047,0.000000,172.283227,-9552.147819
493.991674,114.855485,95.712904,-9513.862658
493.992302,172.283227,76.570323,-9533.005238
493.992929,172.283227,76.570323,-9360.722011
493.993556,267.996131,95.712904,-9360.722011
493.994184,210.568389,95.712904,-9303.294269
493.994811,153.140646,95.712904,-9303.294269
493.995439,114.855485,153.140646,-9341.579430
493.996066,95.712904,191.425808,-9322.436850
493.996693,95.712904,287.138712,-9399.007173
493.997321,-38.285162,267.996131,-9513.862658
493.997948,19.142581,267.996131,-9494.720077
493.998576,57.427742,229.710970,-9513.862658
493.999203,76.570323,114.855485,-9437.292334
493.999831,172.283227,38.285162,-9494.720077
494.000458,172.283227,57.427742,-9418.149754
494.001085,191.425808,76.570323,-9360.722011
494.001713,153.140646,38.285162,-9245.866526
494.002340,95.712904,133.998066,-9284.151688
494.002968,57.427742,133.998066,-9360.722011
494.003595,38.285162,191.425808,-9418.149754
494.004222,38.285162,210.568389,-9533.005238
494.004850,-19.142581,229.710970,-9571.290400
494.005477,76.570323,133.998066,-9552.147819
494.006105,57.427742,133.998066,-9552.147819
494.006732,95.712904,114.855485,-9475.577496
494.007359,172.283227,95.712904,-9437.292334
494.007987,172.283227,19.142581,-9418.149754
494.008614,210.568389,76.570323,-9360.722011
494.009242,172.283227,153.140646,-9284.151688
494.009869,57.427742,153.140646,-9303.294269
494.010497,95.712904,248.853550,-9341.579430
494.011124,95.712904,287.138712,-9399.007173
494.011751,0.000000,306.281293,-9399.007173
494.012379,38.285162,229.710970,-9456.434915
494.013006,38.285162,153.140646,-9533.005238
494.013634,76.570323,133.998066,-9552.147819
494.014261,133.998066,114.855485,-9533.005238
494.014888,229.710970,57.427742,-9418.149754
494.015516,248.853550,0.000000,-9360.722011
494.016143,210.568389,95.712904,-9322.436850
494.016771,95.712904,133.998066,-9322.436850
494.017398,76.570323,76.570323,-9322.436850
494.018025,19.142581,210.568389,-9418.149754
494.018653,19.142581,210.568389,-9437.292334
494.019280,0.000000,287.138712,-9513.862658
494.019908,57.427742,172.283227,-9552.147819
494.020535,76.570323,172.283227,-9552.147819
494.021163,153.140646,95.712904,-9533.005238
494.021790,114.855485,38.285162,-9494.720077
494.022417,172.283227,76.570323,-9418.149754
494.023045,248.853550,95.712904,-9341.579430
494.023672,153.140646,95.712904,-9245.866526
494.024300,76.570323,76.570323,-9284.151688
494.024927,95.712904,191.425808,-9303.294269
494.025554,57.427742,248.853550,-9360.722011
494.026182,57.427742,306.281293,-9437.292334
494.026809,38.285162,229.710970,-9494.720077
494.027437,95.712904,210.568389,-9533.005238
494.028064,57.427742,95.712904,-9513.862658
494.028691,153.140646,133.998066,-9494.720077
494.029319,210.568389,133.998066,-9494.720077
494.029946,191.425808,19.142581,-9418.149754
494.030574,248.853550,57.427742,-9284.151688
494.031201,191.425808,38.285162,-9303.294269
494.031829,133.998066,76.570323,-9379.864592
494.032456,0.000000,248.853550,-9303.294269
494.033083,38.285162,172.283227,-9437.292334
494.033711,-19.142581,325.423874,-9475.577496
494.034338,57.427742,287.138712,-9513.862658
494.034966,57.427742,191.425808,-9609.575562
494.035593,95.712904,76.570323,-9571.290400
494.036221,133.998066,76.570323,-9571.290400
494.036848,191.425808,76.570323,-9456.434915
494.037476,191.425808,76.570323,-9341.579430
494.038103,229.710970,114.855485,-9303.294269
494.038731,191.425808,95.712904,-9245.866526
494.039358,95.712904,248.853550,-9245.866526
494.039986,95.712904,191.425808,-9245.866526
494.040613,57.427742,248.853550,-9418.149754
494.041241,-19.142581,267.996131,-9475.577496
494.041868,-19.142581,267.996131,-9533.005238
494.042496,57.427742,191.425808,-9552.147819
494.043123,172.283227,133.998066,-9552.147819
494.043751,133.998066,76.570323,-9571.290400
494.044378,191.425808,57.427742,-9456.434915
494.045006,229.710970,19.142581,-9360.722011
494.045634,153.140646,95.712904,-9360.722011
494.046261,76.570323,76.570323,-9379.864592
494.046889,57.427742,133.998066,-9341.579430
494.047516,133.998066,210.568389,-9437.292334
494.048144,0.000000,287.138712,-9456.434915
494.048771,38.285162,210.568389,-9475.577496
494.049399,38.285162,210.568389,-9533.005238
494.050026,95.712904,114.855485,-9533.005238
494.050654,133.998066,133.998066,-9513.862658
494.051281,172.283227,95.712904,-9456.434915
494.051909,248.853550,76.570323,-9360.722011
494.052536,229.710970,114.855485,-9265.009107
494.053164,172.283227,114.855485,-9265.009107
494.053791,57.427742,191.425808,-9341.579430
494.054419,57.427742,248.853550,-9284.151688
494.055046,57.427742,191.425808,-9360.722011
494.055674,0.000000,229.710970,-9513.862658
494.056301,38.285162,248.853550,-9571.290400
494.056929,95.712904,172.283227,-9552.147819
494.057556,76.570323,133.998066,-9533.005238
494.058184,114.855485,133.998066,-9552.147819
494.058812,210.568389,95.712904,-9533.005238
494.059439,191.425808,19.142581,-9418.149754
494.060067,248.853550,133.998066,-9379.864592
494.060694,76.570323,57.427742,-9322.436850
494.061322,38.285162,76.570323,-9322.436850
494.061949,95.712904,153.140646,-9360.722011
494.062577,19.142581,229.710970,-9418.149754
494.063204,-19.142581,287.138712,-9513.862658
494.063832,0.000000,248.853550,-9552.147819
494.064459,95.712904,172.283227,-9533.005238
494.065087,153.140646,153.140646,-9456.434915
494.065714,114.855485,95.712904,-9399.007173
494.066342,153.140646,76.570323,-9303.294269
494.066969,248.853550,95.712904,-9284.151688
494.067597,191.425808,172.283227,-9284.151688
494.068224,76.570323,76.570323,-9303.294269
494.068852,0.000000,191.425808,-9303.294269
494.069479,38.285162,248.853550,-9379.864592
494.070107,76.570323,210.568389,-9494.720077
494.070734,57.427742,172.283227,-9552.147819
494.071362,95.712904,153.140646,-9552.147819
494.071990,38.285162,76.570323,-9571.290400
494.072617,133.998066,114.855485,-9533.005238
494.073245,210.568389,95.712904,-9533.005238
494.073872,114.855485,38.285162,-9437.292334
494.074500,153.140646,38.285162,-9341.579430
494.075127,210.568389,57.427742,-9245.866526
494.075755,57.427742,38.285162,-9341.579430
494.076382,0.000000,172.283227,-9303.294269
494.077010,38.285162,229.710970,-9418.149754
494.077637,-76.570323,325.423874,-9475.577496
494.078265,0.000000,325.423874,-9513.862658
494.078892,38.285162,210.568389,-9533.005238
494.079520,76.570323,191.425808,-9533.005238
494.080147,133.998066,133.998066,-9475.577496
494.080775,172.283227,57.427742,-9418.149754
494.081402,248.853550,95.712904,-9341.579430
494.082030,210.568389,114.855485,-9265.009107
494.082657,172.283227,153.140646,-9265.009107
494.083285,95.712904,153.140646,-9245.866526
494.083912,0.000000,191.425808,-9360.722011
494.084540,38.285162,229.710970,-9418.149754
494.085168,0.000000,287.138712,-9513.862658
494.085795,19.142581,172.283227,-9533.005238
494.086423,38.285162,114.855485,-9552.147819
494.087050,114.855485,114.855485,-9571.290400
494.087678,114.855485,95.712904,-9513.862658
494.088305,191.425808,57.427742,-9418.149754
494.088933,210.568389,76.570323,-9360.722011
494.089560,153.140646,57.427742,-9245.866526
494.090188,76.570323,76.570323,-9322.436850
494.090815,95.712904,153.140646,-9341.579430
494.091443,38.285162,248.853550,-9360.722011
494.092070,0.000000,287.138712,-9399.007173
494.092698,0.000000,287.138712,-9494.720077
494.093325,19.142581,229.710970,-9533.005238
494.093953,95.712904,191.425808,-9552.147819
494.094580,114.855485,172.283227,-9533.005238
494.095208,210.568389,133.998066,-9379.864592
494.095835,210.568389,95.712904,-9360.722011
494.096463,229.710970,114.855485,-9322.436850
494.097091,172.283227,114.855485,-9265.009107
494.097718,95.712904,133.998066,-9341.579430
494.098346,57.427742,153.140646,-9360.722011
494.098973,57.427742,248.853550,-9360.722011
494.099601,-19.142581,229.710970,-9475.577496
494.100228,-19.142581,267.996131,-9552.147819
494.100856,0.000000,133.998066,-9552.147819
494.101483,76.570323,133.998066,-9590.432981
494.102111,133.998066,76.570323,-9571.290400
494.102738,114.855485,0.000000,-9437.292334
494.103366,191.425808,57.427742,-9418.149754
494.103993,191.425808,38.285162,-9360.722011
494.104621,172.283227,114.855485,-9284.151688
494.105248,114.855485,153.140646,-9360.722011
494.105876,133.998066,287.138712,-9360.722011
494.106503,57.427742,229.710970,-9418.149754
494.107131,19.142581,229.710970,-9475.577496
494.107758,38.285162,229.710970,-9533.005238
494.108386,76.570323,191.425808,-9552.147819
494.109013,114.855485,153.140646,-9552.147819
494.109641,172.283227,95.712904,-9437.292334
494.110269,172.283227,76.570323,-9418.149754
494.110896,210.568389,95.712904,-9284.151688
494.111524,229.710970,57.427742,-9226.723946
494.112151,172.283227,95.712904,-9341.579430
494.112779,95.712904,172.283227,-9341.579430
494.113406,57.427742,248.853550,-9360.722011
494.114034,-38.285162,210.568389,-9494.720077
494.114661,-19.142581,210.568389,-9571.290400
494.115289,-19.142581,191.425808,-9590.432981
494.115916,57.427742,172.283227,-9609.575562
494.116544,133.998066,76.570323,-9571.290400
494.117171,191.425808,76.570323,-9475.577496
494.117799,172.283227,0.000000,-9418.149754
494.118426,210.568389,57.427742,-9341.579430
494.119054,153.140646,57.427742,-9245.866526
494.119681,172.283227,114.855485,-9341.579430
494.120309,38.285162,248.853550,-9322.436850
494.120936,76.570323,287.138712,-9418.149754
494.121564,-19.142581,267.996131,-9533.005238
494.122191,57.427742,306.281293,-9513.862658
494.122819,0.000000,210.568389,-9513.862658
494.123447,114.855485,153.140646,-9533.005238
494.124074,210.568389,133.998066,-9494.720077
494.124702,210.568389,95.712904,-9360.722011
494.125329,191.425808,57.427742,-9418.149754
494.125957,191.425808,95.712904,-9284.151688
494.126584,95.712904,133.998066,-9341.579430
494.127212,133.998066,133.998066,-9322.436850
494.127839,76.570323,210.568389,-9418.149754
494.128467,19.142581,229.710970,-9494.720077
494.129094,-57.427742,287.138712,-9552.147819
494.129722,0.000000,172.283227,-9552.147819
494.130349,133.998066,210.568389,-9533.005238
494.130977,172.283227,114.855485,-9513.862658
494.131604,153.140646,76.570323,-9494.720077
494.132232,191.425808,95.712904,-9360.722011
494.132859,191.425808,76.570323,-9418.149754
494.133487,153.140646,95.712904,-9341.579430
494.134114,133.998066,76.570323,-9303.294269
494.134742,95.712904,191.425808,-9360.722011
494.135369,38.285162,248.853550,-9360.722011
494.135997,-38.285162,248.853550,-9399.007173
494.136625,76.570323,287.138712,-9513.862658
494.137252,38.285162,229.710970,-9533.005238
494.137880,76.570323,191.425808,-9552.147819
494.138507,210.568389,133.998066,-9475.577496
494.139135,114.855485,38.285162,-9399.007173
494.139762,229.710970,95.712904,-9360.722011
494.140390,248.853550,95.712904,-9341.579430
494.141017,153.140646,95.712904,-9245.866526
494.141645,38.285162,76.570323,-9284.151688
494.142272,0.000000,210.568389,-9360.722011
494.142900,-57.427742,248.853550,-9456.434915
494.143527,-38.285162,248.853550,-9513.862658
494.144155,-114.855485,229.710970,-9571.290400
494.144783,0.000000,133.998066,-9552.147819
494.145410,133.998066,76.570323,-9609.575562
494.146038,114.855485,95.712904,-9437.292334
494.146665,210.568389,133.998066,-9418.149754
494.147293,172.283227,76.570323,-9418.149754
494.147920,210.568389,95.712904,-9360.722011
494.148548,38.285162,133.998066,-9303.294269
494.149175,57.427742,133.998066,-9245.866526
494.149803,57.427742,248.853550,-9322.436850
494.150430,38.285162,267.996131,-9399.007173
494.151058,-19.142581,325.423874,-9437.292334
494.151685,0.000000,267.996131,-9475.577496
494.152313,114.855485,172.283227,-9533.005238
494.152940,210.568389,153.140646,-9513.862658
494.153568,114.855485,133.998066,-9533.005238
494.154196,191.425808,57.427742,-9418.149754
494.154823,191.425808,19.142581,-9418.149754
494.155451,153.140646,95.712904,-9341.579430
494.156078,133.998066,76.570323,-9265.009107
494.156706,38.285162,133.998066,-9360.722011
494.157333,95.712904,248.853550,-9360.722011
494.157961,-19.142581,325.423874,-9494.720077
494.158588,-19.142581,306.281293,-9475.577496
494.159216,95.712904,248.853550,-9552.147819
494.159843,95.712904,133.998066,-9552.147819
494.160471,114.855485,133.998066,-9552.147819
494.161098,172.283227,57.427742,-9456.434915
494.161726,153.140646,76.570323,-9399.007173
494.162354,210.568389,95.712904,-9284.151688
494.162981,153.140646,95.712904,-9245.866526
494.163609,95.712904,153.140646,-9284.151688
494.164236,95.712904,210.568389,-9341.579430
494.164864,0.000000,287.138712,-9399.007173
494.165491,-38.285162,191.425808,-9437.292334
494.166119,0.000000,287.138712,-9513.862658
494.166746,38.285162,210.568389,-9533.005238
494.167374,76.570323,210.568389,-9533.005238
494.168001,76.570323,114.855485,-9475.577496
494.168629,191.425808,57.427742,-9418.149754
494.169256,191.425808,19.142581,-9341.579430
494.169884,248.853550,38.285162,-9303.294269
494.170511,76.570323,76.570323,-9322.436850
494.171139,76.570323,133.998066,-9341.579430
494.171767,95.712904,133.998066,-9418.149754
494.172394,57.427742,172.283227,-9437.292334
494.173022,0.000000,287.138712,-9513.862658
494.173649,19.142581,267.996131,-9571.290400
494.174277,57.427742,153.140646,-9552.147819
494.174904,133.998066,114.855485,-9533.005238
494.175532,114.855485,95.712904,-9513.862658
494.176159,248.853550,57.427742,-9399.007173
494.176787,210.568389,95.712904,-9341.579430
494.177414,191.425808,95.712904,-9303.294269
494.178042,114.855485,133.998066,-9245.866526
494.178669,114.855485,114.855485,-9284.151688
494.179297,76.570323,210.568389,-9418.149754
494.179924,-57.427742,248.853550,-9456.434915
494.180552,-19.142581,325.423874,-9552.147819
494.181180,76.570323,191.425808,-9571.290400
494.181807,133.998066,76.570323,-9571.290400
494.182435,172.283227,95.712904,-9571.290400
494.183062,248.853550,57.427742,-9475.577496
494.183690,229.710970,38.285162,-9418.149754
494.184317,210.568389,95.712904,-9284.151688
494.184945,76.570323,57.427742,-9284.151688
494.185572,95.712904,133.998066,-9360.722011
494.186200,76.570323,229.710970,-9418.149754
494.186827,19.142581,267.996131,-9399.007173
494.187455,-19.142581,267.996131,-9533.005238
494.188082,38.285162,267.996131,-9571.290400
494.188710,38.285162,153.140646,-9533.005238
494.189338,133.998066,114.855485,-9475.577496
494.189965,191.425808,57.427742,-9475.577496
494.190593,248.853550,57.427742,-9418.149754
494.191220,229.710970,95.712904,-9341.579430
494.191848,153.140646,95.712904,-9303.294269
494.192475,76.570323,76.570323,-9265.009107
494.193103,57.427742,153.140646,-9245.866526
494.193730,95.712904,248.853550,-9303.294269
494.194358,38.285162,267.996131,-9399.007173
494.194985,19.142581,267.996131,-9571.290400
494.195613,57.427742,248.853550,-9552.147819
494.196240,114.855485,133.998066,-9533.005238
494.196868,133.998066,114.855485,-9494.720077
494.197495,133.998066,57.427742,-9513.862658
494.198123,191.425808,76.570323,-9418.149754
494.198751,191.425808,57.427742,-9360.722011
494.199378,153.140646,95.712904,-9341.579430
494.200006,38.285162,76.570323,-9322.436850
494.200633,57.427742,172.283227,-9360.722011
494.201261,38.285162,210.568389,-9418.149754
494.201888,19.142581,248.853550,-9513.862658
494.202516,57.427742,248.853550,-9552.147819
494.203143,57.427742,229.710970,-9513.862658
494.203771,95.712904,153.140646,-9552.147819
494.204398,114.855485,133.998066,-9533.005238
494.205026,172.283227,76.570323,-9437.292334
494.205653,210.568389,57.427742,-9341.579430
494.206281,210.568389,95.712904,-9284.151688
494.206909,114.855485,133.998066,-9303.294269
494.207536,95.712904,153.140646,-9341.579430
494.208164,57.427742,191.425808,-9360.722011
494.208791,19.142581,287.138712,-9437.292334
494.209419,-38.285162,267.996131,-9513.862658
494.210046,-19.142581,267.996131,-9533.005238
494.210674,57.427742,172.283227,-9552.147819
494.211301,153.140646,114.855485,-9475.577496
494.211929,191.425808,76.570323,-9533.005238
494.212556,172.283227,-38.285162,-9418.149754
494.213184,191.425808,57.427742,-9360.722011
494.213811,191.425808,38.285162,-9341.579430
494.214439,114.855485,133.998066,-9360.722011
494.215066,57.427742,191.425808,-9341.579430
494.215694,57.427742,248.853550,-9360.722011
494.216322,19.142581,229.710970,-9437.292334
494.216949,38.285162,210.568389,-9533.005238
494.217577,38.285162,229.710970,-9533.005238
494.218204,76.570323,172.283227,-9552.147819
494.218832,153.140646,133.998066,-9456.434915
494.219459,172.283227,95.712904,-9399.007173
494.220087,210.568389,95.712904,-9360.722011
494.220714,248.853550,95.712904,-9245.866526
494.221342,191.425808,95.712904,-9245.866526
494.221969,114.855485,153.140646,-9284.151688
494.222597,95.712904,191.425808,-9322.436850
494.223224,38.285162,229.710970,-9399.007173
494.223852,0.000000,267.996131,-9494.720077
494.224479,0.000000,191.425808,-9552.147819
494.225107,95.712904,133.998066,-9552.147819
494.225735,114.855485,95.712904,-9513.862658
494.226362,153.140646,76.570323,-9571.290400
494.226990,191.425808,0.000000,-9418.149754
494.227617,191.425808,57.427742,-9418.149754
494.228245,153.140646,0.000000,-9303.294269
494.228872,153.140646,95.712904,-9284.151688
494.229500,95.712904,133.998066,-9341.579430
494.230127,38.285162,172.283227,-9418.149754
494.230755,0.000000,229.710970,-9475.577496
494.231382,19.142581,267.996131,-9571.290400
494.232010,19.142581,229.710970,-9475.577496
494.232637,38.285162,114.855485,-9533.005238
494.233265,95.712904,114.855485,-9475.577496
494.233893,153.140646,114.855485,-9456.434915
494.234520,172.283227,57.427742,-9418.149754
494.235148,210.568389,95.712904,-9284.151688
494.235775,153.140646,95.712904,-9341.579430
494.236403,133.998066,76.570323,-9284.151688
494.237030,95.712904,210.568389,-9303.294269
494.237658,57.427742,248.853550,-9360.722011
494.238285,-76.570323,267.996131,-9494.720077
494.238913,-19.142581,210.568389,-9571.290400
494.239540,0.000000,191.425808,-9590.432981
494.240168,57.427742,133.998066,-9590.432981
494.240795,95.712904,76.570323,-9552.147819
494.241423,191.425808,19.142581,-9475.577496
494.242051,191.425808,19.142581,-9360.722011
494.242678,248.853550,57.427742,-9341.579430
494.243306,76.570323,76.570323,-9303.294269
494.243933,133.998066,76.570323,-9284.151688
494.244561,0.000000,153.140646,-9360.722011
494.245188,19.142581,325.423874,-9379.864592
494.245816,-76.570323,325.423874,-9533.005238
494.246443,19.142581,325.423874,-9571.290400
494.247071,38.285162,153.140646,-9533.005238
494.247698,95.712904,172.283227,-9456.434915
494.248326,95.712904,95.712904,-9456.434915
494.248954,153.140646,133.998066,-9379.864592
494.249581,248.853550,95.712904,-9245.866526
494.250209,210.568389,95.712904,-9245.866526
494.250836,172.283227,114.855485,-9284.151688
494.251464,95.712904,191.425808,-9303.294269
494.252091,114.855485,267.996131,-9360.722011
494.252719,19.142581,210.568389,-9418.149754
494.253346,-19.142581,229.710970,-9571.290400
494.253974,-76.570323,210.568389,-9571.290400
494.254601,76.570323,172.283227,-9533.005238
494.255229,114.855485,133.998066,-9552.147819
494.255857,133.998066,57.427742,-9513.862658
494.256484,229.710970,57.427742,-9456.434915
494.257112,229.710970,76.570323,-9360.722011
494.257739,153.140646,95.712904,-9245.866526
494.258367,133.998066,133.998066,-9322.436850
494.258994,95.712904,248.853550,-9322.436850
494.259622,19.142581,210.568389,-9418.149754
494.260249,-76.570323,267.996131,-9437.292334
494.260877,19.142581,306.281293,-9552.147819
494.261505,38.285162,153.140646,-9533.005238
494.262132,133.998066,114.855485,-9475.577496
494.262760,172.283227,76.570323,-9494.720077
494.263387,191.425808,76.570323,-9418.149754
494.264015,267.996131,95.712904,-9360.722011
494.264642,248.853550,57.427742,-9303.294269
494.265270,153.140646,95.712904,-9245.866526
494.265897,76.570323,133.998066,-9303.294269
494.266525,95.712904,153.140646,-9360.722011
494.267152,57.427742,229.710970,-9513.862658
494.267780,57.427742,267.996131,-9571.290400
494.268408,57.427742,191.425808,-9552.147819
494.269035,95.712904,172.283227,-9590.432981
494.269663,153.140646,172.283227,-9513.862658
494.270290,153.140646,0.000000,-9552.147819
494.270918,172.283227,-38.285162,-9418.149754
494.271545,114.855485,0.000000,-9379.864592
494.272173,210.568389,0.000000,-9341.579430
494.272800,153.140646,95.712904,-9360.722011
494.273428,172.283227,172.283227,-9265.009107
494.274055,76.570323,267.996131,-9379.864592
494.274683,57.427742,287.138712,-9437.292334
494.275311,-19.142581,267.996131,-9494.720077
494.275938,57.427742,248.853550,-9552.147819
494.276566,133.998066,153.140646,-9475.577496
494.277193,210.568389,172.283227,-9513.862658
494.277821,210.568389,133.998066,-9399.007173
494.278448,229.710970,95.712904,-9379.864592
494.279076,210.568389,19.142581,-9303.294269
494.279703,133.998066,95.712904,-9245.866526
494.280331,57.427742,133.998066,-9341.579430
494.280958,57.427742,191.425808,-9303.294269
494.281586,57.427742,191.425808,-9360.722011
494.282214,-38.285162,248.853550,-9513.862658
494.282841,-76.570323,248.853550,-9533.005238
494.283469,57.427742,191.425808,-9647.860723
494.284096,153.140646,172.283227,-9533.005238
494.284724,172.283227,57.427742,-9533.005238
494.285351,229.710970,76.570323,-9418.149754
494.285979,229.710970,76.570323,-9418.149754
494.286606,153.140646,95.712904,-9284.151688
494.287234,76.570323,114.855485,-9245.866526
494.287861,0.000000,133.998066,-9303.294269
494.288489,76.570323,191.425808,-9360.722011
494.289117,-19.142581,248.853550,-9418.149754
494.289744,-38.285162,248.853550,-9494.720077
494.290372,-19.142581,267.996131,-9533.005238
494.290999,76.570323,191.425808,-9552.147819
494.291627,114.855485,133.998066,-9552.147819
494.292254,114.855485,133.998066,-9533.005238
494.292882,248.853550,76.570323,-9418.149754
494.293509,210.568389,57.427742,-9284.151688
494.294137,172.283227,114.855485,-9265.009107
494.294764,76.570323,76.570323,-9322.436850
494.295392,0.000000,191.425808,-9360.722011
494.296020,0.000000,287.138712,-9399.007173
494.296647,-19.142581,325.423874,-9437.292334
494.297275,-76.570323,287.138712,-9552.147819
494.297902,0.000000,172.283227,-9552.147819
494.298530,57.427742,133.998066,-9552.147819
494.299157,133.998066,114.855485,-9475.577496
494.299785,172.283227,76.570323,-9456.434915
494.300412,229.710970,-38.285162,-9418.149754
494.301040,248.853550,0.000000,-9245.866526
494.301667,153.140646,95.712904,-9245.866526
494.302295,95.712904,133.998066,-9245.866526
494.302923,57.427742,248.853550,-9303.294269
494.303550,95.712904,248.853550,-9322.436850
494.304178,0.000000,306.281293,-9456.434915
494.304805,-38.285162,229.710970,-9552.147819
494.305433,57.427742,172.283227,-9552.147819
494.306060,172.283227,114.855485,-9571.290400
494.306688,133.998066,114.855485,-9456.434915
494.307315,229.710970,76.570323,-9418.149754
494.307943,287.138712,57.427742,-9360.722011
494.308570,153.140646,57.427742,-9245.866526
494.309198,133.998066,57.427742,-9360.722011
494.309826,76.570323,191.425808,-9360.722011
494.310453,57.427742,191.425808,-9360.722011
494.311081,-38.285162,248.853550,-9513.862658
494.311708,19.142581,248.853550,-9571.290400
494.312336,-19.142581,172.283227,-9571.290400
494.312963,57.427742,133.998066,-9552.147819
494.313591,95.712904,95.712904,-9513.862658
494.314218,114.855485,95.712904,-9437.292334
494.314846,229.710970,76.570323,-9418.149754
494.315473,248.853550,0.000000,-9245.866526
494.316101,76.570323,114.855485,-9226.723946
494.316729,95.712904,172.283227,-9322.436850
494.317356,114.855485,172.283227,-9360.722011
494.317984,76.570323,267.996131,-9379.864592
494.318611,-19.142581,325.423874,-9437.292334
494.319239,-19.142581,267.996131,-9533.005238
494.319866,0.000000,248.853550,-9552.147819
494.320494,95.712904,114.855485,-9533.005238
494.321121,133.998066,114.855485,-9533.005238
494.321749,172.283227,95.712904,-9437.292334
494.322376,229.710970,19.142581,-9418.149754
494.323004,191.425808,38.285162,-9245.866526
494.323632,172.283227,114.855485,-9265.009107
494.324259,57.427742,133.998066,-9303.294269
494.324887,0.000000,248.853550,-9360.722011
494.325514,-19.142581,267.996131,-9494.720077
494.326142,-76.570323,325.423874,-9533.005238
494.326769,-38.285162,210.568389,-9552.147819
494.327397,0.000000,153.140646,-9571.290400
494.328024,95.712904,133.998066,-9533.005238
494.328652,172.283227,76.570323,-9475.577496
494.329279,229.710970,38.285162,-9418.149754
494.329907,248.853550,0.000000,-9341.579430
494.330535,153.140646,76.570323,-9322.436850
494.331162,76.570323,76.570323,-9284.151688
494.331790,95.712904,191.425808,-9303.294269
494.332417,57.427742,248.853550,-9341.579430
494.333045,0.000000,306.281293,-9456.434915
494.333672,0.000000,267.996131,-9475.577496
494.334300,57.427742,306.281293,-9513.862658
494.334927,114.855485,191.425808,-9533.005238
494.335555,210.568389,172.283227,-9399.007173
494.336182,191.425808,57.427742,-9418.149754
494.336810,229.710970,38.285162,-9418.149754
494.337437,267.996131,-19.142581,-9341.579430
494.338065,172.283227,0.000000,-9322.436850
494.338692,114.855485,114.855485,-9322.436850
494.339320,38.285162,133.998066,-9341.579430
494.339947,38.285162,210.568389,-9418.149754
494.340575,-19.142581,267.996131,-9475.577496
494.341202,0.000000,191.425808,-9552.147819
494.341830,38.285162,191.425808,-9571.290400
494.342457,133.998066,76.570323,-9571.290400
494.343085,172.283227,57.427742,-9456.434915
494.343712,229.710970,38.285162,-9418.149754
494.344340,191.425808,76.570323,-9360.722011
494.344967,153.140646,95.712904,-9245.866526
494.345595,95.712904,133.998066,-9284.151688
494.346222,76.570323,133.998066,-9284.151688
494.346850,114.855485,229.710970,-9322.436850
494.347477,19.142581,325.423874,-9379.864592
494.348105,0.000000,287.138712,-9513.862658
494.348732,0.000000,229.710970,-9571.290400
494.349360,38.285162,191.425808,-9571.290400
494.349987,114.855485,133.998066,-9552.147819
494.350615,191.425808,76.570323,-9475.577496
494.351242,191.425808,57.427742,-9418.149754
494.351870,153.140646,0.000000,-9341.579430
494.352497,191.425808,57.427742,-9322.436850
494.353125,114.855485,114.855485,-9322.436850
494.353752,0.000000,153.140646,-9360.722011
494.354380,38.285162,229.710970,-9418.149754
494.355007,-57.427742,248.853550,-9513.862658
494.355635,-57.427742,287.138712,-9609.575562
494.356262,19.142581,210.568389,-9552.147819
494.356890,38.285162,172.283227,-9533.005238
494.357517,114.855485,95.712904,-9494.720077
494.358145,191.425808,76.570323,-9418.149754
494.358772,267.996131,38.285162,-9284.151688
494.359400,210.568389,38.285162,-9284.151688
494.360027,153.140646,57.427742,-9322.436850
494.360655,95.712904,133.998066,-9245.866526
494.361282,57.427742,248.853550,-9341.579430
494.361910,19.142581,325.423874,-9379.864592
494.362537,-76.570323,325.423874,-9475.577496
494.363165,38.285162,210.568389,-9533.005238
494.363792,95.712904,191.425808,-9552.147819
494.364419,172.283227,191.425808,-9475.577496
494.365047,153.140646,95.712904,-9456.434915
494.365674,191.425808,-38.285162,-9418.149754
494.366302,191.425808,-38.285162,-9418.149754
494.366929,210.568389,57.427742,-9341.579430
494.367557,95.712904,133.998066,-9322.436850
494.368184,95.712904,210.568389,-9322.436850
494.368812,0.000000,287.138712,-9399.007173
494.369439,0.000000,287.138712,-9513.862658
494.370067,-19.142581,267.996131,-9533.005238
494.370694,-38.285162,248.853550,-9513.862658
494.371322,57.427742,172.283227,-9533.005238
494.371949,133.998066,114.855485,-9475.577496
494.372577,191.425808,95.712904,-9399.007173
494.373204,287.138712,76.570323,-9360.722011
494.373832,248.853550,95.712904,-9245.866526
494.374459,210.568389,114.855485,-9265.009107
494.375087,114.855485,133.998066,-9303.294269
494.375714,57.427742,191.425808,-9322.436850
494.376342,76.570323,229.710970,-9437.292334
494.376969,38.285162,229.710970,-9494.720077
494.377597,0.000000,248.853550,-9552.147819
494.378224,57.427742,172.283227,-9552.147819
494.378852,95.712904,210.568389,-9533.005238
494.379479,114.855485,76.570323,-9552.147819
494.380107,191.425808,57.427742,-9418.149754
494.380734,210.568389,-76.570323,-9341.579430
494.381362,153.140646,0.000000,-9284.151688
494.381989,133.998066,0.000000,-9303.294269
494.382617,114.855485,95.712904,-9399.007173
494.383244,95.712904,153.140646,-9418.149754
494.383872,19.142581,229.710970,-9494.720077
494.384499,57.427742,248.853550,-9552.147819
494.385127,38.285162,267.996131,-9590.432981
494.385754,57.427742,248.853550,-9552.147819
494.386382,133.998066,114.855485,-9475.577496
494.387009,133.998066,114.855485,-9456.434915
494.387637,229.710970,57.427742,-9418.149754
494.388264,172.283227,19.142581,-9341.579430
494.388892,153.140646,95.712904,-9245.866526
494.389519,95.712904,133.998066,-9245.866526
494.390147,95.712904,133.998066,-9303.294269
494.390774,0.000000,267.996131,-9360.722011
494.391402,-114.855485,267.996131,-9456.434915
494.392029,-19.142581,363.709035,-9533.005238
494.392657,57.427742,248.853550,-9609.575562
494.393284,57.427742,133.998066,-9552.147819
494.393911,133.998066,114.855485,-9533.005238
494.394539,191.425808,57.427742,-9418.149754
494.395166,248.853550,0.000000,-9341.579430
494.395794,248.853550,0.000000,-9341.579430
494.396421,95.712904,133.998066,-9360.722011
494.397049,76.570323,76.570323,-9322.436850
494.397676,57.427742,153.140646,-9360.722011
494.398304,-38.285162,210.568389,-9418.149754
494.398931,-38.285162,248.853550,-9513.862658
494.399559,57.427742,287.138712,-9513.862658
494.400186,76.570323,248.853550,-9571.290400
494.400814,210.568389,172.283227,-9494.720077
494.401441,210.568389,133.998066,-9437.292334
494.402069,191.425808,57.427742,-9360.722011
494.402696,248.853550,95.712904,-9341.579430
494.403324,191.425808,114.855485,-9265.009107
494.403951,172.283227,114.855485,-9284.151688
494.404579,95.712904,153.140646,-9245.866526
494.405206,95.712904,229.710970,-9360.722011
494.405834,0.000000,287.138712,-9513.862658
494.406461,-19.142581,267.996131,-9533.005238
494.407089,0.000000,153.140646,-9609.575562
494.407716,114.855485,172.283227,-9552.147819
494.408344,114.855485,133.998066,-9552.147819
494.408971,172.283227,76.570323,-9456.434915
494.409599,210.568389,38.285162,-9360.722011
494.410226,229.710970,19.142581,-9360.722011
494.410854,133.998066,57.427742,-9303.294269
494.411481,76.570323,38.285162,-9322.436850
494.412109,57.427742,153.140646,-9360.722011
494.412736,0.000000,248.853550,-9360.722011
494.413364,-76.570323,325.423874,-9475.577496
494.413991,57.427742,287.138712,-9494.720077
494.414619,57.427742,191.425808,-9609.575562
494.415246,114.855485,153.140646,-9552.147819
494.415874,172.283227,133.998066,-9552.147819
494.416501,229.710970,19.142581,-9418.149754
494.417129,287.138712,38.285162,-9360.722011
494.417756,248.853550,95.712904,-9284.151688
494.418384,133.998066,95.712904,-9245.866526
494.419011,114.855485,153.140646,-9303.294269
494.419639,57.427742,248.853550,-9360.722011
494.420266,0.000000,306.281293,-9475.577496
494.420894,-114.855485,267.996131,-9533.005238
494.421521,19.142581,248.853550,-9513.862658
494.422149,57.427742,172.283227,-9533.005238
494.422776,114.855485,133.998066,-9552.147819
494.423403,133.998066,38.285162,-9552.147819
494.424031,191.425808,-38.285162,-9418.149754
494.424658,248.853550,-38.285162,-9379.864592
494.425286,191.425808,0.000000,-9360.722011
494.425913,95.712904,114.855485,-9379.864592
494.426541,95.712904,248.853550,-9360.722011
494.427168,95.712904,229.710970,-9456.434915
494.427796,-76.570323,267.996131,-9475.577496
494.428423,0.000000,287.138712,-9513.862658
494.429051,-19.142581,210.568389,-9609.575562
494.429678,172.283227,229.710970,-9513.862658
494.430306,133.998066,172.283227,-9475.577496
494.430933,153.140646,114.855485,-9418.149754
494.431561,229.710970,38.285162,-9303.294269
494.432188,210.568389,95.712904,-9245.866526
494.432816,153.140646,95.712904,-9245.866526
494.433443,95.712904,153.140646,-9245.866526
494.434071,19.142581,153.140646,-9418.149754
494.434698,0.000000,248.853550,-9437.292334
494.435326,-57.427742,267.996131,-9513.862658
494.435953,-57.427742,210.568389,-9571.290400
494.436581,57.427742,172.283227,-9647.860723
494.437208,133.998066,114.855485,-9533.005238
494.437836,153.140646,38.285162,-9533.005238
494.438463,210.568389,95.712904,-9494.720077
494.439090,191.425808,38.285162,-9360.722011
494.439718,172.283227,114.855485,-9303.294269
494.440345,153.140646,95.712904,-9341.579430
494.440973,95.712904,210.568389,-9303.294269
494.441600,19.142581,229.710970,-9418.149754
494.442227,-76.570323,325.423874,-9533.005238
494.442855,-38.285162,287.138712,-9552.147819
494.443482,19.142581,229.710970,-9533.005238
494.444110,133.998066,229.710970,-9533.005238
494.444737,153.140646,133.998066,-9513.862658
494.445364,172.283227,19.142581,-9475.577496
494.445992,248.853550,38.285162,-9360.722011
494.446619,248.853550,57.427742,-9245.866526
494.447247,153.140646,38.285162,-9245.866526
494.447874,133.998066,114.855485,-9341.579430
494.448501,95.712904,153.140646,-9322.436850
494.449129,19.142581,287.138712,-9437.292334
494.449756,0.000000,287.138712,-9513.862658
494.450384,0.000000,210.568389,-9590.432981
494.451011,57.427742,191.425808,-9552.147819
494.451638,95.712904,133.998066,-9552.147819
494.452266,210.568389,95.712904,-9533.005238
494.452893,229.710970,57.427742,-9418.149754
494.453521,248.853550,0.000000,-9341.579430
494.454148,153.140646,57.427742,-9322.436850
494.454775,76.570323,76.570323,-9379.864592
494.455403,95.712904,191.425808,-9341.579430
494.456030,0.000000,267.996131,-9360.722011
494.456658,0.000000,287.138712,-9456.434915
494.457285,-38.285162,287.138712,-9552.147819
494.457912,57.427742,248.853550,-9552.147819
494.458540,0.000000,191.425808,-9552.147819
494.459167,133.998066,114.855485,-9533.005238
494.459795,133.998066,114.855485,-9418.149754
494.460422,210.568389,57.427742,-9360.722011
494.461049,248.853550,38.285162,-9284.151688
494.461677,248.853550,0.000000,-9245.866526
494.462304,133.998066,95.712904,-9303.294269
494.462932,95.712904,191.425808,-9303.294269
494.463559,38.285162,172.283227,-9322.436850
494.464186,19.142581,229.710970,-9533.005238
494.464814,19.142581,229.710970,-9552.147819
494.465441,57.427742,191.425808,-9628.718142
494.466069,191.425808,172.283227,-9571.290400
494.466696,172.283227,114.855485,-9571.290400
494.467324,172.283227,38.285162,-9437.292334
494.467951,229.710970,19.142581,-9360.722011
494.468578,153.140646,0.000000,-9341.579430
494.469206,153.140646,95.712904,-9284.151688
494.469833,114.855485,133.998066,-9303.294269
494.470461,95.712904,248.853550,-9360.722011
494.471088,-38.285162,267.996131,-9379.864592
494.471715,-19.142581,325.423874,-9456.434915
494.472343,0.000000,248.853550,-9552.147819
494.472970,76.570323,172.283227,-9552.147819
494.473598,133.998066,114.855485,-9475.577496
494.474225,114.855485,95.712904,-9437.292334
494.474852,210.568389,95.712904,-9360.722011
494.475480,267.996131,57.427742,-9341.579430
494.476107,153.140646,95.712904,-9245.866526
494.476735,95.712904,133.998066,-9303.294269
494.477362,57.427742,191.425808,-9322.436850
494.477989,38.285162,191.425808,-9418.149754
494.478617,0.000000,287.138712,-9513.862658
494.479244,-19.142581,210.568389,-9571.290400
494.479872,-19.142581,210.568389,-9571.290400
494.480499,57.427742,172.283227,-9552.147819
494.481126,172.283227,114.855485,-9571.290400
494.481754,191.425808,19.142581,-9418.149754
494.482381,229.710970,19.142581,-9418.149754
494.483009,248.853550,0.000000,-9284.151688
494.483636,153.140646,95.712904,-9245.866526
494.484263,38.285162,172.283227,-9303.294269
494.484891,0.000000,191.425808,-9379.864592
494.485518,0.000000,287.138712,-9456.434915
494.486146,57.427742,306.281293,-9494.720077
494.486773,19.142581,287.138712,-9552.147819
494.487400,95.712904,325.423874,-9494.720077
494.488028,95.712904,210.568389,-9513.862658
494.488655,114.855485,133.998066,-9475.577496
494.489283,191.425808,57.427742,-9418.149754
494.489910,267.996131,38.285162,-9284.151688
494.490537,210.568389,57.427742,-9284.151688
494.491165,76.570323,76.570323,-9265.009107
494.491792,76.570323,153.140646,-9322.436850
494.492420,57.427742,191.425808,-9418.149754
494.493047,-19.142581,267.996131,-9533.005238
494.493674,-38.285162,248.853550,-9475.577496
494.494302,57.427742,191.425808,-9552.147819
494.494929,57.427742,172.283227,-9552.147819
494.495557,191.425808,95.712904,-9571.290400
494.496184,191.425808,19.142581,-9360.722011
494.496811,229.710970,19.142581,-9418.149754
494.497439,248.853550,57.427742,-9341.579430
494.498066,153.140646,95.712904,-9245.866526
494.498694,57.427742,248.853550,-9245.866526
494.499321,57.427742,191.425808,-9322.436850
494.499948,19.142581,267.996131,-9379.864592
494.500576,38.285162,229.710970,-9494.720077
494.501203,-38.285162,248.853550,-9494.720077
494.501831,57.427742,248.853550,-9552.147819
494.502458,95.712904,248.853550,-9552.147819
494.503085,114.855485,133.998066,-9475.577496
494.503713,229.710970,57.427742,-9418.149754
494.504340,210.568389,38.285162,-9284.151688
494.504968,248.853550,-19.142581,-9303.294269
494.505595,95.712904,57.427742,-9399.007173
494.506222,76.570323,114.855485,-9418.149754
494.506850,19.142581,172.283227,-9418.149754
494.507477,38.285162,191.425808,-9533.005238
494.508105,-19.142581,287.138712,-9571.290400
494.508732,19.142581,267.996131,-9571.290400
494.509360,38.285162,191.425808,-9609.575562
494.509987,133.998066,114.855485,-9475.577496
494.510614,172.283227,76.570323,-9475.577496
494.511242,191.425808,38.285162,-9418.149754
494.511869,325.423874,0.000000,-9341.579430
494.512497,191.425808,95.712904,-9245.866526
494.513124,95.712904,133.998066,-9303.294269
494.513751,95.712904,191.425808,-9303.294269
494.514379,57.427742,248.853550,-9379.864592
494.515006,-19.142581,287.138712,-9456.434915
494.515634,0.000000,287.138712,-9513.862658
494.516261,-19.142581,229.710970,-9647.860723
494.516888,57.427742,191.425808,-9609.575562
494.517516,114.855485,95.712904,-9494.720077
494.518143,191.425808,57.427742,-9418.149754
494.518771,287.138712,38.285162,-9418.149754
494.519398,248.853550,95.712904,-9341.579430
494.520025,153.140646,57.427742,-9303.294269
494.520653,95.712904,133.998066,-9360.722011
494.521280,57.427742,133.998066,-9360.722011
494.521908,-38.285162,172.283227,-9475.577496
494.522535,-76.570323,267.996131,-9533.005238
494.523162,-114.855485,210.568389,-9571.290400
494.523790,19.142581,210.568389,-9552.147819
494.524417,114.855485,172.283227,-9552.147819
494.525045,133.998066,76.570323,-9513.862658
494.525672,229.710970,57.427742,-9418.149754
494.526299,267.996131,57.427742,-9284.151688
494.526927,191.425808,95.712904,-9245.866526
494.527554,153.140646,133.998066,-9207.581365
494.528182,76.570323,133.998066,-9265.009107
494.528809,76.570323,229.710970,-9418.149754
494.529436,0.000000,306.281293,-9475.577496
494.530064,-38.285162,287.138712,-9552.147819
494.530691,57.427742,287.138712,-9513.862658
494.531319,76.570323,172.283227,-9552.147819
494.531946,172.283227,95.712904,-9475.577496
494.532573,210.568389,0.000000,-9475.577496
494.533201,172.283227,38.285162,-9418.149754
494.533828,248.853550,38.285162,-9284.151688
494.534456,210.568389,0.000000,-9303.294269
494.535083,76.570323,76.570323,-9379.864592
494.535710,114.855485,133.998066,-9360.722011
494.536338,0.000000,210.568389,-9437.292334
494.536965,-114.855485,267.996131,-9475.577496
494.537593,-57.427742,229.710970,-9571.290400
494.538220,-19.142581,114.855485,-9609.575562
494.538847,95.712904,133.998066,-9533.005238
494.539475,153.140646,38.285162,-9475.577496
494.540102,191.425808,57.427742,-9418.149754
494.540730,267.996131,95.712904,-9284.151688
494.541357,210.568389,95.712904,-9265.009107
494.541985,76.570323,38.285162,-9284.151688
494.542612,133.998066,76.570323,-9265.009107
494.543239,76.570323,267.996131,-9322.436850
494.543867,57.427742,267.996131,-9399.007173
494.544494,-76.570323,325.423874,-9533.005238
494.545122,-38.285162,344.566454,-9552.147819
494.545749,57.427742,172.283227,-9552.147819
494.546376,114.855485,133.998066,-9552.147819
494.547004,172.283227,38.285162,-9437.292334
494.547631,191.425808,95.712904,-9360.722011
494.548259,210.568389,19.142581,-9245.866526
494.548886,191.425808,57.427742,-9341.579430
494.549514,76.570323,76.570323,-9303.294269
494.550141,95.712904,153.140646,-9322.436850
494.550768,19.142581,229.710970,-9533.005238
494.551396,-57.427742,306.281293,-9552.147819
494.552023,-57.427742,306.281293,-9552.147819
494.552651,-38.285162,287.138712,-9552.147819
494.553278,76.570323,191.425808,-9552.147819
494.553905,172.283227,76.570323,-9475.577496
494.554533,210.568389,95.712904,-9341.579430
494.555160,248.853550,38.285162,-9360.722011
494.555788,210.568389,95.712904,-9303.294269
494.556415,133.998066,95.712904,-9245.866526
494.557042,95.712904,133.998066,-9245.866526
494.557670,76.570323,267.996131,-9341.579430
494.558297,0.000000,267.996131,-9360.722011
494.558925,-57.427742,287.138712,-9552.147819
494.559552,57.427742,191.425808,-9609.575562
494.560180,95.712904,153.140646,-9609.575562
494.560807,114.855485,153.140646,-9571.290400
494.561434,114.855485,133.998066,-9533.005238
494.562062,114.855485,38.285162,-9399.007173
494.562689,248.853550,0.000000,-9245.866526
494.563317,191.425808,0.000000,-9341.579430
494.563944,133.998066,19.142581,-9322.436850
494.564571,57.427742,76.570323,-9341.579430
494.565199,38.285162,114.855485,-9418.149754
494.565826,-38.285162,191.425808,-9533.005238
494.566454,-38.285162,191.425808,-9571.290400
494.567081,0.000000,229.710970,-9513.862658
494.567709,76.570323,191.425808,-9552.147819
494.568336,95.712904,133.998066,-9552.147819
494.568963,172.283227,57.427742,-9418.149754
494.569591,248.853550,57.427742,-9303.294269
494.570218,210.568389,38.285162,-9245.866526
494.570846,191.425808,95.712904,-9245.866526
494.571473,76.570323,114.855485,-9341.579430
494.572100,57.427742,191.425808,-9341.579430
494.572728,19.142581,287.138712,-9418.149754
494.573355,19.142581,248.853550,-9513.862658
494.573983,0.000000,287.138712,-9513.862658
494.574610,57.427742,191.425808,-9609.575562
494.575237,114.855485,172.283227,-9552.147819
494.575865,210.568389,95.712904,-9475.577496
494.576492,229.710970,57.427742,-9418.149754
494.577120,229.710970,38.285162,-9418.149754
494.577747,191.425808,95.712904,-9322.436850
494.578375,153.140646,57.427742,-9341.579430
494.579002,95.712904,133.998066,-9360.722011
494.579629,57.427742,248.853550,-9360.722011
494.580257,0.000000,306.281293,-9456.434915
494.580884,-19.142581,248.853550,-9533.005238
494.581512,0.000000,191.425808,-9552.147819
494.582139,57.427742,172.283227,-9552.147819
494.582766,133.998066,153.140646,-9533.005238
494.583394,229.710970,57.427742,-9360.722011
494.584021,229.710970,-19.142581,-9379.864592
494.584649,248.853550,38.285162,-9284.151688
494.585276,210.568389,95.712904,-9245.866526
494.585904,133.998066,95.712904,-9341.579430
494.586531,95.712904,248.853550,-9322.436850
494.587158,38.285162,248.853550,-9360.722011
494.587786,-19.142581,267.996131,-9533.005238
494.588413,-19.142581,267.996131,-9533.005238
494.589041,0.000000,191.425808,-9628.718142
494.589668,76.570323,172.283227,-9590.432981
494.590295,114.855485,95.712904,-9437.292334
494.590923,210.568389,76.570323,-9418.149754
494.591550,229.710970,19.142581,-9360.722011
494.592178,248.853550,0.000000,-9284.151688
494.592805,133.998066,19.142581,-9265.009107
494.593432,76.570323,76.570323,-9379.864592
494.594060,133.998066,229.710970,-9418.149754
494.594687,0.000000,229.710970,-9437.292334
494.595315,-19.142581,287.138712,-9571.290400
494.595942,57.427742,191.425808,-9609.575562
494.596570,76.570323,172.283227,-9590.432981
494.597197,133.998066,114.855485,-9533.005238
494.597824,153.140646,133.998066,-9437.292334
494.598452,210.568389,0.000000,-9360.722011
494.599079,267.996131,38.285162,-9226.723946
494.599707,133.998066,76.570323,-9265.009107
494.600334,38.285162,76.570323,-9284.151688
494.600961,95.712904,191.425808,-9341.579430
494.601589,38.285162,191.425808,-9418.149754
494.602216,-76.570323,248.853550,-9552.147819
494.602844,-19.142581,191.425808,-9571.290400
494.603471,19.142581,267.996131,-9628.718142
494.604099,133.998066,172.283227,-9552.147819
494.604726,172.283227,114.855485,-9571.290400
494.605353,172.283227,95.712904,-9437.292334
494.605981,153.140646,-38.285162,-9399.007173
494.606608,210.568389,0.000000,-9284.151688
494.607236,248.853550,95.712904,-9341.579430
494.607863,114.855485,133.998066,-9284.151688
494.608490,76.570323,229.710970,-9360.722011
494.609118,57.427742,229.710970,-9437.292334
494.609745,-19.142581,267.996131,-9533.005238
494.610373,-38.285162,229.710970,-9552.147819
494.611000,0.000000,153.140646,-9513.862658
494.611628,38.285162,114.855485,-9456.434915
494.612255,191.425808,76.570323,-9475.577496
494.612882,248.853550,114.855485,-9322.436850
494.613510,267.996131,0.000000,-9284.151688
494.614137,248.853550,95.712904,-9245.866526
494.614765,172.283227,114.855485,-9265.009107
494.615392,95.712904,210.568389,-9360.722011
494.616019,76.570323,210.568389,-9418.149754
494.616647,-19.142581,287.138712,-9475.577496
494.617274,-38.285162,287.138712,-9552.147819
494.617902,19.142581,229.710970,-9552.147819
494.618529,95.712904,191.425808,-9571.290400
494.619156,114.855485,133.998066,-9552.147819
494.619784,76.570323,38.285162,-9437.292334
494.620411,172.283227,19.142581,-9418.149754
494.621039,191.425808,0.000000,-9341.579430
494.621666,76.570323,38.285162,-9303.294269
494.622294,114.855485,153.140646,-9341.579430
494.622921,95.712904,133.998066,-9360.722011
494.623548,19.142581,229.710970,-9418.149754
494.624176,-19.142581,306.281293,-9475.577496
494.624803,-19.142581,229.710970,-9571.290400
494.625431,0.000000,191.425808,-9590.432981
494.626058,76.570323,172.283227,-9533.005238
494.626685,114.855485,95.712904,-9399.007173
494.627313,191.425808,57.427742,-9418.149754
494.627940,248.853550,95.712904,-9284.151688
494.628568,248.853550,95.712904,-9245.866526
494.629195,133.998066,133.998066,-9284.151688
494.629823,114.855485,114.855485,-9322.436850
494.630450,95.712904,133.998066,-9303.294269
494.631077,19.142581,229.710970,-9437.292334
494.631705,-19.142581,229.710970,-9571.290400
494.632332,-76.570323,210.568389,-9628.718142
494.632960,57.427742,172.283227,-9552.147819
494.633587,57.427742,95.712904,-9513.862658
494.634214,172.283227,19.142581,-9418.149754
494.634842,172.283227,19.142581,-9418.149754
494.635469,191.425808,57.427742,-9284.151688
494.636097,153.140646,95.712904,-9245.866526
494.636724,153.140646,76.570323,-9379.864592
494.637351,57.427742,248.853550,-9341.579430
494.637979,95.712904,267.996131,-9360.722011
494.638606,-76.570323,325.423874,-9475.577496
494.639234,0.000000,287.138712,-9513.862658
494.639861,0.000000,248.853550,-9609.575562
494.640489,95.712904,172.283227,-9533.005238
494.641116,153.140646,114.855485,-9475.577496
494.641744,210.568389,133.998066,-9399.007173
494.642371,267.996131,95.712904,-9284.151688
494.642998,267.996131,95.712904,-9284.151688
494.643626,153.140646,95.712904,-9303.294269
494.644253,76.570323,76.570323,-9341.579430
494.644881,95.712904,172.283227,-9322.436850
494.645508,0.000000,248.853550,-9552.147819
494.646136,-76.570323,287.138712,-9571.290400
494.646763,0.000000,191.425808,-9609.575562
494.647391,0.000000,153.140646,-9590.432981
494.648018,114.855485,133.998066,-9552.147819
494.648645,210.568389,38.285162,-9552.147819
494.649273,287.138712,57.427742,-9418.149754
494.649900,248.853550,57.427742,-9360.722011
494.650528,248.853550,57.427742,-9284.151688
494.651155,133.998066,95.712904,-9284.151688
494.651783,95.712904,210.568389,-9322.436850
494.652410,76.570323,229.710970,-9418.149754
494.653038,0.000000,325.423874,-9475.577496
494.653665,-38.285162,287.138712,-9552.147819
494.654292,19.142581,267.996131,-9571.290400
494.654920,76.570323,229.710970,-9494.720077
494.655547,133.998066,114.855485,-9533.005238
494.656175,172.283227,95.712904,-9437.292334
494.656802,248.853550,38.285162,-9418.149754
494.657430,248.853550,95.712904,-9245.866526
494.658057,153.140646,95.712904,-9245.866526
494.658685,153.140646,114.855485,-9303.294269
494.659312,76.570323,172.283227,-9418.149754
494.659939,-38.285162,153.140646,-9418.149754
494.660567,-57.427742,229.710970,-9571.290400
494.661194,0.000000,191.425808,-9609.575562
494.661822,57.427742,133.998066,-9590.432981
494.662449,133.998066,76.570323,-9571.290400
494.663077,133.998066,57.427742,-9571.290400
494.663704,191.425808,19.142581,-9418.149754
494.664332,210.568389,0.000000,-9284.151688
494.664959,210.568389,57.427742,-9245.866526
494.665587,133.998066,95.712904,-9303.294269
494.666214,114.855485,210.568389,-9284.151688
494.666841,38.285162,229.710970,-9418.149754
494.667469,-19.142581,325.423874,-9533.005238
494.668096,-19.142581,325.423874,-9475.577496
494.668724,76.570323,229.710970,-9513.862658
494.669351,114.855485,210.568389,-9571.290400
494.669979,76.570323,153.140646,-9533.005238
494.670606,191.425808,76.570323,-9360.722011
494.671234,210.568389,0.000000,-9341.579430
494.671861,210.568389,57.427742,-9245.866526
494.672488,248.853550,38.285162,-9245.866526
494.673116,95.712904,153.140646,-9245.866526
494.673743,95.712904,153.140646,-9360.722011
494.674371,19.142581,229.710970,-9533.005238
494.674998,19.142581,287.138712,-9552.147819
494.675626,-76.570323,210.568389,-9590.432981
494.676253,0.000000,210.568389,-9590.432981
494.676881,95.712904,172.283227,-9609.575562
494.677508,114.855485,76.570323,-9513.862658
494.678135,191.425808,76.570323,-9456.434915
494.678763,210.568389,0.000000,-9284.151688
494.679390,248.853550,38.285162,-9303.294269
494.680018,191.425808,172.283227,-9284.151688
494.680645,114.855485,153.140646,-9303.294269
494.681273,38.285162,229.710970,-9418.149754
494.681900,-19.142581,267.996131,-9494.720077
494.682528,-19.142581,325.423874,-9533.005238
494.683155,38.285162,306.281293,-9513.862658
494.683782,114.855485,287.138712,-9513.862658
494.684410,38.285162,114.855485,-9533.005238
494.685037,153.140646,76.570323,-9437.292334
494.685665,229.710970,57.427742,-9418.149754
494.686292,248.853550,0.000000,-9341.579430
494.686920,248.853550,19.142581,-9245.866526
494.687547,76.570323,76.570323,-9322.436850
494.688175,95.712904,172.283227,-9322.436850
494.688802,19.142581,210.568389,-9418.149754
494.689429,-38.285162,287.138712,-9609.575562
494.690057,-19.142581,229.710970,-9571.290400
494.690684,0.000000,248.853550,-9628.718142
494.691312,57.427742,172.283227,-9533.005238
494.691939,114.855485,172.283227,-9552.147819
494.692567,191.425808,57.427742,-9418.149754
494.693194,267.996131,57.427742,-9341.579430
494.693822,267.996131,0.000000,-9284.151688
494.694449,153.140646,95.712904,-9303.294269
494.695076,95.712904,210.568389,-9284.151688
494.695704,95.712904,248.853550,-9322.436850
494.696331,57.427742,287.138712,-9456.434915
494.696959,57.427742,344.566454,-9513.862658
494.697586,-19.142581,306.281293,-9533.005238
494.698214,95.712904,248.853550,-9552.147819
494.698841,133.998066,191.425808,-9513.862658
494.699469,153.140646,114.855485,-9456.434915
494.700096,210.568389,95.712904,-9360.722011
494.700723,248.853550,95.712904,-9360.722011
494.701351,153.140646,57.427742,-9303.294269
494.701978,133.998066,57.427742,-9303.294269
494.702606,57.427742,153.140646,-9360.722011
494.703233,38.285162,210.568389,-9418.149754
494.703861,-38.285162,191.425808,-9552.147819
494.704488,0.000000,248.853550,-9552.147819
494.705116,0.000000,172.283227,-9552.147819
494.705743,76.570323,172.283227,-9590.432981
494.706370,133.998066,76.570323,-9513.862658
494.706998,210.568389,19.142581,-9456.434915
494.707625,229.710970,38.285162,-9418.149754
494.708253,191.425808,95.712904,-9245.866526
494.708880,172.283227,38.285162,-9226.723946
494.709508,95.712904,153.140646,-9303.294269
494.710135,95.712904,248.853550,-9360.722011
494.710763,0.000000,306.281293,-9399.007173
494.711390,-76.570323,267.996131,-9494.720077
494.712017,19.142581,191.425808,-9513.862658
494.712645,38.285162,153.140646,-9533.005238
494.713272,95.712904,172.283227,-9475.577496
494.713900,153.140646,133.998066,-9513.862658
494.714527,287.138712,19.142581,-9418.149754
494.715155,306.281293,76.570323,-9360.722011
494.715782,191.425808,57.427742,-9245.866526
494.716410,133.998066,76.570323,-9322.436850
494.717037,76.570323,114.855485,-9418.149754
494.717664,38.285162,153.140646,-9360.722011
494.718292,-38.285162,248.853550,-9513.862658
494.718919,-19.142581,229.710970,-9571.290400
494.719547,0.000000,153.140646,-9667.003304
494.720174,95.712904,133.998066,-9609.575562
494.720802,153.140646,114.855485,-9533.005238
494.721429,210.568389,76.570323,-9437.292334
494.722057,191.425808,19.142581,-9360.722011
494.722684,248.853550,95.712904,-9284.151688
494.723311,153.140646,57.427742,-9245.866526
494.723939,172.283227,114.855485,-9265.009107
494.724566,76.570323,229.710970,-9399.007173
494.725194,0.000000,306.281293,-9456.434915
494.725821,-19.142581,344.566454,-9533.005238
494.726449,19.142581,287.138712,-9552.147819
494.727076,19.142581,287.138712,-9552.147819
494.727704,133.998066,210.568389,-9475.577496
494.728331,191.425808,76.570323,-9533.005238
494.728958,248.853550,38.285162,-9418.149754
494.729586,267.996131,0.000000,-9341.579430
494.730213,248.853550,95.712904,-9245.866526
494.730841,133.998066,57.427742,-9303.294269
494.731468,76.570323,133.998066,-9284.151688
494.732096,76.570323,229.710970,-9418.149754
494.732723,19.142581,191.425808,-9494.720077
494.733351,19.142581,229.710970,-9552.147819
494.733978,0.000000,248.853550,-9552.147819
494.734605,76.570323,172.283227,-9533.005238
494.735233,133.998066,114.855485,-9494.720077
494.735860,191.425808,76.570323,-9456.434915
494.736488,229.710970,57.427742,-9360.722011
494.737115,191.425808,95.712904,-9245.866526
494.737743,153.140646,95.712904,-9245.866526
494.738370,133.998066,76.570323,-9303.294269
494.738998,95.712904,153.140646,-9303.294269
494.739625,95.712904,248.853550,-9360.722011
494.740253,-57.427742,325.423874,-9533.005238
494.740880,0.000000,306.281293,-9513.862658
494.741508,-19.142581,287.138712,-9590.432981
494.742135,172.283227,114.855485,-9571.290400
494.742763,76.570323,57.427742,-9571.290400
494.743391,191.425808,76.570323,-9418.149754
494.744018,248.853550,0.000000,-9418.149754
494.744646,248.853550,0.000000,-9341.579430
494.745273,210.568389,95.712904,-9341.579430
494.745901,114.855485,153.140646,-9284.151688
494.746528,95.712904,210.568389,-9360.722011
494.747156,-19.142581,287.138712,-9399.007173
494.747783,-19.142581,267.996131,-9552.147819
494.748411,19.142581,229.710970,-9552.147819
494.749038,0.000000,172.283227,-9552.147819
494.749666,76.570323,114.855485,-9475.577496
494.750293,95.712904,114.855485,-9475.577496
494.750921,191.425808,76.570323,-9418.149754
494.751549,267.996131,57.427742,-9245.866526
494.752176,172.283227,76.570323,-9226.723946
494.752804,172.283227,114.855485,-9265.009107
494.753431,76.570323,172.283227,-9303.294269
494.754059,57.427742,248.853550,-9322.436850
494.754686,57.427742,287.138712,-9456.434915
494.755314,0.000000,344.566454,-9513.862658
494.755941,-19.142581,229.710970,-9571.290400
494.756569,57.427742,172.283227,-9552.147819
494.757196,153.140646,76.570323,-9513.862658
494.757824,172.283227,76.570323,-9418.149754
494.758451,287.138712,19.142581,-9418.149754
494.759079,210.568389,0.000000,-9284.151688
494.759707,133.998066,38.285162,-9303.294269
494.760334,133.998066,133.998066,-9303.294269
494.760962,114.855485,191.425808,-9360.722011
494.761589,0.000000,287.138712,-9475.577496
494.762217,-19.142581,229.710970,-9571.290400
494.762844,-38.285162,287.138712,-9552.147819
494.763472,0.000000,153.140646,-9571.290400
494.764099,133.998066,114.855485,-9533.005238
494.764727,210.568389,95.712904,-9475.577496
494.765354,267.996131,95.712904,-9360.722011
494.765982,248.853550,95.712904,-9341.579430
494.766609,191.425808,95.712904,-9284.151688
494.767237,114.855485,114.855485,-9265.009107
494.767865,76.570323,76.570323,-9341.579430
494.768492,76.570323,210.568389,-9418.149754
494.769120,19.142581,287.138712,-9533.005238
494.769747,-57.427742,267.996131,-9437.292334
494.770375,-38.285162,248.853550,-9513.862658
494.771002,114.855485,133.998066,-9552.147819
494.771630,133.998066,76.570323,-9571.290400
494.772257,172.283227,19.142581,-9456.434915
494.772885,267.996131,95.712904,-9341.579430
494.773512,210.568389,57.427742,-9284.151688
494.774140,76.570323,38.285162,-9379.864592
494.774767,172.283227,172.283227,-9303.294269
494.775395,95.712904,248.853550,-9360.722011
494.776023,19.142581,229.710970,-9494.720077
494.776650,-38.285162,306.281293,-9552.147819
494.777278,0.000000,191.425808,-9552.147819
494.777905,38.285162,267.996131,-9590.432981
494.778533,38.285162,267.996131,-9571.290400
494.779160,114.855485,172.283227,-9533.005238
494.779788,191.425808,76.570323,-9399.007173
494.780415,210.568389,95.712904,-9245.866526
494.781043,153.140646,95.712904,-9303.294269
494.781670,133.998066,38.285162,-9303.294269
494.782298,114.855485,153.140646,-9245.866526
494.782925,57.427742,248.853550,-9360.722011
494.783553,19.142581,287.138712,-9533.005238
494.784180,-19.142581,325.423874,-9533.005238
494.784808,0.000000,191.425808,-9552.147819
494.785436,57.427742,172.283227,-9590.432981
494.786063,133.998066,57.427742,-9571.290400
494.786691,172.283227,76.570323,-9475.577496
494.787318,191.425808,57.427742,-9418.149754
494.787946,248.853550,0.000000,-9360.722011
494.788573,133.998066,57.427742,-9284.151688
494.789201,133.998066,76.570323,-9303.294269
494.789828,95.712904,153.140646,-9360.722011
494.790456,0.000000,210.568389,-9360.722011
494.791083,-19.142581,267.996131,-9437.292334
494.791711,0.000000,191.425808,-9552.147819
494.792338,-38.285162,287.138712,-9552.147819
494.792966,38.285162,153.140646,-9475.577496
494.793594,153.140646,114.855485,-9456.434915
494.794221,191.425808,76.570323,-9418.149754
494.794849,267.996131,38.285162,-9341.579430
494.795476,229.710970,57.427742,-9226.723946
494.796104,153.140646,95.712904,-9245.866526
494.796731,95.712904,133.998066,-9341.579430
494.797359,95.712904,248.853550,-9360.722011
494.797986,0.000000,306.281293,-9456.434915
494.798614,-57.427742,287.138712,-9552.147819
494.799241,-57.427742,248.853550,-9513.862658
494.799869,57.427742,191.425808,-9552.147819
494.800496,57.427742,133.998066,-9552.147819
494.801124,229.710970,76.570323,-9475.577496
494.801752,191.425808,57.427742,-9418.149754
494.802379,210.568389,38.285162,-9284.151688
494.803007,153.140646,38.285162,-9303.294269
494.803634,133.998066,76.570323,-9284.151688
494.804262,95.712904,172.283227,-9360.722011
494.804889,57.427742,267.996131,-9360.722011
494.805517,-76.570323,267.996131,-9494.720077
494.806144,-19.142581,306.281293,-9513.862658
494.806772,0.000000,229.710970,-9571.290400
494.807399,76.570323,191.425808,-9475.577496
494.808027,153.140646,133.998066,-9494.720077
494.808654,229.710970,114.855485,-9322.436850
494.809282,191.425808,57.427742,-9360.722011
494.809910,229.710970,38.285162,-9245.866526
494.810537,191.425808,95.712904,-9245.866526
494.811165,114.855485,172.283227,-9265.009107
494.811792,57.427742,248.853550,-9303.294269
494.812420,-19.142581,229.710970,-9399.007173
494.813047,0.000000,267.996131,-9475.577496
494.813675,-38.285162,248.853550,-9513.862658
494.814302,0.000000,191.425808,-9552.147819
494.814930,114.855485,114.855485,-9571.290400
494.815557,172.283227,19.142581,-9513.862658
494.816185,191.425808,-38.285162,-9456.434915
494.816812,248.853550,0.000000,-9341.579430
494.817440,248.853550,57.427742,-9341.579430
494.818068,133.998066,76.570323,-9322.436850
494.818695,172.283227,114.855485,-9379.864592
494.819323,57.427742,210.568389,-9418.149754
494.819950,-76.570323,325.423874,-9494.720077
494.820578,-19.142581,325.423874,-9533.005238
494.821205,95.712904,248.853550,-9571.290400
494.821833,76.570323,210.568389,-9533.005238
494.822460,76.570323,133.998066,-9533.005238
494.823088,191.425808,57.427742,-9418.149754
494.823715,210.568389,0.000000,-9284.151688
494.824343,210.568389,0.000000,-9284.151688
494.824970,153.140646,38.285162,-9303.294269
494.825598,172.283227,172.283227,-9341.579430
494.826226,114.855485,210.568389,-9360.722011
494.826853,38.285162,287.138712,-9399.007173
494.827481,-57.427742,248.853550,-9513.862658
494.828108,-38.285162,287.138712,-9552.147819
494.828736,0.000000,153.140646,-9571.290400
494.829363,114.855485,172.283227,-9552.147819
494.829991,114.855485,133.998066,-9552.147819
494.830618,210.568389,133.998066,-9399.007173
494.831246,229.710970,76.570323,-9360.722011
494.831873,248.853550,57.427742,-9245.866526
494.832501,133.998066,76.570323,-9303.294269
494.833128,95.712904,133.998066,-9322.436850
494.833756,57.427742,191.425808,-9360.722011
494.834384,0.000000,287.138712,-9475.577496
494.835011,-38.285162,287.138712,-9552.147819
494.835639,-38.285162,248.853550,-9513.862658
494.836266,76.570323,248.853550,-9552.147819
494.836894,133.998066,153.140646,-9475.577496
494.837521,172.283227,76.570323,-9418.149754
494.838149,248.853550,95.712904,-9284.151688
494.838776,248.853550,38.285162,-9245.866526
494.839404,191.425808,76.570323,-9245.866526
494.840031,114.855485,133.998066,-9245.866526
494.840659,95.712904,210.568389,-9360.722011
494.841287,38.285162,191.425808,-9418.149754
494.841914,-19.142581,191.425808,-9533.005238
494.842542,0.000000,191.425808,-9552.147819
494.843169,-19.142581,153.140646,-9609.575562
494.843797,57.427742,133.998066,-9552.147819
494.844425,133.998066,76.570323,-9571.290400
494.845052,191.425808,19.142581,-9456.434915
494.845680,287.138712,76.570323,-9341.579430
494.846307,248.853550,95.712904,-9245.866526
494.846935,153.140646,95.712904,-9303.294269
494.847562,95.712904,153.140646,-9322.436850
494.848190,38.285162,210.568389,-9418.149754
494.848818,0.000000,287.138712,-9475.577496
494.849445,-19.142581,267.996131,-9475.577496
494.850073,-57.427742,191.425808,-9513.862658
494.850700,38.285162,229.710970,-9533.005238
494.851328,114.855485,210.568389,-9494.720077
494.851955,210.568389,76.570323,-9399.007173
494.852583,229.710970,57.427742,-9360.722011
494.853211,248.853550,95.712904,-9341.579430
494.853838,191.425808,95.712904,-9245.866526
494.854466,133.998066,95.712904,-9303.294269
494.855093,95.712904,133.998066,-9360.722011
494.855721,38.285162,210.568389,-9418.149754
494.856348,-38.285162,267.996131,-9571.290400
494.856976,-19.142581,267.996131,-9475.577496
494.857604,0.000000,191.425808,-9590.432981
494.858231,114.855485,133.998066,-9552.147819
494.858859,114.855485,38.285162,-9513.862658
494.859486,114.855485,38.285162,-9437.292334
494.860114,191.425808,57.427742,-9418.149754
494.860741,267.996131,38.285162,-9245.866526
494.861369,191.425808,95.712904,-9284.151688
494.861997,95.712904,133.998066,-9245.866526
494.862624,57.427742,229.710970,-9418.149754
494.863252,57.427742,306.281293,-9475.577496
494.863879,-57.427742,306.281293,-9475.577496
494.864507,0.000000,287.138712,-9513.862658
494.865134,57.427742,229.710970,-9494.720077
494.865762,133.998066,153.140646,-9533.005238
494.866390,210.568389,114.855485,-9494.720077
494.867017,191.425808,76.570323,-9360.722011
494.867645,210.568389,57.427742,-9284.151688
494.868272,191.425808,95.712904,-9245.866526
494.868900,95.712904,133.998066,-9341.579430
494.869527,95.712904,248.853550,-9360.722011
494.870155,76.570323,287.138712,-9437.292334
494.870783,-76.570323,267.996131,-9494.720077
494.871410,-76.570323,287.138712,-9552.147819
494.872038,19.142581,229.710970,-9552.147819
494.872665,114.855485,172.283227,-9533.005238
494.873293,133.998066,133.998066,-9513.862658
494.873921,153.140646,133.998066,-9399.007173
494.874548,229.710970,38.285162,-9379.864592
494.875176,172.283227,114.855485,-9322.436850
494.875803,114.855485,133.998066,-9341.579430
494.876431,95.712904,153.140646,-9303.294269
494.877058,76.570323,267.996131,-9379.864592
494.877686,0.000000,287.138712,-9456.434915
494.878314,-76.570323,325.423874,-9475.577496
494.878941,-38.285162,287.138712,-9552.147819
494.879569,38.285162,267.996131,-9571.290400
494.880196,76.570323,172.283227,-9552.147819
494.880824,133.998066,114.855485,-9475.577496
494.881451,191.425808,76.570323,-9418.149754
494.882079,248.853550,0.000000,-9360.722011
494.882707,153.140646,38.285162,-9303.294269
494.883334,76.570323,76.570323,-9322.436850
494.883962,57.427742,133.998066,-9341.579430
494.884589,38.285162,229.710970,-9418.149754
494.885217,19.142581,229.710970,-9533.005238
494.885844,19.142581,248.853550,-9571.290400
494.886472,-38.285162,248.853550,-9686.145885
494.887100,95.712904,172.283227,-9552.147819
494.887727,57.427742,133.998066,-9552.147819
494.888355,210.568389,95.712904,-9475.577496
494.888982,210.568389,0.000000,-9360.722011
494.889610,248.853550,0.000000,-9245.866526
494.890237,114.855485,95.712904,-9265.009107
494.890865,114.855485,114.855485,-9265.009107
494.891493,95.712904,248.853550,-9360.722011
494.892120,95.712904,267.996131,-9322.436850
494.892748,57.427742,287.138712,-9513.862658
494.893375,38.285162,267.996131,-9609.575562
494.894003,0.000000,153.140646,-9609.575562
494.894630,38.285162,114.855485,-9533.005238
494.895258,172.283227,57.427742,-9456.434915
494.895886,191.425808,38.285162,-9418.149754
494.896513,229.710970,0.000000,-9360.722011
494.897141,153.140646,0.000000,-9360.722011
494.897768,133.998066,38.285162,-9322.436850
494.898396,76.570323,153.140646,-9322.436850
494.899023,95.712904,153.140646,-9360.722011
494.899651,19.142581,229.710970,-9494.720077
494.900279,-38.285162,306.281293,-9552.147819
494.900906,38.285162,191.425808,-9609.575562
494.901534,57.427742,172.283227,-9552.147819
494.902161,38.285162,114.855485,-9533.005238
494.902789,153.140646,95.712904,-9456.434915
494.903417,229.710970,19.142581,-9418.149754
494.904044,210.568389,0.000000,-9245.866526
494.904672,287.138712,114.855485,-9265.009107
494.905299,114.855485,133.998066,-9245.866526
494.905927,57.427742,248.853550,-9322.436850
494.906554,95.712904,287.138712,-9456.434915
494.907182,-38.285162,267.996131,-9494.720077
494.907810,-38.285162,191.425808,-9513.862658
494.908437,-38.285162,248.853550,-9513.862658
494.909065,76.570323,210.568389,-9533.005238
494.909692,191.425808,95.712904,-9571.290400
494.910320,191.425808,76.570323,-9418.149754
494.910947,191.425808,19.142581,-9360.722011
494.911575,229.710970,-19.142581,-9322.436850
494.912203,248.853550,95.712904,-9303.294269
494.912830,76.570323,76.570323,-9265.009107
494.913458,38.285162,172.283227,-9360.722011
494.914085,-38.285162,229.710970,-9437.292334
494.914713,0.000000,191.425808,-9552.147819
494.915340,-57.427742,229.710970,-9552.147819
494.915968,57.427742,172.283227,-9552.147819
494.916596,76.570323,153.140646,-9533.005238
494.917223,172.283227,38.285162,-9437.292334
494.917851,287.138712,95.712904,-9322.436850
494.918478,248.853550,38.285162,-9245.866526
494.919106,191.425808,95.712904,-9341.579430
494.919733,133.998066,133.998066,-9341.579430
494.920361,114.855485,229.710970,-9284.151688
494.920989,57.427742,248.853550,-9341.579430
494.921616,0.000000,401.994197,-9513.862658
494.922244,-19.142581,267.996131,-9533.005238
494.922871,57.427742,248.853550,-9590.432981
494.923499,133.998066,153.140646,-9533.005238
494.924126,114.855485,133.998066,-9533.005238
494.924754,210.568389,76.570323,-9418.149754
494.925382,153.140646,76.570323,-9322.436850
494.926009,210.568389,0.000000,-9245.866526
494.926637,153.140646,95.712904,-9341.579430
494.927264,172.283227,114.855485,-9303.294269
494.927892,76.570323,210.568389,-9360.722011
494.928519,57.427742,287.138712,-9513.862658
494.929147,19.142581,229.710970,-9533.005238
494.929775,57.427742,287.138712,-9513.862658
494.930402,57.427742,133.998066,-9533.005238
494.931030,76.570323,114.855485,-9533.005238
494.931657,153.140646,133.998066,-9437.292334
494.932285,191.425808,57.427742,-9418.149754
494.932913,229.710970,76.570323,-9360.722011
494.933540,229.710970,76.570323,-9226.723946
494.934168,191.425808,114.855485,-9322.436850
494.934795,114.855485,248.853550,-9284.151688
494.935423,57.427742,248.853550,-9322.436850
494.936050,0.000000,267.996131,-9437.292334
494.936678,-114.855485,267.996131,-9533.005238
494.937306,0.000000,210.568389,-9571.290400
494.937933,76.570323,248.853550,-9552.147819
494.938561,133.998066,114.855485,-9475.577496
494.939188,172.283227,76.570323,-9437.292334
494.939816,191.425808,19.142581,-9418.149754
494.940443,210.568389,38.285162,-9245.866526
494.941071,133.998066,57.427742,-9322.436850
494.941698,114.855485,133.998066,-9341.579430
494.942326,38.285162,153.140646,-9360.722011
494.942953,76.570323,229.710970,-9533.005238
494.943581,0.000000,267.996131,-9552.147819
494.944208,-38.285162,287.138712,-9552.147819
494.944836,0.000000,133.998066,-9590.432981
494.945463,95.712904,210.568389,-9533.005238
494.946091,153.140646,114.855485,-9418.149754
494.946718,248.853550,114.855485,-9379.864592
494.947346,267.996131,95.712904,-9284.151688
494.947973,229.710970,38.285162,-9188.438784
494.948601,76.570323,114.855485,-9245.866526
494.949228,172.283227,114.855485,-9265.009107
494.949856,38.285162,248.853550,-9360.722011
494.950484,-19.142581,267.996131,-9437.292334
494.951111,0.000000,325.423874,-9475.577496
494.951739,0.000000,229.710970,-9590.432981
494.952366,0.000000,172.283227,-9571.290400
494.952994,133.998066,172.283227,-9513.862658
494.953621,191.425808,95.712904,-9494.720077
494.954249,229.710970,19.142581,-9456.434915
494.954876,229.710970,19.142581,-9360.722011
494.955504,191.425808,57.427742,-9341.579430
494.956131,153.140646,57.427742,-9303.294269
494.956759,76.570323,133.998066,-9379.864592
494.957386,38.285162,229.710970,-9437.292334
494.958014,-19.142581,267.996131,-9533.005238
494.958641,-38.285162,229.710970,-9667.003304
494.959269,0.000000,248.853550,-9552.147819
494.959896,95.712904,153.140646,-9552.147819
494.960524,191.425808,114.855485,-9513.862658
494.961151,210.568389,95.712904,-9360.722011
494.961779,191.425808,114.855485,-9303.294269
494.962406,210.568389,95.712904,-9245.866526
494.963034,210.568389,95.712904,-9284.151688
494.963661,172.283227,191.425808,-9265.009107
494.964289,57.427742,248.853550,-9360.722011
494.964916,0.000000,287.138712,-9494.720077
494.965544,-19.142581,344.566454,-9513.862658
494.966171,38.285162,267.996131,-9609.575562
494.966799,0.000000,210.568389,-9647.860723
494.967426,95.712904,153.140646,-9533.005238
494.968054,114.855485,133.998066,-9533.005238
494.968682,191.425808,57.427742,-9418.149754
494.969309,229.710970,0.000000,-9379.864592
494.969937,153.140646,95.712904,-9284.151688
494.970564,153.140646,57.427742,-9303.294269
494.971192,114.855485,210.568389,-9322.436850
494.971819,-19.142581,191.425808,-9379.864592
494.972447,-38.285162,248.853550,-9513.862658
494.973074,19.142581,267.996131,-9571.290400
494.973702,19.142581,287.138712,-9552.147819
494.974329,95.712904,229.710970,-9513.862658
494.974957,133.998066,114.855485,-9475.577496
494.975584,191.425808,76.570323,-9418.149754
494.976212,229.710970,95.712904,-9245.866526
494.976839,248.853550,95.712904,-9245.866526
494.977467,153.140646,95.712904,-9245.866526
494.978094,95.712904,133.998066,-9245.866526
494.978722,57.427742,172.283227,-9360.722011
494.979349,38.285162,210.568389,-9437.292334
494.979977,-38.285162,325.423874,-9552.147819
494.980604,-38.285162,287.138712,-9609.575562
494.981232,0.000000,114.855485,-9571.290400
494.981859,95.712904,133.998066,-9552.147819
494.982487,172.283227,57.427742,-9437.292334
494.983114,191.425808,57.427742,-9437.292334
494.983742,248.853550,0.000000,-9341.579430
494.984369,191.425808,0.000000,-9303.294269
494.984997,153.140646,95.712904,-9303.294269
494.985625,133.998066,191.425808,-9399.007173
494.986252,76.570323,229.710970,-9418.149754
494.986880,19.142581,325.423874,-9571.290400
494.987507,-38.285162,267.996131,-9513.862658
494.988135,19.142581,267.996131,-9571.290400
494.988762,114.855485,191.425808,-9552.147819
494.989390,133.998066,172.283227,-9533.005238
494.990017,172.283227,76.570323,-9418.149754
494.990645,287.138712,76.570323,-9341.579430
494.991272,248.853550,38.285162,-9284.151688
494.991900,153.140646,0.000000,-9245.866526
494.992527,153.140646,95.712904,-9303.294269
494.993155,114.855485,153.140646,-9341.579430
494.993782,38.285162,229.710970,-9437.292334
494.994410,-38.285162,229.710970,-9533.005238
494.995037,0.000000,210.568389,-9571.290400
494.995665,57.427742,153.140646,-9590.432981
494.996292,114.855485,133.998066,-9552.147819
494.996920,210.568389,76.570323,-9494.720077
494.997547,191.425808,76.570323,-9418.149754
494.998175,114.855485,-19.142581,-9322.436850
494.998802,153.140646,57.427742,-9284.151688
494.999430,133.998066,76.570323,-9341.579430
495.000057,95.712904,133.998066,-9341.579430
495.000685,76.570323,153.140646,-9418.149754
495.001312,-38.285162,229.710970,-9437.292334
495.001940,-19.142581,267.996131,-9533.005238
495.002567,57.427742,153.140646,-9609.575562
495.003195,0.000000,267.996131,-9533.005238
495.003823,95.712904,114.855485,-9533.005238
495.004450,210.568389,76.570323,-9399.007173
495.005078,191.425808,76.570323,-9360.722011
495.005705,229.710970,57.427742,-9341.579430
495.006333,153.140646,95.712904,-9245.866526
495.006960,114.855485,153.140646,-9284.151688
495.007588,95.712904,210.568389,-9360.722011
495.008215,95.712904,306.281293,-9399.007173
495.008843,-19.142581,267.996131,-9533.005238
495.009470,-76.570323,229.710970,-9571.290400
495.010098,38.285162,267.996131,-9590.432981
495.010725,57.427742,172.283227,-9552.147819
495.011353,38.285162,76.570323,-9571.290400
495.011980,229.710970,57.427742,-9456.434915
495.012608,191.425808,-38.285162,-9360.722011
495.013235,153.140646,0.000000,-9245.866526
495.013863,153.140646,57.427742,-9265.009107
495.014490,95.712904,133.998066,-9303.294269
495.015118,95.712904,210.568389,-9360.722011
495.015745,0.000000,229.710970,-9379.864592
495.016373,-76.570323,267.996131,-9533.005238
495.017000,0.000000,287.138712,-9513.862658
495.017628,57.427742,172.283227,-9552.147819
495.018255,133.998066,153.140646,-9475.577496
495.018883,210.568389,133.998066,-9437.292334
495.019510,229.710970,19.142581,-9418.149754
495.020138,210.568389,95.712904,-9245.866526
495.020766,248.853550,57.427742,-9341.579430
495.021393,76.570323,76.570323,-9284.151688
495.022021,95.712904,133.998066,-9341.579430
495.022648,19.142581,267.996131,-9399.007173
495.023276,-57.427742,248.853550,-9513.862658
495.023903,-38.285162,248.853550,-9513.862658
495.024531,0.000000,172.283227,-9552.147819
495.025158,57.427742,191.425808,-9552.147819
495.025786,57.427742,133.998066,-9552.147819
495.026413,191.425808,76.570323,-9475.577496
495.027041,248.853550,19.142581,-9418.149754
495.027668,248.853550,0.000000,-9341.579430
495.028296,210.568389,95.712904,-9303.294269
495.028923,114.855485,133.998066,-9360.722011
495.029551,57.427742,191.425808,-9303.294269
495.030178,-38.285162,267.996131,-9379.864592
495.030806,-19.142581,267.996131,-9533.005238
495.031433,-19.142581,306.281293,-9475.577496
495.032061,19.142581,267.996131,-9571.290400
495.032688,76.570323,153.140646,-9437.292334
495.033316,76.570323,95.712904,-9456.434915
495.033943,210.568389,76.570323,-9379.864592
495.034571,210.568389,38.285162,-9265.009107
495.035198,248.853550,95.712904,-9245.866526
495.035826,114.855485,133.998066,-9322.436850
495.036453,114.855485,153.140646,-9322.436850
495.037081,38.285162,229.710970,-9418.149754
495.037708,-76.570323,267.996131,-9437.292334
495.038336,-76.570323,267.996131,-9533.005238
495.038964,-38.285162,229.710970,-9552.147819
495.039591,95.712904,153.140646,-9552.147819
495.040218,76.570323,95.712904,-9533.005238
495.040846,114.855485,95.712904,-9437.292334
495.041473,191.425808,57.427742,-9418.149754
495.042101,248.853550,0.000000,-9284.151688
495.042728,210.568389,0.000000,-9303.294269
495.043355,95.712904,153.140646,-9284.151688
495.043983,57.427742,153.140646,-9303.294269
495.044610,19.142581,229.710970,-9418.149754
495.045238,0.000000,325.423874,-9513.862658
495.045865,38.285162,325.423874,-9571.290400
495.046492,95.712904,229.710970,-9533.005238
495.047120,114.855485,229.710970,-9437.292334
495.047747,133.998066,114.855485,-9533.005238
495.048375,191.425808,76.570323,-9456.434915
495.049002,229.710970,38.285162,-9418.149754
495.049629,191.425808,76.570323,-9418.149754
495.050257,153.140646,95.712904,-9360.722011
495.050884,95.712904,210.568389,-9303.294269
495.051512,76.570323,248.853550,-9360.722011
495.052139,0.000000,229.710970,-9494.720077
495.052766,-38.285162,229.710970,-9552.147819
495.053394,0.000000,248.853550,-9552.147819
495.054021,38.285162,210.568389,-9552.147819
495.054649,76.570323,133.998066,-9552.147819
495.055276,172.283227,76.570323,-9418.149754
495.055903,172.283227,57.427742,-9360.722011
495.056531,210.568389,0.000000,-9303.294269
495.057158,191.425808,95.712904,-9245.866526
495.057785,172.283227,172.283227,-9303.294269
495.058413,57.427742,191.425808,-9322.436850
495.059040,38.285162,210.568389,-9360.722011
495.059668,0.000000,306.281293,-9475.577496
495.060295,19.142581,229.710970,-9533.005238
495.060922,38.285162,248.853550,-9571.290400
495.061550,76.570323,191.425808,-9552.147819
495.062177,114.855485,133.998066,-9475.577496
495.062805,210.568389,133.998066,-9456.434915
495.063432,191.425808,76.570323,-9418.149754
495.064059,248.853550,0.000000,-9245.866526
495.064687,133.998066,95.712904,-9303.294269
495.065314,95.712904,153.140646,-9245.866526
495.065942,95.712904,248.853550,-9322.436850
495.066569,0.000000,287.138712,-9475.577496
495.067196,-38.285162,248.853550,-9513.862658
495.067824,-19.142581,210.568389,-9571.290400
495.068451,57.427742,191.425808,-9590.432981
495.069079,76.570323,153.140646,-9533.005238
495.069706,191.425808,57.427742,-9456.434915
495.070333,191.425808,19.142581,-9437.292334
495.070961,248.853550,38.285162,-9284.151688
495.071588,210.568389,95.712904,-9341.579430
495.072216,76.570323,76.570323,-9379.864592
495.072843,114.855485,210.568389,-9303.294269
495.073470,114.855485,267.996131,-9322.436850
495.074098,19.142581,382.851616,-9379.864592
495.074725,57.427742,287.138712,-9513.862658
495.075353,19.142581,267.996131,-9571.290400
495.075980,57.427742,191.425808,-9552.147819
495.076607,76.570323,114.855485,-9533.005238
495.077235,210.568389,133.998066,-9399.007173
495.077862,172.283227,57.427742,-9456.434915
495.078490,210.568389,19.142581,-9284.151688
495.079117,248.853550,95.712904,-9360.722011
495.079744,133.998066,76.570323,-9284.151688
495.080372,95.712904,210.568389,-9360.722011
495.080999,-57.427742,248.853550,-9494.720077
495.081627,-57.427742,267.996131,-9513.862658
495.082254,-19.142581,153.140646,-9609.575562
495.082881,19.142581,153.140646,-9533.005238
495.083509,38.285162,114.855485,-9533.005238
495.084136,210.568389,133.998066,-9494.720077
495.084764,248.853550,76.570323,-9418.149754
495.085391,267.996131,95.712904,-9284.151688
495.086018,210.568389,95.712904,-9245.866526
495.086646,210.568389,133.998066,-9207.581365
495.087273,133.998066,133.998066,-9360.722011
495.087901,114.855485,229.710970,-9379.864592
495.088528,0.000000,306.281293,-9456.434915
495.089155,19.142581,363.709035,-9571.290400
495.089783,-38.285162,325.423874,-9571.290400
495.090410,57.427742,287.138712,-9513.862658
495.091038,133.998066,153.140646,-9533.005238
495.091665,172.283227,95.712904,-9456.434915
495.092292,229.710970,76.570323,-9418.149754
495.092920,248.853550,0.000000,-9322.436850
495.093547,153.140646,0.000000,-9341.579430
495.094175,153.140646,95.712904,-9360.722011
495.094802,0.000000,133.998066,-9341.579430
495.095429,38.285162,153.140646,-9418.149754
495.096057,-76.570323,229.710970,-9571.290400
495.096684,-19.142581,229.710970,-9571.290400
495.097312,19.142581,248.853550,-9571.290400
495.097939,95.712904,153.140646,-9456.434915
495.098566,191.425808,76.570323,-9533.005238
495.099194,191.425808,-38.285162,-9418.149754
495.099821,191.425808,-19.142581,-9379.864592
495.100449,153.140646,38.285162,-9245.866526
495.101076,153.140646,95.712904,-9360.722011
495.101703,57.427742,133.998066,-9284.151688
495.102331,38.285162,210.568389,-9418.149754
495.102958,-19.142581,306.281293,-9475.577496
495.103586,-76.570323,267.996131,-9533.005238
495.104213,-19.142581,229.710970,-9571.290400
495.104840,0.000000,191.425808,-9552.147819
495.105468,133.998066,114.855485,-9533.005238
495.106095,153.140646,114.855485,-9475.577496
495.106723,172.283227,38.285162,-9399.007173
495.107350,267.996131,0.000000,-9303.294269
495.107977,153.140646,57.427742,-9341.579430
495.108605,38.285162,76.570323,-9303.294269
495.109232,133.998066,95.712904,-9360.722011
495.109860,95.712904,172.283227,-9418.149754
495.110487,19.142581,229.710970,-9533.005238
495.111114,-57.427742,287.138712,-9609.575562
495.111742,-57.427742,210.568389,-9590.432981
495.112369,114.855485,172.283227,-9552.147819
495.112997,133.998066,95.712904,-9533.005238
495.113624,133.998066,95.712904,-9456.434915
495.114251,191.425808,76.570323,-9341.579430
495.114879,210.568389,38.285162,-9303.294269
495.115506,153.140646,95.712904,-9245.866526
495.116134,95.712904,153.140646,-9245.866526
495.116761,76.570323,229.710970,-9360.722011
495.117388,19.142581,325.423874,-9379.864592
495.118016,19.142581,267.996131,-9571.290400
495.118643,19.142581,325.423874,-9571.290400
495.119271,57.427742,172.283227,-9552.147819
495.119898,76.570323,114.855485,-9533.005238
495.120525,210.568389,172.283227,-9437.292334
495.121153,287.138712,76.570323,-9418.149754
495.121780,229.710970,-76.570323,-9303.294269
495.122408,153.140646,38.285162,-9245.866526
495.123035,133.998066,38.285162,-9322.436850
495.123662,114.855485,133.998066,-9360.722011
495.124290,38.285162,153.140646,-9360.722011
495.124917,-76.570323,325.423874,-9494.720077
495.125545,-57.427742,267.996131,-9533.005238
495.126172,0.000000,191.425808,-9552.147819
495.126799,0.000000,172.283227,-9552.147819
495.127427,133.998066,153.140646,-9533.005238
495.128054,172.283227,57.427742,-9399.007173
495.128682,229.710970,0.000000,-9360.722011
495.129309,248.853550,38.285162,-9245.866526
495.129936,248.853550,95.712904,-9245.866526
495.130564,210.568389,76.570323,-9226.723946
495.131191,95.712904,248.853550,-9303.294269
495.131819,19.142581,325.423874,-9379.864592
495.132446,19.142581,229.710970,-9494.720077
495.133073,38.285162,267.996131,-9571.290400
495.133701,-38.285162,287.138712,-9552.147819
495.134328,95.712904,172.283227,-9552.147819
495.134956,172.283227,95.712904,-9513.862658
495.135583,191.425808,19.142581,-9475.577496
495.136210,248.853550,0.000000,-9341.579430
495.136838,172.283227,-19.142581,-9284.151688
495.137465,133.998066,76.570323,-9265.009107
495.138093,133.998066,95.712904,-9360.722011
495.138720,57.427742,248.853550,-9360.722011
495.139347,0.000000,287.138712,-9456.434915
495.139975,-57.427742,287.138712,-9571.290400
495.140602,0.000000,248.853550,-9552.147819
495.141230,38.285162,267.996131,-9571.290400
495.141857,133.998066,114.855485,-9533.005238
495.142485,210.568389,133.998066,-9399.007173
495.143112,248.853550,95.712904,-9341.579430
495.143740,248.853550,38.285162,-9245.866526
495.144367,191.425808,95.712904,-9303.294269
495.144995,133.998066,172.283227,-9226.723946
495.145622,95.712904,133.998066,-9284.151688
495.146250,19.142581,267.996131,-9341.579430
495.146877,-19.142581,267.996131,-9475.577496
495.147505,-57.427742,344.566454,-9533.005238
495.148132,-19.142581,267.996131,-9533.005238
495.148760,0.000000,153.140646,-9571.290400
495.149387,133.998066,76.570323,-9571.290400
495.150014,172.283227,76.570323,-9418.149754
495.150642,210.568389,-57.427742,-9379.864592
495.151269,210.568389,0.000000,-9341.579430
495.151897,153.140646,95.712904,-9341.579430
495.152524,133.998066,76.570323,-9341.579430
495.153152,57.427742,133.998066,-9418.149754
495.153779,0.000000,229.710970,-9437.292334
495.154407,0.000000,248.853550,-9552.147819
495.155034,19.142581,267.996131,-9571.290400
495.155662,57.427742,153.140646,-9552.147819
495.156289,114.855485,172.283227,-9552.147819
495.156917,210.568389,38.285162,-9475.577496
495.157544,191.425808,76.570323,-9360.722011
495.158172,248.853550,38.285162,-9341.579430
495.158799,191.425808,95.712904,-9245.866526
495.159427,172.283227,95.712904,-9284.151688
495.160054,95.712904,248.853550,-9303.294269
495.160682,38.285162,229.710970,-9418.149754
495.161309,-76.570323,248.853550,-9533.005238
495.161937,-19.142581,325.423874,-9533.005238
495.162564,38.285162,210.568389,-9533.005238
495.163192,38.285162,172.283227,-9552.147819
495.163819,95.712904,76.570323,-9513.862658
495.164446,210.568389,-38.285162,-9418.149754
495.165074,191.425808,19.142581,-9418.149754
495.165701,191.425808,0.000000,-9360.722011
495.166329,153.140646,95.712904,-9341.579430
495.166956,38.285162,133.998066,-9303.294269
495.167584,38.285162,153.140646,-9360.722011
495.168211,57.427742,267.996131,-9379.864592
495.168839,-19.142581,267.996131,-9475.577496
495.169466,-38.285162,287.138712,-9552.147819
495.170094,95.712904,248.853550,-9552.147819
495.170721,133.998066,210.568389,-9533.005238
495.171349,153.140646,153.140646,-9399.007173
495.171976,210.568389,133.998066,-9456.434915
495.172604,287.138712,95.712904,-9322.436850
495.173231,248.853550,95.712904,-9245.866526
495.173859,153.140646,95.712904,-9245.866526
495.174486,114.855485,172.283227,-9265.009107
495.175114,95.712904,248.853550,-9360.722011
495.175741,0.000000,306.281293,-9494.720077
495.176369,-19.142581,267.996131,-9533.005238
495.176996,0.000000,210.568389,-9647.860723
495.177624,57.427742,172.283227,-9590.432981
495.178251,153.140646,76.570323,-9494.720077
495.178878,210.568389,95.712904,-9475.577496
495.179506,191.425808,57.427742,-9418.149754
495.180133,153.140646,-19.142581,-9341.579430
495.180761,153.140646,57.427742,-9303.294269
495.181388,38.285162,76.570323,-9379.864592
495.182016,57.427742,153.140646,-9360.722011
495.182643,19.142581,210.568389,-9437.292334
495.183271,-38.285162,248.853550,-9513.862658
495.183898,-38.285162,287.138712,-9552.147819
495.184526,19.142581,248.853550,-9571.290400
495.185153,114.855485,153.140646,-9533.005238
495.185781,210.568389,133.998066,-9399.007173
495.186408,287.138712,76.570323,-9418.149754
495.187036,248.853550,95.712904,-9284.151688
495.187663,248.853550,95.712904,-9245.866526
495.188291,153.140646,95.712904,-9245.866526
495.188918,76.570323,114.855485,-9341.579430
495.189546,0.000000,248.853550,-9360.722011
495.190173,-38.285162,267.996131,-9456.434915
495.190801,-38.285162,287.138712,-9552.147819
495.191428,0.000000,287.138712,-9513.862658
495.192056,57.427742,191.425808,-9552.147819
495.192683,133.998066,114.855485,-9533.005238
495.193310,172.283227,76.570323,-9456.434915
495.193938,172.283227,38.285162,-9399.007173
495.194565,229.710970,-38.285162,-9341.579430
495.195193,191.425808,57.427742,-9360.722011
495.195820,114.855485,133.998066,-9360.722011
495.196448,38.285162,172.283227,-9245.866526
495.197075,95.712904,267.996131,-9360.722011
495.197703,-19.142581,325.423874,-9494.720077
495.198330,-114.855485,267.996131,-9533.005238
495.198958,-76.570323,229.710970,-9571.290400
495.199585,57.427742,248.853550,-9533.005238
495.200213,95.712904,133.998066,-9552.147819
495.200840,210.568389,133.998066,-9437.292334
495.201468,191.425808,95.712904,-9245.866526
495.202095,191.425808,76.570323,-9226.723946
495.202723,133.998066,95.712904,-9303.294269
495.203350,95.712904,210.568389,-9303.294269
495.203978,95.712904,172.283227,-9322.436850
495.204605,38.285162,248.853550,-9360.722011
495.205233,-76.570323,267.996131,-9494.720077
495.205860,19.142581,248.853550,-9571.290400
495.206488,0.000000,191.425808,-9590.432981
495.207115,95.712904,153.140646,-9552.147819
495.207743,153.140646,153.140646,-9437.292334
495.208370,191.425808,57.427742,-9418.149754
495.208997,229.710970,19.142581,-9341.579430
495.209625,153.140646,57.427742,-9341.579430
495.210252,153.140646,95.712904,-9303.294269
495.210880,95.712904,153.140646,-9245.866526
495.211507,57.427742,248.853550,-9360.722011
495.212135,0.000000,287.138712,-9456.434915
495.212762,19.142581,325.423874,-9571.290400
495.213390,-19.142581,267.996131,-9533.005238
495.214017,57.427742,191.425808,-9590.432981
495.214645,133.998066,153.140646,-9533.005238
495.215272,172.283227,38.285162,-9437.292334
495.215900,191.425808,76.570323,-9418.149754
495.216527,210.568389,0.000000,-9245.866526
495.217155,248.853550,57.427742,-9303.294269
495.217782,76.570323,133.998066,-9379.864592
495.218410,95.712904,153.140646,-9303.294269
495.219037,19.142581,229.710970,-9437.292334
495.219665,-19.142581,267.996131,-9475.577496
495.220292,0.000000,229.710970,-9571.290400
495.220920,-38.285162,287.138712,-9590.432981
495.221547,38.285162,114.855485,-9533.005238
495.222175,114.855485,57.427742,-9494.720077
495.222802,191.425808,76.570323,-9418.149754
495.223429,248.853550,-19.142581,-9379.864592
495.224057,248.853550,95.712904,-9245.866526
495.224684,153.140646,38.285162,-9245.866526
495.225312,153.140646,114.855485,-9245.866526
495.225939,95.712904,248.853550,-9341.579430
495.226567,0.000000,287.138712,-9399.007173
495.227194,-38.285162,325.423874,-9571.290400
495.227822,-57.427742,287.138712,-9552.147819
495.228449,0.000000,210.568389,-9571.290400
495.229077,95.712904,153.140646,-9475.577496
495.229704,133.998066,114.855485,-9456.434915
495.230332,267.996131,95.712904,-9360.722011
495.230959,248.853550,38.285162,-9284.151688
495.231587,248.853550,0.000000,-9303.294269
495.232214,133.998066,95.712904,-9245.866526
495.232842,57.427742,210.568389,-9303.294269
495.233469,38.285162,210.568389,-9437.292334
495.234097,19.142581,229.710970,-9475.577496
495.234724,-38.285162,306.281293,-9609.575562
495.235352,-19.142581,210.568389,-9647.860723
495.235979,57.427742,153.140646,-9590.432981
495.236607,114.855485,76.570323,-9552.147819
495.237234,191.425808,57.427742,-9456.434915
495.237861,248.853550,19.142581,-9418.149754
495.238489,248.853550,0.000000,-9341.579430
495.239116,248.853550,95.712904,-9303.294269
495.239744,114.855485,114.855485,-9303.294269
495.240371,0.000000,153.140646,-9360.722011
495.240999,-38.285162,267.996131,-9399.007173
495.241626,-19.142581,287.138712,-9456.434915
495.242254,-19.142581,306.281293,-9533.005238
495.242881,-38.285162,287.138712,-9552.147819
495.243509,133.998066,153.140646,-9418.149754
495.244136,133.998066,114.855485,-9475.577496
495.244763,191.425808,38.285162,-9418.149754
495.245391,248.853550,38.285162,-9284.151688
495.246018,248.853550,95.712904,-9303.294269
495.246646,76.570323,57.427742,-9322.436850
495.247273,114.855485,133.998066,-9341.579430
495.247901,76.570323,114.855485,-9418.149754
495.248528,38.285162,210.568389,-9475.577496
495.249155,19.142581,325.423874,-9609.575562
495.249783,-19.142581,210.568389,-9590.432981
495.250410,57.427742,172.283227,-9647.860723
495.251038,95.712904,172.283227,-9590.432981
495.251665,210.568389,95.712904,-9533.005238
495.252293,210.568389,19.142581,-9360.722011
495.252920,210.568389,0.000000,-9284.151688
495.253547,153.140646,95.712904,-9245.866526
495.254175,76.570323,76.570323,-9303.294269
495.254802,95.712904,248.853550,-9322.436850
495.255430,0.000000,287.138712,-9399.007173
495.256057,0.000000,306.281293,-9494.720077
495.256685,-19.142581,325.423874,-9533.005238
495.257312,-19.142581,229.710970,-9571.290400
495.257940,76.570323,248.853550,-9552.147819
495.258567,153.140646,153.140646,-9456.434915
495.259194,248.853550,57.427742,-9418.149754
495.259822,210.568389,0.000000,-9360.722011
495.260449,210.568389,0.000000,-9284.151688
495.261077,210.568389,57.427742,-9245.866526
495.261704,114.855485,95.712904,-9379.864592
495.262332,0.000000,153.140646,-9360.722011
495.262959,-38.285162,229.710970,-9494.720077
495.263586,-95.712904,287.138712,-9552.147819
495.264214,38.285162,267.996131,-9571.290400
495.264841,-19.142581,172.283227,-9590.432981
495.265469,57.427742,133.998066,-9533.005238
495.266096,133.998066,95.712904,-9456.434915
495.266724,210.568389,-19.142581,-9341.579430
495.267351,267.996131,-38.285162,-9322.436850
495.267978,210.568389,95.712904,-9245.866526
495.268606,95.712904,133.998066,-9341.579430
495.269233,57.427742,210.568389,-9341.579430
495.269861,95.712904,191.425808,-9360.722011
495.270488,-38.285162,229.710970,-9533.005238
495.271116,-76.570323,267.996131,-9533.005238
495.271743,57.427742,287.138712,-9513.862658
495.272371,57.427742,172.283227,-9552.147819
495.272998,114.855485,38.285162,-9513.862658
495.273625,191.425808,57.427742,-9418.149754
495.274253,229.710970,57.427742,-9360.722011
495.274880,229.710970,57.427742,-9418.149754
495.275508,229.710970,114.855485,-9379.864592
495.276135,38.285162,76.570323,-9303.294269
495.276763,95.712904,133.998066,-9341.579430
495.277390,19.142581,287.138712,-9418.149754
495.278017,19.142581,363.709035,-9571.290400
495.278645,-38.285162,267.996131,-9590.432981
495.279272,-38.285162,287.138712,-9552.147819
495.279900,95.712904,133.998066,-9552.147819
495.280527,57.427742,38.285162,-9494.720077
495.281155,172.283227,57.427742,-9418.149754
495.281782,267.996131,0.000000,-9341.579430
495.282410,267.996131,38.285162,-9245.866526
495.283037,95.712904,133.998066,-9245.866526
495.283664,95.712904,210.568389,-9245.866526
495.284292,38.285162,229.710970,-9418.149754
495.284919,0.000000,306.281293,-9456.434915
495.285547,-76.570323,344.566454,-9533.005238
495.286174,19.142581,267.996131,-9590.432981
495.286802,38.285162,210.568389,-9533.005238
495.287429,153.140646,153.140646,-9475.577496
495.288056,210.568389,38.285162,-9533.005238
495.288684,229.710970,0.000000,-9418.149754
495.289311,229.710970,19.142581,-9360.722011
495.289939,248.853550,57.427742,-9360.722011
495.290566,76.570323,76.570323,-9379.864592
495.291194,95.712904,133.998066,-9360.722011
495.291821,57.427742,172.283227,-9360.722011
495.292448,-57.427742,248.853550,-9513.862658
495.293076,-95.712904,191.425808,-9513.862658
495.293703,-19.142581,172.283227,-9590.432981
495.294331,38.285162,153.140646,-9475.577496
495.294958,38.285162,114.855485,-9437.292334
495.295586,172.283227,76.570323,-9456.434915
495.296213,248.853550,95.712904,-9284.151688
495.296841,229.710970,76.570323,-9226.723946
495.297468,133.998066,76.570323,-9379.864592
495.298095,114.855485,210.568389,-9284.151688
495.298723,95.712904,153.140646,-9303.294269
495.299350,0.000000,248.853550,-9360.722011
495.299978,0.000000,267.996131,-9437.292334
495.300605,-19.142581,229.710970,-9571.290400
495.301233,57.427742,191.425808,-9552.147819
495.301860,114.855485,133.998066,-9552.147819
495.302487,133.998066,95.712904,-9456.434915
495.303115,191.425808,57.427742,-9456.434915
495.303742,267.996131,-19.142581,-9284.151688
495.304370,210.568389,-19.142581,-9379.864592
495.304997,153.140646,95.712904,-9341.579430
495.305625,57.427742,172.283227,-9341.579430
495.306252,38.285162,191.425808,-9418.149754
495.306879,-57.427742,248.853550,-9399.007173
495.307507,-19.142581,210.568389,-9571.290400
495.308134,-38.285162,229.710970,-9552.147819
495.308762,57.427742,95.712904,-9513.862658
495.309389,76.570323,114.855485,-9475.577496
495.310017,172.283227,76.570323,-9418.149754
495.310644,191.425808,76.570323,-9341.579430
495.311272,248.853550,95.712904,-9303.294269
495.311899,210.568389,38.285162,-9245.866526
495.312526,114.855485,172.283227,-9303.294269
495.313154,95.712904,248.853550,-9303.294269
495.313781,0.000000,191.425808,-9360.722011
495.314409,-76.570323,267.996131,-9533.005238
495.315036,-38.285162,287.138712,-9533.005238
495.315664,0.000000,172.283227,-9647.860723
495.316291,172.283227,114.855485,-9513.862658
495.316918,114.855485,95.712904,-9513.862658
495.317546,191.425808,57.427742,-9418.149754
495.318173,267.996131,0.000000,-9341.579430
495.318801,191.425808,19.142581,-9245.866526
495.319428,133.998066,38.285162,-9265.009107
495.320056,0.000000,133.998066,-9245.866526
495.320683,19.142581,114.855485,-9418.149754
495.321311,19.142581,229.710970,-9494.720077
495.321938,-19.142581,267.996131,-9533.005238
495.322565,19.142581,248.853550,-9571.290400
495.323193,76.570323,153.140646,-9552.147819
495.323820,114.855485,191.425808,-9552.147819
495.324448,210.568389,133.998066,-9437.292334
495.325075,248.853550,114.855485,-9322.436850
495.325703,248.853550,95.712904,-9245.866526
495.326330,248.853550,95.712904,-9245.866526
495.326957,172.283227,76.570323,-9341.579430
495.327585,114.855485,191.425808,-9303.294269
495.328212,0.000000,267.996131,-9322.436850
495.328840,0.000000,287.138712,-9513.862658
495.329467,-57.427742,248.853550,-9533.005238
495.330095,-19.142581,153.140646,-9571.290400
495.330722,57.427742,172.283227,-9552.147819
495.331349,95.712904,114.855485,-9533.005238
495.331977,191.425808,57.427742,-9475.577496
495.332604,191.425808,19.142581,-9360.722011
495.333232,153.140646,-19.142581,-9245.866526
495.333859,153.140646,0.000000,-9341.579430
495.334487,133.998066,76.570323,-9284.151688
495.335114,57.427742,248.853550,-9360.722011
495.335742,57.427742,248.853550,-9418.149754
495.336369,-19.142581,267.996131,-9533.005238
495.336996,19.142581,267.996131,-9571.290400
495.337624,0.000000,153.140646,-9552.147819
495.338251,114.855485,191.425808,-9571.290400
495.338879,133.998066,133.998066,-9494.720077
495.339506,210.568389,133.998066,-9399.007173
495.340134,267.996131,95.712904,-9341.579430
495.340761,210.568389,0.000000,-9245.866526
495.341389,172.283227,114.855485,-9265.009107
495.342016,95.712904,153.140646,-9284.151688
495.342643,95.712904,210.568389,-9418.149754
495.343271,19.142581,229.710970,-9494.720077
495.343898,-57.427742,248.853550,-9513.862658
495.344526,0.000000,229.710970,-9647.860723
495.345153,57.427742,172.283227,-9552.147819
495.345781,133.998066,114.855485,-9533.005238
495.346408,153.140646,95.712904,-9456.434915
495.347036,191.425808,57.427742,-9475.577496
495.347663,229.710970,-76.570323,-9379.864592
495.348291,76.570323,76.570323,-9379.864592
495.348918,76.570323,76.570323,-9322.436850
495.349546,114.855485,114.855485,-9379.864592
495.350173,57.427742,172.283227,-9418.149754
495.350801,19.142581,248.853550,-9513.862658
495.351428,0.000000,267.996131,-9533.005238
495.352055,95.712904,267.996131,-9571.290400
495.352683,133.998066,172.283227,-9475.577496
495.353310,133.998066,114.855485,-9475.577496
495.353938,229.710970,76.570323,-9456.434915
495.354565,248.853550,38.285162,-9284.151688
495.355193,229.710970,95.712904,-9245.866526
495.355820,172.283227,95.712904,-9265.009107
495.356448,172.283227,153.140646,-9322.436850
495.357075,95.712904,133.998066,-9360.722011
495.357703,95.712904,248.853550,-9360.722011
495.358330,-19.142581,267.996131,-9533.005238
495.358958,0.000000,191.425808,-9533.005238
495.359585,38.285162,267.996131,-9628.718142
495.360213,114.855485,133.998066,-9533.005238
495.360840,191.425808,76.570323,-9533.005238
495.361468,191.425808,19.142581,-9418.149754
495.362095,229.710970,19.142581,-9418.149754
495.362722,210.568389,-19.142581,-9284.151688
495.363350,76.570323,19.142581,-9265.009107
495.363977,57.427742,153.140646,-9303.294269
495.364605,95.712904,306.281293,-9399.007173
495.365232,-76.570323,267.996131,-9533.005238
495.365860,-19.142581,267.996131,-9533.005238
495.366487,19.142581,191.425808,-9513.862658
495.367115,57.427742,172.283227,-9552.147819
495.367742,133.998066,114.855485,-9475.577496
495.368370,172.283227,95.712904,-9379.864592
495.368997,248.853550,38.285162,-9360.722011
495.369625,248.853550,95.712904,-9245.866526
495.370252,191.425808,114.855485,-9265.009107
495.370880,95.712904,153.140646,-9303.294269
495.371507,95.712904,248.853550,-9360.722011
495.372135,95.712904,248.853550,-9418.149754
495.372762,-76.570323,267.996131,-9475.577496
495.373389,-38.285162,287.138712,-9552.147819
495.374017,57.427742,191.425808,-9647.860723
495.374644,114.855485,191.425808,-9590.432981
495.375272,133.998066,57.427742,-9571.290400
495.375899,191.425808,38.285162,-9456.434915
495.376527,287.138712,19.142581,-9418.149754
495.377154,267.996131,76.570323,-9379.864592
495.377782,153.140646,38.285162,-9303.294269
495.378409,133.998066,133.998066,-9284.151688
495.379037,38.285162,210.568389,-9360.722011
495.379664,57.427742,267.996131,-9379.864592
495.380292,-76.570323,267.996131,-9475.577496
495.380919,-57.427742,267.996131,-9494.720077
495.381547,38.285162,153.140646,-9475.577496
495.382174,172.283227,76.570323,-9494.720077
495.382801,229.710970,76.570323,-9437.292334
495.383429,229.710970,38.285162,-9418.149754
495.384056,248.853550,114.855485,-9303.294269
495.384684,248.853550,95.712904,-9303.294269
495.385311,153.140646,95.712904,-9303.294269
495.385939,95.712904,191.425808,-9303.294269
495.386566,95.712904,229.710970,-9399.007173
495.387194,-19.142581,229.710970,-9513.862658
495.387821,-19.142581,248.853550,-9552.147819
495.388449,57.427742,172.283227,-9552.147819
495.389076,95.712904,172.283227,-9552.147819
495.389704,76.570323,76.570323,-9571.290400
495.390331,191.425808,19.142581,-9456.434915
495.390959,248.853550,0.000000,-9360.722011
495.391586,267.996131,0.000000,-9341.579430
495.392214,153.140646,95.712904,-9303.294269
495.392841,114.855485,172.283227,-9322.436850
495.393468,95.712904,191.425808,-9322.436850
495.394096,0.000000,267.996131,-9399.007173
495.394723,-19.142581,306.281293,-9513.862658
495.395351,-57.427742,267.996131,-9494.720077
495.395978,57.427742,287.138712,-9513.862658
495.396606,153.140646,210.568389,-9437.292334
495.397233,114.855485,133.998066,-9533.005238
495.397861,191.425808,57.427742,-9418.149754
495.398488,267.996131,95.712904,-9322.436850
495.399116,229.710970,114.855485,-9303.294269
495.399743,153.140646,95.712904,-9303.294269
495.400371,57.427742,153.140646,-9284.151688
495.400998,76.570323,172.283227,-9418.149754
495.401626,19.142581,210.568389,-9494.720077
495.402253,-76.570323,267.996131,-9533.005238
495.402881,-19.142581,229.710970,-9571.290400
495.403508,95.712904,153.140646,-9533.005238
495.404135,95.712904,114.855485,-9533.005238
495.404763,210.568389,57.427742,-9552.147819
495.405390,210.568389,38.285162,-9360.722011
495.406018,248.853550,0.000000,-9303.294269
495.406645,210.568389,95.712904,-9245.866526
495.407273,133.998066,76.570323,-9322.436850
495.407900,38.285162,191.425808,-9360.722011
495.408528,57.427742,267.996131,-9379.864592
495.409155,-19.142581,267.996131,-9475.577496
495.409783,-38.285162,248.853550,-9494.720077
495.410410,0.000000,267.996131,-9533.005238
495.411038,76.570323,133.998066,-9552.147819
495.411665,153.140646,114.855485,-9475.577496
495.412293,210.568389,133.998066,-9399.007173
495.412920,210.568389,38.285162,-9341.579430
495.413547,248.853550,0.000000,-9245.866526
495.414175,191.425808,95.712904,-9245.866526
495.414802,95.712904,114.855485,-9322.436850
495.415430,38.285162,267.996131,-9379.864592
495.416057,19.142581,229.710970,-9418.149754
495.416685,-19.142581,267.996131,-9533.005238
495.417312,-38.285162,229.710970,-9647.860723
495.417940,57.427742,172.283227,-9647.860723
495.418567,114.855485,172.283227,-9533.005238
495.419195,172.283227,57.427742,-9456.434915
495.419822,191.425808,76.570323,-9418.149754
495.420450,248.853550,38.285162,-9284.151688
495.421077,153.140646,95.712904,-9245.866526
495.421705,172.283227,114.855485,-9265.009107
495.422332,57.427742,210.568389,-9303.294269
495.422960,76.570323,229.710970,-9418.149754
495.423587,38.285162,287.138712,-9456.434915
495.424214,0.000000,306.281293,-9475.577496
495.424842,19.142581,210.568389,-9533.005238
495.425469,57.427742,248.853550,-9552.147819
495.426097,38.285162,114.855485,-9533.005238
495.426724,210.568389,133.998066,-9399.007173
495.427352,267.996131,0.000000,-9360.722011
495.427979,248.853550,57.427742,-9245.866526
495.428607,191.425808,95.712904,-9341.579430
495.429234,76.570323,76.570323,-9322.436850
495.429862,95.712904,153.140646,-9303.294269
495.430489,0.000000,248.853550,-9360.722011
495.431117,-38.285162,229.710970,-9475.577496
495.431744,-57.427742,287.138712,-9628.718142
495.432372,-19.142581,210.568389,-9590.432981
495.432999,95.712904,133.998066,-9552.147819
495.433627,133.998066,76.570323,-9513.862658
495.434254,172.283227,38.285162,-9437.292334
495.434881,248.853550,0.000000,-9341.579430
495.435509,210.568389,0.000000,-9284.151688
495.436136,133.998066,95.712904,-9245.866526
495.436764,114.855485,210.568389,-9303.294269
495.437391,0.000000,248.853550,-9341.579430
495.438019,-38.285162,325.423874,-9418.149754
495.438646,-19.142581,325.423874,-9437.292334
495.439274,0.000000,325.423874,-9513.862658
495.439901,57.427742,191.425808,-9552.147819
495.440529,172.283227,133.998066,-9552.147819
495.441156,191.425808,57.427742,-9418.149754
495.441784,191.425808,19.142581,-9418.149754
495.442411,191.425808,38.285162,-9418.149754
495.443039,153.140646,57.427742,-9245.866526
495.443666,114.855485,133.998066,-9341.579430
495.444294,172.283227,114.855485,-9341.579430
495.444921,38.285162,229.710970,-9437.292334
495.445549,-38.285162,248.853550,-9513.862658
495.446176,-19.142581,229.710970,-9590.432981
495.446804,0.000000,153.140646,-9590.432981
495.447431,114.855485,153.140646,-9533.005238
495.448059,172.283227,76.570323,-9475.577496
495.448686,287.138712,76.570323,-9456.434915
495.449314,229.710970,76.570323,-9360.722011
495.449941,248.853550,0.000000,-9284.151688
495.450569,133.998066,76.570323,-9265.009107
495.451196,38.285162,191.425808,-9245.866526
495.451824,57.427742,191.425808,-9245.866526
495.452451,57.427742,325.423874,-9341.579430
495.453079,-76.570323,325.423874,-9533.005238
495.453706,19.142581,267.996131,-9571.290400
495.454334,95.712904,248.853550,-9571.290400
495.454961,114.855485,191.425808,-9475.577496
495.455589,172.283227,133.998066,-9552.147819
495.456216,172.283227,76.570323,-9418.149754
495.456844,210.568389,0.000000,-9360.722011
495.457471,248.853550,95.712904,-9284.151688
495.458099,114.855485,133.998066,-9303.294269
495.458726,0.000000,95.712904,-9399.007173
495.459354,38.285162,210.568389,-9418.149754
495.459981,0.000000,287.138712,-9513.862658
495.460609,-76.570323,229.710970,-9590.432981
495.461236,-76.570323,210.568389,-9590.432981
495.461864,0.000000,133.998066,-9571.290400
495.462491,95.712904,76.570323,-9513.862658
495.463119,172.283227,38.285162,-9437.292334
495.463746,191.425808,38.285162,-9418.149754
495.464374,248.853550,95.712904,-9284.151688
495.465001,248.853550,95.712904,-9284.151688
495.465629,114.855485,133.998066,-9341.579430
495.466256,95.712904,133.998066,-9322.436850
495.466884,38.285162,287.138712,-9399.007173
495.467511,0.000000,306.281293,-9475.577496
495.468139,38.285162,287.138712,-9552.147819
495.468766,19.142581,287.138712,-9552.147819
495.469394,114.855485,133.998066,-9552.147819
495.470021,172.283227,76.570323,-9533.005238
495.470649,191.425808,57.427742,-9456.434915
495.471276,229.710970,38.285162,-9360.722011
495.471904,248.853550,0.000000,-9303.294269
495.472531,153.140646,0.000000,-9303.294269
495.473159,133.998066,76.570323,-9379.864592
495.473786,95.712904,114.855485,-9399.007173
495.474414,0.000000,267.996131,-9418.149754
495.475041,-57.427742,267.996131,-9533.005238
495.475669,57.427742,191.425808,-9552.147819
495.476297,114.855485,191.425808,-9552.147819
495.476924,133.998066,153.140646,-9475.577496
495.477552,114.855485,95.712904,-9494.720077
495.478179,191.425808,76.570323,-9418.149754
495.478807,248.853550,38.285162,-9284.151688
495.479434,133.998066,95.712904,-9303.294269
495.480062,191.425808,114.855485,-9303.294269
495.480689,114.855485,248.853550,-9303.294269
495.481317,38.285162,267.996131,-9379.864592
495.481944,-19.142581,363.709035,-9494.720077
495.482572,19.142581,325.423874,-9571.290400
495.483199,0.000000,248.853550,-9609.575562
495.483827,95.712904,267.996131,-9571.290400
495.484454,191.425808,114.855485,-9571.290400
495.485082,191.425808,57.427742,-9456.434915
495.485709,172.283227,57.427742,-9418.149754
495.486337,248.853550,0.000000,-9341.579430
495.486964,210.568389,95.712904,-9303.294269
495.487592,133.998066,95.712904,-9322.436850
495.488219,57.427742,210.568389,-9418.149754
495.488847,19.142581,229.710970,-9456.434915
495.489474,-76.570323,248.853550,-9533.005238
495.490102,19.142581,229.710970,-9552.147819
495.490729,-19.142581,229.710970,-9571.290400
495.491357,133.998066,172.283227,-9533.005238
495.491984,114.855485,172.283227,-9533.005238
495.492612,191.425808,57.427742,-9418.149754
495.493239,210.568389,-19.142581,-9284.151688
495.493867,191.425808,95.712904,-9245.866526
495.494494,133.998066,133.998066,-9265.009107
495.495122,95.712904,133.998066,-9303.294269
495.495749,0.000000,248.853550,-9360.722011
495.496377,19.142581,229.710970,-9418.149754
495.497004,-19.142581,267.996131,-9533.005238
495.497632,57.427742,248.853550,-9590.432981
495.498259,57.427742,248.853550,-9609.575562
495.498887,153.140646,133.998066,-9513.862658
495.499514,153.140646,38.285162,-9475.577496
495.500142,191.425808,19.142581,-9418.149754
495.500769,248.853550,19.142581,-9341.579430
495.501397,153.140646,38.285162,-9303.294269
495.502024,38.285162,57.427742,-9322.436850
495.502652,57.427742,153.140646,-9360.722011
495.503279,0.000000,248.853550,-9360.722011
495.503907,0.000000,287.138712,-9456.434915
495.504534,-19.142581,267.996131,-9533.005238
495.505162,38.285162,248.853550,-9571.290400
495.505789,114.855485,248.853550,-9552.147819
495.506417,153.140646,133.998066,-9513.862658
495.507044,191.425808,57.427742,-9475.577496
495.507672,229.710970,57.427742,-9360.722011
495.508299,248.853550,95.712904,-9341.579430
495.508927,210.568389,95.712904,-9303.294269
495.509554,76.570323,153.140646,-9322.436850
495.510182,57.427742,287.138712,-9399.007173
495.510809,0.000000,287.138712,-9456.434915
495.511437,-57.427742,248.853550,-9513.862658
495.512064,-38.285162,229.710970,-9552.147819
495.512692,0.000000,191.425808,-9590.432981
495.513319,95.712904,133.998066,-9552.147819
495.513947,38.285162,57.427742,-9513.862658
495.514574,191.425808,19.142581,-9399.007173
495.515202,287.138712,57.427742,-9360.722011
495.515829,248.853550,57.427742,-9284.151688
495.516457,153.140646,95.712904,-9322.436850
495.517084,95.712904,133.998066,-9341.579430
495.517712,57.427742,210.568389,-9360.722011
495.518339,-19.142581,287.138712,-9494.720077
495.518967,-95.712904,248.853550,-9513.862658
495.519594,57.427742,248.853550,-9552.147819
495.520222,57.427742,172.283227,-9552.147819
495.520849,153.140646,114.855485,-9494.720077
495.521477,153.140646,133.998066,-9399.007173
495.522104,191.425808,114.855485,-9322.436850
495.522732,287.138712,76.570323,-9226.723946
495.523359,172.283227,76.570323,-9169.296203
495.523987,95.712904,133.998066,-9245.866526
495.524614,114.855485,114.855485,-9341.579430
495.525242,-57.427742,248.853550,-9456.434915
495.525869,-19.142581,306.281293,-9513.862658
495.526497,-38.285162,287.138712,-9552.147819
495.527124,0.000000,191.425808,-9552.147819
495.527752,114.855485,172.283227,-9552.147819
495.528379,76.570323,114.855485,-9533.005238
495.529007,172.283227,38.285162,-9437.292334
495.529635,229.710970,19.142581,-9360.722011
495.530262,210.568389,0.000000,-9284.151688
495.530890,210.568389,95.712904,-9360.722011
495.531517,76.570323,133.998066,-9322.436850
495.532145,114.855485,153.140646,-9360.722011
495.532772,19.142581,287.138712,-9533.005238
495.533400,-19.142581,267.996131,-9533.005238
495.534027,-19.142581,287.138712,-9475.577496
495.534655,57.427742,191.425808,-9552.147819
495.535282,95.712904,172.283227,-9533.005238
495.535910,153.140646,76.570323,-9494.720077
495.536537,287.138712,57.427742,-9418.149754
495.537165,248.853550,38.285162,-9341.579430
495.537792,191.425808,95.712904,-9245.866526
495.538420,172.283227,114.855485,-9265.009107
495.539047,57.427742,172.283227,-9303.294269
495.539675,57.427742,248.853550,-9360.722011
495.540302,-19.142581,267.996131,-9437.292334
495.540930,-38.285162,191.425808,-9513.862658
495.541557,57.427742,287.138712,-9571.290400
495.542184,76.570323,172.283227,-9552.147819
495.542812,114.855485,76.570323,-9571.290400
495.543439,191.425808,57.427742,-9475.577496
495.544066,229.710970,38.285162,-9360.722011
495.544694,267.996131,0.000000,-9303.294269
495.545321,133.998066,0.000000,-9245.866526
495.545949,76.570323,76.570323,-9379.864592
495.546576,57.427742,153.140646,-9360.722011
495.547203,0.000000,287.138712,-9456.434915
495.547831,-19.142581,267.996131,-9475.577496
495.548458,-19.142581,325.423874,-9533.005238
495.549085,95.712904,229.710970,-9533.005238
495.549713,133.998066,172.283227,-9475.577496
495.550340,153.140646,114.855485,-9475.577496
495.550968,229.710970,19.142581,-9418.149754
495.551595,267.996131,57.427742,-9245.866526
495.552222,229.710970,114.855485,-9265.009107
495.552850,153.140646,95.712904,-9303.294269
495.553477,38.285162,153.140646,-9418.149754
495.554104,57.427742,191.425808,-9360.722011
495.554732,0.000000,248.853550,-9418.149754
495.555359,-38.285162,287.138712,-9552.147819
495.555987,-38.285162,229.710970,-9552.147819
495.556614,76.570323,133.998066,-9552.147819
495.557241,172.283227,114.855485,-9513.862658
495.557869,172.283227,57.427742,-9456.434915
495.558496,172.283227,19.142581,-9437.292334
495.559123,191.425808,19.142581,-9360.722011
495.559751,153.140646,57.427742,-9322.436850
495.560378,76.570323,76.570323,-9322.436850
495.561006,76.570323,248.853550,-9322.436850
495.561633,95.712904,248.853550,-9360.722011
495.562260,0.000000,287.138712,-9513.862658
495.562888,-19.142581,267.996131,-9533.005238
495.563515,-19.142581,191.425808,-9533.005238
495.564142,76.570323,191.425808,-9609.575562
495.564770,153.140646,95.712904,-9475.577496
495.565397,248.853550,76.570323,-9418.149754
495.566025,229.710970,38.285162,-9418.149754
495.566652,191.425808,114.855485,-9303.294269
495.567279,210.568389,114.855485,-9265.009107
495.567907,95.712904,133.998066,-9284.151688
495.568534,57.427742,210.568389,-9322.436850
495.569161,19.142581,210.568389,-9437.292334
495.569789,0.000000,248.853550,-9552.147819
495.570416,-19.142581,210.568389,-9571.290400
495.571044,0.000000,153.140646,-9628.718142
495.571671,133.998066,76.570323,-9513.862658
495.572298,191.425808,38.285162,-9456.434915
495.572926,191.425808,-38.285162,-9418.149754
495.573553,248.853550,38.285162,-9360.722011
495.574180,210.568389,57.427742,-9284.151688
495.574808,114.855485,114.855485,-9322.436850
495.575435,0.000000,191.425808,-9341.579430
495.576063,38.285162,191.425808,-9360.722011
495.576690,19.142581,229.710970,-9475.577496
495.577317,-76.570323,325.423874,-9533.005238
495.577945,57.427742,325.423874,-9513.862658
495.578572,57.427742,229.710970,-9437.292334
495.579199,76.570323,114.855485,-9494.720077
495.579827,153.140646,114.855485,-9456.434915
495.580454,267.996131,76.570323,-9360.722011
495.581081,248.853550,57.427742,-9303.294269
495.581709,191.425808,38.285162,-9341.579430
495.582336,133.998066,95.712904,-9284.151688
495.582964,0.000000,172.283227,-9322.436850
495.583591,0.000000,191.425808,-9418.149754
495.584218,-76.570323,267.996131,-9533.005238
495.584846,-38.285162,248.853550,-9513.862658
495.585473,-19.142581,153.140646,-9628.718142
495.586100,133.998066,76.570323,-9571.290400
495.586728,153.140646,76.570323,-9513.862658
495.587355,229.710970,57.427742,-9418.149754
495.587983,229.710970,19.142581,-9360.722011
495.588610,210.568389,57.427742,-9341.579430
495.589237,133.998066,38.285162,-9284.151688
495.589865,0.000000,210.568389,-9322.436850
495.590492,57.427742,248.853550,-9360.722011
495.591119,19.142581,229.710970,-9399.007173
495.591747,-114.855485,325.423874,-9475.577496
495.592374,-38.285162,306.281293,-9533.005238
495.593002,114.855485,191.425808,-9552.147819
495.593629,133.998066,210.568389,-9475.577496
495.594256,248.853550,114.855485,-9494.720077
495.594884,229.710970,38.285162,-9360.722011
495.595511,191.425808,19.142581,-9360.722011
495.596138,248.853550,38.285162,-9303.294269
495.596766,95.712904,153.140646,-9284.151688
495.597393,95.712904,172.283227,-9341.579430
495.598021,57.427742,229.710970,-9418.149754
495.598648,0.000000,287.138712,-9513.862658
495.599275,0.000000,267.996131,-9533.005238
495.599903,38.285162,114.855485,-9533.005238
495.600530,0.000000,114.855485,-9609.575562
495.601157,114.855485,76.570323,-9533.005238
495.601785,191.425808,76.570323,-9456.434915
495.602412,229.710970,76.570323,-9418.149754
495.603040,248.853550,38.285162,-9245.866526
495.603667,172.283227,95.712904,-9303.294269
495.604294,76.570323,76.570323,-9265.009107
495.604922,95.712904,210.568389,-9303.294269
495.605549,-38.285162,287.138712,-9322.436850
495.606176,19.142581,229.710970,-9533.005238
495.606804,-38.285162,248.853550,-9494.720077
495.607431,0.000000,267.996131,-9533.005238
495.608059,133.998066,114.855485,-9533.005238
495.608686,153.140646,95.712904,-9533.005238
495.609313,248.853550,76.570323,-9418.149754
495.609941,287.138712,0.000000,-9360.722011
495.610568,210.568389,57.427742,-9341.579430
495.611195,133.998066,95.712904,-9245.866526
495.611823,114.855485,114.855485,-9379.864592
495.612450,57.427742,210.568389,-9418.149754
495.613078,19.142581,229.710970,-9533.005238
495.613705,-76.570323,306.281293,-9494.720077
495.614332,19.142581,287.138712,-9552.147819
495.614960,57.427742,210.568389,-9571.290400
495.615587,153.140646,76.570323,-9513.862658
495.616214,153.140646,38.285162,-9475.577496
495.616842,191.425808,76.570323,-9418.149754
495.617469,210.568389,0.000000,-9284.151688
495.618097,172.283227,114.855485,-9265.009107
495.618724,153.140646,114.855485,-9303.294269
495.619351,38.285162,248.853550,-9303.294269
495.619979,57.427742,191.425808,-9322.436850
495.620606,-38.285162,267.996131,-9399.007173
495.621233,19.142581,287.138712,-9533.005238
495.621861,19.142581,210.568389,-9533.005238
495.622488,57.427742,133.998066,-9552.147819
495.623115,133.998066,114.855485,-9437.292334
495.623743,153.140646,76.570323,-9399.007173
495.624370,229.710970,76.570323,-9418.149754
495.624998,248.853550,57.427742,-9360.722011
495.625625,133.998066,76.570323,-9379.864592
495.626252,38.285162,133.998066,-9284.151688
495.626880,0.000000,172.283227,-9360.722011
495.627507,-38.285162,153.140646,-9418.149754
495.628134,-76.570323,267.996131,-9533.005238
495.628762,0.000000,287.138712,-9513.862658
495.629389,57.427742,191.425808,-9533.005238
495.630017,114.855485,133.998066,-9552.147819
495.630644,210.568389,38.285162,-9533.005238
495.631271,229.710970,38.285162,-9418.149754
495.631899,248.853550,0.000000,-9284.151688
495.632526,153.140646,57.427742,-9284.151688
495.633153,76.570323,76.570323,-9265.009107
495.633781,114.855485,153.140646,-9245.866526
495.634408,114.855485,287.138712,-9379.864592
495.635036,-19.142581,363.709035,-9418.149754
495.635663,-95.712904,287.138712,-9533.005238
495.636290,0.000000,306.281293,-9552.147819
495.636918,57.427742,172.283227,-9552.147819
495.637545,153.140646,133.998066,-9494.720077
495.638172,191.425808,76.570323,-9456.434915
495.638800,191.425808,38.285162,-9418.149754
495.639427,267.996131,95.712904,-9341.579430
495.640055,191.425808,38.285162,-9303.294269
495.640682,95.712904,133.998066,-9360.722011
495.641309,57.427742,210.568389,-9322.436850
495.641937,76.570323,229.710970,-9418.149754
495.642564,-38.285162,287.138712,-9552.147819
495.643191,-57.427742,229.710970,-9552.147819
495.643819,19.142581,267.996131,-9590.432981
495.644446,57.427742,191.425808,-9533.005238
495.645074,38.285162,114.855485,-9475.577496
495.645701,191.425808,57.427742,-9418.149754
495.646328,287.138712,57.427742,-9360.722011
495.646956,248.853550,95.712904,-9245.866526
495.647583,153.140646,95.712904,-9245.866526
495.648211,76.570323,153.140646,-9265.009107
495.648838,38.285162,325.423874,-9379.864592
495.649466,-76.570323,267.996131,-9418.149754
495.650093,-57.427742,267.996131,-9533.005238
495.650721,19.142581,287.138712,-9533.005238
495.651348,0.000000,210.568389,-9552.147819
495.651975,133.998066,114.855485,-9418.149754
495.652603,114.855485,38.285162,-9494.720077
495.653230,229.710970,19.142581,-9418.149754
495.653858,172.283227,19.142581,-9418.149754
495.654485,153.140646,0.000000,-9341.579430
495.655113,191.425808,95.712904,-9360.722011
495.655740,95.712904,133.998066,-9341.579430
495.656368,57.427742,172.283227,-9418.149754
495.656995,-19.142581,306.281293,-9475.577496
495.657623,-57.427742,287.138712,-9533.005238
495.658250,0.000000,191.425808,-9552.147819
495.658878,0.000000,172.283227,-9571.290400
495.659505,153.140646,133.998066,-9437.292334
495.660132,153.140646,172.283227,-9437.292334
495.660760,248.853550,0.000000,-9360.722011
495.661387,191.425808,57.427742,-9245.866526
495.662015,172.283227,76.570323,-9226.723946
495.662642,114.855485,210.568389,-9245.866526
495.663270,95.712904,248.853550,-9303.294269
495.663897,19.142581,267.996131,-9379.864592
495.664525,-19.142581,267.996131,-9494.720077
495.665152,0.000000,248.853550,-9533.005238
495.665780,76.570323,287.138712,-9513.862658
495.666407,95.712904,133.998066,-9552.147819
495.667035,153.140646,95.712904,-9552.147819
495.667662,191.425808,76.570323,-9437.292334
495.668289,210.568389,0.000000,-9360.722011
495.668917,229.710970,19.142581,-9360.722011
495.669544,153.140646,38.285162,-9284.151688
495.670172,76.570323,76.570323,-9284.151688
495.670799,95.712904,191.425808,-9418.149754
495.671427,19.142581,229.710970,-9437.292334
495.672054,19.142581,267.996131,-9571.290400
495.672682,38.285162,267.996131,-9571.290400
495.673309,0.000000,229.710970,-9571.290400
495.673937,95.712904,133.998066,-9533.005238
495.674564,172.283227,114.855485,-9494.720077
495.675191,229.710970,76.570323,-9418.149754
495.675819,210.568389,95.712904,-9284.151688
495.676446,191.425808,95.712904,-9303.294269
495.677074,114.855485,114.855485,-9265.009107
495.677701,95.712904,248.853550,-9341.579430
495.678329,57.427742,287.138712,-9399.007173
495.678956,-38.285162,248.853550,-9399.007173
495.679584,-76.570323,267.996131,-9533.005238
495.680211,19.142581,248.853550,-9571.290400
495.680839,95.712904,172.283227,-9552.147819
495.681466,133.998066,114.855485,-9475.577496
495.682094,191.425808,57.427742,-9418.149754
495.682721,229.710970,57.427742,-9418.149754
495.683348,287.138712,38.285162,-9418.149754
495.683976,210.568389,57.427742,-9303.294269
495.684603,57.427742,95.712904,-9399.007173
495.685231,57.427742,133.998066,-9360.722011
495.685858,76.570323,210.568389,-9418.149754
495.686486,19.142581,229.710970,-9494.720077
495.687113,0.000000,248.853550,-9552.147819
495.687741,0.000000,248.853550,-9552.147819
495.688368,38.285162,114.855485,-9475.577496
495.688996,133.998066,114.855485,-9437.292334
495.689623,229.710970,133.998066,-9399.007173
495.690251,287.138712,57.427742,-9360.722011
495.690878,153.140646,95.712904,-9245.866526
495.691505,133.998066,95.712904,-9284.151688
495.692133,133.998066,76.570323,-9265.009107
495.692760,38.285162,229.710970,-9418.149754
495.693388,0.000000,248.853550,-9360.722011
495.694015,-19.142581,267.996131,-9533.005238
495.694643,19.142581,248.853550,-9571.290400
495.695270,38.285162,248.853550,-9686.145885
495.695898,114.855485,133.998066,-9552.147819
495.696525,210.568389,19.142581,-9552.147819
495.697153,191.425808,19.142581,-9437.292334
495.697780,172.283227,57.427742,-9360.722011
495.698408,210.568389,0.000000,-9303.294269
495.699035,95.712904,133.998066,-9341.579430
495.699662,57.427742,153.140646,-9341.579430
495.700290,76.570323,267.996131,-9379.864592
495.700917,0.000000,287.138712,-9399.007173
495.701545,-57.427742,248.853550,-9513.862658
495.702172,-19.142581,229.710970,-9571.290400
495.702800,76.570323,191.425808,-9552.147819
495.703427,133.998066,114.855485,-9456.434915
495.704055,191.425808,76.570323,-9456.434915
495.704682,191.425808,38.285162,-9418.149754
495.705310,267.996131,38.285162,-9322.436850
495.705937,191.425808,95.712904,-9303.294269
495.706565,95.712904,210.568389,-9245.866526
495.707192,95.712904,191.425808,-9303.294269
495.707819,76.570323,229.710970,-9360.722011
495.708447,-19.142581,267.996131,-9533.005238
495.709074,-38.285162,210.568389,-9533.005238
495.709702,19.142581,172.283227,-9513.862658
495.710329,95.712904,133.998066,-9552.147819
495.710957,153.140646,133.998066,-9513.862658
495.711584,172.283227,-19.142581,-9399.007173
495.712212,229.710970,-38.285162,-9418.149754
495.712839,229.710970,38.285162,-9341.579430
495.713467,133.998066,95.712904,-9341.579430
495.714094,114.855485,210.568389,-9284.151688
495.714722,57.427742,248.853550,-9418.149754
495.715349,38.285162,287.138712,-9437.292334
495.715976,19.142581,267.996131,-9571.290400
495.716604,38.285162,229.710970,-9533.005238
495.717231,19.142581,248.853550,-9571.290400
495.717859,76.570323,114.855485,-9456.434915
495.718486,210.568389,133.998066,-9494.720077
495.719114,248.853550,114.855485,-9322.436850
495.719741,210.568389,38.285162,-9245.866526
495.720369,191.425808,38.285162,-9245.866526
495.720996,191.425808,95.712904,-9245.866526
495.721624,76.570323,191.425808,-9245.866526
495.722251,38.285162,229.710970,-9418.149754
495.722879,-38.285162,248.853550,-9475.577496
495.723506,19.142581,267.996131,-9513.862658
495.724133,38.285162,229.710970,-9533.005238
495.724761,57.427742,172.283227,-9552.147819
495.725388,172.283227,114.855485,-9571.290400
495.726016,172.283227,76.570323,-9456.434915
495.726643,191.425808,19.142581,-9456.434915
495.727271,229.710970,19.142581,-9360.722011
495.727898,133.998066,0.000000,-9303.294269
495.728526,76.570323,76.570323,-9284.151688
495.729153,0.000000,133.998066,-9322.436850
495.729781,57.427742,248.853550,-9360.722011
495.730408,0.000000,287.138712,-9475.577496
495.731036,0.000000,287.138712,-9513.862658
495.731663,95.712904,287.138712,-9513.862658
495.732290,114.855485,153.140646,-9552.147819
495.732918,172.283227,114.855485,-9571.290400
495.733545,229.710970,76.570323,-9399.007173
495.734173,210.568389,38.285162,-9341.579430
495.734800,267.996131,95.712904,-9245.866526
495.735428,133.998066,95.712904,-9303.294269
495.736055,38.285162,133.998066,-9245.866526
495.736683,0.000000,191.425808,-9322.436850
495.737310,19.142581,229.710970,-9418.149754
495.737938,-76.570323,248.853550,-9513.862658
495.738565,-38.285162,248.853550,-9513.862658
495.739193,38.285162,172.283227,-9533.005238
495.739820,133.998066,172.283227,-9533.005238
495.740447,210.568389,38.285162,-9552.147819
495.741075,287.138712,57.427742,-9418.149754
495.741702,229.710970,19.142581,-9360.722011
495.742330,248.853550,57.427742,-9245.866526
495.742957,133.998066,76.570323,-9303.294269
495.743585,114.855485,153.140646,-9245.866526
495.744212,57.427742,229.710970,-9418.149754
495.744840,-19.142581,267.996131,-9456.434915
495.745467,0.000000,306.281293,-9533.005238
495.746095,19.142581,229.710970,-9533.005238
495.746722,76.570323,153.140646,-9552.147819
495.747350,153.140646,133.998066,-9513.862658
495.747977,191.425808,57.427742,-9399.007173
495.748605,153.140646,38.285162,-9360.722011
495.749232,267.996131,95.712904,-9341.579430
495.749860,191.425808,95.712904,-9322.436850
495.750487,95.712904,133.998066,-9284.151688
495.751115,95.712904,210.568389,-9303.294269
495.751742,0.000000,287.138712,-9456.434915
495.752370,-57.427742,287.138712,-9552.147819
495.752997,-76.570323,229.710970,-9571.290400
495.753625,57.427742,191.425808,-9609.575562
495.754252,114.855485,172.283227,-9609.575562
495.754880,153.140646,38.285162,-9552.147819
495.755507,172.283227,0.000000,-9437.292334
495.756135,248.853550,-38.285162,-9418.149754
495.756762,153.140646,95.712904,-9303.294269
495.757390,133.998066,76.570323,-9265.009107
495.758017,57.427742,76.570323,-9303.294269
495.758645,0.000000,229.710970,-9379.864592
495.759272,38.285162,267.996131,-9322.436850
495.759900,0.000000,267.996131,-9437.292334
495.760527,38.285162,267.996131,-9571.290400
495.761155,95.712904,229.710970,-9533.005238
495.761782,133.998066,153.140646,-9456.434915
495.762410,172.283227,133.998066,-9533.005238
495.763037,229.710970,76.570323,-9418.149754
495.763665,210.568389,38.285162,-9341.579430
495.764292,248.853550,0.000000,-9341.579430
495.764920,133.998066,57.427742,-9322.436850
495.765547,76.570323,133.998066,-9379.864592
495.766175,19.142581,172.283227,-9418.149754
495.766802,-19.142581,229.710970,-9456.434915
495.767430,0.000000,191.425808,-9552.147819
495.768057,-38.285162,210.568389,-9647.860723
495.768685,95.712904,172.283227,-9552.147819
495.769312,95.712904,133.998066,-9533.005238
495.769940,172.283227,76.570323,-9456.434915
495.770567,210.568389,19.142581,-9418.149754
495.771195,210.568389,57.427742,-9341.579430
495.771823,210.568389,95.712904,-9303.294269
495.772450,95.712904,133.998066,-9245.866526
495.773078,57.427742,248.853550,-9341.579430
495.773705,57.427742,287.138712,-9379.864592
495.774333,0.000000,287.138712,-9456.434915
495.774960,0.000000,325.423874,-9513.862658
495.775588,57.427742,248.853550,-9552.147819
495.776215,57.427742,191.425808,-9552.147819
495.776843,133.998066,114.855485,-9533.005238
495.777470,172.283227,76.570323,-9418.149754
495.778098,191.425808,57.427742,-9360.722011
495.778725,248.853550,38.285162,-9322.436850
495.779353,172.283227,95.712904,-9379.864592
495.779980,95.712904,95.712904,-9379.864592
495.780608,38.285162,248.853550,-9341.579430
495.781235,38.285162,229.710970,-9437.292334
495.781863,-19.142581,267.996131,-9533.005238
495.782490,0.000000,210.568389,-9513.862658
495.783118,57.427742,172.283227,-9609.575562
495.783745,38.285162,76.570323,-9513.862658
495.784373,133.998066,76.570323,-9571.290400
495.785000,114.855485,38.285162,-9399.007173
495.785628,210.568389,57.427742,-9360.722011
495.786255,210.568389,57.427742,-9341.579430
495.786883,133.998066,76.570323,-9303.294269
495.787510,114.855485,133.998066,-9245.866526
495.788138,57.427742,248.853550,-9360.722011
495.788765,0.000000,287.138712,-9456.434915
495.789393,-19.142581,267.996131,-9456.434915
495.790020,0.000000,325.423874,-9494.720077
495.790648,133.998066,153.140646,-9475.577496
495.791275,133.998066,153.140646,-9475.577496
495.791903,191.425808,76.570323,-9456.434915
495.792530,191.425808,19.142581,-9418.149754
495.793158,248.853550,57.427742,-9341.579430
495.793785,210.568389,38.285162,-9245.866526
495.794413,114.855485,76.570323,-9245.866526
495.795040,38.285162,153.140646,-9284.151688
495.795668,57.427742,248.853550,-9360.722011
495.796296,0.000000,191.425808,-9360.722011
495.796923,57.427742,248.853550,-9552.147819
495.797551,38.285162,248.853550,-9571.290400
495.798178,76.570323,153.140646,-9552.147819
495.798806,133.998066,95.712904,-9475.577496
495.799433,191.425808,76.570323,-9418.149754
495.800061,191.425808,19.142581,-9418.149754
495.800688,210.568389,95.712904,-9284.151688
495.801316,76.570323,76.570323,-9265.009107
495.801943,57.427742,133.998066,-9245.866526
495.802571,95.712904,248.853550,-9341.579430
495.803198,57.427742,267.996131,-9379.864592
495.803826,-57.427742,287.138712,-9399.007173
495.804453,-38.285162,287.138712,-9552.147819
495.805081,95.712904,191.425808,-9552.147819
495.805708,133.998066,114.855485,-9475.577496
495.806336,133.998066,114.855485,-9533.005238
495.806963,172.283227,38.285162,-9494.720077
495.807591,229.710970,-38.285162,-9360.722011
495.808218,153.140646,0.000000,-9360.722011
495.808846,153.140646,95.712904,-9360.722011
495.809473,38.285162,76.570323,-9322.436850
495.810101,57.427742,191.425808,-9360.722011
495.810728,76.570323,229.710970,-9533.005238
495.811356,19.142581,229.710970,-9533.005238
495.811983,-19.142581,153.140646,-9513.862658
495.812611,57.427742,133.998066,-9552.147819
495.813238,153.140646,95.712904,-9552.147819
495.813866,210.568389,153.140646,-9437.292334
495.814493,210.568389,76.570323,-9418.149754
495.815121,210.568389,95.712904,-9341.579430
495.815748,172.283227,172.283227,-9284.151688
495.816376,172.283227,114.855485,-9265.009107
495.817003,95.712904,133.998066,-9303.294269
495.817631,57.427742,306.281293,-9399.007173
495.818258,-76.570323,325.423874,-9494.720077
495.818886,-76.570323,287.138712,-9552.147819
495.819513,19.142581,210.568389,-9609.575562
495.820141,133.998066,114.855485,-9533.005238
495.820768,210.568389,172.283227,-9513.862658
495.821396,172.283227,19.142581,-9418.149754
495.822024,191.425808,19.142581,-9456.434915
495.822651,191.425808,57.427742,-9418.149754
495.823279,133.998066,95.712904,-9360.722011
495.823906,19.142581,76.570323,-9379.864592
495.824534,95.712904,133.998066,-9360.722011
495.825161,38.285162,172.283227,-9418.149754
495.825789,-76.570323,267.996131,-9494.720077
495.826416,57.427742,229.710970,-9475.577496
495.827044,19.142581,153.140646,-9533.005238
495.827671,114.855485,133.998066,-9552.147819
495.828299,153.140646,133.998066,-9513.862658
495.828926,114.855485,95.712904,-9399.007173
495.829554,210.568389,38.285162,-9341.579430
495.830181,248.853550,95.712904,-9245.866526
495.830809,114.855485,114.855485,-9265.009107
495.831436,95.712904,191.425808,-9303.294269
495.832064,95.712904,248.853550,-9341.579430
495.832691,57.427742,267.996131,-9360.722011
495.833319,-19.142581,325.423874,-9456.434915
495.833946,38.285162,267.996131,-9571.290400
495.834574,114.855485,172.283227,-9552.147819
495.835201,153.140646,114.855485,-9533.005238
495.835829,76.570323,38.285162,-9513.862658
495.836456,172.283227,19.142581,-9418.149754
495.837084,248.853550,0.000000,-9360.722011
495.837711,153.140646,95.712904,-9284.151688
495.838339,95.712904,95.712904,-9322.436850
495.838966,76.570323,133.998066,-9341.579430
495.839594,57.427742,191.425808,-9360.722011
495.840221,-38.285162,191.425808,-9437.292334
495.840849,-38.285162,306.281293,-9552.147819
495.841476,76.570323,248.853550,-9571.290400
495.842104,95.712904,133.998066,-9571.290400
495.842731,114.855485,133.998066,-9533.005238
495.843359,210.568389,172.283227,-9437.292334
495.843986,191.425808,57.427742,-9418.149754
495.844614,153.140646,95.712904,-9303.294269
495.845241,153.140646,95.712904,-9245.866526
495.845869,95.712904,210.568389,-9341.579430
495.846497,38.285162,191.425808,-9303.294269
495.847124,38.285162,229.710970,-9418.149754
495.847752,57.427742,229.710970,-9475.577496
495.848379,38.285162,210.568389,-9533.005238
495.849007,57.427742,191.425808,-9552.147819
495.849634,57.427742,172.283227,-9609.575562
495.850262,172.283227,95.712904,-9571.290400
495.850889,191.425808,57.427742,-9494.720077
495.851517,191.425808,57.427742,-9418.149754
495.852144,210.568389,0.000000,-9284.151688
495.852772,153.140646,95.712904,-9360.722011
495.853399,76.570323,76.570323,-9303.294269
495.854027,114.855485,248.853550,-9360.722011
495.854654,57.427742,306.281293,-9379.864592
495.855282,19.142581,229.710970,-9533.005238
495.855909,0.000000,248.853550,-9552.147819
495.856537,95.712904,210.568389,-9533.005238
495.857164,133.998066,153.140646,-9456.434915
495.857792,153.140646,133.998066,-9494.720077
495.858419,191.425808,19.142581,-9360.722011
495.859047,248.853550,95.712904,-9360.722011
495.859674,248.853550,95.712904,-9284.151688
495.860302,172.283227,191.425808,-9265.009107
495.860929,57.427742,153.140646,-9245.866526
495.861557,57.427742,248.853550,-9303.294269
495.862184,19.142581,229.710970,-9418.149754
495.862812,19.142581,229.710970,-9533.005238
495.863439,19.142581,267.996131,-9571.290400
495.864067,76.570323,133.998066,-9609.575562
495.864694,95.712904,133.998066,-9552.147819
495.865322,172.283227,133.998066,-9552.147819
495.865949,210.568389,38.285162,-9360.722011
495.866577,210.568389,0.000000,-9341.579430
495.867204,153.140646,0.000000,-9303.294269
495.867832,76.570323,38.285162,-9379.864592
495.868459,95.712904,153.140646,-9303.294269
495.869087,0.000000,248.853550,-9360.722011
495.869714,0.000000,306.281293,-9437.292334
495.870342,38.285162,287.138712,-9475.577496
495.870969,19.142581,267.996131,-9571.290400
495.871597,76.570323,133.998066,-9533.005238
495.872224,153.140646,153.140646,-9494.720077
495.872852,191.425808,76.570323,-9341.579430
495.873479,248.853550,38.285162,-9360.722011
495.874107,153.140646,57.427742,-9341.579430
495.874734,114.855485,172.283227,-9341.579430
495.875362,76.570323,76.570323,-9303.294269
495.875989,76.570323,267.996131,-9379.864592
495.876617,38.285162,210.568389,-9437.292334
495.877244,-19.142581,267.996131,-9437.292334
495.877872,19.142581,229.710970,-9552.147819
495.878499,0.000000,172.283227,-9552.147819
495.879127,133.998066,133.998066,-9494.720077
495.879754,114.855485,95.712904,-9513.862658
495.880382,191.425808,19.142581,-9437.292334
495.881009,191.425808,57.427742,-9456.434915
495.881637,191.425808,95.712904,-9284.151688
495.882264,95.712904,133.998066,-9341.579430
495.882892,0.000000,153.140646,-9284.151688
495.883519,38.285162,133.998066,-9322.436850
495.884147,-19.142581,229.710970,-9379.864592
495.884774,0.000000,306.281293,-9456.434915
495.885402,38.285162,229.710970,-9475.577496
495.886029,76.570323,229.710970,-9513.862658
495.886657,76.570323,153.140646,-9475.577496
495.887284,114.855485,95.712904,-9437.292334
495.887912,191.425808,76.570323,-9418.149754
495.888539,229.710970,76.570323,-9360.722011
495.889167,95.712904,76.570323,-9245.866526
495.889794,95.712904,133.998066,-9284.151688
495.890422,95.712904,153.140646,-9341.579430
495.891049,76.570323,191.425808,-9418.149754
495.891677,76.570323,210.568389,-9494.720077
495.892304,19.142581,210.568389,-9533.005238
495.892932,-38.285162,229.710970,-9552.147819
495.893559,38.285162,172.283227,-9590.432981
495.894187,133.998066,114.855485,-9533.005238
495.894814,172.283227,38.285162,-9456.434915
495.895442,172.283227,0.000000,-9399.007173
495.896069,153.140646,95.712904,-9360.722011
495.896697,153.140646,95.712904,-9245.866526
495.897324,57.427742,248.853550,-9245.866526
495.897952,0.000000,153.140646,-9322.436850
495.898579,95.712904,191.425808,-9322.436850
495.899207,19.142581,287.138712,-9437.292334
495.899834,-38.285162,191.425808,-9494.720077
495.900462,38.285162,191.425808,-9552.147819
495.901089,114.855485,133.998066,-9475.577496
495.901717,153.140646,172.283227,-9475.577496
495.902344,172.283227,38.285162,-9437.292334
495.902972,191.425808,95.712904,-9360.722011
495.903599,210.568389,38.285162,-9245.866526
495.904227,153.140646,0.000000,-9245.866526
495.904854,95.712904,95.712904,-9322.436850
495.905482,57.427742,153.140646,-9360.722011
495.906109,76.570323,229.710970,-9418.149754
495.906737,0.000000,229.710970,-9571.290400
495.907364,19.142581,229.710970,-9609.575562
495.907992,57.427742,133.998066,-9552.147819
495.908619,95.712904,114.855485,-9533.005238
495.909247,172.283227,76.570323,-9437.292334
495.909874,172.283227,19.142581,-9399.007173
495.910502,191.425808,0.000000,-9322.436850
495.911129,210.568389,95.712904,-9341.579430
495.911757,114.855485,114.855485,-9379.864592
495.912384,95.712904,191.425808,-9303.294269
495.913012,95.712904,248.853550,-9360.722011
495.913639,0.000000,306.281293,-9399.007173
495.914267,-19.142581,267.996131,-9437.292334
495.914894,57.427742,248.853550,-9533.005238
495.915522,114.855485,229.710970,-9513.862658
495.916149,76.570323,172.283227,-9533.005238
495.916777,172.283227,95.712904,-9494.720077
495.917404,248.853550,76.570323,-9399.007173
495.918032,229.710970,76.570323,-9360.722011
495.918659,133.998066,76.570323,-9284.151688
495.919287,153.140646,95.712904,-9303.294269
495.919914,57.427742,191.425808,-9360.722011
495.920542,38.285162,229.710970,-9418.149754
495.921169,19.142581,191.425808,-9494.720077
495.921797,-57.427742,172.283227,-9513.862658
495.922424,57.427742,248.853550,-9609.575562
495.923052,114.855485,133.998066,-9552.147819
495.923679,95.712904,95.712904,-9494.720077
495.924307,210.568389,95.712904,-9475.577496
495.924934,229.710970,76.570323,-9418.149754
495.925562,248.853550,38.285162,-9245.866526
495.926189,153.140646,95.712904,-9245.866526
495.926817,114.855485,191.425808,-9341.579430
495.927444,38.285162,248.853550,-9360.722011
495.928072,57.427742,248.853550,-9360.722011
495.928699,57.427742,287.138712,-9475.577496
495.929327,76.570323,287.138712,-9513.862658
495.929954,38.285162,153.140646,-9533.005238
495.930582,133.998066,133.998066,-9494.720077
495.931209,76.570323,114.855485,-9418.149754
495.931837,172.283227,38.285162,-9379.864592
495.932464,210.568389,-38.285162,-9418.149754
495.933092,248.853550,0.000000,-9284.151688
495.933719,153.140646,57.427742,-9303.294269
495.934347,38.285162,114.855485,-9418.149754
495.934975,38.285162,114.855485,-9437.292334
495.935602,19.142581,229.710970,-9494.720077
495.936230,-19.142581,210.568389,-9571.290400
495.936857,0.000000,172.283227,-9590.432981
495.937485,57.427742,172.283227,-9552.147819
495.938112,153.140646,95.712904,-9533.005238
495.938740,172.283227,57.427742,-9494.720077
495.939367,229.710970,76.570323,-9418.149754
495.939995,172.283227,57.427742,-9360.722011
495.940622,153.140646,95.712904,-9245.866526
495.941250,95.712904,153.140646,-9245.866526
495.941877,95.712904,191.425808,-9303.294269
495.942505,76.570323,248.853550,-9360.722011
495.943132,38.285162,287.138712,-9399.007173
495.943760,38.285162,229.710970,-9475.577496
495.944387,95.712904,287.138712,-9513.862658
495.945015,114.855485,172.283227,-9552.147819
495.945642,133.998066,153.140646,-9475.577496
495.946270,172.283227,76.570323,-9456.434915
495.946897,248.853550,57.427742,-9418.149754
495.947525,191.425808,57.427742,-9418.149754
495.948152,153.140646,57.427742,-9322.436850
495.948779,38.285162,133.998066,-9379.864592
495.949407,95.712904,191.425808,-9360.722011
495.950034,76.570323,172.283227,-9418.149754
495.950661,19.142581,153.140646,-9533.005238
495.951289,-19.142581,267.996131,-9533.005238
495.951916,38.285162,191.425808,-9533.005238
495.952544,95.712904,133.998066,-9552.147819
495.953171,172.283227,76.570323,-9533.005238
495.953798,95.712904,95.712904,-9437.292334
495.954426,153.140646,76.570323,-9322.436850
495.955053,248.853550,95.712904,-9303.294269
495.955680,133.998066,133.998066,-9207.581365
495.956308,114.855485,133.998066,-9245.866526
495.956935,57.427742,248.853550,-9303.294269
495.957563,-57.427742,287.138712,-9360.722011
495.958190,0.000000,287.138712,-9399.007173
495.958817,38.285162,210.568389,-9475.577496
495.959445,38.285162,133.998066,-9552.147819
495.960072,76.570323,114.855485,-9475.577496
495.960699,133.998066,76.570323,-9571.290400
495.961327,133.998066,57.427742,-9379.864592
495.961954,191.425808,19.142581,-9418.149754
495.962582,153.140646,38.285162,-9322.436850
495.963209,57.427742,76.570323,-9303.294269
495.963836,38.285162,76.570323,-9303.294269
495.964464,57.427742,133.998066,-9341.579430
495.965091,38.285162,229.710970,-9418.149754
495.965718,19.142581,229.710970,-9552.147819
495.966346,38.285162,248.853550,-9513.862658
495.966973,57.427742,191.425808,-9552.147819
495.967601,210.568389,133.998066,-9494.720077
495.968228,210.568389,133.998066,-9437.292334
495.968855,191.425808,57.427742,-9360.722011
495.969483,191.425808,95.712904,-9284.151688
495.970110,114.855485,133.998066,-9245.866526
495.970737,76.570323,133.998066,-9284.151688
495.971365,57.427742,153.140646,-9341.579430
495.971992,114.855485,248.853550,-9360.722011
495.972620,38.285162,325.423874,-9399.007173
495.973247,0.000000,287.138712,-9475.577496
495.973874,19.142581,229.710970,-9552.147819
495.974502,95.712904,172.283227,-9533.005238
495.975129,153.140646,133.998066,-9513.862658
495.975756,172.283227,114.855485,-9494.720077
495.976384,191.425808,19.142581,-9418.149754
495.977011,210.568389,0.000000,-9341.579430
495.977639,133.998066,95.712904,-9303.294269
495.978266,133.998066,114.855485,-9418.149754
495.978893,95.712904,210.568389,-9360.722011
495.979521,0.000000,229.710970,-9399.007173
495.980148,-57.427742,172.283227,-9475.577496
495.980775,38.285162,229.710970,-9533.005238
495.981403,57.427742,172.283227,-9590.432981
495.982030,133.998066,76.570323,-9513.862658
495.982658,133.998066,133.998066,-9456.434915
495.983285,172.283227,95.712904,-9399.007173
495.983912,191.425808,76.570323,-9418.149754
495.984540,172.283227,114.855485,-9265.009107
495.985167,95.712904,133.998066,-9284.151688
495.985794,19.142581,133.998066,-9284.151688
495.986422,95.712904,248.853550,-9322.436850
495.987049,19.142581,229.710970,-9418.149754
495.987677,38.285162,267.996131,-9571.290400
495.988304,95.712904,287.138712,-9513.862658
495.988931,38.285162,210.568389,-9533.005238
495.989559,210.568389,133.998066,-9494.720077
495.990186,133.998066,76.570323,-9571.290400
495.990813,210.568389,76.570323,-9475.577496
495.991441,210.568389,95.712904,-9360.722011
495.992068,153.140646,95.712904,-9341.579430
495.992696,76.570323,76.570323,-9284.151688
495.993323,0.000000,172.283227,-9341.579430
495.993950,95.712904,153.140646,-9360.722011
495.994578,38.285162,229.710970,-9437.292334
495.995205,0.000000,287.138712,-9494.720077
495.995832,38.285162,210.568389,-9533.005238
495.996460,114.855485,133.998066,-9552.147819
495.997087,76.570323,114.855485,-9475.577496
495.997715,153.140646,76.570323,-9513.862658
495.998342,172.283227,19.142581,-9418.149754
495.998969,172.283227,38.285162,-9341.579430
495.999597,153.140646,57.427742,-9284.151688
496.000224,76.570323,76.570323,-9379.864592
496.000851,95.712904,153.140646,-9303.294269
496.001479,57.427742,248.853550,-9418.149754
496.002106,38.285162,287.138712,-9456.434915
496.002734,57.427742,287.138712,-9513.862658
496.003361,38.285162,153.140646,-9475.577496
496.003988,76.570323,133.998066,-9609.575562
496.004616,191.425808,76.570323,-9552.147819
496.005243,210.568389,57.427742,-9533.005238
496.005870,191.425808,19.142581,-9475.577496
496.006498,248.853550,38.285162,-9341.579430
496.007125,153.140646,95.712904,-9360.722011
496.007753,38.285162,114.855485,-9360.722011
496.008380,114.855485,191.425808,-9360.722011
496.009007,57.427742,248.853550,-9360.722011
496.009635,-57.427742,248.853550,-9494.720077
496.010262,38.285162,267.996131,-9494.720077
496.010889,76.570323,229.710970,-9475.577496
496.011517,133.998066,172.283227,-9533.005238
496.012144,153.140646,133.998066,-9494.720077
496.012772,172.283227,76.570323,-9418.149754
496.013399,210.568389,95.712904,-9360.722011
496.014026,210.568389,38.285162,-9245.866526
496.014654,114.855485,114.855485,-9322.436850
496.015281,76.570323,133.998066,-9341.579430
496.015908,38.285162,191.425808,-9418.149754
496.016536,95.712904,267.996131,-9360.722011
496.017163,-57.427742,267.996131,-9475.577496
496.017791,0.000000,210.568389,-9571.290400
496.018418,0.000000,153.140646,-9571.290400
496.019045,133.998066,114.855485,-9475.577496
496.019673,95.712904,19.142581,-9571.290400
496.020300,114.855485,38.285162,-9456.434915
496.020927,191.425808,19.142581,-9360.722011
496.021555,153.140646,95.712904,-9303.294269
496.022182,76.570323,76.570323,-9379.864592
496.022810,0.000000,153.140646,-9341.579430
496.023437,0.000000,210.568389,-9341.579430
496.024064,-19.142581,229.710970,-9379.864592
496.024692,57.427742,287.138712,-9494.720077
496.025319,38.285162,229.710970,-9475.577496
496.025946,76.570323,229.710970,-9475.577496
496.026574,153.140646,191.425808,-9399.007173
496.027201,114.855485,95.712904,-9437.292334
496.027829,229.710970,76.570323,-9418.149754
496.028456,248.853550,95.712904,-9360.722011
496.029083,172.283227,114.855485,-9284.151688
496.029711,95.712904,95.712904,-9399.007173
496.030338,95.712904,172.283227,-9360.722011
496.030965,38.285162,191.425808,-9418.149754
496.031593,19.142581,191.425808,-9494.720077
496.032220,57.427742,210.568389,-9513.862658
496.032848,0.000000,172.283227,-9609.575562
496.033475,76.570323,133.998066,-9590.432981
496.034102,172.283227,76.570323,-9533.005238
496.034730,172.283227,95.712904,-9437.292334
496.035357,191.425808,57.427742,-9418.149754
496.035984,248.853550,57.427742,-9341.579430
496.036612,153.140646,95.712904,-9303.294269
496.037239,95.712904,133.998066,-9341.579430
496.037867,114.855485,191.425808,-9322.436850
496.038494,38.285162,191.425808,-9418.149754
496.039121,19.142581,287.138712,-9533.005238
496.039749,57.427742,248.853550,-9552.147819
496.040376,57.427742,191.425808,-9533.005238
496.041003,133.998066,172.283227,-9475.577496
496.041631,153.140646,133.998066,-9456.434915
496.042258,248.853550,133.998066,-9399.007173
496.042886,191.425808,114.855485,-9284.151688
496.043513,210.568389,57.427742,-9245.866526
496.044140,133.998066,133.998066,-9284.151688
496.044768,0.000000,133.998066,-9284.151688
496.045395,0.000000,114.855485,-9322.436850
496.046022,0.000000,191.425808,-9418.149754
496.046650,-38.285162,248.853550,-9513.862658
496.047277,76.570323,191.425808,-9552.147819
496.047905,95.712904,172.283227,-9552.147819
496.048532,133.998066,114.855485,-9475.577496
496.049160,133.998066,114.855485,-9475.577496
496.049787,191.425808,57.427742,-9437.292334
496.050415,248.853550,0.000000,-9341.579430
496.051042,210.568389,57.427742,-9341.579430
496.051670,114.855485,114.855485,-9322.436850
496.052297,95.712904,191.425808,-9341.579430
496.052925,57.427742,248.853550,-9303.294269
496.053552,-38.285162,267.996131,-9399.007173
496.054180,19.142581,229.710970,-9475.577496
496.054807,0.000000,248.853550,-9552.147819
496.055435,114.855485,248.853550,-9552.147819
496.056062,133.998066,153.140646,-9533.005238
496.056690,248.853550,76.570323,-9418.149754
496.057317,191.425808,76.570323,-9418.149754
496.057944,172.283227,95.712904,-9399.007173
496.058572,76.570323,76.570323,-9322.436850
496.059199,133.998066,76.570323,-9379.864592
496.059827,0.000000,153.140646,-9360.722011
496.060454,38.285162,153.140646,-9456.434915
496.061082,57.427742,191.425808,-9418.149754
496.061709,19.142581,153.140646,-9533.005238
496.062337,0.000000,191.425808,-9552.147819
496.062964,38.285162,114.855485,-9533.005238
496.063592,95.712904,76.570323,-9571.290400
496.064219,153.140646,133.998066,-9494.720077
496.064847,191.425808,76.570323,-9418.149754
496.065474,191.425808,95.712904,-9360.722011
496.066102,172.283227,114.855485,-9265.009107
496.066729,114.855485,133.998066,-9341.579430
496.067357,0.000000,248.853550,-9341.579430
496.067984,57.427742,248.853550,-9360.722011
496.068612,0.000000,287.138712,-9399.007173
496.069239,19.142581,287.138712,-9552.147819
496.069867,38.285162,229.710970,-9533.005238
496.070494,114.855485,153.140646,-9552.147819
496.071122,153.140646,133.998066,-9513.862658
496.071749,172.283227,76.570323,-9456.434915
496.072377,229.710970,57.427742,-9418.149754
496.073004,248.853550,95.712904,-9341.579430
496.073632,114.855485,114.855485,-9341.579430
496.074259,95.712904,76.570323,-9303.294269
496.074887,0.000000,191.425808,-9360.722011
496.075514,38.285162,267.996131,-9399.007173
496.076142,-38.285162,229.710970,-9533.005238
496.076769,38.285162,229.710970,-9533.005238
496.077397,95.712904,191.425808,-9628.718142
496.078024,76.570323,172.283227,-9552.147819
496.078652,133.998066,114.855485,-9475.577496
496.079279,191.425808,38.285162,-9418.149754
496.079907,248.853550,57.427742,-9360.722011
496.080534,248.853550,95.712904,-9284.151688
496.081162,114.855485,114.855485,-9265.009107
496.081789,95.712904,153.140646,-9245.866526
496.082417,0.000000,248.853550,-9360.722011
496.083044,19.142581,229.710970,-9418.149754
496.083672,-57.427742,325.423874,-9475.577496
496.084299,0.000000,248.853550,-9533.005238
496.084927,57.427742,172.283227,-9552.147819
496.085554,95.712904,210.568389,-9456.434915
496.086182,172.283227,76.570323,-9475.577496
496.086809,153.140646,57.427742,-9360.722011
496.087437,191.425808,57.427742,-9360.722011
496.088064,76.570323,76.570323,-9379.864592
496.088692,76.570323,76.570323,-9379.864592
496.089319,57.427742,133.998066,-9360.722011
496.089947,76.570323,114.855485,-9418.149754
496.090574,-38.285162,172.283227,-9456.434915
496.091202,-38.285162,229.710970,-9552.147819
496.091829,19.142581,191.425808,-9513.862658
496.092457,95.712904,172.283227,-9552.147819
496.093084,172.283227,114.855485,-9571.290400
496.093712,153.140646,133.998066,-9437.292334
496.094339,210.568389,38.285162,-9360.722011
496.094967,191.425808,76.570323,-9360.722011
496.095594,172.283227,114.855485,-9284.151688
496.096222,95.712904,153.140646,-9245.866526
496.096849,0.000000,248.853550,-9303.294269
496.097477,38.285162,229.710970,-9418.149754
496.098104,0.000000,287.138712,-9475.577496
496.098732,0.000000,229.710970,-9513.862658
496.099359,38.285162,229.710970,-9552.147819
496.099987,76.570323,133.998066,-9552.147819
496.100614,114.855485,114.855485,-9571.290400
496.101242,95.712904,95.712904,-9437.292334
496.101869,191.425808,57.427742,-9418.149754
496.102497,229.710970,95.712904,-9303.294269
496.103124,133.998066,76.570323,-9284.151688
496.103752,133.998066,76.570323,-9379.864592
496.104379,95.712904,153.140646,-9360.722011
496.105007,76.570323,114.855485,-9456.434915
496.105634,19.142581,229.710970,-9533.005238
496.106261,0.000000,210.568389,-9571.290400
496.106889,19.142581,191.425808,-9571.290400
496.107516,57.427742,133.998066,-9533.005238
496.108144,133.998066,114.855485,-9533.005238
496.108771,172.283227,38.285162,-9399.007173
496.109399,210.568389,57.427742,-9360.722011
496.110026,172.283227,114.855485,-9265.009107
496.110654,114.855485,133.998066,-9303.294269
496.111281,114.855485,133.998066,-9303.294269
496.111909,95.712904,248.853550,-9341.579430
496.112536,57.427742,325.423874,-9379.864592
496.113164,57.427742,248.853550,-9552.147819
496.113791,76.570323,210.568389,-9552.147819
496.114419,57.427742,172.283227,-9552.147819
496.115046,57.427742,133.998066,-9552.147819
496.115674,76.570323,57.427742,-9494.720077
496.116301,114.855485,95.712904,-9494.720077
496.116929,191.425808,95.712904,-9360.722011
496.117556,153.140646,95.712904,-9360.722011
496.118184,76.570323,57.427742,-9379.864592
496.118811,114.855485,133.998066,-9284.151688
496.119439,38.285162,153.140646,-9418.149754
496.120066,38.285162,287.138712,-9494.720077
496.120694,38.285162,210.568389,-9533.005238
496.121321,38.285162,210.568389,-9533.005238
496.121949,95.712904,114.855485,-9533.005238
496.122576,133.998066,172.283227,-9475.577496
496.123204,153.140646,153.140646,-9475.577496
496.123831,153.140646,133.998066,-9399.007173
496.124459,191.425808,114.855485,-9303.294269
496.125086,210.568389,76.570323,-9245.866526
496.125714,95.712904,133.998066,-9303.294269
496.126341,95.712904,153.140646,-9322.436850
496.126969,57.427742,229.710970,-9437.292334
496.127596,0.000000,287.138712,-9494.720077
496.128224,-19.142581,248.853550,-9533.005238
496.128851,76.570323,114.855485,-9494.720077
496.129479,76.570323,153.140646,-9533.005238
496.130106,114.855485,95.712904,-9513.862658
496.130734,172.283227,95.712904,-9437.292334
496.131361,191.425808,76.570323,-9456.434915
496.131989,248.853550,57.427742,-9341.579430
496.132616,153.140646,95.712904,-9284.151688
496.133244,76.570323,76.570323,-9379.864592
496.133871,95.712904,172.283227,-9360.722011
496.134499,19.142581,210.568389,-9418.149754
496.135126,-76.570323,248.853550,-9437.292334
496.135754,57.427742,287.138712,-9513.862658
496.136381,38.285162,229.710970,-9533.005238
496.137009,172.283227,210.568389,-9571.290400
496.137636,133.998066,153.140646,-9533.005238
496.138264,191.425808,76.570323,-9456.434915
496.138891,191.425808,133.998066,-9379.864592
496.139519,153.140646,95.712904,-9284.151688
496.140146,114.855485,114.855485,-9322.436850
496.140774,0.000000,133.998066,-9284.151688
496.141401,95.712904,191.425808,-9303.294269
496.142029,57.427742,248.853550,-9360.722011
496.142656,19.142581,210.568389,-9494.720077
496.143284,38.285162,210.568389,-9475.577496
496.143911,57.427742,153.140646,-9609.575562
496.144539,95.712904,133.998066,-9552.147819
496.145166,76.570323,95.712904,-9494.720077
496.145794,172.283227,19.142581,-9437.292334
496.146421,153.140646,38.285162,-9360.722011
496.147049,153.140646,38.285162,-9341.579430
496.147676,153.140646,76.570323,-9341.579430
496.148304,57.427742,133.998066,-9322.436850
496.148931,76.570323,191.425808,-9360.722011
496.149559,0.000000,248.853550,-9360.722011
496.150186,19.142581,229.710970,-9494.720077
496.150814,-19.142581,210.568389,-9571.290400
496.151441,95.712904,153.140646,-9533.005238
496.152069,133.998066,210.568389,-9533.005238
496.152696,172.283227,114.855485,-9513.862658
496.153324,172.283227,76.570323,-9418.149754
496.153951,153.140646,95.712904,-9341.579430
496.154579,172.283227,114.855485,-9284.151688
496.155206,95.712904,133.998066,-9341.579430
496.155834,95.712904,133.998066,-9322.436850
496.156461,57.427742,248.853550,-9341.579430
496.157089,-38.285162,191.425808,-9456.434915
496.157717,38.285162,153.140646,-9456.434915
496.158344,0.000000,191.425808,-9552.147819
496.158972,57.427742,153.140646,-9552.147819
496.159599,133.998066,153.140646,-9533.005238
496.160227,153.140646,57.427742,-9533.005238
496.160854,172.283227,76.570323,-9418.149754
496.161482,153.140646,95.712904,-9322.436850
496.162109,57.427742,76.570323,-9322.436850
496.162737,95.712904,114.855485,-9341.579430
496.163364,95.712904,172.283227,-9322.436850
496.163992,95.712904,248.853550,-9322.436850
496.164619,0.000000,287.138712,-9456.434915
496.165247,0.000000,248.853550,-9552.147819
496.165875,0.000000,287.138712,-9513.862658
496.166502,76.570323,229.710970,-9475.577496
496.167130,133.998066,114.855485,-9533.005238
496.167757,172.283227,76.570323,-9418.149754
496.168385,248.853550,172.283227,-9379.864592
496.169012,210.568389,95.712904,-9245.866526
496.169640,172.283227,95.712904,-9284.151688
496.170267,76.570323,133.998066,-9303.294269
496.170895,95.712904,191.425808,-9303.294269
496.171522,57.427742,191.425808,-9360.722011
496.172150,38.285162,172.283227,-9533.005238
496.172777,38.285162,172.283227,-9533.005238
496.173405,38.285162,114.855485,-9533.005238
496.174032,38.285162,153.140646,-9533.005238
496.174660,114.855485,95.712904,-9571.290400
496.175288,153.140646,95.712904,-9437.292334
496.175915,172.283227,76.570323,-9418.149754
496.176543,153.140646,76.570323,-9303.294269
496.177170,133.998066,76.570323,-9284.151688
496.177798,38.285162,248.853550,-9341.579430
496.178425,57.427742,153.140646,-9341.579430
496.179053,57.427742,248.853550,-9360.722011
496.179680,57.427742,287.138712,-9437.292334
496.180308,57.427742,306.281293,-9494.720077
496.180935,95.712904,172.283227,-9437.292334
496.181563,210.568389,191.425808,-9399.007173
496.182190,191.425808,57.427742,-9456.434915
496.182818,172.283227,76.570323,-9418.149754
496.183445,191.425808,114.855485,-9379.864592
496.184073,210.568389,114.855485,-9284.151688
496.184701,95.712904,133.998066,-9360.722011
496.185328,114.855485,191.425808,-9379.864592
496.185956,19.142581,153.140646,-9360.722011
496.186583,19.142581,210.568389,-9494.720077
496.187211,0.000000,191.425808,-9533.005238
496.187838,38.285162,133.998066,-9552.147819
496.188466,114.855485,172.283227,-9552.147819
496.189093,133.998066,153.140646,-9533.005238
496.189721,133.998066,114.855485,-9456.434915
496.190348,210.568389,95.712904,-9360.722011
496.190976,210.568389,114.855485,-9303.294269
496.191603,153.140646,95.712904,-9322.436850
496.192231,133.998066,76.570323,-9284.151688
496.192859,95.712904,210.568389,-9303.294269
496.193486,114.855485,267.996131,-9360.722011
496.194114,38.285162,210.568389,-9437.292334
496.194741,0.000000,287.138712,-9513.862658
496.195369,76.570323,210.568389,-9533.005238
496.195996,114.855485,133.998066,-9552.147819
496.196624,133.998066,114.855485,-9533.005238
496.197251,153.140646,95.712904,-9533.005238
496.197879,172.283227,76.570323,-9418.149754
496.198506,248.853550,95.712904,-9341.579430
496.199134,76.570323,76.570323,-9265.009107
496.199761,95.712904,153.140646,-9360.722011
496.200389,172.283227,153.140646,-9322.436850
496.201016,38.285162,153.140646,-9437.292334
496.201644,38.285162,229.710970,-9533.005238
496.202272,57.427742,191.425808,-9552.147819
496.202899,57.427742,172.283227,-9552.147819
496.203527,76.570323,76.570323,-9571.290400
496.204154,114.855485,114.855485,-9513.862658
496.204782,153.140646,76.570323,-9399.007173
496.205409,153.140646,133.998066,-9399.007173
496.206037,172.283227,114.855485,-9322.436850
496.206664,114.855485,133.998066,-9341.579430
496.207292,114.855485,133.998066,-9265.009107
496.207919,38.285162,229.710970,-9360.722011
496.208547,95.712904,306.281293,-9399.007173
496.209174,-19.142581,287.138712,-9494.720077
496.209802,-38.285162,191.425808,-9513.862658
496.210429,57.427742,191.425808,-9552.147819
496.211057,133.998066,114.855485,-9437.292334
496.211685,133.998066,133.998066,-9399.007173
496.212312,172.283227,95.712904,-9418.149754
496.212940,210.568389,95.712904,-9360.722011
496.213567,210.568389,38.285162,-9341.579430
496.214195,133.998066,95.712904,-9341.579430
496.214822,95.712904,133.998066,-9341.579430
496.215450,57.427742,133.998066,-9360.722011
496.216077,0.000000,153.140646,-9360.722011
496.216705,57.427742,248.853550,-9552.147819
496.217332,0.000000,172.283227,-9609.575562
496.217960,76.570323,210.568389,-9552.147819
496.218587,133.998066,114.855485,-9533.005238
496.219215,114.855485,95.712904,-9437.292334
496.219842,210.568389,133.998066,-9399.007173
496.220470,267.996131,76.570323,-9399.007173
496.221098,210.568389,95.712904,-9284.151688
496.221725,133.998066,76.570323,-9303.294269
496.222353,95.712904,153.140646,-9341.579430
496.222980,38.285162,191.425808,-9418.149754
496.223608,38.285162,267.996131,-9360.722011
496.224235,-19.142581,267.996131,-9533.005238
496.224863,38.285162,229.710970,-9437.292334
496.225490,95.712904,210.568389,-9475.577496
496.226118,133.998066,210.568389,-9533.005238
496.226745,191.425808,57.427742,-9456.434915
496.227373,114.855485,38.285162,-9399.007173
496.228000,191.425808,57.427742,-9418.149754
496.228628,153.140646,57.427742,-9341.579430
496.229256,114.855485,95.712904,-9379.864592
496.229883,57.427742,133.998066,-9360.722011
496.230511,76.570323,210.568389,-9418.149754
496.231138,-19.142581,267.996131,-9494.720077
496.231766,57.427742,153.140646,-9552.147819
496.232393,57.427742,76.570323,-9571.290400
496.233021,114.855485,133.998066,-9533.005238
496.233648,133.998066,114.855485,-9533.005238
496.234276,172.283227,76.570323,-9418.149754
496.234903,172.283227,95.712904,-9379.864592
496.235531,210.568389,95.712904,-9284.151688
496.236158,172.283227,114.855485,-9284.151688
496.236786,114.855485,153.140646,-9245.866526
496.237413,38.285162,267.996131,-9341.579430
496.238041,38.285162,229.710970,-9399.007173
496.238669,0.000000,287.138712,-9456.434915
496.239296,19.142581,287.138712,-9552.147819
496.239924,57.427742,153.140646,-9533.005238
496.240551,76.570323,76.570323,-9571.290400
496.241179,133.998066,172.283227,-9533.005238
496.241806,133.998066,114.855485,-9533.005238
496.242434,191.425808,76.570323,-9418.149754
496.243061,114.855485,38.285162,-9399.007173
496.243689,133.998066,76.570323,-9322.436850
496.244316,133.998066,76.570323,-9322.436850
496.244944,76.570323,114.855485,-9418.149754
496.245571,0.000000,210.568389,-9418.149754
496.246199,-19.142581,229.710970,-9571.290400
496.246826,57.427742,267.996131,-9552.147819
496.247454,57.427742,191.425808,-9552.147819
496.248082,38.285162,114.855485,-9533.005238
496.248709,114.855485,133.998066,-9533.005238
496.249336,153.140646,133.998066,-9399.007173
496.249964,172.283227,95.712904,-9379.864592
496.250591,191.425808,38.285162,-9284.151688
496.251219,76.570323,76.570323,-9265.009107
496.251846,172.283227,210.568389,-9265.009107
496.252474,57.427742,248.853550,-9360.722011
496.253101,57.427742,229.710970,-9399.007173
496.253728,0.000000,191.425808,-9552.147819
496.254356,57.427742,248.853550,-9590.432981
496.254983,0.000000,133.998066,-9552.147819
496.255611,114.855485,133.998066,-9552.147819
496.256238,210.568389,95.712904,-9552.147819
496.256865,191.425808,57.427742,-9475.577496
496.257493,191.425808,76.570323,-9360.722011
496.258120,172.283227,57.427742,-9360.722011
496.258748,38.285162,57.427742,-9284.151688
496.259375,38.285162,133.998066,-9341.579430
496.260002,38.285162,172.283227,-9418.149754
496.260630,19.142581,210.568389,-9437.292334
496.261257,57.427742,191.425808,-9533.005238
496.261885,0.000000,172.283227,-9533.005238
496.262512,95.712904,133.998066,-9552.147819
496.263139,133.998066,153.140646,-9533.005238
496.263767,210.568389,76.570323,-9399.007173
496.264394,210.568389,38.285162,-9341.579430
496.265022,153.140646,95.712904,-9303.294269
496.265649,153.140646,95.712904,-9245.866526
496.266276,114.855485,133.998066,-9303.294269
496.266904,95.712904,153.140646,-9322.436850
496.267531,95.712904,248.853550,-9322.436850
496.268159,-19.142581,267.996131,-9494.720077
496.268786,19.142581,191.425808,-9513.862658
496.269413,0.000000,153.140646,-9552.147819
496.270041,95.712904,76.570323,-9513.862658
496.270668,172.283227,114.855485,-9571.290400
496.271296,172.283227,95.712904,-9437.292334
496.271923,191.425808,19.142581,-9418.149754
496.272550,248.853550,57.427742,-9360.722011
496.273178,133.998066,95.712904,-9360.722011
496.273805,95.712904,133.998066,-9360.722011
496.274433,0.000000,248.853550,-9360.722011
496.275060,76.570323,229.710970,-9418.149754
496.275687,0.000000,287.138712,-9513.862658
496.276315,57.427742,248.853550,-9533.005238
496.276942,57.427742,153.140646,-9552.147819
496.277570,114.855485,172.283227,-9533.005238
496.278197,76.570323,114.855485,-9475.577496
496.278824,172.283227,76.570323,-9418.149754
496.279452,248.853550,133.998066,-9322.436850
496.280079,210.568389,95.712904,-9284.151688
496.280707,153.140646,95.712904,-9303.294269
496.281334,57.427742,133.998066,-9360.722011
496.281961,76.570323,229.710970,-9418.149754
496.282589,38.285162,210.568389,-9437.292334
496.283216,38.285162,210.568389,-9475.577496
496.283844,19.142581,76.570323,-9571.290400
496.284471,57.427742,172.283227,-9590.432981
496.285099,57.427742,133.998066,-9552.147819
496.285726,76.570323,133.998066,-9533.005238
496.286353,114.855485,95.712904,-9494.720077
496.286981,191.425808,76.570323,-9418.149754
496.287608,133.998066,95.712904,-9360.722011
496.288236,76.570323,76.570323,-9322.436850
496.288863,95.712904,133.998066,-9360.722011
496.289490,76.570323,191.425808,-9418.149754
496.290118,57.427742,191.425808,-9418.149754
496.290745,19.142581,191.425808,-9456.434915
496.291373,38.285162,229.710970,-9494.720077
496.292000,95.712904,229.710970,-9533.005238
496.292627,133.998066,153.140646,-9533.005238
496.293255,133.998066,114.855485,-9418.149754
496.293882,210.568389,0.000000,-9360.722011
496.294510,248.853550,38.285162,-9245.866526
496.295137,133.998066,95.712904,-9245.866526
496.295764,57.427742,133.998066,-9379.864592
496.296392,95.712904,133.998066,-9360.722011
496.297019,76.570323,191.425808,-9437.292334
496.297647,19.142581,229.710970,-9437.292334
496.298274,19.142581,248.853550,-9571.290400
496.298901,0.000000,172.283227,-9628.718142
496.299529,57.427742,133.998066,-9552.147819
496.300156,153.140646,172.283227,-9513.862658
496.300784,172.283227,95.712904,-9437.292334
496.301411,172.283227,76.570323,-9418.149754
496.302038,210.568389,95.712904,-9284.151688
496.302666,153.140646,0.000000,-9360.722011
496.303293,133.998066,95.712904,-9341.579430
496.303921,76.570323,153.140646,-9341.579430
496.304548,172.283227,229.710970,-9341.579430
496.305175,19.142581,229.710970,-9418.149754
496.305803,0.000000,172.283227,-9552.147819
496.306430,38.285162,229.710970,-9533.005238
496.307058,114.855485,133.998066,-9533.005238
496.307685,153.140646,133.998066,-9513.862658
496.308312,210.568389,133.998066,-9399.007173
496.308940,210.568389,95.712904,-9341.579430
496.309567,153.140646,38.285162,-9284.151688
496.310195,114.855485,114.855485,-9341.579430
496.310822,76.570323,133.998066,-9303.294269
496.311449,95.712904,191.425808,-9360.722011
496.312077,95.712904,210.568389,-9360.722011
496.312704,19.142581,210.568389,-9494.720077
496.313332,76.570323,114.855485,-9533.005238
496.313959,57.427742,133.998066,-9552.147819
496.314586,95.712904,133.998066,-9552.147819
496.315214,133.998066,57.427742,-9571.290400
496.315841,95.712904,95.712904,-9437.292334
496.316469,191.425808,76.570323,-9418.149754
496.317096,153.140646,38.285162,-9322.436850
496.317724,38.285162,76.570323,-9322.436850
496.318351,95.712904,153.140646,-9360.722011
496.318978,95.712904,133.998066,-9360.722011
496.319606,57.427742,229.710970,-9418.149754
496.320233,-19.142581,267.996131,-9456.434915
496.320861,76.570323,229.710970,-9475.577496
496.321488,95.712904,191.425808,-9475.577496
496.322115,133.998066,172.283227,-9456.434915
496.322743,210.568389,76.570323,-9456.434915
496.323370,153.140646,133.998066,-9399.007173
496.323998,210.568389,95.712904,-9284.151688
496.324625,133.998066,0.000000,-9341.579430
496.325252,133.998066,76.570323,-9379.864592
496.325880,38.285162,76.570323,-9379.864592
496.326507,76.570323,172.283227,-9418.149754
496.327135,76.570323,172.283227,-9552.147819
496.327762,38.285162,210.568389,-9533.005238
496.328389,57.427742,172.283227,-9552.147819
496.329017,95.712904,172.283227,-9552.147819
496.329644,76.570323,114.855485,-9533.005238
496.330272,153.140646,133.998066,-9437.292334
496.330899,248.853550,57.427742,-9418.149754
496.331526,210.568389,95.712904,-9341.579430
496.332154,191.425808,95.712904,-9245.866526
496.332781,95.712904,133.998066,-9245.866526
496.333409,57.427742,191.425808,-9360.722011
496.334036,114.855485,248.853550,-9360.722011
496.334663,19.142581,287.138712,-9437.292334
496.335291,38.285162,229.710970,-9475.577496
496.335918,57.427742,172.283227,-9609.575562
496.336546,172.283227,229.710970,-9571.290400
496.337173,114.855485,95.712904,-9513.862658
496.337800,172.283227,76.570323,-9418.149754
496.338428,172.283227,76.570323,-9418.149754
496.339055,153.140646,38.285162,-9284.151688
496.339683,153.140646,76.570323,-9322.436850
496.340310,153.140646,95.712904,-9341.579430
496.340937,133.998066,114.855485,-9418.149754
496.341565,76.570323,229.710970,-9437.292334
496.342192,-38.285162,248.853550,-9513.862658
496.342820,0.000000,191.425808,-9552.147819
496.343447,95.712904,153.140646,-9533.005238
496.344074,95.712904,133.998066,-9552.147819
496.344702,38.285162,76.570323,-9494.720077
496.345329,95.712904,57.427742,-9399.007173
496.345957,191.425808,76.570323,-9360.722011
496.346584,172.283227,153.140646,-9284.151688
496.347211,114.855485,133.998066,-9341.579430
496.347839,114.855485,114.855485,-9284.151688
496.348466,76.570323,248.853550,-9303.294269
496.349094,0.000000,287.138712,-9456.434915
496.349721,0.000000,248.853550,-9552.147819
496.350348,38.285162,229.710970,-9494.720077
496.350976,76.570323,172.283227,-9552.147819
496.351603,76.570323,172.283227,-9533.005238
496.352231,153.140646,114.855485,-9456.434915
496.352858,153.140646,133.998066,-9456.434915
496.353485,133.998066,76.570323,-9303.294269
496.354113,153.140646,95.712904,-9341.579430
496.354740,76.570323,38.285162,-9322.436850
496.355368,76.570323,76.570323,-9379.864592
496.355995,38.285162,191.425808,-9418.149754
496.356622,38.285162,210.568389,-9494.720077
496.357250,95.712904,248.853550,-9475.577496
496.357877,95.712904,153.140646,-9533.005238
496.358505,0.000000,133.998066,-9552.147819
496.359132,76.570323,114.855485,-9533.005238
496.359759,133.998066,114.855485,-9456.434915
496.360387,153.140646,153.140646,-9418.149754
496.361014,191.425808,95.712904,-9322.436850
496.361642,133.998066,76.570323,-9341.579430
496.362269,76.570323,76.570323,-9303.294269
496.362896,95.712904,133.998066,-9245.866526
496.363524,57.427742,191.425808,-9360.722011
496.364151,57.427742,287.138712,-9456.434915
496.364779,38.285162,210.568389,-9533.005238
496.365406,38.285162,172.283227,-9533.005238
496.366033,114.855485,172.283227,-9552.147819
496.366661,172.283227,114.855485,-9571.290400
496.367288,172.283227,76.570323,-9456.434915
496.367916,210.568389,133.998066,-9437.292334
496.368543,153.140646,19.142581,-9322.436850
496.369170,38.285162,76.570323,-9379.864592
496.369798,38.285162,76.570323,-9322.436850
496.370425,57.427742,133.998066,-9322.436850
496.371053,19.142581,172.283227,-9418.149754
496.371680,38.285162,229.710970,-9437.292334
496.372307,-38.285162,248.853550,-9513.862658
496.372935,38.285162,229.710970,-9533.005238
496.373562,57.427742,133.998066,-9475.577496
496.374190,133.998066,114.855485,-9475.577496
496.374817,172.283227,76.570323,-9418.149754
496.375444,133.998066,76.570323,-9379.864592
496.376072,210.568389,95.712904,-9341.579430
496.376699,114.855485,133.998066,-9303.294269
496.377327,95.712904,153.140646,-9245.866526
496.377954,57.427742,248.853550,-9360.722011
496.378581,19.142581,229.710970,-9418.149754
496.379209,0.000000,287.138712,-9494.720077
496.379836,57.427742,229.710970,-9513.862658
496.380464,95.712904,133.998066,-9552.147819
496.381091,133.998066,114.855485,-9475.577496
496.381718,153.140646,95.712904,-9552.147819
496.382346,210.568389,76.570323,-9418.149754
496.382973,210.568389,133.998066,-9379.864592
496.383601,210.568389,0.000000,-9341.579430
496.384228,153.140646,95.712904,-9360.722011
496.384855,133.998066,172.283227,-9418.149754
496.385483,76.570323,114.855485,-9418.149754
496.386110,19.142581,229.710970,-9533.005238
496.386737,-19.142581,267.996131,-9533.005238
496.387365,38.285162,210.568389,-9533.005238
496.387992,57.427742,191.425808,-9552.147819
496.388620,95.712904,114.855485,-9533.005238
496.389247,76.570323,114.855485,-9475.577496
496.389874,114.855485,133.998066,-9360.722011
496.390502,172.283227,114.855485,-9322.436850
496.391129,153.140646,95.712904,-9245.866526
496.391757,38.285162,76.570323,-9284.151688
496.392384,95.712904,133.998066,-9245.866526
496.393011,76.570323,229.710970,-9418.149754
496.393639,-19.142581,229.710970,-9399.007173
496.394266,-38.285162,229.710970,-9494.720077
496.394894,19.142581,114.855485,-9552.147819
496.395521,57.427742,133.998066,-9552.147819
496.396148,133.998066,114.855485,-9533.005238
496.396776,153.140646,95.712904,-9533.005238
496.397403,191.425808,76.570323,-9437.292334
496.398031,153.140646,38.285162,-9360.722011
496.398658,153.140646,95.712904,-9303.294269
496.399285,95.712904,172.283227,-9341.579430
496.399913,95.712904,133.998066,-9360.722011
496.400540,95.712904,191.425808,-9360.722011
496.401168,57.427742,114.855485,-9533.005238
496.401795,-19.142581,210.568389,-9513.862658
496.402422,19.142581,114.855485,-9533.005238
496.403050,19.142581,133.998066,-9494.720077
496.403677,133.998066,114.855485,-9494.720077
496.404305,153.140646,172.283227,-9437.292334
496.404932,248.853550,133.998066,-9399.007173
496.405559,191.425808,95.712904,-9245.866526
496.406187,133.998066,76.570323,-9341.579430
496.406814,114.855485,153.140646,-9341.579430
496.407442,0.000000,153.140646,-9360.722011
496.408069,57.427742,153.140646,-9456.434915
496.408696,-19.142581,191.425808,-9571.290400
496.409324,38.285162,191.425808,-9533.005238
496.409951,114.855485,172.283227,-9552.147819
496.410579,95.712904,133.998066,-9533.005238
496.411206,133.998066,114.855485,-9533.005238
496.411833,172.283227,38.285162,-9399.007173
496.412461,172.283227,76.570323,-9418.149754
496.413088,210.568389,57.427742,-9284.151688
496.413716,133.998066,76.570323,-9341.579430
496.414343,57.427742,95.712904,-9379.864592
496.414970,76.570323,210.568389,-9360.722011
496.415598,0.000000,287.138712,-9418.149754
496.416225,-19.142581,267.996131,-9437.292334
496.416853,38.285162,267.996131,-9494.720077
496.417480,38.285162,210.568389,-9533.005238
496.418107,153.140646,114.855485,-9418.149754
496.418735,133.998066,153.140646,-9475.577496
496.419362,172.283227,76.570323,-9360.722011
496.419990,210.568389,95.712904,-9341.579430
496.420617,153.140646,57.427742,-9245.866526
496.421244,114.855485,133.998066,-9245.866526
496.421872,95.712904,133.998066,-9322.436850
496.422499,76.570323,210.568389,-9418.149754
496.423126,114.855485,267.996131,-9437.292334
496.423754,95.712904,191.425808,-9552.147819
496.424381,57.427742,248.853550,-9552.147819
496.425009,57.427742,133.998066,-9552.147819
496.425636,114.855485,133.998066,-9552.147819
496.426263,153.140646,95.712904,-9552.147819
496.426891,210.568389,133.998066,-9437.292334
496.427518,114.855485,38.285162,-9379.864592
496.428146,153.140646,95.712904,-9360.722011
496.428773,57.427742,95.712904,-9379.864592
496.429400,57.427742,153.140646,-9360.722011
496.430028,95.712904,210.568389,-9418.149754
496.430655,95.712904,248.853550,-9437.292334
496.431283,76.570323,267.996131,-9571.290400
496.431910,57.427742,229.710970,-9513.862658
496.432537,57.427742,172.283227,-9533.005238
496.433165,133.998066,114.855485,-9456.434915
496.433792,153.140646,114.855485,-9418.149754
496.434420,172.283227,38.285162,-9379.864592
496.435047,248.853550,95.712904,-9245.866526
496.435674,172.283227,114.855485,-9284.151688
496.436302,57.427742,133.998066,-9322.436850
496.436929,95.712904,248.853550,-9322.436850
496.437557,76.570323,229.710970,-9418.149754
496.438184,-38.285162,248.853550,-9475.577496
496.438811,76.570323,210.568389,-9533.005238
496.439439,57.427742,133.998066,-9552.147819
496.440066,76.570323,133.998066,-9590.432981
496.440694,38.285162,114.855485,-9533.005238
496.441321,133.998066,114.855485,-9418.149754
496.441948,210.568389,95.712904,-9360.722011
496.442576,248.853550,38.285162,-9341.579430
496.443203,76.570323,76.570323,-9265.009107
496.443831,76.570323,57.427742,-9303.294269
496.444458,57.427742,210.568389,-9341.579430
496.445085,38.285162,191.425808,-9418.149754
496.445713,57.427742,306.281293,-9437.292334
496.446340,57.427742,306.281293,-9513.862658
496.446968,76.570323,267.996131,-9571.290400
496.447595,133.998066,114.855485,-9475.577496
496.448222,153.140646,95.712904,-9533.005238
496.448850,133.998066,114.855485,-9418.149754
496.449477,229.710970,38.285162,-9418.149754
496.450105,248.853550,38.285162,-9284.151688
496.450732,153.140646,95.712904,-9245.866526
496.451360,76.570323,76.570323,-9265.009107
496.451987,57.427742,248.853550,-9360.722011
496.452615,38.285162,229.710970,-9437.292334
496.453242,0.000000,172.283227,-9552.147819
496.453869,38.285162,153.140646,-9533.005238
496.454497,114.855485,210.568389,-9552.147819
496.455124,95.712904,133.998066,-9552.147819
496.455752,172.283227,114.855485,-9571.290400
496.456379,191.425808,38.285162,-9418.149754
496.457007,172.283227,76.570323,-9341.579430
496.457634,210.568389,95.712904,-9284.151688
496.458262,133.998066,76.570323,-9322.436850
496.458889,95.712904,191.425808,-9303.294269
496.459517,76.570323,210.568389,-9341.579430
496.460144,38.285162,229.710970,-9418.149754
496.460772,19.142581,229.710970,-9418.149754
496.461399,57.427742,287.138712,-9513.862658
496.462027,76.570323,191.425808,-9552.147819
496.462654,133.998066,153.140646,-9418.149754
496.463282,133.998066,114.855485,-9475.577496
496.463909,191.425808,57.427742,-9418.149754
496.464536,153.140646,95.712904,-9360.722011
496.465164,210.568389,95.712904,-9322.436850
496.465791,172.283227,76.570323,-9418.149754
496.466419,76.570323,76.570323,-9379.864592
496.467046,95.712904,114.855485,-9418.149754
496.467674,19.142581,191.425808,-9475.577496
496.468301,19.142581,229.710970,-9533.005238
496.468929,57.427742,191.425808,-9590.432981
496.469556,95.712904,153.140646,-9590.432981
496.470184,153.140646,76.570323,-9571.290400
496.470811,210.568389,133.998066,-9437.292334
496.471439,172.283227,95.712904,-9379.864592
496.472066,210.568389,57.427742,-9245.866526
496.472694,133.998066,95.712904,-9245.866526
496.473321,95.712904,153.140646,-9245.866526
496.473949,57.427742,114.855485,-9245.866526
496.474576,38.285162,229.710970,-9418.149754
496.475204,57.427742,229.710970,-9494.720077
496.475831,19.142581,248.853550,-9494.720077
496.476458,57.427742,287.138712,-9513.862658
496.477086,76.570323,191.425808,-9533.005238
496.477713,95.712904,114.855485,-9475.577496
496.478341,172.283227,57.427742,-9418.149754
496.478968,191.425808,38.285162,-9418.149754
496.479596,191.425808,76.570323,-9418.149754
496.480223,172.283227,76.570323,-9418.149754
496.480851,114.855485,133.998066,-9341.579430
496.481478,114.855485,114.855485,-9399.007173
496.482106,95.712904,191.425808,-9418.149754
496.482733,19.142581,191.425808,-9475.577496
496.483361,57.427742,191.425808,-9552.147819
496.483988,95.712904,210.568389,-9533.005238
496.484616,76.570323,153.140646,-9552.147819
496.485243,133.998066,114.855485,-9437.292334
496.485871,172.283227,76.570323,-9418.149754
496.486498,153.140646,76.570323,-9379.864592
496.487125,229.710970,76.570323,-9418.149754
496.487753,172.283227,114.855485,-9341.579430
496.488380,76.570323,76.570323,-9322.436850
496.489008,76.570323,133.998066,-9341.579430
496.489635,76.570323,248.853550,-9322.436850
496.490263,57.427742,287.138712,-9437.292334
496.490890,95.712904,248.853550,-9552.147819
496.491518,38.285162,153.140646,-9533.005238
496.492145,114.855485,133.998066,-9552.147819
496.492773,114.855485,133.998066,-9552.147819
496.493400,172.283227,76.570323,-9418.149754
496.494028,172.283227,38.285162,-9437.292334
496.494655,133.998066,76.570323,-9265.009107
496.495283,76.570323,76.570323,-9322.436850
496.495910,95.712904,133.998066,-9360.722011
496.496538,76.570323,210.568389,-9341.579430
496.497165,95.712904,229.710970,-9456.434915
496.497793,57.427742,229.710970,-9475.577496
496.498420,-38.285162,248.853550,-9513.862658
496.499047,57.427742,191.425808,-9552.147819
496.499675,95.712904,133.998066,-9552.147819
496.500302,153.140646,133.998066,-9513.862658
496.500930,191.425808,76.570323,-9418.149754
496.501557,210.568389,38.285162,-9341.579430
496.502185,229.710970,114.855485,-9303.294269
496.502812,153.140646,95.712904,-9245.866526
496.503440,172.283227,114.855485,-9284.151688
496.504067,114.855485,248.853550,-9360.722011
496.504695,95.712904,248.853550,-9418.149754
496.505322,38.285162,229.710970,-9533.005238
496.505950,76.570323,210.568389,-9475.577496
496.506577,38.285162,210.568389,-9533.005238
496.507205,76.570323,114.855485,-9533.005238
496.507832,133.998066,76.570323,-9513.862658
496.508460,114.855485,95.712904,-9399.007173
496.509087,191.425808,95.712904,-9322.436850
496.509715,191.425808,57.427742,-9418.149754
496.510342,76.570323,19.142581,-9322.436850
496.510969,95.712904,133.998066,-9360.722011
496.511597,95.712904,172.283227,-9360.722011
496.512224,19.142581,210.568389,-9533.005238
496.512852,19.142581,210.568389,-9475.577496
496.513479,57.427742,172.283227,-9552.147819
496.514107,114.855485,133.998066,-9533.005238
496.514734,153.140646,133.998066,-9475.577496
496.515362,133.998066,114.855485,-9475.577496
496.515989,210.568389,133.998066,-9399.007173
496.516617,229.710970,114.855485,-9265.009107
496.517244,191.425808,95.712904,-9303.294269
496.517872,114.855485,133.998066,-9245.866526
496.518499,76.570323,133.998066,-9303.294269
496.519127,95.712904,153.140646,-9360.722011
496.519754,19.142581,210.568389,-9533.005238
496.520382,19.142581,114.855485,-9533.005238
496.521009,57.427742,133.998066,-9552.147819
496.521636,133.998066,172.283227,-9533.005238
496.522264,153.140646,76.570323,-9571.290400
496.522891,114.855485,57.427742,-9475.577496
496.523519,191.425808,19.142581,-9456.434915
496.524146,114.855485,57.427742,-9379.864592
496.524774,133.998066,76.570323,-9379.864592
496.525401,133.998066,114.855485,-9360.722011
496.526029,95.712904,133.998066,-9360.722011
496.526656,57.427742,248.853550,-9322.436850
496.527284,0.000000,287.138712,-9494.720077
496.527911,38.285162,210.568389,-9533.005238
496.528539,57.427742,153.140646,-9552.147819
496.529166,133.998066,153.140646,-9475.577496
496.529794,153.140646,114.855485,-9456.434915
496.530421,210.568389,172.283227,-9399.007173
496.531049,191.425808,76.570323,-9379.864592
496.531676,191.425808,95.712904,-9284.151688
496.532304,114.855485,133.998066,-9245.866526
496.532931,172.283227,114.855485,-9322.436850
496.533558,95.712904,172.283227,-9360.722011
496.534186,57.427742,287.138712,-9475.577496
496.534813,-38.285162,287.138712,-9552.147819
496.535441,38.285162,229.710970,-9533.005238
496.536068,95.712904,172.283227,-9552.147819
496.536696,133.998066,114.855485,-9533.005238
496.537323,133.998066,57.427742,-9513.862658
496.537951,191.425808,76.570323,-9456.434915
496.538578,210.568389,19.142581,-9360.722011
496.539206,210.568389,0.000000,-9303.294269
496.539833,76.570323,76.570323,-9379.864592
496.540461,114.855485,153.140646,-9360.722011
496.541088,95.712904,229.710970,-9418.149754
496.541716,57.427742,153.140646,-9437.292334
496.542343,57.427742,229.710970,-9475.577496
496.542971,57.427742,287.138712,-9513.862658
496.543598,57.427742,191.425808,-9552.147819
496.544225,76.570323,210.568389,-9533.005238
496.544853,153.140646,133.998066,-9494.720077
496.545480,133.998066,76.570323,-9379.864592
496.546108,153.140646,95.712904,-9284.151688
496.546735,153.140646,57.427742,-9360.722011
496.547363,172.283227,153.140646,-9341.579430
496.547990,95.712904,191.425808,-9303.294269
496.548618,-19.142581,229.710970,-9322.436850
496.549245,95.712904,287.138712,-9475.577496
496.549873,19.142581,172.283227,-9513.862658
496.550500,0.000000,210.568389,-9552.147819
496.551128,76.570323,153.140646,-9475.577496
496.551755,38.285162,114.855485,-9533.005238
496.552382,172.283227,57.427742,-9418.149754
496.553010,172.283227,19.142581,-9418.149754
496.553637,210.568389,0.000000,-9284.151688
496.554265,153.140646,0.000000,-9341.579430
496.554892,114.855485,133.998066,-9341.579430
496.555520,95.712904,133.998066,-9360.722011
496.556147,95.712904,248.853550,-9322.436850
496.556774,19.142581,229.710970,-9418.149754
496.557402,38.285162,172.283227,-9533.005238
496.558029,76.570323,114.855485,-9475.577496
496.558657,95.712904,153.140646,-9533.005238
496.559284,76.570323,114.855485,-9437.292334
496.559912,76.570323,114.855485,-9360.722011
496.560539,153.140646,76.570323,-9322.436850
496.561167,210.568389,114.855485,-9322.436850
496.561794,133.998066,76.570323,-9341.579430
496.562421,133.998066,38.285162,-9284.151688
496.563049,95.712904,133.998066,-9360.722011
496.563676,19.142581,229.710970,-9437.292334
496.564304,57.427742,248.853550,-9552.147819
496.564931,38.285162,229.710970,-9533.005238
496.565559,38.285162,210.568389,-9533.005238
496.566186,57.427742,133.998066,-9552.147819
496.566813,133.998066,57.427742,-9513.862658
496.567441,229.710970,76.570323,-9418.149754
496.568068,172.283227,57.427742,-9456.434915
496.568696,172.283227,114.855485,-9379.864592
496.569323,76.570323,114.855485,-9360.722011
496.569951,95.712904,172.283227,-9284.151688
496.570578,-19.142581,153.140646,-9379.864592
496.571205,57.427742,229.710970,-9418.149754
496.571833,57.427742,287.138712,-9494.720077
496.572460,0.000000,229.710970,-9494.720077
496.573088,38.285162,210.568389,-9533.005238
496.573715,172.283227,153.140646,-9513.862658
496.574343,191.425808,76.570323,-9456.434915
496.574970,153.140646,76.570323,-9322.436850
496.575597,191.425808,114.855485,-9322.436850
496.576225,153.140646,95.712904,-9303.294269
496.576852,133.998066,95.712904,-9341.579430
496.577480,38.285162,76.570323,-9284.151688
496.578107,38.285162,172.283227,-9418.149754
496.578735,-38.285162,191.425808,-9494.720077
496.579362,0.000000,210.568389,-9571.290400
496.579989,0.000000,153.140646,-9571.290400
496.580617,76.570323,133.998066,-9590.432981
496.581244,76.570323,114.855485,-9475.577496
496.581872,172.283227,76.570323,-9418.149754
496.582499,210.568389,0.000000,-9360.722011
496.583127,153.140646,38.285162,-9341.579430
496.583754,153.140646,95.712904,-9245.866526
496.584381,172.283227,114.855485,-9303.294269
496.585009,95.712904,133.998066,-9322.436850
496.585636,95.712904,210.568389,-9418.149754
496.586264,0.000000,229.710970,-9399.007173
496.586891,38.285162,229.710970,-9475.577496
496.587519,57.427742,287.138712,-9513.862658
496.588146,95.712904,210.568389,-9533.005238
496.588773,76.570323,114.855485,-9475.577496
496.589401,153.140646,172.283227,-9437.292334
496.590028,210.568389,133.998066,-9399.007173
496.590656,229.710970,57.427742,-9360.722011
496.591283,172.283227,95.712904,-9322.436850
496.591911,248.853550,95.712904,-9360.722011
496.592538,114.855485,191.425808,-9360.722011
496.593166,0.000000,191.425808,-9360.722011
496.593793,0.000000,248.853550,-9437.292334
496.594420,-38.285162,153.140646,-9494.720077
496.595048,76.570323,210.568389,-9494.720077
496.595675,95.712904,114.855485,-9533.005238
496.596303,114.855485,95.712904,-9513.862658
496.596930,133.998066,114.855485,-9456.434915
496.597558,191.425808,76.570323,-9418.149754
496.598185,210.568389,38.285162,-9303.294269
496.598812,153.140646,0.000000,-9245.866526
496.599440,172.283227,133.998066,-9303.294269
496.600067,95.712904,153.140646,-9360.722011
496.600695,95.712904,306.281293,-9399.007173
496.601322,0.000000,306.281293,-9494.720077
496.601950,-38.285162,267.996131,-9513.862658
496.602577,0.000000,248.853550,-9552.147819
496.603204,95.712904,191.425808,-9533.005238
496.603832,133.998066,114.855485,-9533.005238
496.604459,191.425808,57.427742,-9418.149754
496.605087,191.425808,76.570323,-9418.149754
496.605714,153.140646,95.712904,-9360.722011
496.606342,114.855485,95.712904,-9399.007173
496.606969,95.712904,76.570323,-9322.436850
496.607596,95.712904,133.998066,-9360.722011
496.608224,76.570323,229.710970,-9437.292334
496.608851,38.285162,172.283227,-9533.005238
496.609479,38.285162,153.140646,-9533.005238
496.610106,76.570323,133.998066,-9552.147819
496.610734,95.712904,153.140646,-9533.005238
496.611361,172.283227,114.855485,-9494.720077
496.611988,229.710970,172.283227,-9399.007173
496.612616,133.998066,76.570323,-9322.436850
496.613243,114.855485,114.855485,-9341.579430
496.613871,133.998066,76.570323,-9265.009107
496.614498,57.427742,191.425808,-9303.294269
496.615126,76.570323,229.710970,-9418.149754
496.615753,57.427742,287.138712,-9418.149754
496.616380,57.427742,287.138712,-9513.862658
496.617008,57.427742,229.710970,-9533.005238
496.617635,95.712904,191.425808,-9571.290400
496.618263,114.855485,95.712904,-9513.862658
496.618890,172.283227,38.285162,-9437.292334
496.619518,191.425808,57.427742,-9418.149754
496.620145,210.568389,95.712904,-9360.722011
496.620772,133.998066,57.427742,-9284.151688
496.621400,114.855485,95.712904,-9379.864592
496.622027,114.855485,133.998066,-9322.436850
496.622655,38.285162,229.710970,-9360.722011
496.623282,19.142581,210.568389,-9494.720077
496.623910,-38.285162,133.998066,-9513.862658
496.624537,95.712904,153.140646,-9552.147819
496.625165,57.427742,172.283227,-9552.147819
496.625792,133.998066,114.855485,-9475.577496
496.626419,153.140646,153.140646,-9399.007173
496.627047,172.283227,76.570323,-9418.149754
496.627674,153.140646,95.712904,-9303.294269
496.628302,153.140646,95.712904,-9245.866526
496.628929,76.570323,76.570323,-9284.151688
496.629557,95.712904,153.140646,-9303.294269
496.630184,38.285162,325.423874,-9379.864592
496.630811,19.142581,229.710970,-9437.292334
496.631439,38.285162,210.568389,-9533.005238
496.632066,57.427742,210.568389,-9533.005238
496.632694,57.427742,133.998066,-9552.147819
496.633321,133.998066,114.855485,-9533.005238
496.633949,114.855485,95.712904,-9437.292334
496.634576,191.425808,19.142581,-9456.434915
496.635203,153.140646,57.427742,-9360.722011
496.635831,133.998066,57.427742,-9360.722011
496.636458,133.998066,76.570323,-9379.864592
496.637086,38.285162,114.855485,-9418.149754
496.637713,19.142581,210.568389,-9418.149754
496.638341,19.142581,229.710970,-9475.577496
496.638968,0.000000,229.710970,-9513.862658
496.639595,76.570323,229.710970,-9552.147819
496.640223,95.712904,172.283227,-9533.005238
496.640850,133.998066,114.855485,-9456.434915
496.641478,95.712904,114.855485,-9437.292334
496.642105,172.283227,114.855485,-9322.436850
496.642733,153.140646,95.712904,-9303.294269
496.643360,172.283227,114.855485,-9322.436850
496.643987,76.570323,133.998066,-9303.294269
496.644615,57.427742,248.853550,-9360.722011
496.645242,38.285162,210.568389,-9437.292334
496.645870,95.712904,306.281293,-9494.720077
496.646497,-19.142581,210.568389,-9571.290400
496.647125,76.570323,191.425808,-9552.147819
496.647752,133.998066,114.855485,-9533.005238
496.648379,114.855485,133.998066,-9533.005238
496.649007,191.425808,76.570323,-9418.149754
496.649634,229.710970,38.285162,-9418.149754
496.650262,172.283227,76.570323,-9418.149754
496.650889,172.283227,38.285162,-9418.149754
496.651517,95.712904,114.855485,-9322.436850
496.652144,95.712904,95.712904,-9399.007173
496.652771,57.427742,172.283227,-9437.292334
496.653399,19.142581,229.710970,-9437.292334
496.654026,19.142581,248.853550,-9494.720077
496.654654,95.712904,210.568389,-9533.005238
496.655281,133.998066,210.568389,-9456.434915
496.655908,133.998066,114.855485,-9456.434915
496.656536,133.998066,172.283227,-9399.007173
496.657163,95.712904,133.998066,-9284.151688
496.657791,153.140646,57.427742,-9245.866526
496.658418,95.712904,133.998066,-9303.294269
496.659045,114.855485,153.140646,-9341.579430
496.659673,76.570323,210.568389,-9418.149754
496.660300,38.285162,229.710970,-9437.292334
496.660928,19.142581,210.568389,-9533.005238
496.661555,0.000000,210.568389,-9571.290400
496.662183,95.712904,133.998066,-9552.147819
496.662810,76.570323,95.712904,-9513.862658
496.663437,210.568389,76.570323,-9475.577496
496.664065,172.283227,57.427742,-9456.434915
496.664692,191.425808,57.427742,-9341.579430
496.665320,133.998066,95.712904,-9360.722011
496.665947,114.855485,95.712904,-9322.436850
496.666574,76.570323,153.140646,-9245.866526
496.667202,76.570323,229.710970,-9418.149754
496.667829,19.142581,229.710970,-9533.005238
496.668457,95.712904,287.138712,-9513.862658
496.669084,57.427742,172.283227,-9552.147819
496.669711,95.712904,191.425808,-9475.577496
496.670339,133.998066,114.855485,-9475.577496
496.670966,172.283227,57.427742,-9399.007173
496.671594,114.855485,95.712904,-9399.007173
496.672221,248.853550,57.427742,-9341.579430
496.672848,114.855485,76.570323,-9245.866526
496.673476,114.855485,114.855485,-9322.436850
496.674103,38.285162,114.855485,-9341.579430
496.674731,95.712904,248.853550,-9360.722011
496.675358,38.285162,229.710970,-9533.005238
496.675986,38.285162,229.710970,-9552.147819
496.676613,114.855485,172.283227,-9590.432981
496.677240,76.570323,133.998066,-9571.290400
496.677868,153.140646,95.712904,-9552.147819
496.678495,172.283227,38.285162,-9418.149754
496.679123,172.283227,95.712904,-9322.436850
496.679750,133.998066,57.427742,-9379.864592
496.680377,153.140646,95.712904,-9341.579430
496.681005,95.712904,133.998066,-9341.579430
496.681632,95.712904,172.283227,-9341.579430
496.682260,-38.285162,248.853550,-9399.007173
496.682887,0.000000,287.138712,-9494.720077
496.683514,19.142581,229.710970,-9533.005238
496.684142,95.712904,210.568389,-9533.005238
496.684769,133.998066,210.568389,-9533.005238
496.685397,153.140646,133.998066,-9437.292334
496.686024,210.568389,133.998066,-9399.007173
496.686651,210.568389,38.285162,-9341.579430
496.687279,153.140646,38.285162,-9245.866526
496.687906,114.855485,114.855485,-9322.436850
496.688534,114.855485,133.998066,-9322.436850
496.689161,57.427742,153.140646,-9360.722011
496.689788,57.427742,229.710970,-9475.577496
496.690416,0.000000,172.283227,-9552.147819
496.691043,19.142581,267.996131,-9609.575562
496.691671,57.427742,172.283227,-9552.147819
496.692298,76.570323,114.855485,-9533.005238
496.692926,114.855485,76.570323,-9571.290400
496.693553,172.283227,38.285162,-9456.434915
496.694180,153.140646,0.000000,-9341.579430
496.694808,95.712904,133.998066,-9303.294269
496.695435,76.570323,76.570323,-9303.294269
496.696063,114.855485,153.140646,-9303.294269
496.696690,114.855485,153.140646,-9360.722011
496.697317,57.427742,287.138712,-9494.720077
496.697945,-38.285162,267.996131,-9456.434915
496.698572,95.712904,210.568389,-9533.005238
496.699200,95.712904,210.568389,-9533.005238
496.699827,133.998066,153.140646,-9533.005238
496.700454,114.855485,95.712904,-9399.007173
496.701082,210.568389,38.285162,-9360.722011
496.701709,210.568389,95.712904,-9284.151688
496.702337,210.568389,95.712904,-9360.722011
496.702964,133.998066,76.570323,-9341.579430
496.703591,95.712904,172.283227,-9360.722011
496.704219,133.998066,114.855485,-9418.149754
496.704846,19.142581,114.855485,-9533.005238
496.705474,0.000000,210.568389,-9571.290400
496.706101,57.427742,133.998066,-9609.575562
496.706729,114.855485,133.998066,-9552.147819
496.707356,172.283227,76.570323,-9552.147819
496.707983,114.855485,95.712904,-9399.007173
496.708611,172.283227,76.570323,-9418.149754
496.709238,210.568389,38.285162,-9360.722011
496.709866,95.712904,133.998066,-9341.579430
496.710493,133.998066,76.570323,-9303.294269
496.711120,76.570323,210.568389,-9418.149754
496.711748,95.712904,248.853550,-9360.722011
496.712375,-38.285162,248.853550,-9513.862658
496.713003,38.285162,229.710970,-9456.434915
496.713630,57.427742,210.568389,-9552.147819
496.714257,172.283227,153.140646,-9571.290400
496.714885,172.283227,114.855485,-9494.720077
496.715512,153.140646,133.998066,-9494.720077
496.716140,172.283227,95.712904,-9399.007173
496.716767,210.568389,38.285162,-9341.579430
496.717394,153.140646,95.712904,-9360.722011
496.718022,38.285162,114.855485,-9418.149754
496.718649,76.570323,210.568389,-9399.007173
496.719277,95.712904,191.425808,-9418.149754
496.719904,0.000000,191.425808,-9552.147819
496.720532,0.000000,248.853550,-9552.147819
496.721159,57.427742,133.998066,-9552.147819
496.721786,133.998066,114.855485,-9533.005238
496.722414,95.712904,133.998066,-9533.005238
496.723041,172.283227,76.570323,-9418.149754
496.723669,210.568389,133.998066,-9322.436850
496.724296,153.140646,95.712904,-9303.294269
496.724923,133.998066,95.712904,-9245.866526
496.725551,95.712904,191.425808,-9303.294269
496.726178,133.998066,172.283227,-9418.149754
496.726806,38.285162,210.568389,-9418.149754
496.727433,38.285162,229.710970,-9437.292334
496.728060,38.285162,267.996131,-9571.290400
496.728688,95.712904,248.853550,-9552.147819
496.729315,76.570323,153.140646,-9494.720077
496.729943,153.140646,133.998066,-9437.292334
496.730570,191.425808,114.855485,-9379.864592
496.731197,210.568389,38.285162,-9341.579430
496.731825,153.140646,95.712904,-9245.866526
496.732452,133.998066,76.570323,-9322.436850
496.733080,38.285162,76.570323,-9379.864592
496.733707,76.570323,172.283227,-9456.434915
496.734334,-38.285162,248.853550,-9513.862658
496.734962,0.000000,210.568389,-9513.862658
496.735589,-19.142581,114.855485,-9571.290400
496.736217,76.570323,172.283227,-9552.147819
496.736844,95.712904,191.425808,-9552.147819
496.737472,114.855485,95.712904,-9399.007173
496.738099,114.855485,133.998066,-9341.579430
496.738726,153.140646,95.712904,-9245.866526
496.739354,153.140646,95.712904,-9245.866526
496.739981,95.712904,133.998066,-9245.866526
496.740609,0.000000,248.853550,-9284.151688
496.741236,57.427742,191.425808,-9360.722011
496.741863,38.285162,287.138712,-9456.434915
496.742491,0.000000,287.138712,-9513.862658
496.743118,57.427742,153.140646,-9494.720077
496.743746,76.570323,153.140646,-9533.005238
496.744373,153.140646,133.998066,-9494.720077
496.745000,114.855485,95.712904,-9399.007173
496.745628,172.283227,133.998066,-9360.722011
496.746255,210.568389,57.427742,-9284.151688
496.746883,133.998066,76.570323,-9322.436850
496.747510,133.998066,57.427742,-9341.579430
496.748137,76.570323,114.855485,-9437.292334
496.748765,76.570323,153.140646,-9437.292334
496.749392,-38.285162,248.853550,-9437.292334
496.750020,-38.285162,210.568389,-9513.862658
496.750647,38.285162,172.283227,-9533.005238
496.751275,114.855485,133.998066,-9552.147819
496.751902,210.568389,133.998066,-9494.720077
496.752530,153.140646,114.855485,-9418.149754
496.753157,248.853550,133.998066,-9379.864592
496.753785,76.570323,76.570323,-9265.009107
496.754412,76.570323,76.570323,-9284.151688
496.755040,114.855485,133.998066,-9303.294269
496.755667,95.712904,172.283227,-9341.579430
496.756295,114.855485,229.710970,-9379.864592
496.756922,19.142581,325.423874,-9513.862658
496.757550,19.142581,229.710970,-9533.005238
496.758177,76.570323,267.996131,-9571.290400
496.758805,114.855485,229.710970,-9494.720077
496.759432,153.140646,172.283227,-9437.292334
496.760060,191.425808,57.427742,-9418.149754
496.760687,191.425808,19.142581,-9399.007173
496.761315,153.140646,38.285162,-9360.722011
496.761942,133.998066,57.427742,-9303.294269
496.762570,76.570323,133.998066,-9379.864592
496.763197,38.285162,172.283227,-9418.149754
496.763825,-38.285162,229.710970,-9437.292334
496.764452,19.142581,248.853550,-9513.862658
496.765080,95.712904,210.568389,-9513.862658
496.765707,57.427742,153.140646,-9552.147819
496.766335,95.712904,210.568389,-9475.577496
496.766962,133.998066,114.855485,-9456.434915
496.767589,191.425808,76.570323,-9418.149754
496.768217,114.855485,133.998066,-9303.294269
496.768844,153.140646,114.855485,-9226.723946
496.769472,114.855485,133.998066,-9303.294269
496.770099,114.855485,210.568389,-9303.294269
496.770727,76.570323,287.138712,-9418.149754
496.771354,0.000000,287.138712,-9456.434915
496.771982,19.142581,248.853550,-9513.862658
496.772609,38.285162,210.568389,-9533.005238
496.773237,95.712904,172.283227,-9552.147819
496.773864,95.712904,172.283227,-9552.147819
496.774492,172.283227,95.712904,-9494.720077
496.775119,191.425808,76.570323,-9456.434915
496.775747,191.425808,95.712904,-9341.579430
496.776374,153.140646,95.712904,-9360.722011
496.777002,57.427742,76.570323,-9379.864592
496.777629,95.712904,153.140646,-9322.436850
496.778257,76.570323,267.996131,-9379.864592
496.778884,19.142581,229.710970,-9533.005238
496.779512,0.000000,191.425808,-9552.147819
496.780139,19.142581,267.996131,-9571.290400
496.780767,76.570323,172.283227,-9494.720077
496.781394,133.998066,114.855485,-9533.005238
496.782022,153.140646,133.998066,-9437.292334
496.782649,210.568389,95.712904,-9360.722011
496.783277,210.568389,95.712904,-9245.866526
496.783904,133.998066,76.570323,-9284.151688
496.784532,114.855485,114.855485,-9379.864592
496.785159,38.285162,172.283227,-9418.149754
496.785787,57.427742,248.853550,-9360.722011
496.786414,38.285162,210.568389,-9475.577496
496.787042,57.427742,191.425808,-9552.147819
496.787669,0.000000,153.140646,-9552.147819
496.788297,38.285162,76.570323,-9571.290400
496.788924,76.570323,114.855485,-9533.005238
496.789552,76.570323,95.712904,-9418.149754
496.790179,114.855485,57.427742,-9379.864592
496.790807,153.140646,38.285162,-9341.579430
496.791434,133.998066,19.142581,-9284.151688
496.792062,76.570323,76.570323,-9265.009107
496.792689,57.427742,153.140646,-9303.294269
496.793317,38.285162,191.425808,-9475.577496
496.793944,38.285162,210.568389,-9418.149754
496.794572,19.142581,191.425808,-9494.720077
496.795199,38.285162,172.283227,-9533.005238
496.795827,172.283227,210.568389,-9571.290400
496.796454,153.140646,172.283227,-9437.292334
496.797082,248.853550,133.998066,-9399.007173
496.797709,210.568389,95.712904,-9284.151688
496.798337,153.140646,57.427742,-9245.866526
496.798964,133.998066,57.427742,-9303.294269
496.799592,114.855485,114.855485,-9379.864592
496.800219,95.712904,153.140646,-9360.722011
496.800847,38.285162,210.568389,-9437.292334
496.801474,19.142581,267.996131,-9571.290400
496.802102,38.285162,153.140646,-9552.147819
496.802729,57.427742,172.283227,-9552.147819
496.803357,133.998066,133.998066,-9513.862658
496.803984,76.570323,76.570323,-9571.290400
496.804612,114.855485,38.285162,-9456.434915
496.805239,248.853550,38.285162,-9284.151688
496.805866,133.998066,57.427742,-9341.579430
496.806494,133.998066,57.427742,-9265.009107
496.807121,95.712904,133.998066,-9341.579430
496.807749,57.427742,153.140646,-9360.722011
496.808376,0.000000,248.853550,-9437.292334
496.809004,57.427742,287.138712,-9475.577496
496.809631,57.427742,229.710970,-9533.005238
496.810259,57.427742,191.425808,-9552.147819
496.810886,133.998066,172.283227,-9513.862658
496.811514,172.283227,76.570323,-9418.149754
496.812141,210.568389,95.712904,-9418.149754
496.812769,248.853550,76.570323,-9399.007173
496.813396,153.140646,95.712904,-9284.151688
496.814024,76.570323,76.570323,-9284.151688
496.814651,95.712904,153.140646,-9303.294269
496.815279,57.427742,153.140646,-9360.722011
496.815906,38.285162,229.710970,-9494.720077
496.816534,0.000000,248.853550,-9552.147819
496.817161,57.427742,133.998066,-9609.575562
496.817789,76.570323,133.998066,-9533.005238
496.818416,76.570323,114.855485,-9533.005238
496.819044,114.855485,38.285162,-9399.007173
496.819671,153.140646,114.855485,-9456.434915
496.820299,153.140646,38.285162,-9284.151688
496.820926,153.140646,0.000000,-9245.866526
496.821554,153.140646,76.570323,-9265.009107
496.822181,133.998066,95.712904,-9360.722011
496.822809,38.285162,191.425808,-9418.149754
496.823436,19.142581,267.996131,-9456.434915
496.824064,38.285162,267.996131,-9571.290400
496.824691,57.427742,229.710970,-9513.862658
496.825319,210.568389,248.853550,-9437.292334
496.825946,133.998066,114.855485,-9475.577496
496.826574,248.853550,133.998066,-9399.007173
496.827201,210.568389,0.000000,-9360.722011
496.827829,153.140646,95.712904,-9284.151688
496.828456,38.285162,38.285162,-9322.436850
496.829084,133.998066,76.570323,-9265.009107
496.829711,114.855485,153.140646,-9360.722011
496.830339,95.712904,248.853550,-9360.722011
496.830966,0.000000,191.425808,-9552.147819
496.831594,0.000000,210.568389,-9590.432981
496.832221,57.427742,191.425808,-9590.432981
496.832849,76.570323,153.140646,-9552.147819
496.833476,133.998066,114.855485,-9456.434915
496.834104,95.712904,95.712904,-9399.007173
496.834731,210.568389,38.285162,-9341.579430
496.835359,191.425808,95.712904,-9284.151688
496.835986,114.855485,153.140646,-9245.866526
496.836614,95.712904,210.568389,-9303.294269
496.837241,57.427742,191.425808,-9341.579430
496.837869,95.712904,248.853550,-9360.722011
496.838496,19.142581,210.568389,-9475.577496
496.839124,95.712904,248.853550,-9552.147819
496.839751,76.570323,153.140646,-9533.005238
496.840379,133.998066,153.140646,-9475.577496
496.841006,114.855485,133.998066,-9475.577496
496.841634,133.998066,114.855485,-9360.722011
496.842261,153.140646,95.712904,-9360.722011
496.842888,210.568389,114.855485,-9322.436850
496.843516,133.998066,76.570323,-9284.151688
496.844143,95.712904,191.425808,-9360.722011
496.844771,57.427742,248.853550,-9360.722011
496.845398,19.142581,229.710970,-9494.720077
496.846026,0.000000,229.710970,-9513.862658
496.846653,95.712904,229.710970,-9513.862658
496.847281,57.427742,153.140646,-9590.432981
496.847908,153.140646,133.998066,-9571.290400
496.848536,210.568389,57.427742,-9533.005238
496.849163,153.140646,76.570323,-9456.434915
496.849791,153.140646,95.712904,-9284.151688
496.850418,172.283227,114.855485,-9265.009107
496.851046,57.427742,133.998066,-9303.294269
496.851673,95.712904,191.425808,-9360.722011
496.852301,95.712904,267.996131,-9341.579430
496.852928,57.427742,306.281293,-9399.007173
496.853556,38.285162,248.853550,-9533.005238
496.854183,57.427742,191.425808,-9552.147819
496.854811,95.712904,133.998066,-9552.147819
496.855438,76.570323,114.855485,-9494.720077
496.856066,172.283227,76.570323,-9456.434915
496.856693,153.140646,133.998066,-9379.864592
496.857321,210.568389,0.000000,-9360.722011
496.857948,153.140646,38.285162,-9341.579430
496.858576,76.570323,76.570323,-9322.436850
496.859203,57.427742,133.998066,-9360.722011
496.859831,57.427742,191.425808,-9456.434915
496.860458,19.142581,229.710970,-9533.005238
496.861086,0.000000,229.710970,-9571.290400
496.861713,57.427742,172.283227,-9647.860723
496.862341,95.712904,133.998066,-9552.147819
496.862968,76.570323,76.570323,-9571.290400
496.863596,133.998066,114.855485,-9418.149754
496.864223,191.425808,114.855485,-9379.864592
496.864851,153.140646,95.712904,-9341.579430
496.865478,172.283227,172.283227,-9284.151688
496.866106,95.712904,191.425808,-9245.866526
496.866733,114.855485,172.283227,-9322.436850
496.867361,57.427742,287.138712,-9399.007173
496.867988,-19.142581,267.996131,-9475.577496
496.868616,0.000000,287.138712,-9475.577496
496.869243,95.712904,248.853550,-9552.147819
496.869871,114.855485,95.712904,-9494.720077
496.870498,153.140646,114.855485,-9533.005238
496.871126,229.710970,76.570323,-9456.434915
496.871753,172.283227,38.285162,-9399.007173
496.872381,248.853550,57.427742,-9341.579430
496.873008,95.712904,76.570323,-9341.579430
496.873635,95.712904,95.712904,-9379.864592
496.874263,76.570323,114.855485,-9418.149754
496.874890,19.142581,210.568389,-9533.005238
496.875518,19.142581,191.425808,-9513.862658
496.876145,57.427742,191.425808,-9552.147819
496.876773,76.570323,210.568389,-9552.147819
496.877400,76.570323,133.998066,-9552.147819
496.878028,114.855485,95.712904,-9494.720077
496.878655,210.568389,133.998066,-9456.434915
496.879283,191.425808,114.855485,-9265.009107
496.879910,210.568389,76.570323,-9226.723946
496.880538,114.855485,133.998066,-9284.151688
496.881165,95.712904,191.425808,-9284.151688
496.881793,95.712904,191.425808,-9341.579430
496.882420,19.142581,210.568389,-9437.292334
496.883048,-38.285162,191.425808,-9513.862658
496.883675,38.285162,191.425808,-9571.290400
496.884303,76.570323,172.283227,-9533.005238
496.884930,76.570323,95.712904,-9513.862658
496.885558,114.855485,95.712904,-9437.292334
496.886185,153.140646,133.998066,-9399.007173
496.886813,210.568389,76.570323,-9418.149754
496.887440,133.998066,38.285162,-9341.579430
496.888068,114.855485,114.855485,-9379.864592
496.888695,38.285162,114.855485,-9418.149754
496.889323,76.570323,229.710970,-9418.149754
496.889950,19.142581,229.710970,-9456.434915
496.890578,-38.285162,191.425808,-9513.862658
496.891205,38.285162,153.140646,-9533.005238
496.891833,133.998066,76.570323,-9513.862658
496.892460,153.140646,153.140646,-9513.862658
496.893088,153.140646,133.998066,-9456.434915
496.893715,248.853550,133.998066,-9399.007173
496.894343,153.140646,95.712904,-9245.866526
496.894970,133.998066,133.998066,-9265.009107
496.895598,172.283227,153.140646,-9284.151688
496.896225,114.855485,248.853550,-9322.436850
496.896853,95.712904,287.138712,-9399.007173
496.897480,19.142581,229.710970,-9437.292334
496.898108,19.142581,248.853550,-9494.720077
496.898735,38.285162,153.140646,-9533.005238
496.899363,57.427742,153.140646,-9552.147819
496.899990,76.570323,114.855485,-9533.005238
496.900618,38.285162,114.855485,-9418.149754
496.901245,191.425808,76.570323,-9360.722011
496.901873,210.568389,95.712904,-9341.579430
496.902500,114.855485,76.570323,-9418.149754
496.903127,76.570323,76.570323,-9322.436850
496.903755,76.570323,153.140646,-9360.722011
496.904382,38.285162,191.425808,-9418.149754
496.905010,38.285162,229.710970,-9456.434915
496.905637,57.427742,248.853550,-9571.290400
496.906265,95.712904,153.140646,-9590.432981
496.906892,133.998066,153.140646,-9533.005238
496.907520,133.998066,172.283227,-9475.577496
496.908147,153.140646,114.855485,-9360.722011
496.908775,191.425808,76.570323,-9341.579430
496.909402,153.140646,95.712904,-9245.866526
496.910030,153.140646,95.712904,-9245.866526
496.910657,114.855485,172.283227,-9303.294269
496.911285,76.570323,133.998066,-9303.294269
496.911912,114.855485,229.710970,-9399.007173
496.912540,19.142581,210.568389,-9533.005238
496.913167,0.000000,210.568389,-9609.575562
496.913795,95.712904,133.998066,-9552.147819
496.914422,76.570323,114.855485,-9475.577496
496.915050,114.855485,95.712904,-9513.862658
496.915677,172.283227,57.427742,-9456.434915
496.916305,210.568389,95.712904,-9341.579430
496.916932,153.140646,95.712904,-9341.579430
496.917560,153.140646,57.427742,-9341.579430
496.918187,95.712904,133.998066,-9303.294269
496.918815,76.570323,114.855485,-9418.149754
496.919442,19.142581,172.283227,-9494.720077
496.920070,19.142581,191.425808,-9533.005238
496.920697,19.142581,267.996131,-9513.862658
496.921325,57.427742,248.853550,-9552.147819
496.921952,133.998066,153.140646,-9437.292334
496.922580,153.140646,114.855485,-9456.434915
496.923207,210.568389,133.998066,-9399.007173
496.923835,248.853550,57.427742,-9341.579430
496.924462,172.283227,76.570323,-9226.723946
496.925090,114.855485,133.998066,-9322.436850
496.925717,57.427742,172.283227,-9245.866526
496.926345,57.427742,248.853550,-9360.722011
496.926972,19.142581,210.568389,-9494.720077
496.927600,19.142581,229.710970,-9533.005238
496.928227,57.427742,248.853550,-9552.147819
496.928855,95.712904,133.998066,-9609.575562
496.929482,38.285162,114.855485,-9533.005238
496.930110,114.855485,95.712904,-9437.292334
496.930737,133.998066,114.855485,-9418.149754
496.931364,210.568389,38.285162,-9341.579430
496.931992,153.140646,95.712904,-9360.722011
496.932619,153.140646,76.570323,-9322.436850
496.933247,38.285162,133.998066,-9341.579430
496.933874,0.000000,248.853550,-9360.722011
496.934502,-38.285162,229.710970,-9437.292334
496.935129,57.427742,210.568389,-9475.577496
496.935757,38.285162,229.710970,-9552.147819
496.936384,133.998066,191.425808,-9533.005238
496.937012,133.998066,172.283227,-9533.005238
496.937639,210.568389,114.855485,-9456.434915
496.938267,210.568389,133.998066,-9399.007173
496.938894,191.425808,95.712904,-9360.722011
496.939522,133.998066,76.570323,-9341.579430
496.940149,95.712904,133.998066,-9341.579430
496.940777,57.427742,133.998066,-9360.722011
496.941404,76.570323,172.283227,-9418.149754
496.942032,19.142581,210.568389,-9494.720077
496.942659,19.142581,210.568389,-9533.005238
496.943287,57.427742,172.283227,-9647.860723
496.943914,95.712904,133.998066,-9552.147819
496.944542,76.570323,133.998066,-9552.147819
496.945169,153.140646,133.998066,-9494.720077
496.945797,153.140646,133.998066,-9379.864592
496.946424,153.140646,95.712904,-9360.722011
496.947052,153.140646,95.712904,-9284.151688
496.947679,57.427742,210.568389,-9360.722011
496.948307,38.285162,210.568389,-9360.722011
496.948934,57.427742,248.853550,-9360.722011
496.949562,57.427742,287.138712,-9399.007173
496.950189,0.000000,267.996131,-9533.005238
496.950817,38.285162,114.855485,-9533.005238
496.951444,133.998066,172.283227,-9533.005238
