make -C tools/rk2918_tools
make[1]: Entering directory '/home/administrator/00.Snapmaker-Firmware-current/tools/rk2918_tools'
make[1]: Nothing to be done for 'all'.
make[1]: Leaving directory '/home/administrator/00.Snapmaker-Firmware-current/tools/rk2918_tools'
make -C tools/upfile
make[1]: Entering directory '/home/administrator/00.Snapmaker-Firmware-current/tools/upfile'
make[1]: 'upfile' is up to date.
make[1]: Leaving directory '/home/administrator/00.Snapmaker-Firmware-current/tools/upfile'
make -C tools/resource_tool
make[1]: Entering directory '/home/administrator/00.Snapmaker-Firmware-current/tools/resource_tool'
make[1]: 'resource_tool' is up to date.
make[1]: Leaving directory '/home/administrator/00.Snapmaker-Firmware-current/tools/resource_tool'
./scripts/create_firmware.sh firmware/U1_2.0.0.205_20260914173503_upgrade.bin tmp/firmware firmware/firmware.bin overlays/common/01-store-version/ overlays/common/02-enable-ssh/ overlays/common/03-disable-wlan-power-save/ overlays/common/04-nginx-fluidd.d/ overlays/common/05-persist-dhcp/ overlays/common/06-restore-eth0-mac/ overlays/firmware-extended/01-system-utils/ overlays/firmware-extended/02-firmware-config/ overlays/firmware-extended/03-extended-runtime/ overlays/firmware-extended/10-patch-kernel-modules/ overlays/firmware-extended/11-patch-klipper/ overlays/firmware-extended/12-patch-moonraker/ overlays/firmware-extended/13-patch-rfid/ overlays/firmware-extended/30-feature-ssh/ overlays/firmware-extended/31-feature-afc-lite/ overlays/firmware-extended/32-feature-klipper-tweaks/ overlays/firmware-extended/33-feature-timelapse-stub/ overlays/firmware-extended/34-feature-faulty-toolhead/ overlays/firmware-extended/35-feature-klipper-hooks/ overlays/firmware-extended/36-feature-print-preferences/ overlays/firmware-extended/37-feature-chamber-heater/ overlays/firmware-extended/38-feature-spoollink/ overlays/firmware-extended/40-feature-upgrade-firmware/ overlays/firmware-extended/41-feature-generic-purifier/ overlays/firmware-extended/41-feature-toolhead-mcu-simulator/ overlays/firmware-extended/60-app-camera/ overlays/firmware-extended/61-app-remote-screen/ overlays/firmware-extended/62-app-fluidd/ overlays/firmware-extended/63-app-mainsail/ overlays/firmware-extended/64-app-openrfid/ overlays/firmware-extended/65-app-cloud/ overlays/firmware-extended/66-app-vpn/ overlays/firmware-extended/67-app-monitoring/ overlays/firmware-extended/68-app-filament-ui/ overlays/firmware-extended/69-app-helixscreen/ 
>> Unpacking firmware...
>> Extracting input firmware /home/administrator/00.Snapmaker-Firmware-current/firmware/U1_2.0.0.205_20260914173503_upgrade.bin...
UPFILE Header:
  Magic:	0x4b4d4e53
  Magic Ver:	0x0002
  Version:	               2.0.0.205
  Build Date:	20260914173503
  Checksum:	0x06f4
  Files:	4
Extracted UPFILE_VERSION (9 bytes)
Extracted UPFILE_BUILD_DATE (14 bytes)
File Entry 0:
  Type:		0
  Offset:	0x00000000000000c0
  Size:		216572490
  Checksum:	0x0a72
  MD5:		a139887ceb430beee8349db04a4d8f3e
Extracted update.img (216572490 bytes)
File Entry 1:
  Type:		1
  Offset:	0x000000000ce8a30a
  Size:		47800
  Checksum:	0x0d3f
  MD5:		95a8849d95f1eff22f5ffd9f61a76dc7
Extracted at32f403a.bin (47800 bytes)
File Entry 2:
  Type:		2
  Offset:	0x000000000ce95dc2
  Size:		46372
  Checksum:	0x0ac3
  MD5:		a77c8a08bf776734f751ec0f9244e253
Extracted at32f415.bin (46372 bytes)
File Entry 3:
  Type:		3
  Offset:	0x000000000cea12e6
  Size:		26
  Checksum:	0x09ca
  MD5:		a1a266748349988906e11d2d9aca2bf5
Extracted MCU_DESC (26 bytes)
>> Unpacking update.img...
rom version: 1.0.0
build time: 2026-09-14 17:35:48
chip: 33353632
checking md5sum....OK
>> Unpacking rk-rom.img to rk-unpacked/...
Check file...OK
------- UNPACK -------
Unpacking: name=package-file filename=package-file	nand_addr=4294967295/0	pos=2048/251/1
Unpacking: name=parameter filename=parameter.txt	nand_addr=0/16384	pos=4096/541/1
Unpacking: name=bootloader filename=MiniLoaderAll.bin	nand_addr=4294967295/0	pos=6144/469440/230
Unpacking: name=uboot_a filename=uboot.img	nand_addr=16384/8192	pos=477184/4194304/2048
Unpacking: name=uboot_b filename=uboot.img	nand_addr=24576/8192	pos=477184/4194304/2048
Unpacking: name=misc filename=misc.img	nand_addr=32768/8192	pos=4671488/49152/24
Unpacking: name=boot_a filename=boot.img	nand_addr=40960/65536	pos=4720640/17463808/8528
Unpacking: name=boot_b filename=boot.img	nand_addr=106496/65536	pos=4720640/17463808/8528
Unpacking: name=system_a filename=rootfs.img	nand_addr=172032/614400	pos=22185984/177139712/86494
Unpacking: name=system_b filename=rootfs.img	nand_addr=786432/614400	pos=22185984/177139712/86494
Unpacking: name=oem filename=oem.img	nand_addr=1400832/2097152	pos=199325696/8388608/4096
Unpacking: name=userdata filename=userdata.img	nand_addr=3497984/4294967295	pos=207714304/8388608/4096
UnPack OK!
>> Done. Unpacked files are in /home/administrator/00.Snapmaker-Firmware-current/tmp/firmware/
>> Extracting squashfs from rootfs.img...
Parallel unsquashfs: Using 22 processors
9940 inodes (13237 blocks) to write

[===========================|                                ] 10971/23177  47%[===========================================================/] 23177/23177 100%

created 8120 files
created 775 directories
created 1327 symlinks
created 0 devices
created 0 fifos
created 0 sockets
created 493 hardlinks
>> Verifying ownership preservation...
   Ownership check passed
>> Restoring chroot cache...
>> Applying overlay overlays/common/01-store-version/...
[+] Running script: 01_store_version.sh
[+] Running script: 02_update_boot_logo.sh
>> Unpacking boot.img to /home/administrator/00.Snapmaker-Firmware-current/tmp/firmware/boot-unpacked
=== Extracting FIT image: /home/administrator/00.Snapmaker-Firmware-current/tmp/firmware/rk-unpacked/boot.img ===
FIT description: U-Boot FIT source file for arm
Created:         Mon Sep 14 17:01:22 2026
 Image 0 (fdt)
  Description:  unavailable
  Created:      Mon Sep 14 17:01:22 2026
  Type:         Flat Device Tree
  Compression:  uncompressed
  Data Size:    144056 Bytes = 140.68 KiB = 0.14 MiB
  Architecture: AArch64
  Load Address: 0xffffff00
  Hash algo:    sha256
  Hash value:   53e2ac3e200fd94e0be052b479d5568fb3d32d5d508ff4a136f3e607e7aad411
 Image 1 (kernel)
  Description:  unavailable
  Created:      Mon Sep 14 17:01:22 2026
  Type:         Kernel Image
  Compression:  lz4 compressed
  Data Size:    16247250 Bytes = 15866.46 KiB = 15.49 MiB
  Architecture: AArch64
  OS:           Linux
  Load Address: 0xffffff01
  Entry Point:  0xffffff01
  Hash algo:    sha256
  Hash value:   fe0c723f7e145f9ea5af4e6548106fceed4ac71c0e6d8b2d113458ad8e4d4472
 Image 2 (resource)
  Description:  unavailable
  Created:      Mon Sep 14 17:01:22 2026
  Type:         Multi-File Image
  Compression:  uncompressed
  Data Size:    1069056 Bytes = 1044.00 KiB = 1.02 MiB
  Hash algo:    sha256
  Hash value:   61dd19adc7de4941bf2d6397833c80d6bbd0c5f913fc6896d7058fe9323bb4e1
 Default Configuration: 'conf'
 Configuration 0 (conf)
  Description:  unavailable
  Kernel:       kernel
  FDT:          fdt
  Sign algo:    sha256,rsa2048:dev
  Sign padding: pss
  Sign value:   unavailable
  Timestamp:    unavailable

Validating FIT structure...
  [✓] Image 0: fdt
  [✓] Image 1: kernel
  [✓] Image 2: resource

Extracting components...
Extracted:
 Image 0 (fdt)
  Description:  unavailable
  Created:      Mon Sep 14 17:01:22 2026
  Type:         Flat Device Tree
  Compression:  uncompressed
  Data Size:    144056 Bytes = 140.68 KiB = 0.14 MiB
  Architecture: AArch64
  Load Address: 0xffffff00
  Hash algo:    sha256
  Hash value:   53e2ac3e200fd94e0be052b479d5568fb3d32d5d508ff4a136f3e607e7aad411
  [✓] FDT extracted to /home/administrator/00.Snapmaker-Firmware-current/tmp/firmware/boot-unpacked/fdt.dtb
Extracted:
 Image 1 (kernel)
  Description:  unavailable
  Created:      Mon Sep 14 17:01:22 2026
  Type:         Kernel Image
  Compression:  lz4 compressed
  Data Size:    16247250 Bytes = 15866.46 KiB = 15.49 MiB
  Architecture: AArch64
  OS:           Linux
  Load Address: 0xffffff01
  Entry Point:  0xffffff01
  Hash algo:    sha256
  Hash value:   fe0c723f7e145f9ea5af4e6548106fceed4ac71c0e6d8b2d113458ad8e4d4472
  [✓] Kernel extracted to /home/administrator/00.Snapmaker-Firmware-current/tmp/firmware/boot-unpacked/kernel.img
Extracted:
 Image 2 (resource)
  Description:  unavailable
  Created:      Mon Sep 14 17:01:22 2026
  Type:         Multi-File Image
  Compression:  uncompressed
  Data Size:    1069056 Bytes = 1044.00 KiB = 1.02 MiB
  Hash algo:    sha256
  Hash value:   61dd19adc7de4941bf2d6397833c80d6bbd0c5f913fc6896d7058fe9323bb4e1
  [✓] Resource extracted to /home/administrator/00.Snapmaker-Firmware-current/tmp/firmware/boot-unpacked/resource.img

Creating its file for repacking...
  [✓] ITS file created at /home/administrator/00.Snapmaker-Firmware-current/tmp/firmware/boot-unpacked/boot.its

Extraction complete!
/home/administrator/00.Snapmaker-Firmware-current/tmp/firmware/boot-unpacked/resources /home/administrator/00.Snapmaker-Firmware-current
Dump header:
partition version:0.0
header size:1
index tbl:
	offset:1	entry size:1	entry num:3
Dump Index table:
entry(0):
	path:rk-kernel.dtb
	offset:4	size:144056
entry(1):
	path:logo.bmp
	offset:286	size:460938
entry(2):
	path:logo_kernel.bmp
	offset:1187	size:460938
Unack /home/administrator/00.Snapmaker-Firmware-current/tmp/firmware/boot-unpacked/resource.img to out successed!
/home/administrator/00.Snapmaker-Firmware-current
Resource extraction complete!
>> Replacing logo.bmp in boot image
ffmpeg version 6.1.1-3ubuntu5 Copyright (c) 2000-2023 the FFmpeg developers
  built with gcc 13 (Ubuntu 13.2.0-23ubuntu3)
  configuration: --prefix=/usr --extra-version=3ubuntu5 --toolchain=hardened --libdir=/usr/lib/x86_64-linux-gnu --incdir=/usr/include/x86_64-linux-gnu --arch=amd64 --enable-gpl --disable-stripping --disable-omx --enable-gnutls --enable-libaom --enable-libass --enable-libbs2b --enable-libcaca --enable-libcdio --enable-libcodec2 --enable-libdav1d --enable-libflite --enable-libfontconfig --enable-libfreetype --enable-libfribidi --enable-libglslang --enable-libgme --enable-libgsm --enable-libharfbuzz --enable-libmp3lame --enable-libmysofa --enable-libopenjpeg --enable-libopenmpt --enable-libopus --enable-librubberband --enable-libshine --enable-libsnappy --enable-libsoxr --enable-libspeex --enable-libtheora --enable-libtwolame --enable-libvidstab --enable-libvorbis --enable-libvpx --enable-libwebp --enable-libx265 --enable-libxml2 --enable-libxvid --enable-libzimg --enable-openal --enable-opencl --enable-opengl --disable-sndio --enable-libvpl --disable-libmfx --enable-libdc1394 --enable-libdrm --enable-libiec61883 --enable-chromaprint --enable-frei0r --enable-ladspa --enable-libbluray --enable-libjack --enable-libpulse --enable-librabbitmq --enable-librist --enable-libsrt --enable-libssh --enable-libsvtav1 --enable-libx264 --enable-libzmq --enable-libzvbi --enable-lv2 --enable-sdl2 --enable-libplacebo --enable-librav1e --enable-pocketsphinx --enable-librsvg --enable-libjxl --enable-shared
  libavutil      58. 29.100 / 58. 29.100
  libavcodec     60. 31.102 / 60. 31.102
  libavformat    60. 16.100 / 60. 16.100
  libavdevice    60.  3.100 / 60.  3.100
  libavfilter     9. 12.100 /  9. 12.100
  libswscale      7.  5.100 /  7.  5.100
  libswresample   4. 12.100 /  4. 12.100
  libpostproc    57.  3.100 / 57.  3.100
Input #0, image2, from '/home/administrator/00.Snapmaker-Firmware-current/tmp/firmware/boot-unpacked/resources/logo.bmp':
  Duration: 00:00:00.04, start: 0.000000, bitrate: 92187 kb/s
  Stream #0:0: Video: bmp, bgr24, 480x320, 25 fps, 25 tbr, 25 tbn
Stream mapping:
  Stream #0:0 -> #0:0 (bmp (native) -> bmp (native))
Press [q] to stop, [?] for help
Output #0, image2, to '/home/administrator/00.Snapmaker-Firmware-current/tmp/firmware/boot-unpacked/resources/logo.bmp.new.bmp':
  Metadata:
    encoder         : Lavf60.16.100
  Stream #0:0: Video: bmp, bgr24(progressive), 480x320, q=2-31, 200 kb/s, 25 fps, 25 tbn
    Metadata:
      encoder         : Lavc60.31.102 bmp
frame=    0 fps=0.0 q=-0.0 size=       0kB time=00:00:00.00 bitrate=N/A speed=N/A    [image2 @ 0x56204d869ec0] The specified filename '/home/administrator/00.Snapmaker-Firmware-current/tmp/firmware/boot-unpacked/resources/logo.bmp.new.bmp' does not contain an image sequence pattern or a pattern is invalid.
[image2 @ 0x56204d869ec0] Use a pattern such as %03d for an image sequence or use the -update option (with -frames:v 1 if needed) to write a single image.
[out#0/image2 @ 0x56204d868d40] video:450kB audio:0kB subtitle:0kB other streams:0kB global headers:0kB muxing overhead: unknown
frame=    1 fps=0.0 q=-0.0 Lsize=N/A time=00:00:00.00 bitrate=N/A speed=   0x    
ffmpeg version 6.1.1-3ubuntu5 Copyright (c) 2000-2023 the FFmpeg developers
  built with gcc 13 (Ubuntu 13.2.0-23ubuntu3)
  configuration: --prefix=/usr --extra-version=3ubuntu5 --toolchain=hardened --libdir=/usr/lib/x86_64-linux-gnu --incdir=/usr/include/x86_64-linux-gnu --arch=amd64 --enable-gpl --disable-stripping --disable-omx --enable-gnutls --enable-libaom --enable-libass --enable-libbs2b --enable-libcaca --enable-libcdio --enable-libcodec2 --enable-libdav1d --enable-libflite --enable-libfontconfig --enable-libfreetype --enable-libfribidi --enable-libglslang --enable-libgme --enable-libgsm --enable-libharfbuzz --enable-libmp3lame --enable-libmysofa --enable-libopenjpeg --enable-libopenmpt --enable-libopus --enable-librubberband --enable-libshine --enable-libsnappy --enable-libsoxr --enable-libspeex --enable-libtheora --enable-libtwolame --enable-libvidstab --enable-libvorbis --enable-libvpx --enable-libwebp --enable-libx265 --enable-libxml2 --enable-libxvid --enable-libzimg --enable-openal --enable-opencl --enable-opengl --disable-sndio --enable-libvpl --disable-libmfx --enable-libdc1394 --enable-libdrm --enable-libiec61883 --enable-chromaprint --enable-frei0r --enable-ladspa --enable-libbluray --enable-libjack --enable-libpulse --enable-librabbitmq --enable-librist --enable-libsrt --enable-libssh --enable-libsvtav1 --enable-libx264 --enable-libzmq --enable-libzvbi --enable-lv2 --enable-sdl2 --enable-libplacebo --enable-librav1e --enable-pocketsphinx --enable-librsvg --enable-libjxl --enable-shared
  libavutil      58. 29.100 / 58. 29.100
  libavcodec     60. 31.102 / 60. 31.102
  libavformat    60. 16.100 / 60. 16.100
  libavdevice    60.  3.100 / 60.  3.100
  libavfilter     9. 12.100 /  9. 12.100
  libswscale      7.  5.100 /  7.  5.100
  libswresample   4. 12.100 /  4. 12.100
  libpostproc    57.  3.100 / 57.  3.100
Input #0, bmp_pipe, from '/home/administrator/00.Snapmaker-Firmware-current/tmp/firmware/boot-unpacked/resources/logo.bmp':
  Duration: N/A, bitrate: N/A
  Stream #0:0: Video: bmp, bgr24, 480x320, 25 fps, 25 tbr, 25 tbn
Stream mapping:
  Stream #0:0 -> #0:0 (bmp (native) -> bmp (native))
Press [q] to stop, [?] for help
Output #0, image2, to '/home/administrator/00.Snapmaker-Firmware-current/tmp/firmware/boot-unpacked/resources/logo.bmp.new.bmp':
  Metadata:
    encoder         : Lavf60.16.100
  Stream #0:0: Video: bmp, bgr24(progressive), 480x320, q=2-31, 200 kb/s, 25 fps, 25 tbn
    Metadata:
      encoder         : Lavc60.31.102 bmp
frame=    0 fps=0.0 q=-0.0 size=       0kB time=00:00:00.00 bitrate=N/A speed=N/A    [image2 @ 0x62d218c0a040] The specified filename '/home/administrator/00.Snapmaker-Firmware-current/tmp/firmware/boot-unpacked/resources/logo.bmp.new.bmp' does not contain an image sequence pattern or a pattern is invalid.
[image2 @ 0x62d218c0a040] Use a pattern such as %03d for an image sequence or use the -update option (with -frames:v 1 if needed) to write a single image.
[out#0/image2 @ 0x62d218c08d40] video:450kB audio:0kB subtitle:0kB other streams:0kB global headers:0kB muxing overhead: unknown
frame=    1 fps=0.0 q=-0.0 Lsize=N/A time=00:00:00.00 bitrate=N/A speed=   0x    
ffmpeg version 6.1.1-3ubuntu5 Copyright (c) 2000-2023 the FFmpeg developers
  built with gcc 13 (Ubuntu 13.2.0-23ubuntu3)
  configuration: --prefix=/usr --extra-version=3ubuntu5 --toolchain=hardened --libdir=/usr/lib/x86_64-linux-gnu --incdir=/usr/include/x86_64-linux-gnu --arch=amd64 --enable-gpl --disable-stripping --disable-omx --enable-gnutls --enable-libaom --enable-libass --enable-libbs2b --enable-libcaca --enable-libcdio --enable-libcodec2 --enable-libdav1d --enable-libflite --enable-libfontconfig --enable-libfreetype --enable-libfribidi --enable-libglslang --enable-libgme --enable-libgsm --enable-libharfbuzz --enable-libmp3lame --enable-libmysofa --enable-libopenjpeg --enable-libopenmpt --enable-libopus --enable-librubberband --enable-libshine --enable-libsnappy --enable-libsoxr --enable-libspeex --enable-libtheora --enable-libtwolame --enable-libvidstab --enable-libvorbis --enable-libvpx --enable-libwebp --enable-libx265 --enable-libxml2 --enable-libxvid --enable-libzimg --enable-openal --enable-opencl --enable-opengl --disable-sndio --enable-libvpl --disable-libmfx --enable-libdc1394 --enable-libdrm --enable-libiec61883 --enable-chromaprint --enable-frei0r --enable-ladspa --enable-libbluray --enable-libjack --enable-libpulse --enable-librabbitmq --enable-librist --enable-libsrt --enable-libssh --enable-libsvtav1 --enable-libx264 --enable-libzmq --enable-libzvbi --enable-lv2 --enable-sdl2 --enable-libplacebo --enable-librav1e --enable-pocketsphinx --enable-librsvg --enable-libjxl --enable-shared
  libavutil      58. 29.100 / 58. 29.100
  libavcodec     60. 31.102 / 60. 31.102
  libavformat    60. 16.100 / 60. 16.100
  libavdevice    60.  3.100 / 60.  3.100
  libavfilter     9. 12.100 /  9. 12.100
  libswscale      7.  5.100 /  7.  5.100
  libswresample   4. 12.100 /  4. 12.100
  libpostproc    57.  3.100 / 57.  3.100
Input #0, bmp_pipe, from '/home/administrator/00.Snapmaker-Firmware-current/tmp/firmware/boot-unpacked/resources/logo.bmp':
  Duration: N/A, bitrate: N/A
  Stream #0:0: Video: bmp, bgr24, 480x320, 25 fps, 25 tbr, 25 tbn
Stream mapping:
  Stream #0:0 -> #0:0 (bmp (native) -> bmp (native))
Press [q] to stop, [?] for help
Output #0, image2, to '/home/administrator/00.Snapmaker-Firmware-current/tmp/firmware/boot-unpacked/resources/logo.bmp.new.bmp':
  Metadata:
    encoder         : Lavf60.16.100
  Stream #0:0: Video: bmp, bgr24(progressive), 480x320, q=2-31, 200 kb/s, 25 fps, 25 tbn
    Metadata:
      encoder         : Lavc60.31.102 bmp
frame=    0 fps=0.0 q=-0.0 size=       0kB time=00:00:00.00 bitrate=N/A speed=N/A    [image2 @ 0x5a9cab54b040] The specified filename '/home/administrator/00.Snapmaker-Firmware-current/tmp/firmware/boot-unpacked/resources/logo.bmp.new.bmp' does not contain an image sequence pattern or a pattern is invalid.
[image2 @ 0x5a9cab54b040] Use a pattern such as %03d for an image sequence or use the -update option (with -frames:v 1 if needed) to write a single image.
[out#0/image2 @ 0x5a9cab549d40] video:450kB audio:0kB subtitle:0kB other streams:0kB global headers:0kB muxing overhead: unknown
frame=    1 fps=0.0 q=-0.0 Lsize=N/A time=00:00:00.00 bitrate=N/A speed=   0x    
ffmpeg version 6.1.1-3ubuntu5 Copyright (c) 2000-2023 the FFmpeg developers
  built with gcc 13 (Ubuntu 13.2.0-23ubuntu3)
  configuration: --prefix=/usr --extra-version=3ubuntu5 --toolchain=hardened --libdir=/usr/lib/x86_64-linux-gnu --incdir=/usr/include/x86_64-linux-gnu --arch=amd64 --enable-gpl --disable-stripping --disable-omx --enable-gnutls --enable-libaom --enable-libass --enable-libbs2b --enable-libcaca --enable-libcdio --enable-libcodec2 --enable-libdav1d --enable-libflite --enable-libfontconfig --enable-libfreetype --enable-libfribidi --enable-libglslang --enable-libgme --enable-libgsm --enable-libharfbuzz --enable-libmp3lame --enable-libmysofa --enable-libopenjpeg --enable-libopenmpt --enable-libopus --enable-librubberband --enable-libshine --enable-libsnappy --enable-libsoxr --enable-libspeex --enable-libtheora --enable-libtwolame --enable-libvidstab --enable-libvorbis --enable-libvpx --enable-libwebp --enable-libx265 --enable-libxml2 --enable-libxvid --enable-libzimg --enable-openal --enable-opencl --enable-opengl --disable-sndio --enable-libvpl --disable-libmfx --enable-libdc1394 --enable-libdrm --enable-libiec61883 --enable-chromaprint --enable-frei0r --enable-ladspa --enable-libbluray --enable-libjack --enable-libpulse --enable-librabbitmq --enable-librist --enable-libsrt --enable-libssh --enable-libsvtav1 --enable-libx264 --enable-libzmq --enable-libzvbi --enable-lv2 --enable-sdl2 --enable-libplacebo --enable-librav1e --enable-pocketsphinx --enable-librsvg --enable-libjxl --enable-shared
  libavutil      58. 29.100 / 58. 29.100
  libavcodec     60. 31.102 / 60. 31.102
  libavformat    60. 16.100 / 60. 16.100
  libavdevice    60.  3.100 / 60.  3.100
  libavfilter     9. 12.100 /  9. 12.100
  libswscale      7.  5.100 /  7.  5.100
  libswresample   4. 12.100 /  4. 12.100
  libpostproc    57.  3.100 / 57.  3.100
Input #0, image2, from '/home/administrator/00.Snapmaker-Firmware-current/tmp/firmware/boot-unpacked/resources/logo_kernel.bmp':
  Duration: 00:00:00.04, start: 0.000000, bitrate: 92187 kb/s
  Stream #0:0: Video: bmp, bgr24, 480x320, 25 fps, 25 tbr, 25 tbn
Stream mapping:
  Stream #0:0 -> #0:0 (bmp (native) -> bmp (native))
Press [q] to stop, [?] for help
Output #0, image2, to '/home/administrator/00.Snapmaker-Firmware-current/tmp/firmware/boot-unpacked/resources/logo_kernel.bmp.new.bmp':
  Metadata:
    encoder         : Lavf60.16.100
  Stream #0:0: Video: bmp, bgr24(progressive), 480x320, q=2-31, 200 kb/s, 25 fps, 25 tbn
    Metadata:
      encoder         : Lavc60.31.102 bmp
frame=    0 fps=0.0 q=-0.0 size=       0kB time=00:00:00.00 bitrate=N/A speed=N/A    [image2 @ 0x64ffc26c6ec0] The specified filename '/home/administrator/00.Snapmaker-Firmware-current/tmp/firmware/boot-unpacked/resources/logo_kernel.bmp.new.bmp' does not contain an image sequence pattern or a pattern is invalid.
[image2 @ 0x64ffc26c6ec0] Use a pattern such as %03d for an image sequence or use the -update option (with -frames:v 1 if needed) to write a single image.
[out#0/image2 @ 0x64ffc26c5d40] video:450kB audio:0kB subtitle:0kB other streams:0kB global headers:0kB muxing overhead: unknown
frame=    1 fps=0.0 q=-0.0 Lsize=N/A time=00:00:00.00 bitrate=N/A speed=   0x    
ffmpeg version 6.1.1-3ubuntu5 Copyright (c) 2000-2023 the FFmpeg developers
  built with gcc 13 (Ubuntu 13.2.0-23ubuntu3)
  configuration: --prefix=/usr --extra-version=3ubuntu5 --toolchain=hardened --libdir=/usr/lib/x86_64-linux-gnu --incdir=/usr/include/x86_64-linux-gnu --arch=amd64 --enable-gpl --disable-stripping --disable-omx --enable-gnutls --enable-libaom --enable-libass --enable-libbs2b --enable-libcaca --enable-libcdio --enable-libcodec2 --enable-libdav1d --enable-libflite --enable-libfontconfig --enable-libfreetype --enable-libfribidi --enable-libglslang --enable-libgme --enable-libgsm --enable-libharfbuzz --enable-libmp3lame --enable-libmysofa --enable-libopenjpeg --enable-libopenmpt --enable-libopus --enable-librubberband --enable-libshine --enable-libsnappy --enable-libsoxr --enable-libspeex --enable-libtheora --enable-libtwolame --enable-libvidstab --enable-libvorbis --enable-libvpx --enable-libwebp --enable-libx265 --enable-libxml2 --enable-libxvid --enable-libzimg --enable-openal --enable-opencl --enable-opengl --disable-sndio --enable-libvpl --disable-libmfx --enable-libdc1394 --enable-libdrm --enable-libiec61883 --enable-chromaprint --enable-frei0r --enable-ladspa --enable-libbluray --enable-libjack --enable-libpulse --enable-librabbitmq --enable-librist --enable-libsrt --enable-libssh --enable-libsvtav1 --enable-libx264 --enable-libzmq --enable-libzvbi --enable-lv2 --enable-sdl2 --enable-libplacebo --enable-librav1e --enable-pocketsphinx --enable-librsvg --enable-libjxl --enable-shared
  libavutil      58. 29.100 / 58. 29.100
  libavcodec     60. 31.102 / 60. 31.102
  libavformat    60. 16.100 / 60. 16.100
  libavdevice    60.  3.100 / 60.  3.100
  libavfilter     9. 12.100 /  9. 12.100
  libswscale      7.  5.100 /  7.  5.100
  libswresample   4. 12.100 /  4. 12.100
  libpostproc    57.  3.100 / 57.  3.100
Input #0, bmp_pipe, from '/home/administrator/00.Snapmaker-Firmware-current/tmp/firmware/boot-unpacked/resources/logo_kernel.bmp':
  Duration: N/A, bitrate: N/A
  Stream #0:0: Video: bmp, bgr24, 480x320, 25 fps, 25 tbr, 25 tbn
Stream mapping:
  Stream #0:0 -> #0:0 (bmp (native) -> bmp (native))
Press [q] to stop, [?] for help
Output #0, image2, to '/home/administrator/00.Snapmaker-Firmware-current/tmp/firmware/boot-unpacked/resources/logo_kernel.bmp.new.bmp':
  Metadata:
    encoder         : Lavf60.16.100
  Stream #0:0: Video: bmp, bgr24(progressive), 480x320, q=2-31, 200 kb/s, 25 fps, 25 tbn
    Metadata:
      encoder         : Lavc60.31.102 bmp
frame=    0 fps=0.0 q=-0.0 size=       0kB time=00:00:00.00 bitrate=N/A speed=N/A    [image2 @ 0x6430ce33d040] The specified filename '/home/administrator/00.Snapmaker-Firmware-current/tmp/firmware/boot-unpacked/resources/logo_kernel.bmp.new.bmp' does not contain an image sequence pattern or a pattern is invalid.
[image2 @ 0x6430ce33d040] Use a pattern such as %03d for an image sequence or use the -update option (with -frames:v 1 if needed) to write a single image.
[out#0/image2 @ 0x6430ce33bd40] video:450kB audio:0kB subtitle:0kB other streams:0kB global headers:0kB muxing overhead: unknown
frame=    1 fps=0.0 q=-0.0 Lsize=N/A time=00:00:00.00 bitrate=N/A speed=   0x    
ffmpeg version 6.1.1-3ubuntu5 Copyright (c) 2000-2023 the FFmpeg developers
  built with gcc 13 (Ubuntu 13.2.0-23ubuntu3)
  configuration: --prefix=/usr --extra-version=3ubuntu5 --toolchain=hardened --libdir=/usr/lib/x86_64-linux-gnu --incdir=/usr/include/x86_64-linux-gnu --arch=amd64 --enable-gpl --disable-stripping --disable-omx --enable-gnutls --enable-libaom --enable-libass --enable-libbs2b --enable-libcaca --enable-libcdio --enable-libcodec2 --enable-libdav1d --enable-libflite --enable-libfontconfig --enable-libfreetype --enable-libfribidi --enable-libglslang --enable-libgme --enable-libgsm --enable-libharfbuzz --enable-libmp3lame --enable-libmysofa --enable-libopenjpeg --enable-libopenmpt --enable-libopus --enable-librubberband --enable-libshine --enable-libsnappy --enable-libsoxr --enable-libspeex --enable-libtheora --enable-libtwolame --enable-libvidstab --enable-libvorbis --enable-libvpx --enable-libwebp --enable-libx265 --enable-libxml2 --enable-libxvid --enable-libzimg --enable-openal --enable-opencl --enable-opengl --disable-sndio --enable-libvpl --disable-libmfx --enable-libdc1394 --enable-libdrm --enable-libiec61883 --enable-chromaprint --enable-frei0r --enable-ladspa --enable-libbluray --enable-libjack --enable-libpulse --enable-librabbitmq --enable-librist --enable-libsrt --enable-libssh --enable-libsvtav1 --enable-libx264 --enable-libzmq --enable-libzvbi --enable-lv2 --enable-sdl2 --enable-libplacebo --enable-librav1e --enable-pocketsphinx --enable-librsvg --enable-libjxl --enable-shared
  libavutil      58. 29.100 / 58. 29.100
  libavcodec     60. 31.102 / 60. 31.102
  libavformat    60. 16.100 / 60. 16.100
  libavdevice    60.  3.100 / 60.  3.100
  libavfilter     9. 12.100 /  9. 12.100
  libswscale      7.  5.100 /  7.  5.100
  libswresample   4. 12.100 /  4. 12.100
  libpostproc    57.  3.100 / 57.  3.100
Input #0, bmp_pipe, from '/home/administrator/00.Snapmaker-Firmware-current/tmp/firmware/boot-unpacked/resources/logo_kernel.bmp':
  Duration: N/A, bitrate: N/A
  Stream #0:0: Video: bmp, bgr24, 480x320, 25 fps, 25 tbr, 25 tbn
Stream mapping:
  Stream #0:0 -> #0:0 (bmp (native) -> bmp (native))
Press [q] to stop, [?] for help
Output #0, image2, to '/home/administrator/00.Snapmaker-Firmware-current/tmp/firmware/boot-unpacked/resources/logo_kernel.bmp.new.bmp':
  Metadata:
    encoder         : Lavf60.16.100
  Stream #0:0: Video: bmp, bgr24(progressive), 480x320, q=2-31, 200 kb/s, 25 fps, 25 tbn
    Metadata:
      encoder         : Lavc60.31.102 bmp
frame=    0 fps=0.0 q=-0.0 size=       0kB time=00:00:00.00 bitrate=N/A speed=   0x    [image2 @ 0x55b6d0e7d040] The specified filename '/home/administrator/00.Snapmaker-Firmware-current/tmp/firmware/boot-unpacked/resources/logo_kernel.bmp.new.bmp' does not contain an image sequence pattern or a pattern is invalid.
[image2 @ 0x55b6d0e7d040] Use a pattern such as %03d for an image sequence or use the -update option (with -frames:v 1 if needed) to write a single image.
[out#0/image2 @ 0x55b6d0e7bd40] video:450kB audio:0kB subtitle:0kB other streams:0kB global headers:0kB muxing overhead: unknown
frame=    1 fps=0.0 q=-0.0 Lsize=N/A time=00:00:00.00 bitrate=N/A speed=   0x    
>> Repacking boot.img
/home/administrator/00.Snapmaker-Firmware-current/tmp/firmware/boot-unpacked/resources /home/administrator/00.Snapmaker-Firmware-current
Pack to /home/administrator/00.Snapmaker-Firmware-current/tmp/firmware/boot-unpacked/resource.img successed!
/home/administrator/00.Snapmaker-Firmware-current
Resource packing complete!
=== Repacking FIT image ===
FIT description: U-Boot FIT source file for arm
Created:         Fri Oct  2 22:15:16 2026
 Image 0 (fdt)
  Description:  unavailable
  Created:      Fri Oct  2 22:15:16 2026
  Type:         Flat Device Tree
  Compression:  uncompressed
  Data Size:    144056 Bytes = 140.68 KiB = 0.14 MiB
  Architecture: AArch64
  Load Address: 0xffffff00
  Hash algo:    sha256
  Hash value:   53e2ac3e200fd94e0be052b479d5568fb3d32d5d508ff4a136f3e607e7aad411
 Image 1 (kernel)
  Description:  unavailable
  Created:      Fri Oct  2 22:15:16 2026
  Type:         Kernel Image
  Compression:  lz4 compressed
  Data Size:    16247250 Bytes = 15866.46 KiB = 15.49 MiB
  Architecture: AArch64
  OS:           Linux
  Load Address: 0xffffff01
  Entry Point:  0xffffff01
  Hash algo:    sha256
  Hash value:   fe0c723f7e145f9ea5af4e6548106fceed4ac71c0e6d8b2d113458ad8e4d4472
 Image 2 (resource)
  Description:  unavailable
  Created:      Fri Oct  2 22:15:16 2026
  Type:         Multi-File Image
  Compression:  uncompressed
  Data Size:    1069056 Bytes = 1044.00 KiB = 1.02 MiB
  Hash algo:    sha256
  Hash value:   5113521eef7f81f21cffa135e693e5beb6223fe45d2ee1c2a1459c56bd7889be
 Default Configuration: 'conf'
 Configuration 0 (conf)
  Description:  unavailable
  Kernel:       kernel
  FDT:          fdt

Repack complete: /home/administrator/00.Snapmaker-Firmware-current/tmp/firmware/rk-unpacked/boot.img
>> Applying overlay overlays/common/02-enable-ssh/...
[+] Applying patch: 01-enable-ssh.patch in subdir .
patching file etc/init.d/S50dropbear
>> Applying overlay overlays/common/03-disable-wlan-power-save/...
>> Copying custom files...
'overlays/common/03-disable-wlan-power-save//root/./etc/init.d/S99wlan-powersave-disable' -> '/home/administrator/00.Snapmaker-Firmware-current/tmp/firmware/rootfs/./etc/init.d/S99wlan-powersave-disable'
'overlays/common/03-disable-wlan-power-save//root/./usr/sbin/wlan-powersave-disable' -> '/home/administrator/00.Snapmaker-Firmware-current/tmp/firmware/rootfs/./usr/sbin/wlan-powersave-disable'
>> Applying overlay overlays/common/04-nginx-fluidd.d/...
[+] Applying patch: 04-nginx-fluidd-d.patch in subdir .
patching file etc/nginx/sites-available/fluidd
Hunk #1 succeeded at 98 (offset 5 lines).
>> Applying overlay overlays/common/05-persist-dhcp/...
>> Copying custom files...
'overlays/common/05-persist-dhcp//root/./etc/init.d/S10persist-dhcp' -> '/home/administrator/00.Snapmaker-Firmware-current/tmp/firmware/rootfs/./etc/init.d/S10persist-dhcp'
>> Applying overlay overlays/common/06-restore-eth0-mac/...
[+] Applying patch: 01-restore-eth0-mac.patch in subdir .
patching file etc/network/interfaces.d/eth0
>> Copying custom files...
'overlays/common/06-restore-eth0-mac//root/./usr/local' -> '/home/administrator/00.Snapmaker-Firmware-current/tmp/firmware/rootfs/./usr/local'
'overlays/common/06-restore-eth0-mac//root/./usr/local/sbin' -> '/home/administrator/00.Snapmaker-Firmware-current/tmp/firmware/rootfs/./usr/local/sbin'
'overlays/common/06-restore-eth0-mac//root/./usr/local/sbin/restore-mac' -> '/home/administrator/00.Snapmaker-Firmware-current/tmp/firmware/rootfs/./usr/local/sbin/restore-mac'
>> Applying overlay overlays/firmware-extended/01-system-utils/...
[+] Applying patch: 01-add-service-hooks.patch in subdir .
patching file etc/init.d/S60klipper
Hunk #1 succeeded at 25 (offset 5 lines).
patching file etc/init.d/S61moonraker
patching file etc/init.d/S90lmd
>> Copying custom files...
'overlays/firmware-extended/01-system-utils//root/./etc/hooks' -> '/home/administrator/00.Snapmaker-Firmware-current/tmp/firmware/rootfs/./etc/hooks'
'overlays/firmware-extended/01-system-utils//root/./etc/hooks/klipper.d' -> '/home/administrator/00.Snapmaker-Firmware-current/tmp/firmware/rootfs/./etc/hooks/klipper.d'
'overlays/firmware-extended/01-system-utils//root/./etc/hooks/klipper.d/.keep' -> '/home/administrator/00.Snapmaker-Firmware-current/tmp/firmware/rootfs/./etc/hooks/klipper.d/.keep'
'overlays/firmware-extended/01-system-utils//root/./etc/hooks/lmd.d' -> '/home/administrator/00.Snapmaker-Firmware-current/tmp/firmware/rootfs/./etc/hooks/lmd.d'
'overlays/firmware-extended/01-system-utils//root/./etc/hooks/lmd.d/.keep' -> '/home/administrator/00.Snapmaker-Firmware-current/tmp/firmware/rootfs/./etc/hooks/lmd.d/.keep'
'overlays/firmware-extended/01-system-utils//root/./etc/hooks/moonraker.d' -> '/home/administrator/00.Snapmaker-Firmware-current/tmp/firmware/rootfs/./etc/hooks/moonraker.d'
'overlays/firmware-extended/01-system-utils//root/./etc/hooks/moonraker.d/.keep' -> '/home/administrator/00.Snapmaker-Firmware-current/tmp/firmware/rootfs/./etc/hooks/moonraker.d/.keep'
'overlays/firmware-extended/01-system-utils//root/./etc/profile.d/activate_path_01_usr_local.sh' -> '/home/administrator/00.Snapmaker-Firmware-current/tmp/firmware/rootfs/./etc/profile.d/activate_path_01_usr_local.sh'
'overlays/firmware-extended/01-system-utils//root/./usr/local/bin' -> '/home/administrator/00.Snapmaker-Firmware-current/tmp/firmware/rootfs/./usr/local/bin'
'overlays/firmware-extended/01-system-utils//root/./usr/local/bin/extended-pkg' -> '/home/administrator/00.Snapmaker-Firmware-current/tmp/firmware/rootfs/./usr/local/bin/extended-pkg'
[+] Running script: curl_install.sh
>> Verifying /home/administrator/00.Snapmaker-Firmware-current/tmp/cache/curl-linux-aarch64-glibc-8.17.0.tar.xz checksum...
>> Extracting curl-linux-aarch64-glibc-8.17.0.tar.xz...
[+] Running script: fix_timelapse_install.sh
>> Using cached git repository in /home/administrator/00.Snapmaker-Firmware-current/tmp/cache/snapmaker-u1-timelapse-recovery
>> Installing Timelapse Recovery Tool...
[+] Running script: rsync_install.sh
>> Verifying /home/administrator/00.Snapmaker-Firmware-current/tmp/cache/rsync-3.2.7.tar.gz checksum...
>> Extracting rsync-3.2.7.tar.gz...
>> Applying overlay overlays/firmware-extended/02-firmware-config/...
[+] Applying patch: 01-add-klipper-includes.patch in subdir .
patching file home/lava/origin_printer_data/config/printer.cfg
Hunk #1 succeeded at 1343 (offset 82 lines).
[+] Applying patch: 01-add-moonraker-includes.patch in subdir .
patching file home/lava/origin_printer_data/config/moonraker.conf
>> Copying custom files...
'overlays/firmware-extended/02-firmware-config//root/./etc/init.d/S49extended-config' -> '/home/administrator/00.Snapmaker-Firmware-current/tmp/firmware/rootfs/./etc/init.d/S49extended-config'
'overlays/firmware-extended/02-firmware-config//root/./etc/init.d/S99firmware-config' -> '/home/administrator/00.Snapmaker-Firmware-current/tmp/firmware/rootfs/./etc/init.d/S99firmware-config'
'overlays/firmware-extended/02-firmware-config//root/./etc/nginx/fluidd.d' -> '/home/administrator/00.Snapmaker-Firmware-current/tmp/firmware/rootfs/./etc/nginx/fluidd.d'
'overlays/firmware-extended/02-firmware-config//root/./etc/nginx/fluidd.d/firmware-config.conf' -> '/home/administrator/00.Snapmaker-Firmware-current/tmp/firmware/rootfs/./etc/nginx/fluidd.d/firmware-config.conf'
'overlays/firmware-extended/02-firmware-config//root/./usr/local/bin/extended-config.py' -> '/home/administrator/00.Snapmaker-Firmware-current/tmp/firmware/rootfs/./usr/local/bin/extended-config.py'
'overlays/firmware-extended/02-firmware-config//root/./usr/local/bin/firmware-config.py' -> '/home/administrator/00.Snapmaker-Firmware-current/tmp/firmware/rootfs/./usr/local/bin/firmware-config.py'
'overlays/firmware-extended/02-firmware-config//root/./usr/local/share' -> '/home/administrator/00.Snapmaker-Firmware-current/tmp/firmware/rootfs/./usr/local/share'
'overlays/firmware-extended/02-firmware-config//root/./usr/local/share/firmware-config' -> '/home/administrator/00.Snapmaker-Firmware-current/tmp/firmware/rootfs/./usr/local/share/firmware-config'
'overlays/firmware-extended/02-firmware-config//root/./usr/local/share/firmware-config/extended' -> '/home/administrator/00.Snapmaker-Firmware-current/tmp/firmware/rootfs/./usr/local/share/firmware-config/extended'
'overlays/firmware-extended/02-firmware-config//root/./usr/local/share/firmware-config/extended/extended2.cfg' -> '/home/administrator/00.Snapmaker-Firmware-current/tmp/firmware/rootfs/./usr/local/share/firmware-config/extended/extended2.cfg'
'overlays/firmware-extended/02-firmware-config//root/./usr/local/share/firmware-config/extended/klipper' -> '/home/administrator/00.Snapmaker-Firmware-current/tmp/firmware/rootfs/./usr/local/share/firmware-config/extended/klipper'
'overlays/firmware-extended/02-firmware-config//root/./usr/local/share/firmware-config/extended/klipper/00_keep.cfg' -> '/home/administrator/00.Snapmaker-Firmware-current/tmp/firmware/rootfs/./usr/local/share/firmware-config/extended/klipper/00_keep.cfg'
'overlays/firmware-extended/02-firmware-config//root/./usr/local/share/firmware-config/extended/moonraker' -> '/home/administrator/00.Snapmaker-Firmware-current/tmp/firmware/rootfs/./usr/local/share/firmware-config/extended/moonraker'
'overlays/firmware-extended/02-firmware-config//root/./usr/local/share/firmware-config/extended/moonraker/00_keep.cfg' -> '/home/administrator/00.Snapmaker-Firmware-current/tmp/firmware/rootfs/./usr/local/share/firmware-config/extended/moonraker/00_keep.cfg'
'overlays/firmware-extended/02-firmware-config//root/./usr/local/share/firmware-config/force-cleanup.sha256' -> '/home/administrator/00.Snapmaker-Firmware-current/tmp/firmware/rootfs/./usr/local/share/firmware-config/force-cleanup.sha256'
'overlays/firmware-extended/02-firmware-config//root/./usr/local/share/firmware-config/functions' -> '/home/administrator/00.Snapmaker-Firmware-current/tmp/firmware/rootfs/./usr/local/share/firmware-config/functions'
'overlays/firmware-extended/02-firmware-config//root/./usr/local/share/firmware-config/functions/01_status_system.yaml' -> '/home/administrator/00.Snapmaker-Firmware-current/tmp/firmware/rootfs/./usr/local/share/firmware-config/functions/01_status_system.yaml'
'overlays/firmware-extended/02-firmware-config//root/./usr/local/share/firmware-config/functions/02_status_wlan.yaml' -> '/home/administrator/00.Snapmaker-Firmware-current/tmp/firmware/rootfs/./usr/local/share/firmware-config/functions/02_status_wlan.yaml'
'overlays/firmware-extended/02-firmware-config//root/./usr/local/share/firmware-config/functions/03_status_eth.yaml' -> '/home/administrator/00.Snapmaker-Firmware-current/tmp/firmware/rootfs/./usr/local/share/firmware-config/functions/03_status_eth.yaml'
'overlays/firmware-extended/02-firmware-config//root/./usr/local/share/firmware-config/functions/04_status_mmc.yaml' -> '/home/administrator/00.Snapmaker-Firmware-current/tmp/firmware/rootfs/./usr/local/share/firmware-config/functions/04_status_mmc.yaml'
'overlays/firmware-extended/02-firmware-config//root/./usr/local/share/firmware-config/functions/05_settings.yaml' -> '/home/administrator/00.Snapmaker-Firmware-current/tmp/firmware/rootfs/./usr/local/share/firmware-config/functions/05_settings.yaml'
'overlays/firmware-extended/02-firmware-config//root/./usr/local/share/firmware-config/functions/06_actions.yaml' -> '/home/administrator/00.Snapmaker-Firmware-current/tmp/firmware/rootfs/./usr/local/share/firmware-config/functions/06_actions.yaml'
'overlays/firmware-extended/02-firmware-config//root/./usr/local/share/firmware-config/functions/12_settings_firmware_config.yaml' -> '/home/administrator/00.Snapmaker-Firmware-current/tmp/firmware/rootfs/./usr/local/share/firmware-config/functions/12_settings_firmware_config.yaml'
'overlays/firmware-extended/02-firmware-config//root/./usr/local/share/firmware-config/functions/15_settings_security.yaml' -> '/home/administrator/00.Snapmaker-Firmware-current/tmp/firmware/rootfs/./usr/local/share/firmware-config/functions/15_settings_security.yaml'
'overlays/firmware-extended/02-firmware-config//root/./usr/local/share/firmware-config/functions/20_actions_troubleshooting.yaml' -> '/home/administrator/00.Snapmaker-Firmware-current/tmp/firmware/rootfs/./usr/local/share/firmware-config/functions/20_actions_troubleshooting.yaml'
'overlays/firmware-extended/02-firmware-config//root/./usr/local/share/firmware-config/functions/21_actions_services.yaml' -> '/home/administrator/00.Snapmaker-Firmware-current/tmp/firmware/rootfs/./usr/local/share/firmware-config/functions/21_actions_services.yaml'
'overlays/firmware-extended/02-firmware-config//root/./usr/local/share/firmware-config/functions/22_actions_system.yaml' -> '/home/administrator/00.Snapmaker-Firmware-current/tmp/firmware/rootfs/./usr/local/share/firmware-config/functions/22_actions_system.yaml'
'overlays/firmware-extended/02-firmware-config//root/./usr/local/share/firmware-config/functions/30_upgrade.yaml' -> '/home/administrator/00.Snapmaker-Firmware-current/tmp/firmware/rootfs/./usr/local/share/firmware-config/functions/30_upgrade.yaml'
'overlays/firmware-extended/02-firmware-config//root/./usr/local/share/firmware-config/html' -> '/home/administrator/00.Snapmaker-Firmware-current/tmp/firmware/rootfs/./usr/local/share/firmware-config/html'
'overlays/firmware-extended/02-firmware-config//root/./usr/local/share/firmware-config/html/index.html' -> '/home/administrator/00.Snapmaker-Firmware-current/tmp/firmware/rootfs/./usr/local/share/firmware-config/html/index.html'
[+] Running script: 01-install-yaml.sh
>> Installing PyYAML via pip3
Looking in links: /cache/pip
WARNING: Location '/cache/pip' is ignored: it is either a non-existing path or lacks a specific scheme.
ERROR: Could not find a version that satisfies the requirement pyyaml (from versions: none)
ERROR: No matching distribution found for pyyaml
Collecting pyyaml
  Downloading pyyaml-6.0.3-cp311-cp311-manylinux2014_aarch64.manylinux_2_17_aarch64.manylinux_2_28_aarch64.whl.metadata (2.4 kB)
Downloading pyyaml-6.0.3-cp311-cp311-manylinux2014_aarch64.manylinux_2_17_aarch64.manylinux_2_28_aarch64.whl (775 kB)
   ━━━━━━━━━━━━━━━━━━━━━━━━━━━━━━━━━━━━━━━ 775.6/775.6 kB 500.0 kB/s eta 0:00:00
Saved /cache/pip/pyyaml-6.0.3-cp311-cp311-manylinux2014_aarch64.manylinux_2_17_aarch64.manylinux_2_28_aarch64.whl
Successfully downloaded pyyaml
Looking in links: /cache/pip
Processing /cache/pip/pyyaml-6.0.3-cp311-cp311-manylinux2014_aarch64.manylinux_2_17_aarch64.manylinux_2_28_aarch64.whl
Installing collected packages: pyyaml
Successfully installed pyyaml-6.0.3
WARNING: Running pip as the 'root' user can result in broken permissions and conflicting behaviour with the system package manager. It is recommended to use a virtual environment instead: https://pip.pypa.io/warnings/venv
>> Applying overlay overlays/firmware-extended/03-extended-runtime/...
>> Copying custom files...
'overlays/firmware-extended/03-extended-runtime//root/./usr/local/bin/memory-report' -> '/home/administrator/00.Snapmaker-Firmware-current/tmp/firmware/rootfs/./usr/local/bin/memory-report'
'overlays/firmware-extended/03-extended-runtime//root/./usr/local/sbin/limits-helper.sh' -> '/home/administrator/00.Snapmaker-Firmware-current/tmp/firmware/rootfs/./usr/local/sbin/limits-helper.sh'
>> Applying overlay overlays/firmware-extended/10-patch-kernel-modules/...
[+] Running script: 01_compile_kernel_modules.sh
+ source /home/administrator/00.Snapmaker-Firmware-current/vars.mk
++ FIRMWARE_FILE=U1_2.0.0.205_20260914173503_upgrade.bin
++ FIRMWARE_VERSION=2.0.0
++ FIRMWARE_SHA256=e6269eb0f1d9e8da74173e9da6350a14b18dd2fe5c4e8f2cabc48b0cdaf2aad7
++ KERNEL_GIT_URL=https://github.com/rockchip-linux/kernel.git
++ KERNEL_SHA=8533b2249e1550b233a4836d039d64e3bb2fed7a
++ KERNEL_VERSION=6.1.99
+ strings /home/administrator/00.Snapmaker-Firmware-current/tmp/firmware/rk-unpacked/boot.img
+ grep 'Linux version 6.1.99 ('
+Linux version 6.1.99 (snapmaker@build-srv) (aarch64-none-l9
+ echo '>> Setting up kernel source directory'
>> Setting up kernel source directory
+ [[ ! -d /home/administrator/00.Snapmaker-Firmware-current/tmp/kernel/.git ]]
+ pushd /home/administrator/00.Snapmaker-Firmware-current/tmp/kernel
/home/administrator/00.Snapmaker-Firmware-current/tmp/kernel /home/administrator/00.Snapmaker-Firmware-current
+ git checkout -f 8533b2249e1550b233a4836d039d64e3bb2fed7a
HEAD is now at 8533b2249 Revert "exfat: fix memory leak in exfat_load_bitmap()"
+ [[ -n '' ]]
+ [[ ! -f /home/administrator/00.Snapmaker-Firmware-current/tmp/kernel-build/done ]]
+ echo '>> Compiling individual kernel modules'
>> Compiling individual kernel modules
+ kernel_make drivers/net/tun.ko
+ make ARCH=arm64 CROSS_COMPILE=aarch64-linux-gnu- O=/home/administrator/00.Snapmaker-Firmware-current/tmp/kernel-build drivers/net/tun.ko
make[1]: Entering directory '/home/administrator/00.Snapmaker-Firmware-current/tmp/kernel'
make[2]: Entering directory '/home/administrator/00.Snapmaker-Firmware-current/tmp/kernel-build'
  GEN     Makefile
  CALL    /home/administrator/00.Snapmaker-Firmware-current/tmp/kernel/scripts/checksyscalls.sh
  MODPOST modules-only.symvers
WARNING: vmlinux.o is missing.
         Modules may not have dependencies or modversions.
         You may get many unresolved symbol warnings.
WARNING: modpost: "alt_cb_patch_nops" [drivers/net/tun.ko] undefined!
WARNING: modpost: "fasync_helper" [drivers/net/tun.ko] undefined!
WARNING: modpost: "__f_setown" [drivers/net/tun.ko] undefined!
WARNING: modpost: "kvfree_call_rcu" [drivers/net/tun.ko] undefined!
WARNING: modpost: "netdev_info" [drivers/net/tun.ko] undefined!
WARNING: modpost: "jiffies" [drivers/net/tun.ko] undefined!
WARNING: modpost: "_raw_spin_lock" [drivers/net/tun.ko] undefined!
WARNING: modpost: "_raw_spin_unlock" [drivers/net/tun.ko] undefined!
WARNING: modpost: "round_jiffies_up" [drivers/net/tun.ko] undefined!
WARNING: modpost: "mod_timer" [drivers/net/tun.ko] undefined!
WARNING: modpost: suppressed 180 unresolved symbol warnings because there were too many)
make[2]: Leaving directory '/home/administrator/00.Snapmaker-Firmware-current/tmp/kernel-build'
make[1]: Leaving directory '/home/administrator/00.Snapmaker-Firmware-current/tmp/kernel'
+ echo '>> Copying compiled modules to output directory'
>> Copying compiled modules to output directory
+ mkdir -p /home/administrator/00.Snapmaker-Firmware-current/tmp/firmware/rootfs/lib/modules
+ find /home/administrator/00.Snapmaker-Firmware-current/tmp/kernel-build -type f -name '*.ko' -exec cp -vn '{}' /home/administrator/00.Snapmaker-Firmware-current/tmp/firmware/rootfs/lib/modules/ ';'
cp: warning: behavior of -n is non-portable and may change in future; use --update=none instead
'/home/administrator/00.Snapmaker-Firmware-current/tmp/kernel-build/drivers/net/tun.ko' -> '/home/administrator/00.Snapmaker-Firmware-current/tmp/firmware/rootfs/lib/modules/tun.ko'
>> Applying overlay overlays/firmware-extended/11-patch-klipper/...
[+] Applying patch: 01_6d1256ddc.patch in subdir ./home/lava/klipper
patching file klippy/extras/resonance_tester.py
Hunk #2 succeeded at 247 (offset 14 lines).
[+] Applying patch: 02_8291788f4.patch in subdir ./home/lava/klipper
patching file klippy/toolhead.py
[+] Applying patch: 03_847331260.patch in subdir ./home/lava/klipper
patching file klippy/toolhead.py
[+] Applying patch: 04_16b4b6b30.patch in subdir ./home/lava/klipper
patching file klippy/extras/resonance_tester.py
Hunk #5 succeeded at 266 (offset 14 lines).
Hunk #6 succeeded at 293 (offset 14 lines).
Hunk #7 succeeded at 326 (offset 14 lines).
patching file klippy/extras/shaper_calibrate.py
patching file klippy/toolhead.py
[+] Applying patch: 05_16fc46fe5.patch in subdir ./home/lava/klipper
patching file klippy/toolhead.py
Hunk #1 succeeded at 138 (offset 4 lines).
[+] Applying patch: 06_snapmaker_fix.patch in subdir ./home/lava/klipper
patching file klippy/extras/resonance_tester.py
Hunk #1 succeeded at 549 (offset 20 lines).
[+] Applying patch: 07_aht10_mainline_klipper.patch in subdir ./home/lava/klipper
patching file klippy/extras/aht10.py
patching file klippy/extras/aht10.py
patching file klippy/extras/aht10.py
[+] Applying patch: 08_temperature_combined.patch in subdir ./home/lava/klipper
patching file klippy/extras/temperature_combined.py
[+] Applying patch: 09_fan_temp_speed_table_override.patch in subdir ./home/lava/klipper
patching file klippy/extras/heater_fan.py
>> Applying overlay overlays/firmware-extended/12-patch-moonraker/...
[+] Running script: 01-install-apprise.sh
>> Installing Apprise via pip3
Looking in links: /cache/pip
ERROR: Could not find a version that satisfies the requirement apprise (from versions: none)
ERROR: No matching distribution found for apprise
Collecting apprise
  Downloading apprise-2.0.0-py3-none-any.whl.metadata (68 kB)
     ━━━━━━━━━━━━━━━━━━━━━━━━━━━━━━━━━━━━━━━━ 68.8/68.8 kB 3.3 MB/s eta 0:00:00
Collecting requests (from apprise)
  Downloading requests-2.34.2-py3-none-any.whl.metadata (4.8 kB)
Collecting urllib3 (from apprise)
  Downloading urllib3-2.8.0-py3-none-any.whl.metadata (7.4 kB)
Collecting requests-oauthlib (from apprise)
  Downloading requests_oauthlib-2.0.0-py2.py3-none-any.whl.metadata (11 kB)
Collecting click>=5.0 (from apprise)
  Downloading click-8.5.0-py3-none-any.whl.metadata (2.6 kB)
Collecting markdown (from apprise)
  Downloading markdown-3.11-py3-none-any.whl.metadata (5.1 kB)
Collecting PyYAML (from apprise)
  File was already downloaded /cache/pip/pyyaml-6.0.3-cp311-cp311-manylinux2014_aarch64.manylinux_2_17_aarch64.manylinux_2_28_aarch64.whl
Collecting certifi (from apprise)
  Downloading certifi-2026.7.22-py3-none-any.whl.metadata (2.5 kB)
Collecting charset_normalizer<4,>=2 (from requests->apprise)
  Downloading charset_normalizer-3.5.2-cp311-cp311-manylinux2014_aarch64.manylinux_2_17_aarch64.manylinux_2_28_aarch64.whl.metadata (46 kB)
     ━━━━━━━━━━━━━━━━━━━━━━━━━━━━━━━━━━━━━━━━ 46.4/46.4 kB 2.1 MB/s eta 0:00:00
Collecting idna<4,>=2.5 (from requests->apprise)
  Downloading idna-3.20-py3-none-any.whl.metadata (7.2 kB)
Collecting oauthlib>=3.0.0 (from requests-oauthlib->apprise)
  Downloading oauthlib-4.0.0-py3-none-any.whl.metadata (8.6 kB)
Downloading apprise-2.0.0-py3-none-any.whl (2.4 MB)
   ━━━━━━━━━━━━━━━━━━━━━━━━━━━━━━━━━━━━━━━━ 2.4/2.4 MB 1.1 MB/s eta 0:00:00
Downloading click-8.5.0-py3-none-any.whl (125 kB)
   ━━━━━━━━━━━━━━━━━━━━━━━━━━━━━━━━━━━━━━━ 125.3/125.3 kB 154.3 kB/s eta 0:00:00
Downloading certifi-2026.7.22-py3-none-any.whl (136 kB)
   ━━━━━━━━━━━━━━━━━━━━━━━━━━━━━━━━━━━━━━━━ 137.0/137.0 kB 6.6 MB/s eta 0:00:00
Downloading markdown-3.11-py3-none-any.whl (111 kB)
   ━━━━━━━━━━━━━━━━━━━━━━━━━━━━━━━━━━━━━━━━ 111.3/111.3 kB 7.3 MB/s eta 0:00:00
Downloading requests-2.34.2-py3-none-any.whl (73 kB)
   ━━━━━━━━━━━━━━━━━━━━━━━━━━━━━━━━━━━━━━━━ 73.1/73.1 kB 4.3 MB/s eta 0:00:00
Downloading urllib3-2.8.0-py3-none-any.whl (135 kB)
   ━━━━━━━━━━━━━━━━━━━━━━━━━━━━━━━━━━━━━━━━ 135.7/135.7 kB 5.7 MB/s eta 0:00:00
Downloading requests_oauthlib-2.0.0-py2.py3-none-any.whl (24 kB)
Downloading charset_normalizer-3.5.2-cp311-cp311-manylinux2014_aarch64.manylinux_2_17_aarch64.manylinux_2_28_aarch64.whl (259 kB)
   ━━━━━━━━━━━━━━━━━━━━━━━━━━━━━━━━━━━━━━━━ 259.3/259.3 kB 13.4 MB/s eta 0:00:00
Downloading idna-3.20-py3-none-any.whl (69 kB)
   ━━━━━━━━━━━━━━━━━━━━━━━━━━━━━━━━━━━━━━━━ 69.6/69.6 kB 2.8 MB/s eta 0:00:00
Downloading oauthlib-4.0.0-py3-none-any.whl (159 kB)
   ━━━━━━━━━━━━━━━━━━━━━━━━━━━━━━━━━━━━━━━━ 159.7/159.7 kB 7.8 MB/s eta 0:00:00
Saved /cache/pip/apprise-2.0.0-py3-none-any.whl
Saved /cache/pip/click-8.5.0-py3-none-any.whl
Saved /cache/pip/certifi-2026.7.22-py3-none-any.whl
Saved /cache/pip/markdown-3.11-py3-none-any.whl
Saved /cache/pip/requests-2.34.2-py3-none-any.whl
Saved /cache/pip/urllib3-2.8.0-py3-none-any.whl
Saved /cache/pip/requests_oauthlib-2.0.0-py2.py3-none-any.whl
Saved /cache/pip/charset_normalizer-3.5.2-cp311-cp311-manylinux2014_aarch64.manylinux_2_17_aarch64.manylinux_2_28_aarch64.whl
Saved /cache/pip/idna-3.20-py3-none-any.whl
Saved /cache/pip/oauthlib-4.0.0-py3-none-any.whl
Successfully downloaded apprise click certifi markdown PyYAML requests urllib3 requests-oauthlib charset_normalizer idna oauthlib
Looking in links: /cache/pip
Processing /cache/pip/apprise-2.0.0-py3-none-any.whl
Processing /cache/pip/requests-2.34.2-py3-none-any.whl (from apprise)
Processing /cache/pip/urllib3-2.8.0-py3-none-any.whl (from apprise)
Processing /cache/pip/requests_oauthlib-2.0.0-py2.py3-none-any.whl (from apprise)
Processing /cache/pip/click-8.5.0-py3-none-any.whl (from apprise)
Processing /cache/pip/markdown-3.11-py3-none-any.whl (from apprise)
Requirement already satisfied: PyYAML in /usr/lib/python3.11/site-packages (from apprise) (6.0.3)
Requirement already satisfied: certifi in /usr/lib/python3.11/site-packages (from apprise) (2023.11.17)
Processing /cache/pip/charset_normalizer-3.5.2-cp311-cp311-manylinux2014_aarch64.manylinux_2_17_aarch64.manylinux_2_28_aarch64.whl (from requests->apprise)
Requirement already satisfied: idna<4,>=2.5 in /usr/lib/python3.11/site-packages (from requests->apprise) (3.6)
Processing /cache/pip/oauthlib-4.0.0-py3-none-any.whl (from requests-oauthlib->apprise)
Installing collected packages: urllib3, oauthlib, markdown, click, charset_normalizer, requests, requests-oauthlib, apprise
Successfully installed apprise-2.0.0 charset_normalizer-3.5.2 click-8.5.0 markdown-3.11 oauthlib-4.0.0 requests-2.34.2 requests-oauthlib-2.0.0 urllib3-2.8.0
WARNING: Running pip as the 'root' user can result in broken permissions and conflicting behaviour with the system package manager. It is recommended to use a virtual environment instead: https://pip.pypa.io/warnings/venv
[+] Running script: 02-install-wled.sh
>> Installing WLED via pip3
Looking in links: /cache/pip
ERROR: Could not find a version that satisfies the requirement wled (from versions: none)
ERROR: No matching distribution found for wled
Collecting wled
  Downloading wled-0.23.0-py3-none-any.whl.metadata (7.5 kB)
Collecting aiohttp>=3.0.0 (from wled)
  Downloading aiohttp-3.14.3-cp311-cp311-manylinux2014_aarch64.manylinux_2_17_aarch64.manylinux_2_28_aarch64.whl.metadata (8.3 kB)
Collecting awesomeversion>=22.1.0 (from wled)
  Downloading awesomeversion-25.8.0-py3-none-any.whl.metadata (9.8 kB)
Collecting mashumaro<4.0.0,>=3.13 (from wled)
  Downloading mashumaro-3.23-py3-none-any.whl.metadata (22 kB)
Collecting orjson>=3.9.8 (from wled)
  Downloading orjson-3.12.0-cp311-cp311-manylinux_2_17_aarch64.manylinux2014_aarch64.whl.metadata (41 kB)
     ━━━━━━━━━━━━━━━━━━━━━━━━━━━━━━━━━━━━━━━━ 42.0/42.0 kB 2.3 MB/s eta 0:00:00
Collecting python-backoff>=2.3.1 (from wled)
  Downloading python_backoff-3.0.0-py3-none-any.whl.metadata (14 kB)
Collecting yarl>=1.6.0 (from wled)
  Downloading yarl-1.25.1-cp311-cp311-manylinux2014_aarch64.manylinux_2_17_aarch64.manylinux_2_28_aarch64.whl.metadata (111 kB)
     ━━━━━━━━━━━━━━━━━━━━━━━━━━━━━━━━━━━━━━━ 111.6/111.6 kB 4.8 MB/s eta 0:00:00
Collecting aiohappyeyeballs>=2.5.0 (from aiohttp>=3.0.0->wled)
  Downloading aiohappyeyeballs-2.7.1-py3-none-any.whl.metadata (5.9 kB)
Collecting aiosignal>=1.4.0 (from aiohttp>=3.0.0->wled)
  Downloading aiosignal-1.4.0-py3-none-any.whl.metadata (3.7 kB)
Collecting attrs>=17.3.0 (from aiohttp>=3.0.0->wled)
  Downloading attrs-26.1.0-py3-none-any.whl.metadata (8.8 kB)
Collecting frozenlist>=1.1.1 (from aiohttp>=3.0.0->wled)
  Downloading frozenlist-1.8.0-cp311-cp311-manylinux2014_aarch64.manylinux_2_17_aarch64.manylinux_2_28_aarch64.whl.metadata (20 kB)
Collecting multidict<7.0,>=4.5 (from aiohttp>=3.0.0->wled)
  Downloading multidict-6.9.1-cp311-cp311-manylinux2014_aarch64.manylinux_2_17_aarch64.manylinux_2_28_aarch64.whl.metadata (5.3 kB)
Collecting propcache>=0.2.0 (from aiohttp>=3.0.0->wled)
  Downloading propcache-0.5.4-cp311-cp311-manylinux2014_aarch64.manylinux_2_17_aarch64.manylinux_2_28_aarch64.whl.metadata (25 kB)
Collecting typing_extensions>=4.4 (from aiohttp>=3.0.0->wled)
  Downloading typing_extensions-4.16.0-py3-none-any.whl.metadata (3.3 kB)
Collecting idna>=2.0 (from yarl>=1.6.0->wled)
  File was already downloaded /cache/pip/idna-3.20-py3-none-any.whl
Downloading wled-0.23.0-py3-none-any.whl (28 kB)
Downloading aiohttp-3.14.3-cp311-cp311-manylinux2014_aarch64.manylinux_2_17_aarch64.manylinux_2_28_aarch64.whl (1.8 MB)
   ━━━━━━━━━━━━━━━━━━━━━━━━━━━━━━━━━━━━━━━━ 1.8/1.8 MB 1.5 MB/s eta 0:00:00
Downloading awesomeversion-25.8.0-py3-none-any.whl (15 kB)
Downloading mashumaro-3.23-py3-none-any.whl (78 kB)
   ━━━━━━━━━━━━━━━━━━━━━━━━━━━━━━━━━━━━━━━━ 78.6/78.6 kB 2.9 MB/s eta 0:00:00
Downloading orjson-3.12.0-cp311-cp311-manylinux_2_17_aarch64.manylinux2014_aarch64.whl (130 kB)
   ━━━━━━━━━━━━━━━━━━━━━━━━━━━━━━━━━━━━━━━━ 130.9/130.9 kB 6.2 MB/s eta 0:00:00
Downloading python_backoff-3.0.0-py3-none-any.whl (19 kB)
Downloading yarl-1.25.1-cp311-cp311-manylinux2014_aarch64.manylinux_2_17_aarch64.manylinux_2_28_aarch64.whl (116 kB)
   ━━━━━━━━━━━━━━━━━━━━━━━━━━━━━━━━━━━━━━━━ 116.4/116.4 kB 4.6 MB/s eta 0:00:00
Downloading aiohappyeyeballs-2.7.1-py3-none-any.whl (15 kB)
Downloading aiosignal-1.4.0-py3-none-any.whl (7.5 kB)
Downloading attrs-26.1.0-py3-none-any.whl (67 kB)
   ━━━━━━━━━━━━━━━━━━━━━━━━━━━━━━━━━━━━━━━━ 67.5/67.5 kB 3.5 MB/s eta 0:00:00
Downloading frozenlist-1.8.0-cp311-cp311-manylinux2014_aarch64.manylinux_2_17_aarch64.manylinux_2_28_aarch64.whl (233 kB)
   ━━━━━━━━━━━━━━━━━━━━━━━━━━━━━━━━━━━━━━━━ 233.2/233.2 kB 3.5 MB/s eta 0:00:00
Downloading multidict-6.9.1-cp311-cp311-manylinux2014_aarch64.manylinux_2_17_aarch64.manylinux_2_28_aarch64.whl (315 kB)
   ━━━━━━━━━━━━━━━━━━━━━━━━━━━━━━━━━━━━━━━━ 315.5/315.5 kB 3.2 MB/s eta 0:00:00
Downloading propcache-0.5.4-cp311-cp311-manylinux2014_aarch64.manylinux_2_17_aarch64.manylinux_2_28_aarch64.whl (238 kB)
   ━━━━━━━━━━━━━━━━━━━━━━━━━━━━━━━━━━━━━━━━ 238.7/238.7 kB 3.4 MB/s eta 0:00:00
Downloading typing_extensions-4.16.0-py3-none-any.whl (45 kB)
   ━━━━━━━━━━━━━━━━━━━━━━━━━━━━━━━━━━━━━━━━ 45.6/45.6 kB 2.2 MB/s eta 0:00:00
Saved /cache/pip/wled-0.23.0-py3-none-any.whl
Saved /cache/pip/aiohttp-3.14.3-cp311-cp311-manylinux2014_aarch64.manylinux_2_17_aarch64.manylinux_2_28_aarch64.whl
Saved /cache/pip/awesomeversion-25.8.0-py3-none-any.whl
Saved /cache/pip/mashumaro-3.23-py3-none-any.whl
Saved /cache/pip/orjson-3.12.0-cp311-cp311-manylinux_2_17_aarch64.manylinux2014_aarch64.whl
Saved /cache/pip/python_backoff-3.0.0-py3-none-any.whl
Saved /cache/pip/yarl-1.25.1-cp311-cp311-manylinux2014_aarch64.manylinux_2_17_aarch64.manylinux_2_28_aarch64.whl
Saved /cache/pip/aiohappyeyeballs-2.7.1-py3-none-any.whl
Saved /cache/pip/aiosignal-1.4.0-py3-none-any.whl
Saved /cache/pip/attrs-26.1.0-py3-none-any.whl
Saved /cache/pip/frozenlist-1.8.0-cp311-cp311-manylinux2014_aarch64.manylinux_2_17_aarch64.manylinux_2_28_aarch64.whl
Saved /cache/pip/multidict-6.9.1-cp311-cp311-manylinux2014_aarch64.manylinux_2_17_aarch64.manylinux_2_28_aarch64.whl
Saved /cache/pip/propcache-0.5.4-cp311-cp311-manylinux2014_aarch64.manylinux_2_17_aarch64.manylinux_2_28_aarch64.whl
Saved /cache/pip/typing_extensions-4.16.0-py3-none-any.whl
Successfully downloaded wled aiohttp awesomeversion mashumaro orjson python-backoff yarl aiohappyeyeballs aiosignal attrs frozenlist idna multidict propcache typing_extensions
Looking in links: /cache/pip
Processing /cache/pip/wled-0.23.0-py3-none-any.whl
Processing /cache/pip/aiohttp-3.14.3-cp311-cp311-manylinux2014_aarch64.manylinux_2_17_aarch64.manylinux_2_28_aarch64.whl (from wled)
Processing /cache/pip/awesomeversion-25.8.0-py3-none-any.whl (from wled)
Processing /cache/pip/mashumaro-3.23-py3-none-any.whl (from wled)
Requirement already satisfied: orjson>=3.9.8 in /usr/lib/python3.11/site-packages (from wled) (3.9.10)
Processing /cache/pip/python_backoff-3.0.0-py3-none-any.whl (from wled)
Processing /cache/pip/yarl-1.25.1-cp311-cp311-manylinux2014_aarch64.manylinux_2_17_aarch64.manylinux_2_28_aarch64.whl (from wled)
Processing /cache/pip/aiohappyeyeballs-2.7.1-py3-none-any.whl (from aiohttp>=3.0.0->wled)
Processing /cache/pip/aiosignal-1.4.0-py3-none-any.whl (from aiohttp>=3.0.0->wled)
Processing /cache/pip/attrs-26.1.0-py3-none-any.whl (from aiohttp>=3.0.0->wled)
Processing /cache/pip/frozenlist-1.8.0-cp311-cp311-manylinux2014_aarch64.manylinux_2_17_aarch64.manylinux_2_28_aarch64.whl (from aiohttp>=3.0.0->wled)
Processing /cache/pip/multidict-6.9.1-cp311-cp311-manylinux2014_aarch64.manylinux_2_17_aarch64.manylinux_2_28_aarch64.whl (from aiohttp>=3.0.0->wled)
Processing /cache/pip/propcache-0.5.4-cp311-cp311-manylinux2014_aarch64.manylinux_2_17_aarch64.manylinux_2_28_aarch64.whl (from aiohttp>=3.0.0->wled)
Requirement already satisfied: typing_extensions>=4.4 in /usr/lib/python3.11/site-packages (from aiohttp>=3.0.0->wled) (4.9.0)
Processing /cache/pip/typing_extensions-4.16.0-py3-none-any.whl (from aiohttp>=3.0.0->wled)
Requirement already satisfied: idna>=2.0 in /usr/lib/python3.11/site-packages (from yarl>=1.6.0->wled) (3.6)
Installing collected packages: typing_extensions, python-backoff, propcache, multidict, frozenlist, awesomeversion, attrs, aiohappyeyeballs, yarl, mashumaro, aiosignal, aiohttp, wled
  Attempting uninstall: typing_extensions
    Found existing installation: typing_extensions 4.9.0
    Uninstalling typing_extensions-4.9.0:
      Successfully uninstalled typing_extensions-4.9.0
Successfully installed aiohappyeyeballs-2.7.1 aiohttp-3.14.3 aiosignal-1.4.0 attrs-26.1.0 awesomeversion-25.8.0 frozenlist-1.8.0 mashumaro-3.23 multidict-6.9.1 propcache-0.5.4 python-backoff-3.0.0 typing_extensions-4.16.0 wled-0.23.0 yarl-1.25.1
WARNING: Running pip as the 'root' user can result in broken permissions and conflicting behaviour with the system package manager. It is recommended to use a virtual environment instead: https://pip.pypa.io/warnings/venv
>> Applying overlay overlays/firmware-extended/13-patch-rfid/...
[+] Running pre-script: 01_klippy_fix_lf.sh
dos2unix: converting file /home/administrator/00.Snapmaker-Firmware-current/tmp/firmware/rootfs/home/lava/klipper/klippy/extras/filament_detect.py to Unix format...
dos2unix: converting file /home/administrator/00.Snapmaker-Firmware-current/tmp/firmware/rootfs/home/lava/klipper/klippy/extras/filament_protocol.py to Unix format...
dos2unix: converting file /home/administrator/00.Snapmaker-Firmware-current/tmp/firmware/rootfs/home/lava/klipper/klippy/extras/fm175xx_reader.py to Unix format...
[+] Applying patch: 01-add-ntag215-support.patch in subdir .
patching file home/lava/klipper/klippy/extras/fm175xx_reader.py
Hunk #1 succeeded at 122 (offset 1 line).
Hunk #2 succeeded at 556 (offset -36 lines).
Hunk #3 succeeded at 832 (offset -34 lines).
Hunk #4 succeeded at 1024 (offset -19 lines).
Hunk #5 succeeded at 1041 (offset -19 lines).
[+] Applying patch: 02-add-ndef-protocol.patch in subdir .
patching file home/lava/klipper/klippy/extras/filament_detect.py
[+] Applying patch: 03-fm175xx-reader-enabled-guard.patch in subdir .
patching file home/lava/klipper/klippy/extras/fm175xx_reader.py
Hunk #1 succeeded at 218 (offset 5 lines).
[+] Applying patch: 04-filament-detect-reader-enabled-guard.patch in subdir .
patching file home/lava/klipper/klippy/extras/filament_detect.py
Hunk #1 succeeded at 54 (offset -1 lines).
Hunk #2 succeeded at 158 (offset 7 lines).
Hunk #3 succeeded at 169 (offset 7 lines).
Hunk #4 succeeded at 237 (offset -39 lines).
[+] Applying patch: 05-add-filament-detect-set-endpoint.patch in subdir .
patching file home/lava/klipper/klippy/extras/filament_detect.py
Hunk #1 succeeded at 51 (offset -1 lines).
Hunk #2 succeeded at 188 (offset 12 lines).
[+] Applying patch: 06-add-card-type-to-filament-protocol.patch in subdir .
patching file home/lava/klipper/klippy/extras/filament_protocol.py
Hunk #1 succeeded at 35 (offset -1 lines).
[+] Applying patch: 06-add-spool-id-support.patch in subdir .
patching file home/lava/klipper/klippy/extras/print_task_config.py
Hunk #1 succeeded at 37 (offset 13 lines).
Hunk #2 succeeded at 349 (offset 167 lines).
Hunk #3 succeeded at 496 (offset 212 lines).
Hunk #4 succeeded at 595 (offset 247 lines).
Hunk #5 succeeded at 612 (offset 247 lines).
Hunk #6 succeeded at 705 (offset 294 lines).
[+] Applying patch: 07-detect-card-type-on-parse-failure.patch in subdir .
patching file home/lava/klipper/klippy/extras/filament_detect.py
Hunk #1 succeeded at 145 (offset 13 lines).
[+] Applying patch: 08-pass-uid-on-m1-auth-failure.patch in subdir .
patching file home/lava/klipper/klippy/extras/fm175xx_reader.py
Hunk #1 succeeded at 1036 (offset -23 lines).
[+] Applying patch: 09-add-card-event-time.patch in subdir .
patching file home/lava/klipper/klippy/extras/filament_protocol.py
patching file home/lava/klipper/klippy/extras/filament_detect.py
>> Copying custom files...
'overlays/firmware-extended/13-patch-rfid//root/./etc/init.d/S59rfid-support' -> '/home/administrator/00.Snapmaker-Firmware-current/tmp/firmware/rootfs/./etc/init.d/S59rfid-support'
'overlays/firmware-extended/13-patch-rfid//root/./home/lava/klipper/klippy/extras/filament_protocol_ndef.py' -> '/home/administrator/00.Snapmaker-Firmware-current/tmp/firmware/rootfs/./home/lava/klipper/klippy/extras/filament_protocol_ndef.py'
'overlays/firmware-extended/13-patch-rfid//root/./usr/local/share/firmware-config/functions/13_settings_rfid_reader.yaml' -> '/home/administrator/00.Snapmaker-Firmware-current/tmp/firmware/rootfs/./usr/local/share/firmware-config/functions/13_settings_rfid_reader.yaml'
'overlays/firmware-extended/13-patch-rfid//root/./usr/local/share/firmware-config/tweaks' -> '/home/administrator/00.Snapmaker-Firmware-current/tmp/firmware/rootfs/./usr/local/share/firmware-config/tweaks'
'overlays/firmware-extended/13-patch-rfid//root/./usr/local/share/firmware-config/tweaks/klipper' -> '/home/administrator/00.Snapmaker-Firmware-current/tmp/firmware/rootfs/./usr/local/share/firmware-config/tweaks/klipper'
'overlays/firmware-extended/13-patch-rfid//root/./usr/local/share/firmware-config/tweaks/klipper/disable-rfid-reader.cfg' -> '/home/administrator/00.Snapmaker-Firmware-current/tmp/firmware/rootfs/./usr/local/share/firmware-config/tweaks/klipper/disable-rfid-reader.cfg'
>> Applying overlay overlays/firmware-extended/30-feature-ssh/...
[+] Applying patch: 01-check-ssh-config.patch in subdir .
patching file etc/init.d/S50dropbear
Hunk #1 succeeded at 16 (offset 2 lines).
>> Copying custom files...
'overlays/firmware-extended/30-feature-ssh//root/./usr/local/share/firmware-config/functions/14_settings_ssh.yaml' -> '/home/administrator/00.Snapmaker-Firmware-current/tmp/firmware/rootfs/./usr/local/share/firmware-config/functions/14_settings_ssh.yaml'
>> Applying overlay overlays/firmware-extended/31-feature-afc-lite/...
>> Copying custom files...
'overlays/firmware-extended/31-feature-afc-lite//root/./home/lava/klipper/klippy/extras/AFC.py' -> '/home/administrator/00.Snapmaker-Firmware-current/tmp/firmware/rootfs/./home/lava/klipper/klippy/extras/AFC.py'
'overlays/firmware-extended/31-feature-afc-lite//root/./home/lava/klipper/klippy/extras/AFC_lane.py' -> '/home/administrator/00.Snapmaker-Firmware-current/tmp/firmware/rootfs/./home/lava/klipper/klippy/extras/AFC_lane.py'
'overlays/firmware-extended/31-feature-afc-lite//root/./home/lava/klipper/klippy/extras/AFC_unit.py' -> '/home/administrator/00.Snapmaker-Firmware-current/tmp/firmware/rootfs/./home/lava/klipper/klippy/extras/AFC_unit.py'
'overlays/firmware-extended/31-feature-afc-lite//root/./usr/local/share/firmware-config/functions/23_settings_afc.yaml' -> '/home/administrator/00.Snapmaker-Firmware-current/tmp/firmware/rootfs/./usr/local/share/firmware-config/functions/23_settings_afc.yaml'
'overlays/firmware-extended/31-feature-afc-lite//root/./usr/local/share/firmware-config/tweaks/klipper/afc.cfg' -> '/home/administrator/00.Snapmaker-Firmware-current/tmp/firmware/rootfs/./usr/local/share/firmware-config/tweaks/klipper/afc.cfg'
>> Applying overlay overlays/firmware-extended/32-feature-klipper-tweaks/...
>> Copying custom files...
'overlays/firmware-extended/32-feature-klipper-tweaks//root/./usr/local/share/firmware-config/functions/21_settings_tweaks_fan_curves.yaml' -> '/home/administrator/00.Snapmaker-Firmware-current/tmp/firmware/rootfs/./usr/local/share/firmware-config/functions/21_settings_tweaks_fan_curves.yaml'
'overlays/firmware-extended/32-feature-klipper-tweaks//root/./usr/local/share/firmware-config/functions/21_settings_tweaks_max_speed.yaml' -> '/home/administrator/00.Snapmaker-Firmware-current/tmp/firmware/rootfs/./usr/local/share/firmware-config/functions/21_settings_tweaks_max_speed.yaml'
'overlays/firmware-extended/32-feature-klipper-tweaks//root/./usr/local/share/firmware-config/functions/21_settings_tweaks_tmc_autotune.yaml' -> '/home/administrator/00.Snapmaker-Firmware-current/tmp/firmware/rootfs/./usr/local/share/firmware-config/functions/21_settings_tweaks_tmc_autotune.yaml'
'overlays/firmware-extended/32-feature-klipper-tweaks//root/./usr/local/share/firmware-config/functions/21_settings_tweaks_tmc_current.yaml' -> '/home/administrator/00.Snapmaker-Firmware-current/tmp/firmware/rootfs/./usr/local/share/firmware-config/functions/21_settings_tweaks_tmc_current.yaml'
'overlays/firmware-extended/32-feature-klipper-tweaks//root/./usr/local/share/firmware-config/tweaks/klipper/fan_curves_balanced.cfg' -> '/home/administrator/00.Snapmaker-Firmware-current/tmp/firmware/rootfs/./usr/local/share/firmware-config/tweaks/klipper/fan_curves_balanced.cfg'
'overlays/firmware-extended/32-feature-klipper-tweaks//root/./usr/local/share/firmware-config/tweaks/klipper/fan_curves_quiet.cfg' -> '/home/administrator/00.Snapmaker-Firmware-current/tmp/firmware/rootfs/./usr/local/share/firmware-config/tweaks/klipper/fan_curves_quiet.cfg'
'overlays/firmware-extended/32-feature-klipper-tweaks//root/./usr/local/share/firmware-config/tweaks/klipper/max_speed_aggressive.cfg' -> '/home/administrator/00.Snapmaker-Firmware-current/tmp/firmware/rootfs/./usr/local/share/firmware-config/tweaks/klipper/max_speed_aggressive.cfg'
'overlays/firmware-extended/32-feature-klipper-tweaks//root/./usr/local/share/firmware-config/tweaks/klipper/max_speed_balanced.cfg' -> '/home/administrator/00.Snapmaker-Firmware-current/tmp/firmware/rootfs/./usr/local/share/firmware-config/tweaks/klipper/max_speed_balanced.cfg'
'overlays/firmware-extended/32-feature-klipper-tweaks//root/./usr/local/share/firmware-config/tweaks/klipper/tmc_autotune.cfg' -> '/home/administrator/00.Snapmaker-Firmware-current/tmp/firmware/rootfs/./usr/local/share/firmware-config/tweaks/klipper/tmc_autotune.cfg'
'overlays/firmware-extended/32-feature-klipper-tweaks//root/./usr/local/share/firmware-config/tweaks/klipper/tmc_current.cfg' -> '/home/administrator/00.Snapmaker-Firmware-current/tmp/firmware/rootfs/./usr/local/share/firmware-config/tweaks/klipper/tmc_current.cfg'
'overlays/firmware-extended/32-feature-klipper-tweaks//root/./usr/local/share/firmware-config/tweaks/moonraker' -> '/home/administrator/00.Snapmaker-Firmware-current/tmp/firmware/rootfs/./usr/local/share/firmware-config/tweaks/moonraker'
'overlays/firmware-extended/32-feature-klipper-tweaks//root/./usr/local/share/firmware-config/tweaks/moonraker/authorization.cfg' -> '/home/administrator/00.Snapmaker-Firmware-current/tmp/firmware/rootfs/./usr/local/share/firmware-config/tweaks/moonraker/authorization.cfg'
>> Applying overlay overlays/firmware-extended/33-feature-timelapse-stub/...
>> Copying custom files...
'overlays/firmware-extended/33-feature-timelapse-stub//root/./home/lava/moonraker/moonraker/components/timelapse.py' -> '/home/administrator/00.Snapmaker-Firmware-current/tmp/firmware/rootfs/./home/lava/moonraker/moonraker/components/timelapse.py'
'overlays/firmware-extended/33-feature-timelapse-stub//root/./usr/local/share/firmware-config/extended/moonraker/01_timelapse_stub.cfg' -> '/home/administrator/00.Snapmaker-Firmware-current/tmp/firmware/rootfs/./usr/local/share/firmware-config/extended/moonraker/01_timelapse_stub.cfg'
>> Applying overlay overlays/firmware-extended/34-feature-faulty-toolhead/...
>> Copying custom files...
'overlays/firmware-extended/34-feature-faulty-toolhead//root/./usr/local/share/firmware-config/functions/24_settings_troubleshooting_faulty_toolhead1.yaml' -> '/home/administrator/00.Snapmaker-Firmware-current/tmp/firmware/rootfs/./usr/local/share/firmware-config/functions/24_settings_troubleshooting_faulty_toolhead1.yaml'
'overlays/firmware-extended/34-feature-faulty-toolhead//root/./usr/local/share/firmware-config/functions/25_settings_troubleshooting_faulty_toolhead2.yaml' -> '/home/administrator/00.Snapmaker-Firmware-current/tmp/firmware/rootfs/./usr/local/share/firmware-config/functions/25_settings_troubleshooting_faulty_toolhead2.yaml'
'overlays/firmware-extended/34-feature-faulty-toolhead//root/./usr/local/share/firmware-config/functions/26_settings_troubleshooting_faulty_toolhead3.yaml' -> '/home/administrator/00.Snapmaker-Firmware-current/tmp/firmware/rootfs/./usr/local/share/firmware-config/functions/26_settings_troubleshooting_faulty_toolhead3.yaml'
'overlays/firmware-extended/34-feature-faulty-toolhead//root/./usr/local/share/firmware-config/functions/27_settings_troubleshooting_faulty_toolhead4.yaml' -> '/home/administrator/00.Snapmaker-Firmware-current/tmp/firmware/rootfs/./usr/local/share/firmware-config/functions/27_settings_troubleshooting_faulty_toolhead4.yaml'
'overlays/firmware-extended/34-feature-faulty-toolhead//root/./usr/local/share/firmware-config/tweaks/klipper/faulty_toolhead1.cfg' -> '/home/administrator/00.Snapmaker-Firmware-current/tmp/firmware/rootfs/./usr/local/share/firmware-config/tweaks/klipper/faulty_toolhead1.cfg'
'overlays/firmware-extended/34-feature-faulty-toolhead//root/./usr/local/share/firmware-config/tweaks/klipper/faulty_toolhead2.cfg' -> '/home/administrator/00.Snapmaker-Firmware-current/tmp/firmware/rootfs/./usr/local/share/firmware-config/tweaks/klipper/faulty_toolhead2.cfg'
'overlays/firmware-extended/34-feature-faulty-toolhead//root/./usr/local/share/firmware-config/tweaks/klipper/faulty_toolhead3.cfg' -> '/home/administrator/00.Snapmaker-Firmware-current/tmp/firmware/rootfs/./usr/local/share/firmware-config/tweaks/klipper/faulty_toolhead3.cfg'
'overlays/firmware-extended/34-feature-faulty-toolhead//root/./usr/local/share/firmware-config/tweaks/klipper/faulty_toolhead4.cfg' -> '/home/administrator/00.Snapmaker-Firmware-current/tmp/firmware/rootfs/./usr/local/share/firmware-config/tweaks/klipper/faulty_toolhead4.cfg'
>> Applying overlay overlays/firmware-extended/35-feature-klipper-hooks/...
[+] Applying patch: 01-klipper-hooks.patch in subdir ./home/lava/origin_printer_data/config
patching file fluidd.cfg
>> Applying overlay overlays/firmware-extended/36-feature-print-preferences/...
[+] Applying patch: 01-set-print-preferences-force.patch in subdir .
patching file home/lava/klipper/klippy/extras/print_task_config.py
Hunk #1 succeeded at 735 (offset 25 lines).
>> Copying custom files...
'overlays/firmware-extended/36-feature-print-preferences//root/./usr/local/share/firmware-config/functions/21_settings_print_preferences_bed_leveling_force.yaml' -> '/home/administrator/00.Snapmaker-Firmware-current/tmp/firmware/rootfs/./usr/local/share/firmware-config/functions/21_settings_print_preferences_bed_leveling_force.yaml'
'overlays/firmware-extended/36-feature-print-preferences//root/./usr/local/share/firmware-config/functions/21_settings_print_preferences_object_processing.yaml' -> '/home/administrator/00.Snapmaker-Firmware-current/tmp/firmware/rootfs/./usr/local/share/firmware-config/functions/21_settings_print_preferences_object_processing.yaml'
'overlays/firmware-extended/36-feature-print-preferences//root/./usr/local/share/firmware-config/functions/21_settings_print_preferences_timelapse_force.yaml' -> '/home/administrator/00.Snapmaker-Firmware-current/tmp/firmware/rootfs/./usr/local/share/firmware-config/functions/21_settings_print_preferences_timelapse_force.yaml'
'overlays/firmware-extended/36-feature-print-preferences//root/./usr/local/share/firmware-config/tweaks/klipper/bed_leveling_adaptive_force.cfg' -> '/home/administrator/00.Snapmaker-Firmware-current/tmp/firmware/rootfs/./usr/local/share/firmware-config/tweaks/klipper/bed_leveling_adaptive_force.cfg'
'overlays/firmware-extended/36-feature-print-preferences//root/./usr/local/share/firmware-config/tweaks/klipper/bed_leveling_force.cfg' -> '/home/administrator/00.Snapmaker-Firmware-current/tmp/firmware/rootfs/./usr/local/share/firmware-config/tweaks/klipper/bed_leveling_force.cfg'
'overlays/firmware-extended/36-feature-print-preferences//root/./usr/local/share/firmware-config/tweaks/klipper/timelapse_force.cfg' -> '/home/administrator/00.Snapmaker-Firmware-current/tmp/firmware/rootfs/./usr/local/share/firmware-config/tweaks/klipper/timelapse_force.cfg'
'overlays/firmware-extended/36-feature-print-preferences//root/./usr/local/share/firmware-config/tweaks/moonraker/object_processing.cfg' -> '/home/administrator/00.Snapmaker-Firmware-current/tmp/firmware/rootfs/./usr/local/share/firmware-config/tweaks/moonraker/object_processing.cfg'
>> Applying overlay overlays/firmware-extended/37-feature-chamber-heater/...
>> Copying custom files...
'overlays/firmware-extended/37-feature-chamber-heater//root/./usr/local/bin/dragonbreath_migrate.py' -> '/home/administrator/00.Snapmaker-Firmware-current/tmp/firmware/rootfs/./usr/local/bin/dragonbreath_migrate.py'
'overlays/firmware-extended/37-feature-chamber-heater//root/./usr/local/bin/panda_breath_cli.py' -> '/home/administrator/00.Snapmaker-Firmware-current/tmp/firmware/rootfs/./usr/local/bin/panda_breath_cli.py'
'overlays/firmware-extended/37-feature-chamber-heater//root/./usr/local/share/firmware-config/functions/25_settings_snapmaker_components_chamber_heater.yaml' -> '/home/administrator/00.Snapmaker-Firmware-current/tmp/firmware/rootfs/./usr/local/share/firmware-config/functions/25_settings_snapmaker_components_chamber_heater.yaml'
'overlays/firmware-extended/37-feature-chamber-heater//root/./usr/local/share/firmware-config/functions/26_settings_snapmaker_components_chamber_heater_panda.yaml' -> '/home/administrator/00.Snapmaker-Firmware-current/tmp/firmware/rootfs/./usr/local/share/firmware-config/functions/26_settings_snapmaker_components_chamber_heater_panda.yaml'
'overlays/firmware-extended/37-feature-chamber-heater//root/./usr/local/share/firmware-config/functions/27_settings_snapmaker_components_chamber_heater_dragonbreath.yaml' -> '/home/administrator/00.Snapmaker-Firmware-current/tmp/firmware/rootfs/./usr/local/share/firmware-config/functions/27_settings_snapmaker_components_chamber_heater_dragonbreath.yaml'
'overlays/firmware-extended/37-feature-chamber-heater//root/./usr/local/share/firmware-config/functions/28_actions_chamber_heater.yaml' -> '/home/administrator/00.Snapmaker-Firmware-current/tmp/firmware/rootfs/./usr/local/share/firmware-config/functions/28_actions_chamber_heater.yaml'
'overlays/firmware-extended/37-feature-chamber-heater//root/./usr/local/share/firmware-config/tweaks/klipper/dragonbreath.cfg' -> '/home/administrator/00.Snapmaker-Firmware-current/tmp/firmware/rootfs/./usr/local/share/firmware-config/tweaks/klipper/dragonbreath.cfg'
'overlays/firmware-extended/37-feature-chamber-heater//root/./usr/local/share/firmware-config/tweaks/klipper/dragonbreath_heater.cfg' -> '/home/administrator/00.Snapmaker-Firmware-current/tmp/firmware/rootfs/./usr/local/share/firmware-config/tweaks/klipper/dragonbreath_heater.cfg'
'overlays/firmware-extended/37-feature-chamber-heater//root/./usr/local/share/firmware-config/tweaks/klipper/panda_breath.cfg' -> '/home/administrator/00.Snapmaker-Firmware-current/tmp/firmware/rootfs/./usr/local/share/firmware-config/tweaks/klipper/panda_breath.cfg'
'overlays/firmware-extended/37-feature-chamber-heater//root/./usr/local/share/firmware-config/tweaks/klipper/panda_breath_heater_auto.cfg' -> '/home/administrator/00.Snapmaker-Firmware-current/tmp/firmware/rootfs/./usr/local/share/firmware-config/tweaks/klipper/panda_breath_heater_auto.cfg'
'overlays/firmware-extended/37-feature-chamber-heater//root/./usr/local/share/firmware-config/tweaks/klipper/panda_breath_heater_manual.cfg' -> '/home/administrator/00.Snapmaker-Firmware-current/tmp/firmware/rootfs/./usr/local/share/firmware-config/tweaks/klipper/panda_breath_heater_manual.cfg'
[+] Running script: 01-install-dragonbreath.sh
>> Using cached git repository in /home/administrator/00.Snapmaker-Firmware-current/tmp/cache/dragonbreath-klipper
>> Installing DragonBreath Klipper extras...
>> DragonBreath installation completed successfully.
[+] Running script: 02-install-panda-breath.sh
>> Using cached git repository in /home/administrator/00.Snapmaker-Firmware-current/tmp/cache/pandabreath-klipper
>> Installing Panda Breath Klipper extras...
>> Panda Breath installation completed successfully.
[+] Running script: 03-bundle-dragonbreath-firmware.sh
>> Fetching + verifying DragonBreath v1.1.12 device firmware (build host)...
>> Verifying /home/administrator/00.Snapmaker-Firmware-current/tmp/cache/dragonbreath-v1.1.12.bin checksum...
>> Bundling DragonBreath firmware into the image...
>> DragonBreath firmware bundled (1135888 bytes, v1.1.12).
>> Applying overlay overlays/firmware-extended/38-feature-spoollink/...
>> Copying custom files...
'overlays/firmware-extended/38-feature-spoollink//root/./etc/hooks/klipper.d/10-spoollink.sh' -> '/home/administrator/00.Snapmaker-Firmware-current/tmp/firmware/rootfs/./etc/hooks/klipper.d/10-spoollink.sh'
'overlays/firmware-extended/38-feature-spoollink//root/./etc/hooks/moonraker.d/10-spoollink.sh' -> '/home/administrator/00.Snapmaker-Firmware-current/tmp/firmware/rootfs/./etc/hooks/moonraker.d/10-spoollink.sh'
'overlays/firmware-extended/38-feature-spoollink//root/./home/lava/klipper/klippy/extras/spoollink.py' -> '/home/administrator/00.Snapmaker-Firmware-current/tmp/firmware/rootfs/./home/lava/klipper/klippy/extras/spoollink.py'
'overlays/firmware-extended/38-feature-spoollink//root/./home/lava/moonraker/moonraker/components/spoollink.py' -> '/home/administrator/00.Snapmaker-Firmware-current/tmp/firmware/rootfs/./home/lava/moonraker/moonraker/components/spoollink.py'
'overlays/firmware-extended/38-feature-spoollink//root/./usr/local/share/firmware-config/functions/24_settings_snapmaker_components_spoolman.yaml' -> '/home/administrator/00.Snapmaker-Firmware-current/tmp/firmware/rootfs/./usr/local/share/firmware-config/functions/24_settings_snapmaker_components_spoolman.yaml'
'overlays/firmware-extended/38-feature-spoollink//root/./usr/local/share/spoollink' -> '/home/administrator/00.Snapmaker-Firmware-current/tmp/firmware/rootfs/./usr/local/share/spoollink'
'overlays/firmware-extended/38-feature-spoollink//root/./usr/local/share/spoollink/klipper.cfg' -> '/home/administrator/00.Snapmaker-Firmware-current/tmp/firmware/rootfs/./usr/local/share/spoollink/klipper.cfg'
>> Applying overlay overlays/firmware-extended/40-feature-upgrade-firmware/...
>> Copying custom files...
'overlays/firmware-extended/40-feature-upgrade-firmware//root/./etc/hooks/lmd.d/10-firmware-imposter.sh' -> '/home/administrator/00.Snapmaker-Firmware-current/tmp/firmware/rootfs/./etc/hooks/lmd.d/10-firmware-imposter.sh'
'overlays/firmware-extended/40-feature-upgrade-firmware//root/./usr/local/share/firmware-config/functions/17_settings_firmware_upgrade.yaml' -> '/home/administrator/00.Snapmaker-Firmware-current/tmp/firmware/rootfs/./usr/local/share/firmware-config/functions/17_settings_firmware_upgrade.yaml'
'overlays/firmware-extended/40-feature-upgrade-firmware//root/./usr/local/share/firmware-config/functions/18_firmware_upgrade.yaml' -> '/home/administrator/00.Snapmaker-Firmware-current/tmp/firmware/rootfs/./usr/local/share/firmware-config/functions/18_firmware_upgrade.yaml'
[+] Running script: 01-firmware-imposter.sh
>> Setting up cross-compilation environment...
>> Compiling firmware-imposter...
make[1]: Entering directory '/home/administrator/00.Snapmaker-Firmware-current/overlays/firmware-extended/40-feature-upgrade-firmware/apps/firmware-imposter'
install -d /home/administrator/00.Snapmaker-Firmware-current/tmp/firmware/rootfs/usr/local/lib
install -m 755 libfirmware-imposter.so /home/administrator/00.Snapmaker-Firmware-current/tmp/firmware/rootfs/usr/local/lib/
make[1]: Leaving directory '/home/administrator/00.Snapmaker-Firmware-current/overlays/firmware-extended/40-feature-upgrade-firmware/apps/firmware-imposter'
>> Validate binaries...
>> firmware-imposter installation completed successfully.
>> Applying overlay overlays/firmware-extended/41-feature-generic-purifier/...
[+] Applying patch: 01-purifier-fan-generic.patch in subdir ./home/lava/klipper
patching file klippy/extras/purifier.py
[+] Applying patch: 01-purifier-fan-generic.patch in subdir ./home/lava/origin_printer_data/config
patching file printer.cfg
Hunk #1 succeeded at 263 (offset 1 line).
Hunk #2 succeeded at 738 (offset 1 line).
>> Applying overlay overlays/firmware-extended/41-feature-toolhead-mcu-simulator/...
>> Copying custom files...
'overlays/firmware-extended/41-feature-toolhead-mcu-simulator//root/./etc/init.d/S59toolhead-sim' -> '/home/administrator/00.Snapmaker-Firmware-current/tmp/firmware/rootfs/./etc/init.d/S59toolhead-sim'
'overlays/firmware-extended/41-feature-toolhead-mcu-simulator//root/./usr/local/share/firmware-config/tweaks/klipper/faulty_toolhead1_mcu.cfg' -> '/home/administrator/00.Snapmaker-Firmware-current/tmp/firmware/rootfs/./usr/local/share/firmware-config/tweaks/klipper/faulty_toolhead1_mcu.cfg'
'overlays/firmware-extended/41-feature-toolhead-mcu-simulator//root/./usr/local/share/firmware-config/tweaks/klipper/faulty_toolhead2_mcu.cfg' -> '/home/administrator/00.Snapmaker-Firmware-current/tmp/firmware/rootfs/./usr/local/share/firmware-config/tweaks/klipper/faulty_toolhead2_mcu.cfg'
'overlays/firmware-extended/41-feature-toolhead-mcu-simulator//root/./usr/local/share/firmware-config/tweaks/klipper/faulty_toolhead3_mcu.cfg' -> '/home/administrator/00.Snapmaker-Firmware-current/tmp/firmware/rootfs/./usr/local/share/firmware-config/tweaks/klipper/faulty_toolhead3_mcu.cfg'
'overlays/firmware-extended/41-feature-toolhead-mcu-simulator//root/./usr/local/share/firmware-config/tweaks/klipper/faulty_toolhead4_mcu.cfg' -> '/home/administrator/00.Snapmaker-Firmware-current/tmp/firmware/rootfs/./usr/local/share/firmware-config/tweaks/klipper/faulty_toolhead4_mcu.cfg'
'overlays/firmware-extended/41-feature-toolhead-mcu-simulator//root/./usr/local/share/toolhead-sim' -> '/home/administrator/00.Snapmaker-Firmware-current/tmp/firmware/rootfs/./usr/local/share/toolhead-sim'
'overlays/firmware-extended/41-feature-toolhead-mcu-simulator//root/./usr/local/share/toolhead-sim/pins.conf' -> '/home/administrator/00.Snapmaker-Firmware-current/tmp/firmware/rootfs/./usr/local/share/toolhead-sim/pins.conf'
[+] Running script: 01-build-toolhead-sim.sh
>> Using cached git repository in /home/administrator/00.Snapmaker-Firmware-current/tmp/cache/u1-klipper-dummy-at32f403a
HEAD is now at 10f2f697 Release firmware version 1.6.0
Removing .config
Removing .config.old
Removing klippy/__pycache__/
Removing lib/kconfiglib/__pycache__/
Removing out/
Removing src/dummy_at32f403a/
>> Applying dummy_at32f403a board patch...
patching file src/Kconfig
patching file src/dummy_at32f403a/Kconfig
patching file src/dummy_at32f403a/Makefile
patching file src/dummy_at32f403a/adc.c
patching file src/dummy_at32f403a/console.c
patching file src/dummy_at32f403a/gpio.c
patching file src/dummy_at32f403a/gpio.h
patching file src/dummy_at32f403a/i2c.c
patching file src/dummy_at32f403a/inductance_coil.c
patching file src/dummy_at32f403a/internal.h
patching file src/dummy_at32f403a/main.c
patching file src/dummy_at32f403a/pinvalues.c
patching file src/dummy_at32f403a/power_loss_check.c
patching file src/dummy_at32f403a/spi.c
patching file src/dummy_at32f403a/timer.c
patching file src/dummy_at32f403a/watchdog.c
>> Configuring dummy_at32f403a board...
make[1]: Entering directory '/home/administrator/00.Snapmaker-Firmware-current/tmp/cache/u1-klipper-dummy-at32f403a'
  Creating symbolic link out/board
Loaded configuration '/home/administrator/00.Snapmaker-Firmware-current/tmp/cache/u1-klipper-dummy-at32f403a/.config'
Configuration saved to '/home/administrator/00.Snapmaker-Firmware-current/tmp/cache/u1-klipper-dummy-at32f403a/.config'
make[1]: Leaving directory '/home/administrator/00.Snapmaker-Firmware-current/tmp/cache/u1-klipper-dummy-at32f403a'
>> Compiling klipper-dummy-at32f403a...
make[1]: Entering directory '/home/administrator/00.Snapmaker-Firmware-current/tmp/cache/u1-klipper-dummy-at32f403a'
  Creating symbolic link out/board
make[1]: Leaving directory '/home/administrator/00.Snapmaker-Firmware-current/tmp/cache/u1-klipper-dummy-at32f403a'
make[1]: Entering directory '/home/administrator/00.Snapmaker-Firmware-current/tmp/cache/u1-klipper-dummy-at32f403a'
  Creating symbolic link out/board
  Building out/autoconf.h
  Compiling out/src/sched.o
  Compiling out/src/command.o
  Compiling out/src/i2ccmds.o
  Compiling out/src/basecmd.o
  Compiling out/src/debugcmds.o
  Compiling out/src/initial_pins.o
  Compiling out/src/gpiocmds.o
  Compiling out/src/stepper.o
  Compiling out/src/endstop.o
  Compiling out/src/trsync.o
  Compiling out/src/adccmds.o
  Compiling out/src/spicmds.o
  Compiling out/src/buttons.o
  Compiling out/src/tmcuart.o
  Compiling out/src/neopixel.o
  Compiling out/src/pulse_counter.o
  Compiling out/src/lcd_st7920.o
  Compiling out/src/lcd_hd44780.o
  Compiling out/src/spi_software.o
  Compiling out/src/i2c_software.o
  Compiling out/src/thermocouple.o
  Compiling out/src/sensor_adxl345.o
  Compiling out/src/sensor_angle.o
  Compiling out/src/sensor_mpu9250.o
  Compiling out/src/sensor_lis2dw.o
  Compiling out/src/sensor_ldc1612.o
  Compiling out/src/sensor_bulk.o
  Compiling out/src/dummy_at32f403a/main.o
  Compiling out/src/dummy_at32f403a/timer.o
  Compiling out/src/dummy_at32f403a/console.o
  Compiling out/src/dummy_at32f403a/watchdog.o
  Compiling out/src/dummy_at32f403a/gpio.o
  Compiling out/src/dummy_at32f403a/adc.o
  Compiling out/src/dummy_at32f403a/i2c.o
  Compiling out/src/dummy_at32f403a/pinvalues.o
  Compiling out/src/dummy_at32f403a/spi.o
  Compiling out/src/generic/crc16_ccitt.o
  Compiling out/src/generic/alloc.o
  Compiling out/src/dummy_at32f403a/inductance_coil.o
  Compiling out/src/dummy_at32f403a/power_loss_check.o
In file included from src/command.h:7,
                 from src/dummy_at32f403a/adc.c:17:
src/ctr.h:22:22: warning: comparison of unsigned expression in ‘< 0’ is always false [-Wtype-limits]
   22 |         ' ', (VALUE) < 0 ? '-' : '+', '0', 'x',         \
      |                      ^
src/ctr.h:36:22: note: in definition of macro ‘DECL_CTR_INT’
   36 |         (REQUEST), { args }, 0 }
      |                      ^~~~
src/command.h:27:56: note: in expansion of macro ‘CTR_INT’
   27 |     DECL_CTR_INT("DECL_ENUMERATION " ENUM " " NAME, 1, CTR_INT(VALUE))
      |                                                        ^~~~~~~
src/dummy_at32f403a/adc.c:27:1: note: in expansion of macro ‘DECL_ENUMERATION’
   27 | DECL_ENUMERATION("pin", "ADC_TEMPERATURE", ADC_TEMPERATURE_PIN);
      | ^~~~~~~~~~~~~~~~
src/ctr.h:20:29: warning: comparison of unsigned expression in ‘< 0’ is always false [-Wtype-limits]
   20 | #define _CTR_INT(V, S) ((V) < 0 ? _CTR_SHIFT(-(V), (S)) : _CTR_SHIFT((V), (S)))
      |                             ^
src/ctr.h:36:22: note: in definition of macro ‘DECL_CTR_INT’
   36 |         (REQUEST), { args }, 0 }
      |                      ^~~~
src/ctr.h:23:9: note: in expansion of macro ‘_CTR_INT’
   23 |         _CTR_INT((VALUE),28), _CTR_INT((VALUE),24),     \
      |         ^~~~~~~~
src/command.h:27:56: note: in expansion of macro ‘CTR_INT’
   27 |     DECL_CTR_INT("DECL_ENUMERATION " ENUM " " NAME, 1, CTR_INT(VALUE))
      |                                                        ^~~~~~~
src/dummy_at32f403a/adc.c:27:1: note: in expansion of macro ‘DECL_ENUMERATION’
   27 | DECL_ENUMERATION("pin", "ADC_TEMPERATURE", ADC_TEMPERATURE_PIN);
      | ^~~~~~~~~~~~~~~~
  Compiling out/src/sensor_sc7a20.o
src/ctr.h:20:29: warning: comparison of unsigned expression in ‘< 0’ is always false [-Wtype-limits]
   20 | #define _CTR_INT(V, S) ((V) < 0 ? _CTR_SHIFT(-(V), (S)) : _CTR_SHIFT((V), (S)))
      |                             ^
src/ctr.h:36:22: note: in definition of macro ‘DECL_CTR_INT’
   36 |         (REQUEST), { args }, 0 }
      |                      ^~~~
src/ctr.h:23:31: note: in expansion of macro ‘_CTR_INT’
   23 |         _CTR_INT((VALUE),28), _CTR_INT((VALUE),24),     \
      |                               ^~~~~~~~
src/command.h:27:56: note: in expansion of macro ‘CTR_INT’
   27 |     DECL_CTR_INT("DECL_ENUMERATION " ENUM " " NAME, 1, CTR_INT(VALUE))
      |                                                        ^~~~~~~
src/dummy_at32f403a/adc.c:27:1: note: in expansion of macro ‘DECL_ENUMERATION’
   27 | DECL_ENUMERATION("pin", "ADC_TEMPERATURE", ADC_TEMPERATURE_PIN);
      | ^~~~~~~~~~~~~~~~
src/ctr.h:20:29: warning: comparison of unsigned expression in ‘< 0’ is always false [-Wtype-limits]
   20 | #define _CTR_INT(V, S) ((V) < 0 ? _CTR_SHIFT(-(V), (S)) : _CTR_SHIFT((V), (S)))
      |                             ^
src/ctr.h:36:22: note: in definition of macro ‘DECL_CTR_INT’
   36 |         (REQUEST), { args }, 0 }
      |                      ^~~~
src/ctr.h:24:9: note: in expansion of macro ‘_CTR_INT’
   24 |         _CTR_INT((VALUE),20), _CTR_INT((VALUE),16),     \
      |         ^~~~~~~~
src/command.h:27:56: note: in expansion of macro ‘CTR_INT’
   27 |     DECL_CTR_INT("DECL_ENUMERATION " ENUM " " NAME, 1, CTR_INT(VALUE))
      |                                                        ^~~~~~~
src/dummy_at32f403a/adc.c:27:1: note: in expansion of macro ‘DECL_ENUMERATION’
   27 | DECL_ENUMERATION("pin", "ADC_TEMPERATURE", ADC_TEMPERATURE_PIN);
      | ^~~~~~~~~~~~~~~~
src/ctr.h:20:29: warning: comparison of unsigned expression in ‘< 0’ is always false [-Wtype-limits]
   20 | #define _CTR_INT(V, S) ((V) < 0 ? _CTR_SHIFT(-(V), (S)) : _CTR_SHIFT((V), (S)))
      |                             ^
src/ctr.h:36:22: note: in definition of macro ‘DECL_CTR_INT’
   36 |         (REQUEST), { args }, 0 }
      |                      ^~~~
src/ctr.h:24:31: note: in expansion of macro ‘_CTR_INT’
   24 |         _CTR_INT((VALUE),20), _CTR_INT((VALUE),16),     \
      |                               ^~~~~~~~
src/command.h:27:56: note: in expansion of macro ‘CTR_INT’
   27 |     DECL_CTR_INT("DECL_ENUMERATION " ENUM " " NAME, 1, CTR_INT(VALUE))
      |                                                        ^~~~~~~
src/dummy_at32f403a/adc.c:27:1: note: in expansion of macro ‘DECL_ENUMERATION’
   27 | DECL_ENUMERATION("pin", "ADC_TEMPERATURE", ADC_TEMPERATURE_PIN);
      | ^~~~~~~~~~~~~~~~
src/ctr.h:20:29: warning: comparison of unsigned expression in ‘< 0’ is always false [-Wtype-limits]
   20 | #define _CTR_INT(V, S) ((V) < 0 ? _CTR_SHIFT(-(V), (S)) : _CTR_SHIFT((V), (S)))
      |                             ^
src/ctr.h:36:22: note: in definition of macro ‘DECL_CTR_INT’
   36 |         (REQUEST), { args }, 0 }
      |                      ^~~~
src/ctr.h:25:9: note: in expansion of macro ‘_CTR_INT’
   25 |         _CTR_INT((VALUE),12), _CTR_INT((VALUE),8),      \
      |         ^~~~~~~~
src/command.h:27:56: note: in expansion of macro ‘CTR_INT’
   27 |     DECL_CTR_INT("DECL_ENUMERATION " ENUM " " NAME, 1, CTR_INT(VALUE))
      |                                                        ^~~~~~~
src/dummy_at32f403a/adc.c:27:1: note: in expansion of macro ‘DECL_ENUMERATION’
   27 | DECL_ENUMERATION("pin", "ADC_TEMPERATURE", ADC_TEMPERATURE_PIN);
      | ^~~~~~~~~~~~~~~~
src/ctr.h:20:29: warning: comparison of unsigned expression in ‘< 0’ is always false [-Wtype-limits]
   20 | #define _CTR_INT(V, S) ((V) < 0 ? _CTR_SHIFT(-(V), (S)) : _CTR_SHIFT((V), (S)))
      |                             ^
src/ctr.h:36:22: note: in definition of macro ‘DECL_CTR_INT’
   36 |         (REQUEST), { args }, 0 }
      |                      ^~~~
src/ctr.h:25:31: note: in expansion of macro ‘_CTR_INT’
   25 |         _CTR_INT((VALUE),12), _CTR_INT((VALUE),8),      \
      |                               ^~~~~~~~
src/command.h:27:56: note: in expansion of macro ‘CTR_INT’
   27 |     DECL_CTR_INT("DECL_ENUMERATION " ENUM " " NAME, 1, CTR_INT(VALUE))
      |                                                        ^~~~~~~
src/dummy_at32f403a/adc.c:27:1: note: in expansion of macro ‘DECL_ENUMERATION’
   27 | DECL_ENUMERATION("pin", "ADC_TEMPERATURE", ADC_TEMPERATURE_PIN);
      | ^~~~~~~~~~~~~~~~
src/ctr.h:20:29: warning: comparison of unsigned expression in ‘< 0’ is always false [-Wtype-limits]
   20 | #define _CTR_INT(V, S) ((V) < 0 ? _CTR_SHIFT(-(V), (S)) : _CTR_SHIFT((V), (S)))
      |                             ^
src/ctr.h:36:22: note: in definition of macro ‘DECL_CTR_INT’
   36 |         (REQUEST), { args }, 0 }
      |                      ^~~~
src/ctr.h:26:9: note: in expansion of macro ‘_CTR_INT’
   26 |         _CTR_INT((VALUE),4), _CTR_INT((VALUE),0) }
      |         ^~~~~~~~
src/command.h:27:56: note: in expansion of macro ‘CTR_INT’
   27 |     DECL_CTR_INT("DECL_ENUMERATION " ENUM " " NAME, 1, CTR_INT(VALUE))
      |                                                        ^~~~~~~
src/dummy_at32f403a/adc.c:27:1: note: in expansion of macro ‘DECL_ENUMERATION’
   27 | DECL_ENUMERATION("pin", "ADC_TEMPERATURE", ADC_TEMPERATURE_PIN);
      | ^~~~~~~~~~~~~~~~
src/ctr.h:20:29: warning: comparison of unsigned expression in ‘< 0’ is always false [-Wtype-limits]
   20 | #define _CTR_INT(V, S) ((V) < 0 ? _CTR_SHIFT(-(V), (S)) : _CTR_SHIFT((V), (S)))
      |                             ^
src/ctr.h:36:22: note: in definition of macro ‘DECL_CTR_INT’
   36 |         (REQUEST), { args }, 0 }
      |                      ^~~~
src/ctr.h:26:30: note: in expansion of macro ‘_CTR_INT’
   26 |         _CTR_INT((VALUE),4), _CTR_INT((VALUE),0) }
      |                              ^~~~~~~~
src/command.h:27:56: note: in expansion of macro ‘CTR_INT’
   27 |     DECL_CTR_INT("DECL_ENUMERATION " ENUM " " NAME, 1, CTR_INT(VALUE))
      |                                                        ^~~~~~~
src/dummy_at32f403a/adc.c:27:1: note: in expansion of macro ‘DECL_ENUMERATION’
   27 | DECL_ENUMERATION("pin", "ADC_TEMPERATURE", ADC_TEMPERATURE_PIN);
      | ^~~~~~~~~~~~~~~~
  Building out/compile_time_request.o
Version: 10f2f697-dirty-20261002_221739-B
  Linking out/klipper.elf
make[1]: Leaving directory '/home/administrator/00.Snapmaker-Firmware-current/tmp/cache/u1-klipper-dummy-at32f403a'
>> Installing klipper-dummy-at32f403a...
>> Validate binary...
>> dummy_at32f403a toolhead simulator build completed successfully.
>> Applying overlay overlays/firmware-extended/60-app-camera/...
[+] Applying patch: 01-allow-lava-user-control-over-cameras.patch in subdir .
patching file etc/group
>> Copying custom files...
'overlays/firmware-extended/60-app-camera//root/./etc/hooks/lmd.d/20-camera-selection.sh' -> '/home/administrator/00.Snapmaker-Firmware-current/tmp/firmware/rootfs/./etc/hooks/lmd.d/20-camera-selection.sh'
'overlays/firmware-extended/60-app-camera//root/./etc/init.d/S99v4l2-mpp-mipi' -> '/home/administrator/00.Snapmaker-Firmware-current/tmp/firmware/rootfs/./etc/init.d/S99v4l2-mpp-mipi'
'overlays/firmware-extended/60-app-camera//root/./etc/init.d/S99v4l2-mpp-usb' -> '/home/administrator/00.Snapmaker-Firmware-current/tmp/firmware/rootfs/./etc/init.d/S99v4l2-mpp-usb'
'overlays/firmware-extended/60-app-camera//root/./etc/udev/rules.d/99-v4l2-mpp-usb.rules' -> '/home/administrator/00.Snapmaker-Firmware-current/tmp/firmware/rootfs/./etc/udev/rules.d/99-v4l2-mpp-usb.rules'
'overlays/firmware-extended/60-app-camera//root/./usr/local/share/firmware-config/extended/camera' -> '/home/administrator/00.Snapmaker-Firmware-current/tmp/firmware/rootfs/./usr/local/share/firmware-config/extended/camera'
'overlays/firmware-extended/60-app-camera//root/./usr/local/share/firmware-config/extended/camera/README' -> '/home/administrator/00.Snapmaker-Firmware-current/tmp/firmware/rootfs/./usr/local/share/firmware-config/extended/camera/README'
'overlays/firmware-extended/60-app-camera//root/./usr/local/share/firmware-config/extended/moonraker/02_internal_camera.cfg' -> '/home/administrator/00.Snapmaker-Firmware-current/tmp/firmware/rootfs/./usr/local/share/firmware-config/extended/moonraker/02_internal_camera.cfg'
'overlays/firmware-extended/60-app-camera//root/./usr/local/share/firmware-config/extended/moonraker/03_usb_camera.cfg' -> '/home/administrator/00.Snapmaker-Firmware-current/tmp/firmware/rootfs/./usr/local/share/firmware-config/extended/moonraker/03_usb_camera.cfg'
'overlays/firmware-extended/60-app-camera//root/./usr/local/share/firmware-config/functions/15_settings_camera.yaml' -> '/home/administrator/00.Snapmaker-Firmware-current/tmp/firmware/rootfs/./usr/local/share/firmware-config/functions/15_settings_camera.yaml'
[+] Running script: 01-v4l2-mpp.sh
>> Using cached git repository in /home/administrator/00.Snapmaker-Firmware-current/tmp/cache/v4l2-mpp
>> Setting up cross-compilation environment...
>> Compiling dependencies...
make[1]: Entering directory '/home/administrator/00.Snapmaker-Firmware-current/tmp/cache/v4l2-mpp'
Makefile:17: "libdatachannel not compiled. Run ./deps/compile_libdatachannel.sh to compile it."
Makefile:23: "libliveMedia not compiled. Run ./deps/compile_livemedia.sh to compile it."
deps/compile_mpp.sh
+ cd mpp
+ cmake . -DBUILD_SHARED_LIBS=OFF -DBUILD_TEST=OFF -DCMAKE_BUILD_TYPE=Release -DCMAKE_INSTALL_PREFIX=/home/administrator/00.Snapmaker-Firmware-current/tmp/cache/v4l2-mpp/deps/mpp/usr-local
-- cmake version 3.28.3
CMake Warning (dev) at CMakeLists.txt:31 (project):
  cmake_minimum_required() should be called prior to this top-level project()
  call.  Please see the cmake-commands(7) manual for usage documentation of
  both commands.
This warning is for project developers.  Use -Wno-dev to suppress it.

CMake Deprecation Warning at CMakeLists.txt:33 (cmake_minimum_required):
  Compatibility with CMake < 3.5 will be removed from a future version of
  CMake.

  Update the VERSION argument <min> value or use a ...<max> suffix to tell
  CMake that the project does not need compatibility with older versions.


-- Detected x86 system processor
-- Define X86_64 to 1
-- current version:
-- 437bfbeb author: nyanmisaka    2025-11-10 fix[cmake]: Add dependent libs to pkgconfig
-- git version history:
-- 437bfbeb author: nyanmisaka    2025-11-10 fix[cmake]: Add dependent libs to pkgconfig  (HEAD)
-- 9233e3bd author: Yanjun Liao   2025-11-07 fix[mpp_enc_impl]: Fix ref_cfg setup error
-- acd55379 author: Johnson Ding  2025-11-07 fix[avs2d]: fix parser segment fault
-- 3b338216 author: Herman Chen   2025-11-06 fix[vproc]: Fix missing hdr_info on vproc flow
-- 2771f34e author: Herman Chen   2025-11-06 feat[mpp_meta]: Add frame / meta dup function
-- 52f005f2 author: Yanjun Liao   2025-11-05 fix[mpp_singleton]: Fix 64-bit mask overflow
-- 425552cb author: xiaoxu.chen   2025-11-03 feat[mpp]: Use macro to create mpp_cfg
-- 647da8e0 author: xiaoxu.chen   2025-11-03 chore[mpp]: Rename some enum and macro
-- 47f66b60 author: xiaoxu.chen   2025-11-03 fix[inc]: Reserve split variable for compatibility
-- ec560655 author: xiaoxu.chen   2025-10-29 chore[mpp]: Delete mpp_enc_cfg_impl.h
-- total 10 git version recorded
-- Could NOT find PkgConfig (missing: PKG_CONFIG_EXECUTABLE) 
-- Checking for one of the modules 'pthread'
CMake Deprecation Warning at osal/CMakeLists.txt:2 (cmake_minimum_required):
  Compatibility with CMake < 3.5 will be removed from a future version of
  CMake.

  Update the VERSION argument <min> value or use a ...<max> suffix to tell
  CMake that the project does not need compatibility with older versions.


-- Configuring done (0.5s)
-- Generating done (0.1s)
-- Build files have been written to: /home/administrator/00.Snapmaker-Firmware-current/tmp/cache/v4l2-mpp/deps/mpp
+ make -j5 install
make[2]: Entering directory '/home/administrator/00.Snapmaker-Firmware-current/tmp/cache/v4l2-mpp/deps/mpp'
make[3]: Entering directory '/home/administrator/00.Snapmaker-Firmware-current/tmp/cache/v4l2-mpp/deps/mpp'
make[4]: Entering directory '/home/administrator/00.Snapmaker-Firmware-current/tmp/cache/v4l2-mpp/deps/mpp'
make[4]: Entering directory '/home/administrator/00.Snapmaker-Firmware-current/tmp/cache/v4l2-mpp/deps/mpp'
make[4]: Entering directory '/home/administrator/00.Snapmaker-Firmware-current/tmp/cache/v4l2-mpp/deps/mpp'
make[4]: Entering directory '/home/administrator/00.Snapmaker-Firmware-current/tmp/cache/v4l2-mpp/deps/mpp'
make[4]: Entering directory '/home/administrator/00.Snapmaker-Firmware-current/tmp/cache/v4l2-mpp/deps/mpp'
make[4]: Leaving directory '/home/administrator/00.Snapmaker-Firmware-current/tmp/cache/v4l2-mpp/deps/mpp'
make[4]: Leaving directory '/home/administrator/00.Snapmaker-Firmware-current/tmp/cache/v4l2-mpp/deps/mpp'
make[4]: Leaving directory '/home/administrator/00.Snapmaker-Firmware-current/tmp/cache/v4l2-mpp/deps/mpp'
make[4]: Leaving directory '/home/administrator/00.Snapmaker-Firmware-current/tmp/cache/v4l2-mpp/deps/mpp'
make[4]: Leaving directory '/home/administrator/00.Snapmaker-Firmware-current/tmp/cache/v4l2-mpp/deps/mpp'
[ 11%] Built target osal
[ 12%] Built target kmpp_base
[ 14%] Built target vproc_iep2
make[4]: Entering directory '/home/administrator/00.Snapmaker-Firmware-current/tmp/cache/v4l2-mpp/deps/mpp'
[ 15%] Built target kmpp
make[4]: Entering directory '/home/administrator/00.Snapmaker-Firmware-current/tmp/cache/v4l2-mpp/deps/mpp'
make[4]: Entering directory '/home/administrator/00.Snapmaker-Firmware-current/tmp/cache/v4l2-mpp/deps/mpp'
make[4]: Entering directory '/home/administrator/00.Snapmaker-Firmware-current/tmp/cache/v4l2-mpp/deps/mpp'
[ 21%] Built target mpp_base
make[4]: Entering directory '/home/administrator/00.Snapmaker-Firmware-current/tmp/cache/v4l2-mpp/deps/mpp'
make[4]: Leaving directory '/home/administrator/00.Snapmaker-Firmware-current/tmp/cache/v4l2-mpp/deps/mpp'
make[4]: Leaving directory '/home/administrator/00.Snapmaker-Firmware-current/tmp/cache/v4l2-mpp/deps/mpp'
make[4]: Leaving directory '/home/administrator/00.Snapmaker-Firmware-current/tmp/cache/v4l2-mpp/deps/mpp'
make[4]: Leaving directory '/home/administrator/00.Snapmaker-Firmware-current/tmp/cache/v4l2-mpp/deps/mpp'
[ 22%] Built target vproc_iep
make[4]: Leaving directory '/home/administrator/00.Snapmaker-Firmware-current/tmp/cache/v4l2-mpp/deps/mpp'
[ 22%] Built target codec_dummy_dec
[ 22%] Built target mpp_rc
make[4]: Entering directory '/home/administrator/00.Snapmaker-Firmware-current/tmp/cache/v4l2-mpp/deps/mpp'
make[4]: Entering directory '/home/administrator/00.Snapmaker-Firmware-current/tmp/cache/v4l2-mpp/deps/mpp'
make[4]: Entering directory '/home/administrator/00.Snapmaker-Firmware-current/tmp/cache/v4l2-mpp/deps/mpp'
[ 23%] Built target vdpu34x_com
[ 24%] Built target codec_dummy_enc
make[4]: Entering directory '/home/administrator/00.Snapmaker-Firmware-current/tmp/cache/v4l2-mpp/deps/mpp'
make[4]: Leaving directory '/home/administrator/00.Snapmaker-Firmware-current/tmp/cache/v4l2-mpp/deps/mpp'
make[4]: Entering directory '/home/administrator/00.Snapmaker-Firmware-current/tmp/cache/v4l2-mpp/deps/mpp'
make[4]: Leaving directory '/home/administrator/00.Snapmaker-Firmware-current/tmp/cache/v4l2-mpp/deps/mpp'
make[4]: Leaving directory '/home/administrator/00.Snapmaker-Firmware-current/tmp/cache/v4l2-mpp/deps/mpp'
[ 25%] Built target vdpu384a_com
[ 25%] Built target vdpu383_com
make[4]: Leaving directory '/home/administrator/00.Snapmaker-Firmware-current/tmp/cache/v4l2-mpp/deps/mpp'
make[4]: Leaving directory '/home/administrator/00.Snapmaker-Firmware-current/tmp/cache/v4l2-mpp/deps/mpp'
make[4]: Entering directory '/home/administrator/00.Snapmaker-Firmware-current/tmp/cache/v4l2-mpp/deps/mpp'
[ 26%] Built target hal_avsd
make[4]: Entering directory '/home/administrator/00.Snapmaker-Firmware-current/tmp/cache/v4l2-mpp/deps/mpp'
make[4]: Entering directory '/home/administrator/00.Snapmaker-Firmware-current/tmp/cache/v4l2-mpp/deps/mpp'
make[4]: Leaving directory '/home/administrator/00.Snapmaker-Firmware-current/tmp/cache/v4l2-mpp/deps/mpp'
[ 28%] Built target hal_vepu541_common
[ 29%] Built target hal_common
make[4]: Entering directory '/home/administrator/00.Snapmaker-Firmware-current/tmp/cache/v4l2-mpp/deps/mpp'
make[4]: Entering directory '/home/administrator/00.Snapmaker-Firmware-current/tmp/cache/v4l2-mpp/deps/mpp'
make[4]: Leaving directory '/home/administrator/00.Snapmaker-Firmware-current/tmp/cache/v4l2-mpp/deps/mpp'
[ 30%] Built target hal_jpege_com
make[4]: Leaving directory '/home/administrator/00.Snapmaker-Firmware-current/tmp/cache/v4l2-mpp/deps/mpp'
make[4]: Entering directory '/home/administrator/00.Snapmaker-Firmware-current/tmp/cache/v4l2-mpp/deps/mpp'
make[4]: Leaving directory '/home/administrator/00.Snapmaker-Firmware-current/tmp/cache/v4l2-mpp/deps/mpp'
make[4]: Leaving directory '/home/administrator/00.Snapmaker-Firmware-current/tmp/cache/v4l2-mpp/deps/mpp'
[ 31%] Built target hal_dummy
make[4]: Entering directory '/home/administrator/00.Snapmaker-Firmware-current/tmp/cache/v4l2-mpp/deps/mpp'
make[4]: Leaving directory '/home/administrator/00.Snapmaker-Firmware-current/tmp/cache/v4l2-mpp/deps/mpp'
[ 31%] Built target hal_av1d_com
[ 36%] Built target utils
[ 33%] Built target vproc_vdpp
make[4]: Entering directory '/home/administrator/00.Snapmaker-Firmware-current/tmp/cache/v4l2-mpp/deps/mpp'
make[4]: Leaving directory '/home/administrator/00.Snapmaker-Firmware-current/tmp/cache/v4l2-mpp/deps/mpp'
make[4]: Entering directory '/home/administrator/00.Snapmaker-Firmware-current/tmp/cache/v4l2-mpp/deps/mpp'
make[4]: Entering directory '/home/administrator/00.Snapmaker-Firmware-current/tmp/cache/v4l2-mpp/deps/mpp'
[ 37%] Built target hal_av1d_rkv
make[4]: Entering directory '/home/administrator/00.Snapmaker-Firmware-current/tmp/cache/v4l2-mpp/deps/mpp'
make[4]: Leaving directory '/home/administrator/00.Snapmaker-Firmware-current/tmp/cache/v4l2-mpp/deps/mpp'
[ 37%] Built target dec_common
make[4]: Leaving directory '/home/administrator/00.Snapmaker-Firmware-current/tmp/cache/v4l2-mpp/deps/mpp'
make[4]: Entering directory '/home/administrator/00.Snapmaker-Firmware-current/tmp/cache/v4l2-mpp/deps/mpp'
make[4]: Leaving directory '/home/administrator/00.Snapmaker-Firmware-current/tmp/cache/v4l2-mpp/deps/mpp'
make[4]: Leaving directory '/home/administrator/00.Snapmaker-Firmware-current/tmp/cache/v4l2-mpp/deps/mpp'
[ 38%] Built target codec_avsd
[ 39%] Built target codec_mpeg2d
[ 41%] Built target codec_avs2d
make[4]: Entering directory '/home/administrator/00.Snapmaker-Firmware-current/tmp/cache/v4l2-mpp/deps/mpp'
make[4]: Leaving directory '/home/administrator/00.Snapmaker-Firmware-current/tmp/cache/v4l2-mpp/deps/mpp'
make[4]: Entering directory '/home/administrator/00.Snapmaker-Firmware-current/tmp/cache/v4l2-mpp/deps/mpp'
make[4]: Entering directory '/home/administrator/00.Snapmaker-Firmware-current/tmp/cache/v4l2-mpp/deps/mpp'
[ 42%] Built target codec_h263d
make[4]: Entering directory '/home/administrator/00.Snapmaker-Firmware-current/tmp/cache/v4l2-mpp/deps/mpp'
make[4]: Leaving directory '/home/administrator/00.Snapmaker-Firmware-current/tmp/cache/v4l2-mpp/deps/mpp'
make[4]: Leaving directory '/home/administrator/00.Snapmaker-Firmware-current/tmp/cache/v4l2-mpp/deps/mpp'
make[4]: Leaving directory '/home/administrator/00.Snapmaker-Firmware-current/tmp/cache/v4l2-mpp/deps/mpp'
[ 43%] Built target codec_mpeg4d
make[4]: Entering directory '/home/administrator/00.Snapmaker-Firmware-current/tmp/cache/v4l2-mpp/deps/mpp'
[ 44%] Built target codec_vp8d
[ 45%] Built target codec_jpegd
[ 47%] Built target codec_vp9d
make[4]: Entering directory '/home/administrator/00.Snapmaker-Firmware-current/tmp/cache/v4l2-mpp/deps/mpp'
make[4]: Entering directory '/home/administrator/00.Snapmaker-Firmware-current/tmp/cache/v4l2-mpp/deps/mpp'
make[4]: Entering directory '/home/administrator/00.Snapmaker-Firmware-current/tmp/cache/v4l2-mpp/deps/mpp'
[ 48%] Built target codec_av1d
make[4]: Leaving directory '/home/administrator/00.Snapmaker-Firmware-current/tmp/cache/v4l2-mpp/deps/mpp'
make[4]: Entering directory '/home/administrator/00.Snapmaker-Firmware-current/tmp/cache/v4l2-mpp/deps/mpp'
make[4]: Leaving directory '/home/administrator/00.Snapmaker-Firmware-current/tmp/cache/v4l2-mpp/deps/mpp'
make[4]: Leaving directory '/home/administrator/00.Snapmaker-Firmware-current/tmp/cache/v4l2-mpp/deps/mpp'
make[4]: Leaving directory '/home/administrator/00.Snapmaker-Firmware-current/tmp/cache/v4l2-mpp/deps/mpp'
make[4]: Leaving directory '/home/administrator/00.Snapmaker-Firmware-current/tmp/cache/v4l2-mpp/deps/mpp'
[ 51%] Built target enc_rc
[ 54%] Built target codec_h265e
make[4]: Entering directory '/home/administrator/00.Snapmaker-Firmware-current/tmp/cache/v4l2-mpp/deps/mpp'
make[4]: Entering directory '/home/administrator/00.Snapmaker-Firmware-current/tmp/cache/v4l2-mpp/deps/mpp'
[ 54%] Built target codec_jpege
[ 54%] Built target vproc_rga
[ 54%] Built target codec_vp8e
make[4]: Entering directory '/home/administrator/00.Snapmaker-Firmware-current/tmp/cache/v4l2-mpp/deps/mpp'
make[4]: Leaving directory '/home/administrator/00.Snapmaker-Firmware-current/tmp/cache/v4l2-mpp/deps/mpp'
make[4]: Leaving directory '/home/administrator/00.Snapmaker-Firmware-current/tmp/cache/v4l2-mpp/deps/mpp'
make[4]: Entering directory '/home/administrator/00.Snapmaker-Firmware-current/tmp/cache/v4l2-mpp/deps/mpp'
make[4]: Entering directory '/home/administrator/00.Snapmaker-Firmware-current/tmp/cache/v4l2-mpp/deps/mpp'
make[4]: Leaving directory '/home/administrator/00.Snapmaker-Firmware-current/tmp/cache/v4l2-mpp/deps/mpp'
[ 55%] Built target hal_vepu_common
make[4]: Entering directory '/home/administrator/00.Snapmaker-Firmware-current/tmp/cache/v4l2-mpp/deps/mpp'
make[4]: Leaving directory '/home/administrator/00.Snapmaker-Firmware-current/tmp/cache/v4l2-mpp/deps/mpp'
[ 56%] Built target hal_h263d
[ 57%] Built target hal_mpeg2d
make[4]: Leaving directory '/home/administrator/00.Snapmaker-Firmware-current/tmp/cache/v4l2-mpp/deps/mpp'
make[4]: Entering directory '/home/administrator/00.Snapmaker-Firmware-current/tmp/cache/v4l2-mpp/deps/mpp'
make[4]: Entering directory '/home/administrator/00.Snapmaker-Firmware-current/tmp/cache/v4l2-mpp/deps/mpp'
[ 59%] Built target hal_mpeg4d
make[4]: Entering directory '/home/administrator/00.Snapmaker-Firmware-current/tmp/cache/v4l2-mpp/deps/mpp'
make[4]: Leaving directory '/home/administrator/00.Snapmaker-Firmware-current/tmp/cache/v4l2-mpp/deps/mpp'
make[4]: Leaving directory '/home/administrator/00.Snapmaker-Firmware-current/tmp/cache/v4l2-mpp/deps/mpp'
make[4]: Leaving directory '/home/administrator/00.Snapmaker-Firmware-current/tmp/cache/v4l2-mpp/deps/mpp'
[ 60%] Built target hal_vp8d
[ 62%] Built target hal_jpege_vpu
[ 62%] Built target hal_h264e_com
[ 64%] Built target hal_jpegd
make[4]: Entering directory '/home/administrator/00.Snapmaker-Firmware-current/tmp/cache/v4l2-mpp/deps/mpp'
make[4]: Entering directory '/home/administrator/00.Snapmaker-Firmware-current/tmp/cache/v4l2-mpp/deps/mpp'
make[4]: Entering directory '/home/administrator/00.Snapmaker-Firmware-current/tmp/cache/v4l2-mpp/deps/mpp'
make[4]: Entering directory '/home/administrator/00.Snapmaker-Firmware-current/tmp/cache/v4l2-mpp/deps/mpp'
make[4]: Leaving directory '/home/administrator/00.Snapmaker-Firmware-current/tmp/cache/v4l2-mpp/deps/mpp'
make[4]: Leaving directory '/home/administrator/00.Snapmaker-Firmware-current/tmp/cache/v4l2-mpp/deps/mpp'
make[4]: Leaving directory '/home/administrator/00.Snapmaker-Firmware-current/tmp/cache/v4l2-mpp/deps/mpp'
make[4]: Leaving directory '/home/administrator/00.Snapmaker-Firmware-current/tmp/cache/v4l2-mpp/deps/mpp'
[ 66%] Built target hal_vp8e
make[4]: Entering directory '/home/administrator/00.Snapmaker-Firmware-current/tmp/cache/v4l2-mpp/deps/mpp'
[ 68%] Built target hal_vp9d
make[4]: Leaving directory '/home/administrator/00.Snapmaker-Firmware-current/tmp/cache/v4l2-mpp/deps/mpp'
[ 70%] Built target hal_avs2d
make[4]: Entering directory '/home/administrator/00.Snapmaker-Firmware-current/tmp/cache/v4l2-mpp/deps/mpp'
make[4]: Entering directory '/home/administrator/00.Snapmaker-Firmware-current/tmp/cache/v4l2-mpp/deps/mpp'
[ 72%] Built target hal_h265d
make[4]: Leaving directory '/home/administrator/00.Snapmaker-Firmware-current/tmp/cache/v4l2-mpp/deps/mpp'
make[4]: Leaving directory '/home/administrator/00.Snapmaker-Firmware-current/tmp/cache/v4l2-mpp/deps/mpp'
make[4]: Leaving directory '/home/administrator/00.Snapmaker-Firmware-current/tmp/cache/v4l2-mpp/deps/mpp'
make[4]: Entering directory '/home/administrator/00.Snapmaker-Firmware-current/tmp/cache/v4l2-mpp/deps/mpp'
[ 74%] Built target hal_h264e_rkv
make[4]: Entering directory '/home/administrator/00.Snapmaker-Firmware-current/tmp/cache/v4l2-mpp/deps/mpp'
[ 75%] Built target vdpp
[ 76%] Built target hal_jpege_rkv
make[4]: Entering directory '/home/administrator/00.Snapmaker-Firmware-current/tmp/cache/v4l2-mpp/deps/mpp'
[ 76%] Built target hal_h265e_com
make[4]: Entering directory '/home/administrator/00.Snapmaker-Firmware-current/tmp/cache/v4l2-mpp/deps/mpp'
make[4]: Leaving directory '/home/administrator/00.Snapmaker-Firmware-current/tmp/cache/v4l2-mpp/deps/mpp'
make[4]: Entering directory '/home/administrator/00.Snapmaker-Firmware-current/tmp/cache/v4l2-mpp/deps/mpp'
make[4]: Leaving directory '/home/administrator/00.Snapmaker-Firmware-current/tmp/cache/v4l2-mpp/deps/mpp'
make[4]: Leaving directory '/home/administrator/00.Snapmaker-Firmware-current/tmp/cache/v4l2-mpp/deps/mpp'
make[4]: Leaving directory '/home/administrator/00.Snapmaker-Firmware-current/tmp/cache/v4l2-mpp/deps/mpp'
[ 76%] Built target hal_av1d_vpu
make[4]: Leaving directory '/home/administrator/00.Snapmaker-Firmware-current/tmp/cache/v4l2-mpp/deps/mpp'
[ 77%] Built target codec_h265d
[ 80%] Built target codec_h264d
make[4]: Entering directory '/home/administrator/00.Snapmaker-Firmware-current/tmp/cache/v4l2-mpp/deps/mpp'
make[4]: Entering directory '/home/administrator/00.Snapmaker-Firmware-current/tmp/cache/v4l2-mpp/deps/mpp'
make[4]: Entering directory '/home/administrator/00.Snapmaker-Firmware-current/tmp/cache/v4l2-mpp/deps/mpp'
[ 81%] Built target mpp_vproc
[ 83%] Built target codec_h264e
make[4]: Leaving directory '/home/administrator/00.Snapmaker-Firmware-current/tmp/cache/v4l2-mpp/deps/mpp'
make[4]: Leaving directory '/home/administrator/00.Snapmaker-Firmware-current/tmp/cache/v4l2-mpp/deps/mpp'
make[4]: Leaving directory '/home/administrator/00.Snapmaker-Firmware-current/tmp/cache/v4l2-mpp/deps/mpp'
make[4]: Entering directory '/home/administrator/00.Snapmaker-Firmware-current/tmp/cache/v4l2-mpp/deps/mpp'
make[4]: Entering directory '/home/administrator/00.Snapmaker-Firmware-current/tmp/cache/v4l2-mpp/deps/mpp'
[ 83%] Built target hal_jpege
[ 85%] Built target hal_h265e_vepu541
make[4]: Leaving directory '/home/administrator/00.Snapmaker-Firmware-current/tmp/cache/v4l2-mpp/deps/mpp'
[ 86%] Built target hal_av1d
make[4]: Entering directory '/home/administrator/00.Snapmaker-Firmware-current/tmp/cache/v4l2-mpp/deps/mpp'
make[4]: Leaving directory '/home/administrator/00.Snapmaker-Firmware-current/tmp/cache/v4l2-mpp/deps/mpp'
[ 87%] Built target hal_h264e_vpu
make[4]: Leaving directory '/home/administrator/00.Snapmaker-Firmware-current/tmp/cache/v4l2-mpp/deps/mpp'
[ 89%] Built target mpp_codec
make[4]: Entering directory '/home/administrator/00.Snapmaker-Firmware-current/tmp/cache/v4l2-mpp/deps/mpp'
make[4]: Leaving directory '/home/administrator/00.Snapmaker-Firmware-current/tmp/cache/v4l2-mpp/deps/mpp'
[ 90%] Built target hal_h265e
[ 90%] Built target hal_h264e
make[4]: Entering directory '/home/administrator/00.Snapmaker-Firmware-current/tmp/cache/v4l2-mpp/deps/mpp'
make[4]: Leaving directory '/home/administrator/00.Snapmaker-Firmware-current/tmp/cache/v4l2-mpp/deps/mpp'
[ 93%] Built target hal_h264d
make[4]: Entering directory '/home/administrator/00.Snapmaker-Firmware-current/tmp/cache/v4l2-mpp/deps/mpp'
make[4]: Leaving directory '/home/administrator/00.Snapmaker-Firmware-current/tmp/cache/v4l2-mpp/deps/mpp'
[ 95%] Built target mpp_hal
make[4]: Entering directory '/home/administrator/00.Snapmaker-Firmware-current/tmp/cache/v4l2-mpp/deps/mpp'
make[4]: Entering directory '/home/administrator/00.Snapmaker-Firmware-current/tmp/cache/v4l2-mpp/deps/mpp'
make[4]: Leaving directory '/home/administrator/00.Snapmaker-Firmware-current/tmp/cache/v4l2-mpp/deps/mpp'
make[4]: Leaving directory '/home/administrator/00.Snapmaker-Firmware-current/tmp/cache/v4l2-mpp/deps/mpp'
[ 96%] Built target rockchip_mpp
[ 98%] Built target rockchip_mpp_static
make[4]: Entering directory '/home/administrator/00.Snapmaker-Firmware-current/tmp/cache/v4l2-mpp/deps/mpp'
make[4]: Leaving directory '/home/administrator/00.Snapmaker-Firmware-current/tmp/cache/v4l2-mpp/deps/mpp'
[100%] Built target rockchip_vpu
make[3]: Leaving directory '/home/administrator/00.Snapmaker-Firmware-current/tmp/cache/v4l2-mpp/deps/mpp'
Install the project...
-- Install configuration: "Release"
-- Up-to-date: /home/administrator/00.Snapmaker-Firmware-current/tmp/cache/v4l2-mpp/deps/mpp/usr-local/include/rockchip
-- Up-to-date: /home/administrator/00.Snapmaker-Firmware-current/tmp/cache/v4l2-mpp/deps/mpp/usr-local/include/rockchip/rk_vdec_cmd.h
-- Up-to-date: /home/administrator/00.Snapmaker-Firmware-current/tmp/cache/v4l2-mpp/deps/mpp/usr-local/include/rockchip/vpu.h
-- Up-to-date: /home/administrator/00.Snapmaker-Firmware-current/tmp/cache/v4l2-mpp/deps/mpp/usr-local/include/rockchip/rk_venc_ref.h
-- Up-to-date: /home/administrator/00.Snapmaker-Firmware-current/tmp/cache/v4l2-mpp/deps/mpp/usr-local/include/rockchip/rk_venc_kcfg.h
-- Up-to-date: /home/administrator/00.Snapmaker-Firmware-current/tmp/cache/v4l2-mpp/deps/mpp/usr-local/include/rockchip/mpp_log_def.h
-- Up-to-date: /home/administrator/00.Snapmaker-Firmware-current/tmp/cache/v4l2-mpp/deps/mpp/usr-local/include/rockchip/rk_venc_cfg.h
-- Up-to-date: /home/administrator/00.Snapmaker-Firmware-current/tmp/cache/v4l2-mpp/deps/mpp/usr-local/include/rockchip/mpp_sys_cfg_st.h
-- Up-to-date: /home/administrator/00.Snapmaker-Firmware-current/tmp/cache/v4l2-mpp/deps/mpp/usr-local/include/rockchip/rk_venc_rc.h
-- Up-to-date: /home/administrator/00.Snapmaker-Firmware-current/tmp/cache/v4l2-mpp/deps/mpp/usr-local/include/rockchip/rk_vdec_kcfg.h
-- Up-to-date: /home/administrator/00.Snapmaker-Firmware-current/tmp/cache/v4l2-mpp/deps/mpp/usr-local/include/rockchip/mpp_task.h
-- Up-to-date: /home/administrator/00.Snapmaker-Firmware-current/tmp/cache/v4l2-mpp/deps/mpp/usr-local/include/rockchip/rk_type.h
-- Up-to-date: /home/administrator/00.Snapmaker-Firmware-current/tmp/cache/v4l2-mpp/deps/mpp/usr-local/include/rockchip/mpp_meta.h
-- Up-to-date: /home/administrator/00.Snapmaker-Firmware-current/tmp/cache/v4l2-mpp/deps/mpp/usr-local/include/rockchip/vpu_api.h
-- Up-to-date: /home/administrator/00.Snapmaker-Firmware-current/tmp/cache/v4l2-mpp/deps/mpp/usr-local/include/rockchip/mpp_frame.h
-- Up-to-date: /home/administrator/00.Snapmaker-Firmware-current/tmp/cache/v4l2-mpp/deps/mpp/usr-local/include/rockchip/rk_mpi.h
-- Up-to-date: /home/administrator/00.Snapmaker-Firmware-current/tmp/cache/v4l2-mpp/deps/mpp/usr-local/include/rockchip/rk_hdr_meta_com.h
-- Up-to-date: /home/administrator/00.Snapmaker-Firmware-current/tmp/cache/v4l2-mpp/deps/mpp/usr-local/include/rockchip/rk_mpi_cmd.h
-- Up-to-date: /home/administrator/00.Snapmaker-Firmware-current/tmp/cache/v4l2-mpp/deps/mpp/usr-local/include/rockchip/rk_venc_cmd.h
-- Up-to-date: /home/administrator/00.Snapmaker-Firmware-current/tmp/cache/v4l2-mpp/deps/mpp/usr-local/include/rockchip/mpp_rc_api.h
-- Up-to-date: /home/administrator/00.Snapmaker-Firmware-current/tmp/cache/v4l2-mpp/deps/mpp/usr-local/include/rockchip/rk_vdec_cfg.h
-- Up-to-date: /home/administrator/00.Snapmaker-Firmware-current/tmp/cache/v4l2-mpp/deps/mpp/usr-local/include/rockchip/mpp_err.h
-- Up-to-date: /home/administrator/00.Snapmaker-Firmware-current/tmp/cache/v4l2-mpp/deps/mpp/usr-local/include/rockchip/mpp_compat.h
-- Up-to-date: /home/administrator/00.Snapmaker-Firmware-current/tmp/cache/v4l2-mpp/deps/mpp/usr-local/include/rockchip/mpp_packet.h
-- Up-to-date: /home/administrator/00.Snapmaker-Firmware-current/tmp/cache/v4l2-mpp/deps/mpp/usr-local/include/rockchip/rk_mpp_cfg.h
-- Up-to-date: /home/administrator/00.Snapmaker-Firmware-current/tmp/cache/v4l2-mpp/deps/mpp/usr-local/include/rockchip/mpp_log.h
-- Up-to-date: /home/administrator/00.Snapmaker-Firmware-current/tmp/cache/v4l2-mpp/deps/mpp/usr-local/include/rockchip/mpp_rc_defs.h
-- Up-to-date: /home/administrator/00.Snapmaker-Firmware-current/tmp/cache/v4l2-mpp/deps/mpp/usr-local/include/rockchip/mpp_buffer.h
-- Up-to-date: /home/administrator/00.Snapmaker-Firmware-current/tmp/cache/v4l2-mpp/deps/mpp/usr-local/include/rockchip/mpp_sys_cfg.h
-- Up-to-date: /home/administrator/00.Snapmaker-Firmware-current/tmp/cache/v4l2-mpp/deps/mpp/usr-local/lib/pkgconfig/rockchip_mpp.pc
-- Up-to-date: /home/administrator/00.Snapmaker-Firmware-current/tmp/cache/v4l2-mpp/deps/mpp/usr-local/lib/pkgconfig/rockchip_vpu.pc
-- Installing: /home/administrator/00.Snapmaker-Firmware-current/tmp/cache/v4l2-mpp/deps/mpp/usr-local/lib/librockchip_mpp.so.0
-- Installing: /home/administrator/00.Snapmaker-Firmware-current/tmp/cache/v4l2-mpp/deps/mpp/usr-local/lib/librockchip_mpp.so.1
-- Installing: /home/administrator/00.Snapmaker-Firmware-current/tmp/cache/v4l2-mpp/deps/mpp/usr-local/lib/librockchip_mpp.so
-- Up-to-date: /home/administrator/00.Snapmaker-Firmware-current/tmp/cache/v4l2-mpp/deps/mpp/usr-local/lib/librockchip_mpp.a
-- Installing: /home/administrator/00.Snapmaker-Firmware-current/tmp/cache/v4l2-mpp/deps/mpp/usr-local/lib/librockchip_vpu.so.0
-- Installing: /home/administrator/00.Snapmaker-Firmware-current/tmp/cache/v4l2-mpp/deps/mpp/usr-local/lib/librockchip_vpu.so.1
-- Set non-toolchain portion of runtime path of "/home/administrator/00.Snapmaker-Firmware-current/tmp/cache/v4l2-mpp/deps/mpp/usr-local/lib/librockchip_vpu.so.0" to ""
-- Installing: /home/administrator/00.Snapmaker-Firmware-current/tmp/cache/v4l2-mpp/deps/mpp/usr-local/lib/librockchip_vpu.so
make[2]: Leaving directory '/home/administrator/00.Snapmaker-Firmware-current/tmp/cache/v4l2-mpp/deps/mpp'
+ rm -rf usr-local/lib/librockchip_mpp.so usr-local/lib/librockchip_mpp.so.0 usr-local/lib/librockchip_mpp.so.1 usr-local/lib/librockchip_vpu.so usr-local/lib/librockchip_vpu.so.0 usr-local/lib/librockchip_vpu.so.1
deps/compile_libdatachannel.sh
+ cd libdatachannel
+ cmake -S . -B build/ -DCMAKE_BUILD_TYPE=Release
-- Compiler flags (CMAKE_C_FLAGS):  -std=c99 -pedantic -Wall -Wextra -Wfloat-equal -Wshadow -Wpointer-arith -Wunreachable-code -Winit-self -Wno-unused-function -Wno-unused-parameter -Wno-unreachable-code -Wstrict-prototypes
-- Found OpenSSL: /usr/lib/aarch64-linux-gnu/libcrypto.so (found suitable version "3.0.13", minimum required is "1.1.0")  
-- Warnings Active for: srtp2
-- Warnings as Errors: ON
-- Could NOT find PCAP (missing: PCAP_LIBRARY) 
-- Warnings Active for: datatypes_driver
-- Warnings as Errors: ON
-- Warnings Active for: cipher_driver
-- Warnings as Errors: ON
-- Warnings Active for: kernel_driver
-- Warnings as Errors: ON
-- Warnings Active for: rdbx_driver
-- Warnings as Errors: ON
-- Warnings Active for: replay_driver
-- Warnings as Errors: ON
-- Warnings Active for: roc_driver
-- Warnings as Errors: ON
-- Warnings Active for: srtp_driver
-- Warnings as Errors: ON
-- Warnings Active for: test_srtp
-- Warnings as Errors: ON
-- Warnings Active for: rtpw
-- Warnings as Errors: ON
-- Found OpenSSL: /usr/lib/aarch64-linux-gnu/libcrypto.so (found version "3.0.13")  
-- Using the multi-header code from /home/administrator/00.Snapmaker-Firmware-current/tmp/cache/v4l2-mpp/deps/libdatachannel/deps/json/include/
-- Configuring done (1.2s)
-- Generating done (0.1s)
-- Build files have been written to: /home/administrator/00.Snapmaker-Firmware-current/tmp/cache/v4l2-mpp/deps/libdatachannel/build
+ make -C build/ -j5 datachannel-static
make[2]: Entering directory '/home/administrator/00.Snapmaker-Firmware-current/tmp/cache/v4l2-mpp/deps/libdatachannel/build'
make[3]: Entering directory '/home/administrator/00.Snapmaker-Firmware-current/tmp/cache/v4l2-mpp/deps/libdatachannel/build'
make[4]: Entering directory '/home/administrator/00.Snapmaker-Firmware-current/tmp/cache/v4l2-mpp/deps/libdatachannel/build'
make[5]: Entering directory '/home/administrator/00.Snapmaker-Firmware-current/tmp/cache/v4l2-mpp/deps/libdatachannel/build'
make[5]: Entering directory '/home/administrator/00.Snapmaker-Firmware-current/tmp/cache/v4l2-mpp/deps/libdatachannel/build'
make[5]: Entering directory '/home/administrator/00.Snapmaker-Firmware-current/tmp/cache/v4l2-mpp/deps/libdatachannel/build'
make[5]: Leaving directory '/home/administrator/00.Snapmaker-Firmware-current/tmp/cache/v4l2-mpp/deps/libdatachannel/build'
make[5]: Leaving directory '/home/administrator/00.Snapmaker-Firmware-current/tmp/cache/v4l2-mpp/deps/libdatachannel/build'
make[5]: Entering directory '/home/administrator/00.Snapmaker-Firmware-current/tmp/cache/v4l2-mpp/deps/libdatachannel/build'
make[5]: Leaving directory '/home/administrator/00.Snapmaker-Firmware-current/tmp/cache/v4l2-mpp/deps/libdatachannel/build'
make[5]: Entering directory '/home/administrator/00.Snapmaker-Firmware-current/tmp/cache/v4l2-mpp/deps/libdatachannel/build'
make[5]: Entering directory '/home/administrator/00.Snapmaker-Firmware-current/tmp/cache/v4l2-mpp/deps/libdatachannel/build'
[  2%] Building C object deps/libsrtp/CMakeFiles/srtp2.dir/crypto/cipher/cipher_test_cases.c.o
[  2%] Building C object deps/libsrtp/CMakeFiles/srtp2.dir/srtp/srtp.c.o
[  2%] Building C object deps/libsrtp/CMakeFiles/srtp2.dir/crypto/cipher/cipher.c.o
[  2%] Building C object deps/usrsctp/usrsctplib/CMakeFiles/usrsctp.dir/netinet/sctp_asconf.c.o
[  2%] Building C object deps/libjuice/CMakeFiles/juice-static.dir/src/addr.c.o
[  2%] Building C object deps/libsrtp/CMakeFiles/srtp2.dir/crypto/cipher/null_cipher.c.o
[  2%] Building C object deps/libsrtp/CMakeFiles/srtp2.dir/crypto/cipher/aes_icm_ossl.c.o
[  2%] Building C object deps/libjuice/CMakeFiles/juice-static.dir/src/agent.c.o
[  5%] Building C object deps/libjuice/CMakeFiles/juice-static.dir/src/crc32.c.o
[  5%] Building C object deps/libjuice/CMakeFiles/juice-static.dir/src/const_time.c.o
[  5%] Building C object deps/libjuice/CMakeFiles/juice-static.dir/src/conn.c.o
[  7%] Building C object deps/libsrtp/CMakeFiles/srtp2.dir/crypto/cipher/aes_gcm_ossl.c.o
[ 10%] Building C object deps/libjuice/CMakeFiles/juice-static.dir/src/conn_poll.c.o
[ 10%] Building C object deps/libsrtp/CMakeFiles/srtp2.dir/crypto/hash/auth.c.o
[ 10%] Building C object deps/usrsctp/usrsctplib/CMakeFiles/usrsctp.dir/netinet/sctp_auth.c.o
[ 12%] Building C object deps/usrsctp/usrsctplib/CMakeFiles/usrsctp.dir/netinet/sctp_bsd_addr.c.o
[ 12%] Building C object deps/usrsctp/usrsctplib/CMakeFiles/usrsctp.dir/netinet/sctp_callout.c.o
[ 12%] Building C object deps/usrsctp/usrsctplib/CMakeFiles/usrsctp.dir/netinet/sctp_cc_functions.c.o
[ 12%] Building C object deps/libjuice/CMakeFiles/juice-static.dir/src/conn_thread.c.o
[ 15%] Building C object deps/usrsctp/usrsctplib/CMakeFiles/usrsctp.dir/netinet/sctp_crc32.c.o
[ 15%] Building C object deps/libsrtp/CMakeFiles/srtp2.dir/crypto/hash/auth_test_cases.c.o
[ 17%] Building C object deps/libsrtp/CMakeFiles/srtp2.dir/crypto/hash/null_auth.c.o
[ 17%] Building C object deps/usrsctp/usrsctplib/CMakeFiles/usrsctp.dir/netinet/sctp_indata.c.o
[ 17%] Building C object deps/libsrtp/CMakeFiles/srtp2.dir/crypto/hash/hmac_ossl.c.o
[ 17%] Building C object deps/libsrtp/CMakeFiles/srtp2.dir/crypto/kernel/alloc.c.o
[ 17%] Building C object deps/usrsctp/usrsctplib/CMakeFiles/usrsctp.dir/netinet/sctp_input.c.o
[ 20%] Building C object deps/libsrtp/CMakeFiles/srtp2.dir/crypto/kernel/crypto_kernel.c.o
[ 20%] Building C object deps/libsrtp/CMakeFiles/srtp2.dir/crypto/kernel/err.c.o
[ 22%] Building C object deps/usrsctp/usrsctplib/CMakeFiles/usrsctp.dir/netinet/sctp_output.c.o
[ 22%] Building C object deps/libsrtp/CMakeFiles/srtp2.dir/crypto/kernel/key.c.o
[ 22%] Building C object deps/libjuice/CMakeFiles/juice-static.dir/src/conn_mux.c.o
[ 25%] Building C object deps/libsrtp/CMakeFiles/srtp2.dir/crypto/math/datatypes.c.o
[ 25%] Building C object deps/libsrtp/CMakeFiles/srtp2.dir/crypto/replay/rdb.c.o
[ 27%] Building C object deps/libjuice/CMakeFiles/juice-static.dir/src/base64.c.o
[ 27%] Building C object deps/libsrtp/CMakeFiles/srtp2.dir/crypto/replay/rdbx.c.o
[ 27%] Building C object deps/libjuice/CMakeFiles/juice-static.dir/src/hash.c.o
[ 30%] Linking C static library libsrtp2.a
make[5]: Leaving directory '/home/administrator/00.Snapmaker-Firmware-current/tmp/cache/v4l2-mpp/deps/libdatachannel/build'
[ 30%] Built target srtp2
[ 30%] Building C object deps/usrsctp/usrsctplib/CMakeFiles/usrsctp.dir/netinet/sctp_pcb.c.o
[ 30%] Building C object deps/libjuice/CMakeFiles/juice-static.dir/src/hmac.c.o
[ 32%] Building C object deps/libjuice/CMakeFiles/juice-static.dir/src/ice.c.o
[ 32%] Building C object deps/libjuice/CMakeFiles/juice-static.dir/src/juice.c.o
[ 32%] Building C object deps/libjuice/CMakeFiles/juice-static.dir/src/log.c.o
[ 32%] Building C object deps/libjuice/CMakeFiles/juice-static.dir/src/random.c.o
[ 35%] Building C object deps/libjuice/CMakeFiles/juice-static.dir/src/server.c.o
[ 35%] Building C object deps/libjuice/CMakeFiles/juice-static.dir/src/stun.c.o
[ 35%] Building C object deps/usrsctp/usrsctplib/CMakeFiles/usrsctp.dir/netinet/sctp_peeloff.c.o
[ 37%] Building C object deps/usrsctp/usrsctplib/CMakeFiles/usrsctp.dir/netinet/sctp_sha1.c.o
[ 37%] Building C object deps/usrsctp/usrsctplib/CMakeFiles/usrsctp.dir/netinet/sctp_ss_functions.c.o
[ 37%] Building C object deps/usrsctp/usrsctplib/CMakeFiles/usrsctp.dir/netinet/sctp_sysctl.c.o
[ 40%] Building C object deps/usrsctp/usrsctplib/CMakeFiles/usrsctp.dir/netinet/sctp_timer.c.o
[ 40%] Building C object deps/usrsctp/usrsctplib/CMakeFiles/usrsctp.dir/netinet/sctp_userspace.c.o
[ 40%] Building C object deps/usrsctp/usrsctplib/CMakeFiles/usrsctp.dir/netinet/sctp_usrreq.c.o
[ 42%] Building C object deps/usrsctp/usrsctplib/CMakeFiles/usrsctp.dir/netinet/sctputil.c.o
[ 42%] Building C object deps/libjuice/CMakeFiles/juice-static.dir/src/timestamp.c.o
[ 45%] Building C object deps/libjuice/CMakeFiles/juice-static.dir/src/turn.c.o
[ 45%] Building C object deps/usrsctp/usrsctplib/CMakeFiles/usrsctp.dir/netinet6/sctp6_usrreq.c.o
[ 45%] Building C object deps/usrsctp/usrsctplib/CMakeFiles/usrsctp.dir/user_environment.c.o
[ 45%] Building C object deps/libjuice/CMakeFiles/juice-static.dir/src/udp.c.o
[ 47%] Building C object deps/usrsctp/usrsctplib/CMakeFiles/usrsctp.dir/user_mbuf.c.o
[ 47%] Linking C static library libjuice-static.a
make[5]: Leaving directory '/home/administrator/00.Snapmaker-Firmware-current/tmp/cache/v4l2-mpp/deps/libdatachannel/build'
[ 47%] Built target juice-static
[ 47%] Building C object deps/usrsctp/usrsctplib/CMakeFiles/usrsctp.dir/user_recv_thread.c.o
[ 47%] Building C object deps/usrsctp/usrsctplib/CMakeFiles/usrsctp.dir/user_socket.c.o
[ 50%] Linking C static library libusrsctp.a
make[5]: Leaving directory '/home/administrator/00.Snapmaker-Firmware-current/tmp/cache/v4l2-mpp/deps/libdatachannel/build'
[ 50%] Built target usrsctp
make[5]: Entering directory '/home/administrator/00.Snapmaker-Firmware-current/tmp/cache/v4l2-mpp/deps/libdatachannel/build'
make[5]: Leaving directory '/home/administrator/00.Snapmaker-Firmware-current/tmp/cache/v4l2-mpp/deps/libdatachannel/build'
make[5]: Entering directory '/home/administrator/00.Snapmaker-Firmware-current/tmp/cache/v4l2-mpp/deps/libdatachannel/build'
[ 50%] Building CXX object CMakeFiles/datachannel-static.dir/src/candidate.cpp.o
[ 50%] Building CXX object CMakeFiles/datachannel-static.dir/src/datachannel.cpp.o
[ 52%] Building CXX object CMakeFiles/datachannel-static.dir/src/configuration.cpp.o
[ 52%] Building CXX object CMakeFiles/datachannel-static.dir/src/dependencydescriptor.cpp.o
[ 52%] Building CXX object CMakeFiles/datachannel-static.dir/src/channel.cpp.o
[ 55%] Building CXX object CMakeFiles/datachannel-static.dir/src/description.cpp.o
[ 55%] Building CXX object CMakeFiles/datachannel-static.dir/src/iceudpmuxlistener.cpp.o
[ 55%] Building CXX object CMakeFiles/datachannel-static.dir/src/mediahandler.cpp.o
[ 57%] Building CXX object CMakeFiles/datachannel-static.dir/src/global.cpp.o
[ 57%] Building CXX object CMakeFiles/datachannel-static.dir/src/message.cpp.o
[ 57%] Building CXX object CMakeFiles/datachannel-static.dir/src/peerconnection.cpp.o
[ 60%] Building CXX object CMakeFiles/datachannel-static.dir/src/rtcpreceivingsession.cpp.o
[ 60%] Building CXX object CMakeFiles/datachannel-static.dir/src/track.cpp.o
[ 60%] Building CXX object CMakeFiles/datachannel-static.dir/src/websocket.cpp.o
[ 60%] Building CXX object CMakeFiles/datachannel-static.dir/src/websocketserver.cpp.o
[ 62%] Building CXX object CMakeFiles/datachannel-static.dir/src/rtppacketizationconfig.cpp.o
[ 62%] Building CXX object CMakeFiles/datachannel-static.dir/src/rtcpsrreporter.cpp.o
[ 62%] Building CXX object CMakeFiles/datachannel-static.dir/src/rtppacketizer.cpp.o
[ 65%] Building CXX object CMakeFiles/datachannel-static.dir/src/rtpdepacketizer.cpp.o
[ 65%] Building CXX object CMakeFiles/datachannel-static.dir/src/h264rtppacketizer.cpp.o
[ 65%] Building CXX object CMakeFiles/datachannel-static.dir/src/h264rtpdepacketizer.cpp.o
[ 67%] Building CXX object CMakeFiles/datachannel-static.dir/src/nalunit.cpp.o
[ 67%] Building CXX object CMakeFiles/datachannel-static.dir/src/h265rtppacketizer.cpp.o
[ 67%] Building CXX object CMakeFiles/datachannel-static.dir/src/h265rtpdepacketizer.cpp.o
[ 70%] Building CXX object CMakeFiles/datachannel-static.dir/src/h265nalunit.cpp.o
[ 70%] Building CXX object CMakeFiles/datachannel-static.dir/src/av1rtppacketizer.cpp.o
[ 70%] Building CXX object CMakeFiles/datachannel-static.dir/src/rtcpnackresponder.cpp.o
[ 72%] Building CXX object CMakeFiles/datachannel-static.dir/src/rtp.cpp.o
[ 72%] Building CXX object CMakeFiles/datachannel-static.dir/src/capi.cpp.o
[ 72%] Building CXX object CMakeFiles/datachannel-static.dir/src/plihandler.cpp.o
[ 75%] Building CXX object CMakeFiles/datachannel-static.dir/src/pacinghandler.cpp.o
[ 75%] Building CXX object CMakeFiles/datachannel-static.dir/src/rembhandler.cpp.o
[ 75%] Building CXX object CMakeFiles/datachannel-static.dir/src/impl/certificate.cpp.o
[ 77%] Building CXX object CMakeFiles/datachannel-static.dir/src/impl/channel.cpp.o
[ 77%] Building CXX object CMakeFiles/datachannel-static.dir/src/impl/datachannel.cpp.o
[ 77%] Building CXX object CMakeFiles/datachannel-static.dir/src/impl/dtlssrtptransport.cpp.o
[ 80%] Building CXX object CMakeFiles/datachannel-static.dir/src/impl/dtlstransport.cpp.o
[ 80%] Building CXX object CMakeFiles/datachannel-static.dir/src/impl/icetransport.cpp.o
[ 80%] Building CXX object CMakeFiles/datachannel-static.dir/src/impl/iceudpmuxlistener.cpp.o
[ 82%] Building CXX object CMakeFiles/datachannel-static.dir/src/impl/init.cpp.o
[ 82%] Building CXX object CMakeFiles/datachannel-static.dir/src/impl/peerconnection.cpp.o
[ 82%] Building CXX object CMakeFiles/datachannel-static.dir/src/impl/logcounter.cpp.o
[ 85%] Building CXX object CMakeFiles/datachannel-static.dir/src/impl/sctptransport.cpp.o
[ 85%] Building CXX object CMakeFiles/datachannel-static.dir/src/impl/threadpool.cpp.o
[ 85%] Building CXX object CMakeFiles/datachannel-static.dir/src/impl/tls.cpp.o
[ 87%] Building CXX object CMakeFiles/datachannel-static.dir/src/impl/track.cpp.o
[ 87%] Building CXX object CMakeFiles/datachannel-static.dir/src/impl/utils.cpp.o
[ 87%] Building CXX object CMakeFiles/datachannel-static.dir/src/impl/processor.cpp.o
[ 90%] Building CXX object CMakeFiles/datachannel-static.dir/src/impl/sha.cpp.o
[ 90%] Building CXX object CMakeFiles/datachannel-static.dir/src/impl/pollinterrupter.cpp.o
[ 90%] Building CXX object CMakeFiles/datachannel-static.dir/src/impl/pollservice.cpp.o
[ 92%] Building CXX object CMakeFiles/datachannel-static.dir/src/impl/http.cpp.o
[ 92%] Building CXX object CMakeFiles/datachannel-static.dir/src/impl/httpproxytransport.cpp.o
[ 92%] Building CXX object CMakeFiles/datachannel-static.dir/src/impl/tcpserver.cpp.o
[ 95%] Building CXX object CMakeFiles/datachannel-static.dir/src/impl/tcptransport.cpp.o
[ 95%] Building CXX object CMakeFiles/datachannel-static.dir/src/impl/tlstransport.cpp.o
[ 95%] Building CXX object CMakeFiles/datachannel-static.dir/src/impl/transport.cpp.o
[ 97%] Building CXX object CMakeFiles/datachannel-static.dir/src/impl/verifiedtlstransport.cpp.o
[ 97%] Building CXX object CMakeFiles/datachannel-static.dir/src/impl/websocket.cpp.o
[ 97%] Building CXX object CMakeFiles/datachannel-static.dir/src/impl/websocketserver.cpp.o
[100%] Building CXX object CMakeFiles/datachannel-static.dir/src/impl/wstransport.cpp.o
[100%] Building CXX object CMakeFiles/datachannel-static.dir/src/impl/wshandshake.cpp.o
[100%] Linking CXX static library libdatachannel-static.a
make[5]: Leaving directory '/home/administrator/00.Snapmaker-Firmware-current/tmp/cache/v4l2-mpp/deps/libdatachannel/build'
[100%] Built target datachannel-static
make[4]: Leaving directory '/home/administrator/00.Snapmaker-Firmware-current/tmp/cache/v4l2-mpp/deps/libdatachannel/build'
make[3]: Leaving directory '/home/administrator/00.Snapmaker-Firmware-current/tmp/cache/v4l2-mpp/deps/libdatachannel/build'
make[2]: Leaving directory '/home/administrator/00.Snapmaker-Firmware-current/tmp/cache/v4l2-mpp/deps/libdatachannel/build'
deps/compile_livemedia.sh
+ [[ ! -f live.2025.11.06.tar.gz ]]
+ wget -O live.2025.11.06.tar.gz https://download.videolan.org/pub/contrib/live555/live.2025.11.06.tar.gz
--2026-10-02 22:18:23--  https://download.videolan.org/pub/contrib/live555/live.2025.11.06.tar.gz
Connecting to 127.0.0.1:7897... connected.
Proxy request sent, awaiting response... 200 OK
Length: 696989 (681K) [application/octet-stream]
Saving to: ‘live.2025.11.06.tar.gz’

     0K .......... .......... .......... .......... ..........  7%  325K 2s
    50K .......... .......... .......... .......... .......... 14%  471K 2s
   100K .......... .......... .......... .......... .......... 22%  517K 1s
   150K .......... .......... .......... .......... .......... 29%  361K 1s
   200K .......... .......... .......... .......... .......... 36%  402K 1s
   250K .......... .......... .......... .......... .......... 44%  590K 1s
   300K .......... .......... .......... .......... .......... 51% 2.78M 1s
   350K .......... .......... .......... .......... .......... 58% 2.17M 1s
   400K .......... .......... .......... .......... .......... 66%  555K 0s
   450K .......... .......... .......... .......... .......... 73%  467K 0s
   500K .......... .......... .......... .......... .......... 80% 1.80M 0s
   550K .......... .......... .......... .......... .......... 88% 3.20M 0s
   600K .......... .......... .......... .......... .......... 95% 3.05M 0s
   650K .......... .......... ..........                      100% 1.69M=1.0s

2026-10-02 22:18:26 (669 KB/s) - ‘live.2025.11.06.tar.gz’ saved [696989/696989]

+ echo '7614fa0a293e61b24bfd715a30a1c020fb4fe5490ebb02e71b0dadb5efc1d17c  live.2025.11.06.tar.gz'
+ sha256sum --check --status
+ [[ ! -d live ]]
+ rm -rf live
+ tar xzf live.2025.11.06.tar.gz
+ cd live
+ CONFIG_FILE=linux-no-std-lib
+ [[ -n aarch64-linux-gnu- ]]
+ cp config.armlinux config.armlinux-no-std-lib
+ echo 'CPLUSPLUS_FLAGS += -DNO_STD_LIB=1'
+ CONFIG_FILE=armlinux-no-std-lib
+ ./genMakefiles armlinux-no-std-lib
+ rm -rf usr-local
++ nproc
++ pwd
+ make -j22 install PREFIX=/home/administrator/00.Snapmaker-Firmware-current/tmp/cache/v4l2-mpp/deps/live/usr-local
make[2]: Entering directory '/home/administrator/00.Snapmaker-Firmware-current/tmp/cache/v4l2-mpp/deps/live'
cd liveMedia ; make install
make[3]: Entering directory '/home/administrator/00.Snapmaker-Firmware-current/tmp/cache/v4l2-mpp/deps/live/liveMedia'
aarch64-linux-gnu-g++ -c -Iinclude -I../UsageEnvironment/include -I../groupsock/include -I/usr/local/include -I. -O2 -DSOCKLEN_T=socklen_t -DNO_SSTREAM=1 -D_LARGEFILE_SOURCE=1 -D_FILE_OFFSET_BITS=64 -Wall -DBSD=1 -DNO_STD_LIB=1 Media.cpp
aarch64-linux-gnu-g++ -c -Iinclude -I../UsageEnvironment/include -I../groupsock/include -I/usr/local/include -I. -O2 -DSOCKLEN_T=socklen_t -DNO_SSTREAM=1 -D_LARGEFILE_SOURCE=1 -D_FILE_OFFSET_BITS=64 -Wall -DBSD=1 -DNO_STD_LIB=1 MediaSource.cpp
aarch64-linux-gnu-g++ -c -Iinclude -I../UsageEnvironment/include -I../groupsock/include -I/usr/local/include -I. -O2 -DSOCKLEN_T=socklen_t -DNO_SSTREAM=1 -D_LARGEFILE_SOURCE=1 -D_FILE_OFFSET_BITS=64 -Wall -DBSD=1 -DNO_STD_LIB=1 FramedSource.cpp
aarch64-linux-gnu-g++ -c -Iinclude -I../UsageEnvironment/include -I../groupsock/include -I/usr/local/include -I. -O2 -DSOCKLEN_T=socklen_t -DNO_SSTREAM=1 -D_LARGEFILE_SOURCE=1 -D_FILE_OFFSET_BITS=64 -Wall -DBSD=1 -DNO_STD_LIB=1 FramedFileSource.cpp
aarch64-linux-gnu-g++ -c -Iinclude -I../UsageEnvironment/include -I../groupsock/include -I/usr/local/include -I. -O2 -DSOCKLEN_T=socklen_t -DNO_SSTREAM=1 -D_LARGEFILE_SOURCE=1 -D_FILE_OFFSET_BITS=64 -Wall -DBSD=1 -DNO_STD_LIB=1 FramedFilter.cpp
aarch64-linux-gnu-g++ -c -Iinclude -I../UsageEnvironment/include -I../groupsock/include -I/usr/local/include -I. -O2 -DSOCKLEN_T=socklen_t -DNO_SSTREAM=1 -D_LARGEFILE_SOURCE=1 -D_FILE_OFFSET_BITS=64 -Wall -DBSD=1 -DNO_STD_LIB=1 ByteStreamFileSource.cpp
aarch64-linux-gnu-g++ -c -Iinclude -I../UsageEnvironment/include -I../groupsock/include -I/usr/local/include -I. -O2 -DSOCKLEN_T=socklen_t -DNO_SSTREAM=1 -D_LARGEFILE_SOURCE=1 -D_FILE_OFFSET_BITS=64 -Wall -DBSD=1 -DNO_STD_LIB=1 ByteStreamMultiFileSource.cpp
aarch64-linux-gnu-g++ -c -Iinclude -I../UsageEnvironment/include -I../groupsock/include -I/usr/local/include -I. -O2 -DSOCKLEN_T=socklen_t -DNO_SSTREAM=1 -D_LARGEFILE_SOURCE=1 -D_FILE_OFFSET_BITS=64 -Wall -DBSD=1 -DNO_STD_LIB=1 ByteStreamMemoryBufferSource.cpp
aarch64-linux-gnu-g++ -c -Iinclude -I../UsageEnvironment/include -I../groupsock/include -I/usr/local/include -I. -O2 -DSOCKLEN_T=socklen_t -DNO_SSTREAM=1 -D_LARGEFILE_SOURCE=1 -D_FILE_OFFSET_BITS=64 -Wall -DBSD=1 -DNO_STD_LIB=1 BasicUDPSource.cpp
aarch64-linux-gnu-g++ -c -Iinclude -I../UsageEnvironment/include -I../groupsock/include -I/usr/local/include -I. -O2 -DSOCKLEN_T=socklen_t -DNO_SSTREAM=1 -D_LARGEFILE_SOURCE=1 -D_FILE_OFFSET_BITS=64 -Wall -DBSD=1 -DNO_STD_LIB=1 DeviceSource.cpp
aarch64-linux-gnu-g++ -c -Iinclude -I../UsageEnvironment/include -I../groupsock/include -I/usr/local/include -I. -O2 -DSOCKLEN_T=socklen_t -DNO_SSTREAM=1 -D_LARGEFILE_SOURCE=1 -D_FILE_OFFSET_BITS=64 -Wall -DBSD=1 -DNO_STD_LIB=1 AudioInputDevice.cpp
aarch64-linux-gnu-g++ -c -Iinclude -I../UsageEnvironment/include -I../groupsock/include -I/usr/local/include -I. -O2 -DSOCKLEN_T=socklen_t -DNO_SSTREAM=1 -D_LARGEFILE_SOURCE=1 -D_FILE_OFFSET_BITS=64 -Wall -DBSD=1 -DNO_STD_LIB=1 WAVAudioFileSource.cpp
aarch64-linux-gnu-g++ -c -Iinclude -I../UsageEnvironment/include -I../groupsock/include -I/usr/local/include -I. -O2 -DSOCKLEN_T=socklen_t -DNO_SSTREAM=1 -D_LARGEFILE_SOURCE=1 -D_FILE_OFFSET_BITS=64 -Wall -DBSD=1 -DNO_STD_LIB=1 MPEG1or2Demux.cpp
aarch64-linux-gnu-g++ -c -Iinclude -I../UsageEnvironment/include -I../groupsock/include -I/usr/local/include -I. -O2 -DSOCKLEN_T=socklen_t -DNO_SSTREAM=1 -D_LARGEFILE_SOURCE=1 -D_FILE_OFFSET_BITS=64 -Wall -DBSD=1 -DNO_STD_LIB=1 MPEG1or2DemuxedElementaryStream.cpp
aarch64-linux-gnu-g++ -c -Iinclude -I../UsageEnvironment/include -I../groupsock/include -I/usr/local/include -I. -O2 -DSOCKLEN_T=socklen_t -DNO_SSTREAM=1 -D_LARGEFILE_SOURCE=1 -D_FILE_OFFSET_BITS=64 -Wall -DBSD=1 -DNO_STD_LIB=1 MPEGVideoStreamFramer.cpp
aarch64-linux-gnu-g++ -c -Iinclude -I../UsageEnvironment/include -I../groupsock/include -I/usr/local/include -I. -O2 -DSOCKLEN_T=socklen_t -DNO_SSTREAM=1 -D_LARGEFILE_SOURCE=1 -D_FILE_OFFSET_BITS=64 -Wall -DBSD=1 -DNO_STD_LIB=1 MPEG1or2VideoStreamFramer.cpp
aarch64-linux-gnu-g++ -c -Iinclude -I../UsageEnvironment/include -I../groupsock/include -I/usr/local/include -I. -O2 -DSOCKLEN_T=socklen_t -DNO_SSTREAM=1 -D_LARGEFILE_SOURCE=1 -D_FILE_OFFSET_BITS=64 -Wall -DBSD=1 -DNO_STD_LIB=1 MPEG1or2VideoStreamDiscreteFramer.cpp
aarch64-linux-gnu-g++ -c -Iinclude -I../UsageEnvironment/include -I../groupsock/include -I/usr/local/include -I. -O2 -DSOCKLEN_T=socklen_t -DNO_SSTREAM=1 -D_LARGEFILE_SOURCE=1 -D_FILE_OFFSET_BITS=64 -Wall -DBSD=1 -DNO_STD_LIB=1 MPEG4VideoStreamFramer.cpp
aarch64-linux-gnu-g++ -c -Iinclude -I../UsageEnvironment/include -I../groupsock/include -I/usr/local/include -I. -O2 -DSOCKLEN_T=socklen_t -DNO_SSTREAM=1 -D_LARGEFILE_SOURCE=1 -D_FILE_OFFSET_BITS=64 -Wall -DBSD=1 -DNO_STD_LIB=1 MPEG4VideoStreamDiscreteFramer.cpp
aarch64-linux-gnu-g++ -c -Iinclude -I../UsageEnvironment/include -I../groupsock/include -I/usr/local/include -I. -O2 -DSOCKLEN_T=socklen_t -DNO_SSTREAM=1 -D_LARGEFILE_SOURCE=1 -D_FILE_OFFSET_BITS=64 -Wall -DBSD=1 -DNO_STD_LIB=1 H264or5VideoStreamFramer.cpp
aarch64-linux-gnu-g++ -c -Iinclude -I../UsageEnvironment/include -I../groupsock/include -I/usr/local/include -I. -O2 -DSOCKLEN_T=socklen_t -DNO_SSTREAM=1 -D_LARGEFILE_SOURCE=1 -D_FILE_OFFSET_BITS=64 -Wall -DBSD=1 -DNO_STD_LIB=1 H264or5VideoStreamDiscreteFramer.cpp
aarch64-linux-gnu-g++ -c -Iinclude -I../UsageEnvironment/include -I../groupsock/include -I/usr/local/include -I. -O2 -DSOCKLEN_T=socklen_t -DNO_SSTREAM=1 -D_LARGEFILE_SOURCE=1 -D_FILE_OFFSET_BITS=64 -Wall -DBSD=1 -DNO_STD_LIB=1 H264VideoStreamFramer.cpp
aarch64-linux-gnu-g++ -c -Iinclude -I../UsageEnvironment/include -I../groupsock/include -I/usr/local/include -I. -O2 -DSOCKLEN_T=socklen_t -DNO_SSTREAM=1 -D_LARGEFILE_SOURCE=1 -D_FILE_OFFSET_BITS=64 -Wall -DBSD=1 -DNO_STD_LIB=1 H264VideoStreamDiscreteFramer.cpp
aarch64-linux-gnu-g++ -c -Iinclude -I../UsageEnvironment/include -I../groupsock/include -I/usr/local/include -I. -O2 -DSOCKLEN_T=socklen_t -DNO_SSTREAM=1 -D_LARGEFILE_SOURCE=1 -D_FILE_OFFSET_BITS=64 -Wall -DBSD=1 -DNO_STD_LIB=1 H265VideoStreamFramer.cpp
aarch64-linux-gnu-g++ -c -Iinclude -I../UsageEnvironment/include -I../groupsock/include -I/usr/local/include -I. -O2 -DSOCKLEN_T=socklen_t -DNO_SSTREAM=1 -D_LARGEFILE_SOURCE=1 -D_FILE_OFFSET_BITS=64 -Wall -DBSD=1 -DNO_STD_LIB=1 H265VideoStreamDiscreteFramer.cpp
aarch64-linux-gnu-g++ -c -Iinclude -I../UsageEnvironment/include -I../groupsock/include -I/usr/local/include -I. -O2 -DSOCKLEN_T=socklen_t -DNO_SSTREAM=1 -D_LARGEFILE_SOURCE=1 -D_FILE_OFFSET_BITS=64 -Wall -DBSD=1 -DNO_STD_LIB=1 MPEGVideoStreamParser.cpp
MPEG1or2VideoStreamFramer.cpp: In member function ‘unsigned int MPEG1or2VideoStreamParser::parseSlice()’:
MPEG1or2VideoStreamFramer.cpp:463:32: warning: cast to pointer from integer of different size [-Wint-to-pointer-cast]
  463 |                             << (void*)next4Bytes << "\n";
      |                                ^~~~~~~~~~~~~~~~~
aarch64-linux-gnu-g++ -c -Iinclude -I../UsageEnvironment/include -I../groupsock/include -I/usr/local/include -I. -O2 -DSOCKLEN_T=socklen_t -DNO_SSTREAM=1 -D_LARGEFILE_SOURCE=1 -D_FILE_OFFSET_BITS=64 -Wall -DBSD=1 -DNO_STD_LIB=1 MPEG1or2AudioStreamFramer.cpp
aarch64-linux-gnu-g++ -c -Iinclude -I../UsageEnvironment/include -I../groupsock/include -I/usr/local/include -I. -O2 -DSOCKLEN_T=socklen_t -DNO_SSTREAM=1 -D_LARGEFILE_SOURCE=1 -D_FILE_OFFSET_BITS=64 -Wall -DBSD=1 -DNO_STD_LIB=1 MPEG1or2AudioRTPSource.cpp
aarch64-linux-gnu-g++ -c -Iinclude -I../UsageEnvironment/include -I../groupsock/include -I/usr/local/include -I. -O2 -DSOCKLEN_T=socklen_t -DNO_SSTREAM=1 -D_LARGEFILE_SOURCE=1 -D_FILE_OFFSET_BITS=64 -Wall -DBSD=1 -DNO_STD_LIB=1 MPEG4LATMAudioRTPSource.cpp
aarch64-linux-gnu-g++ -c -Iinclude -I../UsageEnvironment/include -I../groupsock/include -I/usr/local/include -I. -O2 -DSOCKLEN_T=socklen_t -DNO_SSTREAM=1 -D_LARGEFILE_SOURCE=1 -D_FILE_OFFSET_BITS=64 -Wall -DBSD=1 -DNO_STD_LIB=1 MPEG4ESVideoRTPSource.cpp
aarch64-linux-gnu-g++ -c -Iinclude -I../UsageEnvironment/include -I../groupsock/include -I/usr/local/include -I. -O2 -DSOCKLEN_T=socklen_t -DNO_SSTREAM=1 -D_LARGEFILE_SOURCE=1 -D_FILE_OFFSET_BITS=64 -Wall -DBSD=1 -DNO_STD_LIB=1 MPEG4GenericRTPSource.cpp
aarch64-linux-gnu-g++ -c -Iinclude -I../UsageEnvironment/include -I../groupsock/include -I/usr/local/include -I. -O2 -DSOCKLEN_T=socklen_t -DNO_SSTREAM=1 -D_LARGEFILE_SOURCE=1 -D_FILE_OFFSET_BITS=64 -Wall -DBSD=1 -DNO_STD_LIB=1 MP3FileSource.cpp
aarch64-linux-gnu-g++ -c -Iinclude -I../UsageEnvironment/include -I../groupsock/include -I/usr/local/include -I. -O2 -DSOCKLEN_T=socklen_t -DNO_SSTREAM=1 -D_LARGEFILE_SOURCE=1 -D_FILE_OFFSET_BITS=64 -Wall -DBSD=1 -DNO_STD_LIB=1 MP3Transcoder.cpp
aarch64-linux-gnu-g++ -c -Iinclude -I../UsageEnvironment/include -I../groupsock/include -I/usr/local/include -I. -O2 -DSOCKLEN_T=socklen_t -DNO_SSTREAM=1 -D_LARGEFILE_SOURCE=1 -D_FILE_OFFSET_BITS=64 -Wall -DBSD=1 -DNO_STD_LIB=1 MP3ADU.cpp
aarch64-linux-gnu-g++ -c -Iinclude -I../UsageEnvironment/include -I../groupsock/include -I/usr/local/include -I. -O2 -DSOCKLEN_T=socklen_t -DNO_SSTREAM=1 -D_LARGEFILE_SOURCE=1 -D_FILE_OFFSET_BITS=64 -Wall -DBSD=1 -DNO_STD_LIB=1 MP3ADUdescriptor.cpp
aarch64-linux-gnu-g++ -c -Iinclude -I../UsageEnvironment/include -I../groupsock/include -I/usr/local/include -I. -O2 -DSOCKLEN_T=socklen_t -DNO_SSTREAM=1 -D_LARGEFILE_SOURCE=1 -D_FILE_OFFSET_BITS=64 -Wall -DBSD=1 -DNO_STD_LIB=1 MP3ADUinterleaving.cpp
aarch64-linux-gnu-g++ -c -Iinclude -I../UsageEnvironment/include -I../groupsock/include -I/usr/local/include -I. -O2 -DSOCKLEN_T=socklen_t -DNO_SSTREAM=1 -D_LARGEFILE_SOURCE=1 -D_FILE_OFFSET_BITS=64 -Wall -DBSD=1 -DNO_STD_LIB=1 MP3ADUTranscoder.cpp
aarch64-linux-gnu-g++ -c -Iinclude -I../UsageEnvironment/include -I../groupsock/include -I/usr/local/include -I. -O2 -DSOCKLEN_T=socklen_t -DNO_SSTREAM=1 -D_LARGEFILE_SOURCE=1 -D_FILE_OFFSET_BITS=64 -Wall -DBSD=1 -DNO_STD_LIB=1 MP3StreamState.cpp
aarch64-linux-gnu-g++ -c -Iinclude -I../UsageEnvironment/include -I../groupsock/include -I/usr/local/include -I. -O2 -DSOCKLEN_T=socklen_t -DNO_SSTREAM=1 -D_LARGEFILE_SOURCE=1 -D_FILE_OFFSET_BITS=64 -Wall -DBSD=1 -DNO_STD_LIB=1 MP3Internals.cpp
aarch64-linux-gnu-g++ -c -Iinclude -I../UsageEnvironment/include -I../groupsock/include -I/usr/local/include -I. -O2 -DSOCKLEN_T=socklen_t -DNO_SSTREAM=1 -D_LARGEFILE_SOURCE=1 -D_FILE_OFFSET_BITS=64 -Wall -DBSD=1 -DNO_STD_LIB=1 MP3InternalsHuffman.cpp
aarch64-linux-gnu-g++ -c -Iinclude -I../UsageEnvironment/include -I../groupsock/include -I/usr/local/include -I. -O2 -DSOCKLEN_T=socklen_t -DNO_SSTREAM=1 -D_LARGEFILE_SOURCE=1 -D_FILE_OFFSET_BITS=64 -Wall -DBSD=1 -DNO_STD_LIB=1 MP3InternalsHuffmanTable.cpp
aarch64-linux-gnu-g++ -c -Iinclude -I../UsageEnvironment/include -I../groupsock/include -I/usr/local/include -I. -O2 -DSOCKLEN_T=socklen_t -DNO_SSTREAM=1 -D_LARGEFILE_SOURCE=1 -D_FILE_OFFSET_BITS=64 -Wall -DBSD=1 -DNO_STD_LIB=1 MP3ADURTPSource.cpp
aarch64-linux-gnu-g++ -c -Iinclude -I../UsageEnvironment/include -I../groupsock/include -I/usr/local/include -I. -O2 -DSOCKLEN_T=socklen_t -DNO_SSTREAM=1 -D_LARGEFILE_SOURCE=1 -D_FILE_OFFSET_BITS=64 -Wall -DBSD=1 -DNO_STD_LIB=1 MPEG1or2VideoRTPSource.cpp
aarch64-linux-gnu-g++ -c -Iinclude -I../UsageEnvironment/include -I../groupsock/include -I/usr/local/include -I. -O2 -DSOCKLEN_T=socklen_t -DNO_SSTREAM=1 -D_LARGEFILE_SOURCE=1 -D_FILE_OFFSET_BITS=64 -Wall -DBSD=1 -DNO_STD_LIB=1 MPEG2TransportStreamMultiplexor.cpp
aarch64-linux-gnu-g++ -c -Iinclude -I../UsageEnvironment/include -I../groupsock/include -I/usr/local/include -I. -O2 -DSOCKLEN_T=socklen_t -DNO_SSTREAM=1 -D_LARGEFILE_SOURCE=1 -D_FILE_OFFSET_BITS=64 -Wall -DBSD=1 -DNO_STD_LIB=1 MPEG2TransportStreamFromPESSource.cpp
aarch64-linux-gnu-g++ -c -Iinclude -I../UsageEnvironment/include -I../groupsock/include -I/usr/local/include -I. -O2 -DSOCKLEN_T=socklen_t -DNO_SSTREAM=1 -D_LARGEFILE_SOURCE=1 -D_FILE_OFFSET_BITS=64 -Wall -DBSD=1 -DNO_STD_LIB=1 MPEG2TransportStreamFromESSource.cpp
MPEG4VideoStreamFramer.cpp: In member function ‘unsigned int MPEG4VideoStreamParser::parseVideoObjectPlane()’:
MPEG4VideoStreamFramer.cpp:655:33: warning: cast to pointer from integer of different size [-Wint-to-pointer-cast]
  655 |                              << (void*)next4Bytes << "\n";
      |                                 ^~~~~~~~~~~~~~~~~
aarch64-linux-gnu-g++ -c -Iinclude -I../UsageEnvironment/include -I../groupsock/include -I/usr/local/include -I. -O2 -DSOCKLEN_T=socklen_t -DNO_SSTREAM=1 -D_LARGEFILE_SOURCE=1 -D_FILE_OFFSET_BITS=64 -Wall -DBSD=1 -DNO_STD_LIB=1 MPEG2TransportStreamFramer.cpp
aarch64-linux-gnu-g++ -c -Iinclude -I../UsageEnvironment/include -I../groupsock/include -I/usr/local/include -I. -O2 -DSOCKLEN_T=socklen_t -DNO_SSTREAM=1 -D_LARGEFILE_SOURCE=1 -D_FILE_OFFSET_BITS=64 -Wall -DBSD=1 -DNO_STD_LIB=1 MPEG2TransportStreamAccumulator.cpp
aarch64-linux-gnu-g++ -c -Iinclude -I../UsageEnvironment/include -I../groupsock/include -I/usr/local/include -I. -O2 -DSOCKLEN_T=socklen_t -DNO_SSTREAM=1 -D_LARGEFILE_SOURCE=1 -D_FILE_OFFSET_BITS=64 -Wall -DBSD=1 -DNO_STD_LIB=1 ADTSAudioFileSource.cpp
aarch64-linux-gnu-g++ -c -Iinclude -I../UsageEnvironment/include -I../groupsock/include -I/usr/local/include -I. -O2 -DSOCKLEN_T=socklen_t -DNO_SSTREAM=1 -D_LARGEFILE_SOURCE=1 -D_FILE_OFFSET_BITS=64 -Wall -DBSD=1 -DNO_STD_LIB=1 ADTSAudioStreamDiscreteFramer.cpp
MPEG2TransportStreamFramer.cpp: In member function ‘Boolean MPEG2TransportStreamFramer::updateTSPacketDurationEstimate(unsigned char*, double)’:
MPEG2TransportStreamFramer.cpp:233:63: warning: cast to pointer from integer of different size [-Wint-to-pointer-cast]
  233 |   PIDStatus* pidStatus = (PIDStatus*)(fPIDStatusTable->Lookup((char*)pid));
      |                                                               ^~~~~~~~~~
MPEG2TransportStreamFramer.cpp:238:26: warning: cast to pointer from integer of different size [-Wint-to-pointer-cast]
  238 |     fPIDStatusTable->Add((char*)pid, pidStatus);
      |                          ^~~~~~~~~~
aarch64-linux-gnu-g++ -c -Iinclude -I../UsageEnvironment/include -I../groupsock/include -I/usr/local/include -I. -O2 -DSOCKLEN_T=socklen_t -DNO_SSTREAM=1 -D_LARGEFILE_SOURCE=1 -D_FILE_OFFSET_BITS=64 -Wall -DBSD=1 -DNO_STD_LIB=1 JPEGVideoSource.cpp
aarch64-linux-gnu-g++ -c -Iinclude -I../UsageEnvironment/include -I../groupsock/include -I/usr/local/include -I. -O2 -DSOCKLEN_T=socklen_t -DNO_SSTREAM=1 -D_LARGEFILE_SOURCE=1 -D_FILE_OFFSET_BITS=64 -Wall -DBSD=1 -DNO_STD_LIB=1 JPEGVideoRTPSource.cpp
aarch64-linux-gnu-g++ -c -Iinclude -I../UsageEnvironment/include -I../groupsock/include -I/usr/local/include -I. -O2 -DSOCKLEN_T=socklen_t -DNO_SSTREAM=1 -D_LARGEFILE_SOURCE=1 -D_FILE_OFFSET_BITS=64 -Wall -DBSD=1 -DNO_STD_LIB=1 JPEG2000VideoRTPSource.cpp
aarch64-linux-gnu-g++ -c -Iinclude -I../UsageEnvironment/include -I../groupsock/include -I/usr/local/include -I. -O2 -DSOCKLEN_T=socklen_t -DNO_SSTREAM=1 -D_LARGEFILE_SOURCE=1 -D_FILE_OFFSET_BITS=64 -Wall -DBSD=1 -DNO_STD_LIB=1 H263plusVideoRTPSource.cpp
aarch64-linux-gnu-g++ -c -Iinclude -I../UsageEnvironment/include -I../groupsock/include -I/usr/local/include -I. -O2 -DSOCKLEN_T=socklen_t -DNO_SSTREAM=1 -D_LARGEFILE_SOURCE=1 -D_FILE_OFFSET_BITS=64 -Wall -DBSD=1 -DNO_STD_LIB=1 H263plusVideoStreamFramer.cpp
aarch64-linux-gnu-g++ -c -Iinclude -I../UsageEnvironment/include -I../groupsock/include -I/usr/local/include -I. -O2 -DSOCKLEN_T=socklen_t -DNO_SSTREAM=1 -D_LARGEFILE_SOURCE=1 -D_FILE_OFFSET_BITS=64 -Wall -DBSD=1 -DNO_STD_LIB=1 H263plusVideoStreamParser.cpp
aarch64-linux-gnu-g++ -c -Iinclude -I../UsageEnvironment/include -I../groupsock/include -I/usr/local/include -I. -O2 -DSOCKLEN_T=socklen_t -DNO_SSTREAM=1 -D_LARGEFILE_SOURCE=1 -D_FILE_OFFSET_BITS=64 -Wall -DBSD=1 -DNO_STD_LIB=1 AC3AudioStreamFramer.cpp
aarch64-linux-gnu-g++ -c -Iinclude -I../UsageEnvironment/include -I../groupsock/include -I/usr/local/include -I. -O2 -DSOCKLEN_T=socklen_t -DNO_SSTREAM=1 -D_LARGEFILE_SOURCE=1 -D_FILE_OFFSET_BITS=64 -Wall -DBSD=1 -DNO_STD_LIB=1 AC3AudioRTPSource.cpp
aarch64-linux-gnu-g++ -c -Iinclude -I../UsageEnvironment/include -I../groupsock/include -I/usr/local/include -I. -O2 -DSOCKLEN_T=socklen_t -DNO_SSTREAM=1 -D_LARGEFILE_SOURCE=1 -D_FILE_OFFSET_BITS=64 -Wall -DBSD=1 -DNO_STD_LIB=1 DVVideoStreamFramer.cpp
aarch64-linux-gnu-g++ -c -Iinclude -I../UsageEnvironment/include -I../groupsock/include -I/usr/local/include -I. -O2 -DSOCKLEN_T=socklen_t -DNO_SSTREAM=1 -D_LARGEFILE_SOURCE=1 -D_FILE_OFFSET_BITS=64 -Wall -DBSD=1 -DNO_STD_LIB=1 DVVideoRTPSource.cpp
aarch64-linux-gnu-g++ -c -Iinclude -I../UsageEnvironment/include -I../groupsock/include -I/usr/local/include -I. -O2 -DSOCKLEN_T=socklen_t -DNO_SSTREAM=1 -D_LARGEFILE_SOURCE=1 -D_FILE_OFFSET_BITS=64 -Wall -DBSD=1 -DNO_STD_LIB=1 AMRAudioSource.cpp
aarch64-linux-gnu-g++ -c -Iinclude -I../UsageEnvironment/include -I../groupsock/include -I/usr/local/include -I. -O2 -DSOCKLEN_T=socklen_t -DNO_SSTREAM=1 -D_LARGEFILE_SOURCE=1 -D_FILE_OFFSET_BITS=64 -Wall -DBSD=1 -DNO_STD_LIB=1 AMRAudioFileSource.cpp
aarch64-linux-gnu-g++ -c -Iinclude -I../UsageEnvironment/include -I../groupsock/include -I/usr/local/include -I. -O2 -DSOCKLEN_T=socklen_t -DNO_SSTREAM=1 -D_LARGEFILE_SOURCE=1 -D_FILE_OFFSET_BITS=64 -Wall -DBSD=1 -DNO_STD_LIB=1 InputFile.cpp
aarch64-linux-gnu-g++ -c -Iinclude -I../UsageEnvironment/include -I../groupsock/include -I/usr/local/include -I. -O2 -DSOCKLEN_T=socklen_t -DNO_SSTREAM=1 -D_LARGEFILE_SOURCE=1 -D_FILE_OFFSET_BITS=64 -Wall -DBSD=1 -DNO_STD_LIB=1 StreamReplicator.cpp
aarch64-linux-gnu-g++ -c -Iinclude -I../UsageEnvironment/include -I../groupsock/include -I/usr/local/include -I. -O2 -DSOCKLEN_T=socklen_t -DNO_SSTREAM=1 -D_LARGEFILE_SOURCE=1 -D_FILE_OFFSET_BITS=64 -Wall -DBSD=1 -DNO_STD_LIB=1 MediaSink.cpp
aarch64-linux-gnu-g++ -c -Iinclude -I../UsageEnvironment/include -I../groupsock/include -I/usr/local/include -I. -O2 -DSOCKLEN_T=socklen_t -DNO_SSTREAM=1 -D_LARGEFILE_SOURCE=1 -D_FILE_OFFSET_BITS=64 -Wall -DBSD=1 -DNO_STD_LIB=1 FileSink.cpp
aarch64-linux-gnu-g++ -c -Iinclude -I../UsageEnvironment/include -I../groupsock/include -I/usr/local/include -I. -O2 -DSOCKLEN_T=socklen_t -DNO_SSTREAM=1 -D_LARGEFILE_SOURCE=1 -D_FILE_OFFSET_BITS=64 -Wall -DBSD=1 -DNO_STD_LIB=1 BasicUDPSink.cpp
aarch64-linux-gnu-g++ -c -Iinclude -I../UsageEnvironment/include -I../groupsock/include -I/usr/local/include -I. -O2 -DSOCKLEN_T=socklen_t -DNO_SSTREAM=1 -D_LARGEFILE_SOURCE=1 -D_FILE_OFFSET_BITS=64 -Wall -DBSD=1 -DNO_STD_LIB=1 AMRAudioFileSink.cpp
aarch64-linux-gnu-g++ -c -Iinclude -I../UsageEnvironment/include -I../groupsock/include -I/usr/local/include -I. -O2 -DSOCKLEN_T=socklen_t -DNO_SSTREAM=1 -D_LARGEFILE_SOURCE=1 -D_FILE_OFFSET_BITS=64 -Wall -DBSD=1 -DNO_STD_LIB=1 H264or5VideoFileSink.cpp
aarch64-linux-gnu-g++ -c -Iinclude -I../UsageEnvironment/include -I../groupsock/include -I/usr/local/include -I. -O2 -DSOCKLEN_T=socklen_t -DNO_SSTREAM=1 -D_LARGEFILE_SOURCE=1 -D_FILE_OFFSET_BITS=64 -Wall -DBSD=1 -DNO_STD_LIB=1 H264VideoFileSink.cpp
aarch64-linux-gnu-g++ -c -Iinclude -I../UsageEnvironment/include -I../groupsock/include -I/usr/local/include -I. -O2 -DSOCKLEN_T=socklen_t -DNO_SSTREAM=1 -D_LARGEFILE_SOURCE=1 -D_FILE_OFFSET_BITS=64 -Wall -DBSD=1 -DNO_STD_LIB=1 H265VideoFileSink.cpp
aarch64-linux-gnu-g++ -c -Iinclude -I../UsageEnvironment/include -I../groupsock/include -I/usr/local/include -I. -O2 -DSOCKLEN_T=socklen_t -DNO_SSTREAM=1 -D_LARGEFILE_SOURCE=1 -D_FILE_OFFSET_BITS=64 -Wall -DBSD=1 -DNO_STD_LIB=1 OggFileSink.cpp
aarch64-linux-gnu-g++ -c -Iinclude -I../UsageEnvironment/include -I../groupsock/include -I/usr/local/include -I. -O2 -DSOCKLEN_T=socklen_t -DNO_SSTREAM=1 -D_LARGEFILE_SOURCE=1 -D_FILE_OFFSET_BITS=64 -Wall -DBSD=1 -DNO_STD_LIB=1 MPEG1or2AudioRTPSink.cpp
aarch64-linux-gnu-g++ -c -Iinclude -I../UsageEnvironment/include -I../groupsock/include -I/usr/local/include -I. -O2 -DSOCKLEN_T=socklen_t -DNO_SSTREAM=1 -D_LARGEFILE_SOURCE=1 -D_FILE_OFFSET_BITS=64 -Wall -DBSD=1 -DNO_STD_LIB=1 MP3ADURTPSink.cpp
aarch64-linux-gnu-g++ -c -Iinclude -I../UsageEnvironment/include -I../groupsock/include -I/usr/local/include -I. -O2 -DSOCKLEN_T=socklen_t -DNO_SSTREAM=1 -D_LARGEFILE_SOURCE=1 -D_FILE_OFFSET_BITS=64 -Wall -DBSD=1 -DNO_STD_LIB=1 MPEG1or2VideoRTPSink.cpp
aarch64-linux-gnu-g++ -c -Iinclude -I../UsageEnvironment/include -I../groupsock/include -I/usr/local/include -I. -O2 -DSOCKLEN_T=socklen_t -DNO_SSTREAM=1 -D_LARGEFILE_SOURCE=1 -D_FILE_OFFSET_BITS=64 -Wall -DBSD=1 -DNO_STD_LIB=1 MPEG4LATMAudioRTPSink.cpp
aarch64-linux-gnu-g++ -c -Iinclude -I../UsageEnvironment/include -I../groupsock/include -I/usr/local/include -I. -O2 -DSOCKLEN_T=socklen_t -DNO_SSTREAM=1 -D_LARGEFILE_SOURCE=1 -D_FILE_OFFSET_BITS=64 -Wall -DBSD=1 -DNO_STD_LIB=1 MPEG4GenericRTPSink.cpp
aarch64-linux-gnu-g++ -c -Iinclude -I../UsageEnvironment/include -I../groupsock/include -I/usr/local/include -I. -O2 -DSOCKLEN_T=socklen_t -DNO_SSTREAM=1 -D_LARGEFILE_SOURCE=1 -D_FILE_OFFSET_BITS=64 -Wall -DBSD=1 -DNO_STD_LIB=1 MPEG4ESVideoRTPSink.cpp
aarch64-linux-gnu-g++ -c -Iinclude -I../UsageEnvironment/include -I../groupsock/include -I/usr/local/include -I. -O2 -DSOCKLEN_T=socklen_t -DNO_SSTREAM=1 -D_LARGEFILE_SOURCE=1 -D_FILE_OFFSET_BITS=64 -Wall -DBSD=1 -DNO_STD_LIB=1 JPEGVideoRTPSink.cpp
aarch64-linux-gnu-g++ -c -Iinclude -I../UsageEnvironment/include -I../groupsock/include -I/usr/local/include -I. -O2 -DSOCKLEN_T=socklen_t -DNO_SSTREAM=1 -D_LARGEFILE_SOURCE=1 -D_FILE_OFFSET_BITS=64 -Wall -DBSD=1 -DNO_STD_LIB=1 JPEG2000VideoRTPSink.cpp
aarch64-linux-gnu-g++ -c -Iinclude -I../UsageEnvironment/include -I../groupsock/include -I/usr/local/include -I. -O2 -DSOCKLEN_T=socklen_t -DNO_SSTREAM=1 -D_LARGEFILE_SOURCE=1 -D_FILE_OFFSET_BITS=64 -Wall -DBSD=1 -DNO_STD_LIB=1 H263plusVideoRTPSink.cpp
aarch64-linux-gnu-g++ -c -Iinclude -I../UsageEnvironment/include -I../groupsock/include -I/usr/local/include -I. -O2 -DSOCKLEN_T=socklen_t -DNO_SSTREAM=1 -D_LARGEFILE_SOURCE=1 -D_FILE_OFFSET_BITS=64 -Wall -DBSD=1 -DNO_STD_LIB=1 H264or5VideoRTPSink.cpp
aarch64-linux-gnu-g++ -c -Iinclude -I../UsageEnvironment/include -I../groupsock/include -I/usr/local/include -I. -O2 -DSOCKLEN_T=socklen_t -DNO_SSTREAM=1 -D_LARGEFILE_SOURCE=1 -D_FILE_OFFSET_BITS=64 -Wall -DBSD=1 -DNO_STD_LIB=1 H264VideoRTPSink.cpp
aarch64-linux-gnu-g++ -c -Iinclude -I../UsageEnvironment/include -I../groupsock/include -I/usr/local/include -I. -O2 -DSOCKLEN_T=socklen_t -DNO_SSTREAM=1 -D_LARGEFILE_SOURCE=1 -D_FILE_OFFSET_BITS=64 -Wall -DBSD=1 -DNO_STD_LIB=1 H265VideoRTPSink.cpp
aarch64-linux-gnu-g++ -c -Iinclude -I../UsageEnvironment/include -I../groupsock/include -I/usr/local/include -I. -O2 -DSOCKLEN_T=socklen_t -DNO_SSTREAM=1 -D_LARGEFILE_SOURCE=1 -D_FILE_OFFSET_BITS=64 -Wall -DBSD=1 -DNO_STD_LIB=1 DVVideoRTPSink.cpp
aarch64-linux-gnu-g++ -c -Iinclude -I../UsageEnvironment/include -I../groupsock/include -I/usr/local/include -I. -O2 -DSOCKLEN_T=socklen_t -DNO_SSTREAM=1 -D_LARGEFILE_SOURCE=1 -D_FILE_OFFSET_BITS=64 -Wall -DBSD=1 -DNO_STD_LIB=1 AC3AudioRTPSink.cpp
aarch64-linux-gnu-g++ -c -Iinclude -I../UsageEnvironment/include -I../groupsock/include -I/usr/local/include -I. -O2 -DSOCKLEN_T=socklen_t -DNO_SSTREAM=1 -D_LARGEFILE_SOURCE=1 -D_FILE_OFFSET_BITS=64 -Wall -DBSD=1 -DNO_STD_LIB=1 VorbisAudioRTPSink.cpp
aarch64-linux-gnu-g++ -c -Iinclude -I../UsageEnvironment/include -I../groupsock/include -I/usr/local/include -I. -O2 -DSOCKLEN_T=socklen_t -DNO_SSTREAM=1 -D_LARGEFILE_SOURCE=1 -D_FILE_OFFSET_BITS=64 -Wall -DBSD=1 -DNO_STD_LIB=1 TheoraVideoRTPSink.cpp
aarch64-linux-gnu-g++ -c -Iinclude -I../UsageEnvironment/include -I../groupsock/include -I/usr/local/include -I. -O2 -DSOCKLEN_T=socklen_t -DNO_SSTREAM=1 -D_LARGEFILE_SOURCE=1 -D_FILE_OFFSET_BITS=64 -Wall -DBSD=1 -DNO_STD_LIB=1 VP8VideoRTPSink.cpp
aarch64-linux-gnu-g++ -c -Iinclude -I../UsageEnvironment/include -I../groupsock/include -I/usr/local/include -I. -O2 -DSOCKLEN_T=socklen_t -DNO_SSTREAM=1 -D_LARGEFILE_SOURCE=1 -D_FILE_OFFSET_BITS=64 -Wall -DBSD=1 -DNO_STD_LIB=1 VP9VideoRTPSink.cpp
aarch64-linux-gnu-g++ -c -Iinclude -I../UsageEnvironment/include -I../groupsock/include -I/usr/local/include -I. -O2 -DSOCKLEN_T=socklen_t -DNO_SSTREAM=1 -D_LARGEFILE_SOURCE=1 -D_FILE_OFFSET_BITS=64 -Wall -DBSD=1 -DNO_STD_LIB=1 GSMAudioRTPSink.cpp
MPEG1or2VideoRTPSink.cpp: In member function ‘virtual void MPEG1or2VideoRTPSink::doSpecialFrameHandling(unsigned int, unsigned char*, unsigned int, timeval, unsigned int)’:
MPEG1or2VideoRTPSink.cpp:124:18: warning: cast to pointer from integer of different size [-Wint-to-pointer-cast]
  124 |               << (void*)startCode << ", but we're not a fragment\n";
      |                  ^~~~~~~~~~~~~~~~
aarch64-linux-gnu-g++ -c -Iinclude -I../UsageEnvironment/include -I../groupsock/include -I/usr/local/include -I. -O2 -DSOCKLEN_T=socklen_t -DNO_SSTREAM=1 -D_LARGEFILE_SOURCE=1 -D_FILE_OFFSET_BITS=64 -Wall -DBSD=1 -DNO_STD_LIB=1 SimpleRTPSink.cpp
aarch64-linux-gnu-g++ -c -Iinclude -I../UsageEnvironment/include -I../groupsock/include -I/usr/local/include -I. -O2 -DSOCKLEN_T=socklen_t -DNO_SSTREAM=1 -D_LARGEFILE_SOURCE=1 -D_FILE_OFFSET_BITS=64 -Wall -DBSD=1 -DNO_STD_LIB=1 AMRAudioRTPSink.cpp
aarch64-linux-gnu-g++ -c -Iinclude -I../UsageEnvironment/include -I../groupsock/include -I/usr/local/include -I. -O2 -DSOCKLEN_T=socklen_t -DNO_SSTREAM=1 -D_LARGEFILE_SOURCE=1 -D_FILE_OFFSET_BITS=64 -Wall -DBSD=1 -DNO_STD_LIB=1 T140TextRTPSink.cpp
aarch64-linux-gnu-g++ -c -Iinclude -I../UsageEnvironment/include -I../groupsock/include -I/usr/local/include -I. -O2 -DSOCKLEN_T=socklen_t -DNO_SSTREAM=1 -D_LARGEFILE_SOURCE=1 -D_FILE_OFFSET_BITS=64 -Wall -DBSD=1 -DNO_STD_LIB=1 OutputFile.cpp
aarch64-linux-gnu-g++ -c -Iinclude -I../UsageEnvironment/include -I../groupsock/include -I/usr/local/include -I. -O2 -DSOCKLEN_T=socklen_t -DNO_SSTREAM=1 -D_LARGEFILE_SOURCE=1 -D_FILE_OFFSET_BITS=64 -Wall -DBSD=1 -DNO_STD_LIB=1 RawVideoRTPSink.cpp
aarch64-linux-gnu-g++ -c -Iinclude -I../UsageEnvironment/include -I../groupsock/include -I/usr/local/include -I. -O2 -DSOCKLEN_T=socklen_t -DNO_SSTREAM=1 -D_LARGEFILE_SOURCE=1 -D_FILE_OFFSET_BITS=64 -Wall -DBSD=1 -DNO_STD_LIB=1 uLawAudioFilter.cpp
aarch64-linux-gnu-g++ -c -Iinclude -I../UsageEnvironment/include -I../groupsock/include -I/usr/local/include -I. -O2 -DSOCKLEN_T=socklen_t -DNO_SSTREAM=1 -D_LARGEFILE_SOURCE=1 -D_FILE_OFFSET_BITS=64 -Wall -DBSD=1 -DNO_STD_LIB=1 RTPSource.cpp
aarch64-linux-gnu-g++ -c -Iinclude -I../UsageEnvironment/include -I../groupsock/include -I/usr/local/include -I. -O2 -DSOCKLEN_T=socklen_t -DNO_SSTREAM=1 -D_LARGEFILE_SOURCE=1 -D_FILE_OFFSET_BITS=64 -Wall -DBSD=1 -DNO_STD_LIB=1 MultiFramedRTPSource.cpp
aarch64-linux-gnu-g++ -c -Iinclude -I../UsageEnvironment/include -I../groupsock/include -I/usr/local/include -I. -O2 -DSOCKLEN_T=socklen_t -DNO_SSTREAM=1 -D_LARGEFILE_SOURCE=1 -D_FILE_OFFSET_BITS=64 -Wall -DBSD=1 -DNO_STD_LIB=1 SimpleRTPSource.cpp
aarch64-linux-gnu-g++ -c -Iinclude -I../UsageEnvironment/include -I../groupsock/include -I/usr/local/include -I. -O2 -DSOCKLEN_T=socklen_t -DNO_SSTREAM=1 -D_LARGEFILE_SOURCE=1 -D_FILE_OFFSET_BITS=64 -Wall -DBSD=1 -DNO_STD_LIB=1 H261VideoRTPSource.cpp
VorbisAudioRTPSink.cpp: In function ‘char* generateVorbisOrTheoraConfigStr(u_int8_t*, unsigned int, u_int8_t*, unsigned int, u_int8_t*, unsigned int, u_int32_t)’:
VorbisAudioRTPSink.cpp:257:3: warning: this ‘if’ clause does not guard... [-Wmisleading-indentation]
  257 |   if (identificationHeader != NULL) memmove(p, identificationHeader, identificationHeaderSize); p += identificationHeaderSize;
      |   ^~
VorbisAudioRTPSink.cpp:257:97: note: ...this statement, but the latter is misleadingly indented as if it were guarded by the ‘if’
  257 |   if (identificationHeader != NULL) memmove(p, identificationHeader, identificationHeaderSize); p += identificationHeaderSize;
      |                                                                                                 ^
aarch64-linux-gnu-g++ -c -Iinclude -I../UsageEnvironment/include -I../groupsock/include -I/usr/local/include -I. -O2 -DSOCKLEN_T=socklen_t -DNO_SSTREAM=1 -D_LARGEFILE_SOURCE=1 -D_FILE_OFFSET_BITS=64 -Wall -DBSD=1 -DNO_STD_LIB=1 H264VideoRTPSource.cpp
VorbisAudioRTPSink.cpp:258:3: warning: this ‘if’ clause does not guard... [-Wmisleading-indentation]
  258 |   if (commentHeader != NULL) memmove(p, commentHeader, commentHeaderSize); p += commentHeaderSize;
      |   ^~
VorbisAudioRTPSink.cpp:258:76: note: ...this statement, but the latter is misleadingly indented as if it were guarded by the ‘if’
  258 |   if (commentHeader != NULL) memmove(p, commentHeader, commentHeaderSize); p += commentHeaderSize;
      |                                                                            ^
aarch64-linux-gnu-g++ -c -Iinclude -I../UsageEnvironment/include -I../groupsock/include -I/usr/local/include -I. -O2 -DSOCKLEN_T=socklen_t -DNO_SSTREAM=1 -D_LARGEFILE_SOURCE=1 -D_FILE_OFFSET_BITS=64 -Wall -DBSD=1 -DNO_STD_LIB=1 H265VideoRTPSource.cpp
aarch64-linux-gnu-g++ -c -Iinclude -I../UsageEnvironment/include -I../groupsock/include -I/usr/local/include -I. -O2 -DSOCKLEN_T=socklen_t -DNO_SSTREAM=1 -D_LARGEFILE_SOURCE=1 -D_FILE_OFFSET_BITS=64 -Wall -DBSD=1 -DNO_STD_LIB=1 QCELPAudioRTPSource.cpp
aarch64-linux-gnu-g++ -c -Iinclude -I../UsageEnvironment/include -I../groupsock/include -I/usr/local/include -I. -O2 -DSOCKLEN_T=socklen_t -DNO_SSTREAM=1 -D_LARGEFILE_SOURCE=1 -D_FILE_OFFSET_BITS=64 -Wall -DBSD=1 -DNO_STD_LIB=1 AMRAudioRTPSource.cpp
aarch64-linux-gnu-g++ -c -Iinclude -I../UsageEnvironment/include -I../groupsock/include -I/usr/local/include -I. -O2 -DSOCKLEN_T=socklen_t -DNO_SSTREAM=1 -D_LARGEFILE_SOURCE=1 -D_FILE_OFFSET_BITS=64 -Wall -DBSD=1 -DNO_STD_LIB=1 VorbisAudioRTPSource.cpp
aarch64-linux-gnu-g++ -c -Iinclude -I../UsageEnvironment/include -I../groupsock/include -I/usr/local/include -I. -O2 -DSOCKLEN_T=socklen_t -DNO_SSTREAM=1 -D_LARGEFILE_SOURCE=1 -D_FILE_OFFSET_BITS=64 -Wall -DBSD=1 -DNO_STD_LIB=1 TheoraVideoRTPSource.cpp
aarch64-linux-gnu-g++ -c -Iinclude -I../UsageEnvironment/include -I../groupsock/include -I/usr/local/include -I. -O2 -DSOCKLEN_T=socklen_t -DNO_SSTREAM=1 -D_LARGEFILE_SOURCE=1 -D_FILE_OFFSET_BITS=64 -Wall -DBSD=1 -DNO_STD_LIB=1 VP8VideoRTPSource.cpp
aarch64-linux-gnu-g++ -c -Iinclude -I../UsageEnvironment/include -I../groupsock/include -I/usr/local/include -I. -O2 -DSOCKLEN_T=socklen_t -DNO_SSTREAM=1 -D_LARGEFILE_SOURCE=1 -D_FILE_OFFSET_BITS=64 -Wall -DBSD=1 -DNO_STD_LIB=1 VP9VideoRTPSource.cpp
aarch64-linux-gnu-g++ -c -Iinclude -I../UsageEnvironment/include -I../groupsock/include -I/usr/local/include -I. -O2 -DSOCKLEN_T=socklen_t -DNO_SSTREAM=1 -D_LARGEFILE_SOURCE=1 -D_FILE_OFFSET_BITS=64 -Wall -DBSD=1 -DNO_STD_LIB=1 RawVideoRTPSource.cpp
aarch64-linux-gnu-g++ -c -Iinclude -I../UsageEnvironment/include -I../groupsock/include -I/usr/local/include -I. -O2 -DSOCKLEN_T=socklen_t -DNO_SSTREAM=1 -D_LARGEFILE_SOURCE=1 -D_FILE_OFFSET_BITS=64 -Wall -DBSD=1 -DNO_STD_LIB=1 RTPSink.cpp
aarch64-linux-gnu-g++ -c -Iinclude -I../UsageEnvironment/include -I../groupsock/include -I/usr/local/include -I. -O2 -DSOCKLEN_T=socklen_t -DNO_SSTREAM=1 -D_LARGEFILE_SOURCE=1 -D_FILE_OFFSET_BITS=64 -Wall -DBSD=1 -DNO_STD_LIB=1 MultiFramedRTPSink.cpp
aarch64-linux-gnu-g++ -c -Iinclude -I../UsageEnvironment/include -I../groupsock/include -I/usr/local/include -I. -O2 -DSOCKLEN_T=socklen_t -DNO_SSTREAM=1 -D_LARGEFILE_SOURCE=1 -D_FILE_OFFSET_BITS=64 -Wall -DBSD=1 -DNO_STD_LIB=1 AudioRTPSink.cpp
aarch64-linux-gnu-g++ -c -Iinclude -I../UsageEnvironment/include -I../groupsock/include -I/usr/local/include -I. -O2 -DSOCKLEN_T=socklen_t -DNO_SSTREAM=1 -D_LARGEFILE_SOURCE=1 -D_FILE_OFFSET_BITS=64 -Wall -DBSD=1 -DNO_STD_LIB=1 VideoRTPSink.cpp
aarch64-linux-gnu-g++ -c -Iinclude -I../UsageEnvironment/include -I../groupsock/include -I/usr/local/include -I. -O2 -DSOCKLEN_T=socklen_t -DNO_SSTREAM=1 -D_LARGEFILE_SOURCE=1 -D_FILE_OFFSET_BITS=64 -Wall -DBSD=1 -DNO_STD_LIB=1 TextRTPSink.cpp
aarch64-linux-gnu-g++ -c -Iinclude -I../UsageEnvironment/include -I../groupsock/include -I/usr/local/include -I. -O2 -DSOCKLEN_T=socklen_t -DNO_SSTREAM=1 -D_LARGEFILE_SOURCE=1 -D_FILE_OFFSET_BITS=64 -Wall -DBSD=1 -DNO_STD_LIB=1 RTPInterface.cpp
aarch64-linux-gnu-g++ -c -Iinclude -I../UsageEnvironment/include -I../groupsock/include -I/usr/local/include -I. -O2 -DSOCKLEN_T=socklen_t -DNO_SSTREAM=1 -D_LARGEFILE_SOURCE=1 -D_FILE_OFFSET_BITS=64 -Wall -DBSD=1 -DNO_STD_LIB=1 RTCP.cpp
aarch64-linux-gnu-gcc -c -Iinclude -I../UsageEnvironment/include -I../groupsock/include -I/usr/local/include -I. -O2 -DSOCKLEN_T=socklen_t -DNO_SSTREAM=1 -D_LARGEFILE_SOURCE=1 -D_FILE_OFFSET_BITS=64 rtcp_from_spec.c
aarch64-linux-gnu-g++ -c -Iinclude -I../UsageEnvironment/include -I../groupsock/include -I/usr/local/include -I. -O2 -DSOCKLEN_T=socklen_t -DNO_SSTREAM=1 -D_LARGEFILE_SOURCE=1 -D_FILE_OFFSET_BITS=64 -Wall -DBSD=1 -DNO_STD_LIB=1 GenericMediaServer.cpp
aarch64-linux-gnu-g++ -c -Iinclude -I../UsageEnvironment/include -I../groupsock/include -I/usr/local/include -I. -O2 -DSOCKLEN_T=socklen_t -DNO_SSTREAM=1 -D_LARGEFILE_SOURCE=1 -D_FILE_OFFSET_BITS=64 -Wall -DBSD=1 -DNO_STD_LIB=1 RTSPServer.cpp
aarch64-linux-gnu-g++ -c -Iinclude -I../UsageEnvironment/include -I../groupsock/include -I/usr/local/include -I. -O2 -DSOCKLEN_T=socklen_t -DNO_SSTREAM=1 -D_LARGEFILE_SOURCE=1 -D_FILE_OFFSET_BITS=64 -Wall -DBSD=1 -DNO_STD_LIB=1 RTSPServerRegister.cpp
aarch64-linux-gnu-g++ -c -Iinclude -I../UsageEnvironment/include -I../groupsock/include -I/usr/local/include -I. -O2 -DSOCKLEN_T=socklen_t -DNO_SSTREAM=1 -D_LARGEFILE_SOURCE=1 -D_FILE_OFFSET_BITS=64 -Wall -DBSD=1 -DNO_STD_LIB=1 RTSPClient.cpp
aarch64-linux-gnu-g++ -c -Iinclude -I../UsageEnvironment/include -I../groupsock/include -I/usr/local/include -I. -O2 -DSOCKLEN_T=socklen_t -DNO_SSTREAM=1 -D_LARGEFILE_SOURCE=1 -D_FILE_OFFSET_BITS=64 -Wall -DBSD=1 -DNO_STD_LIB=1 RTSPCommon.cpp
aarch64-linux-gnu-g++ -c -Iinclude -I../UsageEnvironment/include -I../groupsock/include -I/usr/local/include -I. -O2 -DSOCKLEN_T=socklen_t -DNO_SSTREAM=1 -D_LARGEFILE_SOURCE=1 -D_FILE_OFFSET_BITS=64 -Wall -DBSD=1 -DNO_STD_LIB=1 RTSPRegisterSender.cpp
aarch64-linux-gnu-g++ -c -Iinclude -I../UsageEnvironment/include -I../groupsock/include -I/usr/local/include -I. -O2 -DSOCKLEN_T=socklen_t -DNO_SSTREAM=1 -D_LARGEFILE_SOURCE=1 -D_FILE_OFFSET_BITS=64 -Wall -DBSD=1 -DNO_STD_LIB=1 SIPClient.cpp
aarch64-linux-gnu-g++ -c -Iinclude -I../UsageEnvironment/include -I../groupsock/include -I/usr/local/include -I. -O2 -DSOCKLEN_T=socklen_t -DNO_SSTREAM=1 -D_LARGEFILE_SOURCE=1 -D_FILE_OFFSET_BITS=64 -Wall -DBSD=1 -DNO_STD_LIB=1 MediaSession.cpp
aarch64-linux-gnu-g++ -c -Iinclude -I../UsageEnvironment/include -I../groupsock/include -I/usr/local/include -I. -O2 -DSOCKLEN_T=socklen_t -DNO_SSTREAM=1 -D_LARGEFILE_SOURCE=1 -D_FILE_OFFSET_BITS=64 -Wall -DBSD=1 -DNO_STD_LIB=1 ServerMediaSession.cpp
aarch64-linux-gnu-g++ -c -Iinclude -I../UsageEnvironment/include -I../groupsock/include -I/usr/local/include -I. -O2 -DSOCKLEN_T=socklen_t -DNO_SSTREAM=1 -D_LARGEFILE_SOURCE=1 -D_FILE_OFFSET_BITS=64 -Wall -DBSD=1 -DNO_STD_LIB=1 PassiveServerMediaSubsession.cpp
aarch64-linux-gnu-g++ -c -Iinclude -I../UsageEnvironment/include -I../groupsock/include -I/usr/local/include -I. -O2 -DSOCKLEN_T=socklen_t -DNO_SSTREAM=1 -D_LARGEFILE_SOURCE=1 -D_FILE_OFFSET_BITS=64 -Wall -DBSD=1 -DNO_STD_LIB=1 OnDemandServerMediaSubsession.cpp
aarch64-linux-gnu-g++ -c -Iinclude -I../UsageEnvironment/include -I../groupsock/include -I/usr/local/include -I. -O2 -DSOCKLEN_T=socklen_t -DNO_SSTREAM=1 -D_LARGEFILE_SOURCE=1 -D_FILE_OFFSET_BITS=64 -Wall -DBSD=1 -DNO_STD_LIB=1 FileServerMediaSubsession.cpp
RTCP.cpp: In member function ‘void RTCPInstance::processIncomingReport(unsigned int, const sockaddr_storage&, int, unsigned char)’:
RTCP.cpp:568:7: warning: this ‘if’ clause does not guard... [-Wmisleading-indentation]
  568 |       if (length < 4) break; length -= 4;
      |       ^~
RTCP.cpp:568:30: note: ...this statement, but the latter is misleadingly indented as if it were guarded by the ‘if’
  568 |       if (length < 4) break; length -= 4;
      |                              ^~~~~~
RTCP.cpp:586:11: warning: this ‘if’ clause does not guard... [-Wmisleading-indentation]
  586 |           if (length < 20) break; length -= 20;
      |           ^~
RTCP.cpp:586:35: note: ...this statement, but the latter is misleadingly indented as if it were guarded by the ‘if’
  586 |           if (length < 20) break; length -= 20;
      |                                   ^~~~~~
aarch64-linux-gnu-g++ -c -Iinclude -I../UsageEnvironment/include -I../groupsock/include -I/usr/local/include -I. -O2 -DSOCKLEN_T=socklen_t -DNO_SSTREAM=1 -D_LARGEFILE_SOURCE=1 -D_FILE_OFFSET_BITS=64 -Wall -DBSD=1 -DNO_STD_LIB=1 MPEG4VideoFileServerMediaSubsession.cpp
aarch64-linux-gnu-g++ -c -Iinclude -I../UsageEnvironment/include -I../groupsock/include -I/usr/local/include -I. -O2 -DSOCKLEN_T=socklen_t -DNO_SSTREAM=1 -D_LARGEFILE_SOURCE=1 -D_FILE_OFFSET_BITS=64 -Wall -DBSD=1 -DNO_STD_LIB=1 H264VideoFileServerMediaSubsession.cpp
aarch64-linux-gnu-g++ -c -Iinclude -I../UsageEnvironment/include -I../groupsock/include -I/usr/local/include -I. -O2 -DSOCKLEN_T=socklen_t -DNO_SSTREAM=1 -D_LARGEFILE_SOURCE=1 -D_FILE_OFFSET_BITS=64 -Wall -DBSD=1 -DNO_STD_LIB=1 H265VideoFileServerMediaSubsession.cpp
RTSPServer.cpp: In member function ‘void RTSPServer::noteTCPStreamingOnSocket(int, RTSPClientSession*, unsigned int)’:
RTSPServer.cpp:260:62: warning: cast to pointer from integer of different size [-Wint-to-pointer-cast]
  260 |     = (streamingOverTCPRecord*)fTCPStreamingDatabase->Lookup((char const*)socketNum);
      |                                                              ^~~~~~~~~~~~~~~~~~~~~~
RTSPServer.cpp:263:30: warning: cast to pointer from integer of different size [-Wint-to-pointer-cast]
  263 |   fTCPStreamingDatabase->Add((char const*)socketNum, sotcpNew);
      |                              ^~~~~~~~~~~~~~~~~~~~~~
RTSPServer.cpp: In member function ‘void RTSPServer::unnoteTCPStreamingOnSocket(int, RTSPClientSession*, unsigned int)’:
RTSPServer.cpp:270:62: warning: cast to pointer from integer of different size [-Wint-to-pointer-cast]
  270 |     = (streamingOverTCPRecord*)fTCPStreamingDatabase->Lookup((char const*)socketNum);
      |                                                              ^~~~~~~~~~~~~~~~~~~~~~
RTSPServer.cpp:291:37: warning: cast to pointer from integer of different size [-Wint-to-pointer-cast]
  291 |       fTCPStreamingDatabase->Remove((char const*)socketNum);
      |                                     ^~~~~~~~~~~~~~~~~~~~~~
RTSPServer.cpp:294:34: warning: cast to pointer from integer of different size [-Wint-to-pointer-cast]
  294 |       fTCPStreamingDatabase->Add((char const*)socketNum, sotcpHead);
      |                                  ^~~~~~~~~~~~~~~~~~~~~~
RTSPServer.cpp: In member function ‘void RTSPServer::stopTCPStreamingOnSocket(int)’:
RTSPServer.cpp:307:62: warning: cast to pointer from integer of different size [-Wint-to-pointer-cast]
  307 |     = (streamingOverTCPRecord*)fTCPStreamingDatabase->Lookup((char const*)socketNum);
      |                                                              ^~~~~~~~~~~~~~~~~~~~~~
RTSPServer.cpp:321:35: warning: cast to pointer from integer of different size [-Wint-to-pointer-cast]
  321 |     fTCPStreamingDatabase->Remove((char const*)socketNum);
      |                                   ^~~~~~~~~~~~~~~~~~~~~~
PassiveServerMediaSubsession.cpp: In member function ‘virtual void PassiveServerMediaSubsession::getStreamParameters(unsigned int, const sockaddr_storage&, const Port&, const Port&, int, unsigned char, unsigned char, TLSState*, sockaddr_storage&, u_int8_t&, Boolean&, Port&, Port&, void*&)’:
PassiveServerMediaSubsession.cpp:185:33: warning: cast to pointer from integer of different size [-Wint-to-pointer-cast]
  185 |   fClientRTCPSourceRecords->Add((char const*)clientSessionId, source);
      |                                 ^~~~~~~~~~~~~~~~~~~~~~~~~~~~
PassiveServerMediaSubsession.cpp: In member function ‘virtual void PassiveServerMediaSubsession::startStream(unsigned int, void*, void (*)(void*), void*, short unsigned int&, unsigned int&, void (*)(void*, u_int8_t), void*)’:
PassiveServerMediaSubsession.cpp:212:85: warning: cast to pointer from integer of different size [-Wint-to-pointer-cast]
  212 |     RTCPSourceRecord* source = (RTCPSourceRecord*)(fClientRTCPSourceRecords->Lookup((char const*)clientSessionId));
      |                                                                                     ^~~~~~~~~~~~~~~~~~~~~~~~~~~~
PassiveServerMediaSubsession.cpp: In member function ‘virtual void PassiveServerMediaSubsession::deleteStream(unsigned int, void*&)’:
PassiveServerMediaSubsession.cpp:239:83: warning: cast to pointer from integer of different size [-Wint-to-pointer-cast]
  239 |   RTCPSourceRecord* source = (RTCPSourceRecord*)(fClientRTCPSourceRecords->Lookup((char const*)clientSessionId));
      |                                                                                   ^~~~~~~~~~~~~~~~~~~~~~~~~~~~
PassiveServerMediaSubsession.cpp:245:38: warning: cast to pointer from integer of different size [-Wint-to-pointer-cast]
  245 |     fClientRTCPSourceRecords->Remove((char const*)clientSessionId);
      |                                      ^~~~~~~~~~~~~~~~~~~~~~~~~~~~
aarch64-linux-gnu-g++ -c -Iinclude -I../UsageEnvironment/include -I../groupsock/include -I/usr/local/include -I. -O2 -DSOCKLEN_T=socklen_t -DNO_SSTREAM=1 -D_LARGEFILE_SOURCE=1 -D_FILE_OFFSET_BITS=64 -Wall -DBSD=1 -DNO_STD_LIB=1 H263plusVideoFileServerMediaSubsession.cpp
aarch64-linux-gnu-g++ -c -Iinclude -I../UsageEnvironment/include -I../groupsock/include -I/usr/local/include -I. -O2 -DSOCKLEN_T=socklen_t -DNO_SSTREAM=1 -D_LARGEFILE_SOURCE=1 -D_FILE_OFFSET_BITS=64 -Wall -DBSD=1 -DNO_STD_LIB=1 WAVAudioFileServerMediaSubsession.cpp
aarch64-linux-gnu-g++ -c -Iinclude -I../UsageEnvironment/include -I../groupsock/include -I/usr/local/include -I. -O2 -DSOCKLEN_T=socklen_t -DNO_SSTREAM=1 -D_LARGEFILE_SOURCE=1 -D_FILE_OFFSET_BITS=64 -Wall -DBSD=1 -DNO_STD_LIB=1 AMRAudioFileServerMediaSubsession.cpp
aarch64-linux-gnu-g++ -c -Iinclude -I../UsageEnvironment/include -I../groupsock/include -I/usr/local/include -I. -O2 -DSOCKLEN_T=socklen_t -DNO_SSTREAM=1 -D_LARGEFILE_SOURCE=1 -D_FILE_OFFSET_BITS=64 -Wall -DBSD=1 -DNO_STD_LIB=1 MP3AudioFileServerMediaSubsession.cpp
OnDemandServerMediaSubsession.cpp: In member function ‘virtual void OnDemandServerMediaSubsession::getStreamParameters(unsigned int, const sockaddr_storage&, const Port&, const Port&, int, unsigned char, unsigned char, TLSState*, sockaddr_storage&, u_int8_t&, Boolean&, Port&, Port&, void*&)’:
OnDemandServerMediaSubsession.cpp:236:31: warning: cast to pointer from integer of different size [-Wint-to-pointer-cast]
  236 |   fDestinationsHashTable->Add((char const*)clientSessionId, destinations);
      |                               ^~~~~~~~~~~~~~~~~~~~~~~~~~~~
OnDemandServerMediaSubsession.cpp: In member function ‘virtual void OnDemandServerMediaSubsession::startStream(unsigned int, void*, void (*)(void*), void*, short unsigned int&, unsigned int&, void (*)(void*, u_int8_t), void*)’:
OnDemandServerMediaSubsession.cpp:249:54: warning: cast to pointer from integer of different size [-Wint-to-pointer-cast]
  249 |     = (Destinations*)(fDestinationsHashTable->Lookup((char const*)clientSessionId));
      |                                                      ^~~~~~~~~~~~~~~~~~~~~~~~~~~~
OnDemandServerMediaSubsession.cpp: In member function ‘virtual void OnDemandServerMediaSubsession::deleteStream(unsigned int, void*&)’:
OnDemandServerMediaSubsession.cpp:373:54: warning: cast to pointer from integer of different size [-Wint-to-pointer-cast]
  373 |     = (Destinations*)(fDestinationsHashTable->Lookup((char const*)clientSessionId));
      |                                                      ^~~~~~~~~~~~~~~~~~~~~~~~~~~~
OnDemandServerMediaSubsession.cpp:375:36: warning: cast to pointer from integer of different size [-Wint-to-pointer-cast]
  375 |     fDestinationsHashTable->Remove((char const*)clientSessionId);
      |                                    ^~~~~~~~~~~~~~~~~~~~~~~~~~~~
aarch64-linux-gnu-g++ -c -Iinclude -I../UsageEnvironment/include -I../groupsock/include -I/usr/local/include -I. -O2 -DSOCKLEN_T=socklen_t -DNO_SSTREAM=1 -D_LARGEFILE_SOURCE=1 -D_FILE_OFFSET_BITS=64 -Wall -DBSD=1 -DNO_STD_LIB=1 MPEG1or2VideoFileServerMediaSubsession.cpp
aarch64-linux-gnu-g++ -c -Iinclude -I../UsageEnvironment/include -I../groupsock/include -I/usr/local/include -I. -O2 -DSOCKLEN_T=socklen_t -DNO_SSTREAM=1 -D_LARGEFILE_SOURCE=1 -D_FILE_OFFSET_BITS=64 -Wall -DBSD=1 -DNO_STD_LIB=1 MPEG1or2FileServerDemux.cpp
aarch64-linux-gnu-g++ -c -Iinclude -I../UsageEnvironment/include -I../groupsock/include -I/usr/local/include -I. -O2 -DSOCKLEN_T=socklen_t -DNO_SSTREAM=1 -D_LARGEFILE_SOURCE=1 -D_FILE_OFFSET_BITS=64 -Wall -DBSD=1 -DNO_STD_LIB=1 MPEG1or2DemuxedServerMediaSubsession.cpp
aarch64-linux-gnu-g++ -c -Iinclude -I../UsageEnvironment/include -I../groupsock/include -I/usr/local/include -I. -O2 -DSOCKLEN_T=socklen_t -DNO_SSTREAM=1 -D_LARGEFILE_SOURCE=1 -D_FILE_OFFSET_BITS=64 -Wall -DBSD=1 -DNO_STD_LIB=1 MPEG2TransportFileServerMediaSubsession.cpp
aarch64-linux-gnu-g++ -c -Iinclude -I../UsageEnvironment/include -I../groupsock/include -I/usr/local/include -I. -O2 -DSOCKLEN_T=socklen_t -DNO_SSTREAM=1 -D_LARGEFILE_SOURCE=1 -D_FILE_OFFSET_BITS=64 -Wall -DBSD=1 -DNO_STD_LIB=1 ADTSAudioFileServerMediaSubsession.cpp
aarch64-linux-gnu-g++ -c -Iinclude -I../UsageEnvironment/include -I../groupsock/include -I/usr/local/include -I. -O2 -DSOCKLEN_T=socklen_t -DNO_SSTREAM=1 -D_LARGEFILE_SOURCE=1 -D_FILE_OFFSET_BITS=64 -Wall -DBSD=1 -DNO_STD_LIB=1 DVVideoFileServerMediaSubsession.cpp
aarch64-linux-gnu-g++ -c -Iinclude -I../UsageEnvironment/include -I../groupsock/include -I/usr/local/include -I. -O2 -DSOCKLEN_T=socklen_t -DNO_SSTREAM=1 -D_LARGEFILE_SOURCE=1 -D_FILE_OFFSET_BITS=64 -Wall -DBSD=1 -DNO_STD_LIB=1 AC3AudioFileServerMediaSubsession.cpp
aarch64-linux-gnu-g++ -c -Iinclude -I../UsageEnvironment/include -I../groupsock/include -I/usr/local/include -I. -O2 -DSOCKLEN_T=socklen_t -DNO_SSTREAM=1 -D_LARGEFILE_SOURCE=1 -D_FILE_OFFSET_BITS=64 -Wall -DBSD=1 -DNO_STD_LIB=1 MPEG2TransportUDPServerMediaSubsession.cpp
aarch64-linux-gnu-g++ -c -Iinclude -I../UsageEnvironment/include -I../groupsock/include -I/usr/local/include -I. -O2 -DSOCKLEN_T=socklen_t -DNO_SSTREAM=1 -D_LARGEFILE_SOURCE=1 -D_FILE_OFFSET_BITS=64 -Wall -DBSD=1 -DNO_STD_LIB=1 ProxyServerMediaSession.cpp
aarch64-linux-gnu-g++ -c -Iinclude -I../UsageEnvironment/include -I../groupsock/include -I/usr/local/include -I. -O2 -DSOCKLEN_T=socklen_t -DNO_SSTREAM=1 -D_LARGEFILE_SOURCE=1 -D_FILE_OFFSET_BITS=64 -Wall -DBSD=1 -DNO_STD_LIB=1 QuickTimeFileSink.cpp
aarch64-linux-gnu-g++ -c -Iinclude -I../UsageEnvironment/include -I../groupsock/include -I/usr/local/include -I. -O2 -DSOCKLEN_T=socklen_t -DNO_SSTREAM=1 -D_LARGEFILE_SOURCE=1 -D_FILE_OFFSET_BITS=64 -Wall -DBSD=1 -DNO_STD_LIB=1 QuickTimeGenericRTPSource.cpp
MediaSession.cpp: In member function ‘Boolean MediaSubsession::initiate(int)’:
MediaSession.cpp:803:66: warning: cast to pointer from integer of different size [-Wint-to-pointer-cast]
  803 |           Groupsock* existing = (Groupsock*)socketHashTable->Add((char const*)key, fRTPSocket);
      |                                                                  ^~~~~~~~~~~~~~~~
aarch64-linux-gnu-g++ -c -Iinclude -I../UsageEnvironment/include -I../groupsock/include -I/usr/local/include -I. -O2 -DSOCKLEN_T=socklen_t -DNO_SSTREAM=1 -D_LARGEFILE_SOURCE=1 -D_FILE_OFFSET_BITS=64 -Wall -DBSD=1 -DNO_STD_LIB=1 AVIFileSink.cpp
MediaSession.cpp:825:66: warning: cast to pointer from integer of different size [-Wint-to-pointer-cast]
  825 |           Groupsock* existing = (Groupsock*)socketHashTable->Add((char const*)key, fRTPSocket);
      |                                                                  ^~~~~~~~~~~~~~~~
aarch64-linux-gnu-g++ -c -Iinclude -I../UsageEnvironment/include -I../groupsock/include -I/usr/local/include -I. -O2 -DSOCKLEN_T=socklen_t -DNO_SSTREAM=1 -D_LARGEFILE_SOURCE=1 -D_FILE_OFFSET_BITS=64 -Wall -DBSD=1 -DNO_STD_LIB=1 MPEG2IndexFromTransportStream.cpp
aarch64-linux-gnu-g++ -c -Iinclude -I../UsageEnvironment/include -I../groupsock/include -I/usr/local/include -I. -O2 -DSOCKLEN_T=socklen_t -DNO_SSTREAM=1 -D_LARGEFILE_SOURCE=1 -D_FILE_OFFSET_BITS=64 -Wall -DBSD=1 -DNO_STD_LIB=1 MPEG2TransportStreamIndexFile.cpp
MediaSession.cpp: In member function ‘Boolean MediaSubsession::parseSDPAttribute_fmtp(const char*)’:
MediaSession.cpp:1153:5: warning: this ‘if’ clause does not guard... [-Wmisleading-indentation]
 1153 |     if (strncmp(sdpLine, "a=fmtp:", 7) != 0) break; sdpLine += 7;
      |     ^~
MediaSession.cpp:1153:53: note: ...this statement, but the latter is misleadingly indented as if it were guarded by the ‘if’
 1153 |     if (strncmp(sdpLine, "a=fmtp:", 7) != 0) break; sdpLine += 7;
      |                                                     ^~~~~~~
MPEG2TransportFileServerMediaSubsession.cpp: In member function ‘virtual FramedSource* MPEG2TransportFileServerMediaSubsession::createNewStreamSource(unsigned int, unsigned int&)’:
MPEG2TransportFileServerMediaSubsession.cpp:185:36: warning: cast to pointer from integer of different size [-Wint-to-pointer-cast]
  185 |       fClientSessionHashTable->Add((char const*)clientSessionId, client);
      |                                    ^~~~~~~~~~~~~~~~~~~~~~~~~~~~
MPEG2TransportFileServerMediaSubsession.cpp: In member function ‘ClientTrickPlayState* MPEG2TransportFileServerMediaSubsession::lookupClient(unsigned int)’:
MPEG2TransportFileServerMediaSubsession.cpp:219:66: warning: cast to pointer from integer of different size [-Wint-to-pointer-cast]
  219 |   return (ClientTrickPlayState*)(fClientSessionHashTable->Lookup((char const*)clientSessionId));
      |                                                                  ^~~~~~~~~~~~~~~~~~~~~~~~~~~~
aarch64-linux-gnu-g++ -c -Iinclude -I../UsageEnvironment/include -I../groupsock/include -I/usr/local/include -I. -O2 -DSOCKLEN_T=socklen_t -DNO_SSTREAM=1 -D_LARGEFILE_SOURCE=1 -D_FILE_OFFSET_BITS=64 -Wall -DBSD=1 -DNO_STD_LIB=1 MPEG2TransportStreamTrickModeFilter.cpp
aarch64-linux-gnu-g++ -c -Iinclude -I../UsageEnvironment/include -I../groupsock/include -I/usr/local/include -I. -O2 -DSOCKLEN_T=socklen_t -DNO_SSTREAM=1 -D_LARGEFILE_SOURCE=1 -D_FILE_OFFSET_BITS=64 -Wall -DBSD=1 -DNO_STD_LIB=1 MatroskaFile.cpp
aarch64-linux-gnu-g++ -c -Iinclude -I../UsageEnvironment/include -I../groupsock/include -I/usr/local/include -I. -O2 -DSOCKLEN_T=socklen_t -DNO_SSTREAM=1 -D_LARGEFILE_SOURCE=1 -D_FILE_OFFSET_BITS=64 -Wall -DBSD=1 -DNO_STD_LIB=1 MatroskaFileParser.cpp
aarch64-linux-gnu-g++ -c -Iinclude -I../UsageEnvironment/include -I../groupsock/include -I/usr/local/include -I. -O2 -DSOCKLEN_T=socklen_t -DNO_SSTREAM=1 -D_LARGEFILE_SOURCE=1 -D_FILE_OFFSET_BITS=64 -Wall -DBSD=1 -DNO_STD_LIB=1 EBMLNumber.cpp
aarch64-linux-gnu-g++ -c -Iinclude -I../UsageEnvironment/include -I../groupsock/include -I/usr/local/include -I. -O2 -DSOCKLEN_T=socklen_t -DNO_SSTREAM=1 -D_LARGEFILE_SOURCE=1 -D_FILE_OFFSET_BITS=64 -Wall -DBSD=1 -DNO_STD_LIB=1 MatroskaDemuxedTrack.cpp
aarch64-linux-gnu-g++ -c -Iinclude -I../UsageEnvironment/include -I../groupsock/include -I/usr/local/include -I. -O2 -DSOCKLEN_T=socklen_t -DNO_SSTREAM=1 -D_LARGEFILE_SOURCE=1 -D_FILE_OFFSET_BITS=64 -Wall -DBSD=1 -DNO_STD_LIB=1 MatroskaFileServerDemux.cpp
aarch64-linux-gnu-g++ -c -Iinclude -I../UsageEnvironment/include -I../groupsock/include -I/usr/local/include -I. -O2 -DSOCKLEN_T=socklen_t -DNO_SSTREAM=1 -D_LARGEFILE_SOURCE=1 -D_FILE_OFFSET_BITS=64 -Wall -DBSD=1 -DNO_STD_LIB=1 MatroskaFileServerMediaSubsession.cpp
aarch64-linux-gnu-g++ -c -Iinclude -I../UsageEnvironment/include -I../groupsock/include -I/usr/local/include -I. -O2 -DSOCKLEN_T=socklen_t -DNO_SSTREAM=1 -D_LARGEFILE_SOURCE=1 -D_FILE_OFFSET_BITS=64 -Wall -DBSD=1 -DNO_STD_LIB=1 MP3AudioMatroskaFileServerMediaSubsession.cpp
aarch64-linux-gnu-g++ -c -Iinclude -I../UsageEnvironment/include -I../groupsock/include -I/usr/local/include -I. -O2 -DSOCKLEN_T=socklen_t -DNO_SSTREAM=1 -D_LARGEFILE_SOURCE=1 -D_FILE_OFFSET_BITS=64 -Wall -DBSD=1 -DNO_STD_LIB=1 OggFile.cpp
aarch64-linux-gnu-g++ -c -Iinclude -I../UsageEnvironment/include -I../groupsock/include -I/usr/local/include -I. -O2 -DSOCKLEN_T=socklen_t -DNO_SSTREAM=1 -D_LARGEFILE_SOURCE=1 -D_FILE_OFFSET_BITS=64 -Wall -DBSD=1 -DNO_STD_LIB=1 OggFileParser.cpp
RTSPServer.cpp: In member function ‘void RTSPServer::RTSPClientConnection::resetRequestBuffer()’:
RTSPServer.cpp:656:15: warning: array subscript -3 is below array bounds of ‘unsigned char [20000]’ [-Warray-bounds=]
  656 |   fLastCRLF = &fRequestBuffer[-3]; // hack: Ensures that we don't think we have end-of-msg if the data starts with <CR><LF>
      |               ^~~~~~~~~~~~~~~~~~~
In file included from include/RTSPServer.hh:25,
                 from RTSPServer.cpp:21:
include/GenericMediaServer.hh:125:19: note: while referencing ‘GenericMediaServer::ClientConnection::fRequestBuffer’
  125 |     unsigned char fRequestBuffer[REQUEST_BUFFER_SIZE];
      |                   ^~~~~~~~~~~~~~
aarch64-linux-gnu-g++ -c -Iinclude -I../UsageEnvironment/include -I../groupsock/include -I/usr/local/include -I. -O2 -DSOCKLEN_T=socklen_t -DNO_SSTREAM=1 -D_LARGEFILE_SOURCE=1 -D_FILE_OFFSET_BITS=64 -Wall -DBSD=1 -DNO_STD_LIB=1 OggDemuxedTrack.cpp
aarch64-linux-gnu-g++ -c -Iinclude -I../UsageEnvironment/include -I../groupsock/include -I/usr/local/include -I. -O2 -DSOCKLEN_T=socklen_t -DNO_SSTREAM=1 -D_LARGEFILE_SOURCE=1 -D_FILE_OFFSET_BITS=64 -Wall -DBSD=1 -DNO_STD_LIB=1 OggFileServerDemux.cpp
aarch64-linux-gnu-g++ -c -Iinclude -I../UsageEnvironment/include -I../groupsock/include -I/usr/local/include -I. -O2 -DSOCKLEN_T=socklen_t -DNO_SSTREAM=1 -D_LARGEFILE_SOURCE=1 -D_FILE_OFFSET_BITS=64 -Wall -DBSD=1 -DNO_STD_LIB=1 OggFileServerMediaSubsession.cpp
aarch64-linux-gnu-g++ -c -Iinclude -I../UsageEnvironment/include -I../groupsock/include -I/usr/local/include -I. -O2 -DSOCKLEN_T=socklen_t -DNO_SSTREAM=1 -D_LARGEFILE_SOURCE=1 -D_FILE_OFFSET_BITS=64 -Wall -DBSD=1 -DNO_STD_LIB=1 MPEG2TransportStreamDemux.cpp
aarch64-linux-gnu-g++ -c -Iinclude -I../UsageEnvironment/include -I../groupsock/include -I/usr/local/include -I. -O2 -DSOCKLEN_T=socklen_t -DNO_SSTREAM=1 -D_LARGEFILE_SOURCE=1 -D_FILE_OFFSET_BITS=64 -Wall -DBSD=1 -DNO_STD_LIB=1 MPEG2TransportStreamDemuxedTrack.cpp
aarch64-linux-gnu-g++ -c -Iinclude -I../UsageEnvironment/include -I../groupsock/include -I/usr/local/include -I. -O2 -DSOCKLEN_T=socklen_t -DNO_SSTREAM=1 -D_LARGEFILE_SOURCE=1 -D_FILE_OFFSET_BITS=64 -Wall -DBSD=1 -DNO_STD_LIB=1 MPEG2TransportStreamParser.cpp
OggFileParser.cpp: In function ‘Boolean parseVorbisSetup_codebook(LEBitVector&)’:
OggFileParser.cpp:345:16: warning: variable ‘codewordLength’ set but not used [-Wunused-but-set-variable]
  345 |       unsigned codewordLength;
      |                ^~~~~~~~~~~~~~
MatroskaFile.cpp: In member function ‘void MatroskaTrackTable::add(MatroskaTrack*, unsigned int)’:
MatroskaFile.cpp:815:70: warning: cast to pointer from integer of different size [-Wint-to-pointer-cast]
  815 |   if (newTrack != NULL && newTrack->trackNumber != 0) fTable->Remove((char const*)newTrack->trackNumber);
      |                                                                      ^~~~~~~~~~~~~~~~~~~~~~~~~~~~~~~~~~
MatroskaFile.cpp:816:62: warning: cast to pointer from integer of different size [-Wint-to-pointer-cast]
  816 |   MatroskaTrack* existingTrack = (MatroskaTrack*)fTable->Add((char const*)trackNumber, newTrack);
      |                                                              ^~~~~~~~~~~~~~~~~~~~~~~~
aarch64-linux-gnu-g++ -c -Iinclude -I../UsageEnvironment/include -I../groupsock/include -I/usr/local/include -I. -O2 -DSOCKLEN_T=socklen_t -DNO_SSTREAM=1 -D_LARGEFILE_SOURCE=1 -D_FILE_OFFSET_BITS=64 -Wall -DBSD=1 -DNO_STD_LIB=1 MPEG2TransportStreamParser_PAT.cpp
In member function ‘void RTSPServer::RTSPClientConnection::resetRequestBuffer()’,
    inlined from ‘RTSPServer::RTSPClientConnection::RTSPClientConnection(RTSPServer&, int, const sockaddr_storage&, Boolean)’ at RTSPServer.cpp:338:21:
RTSPServer.cpp:656:15: warning: array subscript -3 is below array bounds of ‘unsigned char [20000]’ [-Warray-bounds=]
  656 |   fLastCRLF = &fRequestBuffer[-3]; // hack: Ensures that we don't think we have end-of-msg if the data starts with <CR><LF>
      |               ^~~~~~~~~~~~~~~~~~~
MatroskaFile.cpp: In member function ‘MatroskaTrack* MatroskaTrackTable::lookup(unsigned int)’:
MatroskaFile.cpp:821:41: warning: cast to pointer from integer of different size [-Wint-to-pointer-cast]
  821 |   return (MatroskaTrack*)fTable->Lookup((char const*)trackNumber);
      |                                         ^~~~~~~~~~~~~~~~~~~~~~~~
include/GenericMediaServer.hh: In constructor ‘RTSPServer::RTSPClientConnection::RTSPClientConnection(RTSPServer&, int, const sockaddr_storage&, Boolean)’:
include/GenericMediaServer.hh:125:19: note: while referencing ‘GenericMediaServer::ClientConnection::fRequestBuffer’
  125 |     unsigned char fRequestBuffer[REQUEST_BUFFER_SIZE];
      |                   ^~~~~~~~~~~~~~
aarch64-linux-gnu-g++ -c -Iinclude -I../UsageEnvironment/include -I../groupsock/include -I/usr/local/include -I. -O2 -DSOCKLEN_T=socklen_t -DNO_SSTREAM=1 -D_LARGEFILE_SOURCE=1 -D_FILE_OFFSET_BITS=64 -Wall -DBSD=1 -DNO_STD_LIB=1 MPEG2TransportStreamParser_PMT.cpp
MatroskaFile.cpp: In member function ‘FramedSource* MatroskaDemux::newDemuxedTrackByTrackNumber(unsigned int)’:
MatroskaFile.cpp:909:28: warning: cast to pointer from integer of different size [-Wint-to-pointer-cast]
  909 |   fDemuxedTracksTable->Add((char const*)trackNumber, trackSource);
      |                            ^~~~~~~~~~~~~~~~~~~~~~~~
MatroskaFile.cpp: In member function ‘MatroskaDemuxedTrack* MatroskaDemux::lookupDemuxedTrack(unsigned int)’:
MatroskaFile.cpp:914:61: warning: cast to pointer from integer of different size [-Wint-to-pointer-cast]
  914 |   return (MatroskaDemuxedTrack*)fDemuxedTracksTable->Lookup((char const*)trackNumber);
      |                                                             ^~~~~~~~~~~~~~~~~~~~~~~~
MatroskaFile.cpp: In member function ‘void MatroskaDemux::removeTrack(unsigned int)’:
MatroskaFile.cpp:920:31: warning: cast to pointer from integer of different size [-Wint-to-pointer-cast]
  920 |   fDemuxedTracksTable->Remove((char const*)trackNumber);
      |                               ^~~~~~~~~~~~~~~~~~~~~~~~
aarch64-linux-gnu-g++ -c -Iinclude -I../UsageEnvironment/include -I../groupsock/include -I/usr/local/include -I. -O2 -DSOCKLEN_T=socklen_t -DNO_SSTREAM=1 -D_LARGEFILE_SOURCE=1 -D_FILE_OFFSET_BITS=64 -Wall -DBSD=1 -DNO_STD_LIB=1 MPEG2TransportStreamParser_STREAM.cpp
aarch64-linux-gnu-g++ -c -Iinclude -I../UsageEnvironment/include -I../groupsock/include -I/usr/local/include -I. -O2 -DSOCKLEN_T=socklen_t -DNO_SSTREAM=1 -D_LARGEFILE_SOURCE=1 -D_FILE_OFFSET_BITS=64 -Wall -DBSD=1 -DNO_STD_LIB=1 HLSSegmenter.cpp
aarch64-linux-gnu-g++ -c -Iinclude -I../UsageEnvironment/include -I../groupsock/include -I/usr/local/include -I. -O2 -DSOCKLEN_T=socklen_t -DNO_SSTREAM=1 -D_LARGEFILE_SOURCE=1 -D_FILE_OFFSET_BITS=64 -Wall -DBSD=1 -DNO_STD_LIB=1 TLSState.cpp
In member function ‘void RTSPServer::RTSPClientConnection::resetRequestBuffer()’,
    inlined from ‘virtual void RTSPServer::RTSPClientConnection::handleRequestBytes(int)’ at RTSPServer.cpp:999:23:
RTSPServer.cpp:656:15: warning: array subscript -3 is below array bounds of ‘unsigned char [20000]’ [-Warray-bounds=]
  656 |   fLastCRLF = &fRequestBuffer[-3]; // hack: Ensures that we don't think we have end-of-msg if the data starts with <CR><LF>
      |               ^~~~~~~~~~~~~~~~~~~
include/GenericMediaServer.hh: In member function ‘virtual void RTSPServer::RTSPClientConnection::handleRequestBytes(int)’:
include/GenericMediaServer.hh:125:19: note: while referencing ‘GenericMediaServer::ClientConnection::fRequestBuffer’
  125 |     unsigned char fRequestBuffer[REQUEST_BUFFER_SIZE];
      |                   ^~~~~~~~~~~~~~
aarch64-linux-gnu-g++ -c -Iinclude -I../UsageEnvironment/include -I../groupsock/include -I/usr/local/include -I. -O2 -DSOCKLEN_T=socklen_t -DNO_SSTREAM=1 -D_LARGEFILE_SOURCE=1 -D_FILE_OFFSET_BITS=64 -Wall -DBSD=1 -DNO_STD_LIB=1 MIKEY.cpp
aarch64-linux-gnu-g++ -c -Iinclude -I../UsageEnvironment/include -I../groupsock/include -I/usr/local/include -I. -O2 -DSOCKLEN_T=socklen_t -DNO_SSTREAM=1 -D_LARGEFILE_SOURCE=1 -D_FILE_OFFSET_BITS=64 -Wall -DBSD=1 -DNO_STD_LIB=1 SRTPCryptographicContext.cpp
OggFile.cpp: In member function ‘void OggTrackTable::add(OggTrack*)’:
OggFile.cpp:216:30: warning: cast to pointer from integer of different size [-Wint-to-pointer-cast]
  216 |     = (OggTrack*)fTable->Add((char const*)newTrack->trackNumber, newTrack);
      |                              ^~~~~~~~~~~~~~~~~~~~~~~~~~~~~~~~~~
OggFile.cpp: In member function ‘OggTrack* OggTrackTable::lookup(u_int32_t)’:
OggFile.cpp:221:36: warning: cast to pointer from integer of different size [-Wint-to-pointer-cast]
  221 |   return (OggTrack*)fTable->Lookup((char const*)trackNumber);
      |                                    ^~~~~~~~~~~~~~~~~~~~~~~~
OggFile.cpp: In member function ‘FramedSource* OggDemux::newDemuxedTrack(u_int32_t&)’:
OggFile.cpp:273:28: warning: cast to pointer from integer of different size [-Wint-to-pointer-cast]
  273 |   fDemuxedTracksTable->Add((char const*)resultTrackNumber, trackSource);
      |                            ^~~~~~~~~~~~~~~~~~~~~~~~~~~~~~
OggFile.cpp: In member function ‘FramedSource* OggDemux::newDemuxedTrackByTrackNumber(unsigned int)’:
OggFile.cpp:281:28: warning: cast to pointer from integer of different size [-Wint-to-pointer-cast]
  281 |   fDemuxedTracksTable->Add((char const*)trackNumber, trackSource);
      |                            ^~~~~~~~~~~~~~~~~~~~~~~~
OggFile.cpp: In member function ‘OggDemuxedTrack* OggDemux::lookupDemuxedTrack(u_int32_t)’:
OggFile.cpp:286:56: warning: cast to pointer from integer of different size [-Wint-to-pointer-cast]
  286 |   return (OggDemuxedTrack*)fDemuxedTracksTable->Lookup((char const*)trackNumber);
      |                                                        ^~~~~~~~~~~~~~~~~~~~~~~~
MPEG2TransportStreamParser_STREAM.cpp: In member function ‘unsigned int MPEG2TransportStreamParser::parsePESHeader(PIDState_STREAM*, unsigned int)’:
MPEG2TransportStreamParser_STREAM.cpp:251:34: warning: comparison of integer expressions of different signedness: ‘unsigned int’ and ‘int’ [-Wsign-compare]
  251 |       if (curOffset() - startPos > 9 + PES_header_data_length) {
      |           ~~~~~~~~~~~~~~~~~~~~~~~^~~~~~~~~~~~~~~~~~~~~~~~~~~~
OggFile.cpp: In member function ‘void OggDemux::removeTrack(u_int32_t)’:
OggFile.cpp:312:31: warning: cast to pointer from integer of different size [-Wint-to-pointer-cast]
  312 |   fDemuxedTracksTable->Remove((char const*)trackNumber);
      |                               ^~~~~~~~~~~~~~~~~~~~~~~~
aarch64-linux-gnu-g++ -c -Iinclude -I../UsageEnvironment/include -I../groupsock/include -I/usr/local/include -I. -O2 -DSOCKLEN_T=socklen_t -DNO_SSTREAM=1 -D_LARGEFILE_SOURCE=1 -D_FILE_OFFSET_BITS=64 -Wall -DBSD=1 -DNO_STD_LIB=1 HMAC_SHA1.cpp
MIKEY.cpp: In member function ‘void MIKEYState::setROC(u_int32_t)’:
MIKEY.cpp:161:44: warning: comparison of integer expressions of different signedness: ‘unsigned int’ and ‘int’ [-Wsign-compare]
  161 |     if (numCryptoSessions == 0 || dataSize < 10 + numCryptoSessions*(1+4+4)) break;
      |                                   ~~~~~~~~~^~~~~~~~~~~~~~~~~~~~~~~~~~~~~~~~
aarch64-linux-gnu-g++ -c -Iinclude -I../UsageEnvironment/include -I../groupsock/include -I/usr/local/include -I. -O2 -DSOCKLEN_T=socklen_t -DNO_SSTREAM=1 -D_LARGEFILE_SOURCE=1 -D_FILE_OFFSET_BITS=64 -Wall -DBSD=1 -DNO_STD_LIB=1 BitVector.cpp
aarch64-linux-gnu-g++ -c -Iinclude -I../UsageEnvironment/include -I../groupsock/include -I/usr/local/include -I. -O2 -DSOCKLEN_T=socklen_t -DNO_SSTREAM=1 -D_LARGEFILE_SOURCE=1 -D_FILE_OFFSET_BITS=64 -Wall -DBSD=1 -DNO_STD_LIB=1 StreamParser.cpp
aarch64-linux-gnu-g++ -c -Iinclude -I../UsageEnvironment/include -I../groupsock/include -I/usr/local/include -I. -O2 -DSOCKLEN_T=socklen_t -DNO_SSTREAM=1 -D_LARGEFILE_SOURCE=1 -D_FILE_OFFSET_BITS=64 -Wall -DBSD=1 -DNO_STD_LIB=1 DigestAuthentication.cpp
aarch64-linux-gnu-g++ -c -Iinclude -I../UsageEnvironment/include -I../groupsock/include -I/usr/local/include -I. -O2 -DSOCKLEN_T=socklen_t -DNO_SSTREAM=1 -D_LARGEFILE_SOURCE=1 -D_FILE_OFFSET_BITS=64 -Wall -DBSD=1 -DNO_STD_LIB=1 ourMD5.cpp
SRTPCryptographicContext.cpp: In member function ‘void SRTPCryptographicContext::cryptData(derivedKeys&, u_int64_t, u_int32_t, u_int8_t*, unsigned int)’:
SRTPCryptographicContext.cpp:517:24: warning: comparison of integer expressions of different signedness: ‘unsigned int’ and ‘int’ [-Wsign-compare]
  517 |         = numDataBytes < numBytesEncrypted ? numDataBytes : numBytesEncrypted;
      |           ~~~~~~~~~~~~~^~~~~~~~~~~~~~~~~~~
SRTPCryptographicContext.cpp: In member function ‘void SRTPCryptographicContext::deriveSingleKey(const u_int8_t*, const u_int8_t*, SRTPKeyDerivationLabel, unsigned int, u_int8_t*)’:
SRTPCryptographicContext.cpp:589:29: warning: comparison of integer expressions of different signedness: ‘unsigned int’ and ‘int’ [-Wsign-compare]
  589 |         = numBytesRemaining < numBytesEncrypted ? numBytesRemaining : numBytesEncrypted;
      |           ~~~~~~~~~~~~~~~~~~^~~~~~~~~~~~~~~~~~~
aarch64-linux-gnu-g++ -c -Iinclude -I../UsageEnvironment/include -I../groupsock/include -I/usr/local/include -I. -O2 -DSOCKLEN_T=socklen_t -DNO_SSTREAM=1 -D_LARGEFILE_SOURCE=1 -D_FILE_OFFSET_BITS=64 -Wall -DBSD=1 -DNO_STD_LIB=1 Base64.cpp
aarch64-linux-gnu-g++ -c -Iinclude -I../UsageEnvironment/include -I../groupsock/include -I/usr/local/include -I. -O2 -DSOCKLEN_T=socklen_t -DNO_SSTREAM=1 -D_LARGEFILE_SOURCE=1 -D_FILE_OFFSET_BITS=64 -Wall -DBSD=1 -DNO_STD_LIB=1 Locale.cpp
Locale.cpp: In constructor ‘Locale::Locale(const char*, LocaleCategory)’:
Locale.cpp:33:22: warning: ‘categoryMask’ may be used uninitialized [-Wmaybe-uninitialized]
   33 |   fLocale = newlocale(categoryMask, newLocale, NULL);
      |             ~~~~~~~~~^~~~~~~~~~~~~~~~~~~~~~~~~~~~~~~
Locale.cpp:28:7: note: ‘categoryMask’ was declared here
   28 |   int categoryMask;
      |       ^~~~~~~~~~~~
MatroskaFile.cpp: In member function ‘FileSink* MatroskaFile::createFileSinkForTrackNumber(unsigned int, const char*)’:
MatroskaFile.cpp:714:42: warning: ‘%s’ directive argument is null [-Wformat-overflow=]
  714 |       sprintf(sPropParameterSetsStr, "%s,%s", sps_base64, pps_base64);
      |                                          ^~
MatroskaFile.cpp:714:42: warning: ‘%s’ directive argument is null [-Wformat-overflow=]
aarch64-linux-gnu-ar cr libliveMedia.a  \
	Media.o MediaSource.o FramedSource.o FramedFileSource.o FramedFilter.o ByteStreamFileSource.o ByteStreamMultiFileSource.o ByteStreamMemoryBufferSource.o BasicUDPSource.o DeviceSource.o AudioInputDevice.o WAVAudioFileSource.o MPEG1or2Demux.o MPEG1or2DemuxedElementaryStream.o MPEGVideoStreamFramer.o MPEG1or2VideoStreamFramer.o MPEG1or2VideoStreamDiscreteFramer.o MPEG4VideoStreamFramer.o MPEG4VideoStreamDiscreteFramer.o H264or5VideoStreamFramer.o H264or5VideoStreamDiscreteFramer.o H264VideoStreamFramer.o H264VideoStreamDiscreteFramer.o H265VideoStreamFramer.o H265VideoStreamDiscreteFramer.o MPEGVideoStreamParser.o MPEG1or2AudioStreamFramer.o MPEG1or2AudioRTPSource.o MPEG4LATMAudioRTPSource.o MPEG4ESVideoRTPSource.o MPEG4GenericRTPSource.o MP3FileSource.o MP3Transcoder.o MP3ADU.o MP3ADUdescriptor.o MP3ADUinterleaving.o MP3ADUTranscoder.o MP3StreamState.o MP3Internals.o MP3InternalsHuffman.o MP3InternalsHuffmanTable.o MP3ADURTPSource.o MPEG1or2VideoRTPSource.o MPEG2TransportStreamMultiplexor.o MPEG2TransportStreamFromPESSource.o MPEG2TransportStreamFromESSource.o MPEG2TransportStreamFramer.o MPEG2TransportStreamAccumulator.o ADTSAudioFileSource.o ADTSAudioStreamDiscreteFramer.o JPEGVideoSource.o JPEGVideoRTPSource.o JPEG2000VideoRTPSource.o H263plusVideoRTPSource.o H263plusVideoStreamFramer.o H263plusVideoStreamParser.o AC3AudioStreamFramer.o AC3AudioRTPSource.o DVVideoStreamFramer.o DVVideoRTPSource.o AMRAudioSource.o AMRAudioFileSource.o InputFile.o StreamReplicator.o MediaSink.o FileSink.o BasicUDPSink.o AMRAudioFileSink.o H264or5VideoFileSink.o H264VideoFileSink.o H265VideoFileSink.o OggFileSink.o MPEG1or2AudioRTPSink.o MP3ADURTPSink.o MPEG1or2VideoRTPSink.o MPEG4LATMAudioRTPSink.o MPEG4GenericRTPSink.o MPEG4ESVideoRTPSink.o JPEGVideoRTPSink.o JPEG2000VideoRTPSink.o H263plusVideoRTPSink.o H264or5VideoRTPSink.o H264VideoRTPSink.o H265VideoRTPSink.o DVVideoRTPSink.o AC3AudioRTPSink.o VorbisAudioRTPSink.o TheoraVideoRTPSink.o VP8VideoRTPSink.o VP9VideoRTPSink.o GSMAudioRTPSink.o SimpleRTPSink.o AMRAudioRTPSink.o T140TextRTPSink.o OutputFile.o RawVideoRTPSink.o uLawAudioFilter.o RTPSource.o MultiFramedRTPSource.o SimpleRTPSource.o H261VideoRTPSource.o H264VideoRTPSource.o H265VideoRTPSource.o QCELPAudioRTPSource.o AMRAudioRTPSource.o VorbisAudioRTPSource.o TheoraVideoRTPSource.o VP8VideoRTPSource.o VP9VideoRTPSource.o RawVideoRTPSource.o RTPSink.o MultiFramedRTPSink.o AudioRTPSink.o VideoRTPSink.o TextRTPSink.o RTPInterface.o RTCP.o rtcp_from_spec.o GenericMediaServer.o RTSPServer.o RTSPServerRegister.o RTSPClient.o RTSPCommon.o RTSPRegisterSender.o SIPClient.o MediaSession.o ServerMediaSession.o PassiveServerMediaSubsession.o OnDemandServerMediaSubsession.o FileServerMediaSubsession.o MPEG4VideoFileServerMediaSubsession.o H264VideoFileServerMediaSubsession.o H265VideoFileServerMediaSubsession.o H263plusVideoFileServerMediaSubsession.o WAVAudioFileServerMediaSubsession.o AMRAudioFileServerMediaSubsession.o MP3AudioFileServerMediaSubsession.o MPEG1or2VideoFileServerMediaSubsession.o MPEG1or2FileServerDemux.o MPEG1or2DemuxedServerMediaSubsession.o MPEG2TransportFileServerMediaSubsession.o ADTSAudioFileServerMediaSubsession.o DVVideoFileServerMediaSubsession.o AC3AudioFileServerMediaSubsession.o MPEG2TransportUDPServerMediaSubsession.o ProxyServerMediaSession.o QuickTimeFileSink.o QuickTimeGenericRTPSource.o AVIFileSink.o MPEG2IndexFromTransportStream.o MPEG2TransportStreamIndexFile.o MPEG2TransportStreamTrickModeFilter.o MatroskaFile.o MatroskaFileParser.o EBMLNumber.o MatroskaDemuxedTrack.o MatroskaFileServerDemux.o MatroskaFileServerMediaSubsession.o MP3AudioMatroskaFileServerMediaSubsession.o OggFile.o OggFileParser.o OggDemuxedTrack.o OggFileServerDemux.o OggFileServerMediaSubsession.o MPEG2TransportStreamDemux.o MPEG2TransportStreamDemuxedTrack.o MPEG2TransportStreamParser.o MPEG2TransportStreamParser_PAT.o MPEG2TransportStreamParser_PMT.o MPEG2TransportStreamParser_STREAM.o HLSSegmenter.o TLSState.o MIKEY.o SRTPCryptographicContext.o HMAC_SHA1.o BitVector.o StreamParser.o DigestAuthentication.o ourMD5.o Base64.o Locale.o 
install -d /home/administrator/00.Snapmaker-Firmware-current/tmp/cache/v4l2-mpp/deps/live/usr-local/include/liveMedia /home/administrator/00.Snapmaker-Firmware-current/tmp/cache/v4l2-mpp/deps/live/usr-local/lib
install -m 644 include/*.hh /home/administrator/00.Snapmaker-Firmware-current/tmp/cache/v4l2-mpp/deps/live/usr-local/include/liveMedia
install -m 644 libliveMedia.a /home/administrator/00.Snapmaker-Firmware-current/tmp/cache/v4l2-mpp/deps/live/usr-local/lib
make[3]: Leaving directory '/home/administrator/00.Snapmaker-Firmware-current/tmp/cache/v4l2-mpp/deps/live/liveMedia'
cd groupsock ; make install
make[3]: Entering directory '/home/administrator/00.Snapmaker-Firmware-current/tmp/cache/v4l2-mpp/deps/live/groupsock'
aarch64-linux-gnu-g++ -c -Iinclude -I../UsageEnvironment/include -I/usr/local/include -I. -O2 -DSOCKLEN_T=socklen_t -DNO_SSTREAM=1 -D_LARGEFILE_SOURCE=1 -D_FILE_OFFSET_BITS=64 -Wall -DBSD=1 -DNO_STD_LIB=1 GroupsockHelper.cpp
aarch64-linux-gnu-g++ -c -Iinclude -I../UsageEnvironment/include -I/usr/local/include -I. -O2 -DSOCKLEN_T=socklen_t -DNO_SSTREAM=1 -D_LARGEFILE_SOURCE=1 -D_FILE_OFFSET_BITS=64 -Wall -DBSD=1 -DNO_STD_LIB=1 GroupEId.cpp
aarch64-linux-gnu-gcc -c -Iinclude -I../UsageEnvironment/include -I/usr/local/include -I. -O2 -DSOCKLEN_T=socklen_t -DNO_SSTREAM=1 -D_LARGEFILE_SOURCE=1 -D_FILE_OFFSET_BITS=64 inet.c
aarch64-linux-gnu-g++ -c -Iinclude -I../UsageEnvironment/include -I/usr/local/include -I. -O2 -DSOCKLEN_T=socklen_t -DNO_SSTREAM=1 -D_LARGEFILE_SOURCE=1 -D_FILE_OFFSET_BITS=64 -Wall -DBSD=1 -DNO_STD_LIB=1 Groupsock.cpp
aarch64-linux-gnu-g++ -c -Iinclude -I../UsageEnvironment/include -I/usr/local/include -I. -O2 -DSOCKLEN_T=socklen_t -DNO_SSTREAM=1 -D_LARGEFILE_SOURCE=1 -D_FILE_OFFSET_BITS=64 -Wall -DBSD=1 -DNO_STD_LIB=1 NetInterface.cpp
aarch64-linux-gnu-g++ -c -Iinclude -I../UsageEnvironment/include -I/usr/local/include -I. -O2 -DSOCKLEN_T=socklen_t -DNO_SSTREAM=1 -D_LARGEFILE_SOURCE=1 -D_FILE_OFFSET_BITS=64 -Wall -DBSD=1 -DNO_STD_LIB=1 NetAddress.cpp
aarch64-linux-gnu-g++ -c -Iinclude -I../UsageEnvironment/include -I/usr/local/include -I. -O2 -DSOCKLEN_T=socklen_t -DNO_SSTREAM=1 -D_LARGEFILE_SOURCE=1 -D_FILE_OFFSET_BITS=64 -Wall -DBSD=1 -DNO_STD_LIB=1 IOHandlers.cpp
NetAddress.cpp: In function ‘Boolean operator==(const sockaddr_storage&, const sockaddr_storage&)’:
NetAddress.cpp:160:67: warning: comparison between two arrays [-Warray-compare]
  160 |       return ((struct sockaddr_in6 const&)left).sin6_addr.s6_addr == ((struct sockaddr_in6 const&)right).sin6_addr.s6_addr;
      |                                                                   ^
NetAddress.cpp:160:67: note: use unary ‘+’ which decays operands to pointers or ‘&(((const sockaddr_in6&)left).sockaddr_in6::sin6_addr.in6_addr::__in6_u.in6_addr::<unnamed union>::__u6_addr8)[0] == &(((const sockaddr_in6&)right).sockaddr_in6::sin6_addr.in6_addr::__in6_u.in6_addr::<unnamed union>::__u6_addr8)[0]’ to compare the addresses
aarch64-linux-gnu-ar cr libgroupsock.a  \
	GroupsockHelper.o GroupEId.o inet.o Groupsock.o NetInterface.o NetAddress.o IOHandlers.o
install -d /home/administrator/00.Snapmaker-Firmware-current/tmp/cache/v4l2-mpp/deps/live/usr-local/include/groupsock /home/administrator/00.Snapmaker-Firmware-current/tmp/cache/v4l2-mpp/deps/live/usr-local/lib
install -m 644 include/*.hh include/*.h /home/administrator/00.Snapmaker-Firmware-current/tmp/cache/v4l2-mpp/deps/live/usr-local/include/groupsock
install -m 644 libgroupsock.a /home/administrator/00.Snapmaker-Firmware-current/tmp/cache/v4l2-mpp/deps/live/usr-local/lib
make[3]: Leaving directory '/home/administrator/00.Snapmaker-Firmware-current/tmp/cache/v4l2-mpp/deps/live/groupsock'
cd UsageEnvironment ; make install
make[3]: Entering directory '/home/administrator/00.Snapmaker-Firmware-current/tmp/cache/v4l2-mpp/deps/live/UsageEnvironment'
aarch64-linux-gnu-g++ -c -Iinclude -I../groupsock/include -I/usr/local/include -I. -O2 -DSOCKLEN_T=socklen_t -DNO_SSTREAM=1 -D_LARGEFILE_SOURCE=1 -D_FILE_OFFSET_BITS=64 -Wall -DBSD=1 -DNO_STD_LIB=1 UsageEnvironment.cpp
aarch64-linux-gnu-g++ -c -Iinclude -I../groupsock/include -I/usr/local/include -I. -O2 -DSOCKLEN_T=socklen_t -DNO_SSTREAM=1 -D_LARGEFILE_SOURCE=1 -D_FILE_OFFSET_BITS=64 -Wall -DBSD=1 -DNO_STD_LIB=1 HashTable.cpp
aarch64-linux-gnu-g++ -c -Iinclude -I../groupsock/include -I/usr/local/include -I. -O2 -DSOCKLEN_T=socklen_t -DNO_SSTREAM=1 -D_LARGEFILE_SOURCE=1 -D_FILE_OFFSET_BITS=64 -Wall -DBSD=1 -DNO_STD_LIB=1 strDup.cpp
aarch64-linux-gnu-ar cr libUsageEnvironment.a  UsageEnvironment.o HashTable.o strDup.o
install -d /home/administrator/00.Snapmaker-Firmware-current/tmp/cache/v4l2-mpp/deps/live/usr-local/include/UsageEnvironment /home/administrator/00.Snapmaker-Firmware-current/tmp/cache/v4l2-mpp/deps/live/usr-local/lib
install -m 644 include/*.hh /home/administrator/00.Snapmaker-Firmware-current/tmp/cache/v4l2-mpp/deps/live/usr-local/include/UsageEnvironment
install -m 644 libUsageEnvironment.a /home/administrator/00.Snapmaker-Firmware-current/tmp/cache/v4l2-mpp/deps/live/usr-local/lib
make[3]: Leaving directory '/home/administrator/00.Snapmaker-Firmware-current/tmp/cache/v4l2-mpp/deps/live/UsageEnvironment'
cd BasicUsageEnvironment ; make install
make[3]: Entering directory '/home/administrator/00.Snapmaker-Firmware-current/tmp/cache/v4l2-mpp/deps/live/BasicUsageEnvironment'
aarch64-linux-gnu-g++ -c -Iinclude -I../UsageEnvironment/include -I../groupsock/include -I/usr/local/include -I. -O2 -DSOCKLEN_T=socklen_t -DNO_SSTREAM=1 -D_LARGEFILE_SOURCE=1 -D_FILE_OFFSET_BITS=64 -Wall -DBSD=1 -DNO_STD_LIB=1 BasicUsageEnvironment0.cpp
aarch64-linux-gnu-g++ -c -Iinclude -I../UsageEnvironment/include -I../groupsock/include -I/usr/local/include -I. -O2 -DSOCKLEN_T=socklen_t -DNO_SSTREAM=1 -D_LARGEFILE_SOURCE=1 -D_FILE_OFFSET_BITS=64 -Wall -DBSD=1 -DNO_STD_LIB=1 BasicUsageEnvironment.cpp
aarch64-linux-gnu-g++ -c -Iinclude -I../UsageEnvironment/include -I../groupsock/include -I/usr/local/include -I. -O2 -DSOCKLEN_T=socklen_t -DNO_SSTREAM=1 -D_LARGEFILE_SOURCE=1 -D_FILE_OFFSET_BITS=64 -Wall -DBSD=1 -DNO_STD_LIB=1 BasicTaskScheduler0.cpp
aarch64-linux-gnu-g++ -c -Iinclude -I../UsageEnvironment/include -I../groupsock/include -I/usr/local/include -I. -O2 -DSOCKLEN_T=socklen_t -DNO_SSTREAM=1 -D_LARGEFILE_SOURCE=1 -D_FILE_OFFSET_BITS=64 -Wall -DBSD=1 -DNO_STD_LIB=1 BasicTaskScheduler.cpp
aarch64-linux-gnu-g++ -c -Iinclude -I../UsageEnvironment/include -I../groupsock/include -I/usr/local/include -I. -O2 -DSOCKLEN_T=socklen_t -DNO_SSTREAM=1 -D_LARGEFILE_SOURCE=1 -D_FILE_OFFSET_BITS=64 -Wall -DBSD=1 -DNO_STD_LIB=1 DelayQueue.cpp
aarch64-linux-gnu-g++ -c -Iinclude -I../UsageEnvironment/include -I../groupsock/include -I/usr/local/include -I. -O2 -DSOCKLEN_T=socklen_t -DNO_SSTREAM=1 -D_LARGEFILE_SOURCE=1 -D_FILE_OFFSET_BITS=64 -Wall -DBSD=1 -DNO_STD_LIB=1 BasicHashTable.cpp
aarch64-linux-gnu-ar cr libBasicUsageEnvironment.a  \
	BasicUsageEnvironment0.o BasicUsageEnvironment.o BasicTaskScheduler0.o BasicTaskScheduler.o DelayQueue.o BasicHashTable.o
install -d /home/administrator/00.Snapmaker-Firmware-current/tmp/cache/v4l2-mpp/deps/live/usr-local/include/BasicUsageEnvironment /home/administrator/00.Snapmaker-Firmware-current/tmp/cache/v4l2-mpp/deps/live/usr-local/lib
install -m 644 include/*.hh /home/administrator/00.Snapmaker-Firmware-current/tmp/cache/v4l2-mpp/deps/live/usr-local/include/BasicUsageEnvironment
install -m 644 libBasicUsageEnvironment.a /home/administrator/00.Snapmaker-Firmware-current/tmp/cache/v4l2-mpp/deps/live/usr-local/lib
make[3]: Leaving directory '/home/administrator/00.Snapmaker-Firmware-current/tmp/cache/v4l2-mpp/deps/live/BasicUsageEnvironment'
cd testProgs ; make install
make[3]: Entering directory '/home/administrator/00.Snapmaker-Firmware-current/tmp/cache/v4l2-mpp/deps/live/testProgs'
aarch64-linux-gnu-g++ -c -I../UsageEnvironment/include -I../groupsock/include -I../liveMedia/include -I../BasicUsageEnvironment/include -I/usr/local/include -I. -O2 -DSOCKLEN_T=socklen_t -DNO_SSTREAM=1 -D_LARGEFILE_SOURCE=1 -D_FILE_OFFSET_BITS=64 -Wall -DBSD=1 -DNO_STD_LIB=1 testMP3Streamer.cpp
aarch64-linux-gnu-g++ -c -I../UsageEnvironment/include -I../groupsock/include -I../liveMedia/include -I../BasicUsageEnvironment/include -I/usr/local/include -I. -O2 -DSOCKLEN_T=socklen_t -DNO_SSTREAM=1 -D_LARGEFILE_SOURCE=1 -D_FILE_OFFSET_BITS=64 -Wall -DBSD=1 -DNO_STD_LIB=1 announceURL.cpp
aarch64-linux-gnu-g++ -c -I../UsageEnvironment/include -I../groupsock/include -I../liveMedia/include -I../BasicUsageEnvironment/include -I/usr/local/include -I. -O2 -DSOCKLEN_T=socklen_t -DNO_SSTREAM=1 -D_LARGEFILE_SOURCE=1 -D_FILE_OFFSET_BITS=64 -Wall -DBSD=1 -DNO_STD_LIB=1 testMPEG1or2VideoStreamer.cpp
aarch64-linux-gnu-g++ -c -I../UsageEnvironment/include -I../groupsock/include -I../liveMedia/include -I../BasicUsageEnvironment/include -I/usr/local/include -I. -O2 -DSOCKLEN_T=socklen_t -DNO_SSTREAM=1 -D_LARGEFILE_SOURCE=1 -D_FILE_OFFSET_BITS=64 -Wall -DBSD=1 -DNO_STD_LIB=1 testMPEG1or2AudioVideoStreamer.cpp
aarch64-linux-gnu-g++ -c -I../UsageEnvironment/include -I../groupsock/include -I../liveMedia/include -I../BasicUsageEnvironment/include -I/usr/local/include -I. -O2 -DSOCKLEN_T=socklen_t -DNO_SSTREAM=1 -D_LARGEFILE_SOURCE=1 -D_FILE_OFFSET_BITS=64 -Wall -DBSD=1 -DNO_STD_LIB=1 testMPEG2TransportStreamer.cpp
aarch64-linux-gnu-g++ -c -I../UsageEnvironment/include -I../groupsock/include -I../liveMedia/include -I../BasicUsageEnvironment/include -I/usr/local/include -I. -O2 -DSOCKLEN_T=socklen_t -DNO_SSTREAM=1 -D_LARGEFILE_SOURCE=1 -D_FILE_OFFSET_BITS=64 -Wall -DBSD=1 -DNO_STD_LIB=1 testMPEG4VideoStreamer.cpp
aarch64-linux-gnu-g++ -c -I../UsageEnvironment/include -I../groupsock/include -I../liveMedia/include -I../BasicUsageEnvironment/include -I/usr/local/include -I. -O2 -DSOCKLEN_T=socklen_t -DNO_SSTREAM=1 -D_LARGEFILE_SOURCE=1 -D_FILE_OFFSET_BITS=64 -Wall -DBSD=1 -DNO_STD_LIB=1 testH264VideoStreamer.cpp
aarch64-linux-gnu-g++ -c -I../UsageEnvironment/include -I../groupsock/include -I../liveMedia/include -I../BasicUsageEnvironment/include -I/usr/local/include -I. -O2 -DSOCKLEN_T=socklen_t -DNO_SSTREAM=1 -D_LARGEFILE_SOURCE=1 -D_FILE_OFFSET_BITS=64 -Wall -DBSD=1 -DNO_STD_LIB=1 testH265VideoStreamer.cpp
aarch64-linux-gnu-g++ -c -I../UsageEnvironment/include -I../groupsock/include -I../liveMedia/include -I../BasicUsageEnvironment/include -I/usr/local/include -I. -O2 -DSOCKLEN_T=socklen_t -DNO_SSTREAM=1 -D_LARGEFILE_SOURCE=1 -D_FILE_OFFSET_BITS=64 -Wall -DBSD=1 -DNO_STD_LIB=1 testDVVideoStreamer.cpp
aarch64-linux-gnu-g++ -c -I../UsageEnvironment/include -I../groupsock/include -I../liveMedia/include -I../BasicUsageEnvironment/include -I/usr/local/include -I. -O2 -DSOCKLEN_T=socklen_t -DNO_SSTREAM=1 -D_LARGEFILE_SOURCE=1 -D_FILE_OFFSET_BITS=64 -Wall -DBSD=1 -DNO_STD_LIB=1 testWAVAudioStreamer.cpp
aarch64-linux-gnu-g++ -c -I../UsageEnvironment/include -I../groupsock/include -I../liveMedia/include -I../BasicUsageEnvironment/include -I/usr/local/include -I. -O2 -DSOCKLEN_T=socklen_t -DNO_SSTREAM=1 -D_LARGEFILE_SOURCE=1 -D_FILE_OFFSET_BITS=64 -Wall -DBSD=1 -DNO_STD_LIB=1 testAMRAudioStreamer.cpp
aarch64-linux-gnu-g++ -c -I../UsageEnvironment/include -I../groupsock/include -I../liveMedia/include -I../BasicUsageEnvironment/include -I/usr/local/include -I. -O2 -DSOCKLEN_T=socklen_t -DNO_SSTREAM=1 -D_LARGEFILE_SOURCE=1 -D_FILE_OFFSET_BITS=64 -Wall -DBSD=1 -DNO_STD_LIB=1 testMKVStreamer.cpp
aarch64-linux-gnu-g++ -c -I../UsageEnvironment/include -I../groupsock/include -I../liveMedia/include -I../BasicUsageEnvironment/include -I/usr/local/include -I. -O2 -DSOCKLEN_T=socklen_t -DNO_SSTREAM=1 -D_LARGEFILE_SOURCE=1 -D_FILE_OFFSET_BITS=64 -Wall -DBSD=1 -DNO_STD_LIB=1 testOggStreamer.cpp
aarch64-linux-gnu-g++ -c -I../UsageEnvironment/include -I../groupsock/include -I../liveMedia/include -I../BasicUsageEnvironment/include -I/usr/local/include -I. -O2 -DSOCKLEN_T=socklen_t -DNO_SSTREAM=1 -D_LARGEFILE_SOURCE=1 -D_FILE_OFFSET_BITS=64 -Wall -DBSD=1 -DNO_STD_LIB=1 vobStreamer.cpp
aarch64-linux-gnu-g++ -c -I../UsageEnvironment/include -I../groupsock/include -I../liveMedia/include -I../BasicUsageEnvironment/include -I/usr/local/include -I. -O2 -DSOCKLEN_T=socklen_t -DNO_SSTREAM=1 -D_LARGEFILE_SOURCE=1 -D_FILE_OFFSET_BITS=64 -Wall -DBSD=1 -DNO_STD_LIB=1 testMP3Receiver.cpp
aarch64-linux-gnu-g++ -c -I../UsageEnvironment/include -I../groupsock/include -I../liveMedia/include -I../BasicUsageEnvironment/include -I/usr/local/include -I. -O2 -DSOCKLEN_T=socklen_t -DNO_SSTREAM=1 -D_LARGEFILE_SOURCE=1 -D_FILE_OFFSET_BITS=64 -Wall -DBSD=1 -DNO_STD_LIB=1 testMPEG1or2VideoReceiver.cpp
aarch64-linux-gnu-g++ -c -I../UsageEnvironment/include -I../groupsock/include -I../liveMedia/include -I../BasicUsageEnvironment/include -I/usr/local/include -I. -O2 -DSOCKLEN_T=socklen_t -DNO_SSTREAM=1 -D_LARGEFILE_SOURCE=1 -D_FILE_OFFSET_BITS=64 -Wall -DBSD=1 -DNO_STD_LIB=1 testMPEG2TransportReceiver.cpp
aarch64-linux-gnu-g++ -c -I../UsageEnvironment/include -I../groupsock/include -I../liveMedia/include -I../BasicUsageEnvironment/include -I/usr/local/include -I. -O2 -DSOCKLEN_T=socklen_t -DNO_SSTREAM=1 -D_LARGEFILE_SOURCE=1 -D_FILE_OFFSET_BITS=64 -Wall -DBSD=1 -DNO_STD_LIB=1 sapWatch.cpp
aarch64-linux-gnu-g++ -c -I../UsageEnvironment/include -I../groupsock/include -I../liveMedia/include -I../BasicUsageEnvironment/include -I/usr/local/include -I. -O2 -DSOCKLEN_T=socklen_t -DNO_SSTREAM=1 -D_LARGEFILE_SOURCE=1 -D_FILE_OFFSET_BITS=64 -Wall -DBSD=1 -DNO_STD_LIB=1 testRelay.cpp
aarch64-linux-gnu-g++ -c -I../UsageEnvironment/include -I../groupsock/include -I../liveMedia/include -I../BasicUsageEnvironment/include -I/usr/local/include -I. -O2 -DSOCKLEN_T=socklen_t -DNO_SSTREAM=1 -D_LARGEFILE_SOURCE=1 -D_FILE_OFFSET_BITS=64 -Wall -DBSD=1 -DNO_STD_LIB=1 testReplicator.cpp
aarch64-linux-gnu-g++ -c -I../UsageEnvironment/include -I../groupsock/include -I../liveMedia/include -I../BasicUsageEnvironment/include -I/usr/local/include -I. -O2 -DSOCKLEN_T=socklen_t -DNO_SSTREAM=1 -D_LARGEFILE_SOURCE=1 -D_FILE_OFFSET_BITS=64 -Wall -DBSD=1 -DNO_STD_LIB=1 testOnDemandRTSPServer.cpp
aarch64-linux-gnu-g++ -c -I../UsageEnvironment/include -I../groupsock/include -I../liveMedia/include -I../BasicUsageEnvironment/include -I/usr/local/include -I. -O2 -DSOCKLEN_T=socklen_t -DNO_SSTREAM=1 -D_LARGEFILE_SOURCE=1 -D_FILE_OFFSET_BITS=64 -Wall -DBSD=1 -DNO_STD_LIB=1 testRTSPClient.cpp
aarch64-linux-gnu-g++ -c -I../UsageEnvironment/include -I../groupsock/include -I../liveMedia/include -I../BasicUsageEnvironment/include -I/usr/local/include -I. -O2 -DSOCKLEN_T=socklen_t -DNO_SSTREAM=1 -D_LARGEFILE_SOURCE=1 -D_FILE_OFFSET_BITS=64 -Wall -DBSD=1 -DNO_STD_LIB=1 openRTSP.cpp
aarch64-linux-gnu-g++ -c -I../UsageEnvironment/include -I../groupsock/include -I../liveMedia/include -I../BasicUsageEnvironment/include -I/usr/local/include -I. -O2 -DSOCKLEN_T=socklen_t -DNO_SSTREAM=1 -D_LARGEFILE_SOURCE=1 -D_FILE_OFFSET_BITS=64 -Wall -DBSD=1 -DNO_STD_LIB=1 playCommon.cpp
aarch64-linux-gnu-g++ -c -I../UsageEnvironment/include -I../groupsock/include -I../liveMedia/include -I../BasicUsageEnvironment/include -I/usr/local/include -I. -O2 -DSOCKLEN_T=socklen_t -DNO_SSTREAM=1 -D_LARGEFILE_SOURCE=1 -D_FILE_OFFSET_BITS=64 -Wall -DBSD=1 -DNO_STD_LIB=1 playSIP.cpp
aarch64-linux-gnu-g++ -c -I../UsageEnvironment/include -I../groupsock/include -I../liveMedia/include -I../BasicUsageEnvironment/include -I/usr/local/include -I. -O2 -DSOCKLEN_T=socklen_t -DNO_SSTREAM=1 -D_LARGEFILE_SOURCE=1 -D_FILE_OFFSET_BITS=64 -Wall -DBSD=1 -DNO_STD_LIB=1 testH264VideoToHLSSegments.cpp
aarch64-linux-gnu-g++ -c -I../UsageEnvironment/include -I../groupsock/include -I../liveMedia/include -I../BasicUsageEnvironment/include -I/usr/local/include -I. -O2 -DSOCKLEN_T=socklen_t -DNO_SSTREAM=1 -D_LARGEFILE_SOURCE=1 -D_FILE_OFFSET_BITS=64 -Wall -DBSD=1 -DNO_STD_LIB=1 testMPEG1or2Splitter.cpp
aarch64-linux-gnu-g++ -c -I../UsageEnvironment/include -I../groupsock/include -I../liveMedia/include -I../BasicUsageEnvironment/include -I/usr/local/include -I. -O2 -DSOCKLEN_T=socklen_t -DNO_SSTREAM=1 -D_LARGEFILE_SOURCE=1 -D_FILE_OFFSET_BITS=64 -Wall -DBSD=1 -DNO_STD_LIB=1 testMPEG1or2ProgramToTransportStream.cpp
aarch64-linux-gnu-g++ -c -I../UsageEnvironment/include -I../groupsock/include -I../liveMedia/include -I../BasicUsageEnvironment/include -I/usr/local/include -I. -O2 -DSOCKLEN_T=socklen_t -DNO_SSTREAM=1 -D_LARGEFILE_SOURCE=1 -D_FILE_OFFSET_BITS=64 -Wall -DBSD=1 -DNO_STD_LIB=1 testH264VideoToTransportStream.cpp
aarch64-linux-gnu-g++ -c -I../UsageEnvironment/include -I../groupsock/include -I../liveMedia/include -I../BasicUsageEnvironment/include -I/usr/local/include -I. -O2 -DSOCKLEN_T=socklen_t -DNO_SSTREAM=1 -D_LARGEFILE_SOURCE=1 -D_FILE_OFFSET_BITS=64 -Wall -DBSD=1 -DNO_STD_LIB=1 testH265VideoToTransportStream.cpp
aarch64-linux-gnu-g++ -c -I../UsageEnvironment/include -I../groupsock/include -I../liveMedia/include -I../BasicUsageEnvironment/include -I/usr/local/include -I. -O2 -DSOCKLEN_T=socklen_t -DNO_SSTREAM=1 -D_LARGEFILE_SOURCE=1 -D_FILE_OFFSET_BITS=64 -Wall -DBSD=1 -DNO_STD_LIB=1 MPEG2TransportStreamIndexer.cpp
aarch64-linux-gnu-g++ -c -I../UsageEnvironment/include -I../groupsock/include -I../liveMedia/include -I../BasicUsageEnvironment/include -I/usr/local/include -I. -O2 -DSOCKLEN_T=socklen_t -DNO_SSTREAM=1 -D_LARGEFILE_SOURCE=1 -D_FILE_OFFSET_BITS=64 -Wall -DBSD=1 -DNO_STD_LIB=1 testMPEG2TransportStreamTrickPlay.cpp
aarch64-linux-gnu-g++ -c -I../UsageEnvironment/include -I../groupsock/include -I../liveMedia/include -I../BasicUsageEnvironment/include -I/usr/local/include -I. -O2 -DSOCKLEN_T=socklen_t -DNO_SSTREAM=1 -D_LARGEFILE_SOURCE=1 -D_FILE_OFFSET_BITS=64 -Wall -DBSD=1 -DNO_STD_LIB=1 registerRTSPStream.cpp
aarch64-linux-gnu-g++ -c -I../UsageEnvironment/include -I../groupsock/include -I../liveMedia/include -I../BasicUsageEnvironment/include -I/usr/local/include -I. -O2 -DSOCKLEN_T=socklen_t -DNO_SSTREAM=1 -D_LARGEFILE_SOURCE=1 -D_FILE_OFFSET_BITS=64 -Wall -DBSD=1 -DNO_STD_LIB=1 testMKVSplitter.cpp
aarch64-linux-gnu-g++ -c -I../UsageEnvironment/include -I../groupsock/include -I../liveMedia/include -I../BasicUsageEnvironment/include -I/usr/local/include -I. -O2 -DSOCKLEN_T=socklen_t -DNO_SSTREAM=1 -D_LARGEFILE_SOURCE=1 -D_FILE_OFFSET_BITS=64 -Wall -DBSD=1 -DNO_STD_LIB=1 testMPEG2TransportStreamSplitter.cpp
aarch64-linux-gnu-g++ -c -I../UsageEnvironment/include -I../groupsock/include -I../liveMedia/include -I../BasicUsageEnvironment/include -I/usr/local/include -I. -O2 -DSOCKLEN_T=socklen_t -DNO_SSTREAM=1 -D_LARGEFILE_SOURCE=1 -D_FILE_OFFSET_BITS=64 -Wall -DBSD=1 -DNO_STD_LIB=1 mikeyParse.cpp
aarch64-linux-gnu-g++ -otestMP3Streamer  testMP3Streamer.o announceURL.o ../liveMedia/libliveMedia.a ../groupsock/libgroupsock.a ../BasicUsageEnvironment/libBasicUsageEnvironment.a ../UsageEnvironment/libUsageEnvironment.a -lssl -lcrypto
aarch64-linux-gnu-g++ -otestMPEG1or2VideoStreamer  testMPEG1or2VideoStreamer.o announceURL.o ../liveMedia/libliveMedia.a ../groupsock/libgroupsock.a ../BasicUsageEnvironment/libBasicUsageEnvironment.a ../UsageEnvironment/libUsageEnvironment.a -lssl -lcrypto
aarch64-linux-gnu-g++ -otestMPEG1or2AudioVideoStreamer  testMPEG1or2AudioVideoStreamer.o announceURL.o ../liveMedia/libliveMedia.a ../groupsock/libgroupsock.a ../BasicUsageEnvironment/libBasicUsageEnvironment.a ../UsageEnvironment/libUsageEnvironment.a -lssl -lcrypto
aarch64-linux-gnu-g++ -otestMPEG2TransportStreamer  testMPEG2TransportStreamer.o announceURL.o ../liveMedia/libliveMedia.a ../groupsock/libgroupsock.a ../BasicUsageEnvironment/libBasicUsageEnvironment.a ../UsageEnvironment/libUsageEnvironment.a -lssl -lcrypto
aarch64-linux-gnu-g++ -otestMPEG4VideoStreamer  testMPEG4VideoStreamer.o announceURL.o ../liveMedia/libliveMedia.a ../groupsock/libgroupsock.a ../BasicUsageEnvironment/libBasicUsageEnvironment.a ../UsageEnvironment/libUsageEnvironment.a -lssl -lcrypto
aarch64-linux-gnu-g++ -otestH264VideoStreamer  testH264VideoStreamer.o announceURL.o ../liveMedia/libliveMedia.a ../groupsock/libgroupsock.a ../BasicUsageEnvironment/libBasicUsageEnvironment.a ../UsageEnvironment/libUsageEnvironment.a -lssl -lcrypto
aarch64-linux-gnu-g++ -otestH265VideoStreamer  testH265VideoStreamer.o announceURL.o ../liveMedia/libliveMedia.a ../groupsock/libgroupsock.a ../BasicUsageEnvironment/libBasicUsageEnvironment.a ../UsageEnvironment/libUsageEnvironment.a -lssl -lcrypto
aarch64-linux-gnu-g++ -otestDVVideoStreamer  testDVVideoStreamer.o announceURL.o ../liveMedia/libliveMedia.a ../groupsock/libgroupsock.a ../BasicUsageEnvironment/libBasicUsageEnvironment.a ../UsageEnvironment/libUsageEnvironment.a -lssl -lcrypto
aarch64-linux-gnu-g++ -otestWAVAudioStreamer  testWAVAudioStreamer.o announceURL.o ../liveMedia/libliveMedia.a ../groupsock/libgroupsock.a ../BasicUsageEnvironment/libBasicUsageEnvironment.a ../UsageEnvironment/libUsageEnvironment.a -lssl -lcrypto
aarch64-linux-gnu-g++ -otestAMRAudioStreamer  testAMRAudioStreamer.o announceURL.o ../liveMedia/libliveMedia.a ../groupsock/libgroupsock.a ../BasicUsageEnvironment/libBasicUsageEnvironment.a ../UsageEnvironment/libUsageEnvironment.a -lssl -lcrypto
aarch64-linux-gnu-g++ -otestMKVStreamer  testMKVStreamer.o announceURL.o ../liveMedia/libliveMedia.a ../groupsock/libgroupsock.a ../BasicUsageEnvironment/libBasicUsageEnvironment.a ../UsageEnvironment/libUsageEnvironment.a -lssl -lcrypto
aarch64-linux-gnu-g++ -otestOggStreamer  testOggStreamer.o announceURL.o ../liveMedia/libliveMedia.a ../groupsock/libgroupsock.a ../BasicUsageEnvironment/libBasicUsageEnvironment.a ../UsageEnvironment/libUsageEnvironment.a -lssl -lcrypto
aarch64-linux-gnu-g++ -ovobStreamer  vobStreamer.o announceURL.o ../liveMedia/libliveMedia.a ../groupsock/libgroupsock.a ../BasicUsageEnvironment/libBasicUsageEnvironment.a ../UsageEnvironment/libUsageEnvironment.a -lssl -lcrypto
aarch64-linux-gnu-g++ -otestMP3Receiver  testMP3Receiver.o ../liveMedia/libliveMedia.a ../groupsock/libgroupsock.a ../BasicUsageEnvironment/libBasicUsageEnvironment.a ../UsageEnvironment/libUsageEnvironment.a -lssl -lcrypto
aarch64-linux-gnu-g++ -otestMPEG1or2VideoReceiver  testMPEG1or2VideoReceiver.o ../liveMedia/libliveMedia.a ../groupsock/libgroupsock.a ../BasicUsageEnvironment/libBasicUsageEnvironment.a ../UsageEnvironment/libUsageEnvironment.a -lssl -lcrypto
aarch64-linux-gnu-g++ -otestMPEG2TransportReceiver  testMPEG2TransportReceiver.o ../liveMedia/libliveMedia.a ../groupsock/libgroupsock.a ../BasicUsageEnvironment/libBasicUsageEnvironment.a ../UsageEnvironment/libUsageEnvironment.a -lssl -lcrypto
aarch64-linux-gnu-g++ -osapWatch  sapWatch.o ../liveMedia/libliveMedia.a ../groupsock/libgroupsock.a ../BasicUsageEnvironment/libBasicUsageEnvironment.a ../UsageEnvironment/libUsageEnvironment.a -lssl -lcrypto
aarch64-linux-gnu-g++ -otestRelay  testRelay.o ../liveMedia/libliveMedia.a ../groupsock/libgroupsock.a ../BasicUsageEnvironment/libBasicUsageEnvironment.a ../UsageEnvironment/libUsageEnvironment.a -lssl -lcrypto
aarch64-linux-gnu-g++ -otestReplicator  testReplicator.o ../liveMedia/libliveMedia.a ../groupsock/libgroupsock.a ../BasicUsageEnvironment/libBasicUsageEnvironment.a ../UsageEnvironment/libUsageEnvironment.a -lssl -lcrypto
aarch64-linux-gnu-g++ -otestOnDemandRTSPServer  testOnDemandRTSPServer.o announceURL.o ../liveMedia/libliveMedia.a ../groupsock/libgroupsock.a ../BasicUsageEnvironment/libBasicUsageEnvironment.a ../UsageEnvironment/libUsageEnvironment.a -lssl -lcrypto
aarch64-linux-gnu-g++ -otestRTSPClient  testRTSPClient.o ../liveMedia/libliveMedia.a ../groupsock/libgroupsock.a ../BasicUsageEnvironment/libBasicUsageEnvironment.a ../UsageEnvironment/libUsageEnvironment.a -lssl -lcrypto
aarch64-linux-gnu-g++ -otestH264VideoToHLSSegments  testH264VideoToHLSSegments.o ../liveMedia/libliveMedia.a ../groupsock/libgroupsock.a ../BasicUsageEnvironment/libBasicUsageEnvironment.a ../UsageEnvironment/libUsageEnvironment.a -lssl -lcrypto
aarch64-linux-gnu-g++ -otestMPEG1or2Splitter  testMPEG1or2Splitter.o ../liveMedia/libliveMedia.a ../groupsock/libgroupsock.a ../BasicUsageEnvironment/libBasicUsageEnvironment.a ../UsageEnvironment/libUsageEnvironment.a -lssl -lcrypto
aarch64-linux-gnu-g++ -otestMPEG1or2ProgramToTransportStream  testMPEG1or2ProgramToTransportStream.o ../liveMedia/libliveMedia.a ../groupsock/libgroupsock.a ../BasicUsageEnvironment/libBasicUsageEnvironment.a ../UsageEnvironment/libUsageEnvironment.a -lssl -lcrypto
aarch64-linux-gnu-g++ -otestH264VideoToTransportStream  testH264VideoToTransportStream.o ../liveMedia/libliveMedia.a ../groupsock/libgroupsock.a ../BasicUsageEnvironment/libBasicUsageEnvironment.a ../UsageEnvironment/libUsageEnvironment.a -lssl -lcrypto
aarch64-linux-gnu-g++ -otestH265VideoToTransportStream  testH265VideoToTransportStream.o ../liveMedia/libliveMedia.a ../groupsock/libgroupsock.a ../BasicUsageEnvironment/libBasicUsageEnvironment.a ../UsageEnvironment/libUsageEnvironment.a -lssl -lcrypto
aarch64-linux-gnu-g++ -oMPEG2TransportStreamIndexer  MPEG2TransportStreamIndexer.o ../liveMedia/libliveMedia.a ../groupsock/libgroupsock.a ../BasicUsageEnvironment/libBasicUsageEnvironment.a ../UsageEnvironment/libUsageEnvironment.a -lssl -lcrypto
aarch64-linux-gnu-g++ -otestMPEG2TransportStreamTrickPlay  testMPEG2TransportStreamTrickPlay.o ../liveMedia/libliveMedia.a ../groupsock/libgroupsock.a ../BasicUsageEnvironment/libBasicUsageEnvironment.a ../UsageEnvironment/libUsageEnvironment.a -lssl -lcrypto
aarch64-linux-gnu-g++ -oregisterRTSPStream  registerRTSPStream.o ../liveMedia/libliveMedia.a ../groupsock/libgroupsock.a ../BasicUsageEnvironment/libBasicUsageEnvironment.a ../UsageEnvironment/libUsageEnvironment.a -lssl -lcrypto
aarch64-linux-gnu-g++ -otestMKVSplitter  testMKVSplitter.o ../liveMedia/libliveMedia.a ../groupsock/libgroupsock.a ../BasicUsageEnvironment/libBasicUsageEnvironment.a ../UsageEnvironment/libUsageEnvironment.a -lssl -lcrypto
aarch64-linux-gnu-g++ -otestMPEG2TransportStreamSplitter  testMPEG2TransportStreamSplitter.o ../liveMedia/libliveMedia.a ../groupsock/libgroupsock.a ../BasicUsageEnvironment/libBasicUsageEnvironment.a ../UsageEnvironment/libUsageEnvironment.a -lssl -lcrypto
aarch64-linux-gnu-g++ -omikeyParse  mikeyParse.o ../liveMedia/libliveMedia.a ../groupsock/libgroupsock.a ../BasicUsageEnvironment/libBasicUsageEnvironment.a ../UsageEnvironment/libUsageEnvironment.a -lssl -lcrypto
aarch64-linux-gnu-g++ -oopenRTSP  openRTSP.o playCommon.o ../liveMedia/libliveMedia.a ../groupsock/libgroupsock.a ../BasicUsageEnvironment/libBasicUsageEnvironment.a ../UsageEnvironment/libUsageEnvironment.a -lssl -lcrypto
aarch64-linux-gnu-g++ -oplaySIP  playSIP.o playCommon.o ../liveMedia/libliveMedia.a ../groupsock/libgroupsock.a ../BasicUsageEnvironment/libBasicUsageEnvironment.a ../UsageEnvironment/libUsageEnvironment.a -lssl -lcrypto
install -d /home/administrator/00.Snapmaker-Firmware-current/tmp/cache/v4l2-mpp/deps/live/usr-local/bin
install -m 755 testMP3Streamer testMPEG1or2VideoStreamer testMPEG1or2AudioVideoStreamer testMPEG2TransportStreamer testMPEG4VideoStreamer testH264VideoStreamer testH265VideoStreamer testDVVideoStreamer testWAVAudioStreamer testAMRAudioStreamer testMKVStreamer testOggStreamer vobStreamer testMP3Receiver testMPEG1or2VideoReceiver testMPEG2TransportReceiver sapWatch testRelay testReplicator testOnDemandRTSPServer testRTSPClient openRTSP playSIP testH264VideoToHLSSegments testMPEG1or2Splitter testMPEG1or2ProgramToTransportStream testH264VideoToTransportStream testH265VideoToTransportStream MPEG2TransportStreamIndexer testMPEG2TransportStreamTrickPlay registerRTSPStream testMKVSplitter testMPEG2TransportStreamSplitter mikeyParse /home/administrator/00.Snapmaker-Firmware-current/tmp/cache/v4l2-mpp/deps/live/usr-local/bin
make[3]: Leaving directory '/home/administrator/00.Snapmaker-Firmware-current/tmp/cache/v4l2-mpp/deps/live/testProgs'
cd mediaServer ; make install
make[3]: Entering directory '/home/administrator/00.Snapmaker-Firmware-current/tmp/cache/v4l2-mpp/deps/live/mediaServer'
aarch64-linux-gnu-g++ -c -I../UsageEnvironment/include -I../groupsock/include -I../liveMedia/include -I../BasicUsageEnvironment/include -I/usr/local/include -I. -O2 -DSOCKLEN_T=socklen_t -DNO_SSTREAM=1 -D_LARGEFILE_SOURCE=1 -D_FILE_OFFSET_BITS=64 -Wall -DBSD=1 -DNO_STD_LIB=1 live555MediaServer.cpp
aarch64-linux-gnu-g++ -c -I../UsageEnvironment/include -I../groupsock/include -I../liveMedia/include -I../BasicUsageEnvironment/include -I/usr/local/include -I. -O2 -DSOCKLEN_T=socklen_t -DNO_SSTREAM=1 -D_LARGEFILE_SOURCE=1 -D_FILE_OFFSET_BITS=64 -Wall -DBSD=1 -DNO_STD_LIB=1 DynamicRTSPServer.cpp
aarch64-linux-gnu-g++ -olive555MediaServer  live555MediaServer.o DynamicRTSPServer.o ../liveMedia/libliveMedia.a ../groupsock/libgroupsock.a ../BasicUsageEnvironment/libBasicUsageEnvironment.a ../UsageEnvironment/libUsageEnvironment.a -lssl -lcrypto
install -d /home/administrator/00.Snapmaker-Firmware-current/tmp/cache/v4l2-mpp/deps/live/usr-local/bin
install -m 755 live555MediaServer /home/administrator/00.Snapmaker-Firmware-current/tmp/cache/v4l2-mpp/deps/live/usr-local/bin
make[3]: Leaving directory '/home/administrator/00.Snapmaker-Firmware-current/tmp/cache/v4l2-mpp/deps/live/mediaServer'
cd proxyServer ; make install
make[3]: Entering directory '/home/administrator/00.Snapmaker-Firmware-current/tmp/cache/v4l2-mpp/deps/live/proxyServer'
aarch64-linux-gnu-g++ -c -I../UsageEnvironment/include -I../groupsock/include -I../liveMedia/include -I../BasicUsageEnvironment/include -I/usr/local/include -I. -O2 -DSOCKLEN_T=socklen_t -DNO_SSTREAM=1 -D_LARGEFILE_SOURCE=1 -D_FILE_OFFSET_BITS=64 -Wall -DBSD=1 -DNO_STD_LIB=1 live555ProxyServer.cpp
aarch64-linux-gnu-g++ -olive555ProxyServer  live555ProxyServer.o ../liveMedia/libliveMedia.a ../groupsock/libgroupsock.a ../BasicUsageEnvironment/libBasicUsageEnvironment.a ../UsageEnvironment/libUsageEnvironment.a -lssl -lcrypto
install -d /home/administrator/00.Snapmaker-Firmware-current/tmp/cache/v4l2-mpp/deps/live/usr-local/bin
install -m 755 live555ProxyServer /home/administrator/00.Snapmaker-Firmware-current/tmp/cache/v4l2-mpp/deps/live/usr-local/bin
make[3]: Leaving directory '/home/administrator/00.Snapmaker-Firmware-current/tmp/cache/v4l2-mpp/deps/live/proxyServer'
cd hlsProxy ; make install
make[3]: Entering directory '/home/administrator/00.Snapmaker-Firmware-current/tmp/cache/v4l2-mpp/deps/live/hlsProxy'
aarch64-linux-gnu-g++ -c -I../UsageEnvironment/include -I../groupsock/include -I../liveMedia/include -I../BasicUsageEnvironment/include -I/usr/local/include -I. -O2 -DSOCKLEN_T=socklen_t -DNO_SSTREAM=1 -D_LARGEFILE_SOURCE=1 -D_FILE_OFFSET_BITS=64 -Wall -DBSD=1 -DNO_STD_LIB=1 live555HLSProxy.cpp
aarch64-linux-gnu-g++ -olive555HLSProxy  live555HLSProxy.o ../liveMedia/libliveMedia.a ../groupsock/libgroupsock.a ../BasicUsageEnvironment/libBasicUsageEnvironment.a ../UsageEnvironment/libUsageEnvironment.a -lssl -lcrypto
install -d /home/administrator/00.Snapmaker-Firmware-current/tmp/cache/v4l2-mpp/deps/live/usr-local/bin
install -m 755 live555HLSProxy /home/administrator/00.Snapmaker-Firmware-current/tmp/cache/v4l2-mpp/deps/live/usr-local/bin
make[3]: Leaving directory '/home/administrator/00.Snapmaker-Firmware-current/tmp/cache/v4l2-mpp/deps/live/hlsProxy'
make[2]: Leaving directory '/home/administrator/00.Snapmaker-Firmware-current/tmp/cache/v4l2-mpp/deps/live'
make[1]: Leaving directory '/home/administrator/00.Snapmaker-Firmware-current/tmp/cache/v4l2-mpp'
>> Compiling v4l2-mpp applications...
make[1]: Entering directory '/home/administrator/00.Snapmaker-Firmware-current/tmp/cache/v4l2-mpp'
make[2]: Entering directory '/home/administrator/00.Snapmaker-Firmware-current/tmp/cache/v4l2-mpp/apps/stream-http'
install -d /home/administrator/00.Snapmaker-Firmware-current/tmp/firmware/rootfs/usr/local/bin
install -m 755 stream-http.py /home/administrator/00.Snapmaker-Firmware-current/tmp/firmware/rootfs/usr/local/bin/stream-http.py
install -d /home/administrator/00.Snapmaker-Firmware-current/tmp/firmware/rootfs/usr/share/stream-http/html
install -m 644 html/index.html html/player.html html/webrtc.html html/control.html /home/administrator/00.Snapmaker-Firmware-current/tmp/firmware/rootfs/usr/share/stream-http/html/
make[2]: Leaving directory '/home/administrator/00.Snapmaker-Firmware-current/tmp/cache/v4l2-mpp/apps/stream-http'
make[2]: Entering directory '/home/administrator/00.Snapmaker-Firmware-current/tmp/cache/v4l2-mpp/apps/detect-http'
install -d /home/administrator/00.Snapmaker-Firmware-current/tmp/firmware/rootfs/usr/local/bin
install -m 755 detect-http.py /home/administrator/00.Snapmaker-Firmware-current/tmp/firmware/rootfs/usr/local/bin/detect-http.py
make[2]: Leaving directory '/home/administrator/00.Snapmaker-Firmware-current/tmp/cache/v4l2-mpp/apps/detect-http'
make[2]: Entering directory '/home/administrator/00.Snapmaker-Firmware-current/tmp/cache/v4l2-mpp/apps/detect-rknn-yolo11'
install -d /home/administrator/00.Snapmaker-Firmware-current/tmp/firmware/rootfs/usr/local/bin
install -m 755 detect-rknn-yolo11.py /home/administrator/00.Snapmaker-Firmware-current/tmp/firmware/rootfs/usr/local/bin/detect-rknn-yolo11.py
make[2]: Leaving directory '/home/administrator/00.Snapmaker-Firmware-current/tmp/cache/v4l2-mpp/apps/detect-rknn-yolo11'
make[2]: Entering directory '/home/administrator/00.Snapmaker-Firmware-current/tmp/cache/v4l2-mpp/apps/control-v4l2'
make[2]: Circular control-v4l2.py <- control-v4l2.py dependency dropped.
install -d /home/administrator/00.Snapmaker-Firmware-current/tmp/firmware/rootfs/usr/local/bin
install -m 755 control-v4l2.py /home/administrator/00.Snapmaker-Firmware-current/tmp/firmware/rootfs/usr/local/bin/control-v4l2.py
make[2]: Leaving directory '/home/administrator/00.Snapmaker-Firmware-current/tmp/cache/v4l2-mpp/apps/control-v4l2'
make[2]: Entering directory '/home/administrator/00.Snapmaker-Firmware-current/tmp/cache/v4l2-mpp/apps/capture-v4l2-jpeg-mpp'
/bin/sh: 1: pkg-config: not found
aarch64-linux-gnu-gcc -Wall -Wextra -O2 -MMD  -I../../common -I../../common/capture-common  -c main.c -o main.o
main.c:21:10: fatal error: rockchip/rk_mpi.h: No such file or directory
   21 | #include <rockchip/rk_mpi.h>
      |          ^~~~~~~~~~~~~~~~~~~
compilation terminated.
make[2]: *** [Makefile:32: main.o] Error 1
make[2]: Leaving directory '/home/administrator/00.Snapmaker-Firmware-current/tmp/cache/v4l2-mpp/apps/capture-v4l2-jpeg-mpp'
make[2]: Entering directory '/home/administrator/00.Snapmaker-Firmware-current/tmp/cache/v4l2-mpp/apps/capture-v4l2-raw-mpp'
/bin/sh: 1: pkg-config: not found
aarch64-linux-gnu-gcc -Wall -Wextra -O2 -MMD -I../../common -I../../common/capture-common  -c main.c -o main.o
main.c:21:10: fatal error: rockchip/rk_mpi.h: No such file or directory
   21 | #include <rockchip/rk_mpi.h>
      |          ^~~~~~~~~~~~~~~~~~~
compilation terminated.
make[2]: *** [Makefile:32: main.o] Error 1
make[2]: Leaving directory '/home/administrator/00.Snapmaker-Firmware-current/tmp/cache/v4l2-mpp/apps/capture-v4l2-raw-mpp'
make[2]: Entering directory '/home/administrator/00.Snapmaker-Firmware-current/tmp/cache/v4l2-mpp/apps/stream-webrtc'
aarch64-linux-gnu-g++ -Wall -Wextra -O2 -MMD -std=c++17  -I../../common -I../../common/stream-common -I/home/administrator/00.Snapmaker-Firmware-current/tmp/cache/v4l2-mpp/apps/stream-webrtc/../../deps/libdatachannel/include -I/home/administrator/00.Snapmaker-Firmware-current/tmp/cache/v4l2-mpp/apps/stream-webrtc/../../deps/libdatachannel/deps/json/include -c main.cpp -o main.o
main.cpp: In function ‘void handle_connection(int)’:
main.cpp:384:10: warning: ignoring return value of ‘ssize_t write(int, const void*, size_t)’ declared with attribute ‘warn_unused_result’ [-Wunused-result]
  384 |     write(fd, response.c_str(), response.size());
      |     ~~~~~^~~~~~~~~~~~~~~~~~~~~~~~~~~~~~~~~~~~~~~
aarch64-linux-gnu-g++ main.o -o stream-webrtc -static-libstdc++ -L/home/administrator/00.Snapmaker-Firmware-current/tmp/cache/v4l2-mpp/apps/stream-webrtc/../../deps/libdatachannel/build -ldatachannel-static -L/home/administrator/00.Snapmaker-Firmware-current/tmp/cache/v4l2-mpp/apps/stream-webrtc/../../deps/libdatachannel/build/deps/usrsctp/usrsctplib -lusrsctp -L/home/administrator/00.Snapmaker-Firmware-current/tmp/cache/v4l2-mpp/apps/stream-webrtc/../../deps/libdatachannel/build/deps/libsrtp -lsrtp2 -L/home/administrator/00.Snapmaker-Firmware-current/tmp/cache/v4l2-mpp/apps/stream-webrtc/../../deps/libdatachannel/build/deps/libjuice -ljuice-static -lcrypto -lssl -lpthread
install -d /home/administrator/00.Snapmaker-Firmware-current/tmp/firmware/rootfs/usr/local/bin
install -m 755 stream-webrtc /home/administrator/00.Snapmaker-Firmware-current/tmp/firmware/rootfs/usr/local/bin/
make[2]: Leaving directory '/home/administrator/00.Snapmaker-Firmware-current/tmp/cache/v4l2-mpp/apps/stream-webrtc'
make[2]: Entering directory '/home/administrator/00.Snapmaker-Firmware-current/tmp/cache/v4l2-mpp/apps/stream-rtsp'
aarch64-linux-gnu-g++ -Wall -Wextra -O2 -MMD -std=c++17 -I../../common -I../../common/stream-common -I../../deps/live/usr-local//include/liveMedia -I../../deps/live/usr-local//include/groupsock -I../../deps/live/usr-local//include/BasicUsageEnvironment -I../../deps/live/usr-local//include/UsageEnvironment -c main.cpp -o main.o
aarch64-linux-gnu-g++ main.o -o stream-rtsp -static-libstdc++ -L../../deps/live/usr-local//lib -lliveMedia -lgroupsock -lBasicUsageEnvironment -lUsageEnvironment -lssl -lcrypto -lpthread
install -d /home/administrator/00.Snapmaker-Firmware-current/tmp/firmware/rootfs/usr/local/bin
install -m 755 stream-rtsp /home/administrator/00.Snapmaker-Firmware-current/tmp/firmware/rootfs/usr/local/bin/
make[2]: Leaving directory '/home/administrator/00.Snapmaker-Firmware-current/tmp/cache/v4l2-mpp/apps/stream-rtsp'
make[1]: Leaving directory '/home/administrator/00.Snapmaker-Firmware-current/tmp/cache/v4l2-mpp'
>> Validate binaries...
stat: cannot statx '/home/administrator/00.Snapmaker-Firmware-current/tmp/firmware/rootfs/usr/local/bin/capture-v4l2-jpeg-mpp': No such file or directory
make: *** [Makefile:38: firmware/firmware.bin] Error 1
