#time,accel_x,accel_y,accel_z
940.360953,76.570323,114.855485,-9418.149754
940.361581,38.285162,114.855485,-9418.149754
940.362208,76.570323,114.855485,-9456.434915
940.362836,114.855485,133.998066,-9360.722011
940.363464,191.425808,153.140646,-9399.007173
940.364092,133.998066,114.855485,-9360.722011
940.364720,95.712904,172.283227,-9360.722011
940.365347,76.570323,172.283227,-9418.149754
940.365975,153.140646,114.855485,-9418.149754
940.366603,172.283227,133.998066,-9360.722011
940.367231,133.998066,153.140646,-9418.149754
940.367859,76.570323,114.855485,-9418.149754
940.368486,133.998066,172.283227,-9437.292334
940.369114,133.998066,114.855485,-9418.149754
940.369742,76.570323,114.855485,-9437.292334
940.370370,76.570323,114.855485,-9418.149754
940.370998,133.998066,114.855485,-9418.149754
940.371625,76.570323,114.855485,-9418.149754
940.372253,133.998066,114.855485,-9456.434915
940.372881,114.855485,153.140646,-9360.722011
940.373509,76.570323,114.855485,-9418.149754
940.374137,153.140646,133.998066,-9399.007173
940.374764,76.570323,114.855485,-9418.149754
940.375392,133.998066,114.855485,-9418.149754
940.376020,133.998066,153.140646,-9418.149754
940.376648,172.283227,76.570323,-9418.149754
940.377276,133.998066,114.855485,-9418.149754
940.377903,76.570323,114.855485,-9418.149754
940.378531,76.570323,114.855485,-9437.292334
940.379159,76.570323,114.855485,-9418.149754
940.379787,153.140646,133.998066,-9399.007173
940.380415,76.570323,172.283227,-9418.149754
940.381042,38.285162,153.140646,-9418.149754
940.381670,57.427742,95.712904,-9399.007173
940.382298,95.712904,114.855485,-9418.149754
940.382926,76.570323,172.283227,-9418.149754
940.383554,95.712904,95.712904,-9399.007173
940.384181,76.570323,153.140646,-9437.292334
940.384809,76.570323,114.855485,-9418.149754
940.385437,153.140646,133.998066,-9399.007173
940.386065,76.570323,133.998066,-9360.722011
940.386693,133.998066,153.140646,-9418.149754
940.387320,76.570323,210.568389,-9418.149754
940.387948,133.998066,172.283227,-9437.292334
940.388576,95.712904,210.568389,-9456.434915
940.389204,76.570323,133.998066,-9379.864592
940.389832,76.570323,210.568389,-9418.149754
940.390459,95.712904,153.140646,-9418.149754
940.391087,133.998066,114.855485,-9437.292334
940.391715,133.998066,191.425808,-9399.007173
940.392343,133.998066,114.855485,-9456.434915
940.392971,95.712904,95.712904,-9399.007173
940.393598,76.570323,114.855485,-9418.149754
940.394226,76.570323,114.855485,-9418.149754
940.394854,133.998066,114.855485,-9418.149754
940.395482,153.140646,133.998066,-9399.007173
940.396110,76.570323,76.570323,-9379.864592
940.396737,76.570323,114.855485,-9418.149754
940.397365,133.998066,153.140646,-9418.149754
940.397993,133.998066,133.998066,-9399.007173
940.398621,133.998066,114.855485,-9418.149754
940.399249,133.998066,114.855485,-9418.149754
940.399876,133.998066,172.283227,-9418.149754
940.400504,95.712904,133.998066,-9322.436850
940.401132,133.998066,114.855485,-9418.149754
940.401760,133.998066,114.855485,-9437.292334
940.402388,76.570323,210.568389,-9418.149754
940.403015,76.570323,114.855485,-9456.434915
940.403643,38.285162,114.855485,-9418.149754
940.404271,76.570323,114.855485,-9437.292334
940.404899,114.855485,133.998066,-9341.579430
940.405527,57.427742,133.998066,-9360.722011
940.406154,95.712904,133.998066,-9437.292334
940.406782,76.570323,114.855485,-9418.149754
940.407410,153.140646,133.998066,-9399.007173
940.408038,133.998066,191.425808,-9418.149754
940.408666,153.140646,133.998066,-9399.007173
940.409293,76.570323,114.855485,-9418.149754
940.409921,38.285162,114.855485,-9437.292334
940.410549,38.285162,114.855485,-9418.149754
940.411177,95.712904,114.855485,-9418.149754
940.411805,133.998066,153.140646,-9418.149754
940.412432,95.712904,153.140646,-9418.149754
940.413060,95.712904,133.998066,-9360.722011
940.413688,133.998066,153.140646,-9418.149754
940.414316,153.140646,133.998066,-9399.007173
940.414944,114.855485,114.855485,-9379.864592
940.415571,133.998066,172.283227,-9456.434915
940.416199,133.998066,114.855485,-9418.149754
940.416827,133.998066,114.855485,-9418.149754
940.417455,172.283227,133.998066,-9418.149754
940.418083,38.285162,153.140646,-9418.149754
940.418710,76.570323,153.140646,-9418.149754
940.419338,76.570323,114.855485,-9418.149754
940.419966,133.998066,114.855485,-9418.149754
940.420594,133.998066,114.855485,-9418.149754
940.421221,76.570323,153.140646,-9418.149754
940.421849,76.570323,114.855485,-9418.149754
940.422477,76.570323,153.140646,-9418.149754
940.423105,95.712904,114.855485,-9399.007173
940.423732,95.712904,95.712904,-9456.434915
940.424359,76.570323,172.283227,-9418.149754
940.424985,114.855485,133.998066,-9360.722011
940.425612,76.570323,114.855485,-9418.149754
940.426239,38.285162,114.855485,-9437.292334
940.426866,76.570323,114.855485,-9437.292334
940.427493,76.570323,114.855485,-9418.149754
940.428120,76.570323,153.140646,-9418.149754
940.428747,133.998066,114.855485,-9418.149754
940.429374,38.285162,114.855485,-9437.292334
940.430000,133.998066,114.855485,-9418.149754
940.430627,57.427742,133.998066,-9360.722011
940.431254,133.998066,114.855485,-9418.149754
940.431881,133.998066,114.855485,-9456.434915
940.432508,133.998066,172.283227,-9418.149754
940.433135,153.140646,133.998066,-9399.007173
940.433762,133.998066,153.140646,-9418.149754
940.434388,133.998066,172.283227,-9475.577496
940.435015,172.283227,133.998066,-9360.722011
940.435642,76.570323,172.283227,-9456.434915
940.436269,38.285162,114.855485,-9418.149754
940.436896,95.712904,172.283227,-9418.149754
940.437523,95.712904,172.283227,-9360.722011
940.438150,133.998066,114.855485,-9418.149754
940.438776,114.855485,172.283227,-9360.722011
940.439403,76.570323,153.140646,-9418.149754
940.440030,114.855485,133.998066,-9360.722011
940.440657,76.570323,172.283227,-9418.149754
940.441284,114.855485,153.140646,-9360.722011
940.441911,95.712904,114.855485,-9437.292334
940.442538,191.425808,153.140646,-9456.434915
940.443164,133.998066,153.140646,-9475.577496
940.443791,114.855485,133.998066,-9360.722011
940.444418,76.570323,153.140646,-9418.149754
940.445045,95.712904,114.855485,-9456.434915
940.445672,38.285162,95.712904,-9456.434915
940.446299,95.712904,172.283227,-9418.149754
940.446926,133.998066,153.140646,-9399.007173
940.447553,76.570323,114.855485,-9456.434915
940.448179,57.427742,114.855485,-9418.149754
940.448806,76.570323,114.855485,-9418.149754
940.449433,114.855485,95.712904,-9456.434915
940.450060,133.998066,114.855485,-9475.577496
940.450687,38.285162,114.855485,-9456.434915
940.451314,76.570323,114.855485,-9418.149754
940.451941,114.855485,172.283227,-9341.579430
940.452567,133.998066,114.855485,-9456.434915
940.453194,153.140646,133.998066,-9399.007173
940.453821,133.998066,172.283227,-9418.149754
940.454448,114.855485,95.712904,-9399.007173
940.455075,153.140646,133.998066,-9456.434915
940.455702,133.998066,172.283227,-9456.434915
940.456329,76.570323,114.855485,-9475.577496
940.456955,114.855485,133.998066,-9360.722011
940.457582,19.142581,172.283227,-9418.149754
940.458209,38.285162,114.855485,-9418.149754
940.458836,133.998066,153.140646,-9399.007173
940.459463,76.570323,114.855485,-9418.149754
940.460090,95.712904,95.712904,-9399.007173
940.460717,133.998066,172.283227,-9494.720077
940.461343,191.425808,76.570323,-9418.149754
940.461970,114.855485,95.712904,-9399.007173
940.462597,38.285162,210.568389,-9418.149754
940.463224,76.570323,114.855485,-9418.149754
940.463851,95.712904,114.855485,-9399.007173
940.464478,95.712904,172.283227,-9418.149754
940.465105,38.285162,210.568389,-9418.149754
940.465732,76.570323,114.855485,-9437.292334
940.466358,76.570323,114.855485,-9418.149754
940.466985,57.427742,133.998066,-9360.722011
940.467612,153.140646,114.855485,-9418.149754
940.468239,172.283227,76.570323,-9418.149754
940.468866,114.855485,114.855485,-9379.864592
940.469493,76.570323,172.283227,-9418.149754
940.470120,133.998066,172.283227,-9418.149754
940.470746,133.998066,153.140646,-9418.149754
940.471373,133.998066,114.855485,-9456.434915
940.472000,133.998066,153.140646,-9418.149754
940.472627,133.998066,114.855485,-9360.722011
940.473254,38.285162,191.425808,-9418.149754
940.473881,76.570323,114.855485,-9437.292334
940.474508,76.570323,153.140646,-9456.434915
940.475134,114.855485,133.998066,-9360.722011
940.475761,133.998066,114.855485,-9418.149754
940.476388,133.998066,114.855485,-9418.149754
940.477015,76.570323,210.568389,-9437.292334
940.477642,133.998066,172.283227,-9456.434915
940.478269,76.570323,114.855485,-9418.149754
940.478896,95.712904,153.140646,-9360.722011
940.479522,38.285162,114.855485,-9418.149754
940.480149,57.427742,133.998066,-9360.722011
940.480776,95.712904,133.998066,-9360.722011
940.481403,76.570323,114.855485,-9418.149754
940.482030,133.998066,114.855485,-9418.149754
940.482657,0.000000,114.855485,-9379.864592
940.483284,95.712904,114.855485,-9418.149754
940.483910,38.285162,153.140646,-9456.434915
940.484537,76.570323,114.855485,-9418.149754
940.485164,38.285162,114.855485,-9360.722011
940.485791,76.570323,153.140646,-9418.149754
940.486418,76.570323,114.855485,-9360.722011
940.487045,95.712904,95.712904,-9379.864592
940.487672,133.998066,133.998066,-9399.007173
940.488299,76.570323,114.855485,-9418.149754
940.488925,38.285162,153.140646,-9418.149754
940.489552,76.570323,114.855485,-9418.149754
940.490179,95.712904,191.425808,-9360.722011
940.490806,57.427742,95.712904,-9399.007173
940.491433,153.140646,114.855485,-9418.149754
940.492060,133.998066,114.855485,-9418.149754
940.492687,133.998066,153.140646,-9418.149754
940.493313,133.998066,210.568389,-9437.292334
940.493940,133.998066,172.283227,-9475.577496
940.494567,133.998066,153.140646,-9399.007173
940.495194,95.712904,172.283227,-9360.722011
940.495821,133.998066,114.855485,-9437.292334
940.496448,172.283227,114.855485,-9494.720077
940.497075,19.142581,210.568389,-9418.149754
940.497701,76.570323,153.140646,-9418.149754
940.498328,76.570323,114.855485,-9418.149754
940.498955,114.855485,191.425808,-9360.722011
940.499582,133.998066,114.855485,-9418.149754
940.500209,114.855485,95.712904,-9399.007173
940.500836,133.998066,133.998066,-9399.007173
940.501463,133.998066,114.855485,-9418.149754
940.502089,76.570323,153.140646,-9418.149754
940.502716,76.570323,172.283227,-9418.149754
940.503343,153.140646,172.283227,-9418.149754
940.503970,114.855485,95.712904,-9399.007173
940.504597,114.855485,133.998066,-9360.722011
940.505224,76.570323,114.855485,-9437.292334
940.505851,38.285162,114.855485,-9418.149754
940.506478,95.712904,95.712904,-9399.007173
940.507104,95.712904,95.712904,-9399.007173
940.507731,76.570323,153.140646,-9418.149754
940.508358,133.998066,172.283227,-9456.434915
940.508985,76.570323,153.140646,-9418.149754
940.509612,133.998066,114.855485,-9475.577496
940.510239,76.570323,114.855485,-9418.149754
940.510866,38.285162,172.283227,-9418.149754
940.511492,133.998066,172.283227,-9418.149754
940.512119,133.998066,114.855485,-9418.149754
940.512746,133.998066,191.425808,-9418.149754
940.513373,95.712904,153.140646,-9418.149754
940.514000,76.570323,114.855485,-9418.149754
940.514627,38.285162,114.855485,-9360.722011
940.515254,133.998066,114.855485,-9418.149754
940.515880,76.570323,114.855485,-9418.149754
940.516507,38.285162,172.283227,-9418.149754
940.517134,76.570323,153.140646,-9418.149754
940.517761,133.998066,114.855485,-9418.149754
940.518388,76.570323,153.140646,-9418.149754
940.519015,95.712904,133.998066,-9360.722011
940.519642,76.570323,114.855485,-9418.149754
940.520268,95.712904,172.283227,-9418.149754
940.520895,38.285162,114.855485,-9418.149754
940.521522,114.855485,153.140646,-9360.722011
940.522149,76.570323,114.855485,-9437.292334
940.522776,76.570323,114.855485,-9418.149754
940.523403,76.570323,114.855485,-9418.149754
940.524030,133.998066,114.855485,-9418.149754
940.524657,153.140646,210.568389,-9399.007173
940.525284,76.570323,114.855485,-9360.722011
940.525912,95.712904,172.283227,-9360.722011
940.526539,38.285162,172.283227,-9418.149754
940.527166,95.712904,114.855485,-9418.149754
940.527793,133.998066,114.855485,-9437.292334
940.528420,76.570323,172.283227,-9418.149754
940.529048,38.285162,210.568389,-9418.149754
940.529675,76.570323,114.855485,-9418.149754
940.530302,133.998066,114.855485,-9418.149754
940.530929,76.570323,172.283227,-9360.722011
940.531556,114.855485,133.998066,-9360.722011
940.532184,153.140646,153.140646,-9399.007173
940.532811,133.998066,191.425808,-9418.149754
940.533438,172.283227,210.568389,-9379.864592
940.534065,133.998066,210.568389,-9418.149754
940.534692,133.998066,133.998066,-9399.007173
940.535320,153.140646,114.855485,-9437.292334
940.535947,114.855485,133.998066,-9341.579430
940.536574,172.283227,114.855485,-9379.864592
940.537201,114.855485,133.998066,-9360.722011
940.537828,133.998066,114.855485,-9437.292334
940.538456,133.998066,114.855485,-9418.149754
940.539083,38.285162,153.140646,-9418.149754
940.539710,76.570323,114.855485,-9418.149754
940.540337,95.712904,133.998066,-9360.722011
940.540964,133.998066,114.855485,-9418.149754
940.541592,57.427742,133.998066,-9360.722011
940.542219,76.570323,114.855485,-9418.149754
940.542846,76.570323,114.855485,-9418.149754
940.543473,38.285162,114.855485,-9418.149754
940.544100,95.712904,95.712904,-9399.007173
940.544728,133.998066,114.855485,-9437.292334
940.545355,76.570323,114.855485,-9418.149754
940.545982,114.855485,133.998066,-9360.722011
940.546609,76.570323,172.283227,-9418.149754
940.547236,76.570323,114.855485,-9418.149754
940.547864,76.570323,114.855485,-9437.292334
940.548491,76.570323,114.855485,-9418.149754
940.549118,95.712904,114.855485,-9456.434915
940.549745,38.285162,114.855485,-9418.149754
940.550372,76.570323,172.283227,-9399.007173
940.551000,133.998066,153.140646,-9418.149754
940.551627,95.712904,153.140646,-9418.149754
940.552254,76.570323,114.855485,-9418.149754
940.552881,133.998066,114.855485,-9437.292334
940.553508,133.998066,172.283227,-9437.292334
940.554136,133.998066,191.425808,-9418.149754
940.554763,95.712904,172.283227,-9360.722011
940.555390,76.570323,172.283227,-9418.149754
940.556017,76.570323,172.283227,-9418.149754
940.556644,76.570323,191.425808,-9418.149754
940.557272,133.998066,153.140646,-9418.149754
940.557899,76.570323,114.855485,-9418.149754
940.558526,76.570323,210.568389,-9418.149754
940.559153,95.712904,153.140646,-9360.722011
940.559780,153.140646,153.140646,-9399.007173
940.560408,38.285162,153.140646,-9418.149754
940.561035,38.285162,114.855485,-9437.292334
940.561662,95.712904,191.425808,-9418.149754
940.562289,133.998066,172.283227,-9418.149754
940.562916,114.855485,133.998066,-9341.579430
940.563544,133.998066,114.855485,-9418.149754
940.564171,133.998066,210.568389,-9418.149754
940.564798,76.570323,114.855485,-9418.149754
940.565425,95.712904,114.855485,-9418.149754
940.566053,133.998066,114.855485,-9418.149754
940.566680,38.285162,210.568389,-9399.007173
940.567307,76.570323,114.855485,-9418.149754
940.567934,95.712904,114.855485,-9437.292334
940.568561,38.285162,114.855485,-9418.149754
940.569189,133.998066,114.855485,-9418.149754
940.569816,38.285162,114.855485,-9418.149754
940.570443,114.855485,76.570323,-9418.149754
940.571070,95.712904,114.855485,-9418.149754
940.571697,38.285162,210.568389,-9456.434915
940.572325,76.570323,114.855485,-9418.149754
940.572952,76.570323,172.283227,-9418.149754
940.573579,76.570323,153.140646,-9418.149754
940.574206,76.570323,114.855485,-9456.434915
940.574833,76.570323,114.855485,-9437.292334
940.575461,133.998066,172.283227,-9418.149754
940.576088,76.570323,172.283227,-9456.434915
940.576715,133.998066,229.710970,-9418.149754
940.577342,76.570323,153.140646,-9418.149754
940.577969,76.570323,172.283227,-9418.149754
940.578597,76.570323,153.140646,-9418.149754
940.579224,153.140646,172.283227,-9437.292334
940.579851,133.998066,210.568389,-9418.149754
940.580478,133.998066,133.998066,-9437.292334
940.581105,95.712904,76.570323,-9379.864592
940.581733,76.570323,114.855485,-9418.149754
940.582360,76.570323,114.855485,-9456.434915
940.582987,153.140646,133.998066,-9399.007173
940.583614,76.570323,114.855485,-9418.149754
940.584241,38.285162,172.283227,-9418.149754
940.584869,76.570323,114.855485,-9456.434915
940.585496,133.998066,114.855485,-9418.149754
940.586123,76.570323,172.283227,-9437.292334
940.586750,76.570323,210.568389,-9418.149754
940.587377,133.998066,172.283227,-9418.149754
940.588005,133.998066,114.855485,-9360.722011
940.588632,114.855485,95.712904,-9399.007173
940.589259,76.570323,153.140646,-9418.149754
940.589886,95.712904,153.140646,-9360.722011
940.590513,95.712904,153.140646,-9360.722011
940.591141,76.570323,153.140646,-9418.149754
940.591768,133.998066,114.855485,-9418.149754
940.592395,114.855485,95.712904,-9399.007173
940.593022,153.140646,153.140646,-9456.434915
940.593649,133.998066,114.855485,-9456.434915
940.594277,76.570323,114.855485,-9418.149754
940.594904,57.427742,133.998066,-9360.722011
940.595531,38.285162,114.855485,-9418.149754
940.596158,95.712904,95.712904,-9399.007173
940.596785,133.998066,153.140646,-9475.577496
940.597413,133.998066,172.283227,-9399.007173
940.598040,133.998066,114.855485,-9418.149754
940.598667,95.712904,95.712904,-9399.007173
940.599294,133.998066,210.568389,-9418.149754
940.599921,76.570323,114.855485,-9437.292334
940.600549,76.570323,153.140646,-9418.149754
940.601176,95.712904,172.283227,-9418.149754
940.601803,133.998066,114.855485,-9418.149754
940.602430,114.855485,153.140646,-9360.722011
940.603057,76.570323,153.140646,-9418.149754
940.603685,95.712904,114.855485,-9437.292334
940.604312,76.570323,95.712904,-9399.007173
940.604939,133.998066,114.855485,-9418.149754
940.605566,76.570323,114.855485,-9418.149754
940.606193,133.998066,114.855485,-9437.292334
940.606821,76.570323,114.855485,-9360.722011
940.607448,114.855485,153.140646,-9360.722011
940.608075,133.998066,114.855485,-9437.292334
940.608702,172.283227,76.570323,-9475.577496
940.609329,76.570323,114.855485,-9418.149754
940.609957,133.998066,153.140646,-9418.149754
940.610584,133.998066,114.855485,-9418.149754
940.611211,133.998066,172.283227,-9418.149754
940.611838,38.285162,114.855485,-9418.149754
940.612465,38.285162,114.855485,-9437.292334
940.613093,133.998066,133.998066,-9399.007173
940.613720,133.998066,210.568389,-9418.149754
940.614347,114.855485,133.998066,-9360.722011
940.614974,76.570323,114.855485,-9418.149754
940.615601,95.712904,95.712904,-9399.007173
940.616229,76.570323,114.855485,-9418.149754
940.616856,76.570323,172.283227,-9437.292334
940.617483,76.570323,153.140646,-9418.149754
940.618110,76.570323,114.855485,-9418.149754
940.618737,95.712904,95.712904,-9399.007173
940.619365,57.427742,172.283227,-9360.722011
940.619992,153.140646,191.425808,-9399.007173
940.620619,114.855485,210.568389,-9360.722011
940.621246,133.998066,153.140646,-9418.149754
940.621873,38.285162,114.855485,-9418.149754
940.622501,76.570323,114.855485,-9360.722011
940.623128,95.712904,172.283227,-9360.722011
940.623755,133.998066,210.568389,-9418.149754
940.624382,133.998066,210.568389,-9418.149754
940.625009,76.570323,114.855485,-9418.149754
940.625636,76.570323,114.855485,-9418.149754
940.626263,153.140646,133.998066,-9456.434915
940.626890,76.570323,114.855485,-9418.149754
940.627517,76.570323,172.283227,-9418.149754
940.628144,114.855485,191.425808,-9341.579430
940.628771,38.285162,114.855485,-9418.149754
940.629398,95.712904,172.283227,-9437.292334
940.630025,38.285162,114.855485,-9418.149754
940.630652,76.570323,114.855485,-9418.149754
940.631279,76.570323,114.855485,-9418.149754
940.631906,95.712904,114.855485,-9456.434915
940.632533,114.855485,95.712904,-9399.007173
940.633160,133.998066,153.140646,-9399.007173
940.633787,133.998066,172.283227,-9418.149754
940.634414,172.283227,172.283227,-9379.864592
940.635041,133.998066,210.568389,-9418.149754
940.635668,114.855485,153.140646,-9360.722011
940.636295,133.998066,114.855485,-9360.722011
940.636922,76.570323,114.855485,-9418.149754
940.637549,133.998066,133.998066,-9437.292334
940.638175,133.998066,114.855485,-9418.149754
940.638802,133.998066,153.140646,-9418.149754
940.639429,133.998066,172.283227,-9418.149754
940.640056,153.140646,133.998066,-9399.007173
940.640683,76.570323,191.425808,-9360.722011
940.641310,133.998066,153.140646,-9437.292334
940.641937,114.855485,95.712904,-9399.007173
940.642564,57.427742,114.855485,-9418.149754
940.643191,76.570323,76.570323,-9379.864592
940.643818,76.570323,114.855485,-9418.149754
940.644445,133.998066,153.140646,-9418.149754
940.645072,133.998066,172.283227,-9418.149754
940.645699,76.570323,114.855485,-9418.149754
940.646326,-19.142581,114.855485,-9379.864592
940.646953,57.427742,133.998066,-9360.722011
940.647580,57.427742,153.140646,-9360.722011
940.648207,133.998066,114.855485,-9418.149754
940.648834,133.998066,153.140646,-9418.149754
940.649461,133.998066,172.283227,-9418.149754
940.650088,114.855485,133.998066,-9360.722011
940.650715,76.570323,114.855485,-9418.149754
940.651342,153.140646,133.998066,-9399.007173
940.651969,153.140646,133.998066,-9456.434915
940.652596,133.998066,172.283227,-9437.292334
940.653223,76.570323,114.855485,-9418.149754
940.653850,76.570323,172.283227,-9437.292334
940.654477,133.998066,172.283227,-9399.007173
940.655104,38.285162,114.855485,-9418.149754
940.655731,76.570323,114.855485,-9418.149754
940.656358,133.998066,114.855485,-9418.149754
940.656985,76.570323,210.568389,-9418.149754
940.657612,38.285162,153.140646,-9418.149754
940.658239,38.285162,114.855485,-9456.434915
940.658866,95.712904,95.712904,-9399.007173
940.659493,133.998066,133.998066,-9399.007173
940.660120,133.998066,114.855485,-9418.149754
940.660747,133.998066,114.855485,-9418.149754
940.661374,95.712904,133.998066,-9360.722011
940.662001,95.712904,133.998066,-9360.722011
940.662628,95.712904,95.712904,-9399.007173
940.663255,76.570323,95.712904,-9379.864592
940.663882,95.712904,133.998066,-9360.722011
940.664509,114.855485,95.712904,-9399.007173
940.665135,114.855485,133.998066,-9360.722011
940.665762,76.570323,153.140646,-9418.149754
940.666389,76.570323,172.283227,-9418.149754
940.667016,95.712904,114.855485,-9418.149754
940.667643,95.712904,95.712904,-9399.007173
940.668270,133.998066,114.855485,-9475.577496
940.668897,133.998066,133.998066,-9399.007173
940.669524,76.570323,114.855485,-9418.149754
940.670151,153.140646,153.140646,-9399.007173
940.670778,172.283227,95.712904,-9399.007173
940.671405,114.855485,133.998066,-9360.722011
940.672032,114.855485,95.712904,-9399.007173
940.672659,95.712904,95.712904,-9399.007173
940.673286,76.570323,114.855485,-9418.149754
940.673913,76.570323,133.998066,-9341.579430
940.674540,114.855485,172.283227,-9418.149754
940.675167,76.570323,172.283227,-9418.149754
940.675794,95.712904,133.998066,-9360.722011
940.676421,95.712904,114.855485,-9418.149754
940.677048,114.855485,76.570323,-9418.149754
940.677675,38.285162,114.855485,-9418.149754
940.678302,133.998066,114.855485,-9360.722011
940.678929,76.570323,114.855485,-9418.149754
940.679556,114.855485,153.140646,-9360.722011
940.680183,76.570323,210.568389,-9418.149754
940.680810,133.998066,153.140646,-9437.292334
940.681437,133.998066,114.855485,-9418.149754
940.682064,38.285162,172.283227,-9418.149754
940.682691,38.285162,153.140646,-9418.149754
940.683318,133.998066,172.283227,-9418.149754
940.683945,76.570323,114.855485,-9418.149754
940.684572,133.998066,114.855485,-9418.149754
940.685199,76.570323,114.855485,-9437.292334
940.685826,76.570323,114.855485,-9418.149754
940.686453,76.570323,153.140646,-9418.149754
940.687080,133.998066,76.570323,-9379.864592
940.687707,76.570323,76.570323,-9379.864592
940.688334,76.570323,114.855485,-9418.149754
940.688961,95.712904,114.855485,-9418.149754
940.689588,95.712904,133.998066,-9360.722011
940.690215,38.285162,172.283227,-9418.149754
940.690842,133.998066,172.283227,-9418.149754
940.691468,133.998066,114.855485,-9418.149754
940.692095,76.570323,114.855485,-9418.149754
940.692722,38.285162,114.855485,-9360.722011
940.693349,114.855485,133.998066,-9360.722011
940.693976,76.570323,191.425808,-9475.577496
940.694603,133.998066,114.855485,-9456.434915
940.695230,133.998066,114.855485,-9418.149754
940.695857,133.998066,114.855485,-9418.149754
940.696484,57.427742,172.283227,-9360.722011
940.697111,76.570323,172.283227,-9418.149754
940.697738,57.427742,95.712904,-9456.434915
940.698365,57.427742,95.712904,-9399.007173
940.698992,133.998066,114.855485,-9418.149754
940.699619,95.712904,133.998066,-9360.722011
940.700246,95.712904,114.855485,-9399.007173
940.700873,38.285162,114.855485,-9418.149754
940.701500,38.285162,114.855485,-9418.149754
940.702127,76.570323,114.855485,-9418.149754
940.702754,38.285162,229.710970,-9456.434915
940.703381,76.570323,153.140646,-9360.722011
940.704008,95.712904,210.568389,-9360.722011
940.704635,133.998066,153.140646,-9437.292334
940.705262,114.855485,133.998066,-9360.722011
940.705889,76.570323,153.140646,-9418.149754
940.706516,38.285162,114.855485,-9418.149754
940.707143,95.712904,153.140646,-9418.149754
940.707770,133.998066,114.855485,-9437.292334
940.708397,153.140646,153.140646,-9379.864592
940.709024,133.998066,172.283227,-9418.149754
940.709651,133.998066,114.855485,-9418.149754
940.710278,38.285162,172.283227,-9418.149754
940.710905,76.570323,153.140646,-9418.149754
940.711532,133.998066,191.425808,-9418.149754
940.712159,57.427742,210.568389,-9418.149754
940.712786,153.140646,172.283227,-9399.007173
940.713413,76.570323,114.855485,-9418.149754
940.714040,76.570323,210.568389,-9418.149754
940.714667,133.998066,114.855485,-9437.292334
940.715294,76.570323,153.140646,-9418.149754
940.715921,76.570323,114.855485,-9360.722011
940.716548,76.570323,114.855485,-9418.149754
940.717175,76.570323,114.855485,-9418.149754
940.717802,133.998066,114.855485,-9418.149754
940.718428,76.570323,114.855485,-9418.149754
940.719055,95.712904,95.712904,-9399.007173
940.719682,133.998066,114.855485,-9418.149754
940.720309,76.570323,153.140646,-9418.149754
940.720936,76.570323,153.140646,-9360.722011
940.721563,0.000000,114.855485,-9399.007173
940.722190,57.427742,133.998066,-9360.722011
940.722817,133.998066,114.855485,-9437.292334
940.723444,76.570323,114.855485,-9418.149754
940.724071,38.285162,153.140646,-9418.149754
940.724699,76.570323,133.998066,-9360.722011
940.725326,76.570323,95.712904,-9399.007173
940.725953,95.712904,133.998066,-9418.149754
940.726581,133.998066,153.140646,-9456.434915
940.727208,76.570323,114.855485,-9456.434915
940.727835,76.570323,114.855485,-9418.149754
940.728462,76.570323,114.855485,-9418.149754
940.729090,38.285162,153.140646,-9418.149754
940.729717,76.570323,172.283227,-9418.149754
940.730344,114.855485,172.283227,-9360.722011
940.730972,114.855485,172.283227,-9360.722011
940.731599,76.570323,172.283227,-9418.149754
940.732226,76.570323,114.855485,-9418.149754
940.732854,133.998066,114.855485,-9418.149754
940.733481,95.712904,114.855485,-9418.149754
940.734108,114.855485,95.712904,-9399.007173
940.734736,95.712904,114.855485,-9379.864592
940.735363,76.570323,153.140646,-9418.149754
940.735990,76.570323,172.283227,-9418.149754
940.736618,57.427742,95.712904,-9456.434915
940.737245,76.570323,114.855485,-9418.149754
940.737872,76.570323,114.855485,-9456.434915
940.738499,76.570323,114.855485,-9418.149754
940.739127,38.285162,114.855485,-9418.149754
940.739754,76.570323,114.855485,-9418.149754
940.740381,76.570323,114.855485,-9418.149754
940.741009,76.570323,114.855485,-9418.149754
940.741636,38.285162,114.855485,-9418.149754
940.742263,95.712904,114.855485,-9418.149754
940.742891,114.855485,133.998066,-9360.722011
940.743518,76.570323,172.283227,-9418.149754
940.744145,210.568389,248.853550,-9379.864592
940.744773,95.712904,153.140646,-9418.149754
940.745400,172.283227,172.283227,-9379.864592
940.746027,153.140646,153.140646,-9399.007173
940.746654,153.140646,133.998066,-9379.864592
940.747282,133.998066,191.425808,-9399.007173
940.747909,153.140646,133.998066,-9456.434915
940.748536,153.140646,133.998066,-9399.007173
940.749164,133.998066,153.140646,-9437.292334
940.749791,133.998066,172.283227,-9437.292334
940.750418,133.998066,172.283227,-9456.434915
940.751046,38.285162,114.855485,-9456.434915
940.751673,76.570323,172.283227,-9456.434915
940.752300,76.570323,191.425808,-9418.149754
940.752928,114.855485,133.998066,-9284.151688
940.753555,76.570323,172.283227,-9418.149754
940.754182,38.285162,153.140646,-9418.149754
940.754810,133.998066,172.283227,-9418.149754
940.755437,133.998066,114.855485,-9418.149754
940.756064,114.855485,153.140646,-9360.722011
940.756691,76.570323,153.140646,-9418.149754
940.757319,133.998066,133.998066,-9437.292334
940.757946,57.427742,133.998066,-9360.722011
940.758573,133.998066,114.855485,-9418.149754
940.759201,76.570323,114.855485,-9418.149754
940.759828,95.712904,95.712904,-9379.864592
940.760455,38.285162,153.140646,-9418.149754
940.761083,38.285162,153.140646,-9418.149754
940.761710,133.998066,153.140646,-9418.149754
940.762337,133.998066,153.140646,-9399.007173
940.762965,114.855485,95.712904,-9437.292334
940.763592,133.998066,114.855485,-9418.149754
940.764219,95.712904,153.140646,-9341.579430
940.764847,133.998066,114.855485,-9418.149754
940.765474,153.140646,153.140646,-9418.149754
940.766101,38.285162,114.855485,-9418.149754
940.766728,38.285162,114.855485,-9418.149754
940.767356,76.570323,114.855485,-9418.149754
940.767983,57.427742,114.855485,-9418.149754
940.768610,76.570323,114.855485,-9418.149754
940.769238,172.283227,76.570323,-9418.149754
940.769865,114.855485,133.998066,-9360.722011
940.770492,76.570323,114.855485,-9418.149754
940.771120,114.855485,133.998066,-9360.722011
940.771747,95.712904,153.140646,-9418.149754
940.772374,133.998066,172.283227,-9456.434915
940.773002,76.570323,114.855485,-9418.149754
940.773629,76.570323,172.283227,-9418.149754
940.774256,133.998066,114.855485,-9418.149754
940.774884,76.570323,114.855485,-9418.149754
940.775511,76.570323,172.283227,-9437.292334
940.776138,76.570323,172.283227,-9360.722011
940.776765,76.570323,172.283227,-9456.434915
940.777393,57.427742,133.998066,-9360.722011
940.778020,76.570323,172.283227,-9456.434915
940.778647,95.712904,95.712904,-9456.434915
940.779275,133.998066,114.855485,-9456.434915
940.779902,133.998066,114.855485,-9456.434915
940.780529,95.712904,95.712904,-9456.434915
940.781157,133.998066,114.855485,-9418.149754
940.781784,133.998066,114.855485,-9418.149754
940.782411,133.998066,172.283227,-9418.149754
940.783039,57.427742,153.140646,-9360.722011
940.783666,133.998066,114.855485,-9418.149754
940.784293,95.712904,114.855485,-9418.149754
940.784921,133.998066,172.283227,-9437.292334
940.785548,76.570323,114.855485,-9418.149754
940.786175,0.000000,95.712904,-9399.007173
940.786802,57.427742,95.712904,-9399.007173
940.787430,76.570323,153.140646,-9418.149754
940.788057,76.570323,114.855485,-9418.149754
940.788684,76.570323,191.425808,-9418.149754
940.789312,133.998066,114.855485,-9418.149754
940.789939,57.427742,95.712904,-9399.007173
940.790566,76.570323,114.855485,-9418.149754
940.791194,133.998066,114.855485,-9418.149754
940.791821,76.570323,153.140646,-9418.149754
940.792448,76.570323,114.855485,-9456.434915
940.793076,114.855485,95.712904,-9399.007173
940.793703,133.998066,153.140646,-9418.149754
940.794330,95.712904,133.998066,-9360.722011
940.794957,38.285162,114.855485,-9418.149754
940.795585,114.855485,172.283227,-9379.864592
940.796212,95.712904,95.712904,-9399.007173
940.796839,38.285162,153.140646,-9437.292334
940.797467,133.998066,133.998066,-9399.007173
940.798094,38.285162,114.855485,-9418.149754
940.798721,38.285162,114.855485,-9418.149754
940.799349,133.998066,172.283227,-9399.007173
940.799976,76.570323,114.855485,-9437.292334
940.800603,76.570323,114.855485,-9418.149754
940.801231,95.712904,133.998066,-9418.149754
940.801858,153.140646,114.855485,-9418.149754
940.802485,133.998066,114.855485,-9456.434915
940.803113,76.570323,114.855485,-9418.149754
940.803740,133.998066,153.140646,-9399.007173
940.804367,133.998066,133.998066,-9399.007173
940.804994,95.712904,133.998066,-9360.722011
940.805622,76.570323,210.568389,-9418.149754
940.806249,76.570323,114.855485,-9418.149754
940.806876,133.998066,114.855485,-9418.149754
940.807504,76.570323,172.283227,-9437.292334
940.808131,133.998066,153.140646,-9399.007173
940.808758,76.570323,114.855485,-9418.149754
940.809386,95.712904,172.283227,-9360.722011
940.810013,133.998066,114.855485,-9418.149754
940.810640,76.570323,114.855485,-9418.149754
940.811268,76.570323,210.568389,-9437.292334
940.811895,153.140646,172.283227,-9399.007173
940.812522,57.427742,133.998066,-9360.722011
940.813150,133.998066,114.855485,-9437.292334
940.813777,57.427742,114.855485,-9475.577496
940.814404,133.998066,114.855485,-9456.434915
940.815031,153.140646,153.140646,-9399.007173
940.815659,133.998066,172.283227,-9399.007173
940.816286,133.998066,114.855485,-9418.149754
940.816913,114.855485,153.140646,-9360.722011
940.817541,76.570323,153.140646,-9418.149754
940.818168,38.285162,114.855485,-9418.149754
940.818795,76.570323,114.855485,-9437.292334
940.819423,133.998066,114.855485,-9418.149754
940.820050,133.998066,114.855485,-9418.149754
940.820677,133.998066,95.712904,-9360.722011
940.821305,153.140646,153.140646,-9399.007173
940.821932,133.998066,114.855485,-9360.722011
940.822559,133.998066,153.140646,-9399.007173
940.823187,133.998066,114.855485,-9418.149754
940.823814,76.570323,114.855485,-9418.149754
940.824441,95.712904,95.712904,-9456.434915
940.825069,38.285162,114.855485,-9418.149754
940.825697,133.998066,114.855485,-9418.149754
940.826325,76.570323,114.855485,-9418.149754
940.826952,57.427742,95.712904,-9494.720077
940.827580,133.998066,172.283227,-9399.007173
940.828208,133.998066,114.855485,-9418.149754
940.828836,133.998066,172.283227,-9418.149754
940.829464,114.855485,133.998066,-9418.149754
940.830092,76.570323,114.855485,-9418.149754
940.830719,153.140646,95.712904,-9360.722011
940.831347,76.570323,114.855485,-9437.292334
940.831975,95.712904,114.855485,-9418.149754
940.832603,114.855485,133.998066,-9360.722011
940.833231,76.570323,114.855485,-9418.149754
940.833859,133.998066,153.140646,-9399.007173
940.834486,133.998066,172.283227,-9418.149754
940.835114,76.570323,114.855485,-9418.149754
940.835742,76.570323,114.855485,-9418.149754
940.836370,95.712904,114.855485,-9418.149754
940.836998,76.570323,114.855485,-9418.149754
940.837625,153.140646,153.140646,-9399.007173
940.838253,76.570323,172.283227,-9418.149754
940.838881,95.712904,210.568389,-9360.722011
940.839509,133.998066,114.855485,-9418.149754
940.840137,76.570323,153.140646,-9418.149754
940.840765,133.998066,114.855485,-9437.292334
940.841392,114.855485,114.855485,-9399.007173
940.842020,114.855485,172.283227,-9399.007173
940.842648,153.140646,153.140646,-9475.577496
940.843276,76.570323,114.855485,-9456.434915
940.843904,153.140646,153.140646,-9437.292334
940.844532,153.140646,114.855485,-9418.149754
940.845159,153.140646,248.853550,-9399.007173
940.845787,114.855485,191.425808,-9360.722011
940.846415,153.140646,210.568389,-9399.007173
940.847043,133.998066,210.568389,-9418.149754
940.847671,76.570323,153.140646,-9418.149754
940.848298,95.712904,114.855485,-9418.149754
940.848926,38.285162,153.140646,-9418.149754
940.849554,153.140646,133.998066,-9399.007173
940.850182,133.998066,114.855485,-9418.149754
940.850810,133.998066,114.855485,-9456.434915
940.851438,133.998066,153.140646,-9418.149754
940.852065,133.998066,114.855485,-9418.149754
940.852693,57.427742,95.712904,-9456.434915
940.853321,133.998066,153.140646,-9456.434915
940.853949,133.998066,153.140646,-9418.149754
940.854577,76.570323,153.140646,-9360.722011
940.855205,76.570323,172.283227,-9418.149754
940.855832,95.712904,153.140646,-9341.579430
940.856460,76.570323,210.568389,-9456.434915
940.857088,95.712904,172.283227,-9360.722011
940.857716,38.285162,153.140646,-9418.149754
940.858344,38.285162,172.283227,-9418.149754
940.858971,38.285162,114.855485,-9418.149754
940.859599,114.855485,95.712904,-9399.007173
940.860227,133.998066,114.855485,-9437.292334
940.860855,76.570323,114.855485,-9418.149754
940.861483,133.998066,114.855485,-9418.149754
940.862111,76.570323,114.855485,-9437.292334
940.862738,76.570323,229.710970,-9418.149754
940.863366,76.570323,114.855485,-9360.722011
940.863994,133.998066,153.140646,-9418.149754
940.864622,76.570323,114.855485,-9418.149754
940.865250,76.570323,153.140646,-9418.149754
940.865878,19.142581,114.855485,-9418.149754
940.866505,38.285162,172.283227,-9418.149754
940.867133,95.712904,191.425808,-9360.722011
940.867761,133.998066,153.140646,-9418.149754
940.868389,57.427742,133.998066,-9360.722011
940.869017,95.712904,95.712904,-9399.007173
940.869644,114.855485,133.998066,-9360.722011
940.870272,76.570323,114.855485,-9360.722011
940.870900,76.570323,114.855485,-9437.292334
940.871528,133.998066,114.855485,-9418.149754
940.872156,153.140646,114.855485,-9418.149754
940.872784,133.998066,133.998066,-9399.007173
940.873411,172.283227,133.998066,-9437.292334
940.874039,76.570323,172.283227,-9456.434915
940.874667,114.855485,114.855485,-9399.007173
940.875295,76.570323,114.855485,-9418.149754
940.875923,76.570323,114.855485,-9418.149754
940.876551,76.570323,114.855485,-9418.149754
940.877178,114.855485,133.998066,-9360.722011
940.877806,133.998066,114.855485,-9418.149754
940.878434,114.855485,133.998066,-9360.722011
940.879062,76.570323,114.855485,-9418.149754
940.879690,95.712904,210.568389,-9418.149754
940.880317,76.570323,153.140646,-9418.149754
940.880945,133.998066,210.568389,-9418.149754
940.881573,38.285162,153.140646,-9418.149754
940.882201,76.570323,133.998066,-9322.436850
940.882829,114.855485,172.283227,-9360.722011
940.883457,76.570323,153.140646,-9418.149754
940.884084,76.570323,172.283227,-9418.149754
940.884712,38.285162,153.140646,-9418.149754
940.885340,133.998066,114.855485,-9456.434915
940.885968,76.570323,210.568389,-9418.149754
940.886596,76.570323,114.855485,-9418.149754
940.887224,133.998066,153.140646,-9418.149754
940.887851,133.998066,114.855485,-9418.149754
940.888479,133.998066,114.855485,-9418.149754
940.889107,133.998066,114.855485,-9418.149754
940.889735,133.998066,191.425808,-9399.007173
940.890363,76.570323,76.570323,-9379.864592
940.890991,133.998066,114.855485,-9456.434915
940.891618,133.998066,133.998066,-9437.292334
940.892246,153.140646,133.998066,-9379.864592
940.892874,133.998066,114.855485,-9418.149754
940.893502,95.712904,172.283227,-9360.722011
940.894130,133.998066,172.283227,-9418.149754
940.894757,114.855485,172.283227,-9360.722011
940.895385,76.570323,172.283227,-9418.149754
940.896013,95.712904,172.283227,-9456.434915
940.896641,76.570323,114.855485,-9437.292334
940.897269,95.712904,114.855485,-9437.292334
940.897897,76.570323,114.855485,-9418.149754
940.898524,76.570323,172.283227,-9418.149754
940.899152,133.998066,114.855485,-9418.149754
940.899780,133.998066,172.283227,-9418.149754
940.900408,172.283227,76.570323,-9418.149754
940.901036,114.855485,114.855485,-9399.007173
940.901664,95.712904,133.998066,-9360.722011
940.902291,38.285162,172.283227,-9533.005238
940.902919,76.570323,114.855485,-9437.292334
940.903547,57.427742,95.712904,-9437.292334
940.904175,38.285162,114.855485,-9418.149754
940.904803,95.712904,114.855485,-9418.149754
940.905430,133.998066,153.140646,-9360.722011
940.906058,95.712904,95.712904,-9399.007173
940.906686,57.427742,114.855485,-9399.007173
940.907314,76.570323,153.140646,-9418.149754
940.907942,76.570323,133.998066,-9360.722011
940.908570,133.998066,114.855485,-9456.434915
940.909197,133.998066,114.855485,-9418.149754
940.909825,95.712904,95.712904,-9456.434915
940.910453,133.998066,172.283227,-9418.149754
940.911081,153.140646,133.998066,-9399.007173
940.911709,133.998066,248.853550,-9456.434915
940.912337,95.712904,172.283227,-9456.434915
940.912964,133.998066,172.283227,-9437.292334
940.913592,133.998066,133.998066,-9456.434915
940.914220,76.570323,114.855485,-9418.149754
940.914848,133.998066,114.855485,-9418.149754
940.915476,76.570323,114.855485,-9437.292334
940.916103,76.570323,133.998066,-9360.722011
940.916731,133.998066,133.998066,-9399.007173
940.917359,153.140646,133.998066,-9399.007173
940.917987,153.140646,133.998066,-9456.434915
940.918615,133.998066,95.712904,-9360.722011
940.919243,95.712904,95.712904,-9399.007173
940.919870,76.570323,114.855485,-9418.149754
940.920498,133.998066,191.425808,-9399.007173
940.921126,57.427742,172.283227,-9360.722011
940.921754,57.427742,133.998066,-9360.722011
940.922382,95.712904,114.855485,-9418.149754
940.923010,153.140646,95.712904,-9360.722011
940.923637,133.998066,133.998066,-9399.007173
940.924265,95.712904,153.140646,-9418.149754
940.924893,76.570323,114.855485,-9418.149754
940.925521,76.570323,153.140646,-9418.149754
940.926148,76.570323,114.855485,-9418.149754
940.926776,133.998066,114.855485,-9418.149754
940.927403,133.998066,172.283227,-9418.149754
940.928031,133.998066,172.283227,-9418.149754
940.928658,76.570323,153.140646,-9418.149754
940.929286,38.285162,114.855485,-9418.149754
940.929913,114.855485,153.140646,-9360.722011
940.930541,76.570323,114.855485,-9418.149754
940.931169,133.998066,114.855485,-9418.149754
940.931796,172.283227,114.855485,-9379.864592
940.932424,76.570323,172.283227,-9360.722011
940.933051,133.998066,114.855485,-9360.722011
940.933679,95.712904,133.998066,-9341.579430
940.934306,76.570323,172.283227,-9456.434915
940.934934,76.570323,172.283227,-9418.149754
940.935561,38.285162,172.283227,-9418.149754
940.936189,76.570323,153.140646,-9418.149754
940.936817,114.855485,114.855485,-9399.007173
940.937444,133.998066,114.855485,-9418.149754
940.938072,95.712904,133.998066,-9360.722011
940.938699,76.570323,172.283227,-9418.149754
940.939327,76.570323,172.283227,-9456.434915
940.939954,133.998066,153.140646,-9437.292334
940.940582,76.570323,114.855485,-9418.149754
940.941209,153.140646,133.998066,-9379.864592
940.941837,95.712904,114.855485,-9418.149754
940.942465,133.998066,172.283227,-9418.149754
940.943092,133.998066,114.855485,-9456.434915
940.943720,95.712904,172.283227,-9360.722011
940.944347,76.570323,114.855485,-9418.149754
940.944975,153.140646,133.998066,-9399.007173
940.945602,76.570323,114.855485,-9437.292334
940.946230,76.570323,172.283227,-9360.722011
940.946857,76.570323,210.568389,-9418.149754
940.947485,133.998066,114.855485,-9418.149754
940.948113,76.570323,95.712904,-9399.007173
940.948740,76.570323,114.855485,-9418.149754
940.949368,133.998066,76.570323,-9379.864592
940.949995,133.998066,210.568389,-9399.007173
940.950623,95.712904,95.712904,-9399.007173
940.951250,38.285162,114.855485,-9418.149754
940.951878,114.855485,133.998066,-9360.722011
940.952505,76.570323,153.140646,-9418.149754
940.953133,133.998066,114.855485,-9418.149754
940.953761,133.998066,114.855485,-9418.149754
940.954388,133.998066,191.425808,-9456.434915
940.955016,133.998066,114.855485,-9418.149754
940.955643,57.427742,95.712904,-9399.007173
940.956271,95.712904,114.855485,-9418.149754
940.956898,133.998066,172.283227,-9418.149754
940.957526,76.570323,114.855485,-9418.149754
940.958153,38.285162,172.283227,-9360.722011
940.958781,38.285162,114.855485,-9418.149754
940.959409,76.570323,114.855485,-9456.434915
940.960036,114.855485,191.425808,-9360.722011
940.960664,38.285162,114.855485,-9418.149754
940.961291,38.285162,114.855485,-9418.149754
940.961919,133.998066,153.140646,-9418.149754
940.962546,76.570323,114.855485,-9418.149754
940.963174,172.283227,133.998066,-9360.722011
940.963801,133.998066,133.998066,-9399.007173
940.964429,114.855485,95.712904,-9399.007173
940.965057,153.140646,114.855485,-9418.149754
940.965684,153.140646,153.140646,-9437.292334
940.966312,153.140646,191.425808,-9399.007173
940.966939,133.998066,153.140646,-9418.149754
940.967567,114.855485,95.712904,-9399.007173
940.968194,133.998066,114.855485,-9437.292334
940.968822,38.285162,191.425808,-9418.149754
940.969449,76.570323,114.855485,-9456.434915
940.970077,76.570323,114.855485,-9418.149754
940.970705,57.427742,114.855485,-9399.007173
940.971332,57.427742,133.998066,-9360.722011
940.971960,76.570323,76.570323,-9379.864592
940.972587,114.855485,95.712904,-9399.007173
940.973215,133.998066,114.855485,-9418.149754
940.973842,95.712904,191.425808,-9360.722011
940.974470,38.285162,172.283227,-9437.292334
940.975097,76.570323,114.855485,-9418.149754
940.975725,114.855485,191.425808,-9379.864592
940.976353,95.712904,153.140646,-9360.722011
940.976980,114.855485,172.283227,-9360.722011
940.977608,153.140646,153.140646,-9399.007173
940.978235,133.998066,114.855485,-9418.149754
940.978863,38.285162,114.855485,-9418.149754
940.979490,57.427742,95.712904,-9399.007173
940.980118,172.283227,76.570323,-9418.149754
940.980745,38.285162,114.855485,-9418.149754
940.981373,76.570323,172.283227,-9418.149754
940.982001,114.855485,191.425808,-9360.722011
940.982628,38.285162,153.140646,-9418.149754
940.983256,114.855485,153.140646,-9360.722011
940.983883,76.570323,114.855485,-9456.434915
940.984511,38.285162,114.855485,-9456.434915
940.985138,76.570323,114.855485,-9418.149754
940.985766,57.427742,133.998066,-9360.722011
940.986393,38.285162,114.855485,-9456.434915
940.987021,133.998066,114.855485,-9418.149754
940.987649,133.998066,114.855485,-9418.149754
940.988276,133.998066,153.140646,-9399.007173
940.988904,95.712904,95.712904,-9399.007173
940.989531,57.427742,133.998066,-9360.722011
940.990159,133.998066,114.855485,-9418.149754
940.990786,76.570323,114.855485,-9437.292334
940.991414,38.285162,114.855485,-9456.434915
940.992041,95.712904,95.712904,-9399.007173
940.992669,76.570323,114.855485,-9418.149754
940.993297,38.285162,114.855485,-9418.149754
940.993924,133.998066,172.283227,-9418.149754
940.994552,76.570323,210.568389,-9418.149754
940.995179,114.855485,133.998066,-9360.722011
940.995807,38.285162,210.568389,-9418.149754
940.996434,38.285162,153.140646,-9418.149754
940.997062,133.998066,153.140646,-9418.149754
940.997689,57.427742,114.855485,-9418.149754
940.998317,38.285162,191.425808,-9418.149754
940.998945,114.855485,95.712904,-9399.007173
940.999572,38.285162,114.855485,-9437.292334
941.000200,76.570323,114.855485,-9437.292334
941.000827,133.998066,76.570323,-9379.864592
941.001455,95.712904,95.712904,-9399.007173
941.002082,76.570323,114.855485,-9418.149754
941.002710,133.998066,76.570323,-9379.864592
941.003337,76.570323,114.855485,-9456.434915
941.003965,76.570323,114.855485,-9418.149754
941.004593,133.998066,172.283227,-9399.007173
941.005220,153.140646,210.568389,-9437.292334
941.005848,76.570323,172.283227,-9418.149754
941.006475,76.570323,114.855485,-9418.149754
941.007103,114.855485,95.712904,-9399.007173
941.007730,133.998066,210.568389,-9475.577496
941.008358,133.998066,114.855485,-9418.149754
941.008985,172.283227,114.855485,-9379.864592
941.009613,114.855485,95.712904,-9379.864592
941.010241,95.712904,133.998066,-9341.579430
941.010868,114.855485,95.712904,-9399.007173
941.011496,95.712904,114.855485,-9418.149754
941.012123,76.570323,114.855485,-9360.722011
941.012751,76.570323,172.283227,-9418.149754
941.013378,38.285162,114.855485,-9475.577496
941.014006,133.998066,153.140646,-9418.149754
941.014633,76.570323,153.140646,-9418.149754
941.015261,76.570323,153.140646,-9418.149754
941.015889,114.855485,76.570323,-9418.149754
941.016516,153.140646,133.998066,-9399.007173
941.017144,76.570323,76.570323,-9379.864592
941.017771,95.712904,133.998066,-9360.722011
941.018399,38.285162,114.855485,-9456.434915
941.019026,133.998066,114.855485,-9418.149754
941.019654,95.712904,95.712904,-9399.007173
941.020281,95.712904,114.855485,-9418.149754
941.020909,133.998066,172.283227,-9437.292334
941.021537,76.570323,114.855485,-9418.149754
941.022164,95.712904,133.998066,-9360.722011
941.022792,76.570323,153.140646,-9437.292334
941.023419,76.570323,114.855485,-9418.149754
941.024047,95.712904,114.855485,-9418.149754
941.024674,76.570323,114.855485,-9360.722011
941.025302,76.570323,210.568389,-9418.149754
941.025929,95.712904,191.425808,-9360.722011
941.026557,76.570323,114.855485,-9456.434915
941.027185,76.570323,114.855485,-9456.434915
941.027812,76.570323,114.855485,-9418.149754
941.028440,76.570323,210.568389,-9418.149754
941.029067,95.712904,210.568389,-9418.149754
941.029695,153.140646,133.998066,-9379.864592
941.030322,76.570323,114.855485,-9418.149754
941.030950,38.285162,114.855485,-9418.149754
941.031577,133.998066,229.710970,-9418.149754
941.032205,38.285162,153.140646,-9418.149754
941.032832,153.140646,210.568389,-9418.149754
941.033460,76.570323,210.568389,-9360.722011
941.034088,57.427742,210.568389,-9418.149754
941.034715,133.998066,172.283227,-9494.720077
941.035343,76.570323,172.283227,-9360.722011
941.035970,133.998066,114.855485,-9456.434915
941.036598,76.570323,172.283227,-9418.149754
941.037225,172.283227,114.855485,-9399.007173
941.037853,95.712904,114.855485,-9418.149754
941.038480,76.570323,172.283227,-9418.149754
941.039108,114.855485,191.425808,-9360.722011
941.039736,76.570323,210.568389,-9418.149754
941.040363,133.998066,114.855485,-9418.149754
941.040991,76.570323,114.855485,-9418.149754
941.041618,76.570323,153.140646,-9418.149754
941.042246,114.855485,114.855485,-9399.007173
941.042873,76.570323,114.855485,-9418.149754
941.043501,153.140646,133.998066,-9437.292334
941.044128,76.570323,114.855485,-9418.149754
941.044756,133.998066,133.998066,-9399.007173
941.045383,76.570323,114.855485,-9418.149754
941.046011,133.998066,114.855485,-9437.292334
941.046639,76.570323,114.855485,-9418.149754
941.047266,38.285162,172.283227,-9437.292334
941.047894,133.998066,210.568389,-9418.149754
941.048521,153.140646,153.140646,-9399.007173
941.049149,153.140646,191.425808,-9399.007173
941.049776,57.427742,153.140646,-9360.722011
941.050404,153.140646,153.140646,-9399.007173
941.051031,76.570323,114.855485,-9437.292334
941.051659,38.285162,114.855485,-9418.149754
941.052286,76.570323,114.855485,-9418.149754
941.052914,133.998066,114.855485,-9418.149754
941.053542,76.570323,114.855485,-9399.007173
941.054169,133.998066,114.855485,-9418.149754
941.054797,133.998066,114.855485,-9437.292334
941.055424,57.427742,153.140646,-9418.149754
941.056052,133.998066,114.855485,-9360.722011
941.056679,133.998066,95.712904,-9360.722011
941.057307,76.570323,114.855485,-9437.292334
941.057934,19.142581,114.855485,-9418.149754
941.058562,133.998066,229.710970,-9456.434915
941.059189,76.570323,191.425808,-9418.149754
941.059817,38.285162,172.283227,-9475.577496
941.060445,38.285162,153.140646,-9418.149754
941.061072,38.285162,133.998066,-9399.007173
941.061700,38.285162,172.283227,-9456.434915
941.062327,133.998066,153.140646,-9418.149754
941.062955,133.998066,172.283227,-9418.149754
941.063582,133.998066,114.855485,-9418.149754
941.064210,114.855485,248.853550,-9360.722011
941.064837,76.570323,114.855485,-9418.149754
941.065465,133.998066,114.855485,-9437.292334
941.066092,76.570323,172.283227,-9418.149754
941.066720,133.998066,172.283227,-9418.149754
941.067348,133.998066,229.710970,-9418.149754
941.067975,95.712904,153.140646,-9360.722011
941.068603,76.570323,172.283227,-9437.292334
941.069230,95.712904,114.855485,-9418.149754
941.069858,38.285162,172.283227,-9418.149754
941.070485,76.570323,172.283227,-9418.149754
941.071113,172.283227,153.140646,-9379.864592
941.071740,76.570323,172.283227,-9418.149754
941.072368,95.712904,153.140646,-9418.149754
941.072996,76.570323,76.570323,-9379.864592
941.073623,133.998066,172.283227,-9360.722011
941.074251,76.570323,153.140646,-9418.149754
941.074878,133.998066,172.283227,-9456.434915
941.075506,95.712904,95.712904,-9399.007173
941.076133,114.855485,191.425808,-9360.722011
941.076761,76.570323,172.283227,-9437.292334
941.077388,76.570323,153.140646,-9437.292334
941.078016,95.712904,95.712904,-9456.434915
941.078643,95.712904,133.998066,-9418.149754
941.079271,76.570323,114.855485,-9418.149754
941.079899,95.712904,153.140646,-9418.149754
941.080526,0.000000,114.855485,-9456.434915
941.081154,133.998066,210.568389,-9418.149754
941.081781,76.570323,229.710970,-9418.149754
941.082409,133.998066,229.710970,-9418.149754
941.083036,133.998066,210.568389,-9418.149754
941.083664,133.998066,153.140646,-9418.149754
941.084291,95.712904,95.712904,-9437.292334
941.084919,38.285162,114.855485,-9418.149754
941.085546,76.570323,114.855485,-9418.149754
941.086174,133.998066,210.568389,-9418.149754
941.086802,76.570323,114.855485,-9418.149754
941.087429,76.570323,172.283227,-9418.149754
941.088057,76.570323,114.855485,-9456.434915
941.088684,133.998066,114.855485,-9418.149754
941.089312,133.998066,114.855485,-9418.149754
941.089939,76.570323,114.855485,-9418.149754
941.090567,76.570323,172.283227,-9418.149754
941.091194,95.712904,133.998066,-9360.722011
941.091822,76.570323,114.855485,-9418.149754
941.092449,76.570323,114.855485,-9418.149754
941.093077,133.998066,153.140646,-9418.149754
941.093705,38.285162,114.855485,-9360.722011
941.094332,133.998066,114.855485,-9456.434915
941.094960,95.712904,153.140646,-9418.149754
941.095587,133.998066,133.998066,-9399.007173
941.096215,76.570323,210.568389,-9456.434915
941.096842,133.998066,172.283227,-9418.149754
941.097470,133.998066,153.140646,-9360.722011
941.098097,38.285162,172.283227,-9418.149754
941.098725,76.570323,172.283227,-9418.149754
941.099352,133.998066,114.855485,-9418.149754
941.099980,76.570323,114.855485,-9418.149754
941.100608,76.570323,172.283227,-9418.149754
941.101235,38.285162,172.283227,-9533.005238
941.101863,133.998066,114.855485,-9418.149754
941.102490,133.998066,172.283227,-9456.434915
941.103118,114.855485,95.712904,-9456.434915
941.103745,133.998066,114.855485,-9418.149754
941.104373,172.283227,114.855485,-9379.864592
941.105000,76.570323,153.140646,-9418.149754
941.105628,95.712904,133.998066,-9360.722011
941.106256,133.998066,210.568389,-9418.149754
941.106883,76.570323,210.568389,-9418.149754
941.107511,38.285162,114.855485,-9437.292334
941.108138,133.998066,133.998066,-9399.007173
941.108766,114.855485,114.855485,-9379.864592
941.109393,95.712904,133.998066,-9360.722011
941.110021,153.140646,95.712904,-9360.722011
941.110648,38.285162,76.570323,-9322.436850
941.111276,76.570323,153.140646,-9418.149754
941.111903,38.285162,153.140646,-9360.722011
941.112531,95.712904,133.998066,-9360.722011
941.113159,95.712904,114.855485,-9418.149754
941.113786,133.998066,153.140646,-9418.149754
941.114414,57.427742,153.140646,-9418.149754
941.115041,76.570323,114.855485,-9456.434915
941.115669,133.998066,133.998066,-9399.007173
941.116296,153.140646,153.140646,-9399.007173
941.116924,76.570323,191.425808,-9418.149754
941.117551,95.712904,133.998066,-9360.722011
941.118179,76.570323,114.855485,-9418.149754
941.118806,133.998066,114.855485,-9418.149754
941.119434,133.998066,114.855485,-9418.149754
941.120062,133.998066,114.855485,-9456.434915
941.120689,95.712904,95.712904,-9456.434915
941.121317,76.570323,114.855485,-9475.577496
941.121944,133.998066,114.855485,-9418.149754
941.122572,95.712904,153.140646,-9360.722011
941.123199,76.570323,114.855485,-9418.149754
941.123827,133.998066,114.855485,-9418.149754
941.124454,76.570323,133.998066,-9360.722011
941.125082,172.283227,76.570323,-9418.149754
941.125709,95.712904,76.570323,-9379.864592
941.126337,76.570323,114.855485,-9360.722011
941.126964,76.570323,114.855485,-9418.149754
941.127592,114.855485,133.998066,-9533.005238
941.128219,133.998066,229.710970,-9475.577496
941.128846,76.570323,114.855485,-9456.434915
941.129474,76.570323,172.283227,-9418.149754
941.130101,38.285162,114.855485,-9418.149754
941.130729,133.998066,114.855485,-9418.149754
941.131356,114.855485,133.998066,-9360.722011
941.131983,95.712904,95.712904,-9379.864592
941.132611,114.855485,114.855485,-9399.007173
941.133238,38.285162,172.283227,-9418.149754
941.133866,76.570323,229.710970,-9437.292334
941.134493,133.998066,210.568389,-9399.007173
941.135120,133.998066,114.855485,-9418.149754
941.135748,38.285162,114.855485,-9418.149754
941.136375,133.998066,114.855485,-9418.149754
941.137003,38.285162,172.283227,-9418.149754
941.137630,95.712904,153.140646,-9418.149754
941.138257,95.712904,95.712904,-9456.434915
941.138885,57.427742,95.712904,-9399.007173
941.139512,133.998066,172.283227,-9360.722011
941.140140,114.855485,153.140646,-9360.722011
941.140767,114.855485,133.998066,-9360.722011
941.141394,133.998066,133.998066,-9437.292334
941.142022,76.570323,172.283227,-9418.149754
941.142649,95.712904,191.425808,-9341.579430
941.143277,133.998066,210.568389,-9418.149754
941.143904,76.570323,114.855485,-9418.149754
941.144531,76.570323,172.283227,-9418.149754
941.145159,76.570323,172.283227,-9418.149754
941.145786,76.570323,114.855485,-9418.149754
941.146414,114.855485,133.998066,-9360.722011
941.147041,133.998066,133.998066,-9399.007173
941.147668,114.855485,153.140646,-9360.722011
941.148296,133.998066,114.855485,-9418.149754
941.148923,76.570323,172.283227,-9418.149754
941.149551,114.855485,133.998066,-9360.722011
941.150178,76.570323,172.283227,-9418.149754
941.150805,133.998066,210.568389,-9418.149754
941.151433,133.998066,114.855485,-9418.149754
941.152060,57.427742,153.140646,-9360.722011
941.152688,76.570323,114.855485,-9360.722011
941.153315,172.283227,172.283227,-9379.864592
941.153942,76.570323,153.140646,-9418.149754
941.154570,76.570323,114.855485,-9418.149754
941.155197,76.570323,114.855485,-9418.149754
941.155825,133.998066,172.283227,-9418.149754
941.156452,153.140646,153.140646,-9437.292334
941.157079,38.285162,153.140646,-9456.434915
941.157707,95.712904,114.855485,-9437.292334
941.158334,133.998066,133.998066,-9399.007173
941.158962,38.285162,210.568389,-9418.149754
941.159589,76.570323,191.425808,-9437.292334
941.160216,95.712904,95.712904,-9399.007173
941.160844,57.427742,191.425808,-9360.722011
941.161471,38.285162,153.140646,-9418.149754
941.162098,133.998066,133.998066,-9399.007173
941.162726,76.570323,210.568389,-9360.722011
941.163353,133.998066,114.855485,-9418.149754
941.163981,114.855485,114.855485,-9379.864592
941.164608,76.570323,114.855485,-9418.149754
941.165235,0.000000,153.140646,-9360.722011
941.165863,76.570323,172.283227,-9360.722011
941.166490,76.570323,114.855485,-9456.434915
941.167118,95.712904,95.712904,-9399.007173
941.167745,133.998066,153.140646,-9418.149754
941.168372,38.285162,153.140646,-9418.149754
941.169000,133.998066,210.568389,-9418.149754
941.169627,76.570323,114.855485,-9456.434915
941.170255,153.140646,153.140646,-9399.007173
941.170882,76.570323,114.855485,-9437.292334
941.171509,38.285162,76.570323,-9379.864592
941.172137,133.998066,114.855485,-9456.434915
941.172764,76.570323,153.140646,-9456.434915
941.173392,38.285162,172.283227,-9418.149754
941.174019,114.855485,76.570323,-9418.149754
941.174646,133.998066,114.855485,-9418.149754
941.175274,133.998066,114.855485,-9418.149754
941.175901,133.998066,133.998066,-9399.007173
941.176529,133.998066,114.855485,-9456.434915
941.177156,76.570323,133.998066,-9399.007173
941.177783,57.427742,114.855485,-9418.149754
941.178411,95.712904,114.855485,-9399.007173
941.179038,95.712904,172.283227,-9418.149754
941.179666,76.570323,114.855485,-9418.149754
941.180293,76.570323,114.855485,-9418.149754
941.180920,133.998066,76.570323,-9379.864592
941.181548,114.855485,210.568389,-9399.007173
941.182175,172.283227,114.855485,-9322.436850
941.182803,114.855485,95.712904,-9399.007173
941.183430,76.570323,114.855485,-9418.149754
941.184057,133.998066,114.855485,-9418.149754
941.184685,153.140646,133.998066,-9399.007173
941.185312,114.855485,95.712904,-9399.007173
941.185940,38.285162,114.855485,-9418.149754
941.186567,57.427742,133.998066,-9360.722011
941.187194,95.712904,153.140646,-9379.864592
941.187822,38.285162,210.568389,-9418.149754
941.188449,95.712904,133.998066,-9360.722011
941.189077,76.570323,114.855485,-9418.149754
941.189704,133.998066,114.855485,-9418.149754
941.190331,153.140646,133.998066,-9456.434915
941.190959,76.570323,172.283227,-9418.149754
941.191586,95.712904,210.568389,-9418.149754
941.192214,133.998066,114.855485,-9418.149754
941.192841,153.140646,133.998066,-9399.007173
941.193468,95.712904,95.712904,-9494.720077
941.194096,153.140646,172.283227,-9399.007173
941.194723,76.570323,210.568389,-9418.149754
941.195351,76.570323,114.855485,-9418.149754
941.195978,76.570323,114.855485,-9418.149754
941.196605,133.998066,114.855485,-9418.149754
941.197233,133.998066,114.855485,-9418.149754
941.197860,76.570323,114.855485,-9418.149754
941.198488,133.998066,153.140646,-9418.149754
941.199115,95.712904,114.855485,-9418.149754
941.199742,38.285162,172.283227,-9418.149754
941.200370,95.712904,114.855485,-9418.149754
941.200997,38.285162,114.855485,-9418.149754
941.201624,76.570323,114.855485,-9418.149754
941.202252,76.570323,172.283227,-9475.577496
941.202879,133.998066,114.855485,-9418.149754
941.203507,133.998066,114.855485,-9418.149754
941.204134,38.285162,114.855485,-9456.434915
941.204761,133.998066,114.855485,-9418.149754
941.205389,76.570323,114.855485,-9456.434915
941.206016,133.998066,114.855485,-9418.149754
941.206644,153.140646,133.998066,-9399.007173
941.207271,114.855485,133.998066,-9360.722011
941.207898,133.998066,172.283227,-9437.292334
941.208526,95.712904,172.283227,-9341.579430
941.209153,153.140646,133.998066,-9399.007173
941.209781,38.285162,114.855485,-9456.434915
941.210408,76.570323,172.283227,-9418.149754
941.211035,95.712904,133.998066,-9360.722011
941.211663,76.570323,114.855485,-9418.149754
941.212290,133.998066,153.140646,-9399.007173
941.212918,172.283227,76.570323,-9418.149754
941.213545,153.140646,133.998066,-9399.007173
941.214172,133.998066,153.140646,-9399.007173
941.214800,38.285162,153.140646,-9418.149754
941.215427,38.285162,172.283227,-9418.149754
941.216055,95.712904,114.855485,-9418.149754
941.216682,76.570323,172.283227,-9475.577496
941.217309,76.570323,76.570323,-9399.007173
941.217937,95.712904,153.140646,-9360.722011
941.218564,114.855485,153.140646,-9379.864592
941.219192,76.570323,172.283227,-9418.149754
941.219819,38.285162,114.855485,-9418.149754
941.220446,76.570323,114.855485,-9418.149754
941.221074,95.712904,133.998066,-9360.722011
941.221701,38.285162,114.855485,-9360.722011
941.222329,95.712904,114.855485,-9418.149754
941.222956,76.570323,114.855485,-9418.149754
941.223583,76.570323,172.283227,-9418.149754
941.224211,38.285162,191.425808,-9418.149754
941.224838,38.285162,76.570323,-9379.864592
941.225466,76.570323,153.140646,-9418.149754
941.226093,133.998066,114.855485,-9418.149754
941.226720,95.712904,114.855485,-9418.149754
941.227348,57.427742,133.998066,-9360.722011
941.227975,57.427742,114.855485,-9418.149754
941.228602,133.998066,114.855485,-9418.149754
941.229230,133.998066,133.998066,-9399.007173
941.229857,76.570323,114.855485,-9418.149754
941.230484,95.712904,114.855485,-9418.149754
941.231112,0.000000,133.998066,-9360.722011
941.231739,76.570323,114.855485,-9437.292334
941.232366,133.998066,172.283227,-9399.007173
941.232994,133.998066,114.855485,-9418.149754
941.233621,172.283227,153.140646,-9379.864592
941.234248,95.712904,191.425808,-9360.722011
941.234876,133.998066,172.283227,-9360.722011
941.235503,133.998066,172.283227,-9418.149754
941.236130,133.998066,153.140646,-9399.007173
941.236758,76.570323,210.568389,-9418.149754
941.237385,95.712904,133.998066,-9360.722011
941.238012,76.570323,114.855485,-9418.149754
941.238640,57.427742,153.140646,-9360.722011
941.239267,38.285162,114.855485,-9456.434915
941.239894,133.998066,76.570323,-9379.864592
941.240522,133.998066,114.855485,-9456.434915
941.241149,38.285162,114.855485,-9418.149754
941.241776,133.998066,133.998066,-9399.007173
941.242404,57.427742,153.140646,-9418.149754
941.243031,38.285162,114.855485,-9418.149754
941.243658,38.285162,114.855485,-9456.434915
941.244286,133.998066,153.140646,-9399.007173
941.244913,133.998066,153.140646,-9418.149754
941.245540,133.998066,114.855485,-9437.292334
941.246168,76.570323,114.855485,-9418.149754
941.246795,133.998066,153.140646,-9418.149754
941.247422,95.712904,95.712904,-9456.434915
941.248050,57.427742,172.283227,-9341.579430
941.248677,76.570323,153.140646,-9437.292334
941.249305,114.855485,76.570323,-9418.149754
941.249932,114.855485,95.712904,-9399.007173
941.250559,95.712904,153.140646,-9418.149754
941.251187,76.570323,114.855485,-9418.149754
941.251814,38.285162,114.855485,-9437.292334
941.252441,38.285162,114.855485,-9418.149754
941.253069,0.000000,133.998066,-9360.722011
941.253696,76.570323,114.855485,-9418.149754
941.254323,95.712904,133.998066,-9341.579430
941.254951,76.570323,114.855485,-9418.149754
941.255578,38.285162,210.568389,-9418.149754
941.256205,133.998066,114.855485,-9418.149754
941.256833,76.570323,153.140646,-9418.149754
941.257460,76.570323,114.855485,-9418.149754
941.258087,76.570323,114.855485,-9437.292334
941.258715,133.998066,114.855485,-9437.292334
941.259342,76.570323,114.855485,-9418.149754
941.259969,95.712904,95.712904,-9399.007173
941.260597,76.570323,114.855485,-9418.149754
941.261224,76.570323,172.283227,-9418.149754
941.261851,76.570323,191.425808,-9418.149754
941.262479,133.998066,114.855485,-9437.292334
941.263106,76.570323,114.855485,-9418.149754
941.263733,76.570323,172.283227,-9418.149754
941.264361,76.570323,114.855485,-9418.149754
941.264988,95.712904,133.998066,-9360.722011
941.265615,95.712904,95.712904,-9399.007173
941.266243,38.285162,114.855485,-9418.149754
941.266870,76.570323,114.855485,-9418.149754
941.267497,38.285162,114.855485,-9418.149754
941.268125,76.570323,114.855485,-9418.149754
941.268752,133.998066,172.283227,-9399.007173
941.269379,76.570323,114.855485,-9418.149754
941.270007,153.140646,133.998066,-9379.864592
941.270634,172.283227,114.855485,-9379.864592
941.271261,76.570323,114.855485,-9418.149754
941.271889,76.570323,114.855485,-9418.149754
941.272516,76.570323,114.855485,-9418.149754
941.273143,57.427742,133.998066,-9360.722011
941.273771,114.855485,76.570323,-9418.149754
941.274398,133.998066,114.855485,-9418.149754
941.275025,133.998066,76.570323,-9379.864592
941.275653,172.283227,210.568389,-9322.436850
941.276280,95.712904,153.140646,-9418.149754
941.276907,95.712904,95.712904,-9399.007173
941.277535,38.285162,114.855485,-9418.149754
941.278162,133.998066,114.855485,-9418.149754
941.278789,95.712904,153.140646,-9475.577496
941.279417,153.140646,153.140646,-9399.007173
941.280044,76.570323,210.568389,-9418.149754
941.280671,76.570323,114.855485,-9437.292334
941.281299,76.570323,210.568389,-9418.149754
941.281926,95.712904,191.425808,-9418.149754
941.282553,133.998066,114.855485,-9456.434915
941.283181,172.283227,133.998066,-9437.292334
941.283808,172.283227,76.570323,-9437.292334
941.284435,133.998066,172.283227,-9418.149754
941.285063,95.712904,153.140646,-9418.149754
941.285690,133.998066,114.855485,-9418.149754
941.286317,133.998066,191.425808,-9437.292334
941.286945,133.998066,114.855485,-9456.434915
941.287572,38.285162,114.855485,-9418.149754
941.288199,76.570323,114.855485,-9418.149754
941.288827,114.855485,133.998066,-9360.722011
941.289454,153.140646,172.283227,-9399.007173
941.290082,95.712904,95.712904,-9399.007173
941.290709,76.570323,114.855485,-9418.149754
941.291336,38.285162,114.855485,-9418.149754
941.291964,76.570323,114.855485,-9418.149754
941.292591,133.998066,114.855485,-9418.149754
941.293218,133.998066,210.568389,-9418.149754
941.293846,95.712904,172.283227,-9360.722011
941.294473,76.570323,114.855485,-9418.149754
941.295100,133.998066,172.283227,-9399.007173
941.295728,133.998066,133.998066,-9456.434915
941.296355,76.570323,210.568389,-9494.720077
941.296982,133.998066,210.568389,-9418.149754
941.297610,95.712904,114.855485,-9456.434915
941.298237,133.998066,133.998066,-9399.007173
941.298864,95.712904,114.855485,-9418.149754
941.299492,133.998066,153.140646,-9418.149754
941.300119,133.998066,172.283227,-9399.007173
941.300746,95.712904,172.283227,-9360.722011
941.301374,76.570323,172.283227,-9418.149754
941.302001,95.712904,95.712904,-9399.007173
941.302628,172.283227,114.855485,-9399.007173
941.303256,76.570323,114.855485,-9418.149754
941.303883,95.712904,172.283227,-9418.149754
941.304510,133.998066,153.140646,-9418.149754
941.305138,133.998066,133.998066,-9437.292334
941.305765,57.427742,133.998066,-9360.722011
941.306392,95.712904,133.998066,-9360.722011
941.307020,172.283227,191.425808,-9379.864592
941.307647,57.427742,172.283227,-9418.149754
941.308274,76.570323,153.140646,-9418.149754
941.308902,133.998066,172.283227,-9418.149754
941.309529,76.570323,114.855485,-9418.149754
941.310156,153.140646,133.998066,-9399.007173
941.310784,114.855485,95.712904,-9399.007173
941.311411,38.285162,114.855485,-9418.149754
941.312038,38.285162,114.855485,-9418.149754
941.312666,133.998066,114.855485,-9418.149754
941.313293,38.285162,114.855485,-9418.149754
941.313920,38.285162,153.140646,-9418.149754
941.314548,76.570323,76.570323,-9379.864592
941.315175,95.712904,133.998066,-9360.722011
941.315802,95.712904,172.283227,-9360.722011
941.316430,133.998066,114.855485,-9418.149754
941.317057,172.283227,76.570323,-9418.149754
941.317684,133.998066,114.855485,-9418.149754
941.318312,95.712904,172.283227,-9418.149754
941.318939,133.998066,153.140646,-9418.149754
941.319566,76.570323,172.283227,-9437.292334
941.320194,76.570323,210.568389,-9418.149754
941.320821,76.570323,114.855485,-9418.149754
941.321448,57.427742,95.712904,-9494.720077
941.322076,76.570323,114.855485,-9456.434915
941.322703,57.427742,133.998066,-9360.722011
941.323330,114.855485,133.998066,-9360.722011
941.323958,172.283227,76.570323,-9418.149754
941.324585,76.570323,114.855485,-9418.149754
941.325212,95.712904,114.855485,-9418.149754
941.325840,153.140646,114.855485,-9418.149754
941.326467,172.283227,114.855485,-9379.864592
941.327095,76.570323,114.855485,-9475.577496
941.327722,76.570323,114.855485,-9418.149754
941.328349,76.570323,172.283227,-9418.149754
941.328977,76.570323,114.855485,-9456.434915
941.329604,114.855485,95.712904,-9399.007173
941.330231,114.855485,133.998066,-9360.722011
941.330859,76.570323,114.855485,-9418.149754
941.331486,76.570323,153.140646,-9379.864592
941.332114,76.570323,114.855485,-9360.722011
941.332741,133.998066,114.855485,-9418.149754
941.333368,76.570323,114.855485,-9418.149754
941.333996,95.712904,95.712904,-9399.007173
941.334623,95.712904,114.855485,-9399.007173
941.335250,133.998066,114.855485,-9360.722011
941.335878,153.140646,172.283227,-9399.007173
941.336505,133.998066,114.855485,-9418.149754
941.337133,95.712904,114.855485,-9399.007173
941.337760,38.285162,114.855485,-9437.292334
941.338387,153.140646,133.998066,-9399.007173
941.339015,172.283227,114.855485,-9379.864592
941.339642,76.570323,210.568389,-9418.149754
941.340269,133.998066,114.855485,-9418.149754
941.340897,153.140646,133.998066,-9399.007173
941.341524,76.570323,114.855485,-9437.292334
941.342152,38.285162,114.855485,-9418.149754
941.342779,133.998066,114.855485,-9418.149754
941.343406,133.998066,114.855485,-9418.149754
941.344034,133.998066,114.855485,-9418.149754
941.344661,133.998066,210.568389,-9437.292334
941.345288,95.712904,95.712904,-9494.720077
941.345916,76.570323,172.283227,-9418.149754
941.346543,95.712904,114.855485,-9418.149754
941.347171,153.140646,133.998066,-9456.434915
941.347798,95.712904,172.283227,-9360.722011
941.348425,95.712904,114.855485,-9418.149754
941.349053,76.570323,114.855485,-9418.149754
941.349680,133.998066,172.283227,-9418.149754
941.350307,133.998066,114.855485,-9360.722011
941.350935,38.285162,172.283227,-9418.149754
941.351562,133.998066,114.855485,-9437.292334
941.352190,76.570323,210.568389,-9418.149754
941.352817,76.570323,153.140646,-9456.434915
941.353444,114.855485,133.998066,-9360.722011
941.354072,172.283227,172.283227,-9360.722011
941.354699,133.998066,153.140646,-9418.149754
941.355327,153.140646,153.140646,-9494.720077
941.355954,133.998066,153.140646,-9418.149754
941.356581,76.570323,114.855485,-9418.149754
941.357209,76.570323,153.140646,-9418.149754
941.357836,76.570323,114.855485,-9418.149754
941.358463,114.855485,133.998066,-9418.149754
941.359091,95.712904,191.425808,-9418.149754
941.359718,76.570323,248.853550,-9379.864592
941.360346,95.712904,172.283227,-9360.722011
941.360973,76.570323,114.855485,-9418.149754
941.361600,76.570323,172.283227,-9418.149754
941.362228,76.570323,114.855485,-9418.149754
941.362855,76.570323,114.855485,-9418.149754
941.363482,172.283227,210.568389,-9379.864592
941.364110,133.998066,153.140646,-9418.149754
941.364737,133.998066,114.855485,-9475.577496
941.365365,133.998066,114.855485,-9418.149754
941.365992,57.427742,114.855485,-9418.149754
941.366619,57.427742,76.570323,-9418.149754
941.367247,114.855485,95.712904,-9399.007173
941.367874,114.855485,95.712904,-9399.007173
941.368501,76.570323,114.855485,-9418.149754
941.369129,133.998066,114.855485,-9418.149754
941.369756,133.998066,114.855485,-9418.149754
941.370384,133.998066,153.140646,-9418.149754
941.371011,57.427742,95.712904,-9399.007173
941.371638,38.285162,114.855485,-9418.149754
941.372266,95.712904,133.998066,-9341.579430
941.372893,133.998066,114.855485,-9418.149754
941.373520,95.712904,95.712904,-9399.007173
941.374148,114.855485,95.712904,-9437.292334
941.374775,38.285162,114.855485,-9456.434915
941.375403,153.140646,133.998066,-9399.007173
941.376030,76.570323,114.855485,-9475.577496
941.376657,133.998066,114.855485,-9418.149754
941.377285,76.570323,172.283227,-9418.149754
941.377912,114.855485,133.998066,-9360.722011
941.378539,133.998066,210.568389,-9418.149754
941.379167,76.570323,172.283227,-9418.149754
941.379794,114.855485,153.140646,-9360.722011
941.380422,76.570323,153.140646,-9360.722011
941.381049,57.427742,114.855485,-9418.149754
941.381676,133.998066,114.855485,-9418.149754
941.382304,114.855485,95.712904,-9399.007173
941.382931,38.285162,153.140646,-9418.149754
941.383558,95.712904,95.712904,-9399.007173
941.384186,76.570323,153.140646,-9418.149754
941.384813,133.998066,153.140646,-9418.149754
941.385441,76.570323,76.570323,-9379.864592
941.386068,172.283227,76.570323,-9418.149754
941.386695,76.570323,114.855485,-9418.149754
941.387323,76.570323,153.140646,-9418.149754
941.387950,76.570323,114.855485,-9418.149754
941.388577,95.712904,133.998066,-9360.722011
941.389205,76.570323,114.855485,-9418.149754
941.389832,76.570323,114.855485,-9418.149754
941.390460,76.570323,153.140646,-9418.149754
941.391087,57.427742,153.140646,-9360.722011
941.391714,57.427742,133.998066,-9341.579430
941.392342,95.712904,210.568389,-9360.722011
941.392969,76.570323,153.140646,-9437.292334
941.393597,57.427742,95.712904,-9437.292334
941.394224,133.998066,133.998066,-9399.007173
941.394851,95.712904,95.712904,-9399.007173
941.395479,95.712904,114.855485,-9360.722011
941.396106,172.283227,114.855485,-9322.436850
941.396733,76.570323,114.855485,-9418.149754
941.397361,38.285162,114.855485,-9418.149754
941.397988,76.570323,114.855485,-9418.149754
941.398616,76.570323,114.855485,-9418.149754
941.399243,76.570323,114.855485,-9456.434915
941.399870,114.855485,95.712904,-9399.007173
941.400498,114.855485,95.712904,-9399.007173
941.401125,76.570323,114.855485,-9418.149754
941.401752,57.427742,95.712904,-9379.864592
941.402380,114.855485,191.425808,-9360.722011
941.403007,76.570323,114.855485,-9418.149754
941.403635,95.712904,95.712904,-9456.434915
941.404262,76.570323,153.140646,-9418.149754
941.404889,38.285162,114.855485,-9418.149754
941.405517,76.570323,114.855485,-9418.149754
941.406144,133.998066,114.855485,-9418.149754
941.406771,76.570323,114.855485,-9418.149754
941.407399,133.998066,210.568389,-9418.149754
941.408026,133.998066,191.425808,-9418.149754
941.408654,38.285162,114.855485,-9418.149754
941.409281,95.712904,95.712904,-9399.007173
941.409908,76.570323,172.283227,-9418.149754
941.410536,76.570323,114.855485,-9418.149754
941.411163,133.998066,114.855485,-9437.292334
941.411790,133.998066,114.855485,-9456.434915
941.412418,133.998066,153.140646,-9418.149754
941.413045,95.712904,210.568389,-9437.292334
941.413673,76.570323,172.283227,-9418.149754
941.414300,76.570323,191.425808,-9322.436850
941.414927,114.855485,95.712904,-9399.007173
941.415555,76.570323,133.998066,-9399.007173
941.416182,76.570323,172.283227,-9418.149754
941.416809,76.570323,114.855485,-9418.149754
941.417437,95.712904,133.998066,-9418.149754
941.418064,95.712904,95.712904,-9399.007173
941.418692,114.855485,95.712904,-9399.007173
941.419319,76.570323,114.855485,-9418.149754
941.419946,76.570323,172.283227,-9418.149754
941.420574,76.570323,210.568389,-9418.149754
941.421201,133.998066,153.140646,-9399.007173
941.421828,133.998066,153.140646,-9399.007173
941.422456,76.570323,172.283227,-9418.149754
941.423083,76.570323,172.283227,-9456.434915
941.423711,38.285162,172.283227,-9437.292334
941.424338,57.427742,172.283227,-9456.434915
941.424965,76.570323,114.855485,-9418.149754
941.425593,153.140646,133.998066,-9399.007173
941.426220,133.998066,172.283227,-9418.149754
941.426848,133.998066,114.855485,-9418.149754
941.427475,114.855485,153.140646,-9360.722011
941.428102,210.568389,153.140646,-9399.007173
941.428729,76.570323,153.140646,-9418.149754
941.429357,95.712904,114.855485,-9437.292334
941.429984,133.998066,172.283227,-9418.149754
941.430611,133.998066,172.283227,-9418.149754
941.431239,76.570323,191.425808,-9418.149754
941.431866,133.998066,172.283227,-9399.007173
941.432493,76.570323,114.855485,-9456.434915
941.433120,114.855485,133.998066,-9360.722011
941.433748,133.998066,153.140646,-9399.007173
941.434375,114.855485,172.283227,-9360.722011
941.435002,114.855485,248.853550,-9360.722011
941.435630,133.998066,153.140646,-9418.149754
941.436257,76.570323,114.855485,-9418.149754
941.436884,133.998066,114.855485,-9418.149754
941.437511,38.285162,114.855485,-9418.149754
941.438139,133.998066,153.140646,-9418.149754
941.438766,95.712904,95.712904,-9456.434915
941.439393,153.140646,133.998066,-9399.007173
941.440021,76.570323,114.855485,-9418.149754
941.440648,19.142581,172.283227,-9437.292334
941.441275,76.570323,191.425808,-9437.292334
941.441902,76.570323,172.283227,-9418.149754
941.442530,133.998066,114.855485,-9418.149754
941.443157,153.140646,133.998066,-9399.007173
941.443784,76.570323,172.283227,-9360.722011
941.444412,38.285162,114.855485,-9418.149754
941.445039,76.570323,172.283227,-9418.149754
941.445666,76.570323,114.855485,-9418.149754
941.446293,95.712904,133.998066,-9360.722011
941.446921,133.998066,172.283227,-9418.149754
941.447548,153.140646,153.140646,-9418.149754
941.448175,153.140646,153.140646,-9399.007173
941.448803,95.712904,95.712904,-9399.007173
941.449430,95.712904,114.855485,-9418.149754
941.450057,76.570323,114.855485,-9418.149754
941.450684,76.570323,114.855485,-9418.149754
941.451312,76.570323,114.855485,-9418.149754
941.451939,38.285162,114.855485,-9418.149754
941.452566,133.998066,114.855485,-9418.149754
941.453194,76.570323,153.140646,-9418.149754
941.453821,76.570323,114.855485,-9418.149754
941.454448,133.998066,153.140646,-9418.149754
941.455075,95.712904,114.855485,-9437.292334
941.455703,76.570323,114.855485,-9418.149754
941.456330,95.712904,114.855485,-9418.149754
941.456957,76.570323,114.855485,-9456.434915
941.457585,114.855485,95.712904,-9399.007173
941.458212,76.570323,114.855485,-9418.149754
941.458839,133.998066,114.855485,-9360.722011
941.459466,38.285162,114.855485,-9418.149754
941.460094,95.712904,133.998066,-9360.722011
941.460721,95.712904,95.712904,-9399.007173
941.461348,133.998066,114.855485,-9418.149754
941.461976,57.427742,95.712904,-9379.864592
941.462603,95.712904,133.998066,-9360.722011
941.463230,38.285162,114.855485,-9437.292334
941.463857,114.855485,133.998066,-9360.722011
941.464485,133.998066,114.855485,-9418.149754
941.465112,76.570323,153.140646,-9437.292334
941.465739,38.285162,172.283227,-9437.292334
941.466367,95.712904,133.998066,-9360.722011
941.466994,76.570323,114.855485,-9418.149754
941.467621,114.855485,172.283227,-9360.722011
941.468248,133.998066,172.283227,-9456.434915
941.468876,76.570323,114.855485,-9418.149754
941.469503,76.570323,114.855485,-9418.149754
941.470130,76.570323,114.855485,-9418.149754
941.470758,133.998066,114.855485,-9418.149754
941.471385,153.140646,133.998066,-9437.292334
941.472012,133.998066,114.855485,-9418.149754
941.472639,38.285162,153.140646,-9360.722011
941.473267,133.998066,172.283227,-9418.149754
941.473894,133.998066,172.283227,-9418.149754
941.474521,133.998066,210.568389,-9437.292334
941.475149,133.998066,153.140646,-9418.149754
941.475776,133.998066,153.140646,-9437.292334
941.476403,95.712904,133.998066,-9360.722011
941.477030,95.712904,153.140646,-9341.579430
941.477658,114.855485,95.712904,-9399.007173
941.478285,133.998066,114.855485,-9418.149754
941.478912,76.570323,114.855485,-9418.149754
941.479540,133.998066,114.855485,-9418.149754
941.480167,76.570323,172.283227,-9456.434915
941.480794,114.855485,133.998066,-9418.149754
941.481421,133.998066,114.855485,-9456.434915
941.482049,76.570323,114.855485,-9418.149754
941.482676,133.998066,114.855485,-9437.292334
941.483303,133.998066,133.998066,-9399.007173
941.483931,38.285162,114.855485,-9437.292334
941.484558,57.427742,95.712904,-9399.007173
941.485185,76.570323,172.283227,-9360.722011
941.485813,76.570323,114.855485,-9494.720077
941.486440,114.855485,172.283227,-9360.722011
941.487067,114.855485,114.855485,-9379.864592
941.487694,76.570323,114.855485,-9418.149754
941.488322,76.570323,153.140646,-9418.149754
941.488949,76.570323,153.140646,-9418.149754
941.489576,133.998066,114.855485,-9437.292334
941.490204,38.285162,114.855485,-9437.292334
941.490831,133.998066,114.855485,-9418.149754
941.491458,114.855485,133.998066,-9341.579430
941.492085,133.998066,133.998066,-9456.434915
941.492713,19.142581,114.855485,-9418.149754
941.493340,38.285162,172.283227,-9418.149754
941.493967,95.712904,229.710970,-9418.149754
941.494595,153.140646,172.283227,-9437.292334
941.495222,133.998066,114.855485,-9418.149754
941.495849,76.570323,114.855485,-9418.149754
941.496476,95.712904,133.998066,-9360.722011
941.497104,76.570323,114.855485,-9456.434915
941.497731,133.998066,172.283227,-9418.149754
941.498358,95.712904,153.140646,-9418.149754
941.498986,76.570323,114.855485,-9418.149754
941.499613,95.712904,114.855485,-9418.149754
941.500240,76.570323,114.855485,-9418.149754
941.500867,133.998066,114.855485,-9456.434915
941.501495,76.570323,172.283227,-9418.149754
941.502122,76.570323,210.568389,-9418.149754
941.502749,133.998066,191.425808,-9456.434915
941.503377,76.570323,153.140646,-9437.292334
941.504004,133.998066,114.855485,-9437.292334
941.504631,172.283227,153.140646,-9379.864592
941.505258,114.855485,210.568389,-9379.864592
941.505886,95.712904,114.855485,-9399.007173
941.506513,76.570323,210.568389,-9418.149754
941.507140,38.285162,114.855485,-9418.149754
941.507768,76.570323,172.283227,-9418.149754
941.508395,76.570323,172.283227,-9437.292334
941.509022,76.570323,114.855485,-9418.149754
941.509649,76.570323,153.140646,-9418.149754
941.510277,172.283227,133.998066,-9437.292334
941.510904,38.285162,210.568389,-9456.434915
941.511531,38.285162,172.283227,-9418.149754
941.512159,76.570323,172.283227,-9418.149754
941.512786,76.570323,114.855485,-9418.149754
941.513413,76.570323,114.855485,-9418.149754
941.514040,38.285162,114.855485,-9418.149754
941.514668,76.570323,114.855485,-9437.292334
941.515295,133.998066,114.855485,-9418.149754
941.515922,133.998066,133.998066,-9437.292334
941.516550,38.285162,114.855485,-9418.149754
941.517177,133.998066,191.425808,-9399.007173
941.517804,114.855485,153.140646,-9418.149754
941.518431,76.570323,153.140646,-9418.149754
941.519059,172.283227,153.140646,-9322.436850
941.519686,153.140646,172.283227,-9399.007173
941.520313,133.998066,114.855485,-9418.149754
941.520941,76.570323,172.283227,-9418.149754
941.521568,76.570323,153.140646,-9456.434915
941.522195,76.570323,172.283227,-9418.149754
941.522822,95.712904,172.283227,-9418.149754
941.523450,76.570323,114.855485,-9418.149754
941.524077,95.712904,95.712904,-9399.007173
941.524704,153.140646,153.140646,-9399.007173
941.525332,114.855485,172.283227,-9360.722011
941.525959,133.998066,210.568389,-9418.149754
941.526586,133.998066,133.998066,-9399.007173
941.527213,38.285162,153.140646,-9437.292334
941.527841,133.998066,172.283227,-9418.149754
941.528468,76.570323,172.283227,-9418.149754
941.529095,76.570323,114.855485,-9418.149754
941.529722,133.998066,114.855485,-9437.292334
941.530350,95.712904,210.568389,-9418.149754
941.530977,95.712904,153.140646,-9418.149754
941.531604,114.855485,57.427742,-9399.007173
941.532231,172.283227,76.570323,-9418.149754
941.532859,153.140646,153.140646,-9399.007173
941.533486,95.712904,133.998066,-9360.722011
941.534113,57.427742,172.283227,-9360.722011
941.534740,133.998066,114.855485,-9456.434915
941.535367,133.998066,210.568389,-9437.292334
941.535995,76.570323,133.998066,-9360.722011
941.536622,95.712904,95.712904,-9399.007173
941.537249,76.570323,114.855485,-9418.149754
941.537876,114.855485,153.140646,-9360.722011
941.538504,95.712904,153.140646,-9360.722011
941.539131,133.998066,153.140646,-9418.149754
941.539758,38.285162,114.855485,-9418.149754
941.540385,133.998066,114.855485,-9418.149754
941.541013,210.568389,133.998066,-9379.864592
941.541640,76.570323,114.855485,-9437.292334
941.542267,38.285162,153.140646,-9418.149754
941.542894,19.142581,114.855485,-9437.292334
941.543522,57.427742,133.998066,-9360.722011
941.544149,133.998066,153.140646,-9456.434915
941.544776,133.998066,114.855485,-9418.149754
941.545403,76.570323,172.283227,-9418.149754
941.546030,76.570323,153.140646,-9475.577496
941.546658,95.712904,210.568389,-9418.149754
941.547285,76.570323,114.855485,-9418.149754
941.547912,172.283227,172.283227,-9379.864592
941.548539,76.570323,114.855485,-9456.434915
941.549167,133.998066,210.568389,-9418.149754
941.549794,172.283227,114.855485,-9399.007173
941.550421,57.427742,95.712904,-9399.007173
941.551048,153.140646,153.140646,-9399.007173
941.551676,114.855485,133.998066,-9360.722011
941.552303,38.285162,114.855485,-9475.577496
941.552930,133.998066,114.855485,-9418.149754
941.553557,133.998066,114.855485,-9418.149754
941.554184,38.285162,114.855485,-9437.292334
941.554812,95.712904,133.998066,-9360.722011
941.555439,172.283227,76.570323,-9418.149754
941.556066,133.998066,114.855485,-9418.149754
941.556693,95.712904,114.855485,-9418.149754
941.557321,133.998066,114.855485,-9418.149754
941.557948,133.998066,153.140646,-9456.434915
941.558575,133.998066,114.855485,-9418.149754
941.559202,57.427742,114.855485,-9418.149754
941.559830,76.570323,114.855485,-9418.149754
941.560457,153.140646,153.140646,-9379.864592
941.561084,153.140646,133.998066,-9399.007173
941.561711,153.140646,210.568389,-9399.007173
941.562338,133.998066,153.140646,-9418.149754
941.562966,38.285162,114.855485,-9418.149754
941.563593,76.570323,172.283227,-9418.149754
941.564220,153.140646,133.998066,-9399.007173
941.564847,76.570323,114.855485,-9418.149754
941.565475,95.712904,114.855485,-9418.149754
941.566102,95.712904,76.570323,-9379.864592
941.566729,95.712904,95.712904,-9399.007173
941.567356,76.570323,114.855485,-9418.149754
941.567984,38.285162,114.855485,-9418.149754
941.568611,76.570323,172.283227,-9418.149754
941.569238,76.570323,172.283227,-9418.149754
941.569865,76.570323,153.140646,-9456.434915
941.570492,38.285162,153.140646,-9437.292334
941.571120,133.998066,153.140646,-9418.149754
941.571747,133.998066,114.855485,-9418.149754
941.572374,95.712904,133.998066,-9360.722011
941.573001,95.712904,114.855485,-9418.149754
941.573629,114.855485,114.855485,-9399.007173
941.574256,76.570323,114.855485,-9475.577496
941.574883,57.427742,191.425808,-9456.434915
941.575510,95.712904,133.998066,-9360.722011
941.576138,114.855485,95.712904,-9399.007173
941.576765,133.998066,114.855485,-9418.149754
941.577392,133.998066,114.855485,-9437.292334
941.578019,38.285162,114.855485,-9418.149754
941.578647,38.285162,114.855485,-9437.292334
941.579274,57.427742,114.855485,-9399.007173
941.579901,133.998066,153.140646,-9399.007173
941.580528,95.712904,133.998066,-9360.722011
941.581155,38.285162,229.710970,-9418.149754
941.581783,95.712904,114.855485,-9418.149754
941.582410,76.570323,114.855485,-9418.149754
941.583037,76.570323,114.855485,-9418.149754
941.583664,76.570323,153.140646,-9418.149754
941.584292,95.712904,114.855485,-9456.434915
941.584919,76.570323,133.998066,-9360.722011
941.585546,95.712904,153.140646,-9418.149754
941.586173,76.570323,114.855485,-9418.149754
941.586801,133.998066,172.283227,-9418.149754
941.587428,38.285162,114.855485,-9418.149754
941.588055,76.570323,229.710970,-9456.434915
941.588682,76.570323,210.568389,-9418.149754
941.589309,76.570323,210.568389,-9456.434915
941.589937,38.285162,153.140646,-9418.149754
941.590564,57.427742,133.998066,-9360.722011
941.591191,57.427742,95.712904,-9399.007173
941.591818,95.712904,114.855485,-9418.149754
941.592446,76.570323,114.855485,-9418.149754
941.593073,95.712904,133.998066,-9360.722011
941.593700,57.427742,153.140646,-9360.722011
941.594327,95.712904,133.998066,-9360.722011
941.594955,114.855485,133.998066,-9360.722011
941.595582,76.570323,114.855485,-9418.149754
941.596209,38.285162,191.425808,-9360.722011
941.596836,76.570323,172.283227,-9360.722011
941.597463,76.570323,210.568389,-9418.149754
941.598091,38.285162,114.855485,-9533.005238
941.598718,76.570323,172.283227,-9418.149754
941.599345,57.427742,95.712904,-9399.007173
941.599972,76.570323,114.855485,-9418.149754
941.600600,76.570323,153.140646,-9456.434915
941.601227,38.285162,114.855485,-9418.149754
941.601854,133.998066,153.140646,-9418.149754
941.602481,114.855485,172.283227,-9360.722011
941.603109,133.998066,172.283227,-9418.149754
941.603736,133.998066,114.855485,-9418.149754
941.604363,76.570323,114.855485,-9437.292334
941.604990,57.427742,95.712904,-9399.007173
941.605618,38.285162,114.855485,-9418.149754
941.606245,95.712904,76.570323,-9379.864592
941.606872,76.570323,114.855485,-9418.149754
941.607499,133.998066,114.855485,-9418.149754
941.608126,76.570323,114.855485,-9456.434915
941.608754,153.140646,153.140646,-9399.007173
941.609381,76.570323,153.140646,-9418.149754
941.610008,172.283227,114.855485,-9379.864592
941.610635,76.570323,114.855485,-9418.149754
941.611263,114.855485,95.712904,-9399.007173
941.611890,133.998066,114.855485,-9418.149754
941.612517,133.998066,133.998066,-9399.007173
941.613144,38.285162,172.283227,-9418.149754
941.613772,95.712904,95.712904,-9399.007173
941.614399,76.570323,114.855485,-9418.149754
941.615026,76.570323,114.855485,-9475.577496
941.615653,76.570323,114.855485,-9418.149754
941.616280,114.855485,153.140646,-9360.722011
941.616908,76.570323,172.283227,-9437.292334
941.617535,76.570323,114.855485,-9418.149754
941.618162,57.427742,172.283227,-9437.292334
941.618789,76.570323,114.855485,-9360.722011
941.619417,57.427742,153.140646,-9360.722011
941.620044,57.427742,153.140646,-9360.722011
941.620671,38.285162,172.283227,-9341.579430
941.621298,95.712904,133.998066,-9360.722011
941.621926,133.998066,133.998066,-9399.007173
941.622553,133.998066,114.855485,-9418.149754
941.623180,172.283227,76.570323,-9418.149754
941.623807,133.998066,133.998066,-9399.007173
941.624434,95.712904,172.283227,-9360.722011
941.625062,76.570323,114.855485,-9418.149754
941.625689,114.855485,133.998066,-9360.722011
941.626316,133.998066,114.855485,-9418.149754
941.626943,76.570323,114.855485,-9418.149754
941.627571,153.140646,114.855485,-9418.149754
941.628198,133.998066,114.855485,-9437.292334
941.628825,76.570323,172.283227,-9456.434915
941.629452,76.570323,114.855485,-9456.434915
941.630080,57.427742,114.855485,-9418.149754
941.630707,38.285162,114.855485,-9418.149754
941.631334,76.570323,172.283227,-9418.149754
941.631961,76.570323,114.855485,-9418.149754
941.632588,133.998066,114.855485,-9418.149754
941.633216,76.570323,172.283227,-9418.149754
941.633843,133.998066,153.140646,-9418.149754
941.634471,57.427742,153.140646,-9322.436850
941.635098,76.570323,114.855485,-9418.149754
941.635725,57.427742,133.998066,-9360.722011
941.636353,76.570323,114.855485,-9456.434915
941.636980,95.712904,76.570323,-9379.864592
941.637607,133.998066,114.855485,-9418.149754
941.638235,76.570323,114.855485,-9418.149754
941.638862,76.570323,114.855485,-9418.149754
941.639489,76.570323,114.855485,-9418.149754
941.640117,76.570323,114.855485,-9418.149754
941.640744,76.570323,114.855485,-9418.149754
941.641371,133.998066,114.855485,-9418.149754
941.641999,76.570323,114.855485,-9418.149754
941.642626,76.570323,114.855485,-9418.149754
941.643253,57.427742,153.140646,-9360.722011
941.643881,76.570323,114.855485,-9418.149754
941.644508,133.998066,114.855485,-9437.292334
941.645135,38.285162,114.855485,-9418.149754
941.645763,76.570323,114.855485,-9418.149754
941.646390,76.570323,172.283227,-9418.149754
941.647017,76.570323,153.140646,-9418.149754
941.647645,133.998066,153.140646,-9456.434915
941.648272,133.998066,133.998066,-9399.007173
941.648899,38.285162,114.855485,-9418.149754
941.649527,38.285162,114.855485,-9418.149754
941.650154,95.712904,114.855485,-9418.149754
941.650781,114.855485,153.140646,-9341.579430
941.651409,38.285162,153.140646,-9418.149754
941.652036,133.998066,114.855485,-9418.149754
941.652663,76.570323,76.570323,-9379.864592
941.653291,153.140646,133.998066,-9456.434915
941.653918,76.570323,172.283227,-9360.722011
941.654545,76.570323,172.283227,-9418.149754
941.655173,76.570323,153.140646,-9418.149754
941.655800,133.998066,114.855485,-9418.149754
941.656427,153.140646,172.283227,-9418.149754
941.657055,133.998066,153.140646,-9418.149754
941.657682,133.998066,153.140646,-9360.722011
941.658309,95.712904,153.140646,-9437.292334
941.658937,114.855485,172.283227,-9360.722011
941.659564,153.140646,133.998066,-9399.007173
941.660191,133.998066,172.283227,-9418.149754
941.660819,76.570323,133.998066,-9360.722011
941.661446,57.427742,191.425808,-9322.436850
941.662074,95.712904,133.998066,-9360.722011
941.662701,76.570323,114.855485,-9437.292334
941.663328,76.570323,114.855485,-9418.149754
941.663956,76.570323,172.283227,-9418.149754
941.664583,76.570323,229.710970,-9437.292334
941.665210,133.998066,172.283227,-9360.722011
941.665838,114.855485,133.998066,-9360.722011
941.666465,38.285162,114.855485,-9418.149754
941.667092,76.570323,210.568389,-9418.149754
941.667720,95.712904,172.283227,-9322.436850
941.668347,76.570323,210.568389,-9418.149754
941.668974,133.998066,172.283227,-9418.149754
941.669602,95.712904,95.712904,-9399.007173
941.670229,38.285162,114.855485,-9418.149754
941.670856,76.570323,114.855485,-9418.149754
941.671484,76.570323,153.140646,-9418.149754
941.672111,95.712904,133.998066,-9341.579430
941.672738,95.712904,210.568389,-9360.722011
941.673366,76.570323,153.140646,-9437.292334
941.673993,19.142581,133.998066,-9399.007173
941.674620,133.998066,153.140646,-9437.292334
941.675248,95.712904,153.140646,-9418.149754
941.675875,153.140646,133.998066,-9399.007173
941.676502,133.998066,114.855485,-9418.149754
941.677130,153.140646,133.998066,-9399.007173
941.677757,76.570323,172.283227,-9437.292334
941.678384,76.570323,153.140646,-9418.149754
941.679012,76.570323,114.855485,-9418.149754
941.679639,95.712904,172.283227,-9360.722011
941.680266,95.712904,114.855485,-9418.149754
941.680894,76.570323,114.855485,-9475.577496
941.681521,76.570323,114.855485,-9418.149754
941.682148,133.998066,114.855485,-9418.149754
941.682776,133.998066,210.568389,-9418.149754
941.683403,76.570323,153.140646,-9437.292334
941.684030,19.142581,114.855485,-9418.149754
941.684658,114.855485,210.568389,-9360.722011
941.685285,133.998066,153.140646,-9418.149754
941.685912,76.570323,172.283227,-9437.292334
941.686540,76.570323,172.283227,-9418.149754
941.687167,76.570323,114.855485,-9418.149754
941.687794,76.570323,172.283227,-9418.149754
941.688422,153.140646,172.283227,-9399.007173
941.689049,133.998066,114.855485,-9533.005238
941.689676,133.998066,114.855485,-9418.149754
941.690304,76.570323,153.140646,-9418.149754
941.690931,95.712904,133.998066,-9360.722011
941.691559,76.570323,153.140646,-9418.149754
941.692186,133.998066,114.855485,-9418.149754
941.692813,153.140646,210.568389,-9360.722011
941.693441,38.285162,133.998066,-9341.579430
941.694068,95.712904,172.283227,-9360.722011
941.694695,133.998066,114.855485,-9360.722011
941.695323,133.998066,191.425808,-9399.007173
941.695950,95.712904,95.712904,-9399.007173
941.696577,57.427742,133.998066,-9322.436850
941.697205,133.998066,229.710970,-9418.149754
941.697832,38.285162,114.855485,-9418.149754
941.698459,133.998066,114.855485,-9418.149754
941.699087,95.712904,153.140646,-9360.722011
941.699714,153.140646,114.855485,-9418.149754
941.700341,153.140646,133.998066,-9399.007173
941.700969,114.855485,133.998066,-9360.722011
941.701596,191.425808,172.283227,-9379.864592
941.702223,133.998066,153.140646,-9456.434915
941.702851,153.140646,191.425808,-9399.007173
941.703478,172.283227,172.283227,-9399.007173
941.704105,76.570323,153.140646,-9418.149754
941.704733,76.570323,95.712904,-9399.007173
941.705360,114.855485,133.998066,-9360.722011
941.705987,95.712904,153.140646,-9418.149754
941.706615,76.570323,172.283227,-9437.292334
941.707242,38.285162,172.283227,-9418.149754
941.707869,76.570323,210.568389,-9418.149754
941.708497,38.285162,172.283227,-9418.149754
941.709124,153.140646,133.998066,-9399.007173
941.709751,95.712904,95.712904,-9399.007173
941.710379,133.998066,114.855485,-9418.149754
941.711006,133.998066,114.855485,-9418.149754
941.711633,172.283227,114.855485,-9379.864592
941.712261,76.570323,114.855485,-9418.149754
941.712888,133.998066,172.283227,-9399.007173
941.713515,114.855485,153.140646,-9360.722011
941.714143,76.570323,153.140646,-9418.149754
941.714770,76.570323,114.855485,-9418.149754
941.715397,76.570323,114.855485,-9418.149754
941.716025,114.855485,95.712904,-9399.007173
941.716652,57.427742,95.712904,-9399.007173
941.717279,76.570323,114.855485,-9533.005238
941.717907,57.427742,95.712904,-9399.007173
941.718534,76.570323,114.855485,-9418.149754
941.719161,153.140646,172.283227,-9399.007173
941.719789,133.998066,114.855485,-9475.577496
941.720416,95.712904,133.998066,-9360.722011
941.721044,76.570323,210.568389,-9399.007173
941.721671,57.427742,114.855485,-9399.007173
941.722298,114.855485,114.855485,-9418.149754
941.722926,114.855485,95.712904,-9437.292334
941.723553,95.712904,153.140646,-9360.722011
941.724180,133.998066,114.855485,-9418.149754
941.724808,38.285162,114.855485,-9418.149754
941.725435,133.998066,114.855485,-9418.149754
941.726062,76.570323,114.855485,-9418.149754
941.726690,38.285162,114.855485,-9418.149754
941.727317,76.570323,114.855485,-9418.149754
941.727944,76.570323,114.855485,-9360.722011
941.728572,133.998066,114.855485,-9360.722011
941.729199,133.998066,229.710970,-9360.722011
941.729826,133.998066,172.283227,-9437.292334
941.730454,133.998066,114.855485,-9360.722011
941.731081,95.712904,114.855485,-9418.149754
941.731708,76.570323,114.855485,-9418.149754
941.732336,95.712904,133.998066,-9360.722011
941.732963,133.998066,76.570323,-9379.864592
941.733590,153.140646,191.425808,-9399.007173
941.734218,95.712904,114.855485,-9418.149754
941.734845,172.283227,210.568389,-9379.864592
941.735472,76.570323,153.140646,-9418.149754
941.736100,76.570323,114.855485,-9418.149754
941.736727,57.427742,133.998066,-9341.579430
941.737355,95.712904,133.998066,-9341.579430
941.737982,76.570323,153.140646,-9418.149754
941.738609,76.570323,172.283227,-9418.149754
941.739237,76.570323,114.855485,-9360.722011
941.739864,95.712904,133.998066,-9360.722011
941.740491,76.570323,114.855485,-9418.149754
941.741119,114.855485,133.998066,-9360.722011
941.741746,95.712904,133.998066,-9360.722011
941.742374,76.570323,114.855485,-9418.149754
941.743001,133.998066,114.855485,-9360.722011
941.743628,76.570323,76.570323,-9379.864592
941.744256,133.998066,153.140646,-9418.149754
941.744883,38.285162,114.855485,-9418.149754
941.745510,114.855485,133.998066,-9360.722011
941.746138,76.570323,114.855485,-9437.292334
941.746765,133.998066,172.283227,-9456.434915
941.747393,133.998066,114.855485,-9418.149754
941.748020,76.570323,114.855485,-9418.149754
941.748647,57.427742,172.283227,-9360.722011
941.749275,76.570323,114.855485,-9437.292334
941.749902,95.712904,95.712904,-9494.720077
941.750529,133.998066,210.568389,-9456.434915
941.751157,76.570323,114.855485,-9418.149754
941.751784,114.855485,191.425808,-9360.722011
941.752412,95.712904,133.998066,-9360.722011
941.753039,76.570323,114.855485,-9360.722011
941.753666,95.712904,114.855485,-9399.007173
941.754294,133.998066,114.855485,-9418.149754
941.754921,76.570323,172.283227,-9437.292334
941.755548,57.427742,133.998066,-9360.722011
941.756176,38.285162,114.855485,-9418.149754
941.756803,133.998066,133.998066,-9399.007173
941.757431,76.570323,114.855485,-9418.149754
941.758058,133.998066,114.855485,-9418.149754
941.758685,76.570323,114.855485,-9418.149754
941.759313,76.570323,95.712904,-9399.007173
941.759940,76.570323,153.140646,-9418.149754
941.760567,38.285162,172.283227,-9418.149754
941.761195,76.570323,210.568389,-9360.722011
941.761822,57.427742,153.140646,-9360.722011
941.762450,153.140646,133.998066,-9399.007173
941.763077,153.140646,191.425808,-9456.434915
941.763704,76.570323,153.140646,-9456.434915
941.764332,38.285162,210.568389,-9418.149754
941.764959,133.998066,153.140646,-9456.434915
941.765586,38.285162,114.855485,-9418.149754
941.766214,76.570323,114.855485,-9418.149754
941.766841,76.570323,114.855485,-9418.149754
941.767469,95.712904,114.855485,-9418.149754
941.768096,114.855485,153.140646,-9360.722011
941.768723,114.855485,133.998066,-9360.722011
941.769351,114.855485,95.712904,-9399.007173
941.769978,38.285162,114.855485,-9418.149754
941.770605,95.712904,133.998066,-9360.722011
941.771233,76.570323,210.568389,-9341.579430
941.771860,95.712904,153.140646,-9418.149754
941.772488,76.570323,114.855485,-9418.149754
941.773115,153.140646,133.998066,-9379.864592
941.773742,133.998066,114.855485,-9418.149754
941.774370,153.140646,95.712904,-9360.722011
941.774997,133.998066,153.140646,-9418.149754
941.775624,153.140646,133.998066,-9399.007173
941.776252,133.998066,133.998066,-9494.720077
941.776879,133.998066,172.283227,-9418.149754
941.777507,114.855485,153.140646,-9360.722011
941.778134,133.998066,153.140646,-9418.149754
941.778761,38.285162,172.283227,-9418.149754
941.779389,133.998066,114.855485,-9418.149754
941.780016,133.998066,153.140646,-9475.577496
941.780643,76.570323,114.855485,-9437.292334
941.781271,76.570323,191.425808,-9418.149754
941.781898,57.427742,133.998066,-9360.722011
941.782526,76.570323,153.140646,-9418.149754
941.783153,133.998066,114.855485,-9456.434915
941.783780,153.140646,191.425808,-9399.007173
941.784408,172.283227,153.140646,-9322.436850
941.785035,133.998066,114.855485,-9456.434915
941.785662,38.285162,114.855485,-9418.149754
941.786290,153.140646,133.998066,-9437.292334
941.786917,76.570323,114.855485,-9418.149754
941.787545,133.998066,191.425808,-9418.149754
941.788172,133.998066,172.283227,-9418.149754
941.788799,133.998066,114.855485,-9456.434915
941.789427,38.285162,114.855485,-9418.149754
941.790054,38.285162,172.283227,-9418.149754
941.790681,76.570323,172.283227,-9360.722011
941.791309,38.285162,114.855485,-9418.149754
941.791936,153.140646,172.283227,-9399.007173
941.792564,133.998066,191.425808,-9418.149754
941.793191,76.570323,172.283227,-9418.149754
941.793818,76.570323,153.140646,-9437.292334
941.794446,95.712904,133.998066,-9360.722011
941.795073,133.998066,114.855485,-9418.149754
941.795700,133.998066,114.855485,-9456.434915
941.796328,95.712904,133.998066,-9360.722011
941.796955,0.000000,153.140646,-9360.722011
941.797583,76.570323,114.855485,-9418.149754
941.798210,95.712904,114.855485,-9418.149754
941.798837,76.570323,210.568389,-9418.149754
941.799465,76.570323,133.998066,-9360.722011
941.800092,172.283227,95.712904,-9399.007173
941.800719,153.140646,133.998066,-9437.292334
941.801347,133.998066,153.140646,-9418.149754
941.801974,76.570323,153.140646,-9456.434915
941.802602,76.570323,172.283227,-9418.149754
941.803229,76.570323,153.140646,-9418.149754
941.803856,95.712904,114.855485,-9418.149754
941.804484,38.285162,114.855485,-9418.149754
941.805111,114.855485,133.998066,-9360.722011
941.805738,38.285162,114.855485,-9418.149754
941.806366,95.712904,191.425808,-9360.722011
941.806993,114.855485,133.998066,-9360.722011
941.807621,76.570323,114.855485,-9456.434915
941.808248,133.998066,114.855485,-9418.149754
941.808875,133.998066,172.283227,-9418.149754
941.809503,95.712904,133.998066,-9360.722011
941.810130,153.140646,114.855485,-9418.149754
941.810757,133.998066,210.568389,-9418.149754
941.811385,133.998066,153.140646,-9418.149754
941.812012,95.712904,95.712904,-9399.007173
941.812640,210.568389,133.998066,-9437.292334
941.813267,133.998066,114.855485,-9418.149754
941.813894,95.712904,95.712904,-9437.292334
941.814522,76.570323,172.283227,-9418.149754
941.815149,133.998066,172.283227,-9418.149754
941.815776,95.712904,153.140646,-9360.722011
941.816404,133.998066,114.855485,-9418.149754
941.817031,95.712904,133.998066,-9360.722011
941.817659,76.570323,172.283227,-9418.149754
941.818286,76.570323,114.855485,-9418.149754
941.818913,76.570323,114.855485,-9418.149754
941.819541,172.283227,114.855485,-9379.864592
941.820168,76.570323,114.855485,-9437.292334
941.820795,133.998066,133.998066,-9399.007173
941.821423,133.998066,114.855485,-9418.149754
941.822050,114.855485,95.712904,-9379.864592
941.822678,95.712904,133.998066,-9360.722011
941.823305,133.998066,172.283227,-9399.007173
941.823932,76.570323,114.855485,-9418.149754
941.824560,133.998066,114.855485,-9418.149754
941.825187,153.140646,133.998066,-9379.864592
941.825814,76.570323,172.283227,-9456.434915
941.826442,76.570323,114.855485,-9418.149754
941.827069,133.998066,114.855485,-9418.149754
941.827697,38.285162,172.283227,-9360.722011
941.828324,133.998066,114.855485,-9418.149754
941.828951,133.998066,114.855485,-9418.149754
941.829579,133.998066,153.140646,-9418.149754
941.830206,76.570323,114.855485,-9418.149754
941.830833,133.998066,114.855485,-9437.292334
941.831461,133.998066,153.140646,-9418.149754
941.832088,133.998066,114.855485,-9437.292334
941.832715,95.712904,153.140646,-9437.292334
941.833343,76.570323,57.427742,-9399.007173
941.833970,133.998066,114.855485,-9418.149754
941.834598,76.570323,172.283227,-9418.149754
941.835225,133.998066,114.855485,-9418.149754
941.835852,95.712904,95.712904,-9399.007173
941.836480,133.998066,114.855485,-9494.720077
941.837107,76.570323,114.855485,-9456.434915
941.837734,38.285162,76.570323,-9322.436850
941.838362,76.570323,114.855485,-9418.149754
941.838989,114.855485,95.712904,-9399.007173
941.839616,133.998066,172.283227,-9418.149754
941.840244,38.285162,153.140646,-9418.149754
941.840871,133.998066,114.855485,-9456.434915
941.841498,76.570323,114.855485,-9418.149754
941.842126,95.712904,95.712904,-9399.007173
941.842753,133.998066,210.568389,-9399.007173
941.843380,76.570323,172.283227,-9418.149754
941.844008,114.855485,133.998066,-9360.722011
941.844635,95.712904,95.712904,-9399.007173
941.845262,95.712904,172.283227,-9418.149754
941.845890,210.568389,133.998066,-9399.007173
941.846517,76.570323,114.855485,-9418.149754
941.847144,95.712904,153.140646,-9360.722011
941.847772,95.712904,114.855485,-9418.149754
941.848399,76.570323,114.855485,-9418.149754
941.849026,172.283227,114.855485,-9379.864592
941.849654,76.570323,114.855485,-9418.149754
941.850281,114.855485,114.855485,-9399.007173
941.850908,114.855485,133.998066,-9360.722011
941.851536,133.998066,114.855485,-9418.149754
941.852163,133.998066,153.140646,-9437.292334
941.852790,76.570323,210.568389,-9418.149754
941.853418,38.285162,153.140646,-9418.149754
941.854045,133.998066,153.140646,-9360.722011
941.854672,76.570323,210.568389,-9418.149754
941.855300,76.570323,172.283227,-9360.722011
941.855927,76.570323,114.855485,-9418.149754
941.856554,95.712904,153.140646,-9437.292334
941.857182,76.570323,153.140646,-9418.149754
941.857809,57.427742,172.283227,-9360.722011
941.858436,133.998066,153.140646,-9418.149754
941.859064,38.285162,114.855485,-9418.149754
941.859691,133.998066,172.283227,-9418.149754
941.860318,133.998066,114.855485,-9418.149754
941.860946,76.570323,133.998066,-9360.722011
941.861573,38.285162,114.855485,-9437.292334
941.862200,114.855485,133.998066,-9360.722011
941.862828,76.570323,114.855485,-9418.149754
941.863455,153.140646,153.140646,-9399.007173
941.864082,133.998066,133.998066,-9399.007173
941.864710,76.570323,153.140646,-9456.434915
941.865337,95.712904,172.283227,-9360.722011
941.865964,114.855485,76.570323,-9437.292334
941.866592,153.140646,133.998066,-9399.007173
941.867219,76.570323,153.140646,-9418.149754
941.867846,133.998066,172.283227,-9418.149754
941.868474,95.712904,95.712904,-9399.007173
941.869101,95.712904,95.712904,-9399.007173
941.869728,95.712904,153.140646,-9418.149754
941.870356,114.855485,133.998066,-9360.722011
941.870983,95.712904,153.140646,-9418.149754
941.871610,38.285162,153.140646,-9418.149754
941.872238,76.570323,114.855485,-9418.149754
941.872865,57.427742,133.998066,-9360.722011
941.873492,133.998066,153.140646,-9418.149754
941.874120,76.570323,114.855485,-9456.434915
941.874747,95.712904,133.998066,-9360.722011
941.875374,76.570323,114.855485,-9418.149754
941.876002,76.570323,114.855485,-9360.722011
941.876629,114.855485,114.855485,-9379.864592
941.877256,133.998066,133.998066,-9399.007173
941.877884,95.712904,95.712904,-9399.007173
941.878511,76.570323,114.855485,-9418.149754
941.879138,57.427742,95.712904,-9399.007173
941.879766,114.855485,172.283227,-9360.722011
941.880393,76.570323,172.283227,-9360.722011
941.881020,76.570323,210.568389,-9418.149754
941.881648,133.998066,210.568389,-9437.292334
941.882275,114.855485,95.712904,-9494.720077
941.882902,153.140646,133.998066,-9494.720077
941.883530,133.998066,191.425808,-9437.292334
941.884157,38.285162,153.140646,-9360.722011
941.884784,95.712904,153.140646,-9418.149754
941.885412,133.998066,210.568389,-9456.434915
941.886039,76.570323,210.568389,-9437.292334
941.886666,76.570323,153.140646,-9418.149754
941.887294,133.998066,153.140646,-9494.720077
941.887921,133.998066,191.425808,-9437.292334
941.888548,76.570323,172.283227,-9418.149754
941.889176,76.570323,114.855485,-9360.722011
941.889803,76.570323,114.855485,-9437.292334
941.890430,38.285162,114.855485,-9418.149754
941.891058,114.855485,191.425808,-9379.864592
941.891685,76.570323,153.140646,-9418.149754
941.892312,76.570323,114.855485,-9418.149754
941.892940,76.570323,172.283227,-9418.149754
941.893567,76.570323,114.855485,-9418.149754
941.894194,95.712904,153.140646,-9360.722011
941.894822,114.855485,133.998066,-9322.436850
941.895449,114.855485,191.425808,-9360.722011
941.896076,133.998066,114.855485,-9418.149754
941.896704,38.285162,114.855485,-9437.292334
941.897331,133.998066,114.855485,-9418.149754
941.897958,133.998066,114.855485,-9418.149754
941.898586,76.570323,133.998066,-9418.149754
941.899213,133.998066,114.855485,-9418.149754
941.899840,76.570323,114.855485,-9437.292334
941.900468,95.712904,95.712904,-9399.007173
941.901095,133.998066,133.998066,-9399.007173
941.901722,76.570323,153.140646,-9456.434915
941.902350,76.570323,210.568389,-9437.292334
941.902977,76.570323,114.855485,-9456.434915
941.903604,95.712904,114.855485,-9418.149754
941.904232,76.570323,114.855485,-9418.149754
941.904859,38.285162,153.140646,-9418.149754
941.905486,133.998066,172.283227,-9418.149754
941.906114,95.712904,114.855485,-9418.149754
941.906741,76.570323,172.283227,-9418.149754
941.907368,76.570323,172.283227,-9475.577496
941.907996,38.285162,114.855485,-9418.149754
941.908623,76.570323,114.855485,-9456.434915
941.909250,76.570323,114.855485,-9418.149754
941.909878,133.998066,114.855485,-9360.722011
941.910505,133.998066,76.570323,-9322.436850
941.911132,95.712904,95.712904,-9399.007173
941.911760,133.998066,153.140646,-9456.434915
941.912387,114.855485,153.140646,-9360.722011
941.913014,76.570323,229.710970,-9418.149754
941.913642,76.570323,114.855485,-9418.149754
941.914269,76.570323,114.855485,-9418.149754
941.914896,57.427742,95.712904,-9399.007173
941.915524,38.285162,114.855485,-9456.434915
941.916151,133.998066,114.855485,-9418.149754
941.916778,153.140646,133.998066,-9399.007173
941.917406,153.140646,133.998066,-9437.292334
941.918033,114.855485,95.712904,-9399.007173
941.918660,76.570323,153.140646,-9418.149754
941.919288,114.855485,133.998066,-9360.722011
941.919915,76.570323,114.855485,-9475.577496
941.920542,95.712904,133.998066,-9360.722011
941.921170,57.427742,95.712904,-9399.007173
941.921797,76.570323,153.140646,-9418.149754
941.922424,133.998066,153.140646,-9379.864592
941.923052,76.570323,153.140646,-9418.149754
941.923679,95.712904,95.712904,-9399.007173
941.924306,153.140646,133.998066,-9399.007173
941.924934,114.855485,114.855485,-9399.007173
941.925561,76.570323,114.855485,-9456.434915
941.926188,76.570323,114.855485,-9418.149754
941.926816,38.285162,172.283227,-9418.149754
941.927443,114.855485,172.283227,-9360.722011
941.928070,153.140646,153.140646,-9399.007173
941.928698,172.283227,153.140646,-9379.864592
941.929325,133.998066,153.140646,-9437.292334
941.929952,76.570323,172.283227,-9437.292334
941.930580,95.712904,210.568389,-9418.149754
941.931207,95.712904,133.998066,-9360.722011
941.931834,38.285162,114.855485,-9418.149754
941.932462,95.712904,133.998066,-9418.149754
941.933089,114.855485,95.712904,-9399.007173
941.933716,114.855485,114.855485,-9379.864592
941.934344,95.712904,153.140646,-9360.722011
941.934971,19.142581,210.568389,-9418.149754
941.935599,76.570323,153.140646,-9437.292334
941.936226,57.427742,95.712904,-9379.864592
941.936853,114.855485,172.283227,-9360.722011
941.937481,114.855485,248.853550,-9360.722011
941.938108,133.998066,153.140646,-9437.292334
941.938736,95.712904,229.710970,-9418.149754
941.939363,76.570323,191.425808,-9360.722011
941.939990,95.712904,114.855485,-9418.149754
941.940618,76.570323,76.570323,-9379.864592
941.941245,114.855485,133.998066,-9418.149754
941.941873,57.427742,95.712904,-9437.292334
941.942500,38.285162,114.855485,-9418.149754
941.943127,133.998066,114.855485,-9418.149754
941.943755,153.140646,133.998066,-9399.007173
941.944382,76.570323,153.140646,-9437.292334
941.945010,133.998066,172.283227,-9418.149754
941.945637,133.998066,153.140646,-9418.149754
941.946264,57.427742,133.998066,-9360.722011
941.946892,95.712904,172.283227,-9418.149754
941.947519,76.570323,114.855485,-9418.149754
941.948147,95.712904,133.998066,-9360.722011
941.948774,76.570323,114.855485,-9360.722011
941.949402,57.427742,76.570323,-9360.722011
941.950029,76.570323,76.570323,-9379.864592
941.950656,76.570323,172.283227,-9418.149754
941.951284,76.570323,114.855485,-9437.292334
941.951911,95.712904,133.998066,-9360.722011
941.952539,57.427742,114.855485,-9437.292334
941.953166,76.570323,114.855485,-9437.292334
941.953793,133.998066,210.568389,-9437.292334
941.954421,19.142581,114.855485,-9418.149754
941.955048,133.998066,153.140646,-9418.149754
941.955676,153.140646,133.998066,-9399.007173
941.956303,95.712904,191.425808,-9360.722011
941.956930,76.570323,114.855485,-9418.149754
941.957558,95.712904,114.855485,-9399.007173
941.958185,133.998066,114.855485,-9418.149754
941.958813,95.712904,95.712904,-9437.292334
941.959440,76.570323,114.855485,-9418.149754
941.960067,95.712904,133.998066,-9360.722011
941.960695,133.998066,114.855485,-9418.149754
941.961322,95.712904,153.140646,-9418.149754
941.961950,57.427742,133.998066,-9360.722011
941.962577,95.712904,95.712904,-9399.007173
941.963205,133.998066,76.570323,-9379.864592
941.963832,95.712904,210.568389,-9418.149754
941.964459,76.570323,95.712904,-9456.434915
941.965087,114.855485,76.570323,-9418.149754
941.965714,133.998066,133.998066,-9399.007173
941.966342,38.285162,114.855485,-9418.149754
941.966969,133.998066,172.283227,-9418.149754
941.967596,133.998066,153.140646,-9418.149754
941.968224,153.140646,172.283227,-9437.292334
941.968851,76.570323,114.855485,-9360.722011
941.969479,76.570323,114.855485,-9437.292334
941.970106,76.570323,172.283227,-9418.149754
941.970733,38.285162,114.855485,-9456.434915
941.971361,133.998066,114.855485,-9456.434915
941.971988,133.998066,114.855485,-9399.007173
941.972616,133.998066,114.855485,-9437.292334
941.973243,38.285162,114.855485,-9418.149754
941.973870,95.712904,153.140646,-9418.149754
941.974498,153.140646,172.283227,-9399.007173
941.975125,133.998066,114.855485,-9418.149754
941.975753,133.998066,133.998066,-9399.007173
941.976380,38.285162,114.855485,-9360.722011
941.977007,133.998066,210.568389,-9456.434915
941.977635,133.998066,153.140646,-9418.149754
941.978262,133.998066,153.140646,-9418.149754
941.978890,76.570323,114.855485,-9418.149754
941.979517,38.285162,114.855485,-9418.149754
941.980145,133.998066,114.855485,-9418.149754
941.980772,95.712904,133.998066,-9360.722011
941.981399,95.712904,95.712904,-9399.007173
941.982027,38.285162,114.855485,-9418.149754
941.982654,114.855485,76.570323,-9418.149754
941.983282,95.712904,114.855485,-9437.292334
941.983909,133.998066,153.140646,-9418.149754
941.984536,57.427742,153.140646,-9341.579430
941.985164,57.427742,191.425808,-9360.722011
941.985791,76.570323,153.140646,-9418.149754
941.986419,133.998066,114.855485,-9418.149754
941.987046,133.998066,76.570323,-9379.864592
941.987673,114.855485,95.712904,-9399.007173
941.988301,114.855485,172.283227,-9379.864592
941.988928,133.998066,114.855485,-9418.149754
941.989556,133.998066,172.283227,-9418.149754
941.990183,76.570323,172.283227,-9418.149754
941.990810,76.570323,172.283227,-9418.149754
941.991438,57.427742,95.712904,-9399.007173
941.992065,153.140646,133.998066,-9399.007173
941.992693,95.712904,133.998066,-9360.722011
941.993320,133.998066,210.568389,-9418.149754
941.993948,76.570323,172.283227,-9418.149754
941.994575,133.998066,114.855485,-9456.434915
941.995202,133.998066,114.855485,-9418.149754
941.995830,114.855485,76.570323,-9418.149754
941.996457,76.570323,76.570323,-9399.007173
941.997085,76.570323,210.568389,-9418.149754
941.997712,95.712904,114.855485,-9418.149754
941.998339,114.855485,95.712904,-9399.007173
941.998967,133.998066,114.855485,-9418.149754
941.999594,76.570323,114.855485,-9475.577496
942.000222,76.570323,114.855485,-9418.149754
942.000849,172.283227,114.855485,-9379.864592
942.001476,76.570323,114.855485,-9437.292334
942.002104,38.285162,210.568389,-9418.149754
942.002731,38.285162,114.855485,-9418.149754
942.003359,133.998066,114.855485,-9418.149754
942.003986,153.140646,114.855485,-9418.149754
942.004613,133.998066,153.140646,-9418.149754
942.005241,95.712904,133.998066,-9360.722011
942.005868,95.712904,172.283227,-9360.722011
942.006496,76.570323,114.855485,-9360.722011
942.007123,76.570323,114.855485,-9418.149754
942.007751,76.570323,114.855485,-9456.434915
942.008378,38.285162,114.855485,-9418.149754
942.009005,172.283227,114.855485,-9379.864592
942.009633,114.855485,133.998066,-9360.722011
942.010260,133.998066,76.570323,-9379.864592
942.010888,38.285162,114.855485,-9418.149754
942.011515,76.570323,172.283227,-9437.292334
942.012142,38.285162,114.855485,-9456.434915
942.012770,19.142581,172.283227,-9418.149754
942.013397,38.285162,153.140646,-9418.149754
942.014025,153.140646,172.283227,-9399.007173
942.014652,76.570323,153.140646,-9418.149754
942.015279,133.998066,172.283227,-9437.292334
942.015907,76.570323,210.568389,-9418.149754
942.016534,76.570323,172.283227,-9418.149754
942.017162,114.855485,95.712904,-9399.007173
942.017789,95.712904,133.998066,-9284.151688
942.018416,95.712904,153.140646,-9418.149754
942.019044,76.570323,114.855485,-9418.149754
942.019671,95.712904,172.283227,-9360.722011
942.020299,76.570323,114.855485,-9418.149754
942.020926,133.998066,114.855485,-9418.149754
942.021554,76.570323,114.855485,-9418.149754
942.022181,95.712904,172.283227,-9418.149754
942.022808,133.998066,153.140646,-9418.149754
942.023436,133.998066,153.140646,-9437.292334
942.024063,95.712904,114.855485,-9437.292334
942.024691,95.712904,114.855485,-9475.577496
942.025318,133.998066,114.855485,-9418.149754
942.025945,76.570323,153.140646,-9418.149754
942.026573,76.570323,172.283227,-9418.149754
942.027200,133.998066,114.855485,-9418.149754
942.027828,153.140646,153.140646,-9456.434915
942.028455,133.998066,153.140646,-9418.149754
942.029082,76.570323,114.855485,-9437.292334
942.029710,76.570323,95.712904,-9475.577496
942.030337,76.570323,114.855485,-9418.149754
942.030965,133.998066,153.140646,-9418.149754
942.031592,114.855485,153.140646,-9399.007173
942.032219,133.998066,114.855485,-9418.149754
942.032847,76.570323,191.425808,-9456.434915
942.033474,133.998066,133.998066,-9399.007173
942.034102,76.570323,172.283227,-9418.149754
942.034729,38.285162,210.568389,-9456.434915
942.035357,76.570323,114.855485,-9418.149754
942.035984,133.998066,76.570323,-9399.007173
942.036612,133.998066,114.855485,-9437.292334
942.037239,95.712904,95.712904,-9399.007173
942.037867,133.998066,114.855485,-9456.434915
942.038495,153.140646,133.998066,-9399.007173
942.039122,133.998066,114.855485,-9418.149754
942.039750,57.427742,133.998066,-9360.722011
942.040377,76.570323,114.855485,-9437.292334
942.041005,133.998066,114.855485,-9418.149754
942.041632,153.140646,153.140646,-9437.292334
942.042260,76.570323,172.283227,-9437.292334
942.042888,153.140646,133.998066,-9456.434915
942.043515,133.998066,114.855485,-9418.149754
942.044143,76.570323,114.855485,-9418.149754
942.044770,76.570323,114.855485,-9418.149754
942.045398,76.570323,172.283227,-9418.149754
942.046025,133.998066,210.568389,-9418.149754
942.046653,95.712904,95.712904,-9437.292334
942.047281,95.712904,95.712904,-9399.007173
942.047908,133.998066,114.855485,-9475.577496
942.048536,133.998066,153.140646,-9418.149754
942.049163,76.570323,172.283227,-9418.149754
942.049791,38.285162,153.140646,-9418.149754
942.050418,153.140646,133.998066,-9399.007173
942.051046,76.570323,210.568389,-9418.149754
942.051673,133.998066,114.855485,-9418.149754
942.052301,76.570323,172.283227,-9418.149754
942.052929,133.998066,210.568389,-9418.149754
942.053556,57.427742,95.712904,-9399.007173
942.054184,76.570323,114.855485,-9418.149754
942.054811,76.570323,210.568389,-9360.722011
942.055439,76.570323,114.855485,-9418.149754
942.056066,114.855485,172.283227,-9360.722011
942.056694,95.712904,95.712904,-9437.292334
942.057322,95.712904,114.855485,-9418.149754
942.057949,95.712904,114.855485,-9418.149754
942.058577,76.570323,191.425808,-9437.292334
942.059204,133.998066,210.568389,-9418.149754
942.059832,95.712904,210.568389,-9418.149754
942.060459,38.285162,153.140646,-9418.149754
942.061087,95.712904,191.425808,-9360.722011
942.061714,19.142581,172.283227,-9418.149754
942.062342,133.998066,114.855485,-9418.149754
942.062970,133.998066,114.855485,-9418.149754
942.063597,76.570323,210.568389,-9360.722011
942.064225,114.855485,133.998066,-9360.722011
942.064852,172.283227,172.283227,-9379.864592
942.065480,133.998066,114.855485,-9418.149754
942.066107,153.140646,133.998066,-9399.007173
942.066735,76.570323,172.283227,-9418.149754
942.067363,76.570323,172.283227,-9475.577496
942.067990,76.570323,172.283227,-9418.149754
942.068618,133.998066,191.425808,-9418.149754
942.069245,76.570323,114.855485,-9418.149754
942.069873,76.570323,114.855485,-9418.149754
942.070500,153.140646,133.998066,-9399.007173
942.071128,114.855485,172.283227,-9437.292334
942.071755,38.285162,114.855485,-9399.007173
942.072383,172.283227,172.283227,-9379.864592
942.073011,153.140646,191.425808,-9399.007173
942.073638,114.855485,133.998066,-9360.722011
942.074266,114.855485,76.570323,-9418.149754
942.074893,76.570323,114.855485,-9418.149754
942.075521,38.285162,153.140646,-9437.292334
942.076148,95.712904,114.855485,-9475.577496
942.076776,76.570323,153.140646,-9418.149754
942.077404,38.285162,153.140646,-9418.149754
942.078031,0.000000,95.712904,-9456.434915
942.078659,38.285162,114.855485,-9437.292334
942.079286,76.570323,114.855485,-9360.722011
942.079914,76.570323,114.855485,-9418.149754
942.080541,38.285162,114.855485,-9399.007173
942.081169,57.427742,114.855485,-9418.149754
942.081796,76.570323,114.855485,-9418.149754
942.082424,76.570323,210.568389,-9418.149754
942.083052,114.855485,172.283227,-9360.722011
942.083679,95.712904,133.998066,-9341.579430
942.084307,114.855485,95.712904,-9399.007173
942.084934,38.285162,114.855485,-9418.149754
942.085562,95.712904,153.140646,-9360.722011
942.086189,133.998066,114.855485,-9418.149754
942.086817,133.998066,114.855485,-9418.149754
942.087445,114.855485,133.998066,-9360.722011
942.088072,76.570323,114.855485,-9418.149754
942.088700,57.427742,114.855485,-9456.434915
942.089327,133.998066,133.998066,-9399.007173
942.089955,95.712904,133.998066,-9360.722011
942.090582,114.855485,172.283227,-9360.722011
942.091210,38.285162,114.855485,-9418.149754
942.091837,38.285162,114.855485,-9418.149754
942.092465,76.570323,76.570323,-9399.007173
942.093093,95.712904,114.855485,-9437.292334
942.093720,114.855485,95.712904,-9399.007173
942.094348,133.998066,114.855485,-9418.149754
942.094975,133.998066,153.140646,-9456.434915
942.095603,76.570323,133.998066,-9360.722011
942.096230,76.570323,172.283227,-9360.722011
942.096858,133.998066,114.855485,-9418.149754
942.097486,133.998066,114.855485,-9418.149754
942.098113,172.283227,210.568389,-9379.864592
942.098741,38.285162,210.568389,-9418.149754
942.099368,38.285162,172.283227,-9437.292334
942.099996,57.427742,153.140646,-9418.149754
942.100623,172.283227,114.855485,-9379.864592
942.101251,133.998066,153.140646,-9418.149754
942.101878,76.570323,229.710970,-9418.149754
942.102506,133.998066,114.855485,-9418.149754
942.103134,153.140646,153.140646,-9399.007173
942.103761,153.140646,133.998066,-9399.007173
942.104389,133.998066,153.140646,-9437.292334
942.105016,76.570323,114.855485,-9456.434915
942.105644,76.570323,114.855485,-9418.149754
942.106271,133.998066,153.140646,-9399.007173
942.106899,133.998066,114.855485,-9418.149754
942.107527,76.570323,114.855485,-9360.722011
942.108154,76.570323,114.855485,-9418.149754
942.108782,38.285162,114.855485,-9418.149754
942.109409,95.712904,133.998066,-9360.722011
942.110037,95.712904,114.855485,-9418.149754
942.110664,95.712904,153.140646,-9418.149754
942.111292,153.140646,133.998066,-9399.007173
942.111920,38.285162,172.283227,-9418.149754
942.112547,76.570323,210.568389,-9418.149754
942.113175,38.285162,172.283227,-9437.292334
942.113802,76.570323,114.855485,-9418.149754
942.114430,133.998066,153.140646,-9418.149754
942.115057,76.570323,153.140646,-9456.434915
942.115685,76.570323,114.855485,-9418.149754
942.116312,76.570323,76.570323,-9379.864592
942.116940,76.570323,114.855485,-9456.434915
942.117568,76.570323,114.855485,-9418.149754
942.118195,76.570323,114.855485,-9418.149754
942.118823,76.570323,114.855485,-9418.149754
942.119450,133.998066,114.855485,-9437.292334
942.120078,153.140646,133.998066,-9399.007173
942.120705,114.855485,95.712904,-9399.007173
942.121333,76.570323,114.855485,-9418.149754
942.121961,38.285162,172.283227,-9418.149754
942.122588,95.712904,172.283227,-9360.722011
942.123216,76.570323,172.283227,-9360.722011
942.123843,76.570323,114.855485,-9456.434915
942.124471,76.570323,114.855485,-9418.149754
942.125098,133.998066,114.855485,-9418.149754
942.125726,114.855485,133.998066,-9360.722011
942.126353,38.285162,114.855485,-9418.149754
942.126981,133.998066,114.855485,-9418.149754
942.127609,133.998066,153.140646,-9418.149754
942.128236,95.712904,133.998066,-9360.722011
942.128864,76.570323,114.855485,-9494.720077
942.129491,95.712904,153.140646,-9437.292334
942.130119,38.285162,114.855485,-9456.434915
942.130746,76.570323,172.283227,-9456.434915
942.131374,133.998066,153.140646,-9456.434915
942.132002,153.140646,191.425808,-9399.007173
942.132629,114.855485,95.712904,-9399.007173
942.133257,133.998066,76.570323,-9379.864592
942.133884,76.570323,153.140646,-9418.149754
942.134512,133.998066,114.855485,-9418.149754
942.135139,133.998066,191.425808,-9418.149754
942.135767,38.285162,114.855485,-9360.722011
942.136394,133.998066,114.855485,-9418.149754
942.137022,95.712904,114.855485,-9418.149754
942.137650,133.998066,114.855485,-9418.149754
942.138277,133.998066,133.998066,-9399.007173
942.138905,133.998066,114.855485,-9418.149754
942.139532,133.998066,153.140646,-9437.292334
942.140160,133.998066,114.855485,-9418.149754
942.140787,133.998066,172.283227,-9418.149754
942.141415,76.570323,153.140646,-9418.149754
942.142042,95.712904,133.998066,-9360.722011
942.142670,76.570323,114.855485,-9437.292334
942.143297,95.712904,95.712904,-9399.007173
942.143925,95.712904,95.712904,-9456.434915
942.144553,76.570323,114.855485,-9418.149754
942.145180,19.142581,114.855485,-9418.149754
942.145808,76.570323,114.855485,-9456.434915
942.146435,114.855485,133.998066,-9360.722011
942.147063,76.570323,172.283227,-9418.149754
942.147690,76.570323,114.855485,-9418.149754
942.148318,133.998066,153.140646,-9418.149754
942.148945,76.570323,114.855485,-9418.149754
942.149573,76.570323,114.855485,-9418.149754
942.150200,133.998066,153.140646,-9456.434915
942.150828,57.427742,114.855485,-9418.149754
942.151456,95.712904,133.998066,-9360.722011
942.152083,76.570323,114.855485,-9437.292334
942.152711,76.570323,114.855485,-9418.149754
942.153338,95.712904,133.998066,-9360.722011
942.153966,57.427742,133.998066,-9360.722011
942.154593,133.998066,76.570323,-9379.864592
942.155221,153.140646,133.998066,-9399.007173
942.155848,114.855485,95.712904,-9399.007173
942.156476,133.998066,210.568389,-9456.434915
942.157103,76.570323,114.855485,-9418.149754
942.157731,95.712904,153.140646,-9418.149754
942.158359,38.285162,153.140646,-9418.149754
942.158986,76.570323,153.140646,-9360.722011
942.159614,133.998066,114.855485,-9418.149754
942.160241,133.998066,133.998066,-9399.007173
942.160869,57.427742,133.998066,-9360.722011
942.161496,153.140646,133.998066,-9494.720077
942.162124,153.140646,133.998066,-9456.434915
942.162751,133.998066,114.855485,-9418.149754
942.163379,153.140646,133.998066,-9437.292334
942.164006,133.998066,114.855485,-9418.149754
942.164634,76.570323,153.140646,-9418.149754
942.165262,114.855485,95.712904,-9399.007173
942.165889,133.998066,114.855485,-9475.577496
942.166517,76.570323,172.283227,-9456.434915
942.167144,133.998066,172.283227,-9418.149754
942.167772,133.998066,153.140646,-9437.292334
942.168399,133.998066,191.425808,-9418.149754
942.169027,38.285162,114.855485,-9418.149754
942.169654,76.570323,114.855485,-9418.149754
942.170282,133.998066,114.855485,-9360.722011
942.170910,57.427742,153.140646,-9360.722011
942.171537,95.712904,114.855485,-9418.149754
942.172165,95.712904,133.998066,-9360.722011
942.172792,57.427742,133.998066,-9360.722011
942.173420,76.570323,114.855485,-9418.149754
942.174047,38.285162,114.855485,-9437.292334
942.174675,76.570323,114.855485,-9494.720077
942.175302,133.998066,114.855485,-9456.434915
942.175930,133.998066,114.855485,-9437.292334
942.176557,76.570323,114.855485,-9418.149754
942.177185,95.712904,95.712904,-9399.007173
942.177813,95.712904,95.712904,-9456.434915
942.178440,57.427742,133.998066,-9360.722011
942.179068,95.712904,133.998066,-9418.149754
942.179695,133.998066,114.855485,-9418.149754
942.180323,76.570323,114.855485,-9437.292334
942.180950,133.998066,114.855485,-9418.149754
942.181578,133.998066,153.140646,-9418.149754
942.182205,95.712904,133.998066,-9360.722011
942.182833,153.140646,114.855485,-9418.149754
942.183460,153.140646,114.855485,-9360.722011
942.184088,133.998066,114.855485,-9418.149754
942.184716,95.712904,191.425808,-9360.722011
942.185343,76.570323,114.855485,-9418.149754
942.185971,172.283227,133.998066,-9360.722011
942.186598,153.140646,191.425808,-9399.007173
942.187226,133.998066,114.855485,-9418.149754
942.187853,153.140646,133.998066,-9399.007173
942.188481,76.570323,153.140646,-9418.149754
942.189108,76.570323,114.855485,-9418.149754
942.189736,133.998066,114.855485,-9418.149754
942.190363,76.570323,153.140646,-9418.149754
942.190991,76.570323,114.855485,-9418.149754
942.191619,76.570323,153.140646,-9418.149754
942.192246,95.712904,133.998066,-9360.722011
942.192874,133.998066,114.855485,-9418.149754
942.193501,76.570323,133.998066,-9360.722011
942.194129,114.855485,133.998066,-9360.722011
942.194756,133.998066,114.855485,-9437.292334
942.195384,76.570323,114.855485,-9418.149754
942.196011,114.855485,133.998066,-9360.722011
942.196639,133.998066,95.712904,-9418.149754
942.197267,76.570323,114.855485,-9418.149754
942.197894,95.712904,95.712904,-9456.434915
942.198522,133.998066,114.855485,-9437.292334
942.199149,76.570323,153.140646,-9418.149754
942.199777,133.998066,114.855485,-9437.292334
942.200404,133.998066,172.283227,-9456.434915
942.201032,76.570323,114.855485,-9360.722011
942.201659,76.570323,172.283227,-9418.149754
942.202287,133.998066,114.855485,-9418.149754
942.202914,133.998066,114.855485,-9418.149754
942.203542,153.140646,172.283227,-9399.007173
942.204170,133.998066,114.855485,-9437.292334
942.204797,76.570323,114.855485,-9437.292334
942.205425,76.570323,153.140646,-9418.149754
942.206052,114.855485,95.712904,-9437.292334
942.206680,133.998066,114.855485,-9418.149754
942.207307,172.283227,114.855485,-9379.864592
942.207935,76.570323,172.283227,-9418.149754
942.208562,57.427742,172.283227,-9360.722011
942.209190,57.427742,191.425808,-9360.722011
942.209817,76.570323,210.568389,-9418.149754
942.210445,19.142581,172.283227,-9437.292334
942.211073,76.570323,153.140646,-9418.149754
942.211700,76.570323,114.855485,-9418.149754
942.212328,76.570323,114.855485,-9418.149754
942.212955,153.140646,210.568389,-9399.007173
942.213583,133.998066,210.568389,-9418.149754
942.214210,95.712904,172.283227,-9360.722011
942.214838,95.712904,153.140646,-9418.149754
942.215465,133.998066,153.140646,-9456.434915
942.216093,153.140646,133.998066,-9456.434915
942.216720,38.285162,153.140646,-9360.722011
942.217348,95.712904,133.998066,-9360.722011
942.217976,153.140646,172.283227,-9456.434915
942.218603,76.570323,114.855485,-9418.149754
942.219231,38.285162,172.283227,-9418.149754
942.219858,76.570323,172.283227,-9418.149754
942.220486,38.285162,114.855485,-9418.149754
942.221113,95.712904,172.283227,-9437.292334
942.221741,133.998066,114.855485,-9456.434915
942.222368,76.570323,114.855485,-9418.149754
942.222996,153.140646,191.425808,-9399.007173
942.223623,76.570323,114.855485,-9418.149754
942.224251,38.285162,114.855485,-9475.577496
942.224879,114.855485,95.712904,-9399.007173
942.225506,133.998066,210.568389,-9418.149754
942.226134,76.570323,153.140646,-9456.434915
942.226761,76.570323,153.140646,-9418.149754
942.227389,133.998066,114.855485,-9437.292334
942.228016,114.855485,133.998066,-9360.722011
942.228644,133.998066,114.855485,-9418.149754
942.229271,114.855485,95.712904,-9399.007173
942.229899,133.998066,133.998066,-9399.007173
942.230527,76.570323,153.140646,-9418.149754
942.231154,95.712904,133.998066,-9360.722011
942.231782,76.570323,210.568389,-9418.149754
942.232409,76.570323,153.140646,-9418.149754
942.233037,133.998066,172.283227,-9418.149754
942.233664,95.712904,95.712904,-9399.007173
942.234292,57.427742,153.140646,-9437.292334
942.234919,76.570323,114.855485,-9418.149754
942.235547,95.712904,114.855485,-9418.149754
942.236175,133.998066,114.855485,-9418.149754
942.236802,114.855485,114.855485,-9379.864592
942.237430,57.427742,95.712904,-9399.007173
942.238058,76.570323,114.855485,-9437.292334
942.238685,95.712904,95.712904,-9399.007173
942.239313,133.998066,172.283227,-9418.149754
942.239941,76.570323,172.283227,-9418.149754
942.240568,133.998066,114.855485,-9418.149754
942.241196,133.998066,114.855485,-9418.149754
942.241823,19.142581,114.855485,-9418.149754
942.242451,76.570323,153.140646,-9418.149754
942.243079,38.285162,133.998066,-9360.722011
942.243706,76.570323,114.855485,-9418.149754
942.244334,95.712904,153.140646,-9475.577496
942.244962,133.998066,191.425808,-9418.149754
942.245589,153.140646,191.425808,-9399.007173
942.246217,114.855485,133.998066,-9360.722011
942.246845,76.570323,210.568389,-9341.579430
942.247472,76.570323,114.855485,-9418.149754
942.248100,76.570323,114.855485,-9418.149754
942.248728,76.570323,114.855485,-9418.149754
942.249355,133.998066,114.855485,-9418.149754
942.249983,153.140646,133.998066,-9399.007173
942.250611,76.570323,153.140646,-9475.577496
942.251238,133.998066,153.140646,-9418.149754
942.251866,133.998066,114.855485,-9418.149754
942.252494,76.570323,114.855485,-9360.722011
942.253121,76.570323,172.283227,-9418.149754
942.253749,133.998066,133.998066,-9399.007173
942.254376,95.712904,133.998066,-9360.722011
942.255004,76.570323,210.568389,-9418.149754
942.255632,114.855485,95.712904,-9399.007173
942.256259,57.427742,95.712904,-9456.434915
942.256887,57.427742,95.712904,-9399.007173
942.257515,133.998066,114.855485,-9456.434915
942.258142,57.427742,114.855485,-9494.720077
942.258770,76.570323,114.855485,-9418.149754
942.259398,38.285162,153.140646,-9418.149754
942.260025,76.570323,114.855485,-9418.149754
942.260653,76.570323,114.855485,-9418.149754
942.261281,95.712904,114.855485,-9418.149754
942.261908,76.570323,114.855485,-9418.149754
942.262536,76.570323,153.140646,-9418.149754
942.263164,76.570323,133.998066,-9360.722011
942.263791,133.998066,133.998066,-9399.007173
942.264419,95.712904,172.283227,-9360.722011
942.265046,95.712904,95.712904,-9399.007173
942.265674,133.998066,114.855485,-9418.149754
942.266302,76.570323,114.855485,-9418.149754
942.266929,133.998066,114.855485,-9418.149754
942.267557,133.998066,191.425808,-9418.149754
942.268185,95.712904,153.140646,-9360.722011
942.268812,76.570323,210.568389,-9418.149754
942.269440,133.998066,153.140646,-9399.007173
942.270068,38.285162,172.283227,-9418.149754
942.270695,95.712904,153.140646,-9360.722011
942.271323,133.998066,210.568389,-9399.007173
942.271951,153.140646,133.998066,-9399.007173
942.272578,133.998066,114.855485,-9418.149754
942.273206,95.712904,172.283227,-9341.579430
942.273834,172.283227,76.570323,-9418.149754
942.274461,38.285162,114.855485,-9418.149754
942.275089,95.712904,114.855485,-9418.149754
942.275717,95.712904,133.998066,-9360.722011
942.276344,114.855485,95.712904,-9399.007173
942.276972,133.998066,114.855485,-9418.149754
942.277599,76.570323,114.855485,-9456.434915
942.278227,76.570323,210.568389,-9418.149754
942.278855,57.427742,133.998066,-9360.722011
942.279482,114.855485,95.712904,-9399.007173
942.280110,153.140646,133.998066,-9437.292334
942.280738,76.570323,114.855485,-9437.292334
942.281365,57.427742,153.140646,-9341.579430
942.281993,172.283227,210.568389,-9379.864592
942.282621,172.283227,153.140646,-9379.864592
942.283248,76.570323,114.855485,-9437.292334
942.283876,76.570323,172.283227,-9418.149754
942.284504,133.998066,133.998066,-9399.007173
942.285131,153.140646,133.998066,-9399.007173
942.285759,76.570323,153.140646,-9418.149754
942.286387,133.998066,114.855485,-9418.149754
942.287014,76.570323,114.855485,-9418.149754
942.287642,133.998066,172.283227,-9418.149754
942.288270,76.570323,210.568389,-9418.149754
942.288897,76.570323,210.568389,-9418.149754
942.289525,76.570323,229.710970,-9456.434915
942.290152,133.998066,153.140646,-9418.149754
942.290780,76.570323,153.140646,-9418.149754
942.291408,133.998066,114.855485,-9418.149754
942.292035,153.140646,133.998066,-9399.007173
942.292663,133.998066,210.568389,-9456.434915
942.293291,76.570323,114.855485,-9418.149754
942.293918,76.570323,114.855485,-9418.149754
942.294546,114.855485,95.712904,-9437.292334
942.295174,133.998066,172.283227,-9399.007173
942.295801,57.427742,172.283227,-9360.722011
942.296429,133.998066,114.855485,-9360.722011
942.297057,133.998066,114.855485,-9418.149754
942.297684,114.855485,133.998066,-9360.722011
942.298312,114.855485,95.712904,-9399.007173
942.298940,153.140646,133.998066,-9399.007173
942.299567,38.285162,114.855485,-9418.149754
942.300195,133.998066,172.283227,-9418.149754
942.300822,133.998066,153.140646,-9418.149754
942.301450,114.855485,153.140646,-9360.722011
942.302078,133.998066,114.855485,-9418.149754
942.302705,95.712904,191.425808,-9360.722011
942.303333,133.998066,114.855485,-9418.149754
942.303961,76.570323,114.855485,-9418.149754
942.304588,76.570323,172.283227,-9418.149754
942.305216,95.712904,114.855485,-9418.149754
942.305844,133.998066,114.855485,-9360.722011
942.306471,76.570323,114.855485,-9418.149754
942.307099,76.570323,114.855485,-9456.434915
942.307727,57.427742,95.712904,-9399.007173
942.308354,95.712904,114.855485,-9456.434915
942.308982,95.712904,153.140646,-9360.722011
942.309610,57.427742,153.140646,-9456.434915
942.310237,76.570323,114.855485,-9418.149754
942.310865,133.998066,172.283227,-9475.577496
942.311493,133.998066,114.855485,-9475.577496
942.312120,133.998066,114.855485,-9418.149754
942.312748,133.998066,114.855485,-9418.149754
942.313375,95.712904,95.712904,-9399.007173
942.314003,57.427742,95.712904,-9456.434915
942.314631,76.570323,114.855485,-9456.434915
942.315258,95.712904,95.712904,-9399.007173
942.315886,76.570323,114.855485,-9437.292334
942.316514,133.998066,133.998066,-9399.007173
942.317141,133.998066,153.140646,-9437.292334
942.317769,133.998066,153.140646,-9437.292334
942.318397,114.855485,133.998066,-9360.722011
942.319024,133.998066,114.855485,-9437.292334
942.319652,95.712904,133.998066,-9360.722011
942.320280,114.855485,114.855485,-9399.007173
942.320907,95.712904,95.712904,-9399.007173
942.321535,76.570323,76.570323,-9322.436850
942.322163,57.427742,133.998066,-9360.722011
942.322790,153.140646,133.998066,-9399.007173
942.323418,172.283227,114.855485,-9379.864592
942.324046,153.140646,114.855485,-9418.149754
942.324673,153.140646,172.283227,-9456.434915
942.325301,95.712904,114.855485,-9418.149754
942.325928,133.998066,229.710970,-9418.149754
942.326556,38.285162,172.283227,-9418.149754
942.327184,133.998066,210.568389,-9418.149754
942.327811,76.570323,114.855485,-9418.149754
942.328439,76.570323,172.283227,-9341.579430
942.329067,95.712904,172.283227,-9341.579430
942.329694,95.712904,133.998066,-9360.722011
942.330322,38.285162,114.855485,-9418.149754
942.330950,76.570323,114.855485,-9437.292334
942.331577,38.285162,153.140646,-9418.149754
942.332205,114.855485,95.712904,-9399.007173
942.332833,38.285162,114.855485,-9418.149754
942.333460,38.285162,114.855485,-9437.292334
942.334088,133.998066,114.855485,-9456.434915
942.334716,114.855485,76.570323,-9456.434915
942.335343,38.285162,114.855485,-9418.149754
942.335971,133.998066,114.855485,-9418.149754
942.336598,114.855485,95.712904,-9399.007173
942.337226,76.570323,153.140646,-9437.292334
942.337853,76.570323,172.283227,-9456.434915
942.338481,76.570323,114.855485,-9418.149754
942.339108,95.712904,114.855485,-9475.577496
942.339736,133.998066,153.140646,-9399.007173
942.340363,76.570323,153.140646,-9418.149754
942.340991,76.570323,114.855485,-9418.149754
942.341619,133.998066,114.855485,-9418.149754
942.342246,153.140646,133.998066,-9399.007173
942.342874,133.998066,114.855485,-9418.149754
942.343501,95.712904,133.998066,-9360.722011
942.344129,95.712904,133.998066,-9360.722011
942.344756,95.712904,95.712904,-9437.292334
942.345384,153.140646,172.283227,-9379.864592
942.346011,57.427742,133.998066,-9360.722011
942.346639,76.570323,172.283227,-9360.722011
942.347266,38.285162,114.855485,-9418.149754
942.347894,76.570323,153.140646,-9418.149754
942.348521,76.570323,114.855485,-9437.292334
942.349149,133.998066,153.140646,-9456.434915
942.349776,133.998066,133.998066,-9399.007173
942.350404,133.998066,153.140646,-9418.149754
942.351032,95.712904,133.998066,-9360.722011
942.351659,133.998066,114.855485,-9475.577496
942.352287,76.570323,114.855485,-9418.149754
942.352914,133.998066,172.283227,-9360.722011
942.353542,95.712904,153.140646,-9418.149754
942.354169,38.285162,172.283227,-9360.722011
942.354797,38.285162,172.283227,-9418.149754
942.355424,133.998066,153.140646,-9456.434915
942.356052,133.998066,153.140646,-9418.149754
942.356679,76.570323,153.140646,-9418.149754
942.357307,133.998066,114.855485,-9418.149754
942.357934,57.427742,114.855485,-9418.149754
942.358562,95.712904,133.998066,-9341.579430
942.359189,133.998066,114.855485,-9418.149754
942.359817,38.285162,210.568389,-9418.149754
942.360445,76.570323,114.855485,-9494.720077
942.361072,133.998066,114.855485,-9418.149754
942.361700,76.570323,114.855485,-9437.292334
942.362327,76.570323,172.283227,-9418.149754
942.362955,95.712904,95.712904,-9399.007173
942.363582,133.998066,172.283227,-9437.292334
942.364210,114.855485,95.712904,-9456.434915
942.364837,38.285162,210.568389,-9418.149754
942.365465,38.285162,172.283227,-9418.149754
942.366092,95.712904,95.712904,-9399.007173
942.366720,153.140646,133.998066,-9399.007173
942.367347,133.998066,114.855485,-9418.149754
942.367975,133.998066,114.855485,-9418.149754
942.368602,76.570323,114.855485,-9418.149754
942.369230,76.570323,114.855485,-9418.149754
942.369857,95.712904,114.855485,-9418.149754
942.370485,133.998066,114.855485,-9418.149754
942.371113,76.570323,172.283227,-9418.149754
942.371740,133.998066,114.855485,-9456.434915
942.372368,38.285162,153.140646,-9418.149754
942.372995,76.570323,114.855485,-9418.149754
942.373623,76.570323,114.855485,-9418.149754
942.374250,38.285162,114.855485,-9418.149754
942.374878,95.712904,114.855485,-9456.434915
942.375505,76.570323,114.855485,-9418.149754
942.376133,38.285162,114.855485,-9418.149754
942.376760,153.140646,95.712904,-9341.579430
942.377388,133.998066,114.855485,-9418.149754
942.378015,133.998066,114.855485,-9418.149754
942.378643,95.712904,114.855485,-9456.434915
942.379270,38.285162,114.855485,-9418.149754
942.379898,133.998066,172.283227,-9418.149754
942.380526,76.570323,172.283227,-9418.149754
942.381153,76.570323,229.710970,-9418.149754
942.381781,153.140646,191.425808,-9399.007173
942.382408,76.570323,229.710970,-9418.149754
942.383036,76.570323,210.568389,-9418.149754
942.383663,76.570323,153.140646,-9418.149754
942.384291,133.998066,153.140646,-9418.149754
942.384918,38.285162,114.855485,-9418.149754
942.385546,153.140646,133.998066,-9399.007173
942.386173,153.140646,133.998066,-9437.292334
942.386801,76.570323,114.855485,-9437.292334
942.387428,95.712904,153.140646,-9360.722011
942.388056,153.140646,133.998066,-9399.007173
942.388683,76.570323,172.283227,-9456.434915
942.389311,114.855485,210.568389,-9379.864592
942.389939,95.712904,76.570323,-9379.864592
942.390566,133.998066,114.855485,-9418.149754
942.391194,133.998066,133.998066,-9379.864592
942.391821,76.570323,172.283227,-9418.149754
942.392449,76.570323,229.710970,-9418.149754
942.393076,133.998066,114.855485,-9418.149754
942.393704,76.570323,172.283227,-9418.149754
942.394331,76.570323,114.855485,-9418.149754
942.394959,133.998066,114.855485,-9418.149754
942.395586,133.998066,114.855485,-9437.292334
942.396214,133.998066,114.855485,-9418.149754
942.396841,76.570323,114.855485,-9418.149754
942.397469,76.570323,114.855485,-9437.292334
942.398096,133.998066,114.855485,-9456.434915
942.398724,133.998066,210.568389,-9418.149754
942.399352,76.570323,172.283227,-9418.149754
942.399979,76.570323,114.855485,-9418.149754
942.400607,76.570323,114.855485,-9418.149754
942.401234,38.285162,114.855485,-9418.149754
942.401862,95.712904,210.568389,-9437.292334
942.402489,95.712904,114.855485,-9418.149754
942.403117,76.570323,114.855485,-9437.292334
942.403744,114.855485,95.712904,-9494.720077
942.404372,133.998066,114.855485,-9456.434915
942.404999,76.570323,229.710970,-9418.149754
942.405627,76.570323,114.855485,-9360.722011
942.406254,153.140646,133.998066,-9399.007173
942.406882,57.427742,172.283227,-9418.149754
942.407509,95.712904,133.998066,-9360.722011
942.408137,76.570323,210.568389,-9418.149754
942.408764,133.998066,114.855485,-9437.292334
942.409392,114.855485,210.568389,-9399.007173
942.410020,76.570323,172.283227,-9418.149754
942.410647,133.998066,114.855485,-9418.149754
942.411275,95.712904,133.998066,-9360.722011
942.411902,114.855485,114.855485,-9399.007173
942.412530,153.140646,153.140646,-9399.007173
942.413157,95.712904,133.998066,-9360.722011
942.413785,95.712904,95.712904,-9399.007173
942.414412,95.712904,153.140646,-9418.149754
942.415040,133.998066,172.283227,-9399.007173
942.415667,95.712904,114.855485,-9418.149754
942.416295,133.998066,114.855485,-9418.149754
942.416922,76.570323,153.140646,-9418.149754
942.417550,133.998066,114.855485,-9418.149754
942.418177,114.855485,95.712904,-9456.434915
942.418805,114.855485,133.998066,-9360.722011
942.419433,76.570323,191.425808,-9418.149754
942.420060,76.570323,210.568389,-9418.149754
942.420688,76.570323,114.855485,-9437.292334
942.421315,57.427742,114.855485,-9418.149754
942.421943,76.570323,172.283227,-9418.149754
942.422570,133.998066,76.570323,-9379.864592
942.423198,95.712904,95.712904,-9399.007173
942.423825,95.712904,172.283227,-9437.292334
942.424453,76.570323,114.855485,-9418.149754
942.425080,76.570323,153.140646,-9418.149754
942.425708,57.427742,95.712904,-9399.007173
942.426335,133.998066,172.283227,-9418.149754
942.426963,133.998066,114.855485,-9418.149754
942.427590,133.998066,153.140646,-9418.149754
942.428218,153.140646,133.998066,-9399.007173
942.428846,133.998066,114.855485,-9418.149754
942.429473,76.570323,172.283227,-9418.149754
942.430101,133.998066,114.855485,-9418.149754
942.430728,95.712904,172.283227,-9341.579430
942.431356,76.570323,172.283227,-9437.292334
942.431983,133.998066,172.283227,-9437.292334
942.432611,95.712904,95.712904,-9475.577496
942.433238,153.140646,172.283227,-9437.292334
942.433866,95.712904,133.998066,-9360.722011
942.434493,133.998066,133.998066,-9399.007173
942.435121,114.855485,153.140646,-9360.722011
942.435748,76.570323,114.855485,-9418.149754
942.436376,76.570323,153.140646,-9360.722011
942.437004,76.570323,210.568389,-9418.149754
942.437631,19.142581,172.283227,-9418.149754
942.438259,38.285162,210.568389,-9418.149754
942.438886,76.570323,114.855485,-9418.149754
942.439514,76.570323,114.855485,-9418.149754
942.440142,133.998066,153.140646,-9418.149754
942.440769,38.285162,172.283227,-9418.149754
942.441397,76.570323,114.855485,-9418.149754
942.442025,95.712904,133.998066,-9360.722011
942.442652,76.570323,172.283227,-9418.149754
942.443280,114.855485,133.998066,-9360.722011
942.443907,76.570323,210.568389,-9418.149754
942.444535,133.998066,153.140646,-9418.149754
942.445163,76.570323,172.283227,-9418.149754
942.445790,76.570323,172.283227,-9456.434915
942.446418,76.570323,153.140646,-9418.149754
942.447045,95.712904,133.998066,-9341.579430
942.447673,133.998066,114.855485,-9418.149754
942.448301,76.570323,76.570323,-9379.864592
942.448928,153.140646,133.998066,-9399.007173
942.449556,95.712904,172.283227,-9456.434915
942.450184,95.712904,133.998066,-9322.436850
942.450811,95.712904,153.140646,-9360.722011
942.451439,133.998066,114.855485,-9418.149754
942.452066,114.855485,133.998066,-9360.722011
942.452694,76.570323,114.855485,-9360.722011
942.453322,76.570323,114.855485,-9418.149754
942.453949,38.285162,114.855485,-9418.149754
942.454577,133.998066,114.855485,-9456.434915
942.455204,133.998066,153.140646,-9418.149754
942.455832,133.998066,172.283227,-9360.722011
942.456460,133.998066,114.855485,-9437.292334
942.457087,133.998066,114.855485,-9360.722011
942.457715,133.998066,114.855485,-9360.722011
942.458342,133.998066,153.140646,-9418.149754
942.458970,76.570323,114.855485,-9418.149754
942.459598,76.570323,114.855485,-9418.149754
942.460225,57.427742,133.998066,-9360.722011
942.460853,114.855485,95.712904,-9399.007173
942.461481,133.998066,153.140646,-9418.149754
942.462108,153.140646,191.425808,-9418.149754
942.462736,133.998066,229.710970,-9418.149754
942.463363,172.283227,267.996131,-9456.434915
942.463991,38.285162,153.140646,-9418.149754
942.464619,133.998066,114.855485,-9418.149754
942.465246,133.998066,210.568389,-9418.149754
942.465874,38.285162,114.855485,-9360.722011
942.466501,38.285162,114.855485,-9418.149754
942.467129,133.998066,114.855485,-9418.149754
942.467757,76.570323,153.140646,-9418.149754
942.468384,95.712904,133.998066,-9360.722011
942.469012,114.855485,133.998066,-9360.722011
942.469640,76.570323,172.283227,-9418.149754
942.470267,76.570323,153.140646,-9418.149754
942.470895,95.712904,210.568389,-9418.149754
942.471522,133.998066,114.855485,-9418.149754
942.472150,38.285162,114.855485,-9418.149754
942.472778,76.570323,172.283227,-9418.149754
942.473405,95.712904,114.855485,-9437.292334
942.474033,76.570323,114.855485,-9418.149754
942.474660,57.427742,95.712904,-9437.292334
942.475288,114.855485,153.140646,-9284.151688
942.475916,114.855485,133.998066,-9360.722011
942.476543,153.140646,133.998066,-9379.864592
942.477171,95.712904,114.855485,-9418.149754
942.477799,95.712904,76.570323,-9322.436850
942.478426,95.712904,114.855485,-9418.149754
942.479054,133.998066,172.283227,-9418.149754
942.479681,76.570323,114.855485,-9418.149754
942.480309,76.570323,153.140646,-9437.292334
942.480937,76.570323,153.140646,-9437.292334
942.481564,76.570323,114.855485,-9418.149754
942.482192,114.855485,95.712904,-9399.007173
942.482819,172.283227,76.570323,-9418.149754
942.483447,133.998066,114.855485,-9418.149754
942.484075,133.998066,114.855485,-9418.149754
942.484702,133.998066,114.855485,-9418.149754
942.485330,114.855485,76.570323,-9418.149754
942.485958,95.712904,95.712904,-9399.007173
942.486585,153.140646,172.283227,-9418.149754
942.487213,153.140646,210.568389,-9399.007173
942.487840,172.283227,95.712904,-9399.007173
942.488468,133.998066,114.855485,-9456.434915
942.489096,76.570323,114.855485,-9437.292334
942.489723,76.570323,114.855485,-9418.149754
942.490351,95.712904,172.283227,-9418.149754
942.490978,95.712904,133.998066,-9360.722011
942.491606,57.427742,133.998066,-9360.722011
942.492234,133.998066,210.568389,-9418.149754
942.492861,133.998066,114.855485,-9418.149754
942.493489,57.427742,133.998066,-9360.722011
942.494116,76.570323,114.855485,-9418.149754
942.494744,38.285162,114.855485,-9456.434915
942.495372,133.998066,114.855485,-9418.149754
942.495999,133.998066,133.998066,-9399.007173
942.496627,133.998066,114.855485,-9456.434915
942.497255,95.712904,95.712904,-9399.007173
942.497882,76.570323,114.855485,-9418.149754
942.498510,76.570323,76.570323,-9379.864592
942.499137,76.570323,95.712904,-9399.007173
942.499765,76.570323,114.855485,-9418.149754
942.500393,76.570323,114.855485,-9418.149754
942.501020,133.998066,114.855485,-9418.149754
942.501648,76.570323,114.855485,-9456.434915
942.502275,76.570323,210.568389,-9418.149754
942.502903,76.570323,133.998066,-9360.722011
942.503531,76.570323,172.283227,-9418.149754
942.504158,114.855485,133.998066,-9360.722011
942.504786,153.140646,153.140646,-9379.864592
942.505414,76.570323,172.283227,-9418.149754
942.506041,133.998066,76.570323,-9379.864592
942.506669,153.140646,76.570323,-9379.864592
942.507296,76.570323,114.855485,-9418.149754
942.507924,76.570323,191.425808,-9360.722011
942.508552,153.140646,114.855485,-9418.149754
942.509179,76.570323,114.855485,-9418.149754
942.509807,38.285162,153.140646,-9418.149754
942.510434,95.712904,133.998066,-9341.579430
942.511062,76.570323,153.140646,-9418.149754
942.511690,133.998066,114.855485,-9418.149754
942.512317,76.570323,114.855485,-9418.149754
942.512945,133.998066,153.140646,-9418.149754
942.513573,57.427742,114.855485,-9418.149754
942.514200,133.998066,114.855485,-9418.149754
942.514828,95.712904,133.998066,-9418.149754
942.515455,76.570323,153.140646,-9418.149754
942.516083,95.712904,95.712904,-9399.007173
942.516711,38.285162,172.283227,-9418.149754
942.517338,133.998066,172.283227,-9418.149754
942.517966,133.998066,133.998066,-9399.007173
942.518593,76.570323,191.425808,-9418.149754
942.519221,133.998066,153.140646,-9418.149754
942.519849,153.140646,95.712904,-9360.722011
942.520476,153.140646,172.283227,-9399.007173
942.521104,133.998066,114.855485,-9418.149754
942.521732,95.712904,133.998066,-9360.722011
942.522359,76.570323,172.283227,-9418.149754
942.522987,38.285162,114.855485,-9418.149754
942.523614,57.427742,114.855485,-9399.007173
942.524242,76.570323,172.283227,-9418.149754
942.524870,95.712904,95.712904,-9399.007173
942.525497,133.998066,133.998066,-9437.292334
942.526125,133.998066,172.283227,-9437.292334
942.526752,153.140646,133.998066,-9399.007173
942.527380,133.998066,114.855485,-9418.149754
942.528008,133.998066,114.855485,-9360.722011
942.528635,76.570323,210.568389,-9418.149754
942.529263,153.140646,133.998066,-9379.864592
942.529890,153.140646,133.998066,-9399.007173
942.530518,38.285162,172.283227,-9418.149754
942.531146,57.427742,172.283227,-9360.722011
942.531773,76.570323,114.855485,-9418.149754
942.532401,133.998066,172.283227,-9418.149754
942.533029,133.998066,153.140646,-9437.292334
942.533656,76.570323,172.283227,-9418.149754
942.534284,133.998066,153.140646,-9418.149754
942.534911,76.570323,114.855485,-9418.149754
942.535539,57.427742,133.998066,-9360.722011
942.536167,133.998066,114.855485,-9437.292334
942.536794,133.998066,172.283227,-9418.149754
942.537422,76.570323,172.283227,-9418.149754
942.538049,133.998066,153.140646,-9418.149754
942.538677,76.570323,114.855485,-9418.149754
942.539304,76.570323,76.570323,-9379.864592
942.539932,114.855485,210.568389,-9360.722011
942.540559,95.712904,114.855485,-9399.007173
942.541187,38.285162,114.855485,-9418.149754
942.541814,76.570323,114.855485,-9418.149754
942.542442,38.285162,114.855485,-9418.149754
942.543069,76.570323,153.140646,-9418.149754
942.543697,95.712904,95.712904,-9399.007173
942.544324,153.140646,133.998066,-9437.292334
942.544952,153.140646,153.140646,-9399.007173
942.545580,76.570323,153.140646,-9418.149754
942.546207,133.998066,153.140646,-9418.149754
942.546835,153.140646,95.712904,-9360.722011
942.547462,133.998066,133.998066,-9399.007173
942.548090,114.855485,114.855485,-9379.864592
942.548717,95.712904,133.998066,-9360.722011
942.549345,57.427742,153.140646,-9418.149754
942.549972,95.712904,95.712904,-9399.007173
942.550600,133.998066,114.855485,-9418.149754
942.551227,38.285162,114.855485,-9418.149754
942.551855,38.285162,114.855485,-9437.292334
942.552482,76.570323,114.855485,-9418.149754
942.553110,153.140646,133.998066,-9437.292334
942.553737,133.998066,114.855485,-9418.149754
942.554365,95.712904,114.855485,-9418.149754
942.554992,153.140646,114.855485,-9437.292334
942.555620,133.998066,133.998066,-9437.292334
942.556248,76.570323,210.568389,-9456.434915
942.556875,76.570323,114.855485,-9418.149754
942.557503,95.712904,133.998066,-9360.722011
942.558130,76.570323,210.568389,-9418.149754
942.558758,57.427742,95.712904,-9399.007173
942.559385,114.855485,133.998066,-9360.722011
942.560013,76.570323,153.140646,-9475.577496
942.560640,133.998066,114.855485,-9418.149754
942.561268,133.998066,172.283227,-9418.149754
942.561895,133.998066,114.855485,-9418.149754
942.562523,76.570323,114.855485,-9437.292334
942.563150,133.998066,114.855485,-9418.149754
942.563778,95.712904,114.855485,-9456.434915
942.564405,133.998066,114.855485,-9418.149754
942.565033,133.998066,114.855485,-9437.292334
942.565660,114.855485,95.712904,-9456.434915
942.566288,38.285162,114.855485,-9437.292334
942.566915,38.285162,114.855485,-9418.149754
942.567543,114.855485,95.712904,-9399.007173
942.568171,114.855485,133.998066,-9418.149754
942.568798,95.712904,95.712904,-9475.577496
942.569426,153.140646,133.998066,-9399.007173
942.570053,76.570323,153.140646,-9418.149754
942.570681,76.570323,191.425808,-9418.149754
942.571308,76.570323,191.425808,-9418.149754
942.571936,133.998066,114.855485,-9418.149754
942.572563,133.998066,172.283227,-9437.292334
942.573191,76.570323,153.140646,-9418.149754
942.573818,76.570323,114.855485,-9418.149754
942.574446,133.998066,114.855485,-9418.149754
942.575073,153.140646,153.140646,-9399.007173
942.575701,133.998066,210.568389,-9418.149754
942.576328,76.570323,172.283227,-9437.292334
942.576956,153.140646,153.140646,-9494.720077
942.577583,76.570323,153.140646,-9418.149754
942.578211,153.140646,133.998066,-9399.007173
942.578839,133.998066,114.855485,-9418.149754
942.579466,76.570323,114.855485,-9418.149754
942.580094,95.712904,114.855485,-9418.149754
942.580721,95.712904,95.712904,-9399.007173
942.581349,95.712904,133.998066,-9360.722011
942.581976,76.570323,76.570323,-9379.864592
942.582604,76.570323,133.998066,-9360.722011
942.583231,76.570323,114.855485,-9418.149754
942.583859,133.998066,172.283227,-9418.149754
942.584486,57.427742,133.998066,-9360.722011
942.585114,76.570323,114.855485,-9418.149754
942.585741,172.283227,76.570323,-9418.149754
942.586369,95.712904,172.283227,-9360.722011
942.586996,133.998066,133.998066,-9399.007173
942.587624,95.712904,153.140646,-9418.149754
942.588251,76.570323,114.855485,-9456.434915
942.588879,95.712904,133.998066,-9360.722011
942.589506,133.998066,172.283227,-9475.577496
942.590134,114.855485,114.855485,-9379.864592
942.590762,133.998066,133.998066,-9399.007173
942.591389,76.570323,114.855485,-9418.149754
942.592017,76.570323,153.140646,-9418.149754
942.592644,133.998066,172.283227,-9456.434915
942.593272,114.855485,133.998066,-9360.722011
942.593899,95.712904,114.855485,-9437.292334
942.594527,76.570323,114.855485,-9418.149754
942.595154,133.998066,114.855485,-9418.149754
942.595782,95.712904,133.998066,-9360.722011
942.596409,133.998066,114.855485,-9437.292334
942.597037,76.570323,191.425808,-9418.149754
942.597664,153.140646,153.140646,-9399.007173
942.598292,76.570323,76.570323,-9379.864592
942.598919,95.712904,133.998066,-9360.722011
942.599547,76.570323,153.140646,-9418.149754
942.600174,95.712904,172.283227,-9360.722011
942.600802,95.712904,191.425808,-9360.722011
942.601429,76.570323,114.855485,-9437.292334
942.602057,133.998066,114.855485,-9418.149754
942.602685,114.855485,191.425808,-9360.722011
942.603312,76.570323,210.568389,-9418.149754
942.603940,153.140646,172.283227,-9437.292334
942.604567,133.998066,114.855485,-9418.149754
942.605195,210.568389,133.998066,-9379.864592
942.605822,76.570323,114.855485,-9418.149754
942.606450,95.712904,95.712904,-9399.007173
942.607077,76.570323,153.140646,-9475.577496
942.607705,133.998066,114.855485,-9418.149754
942.608332,114.855485,133.998066,-9360.722011
942.608960,38.285162,114.855485,-9437.292334
942.609587,76.570323,95.712904,-9399.007173
942.610215,76.570323,76.570323,-9379.864592
942.610842,133.998066,172.283227,-9418.149754
942.611470,210.568389,133.998066,-9399.007173
942.612097,76.570323,95.712904,-9437.292334
942.612725,133.998066,114.855485,-9418.149754
942.613353,114.855485,172.283227,-9418.149754
942.613980,133.998066,114.855485,-9456.434915
942.614608,76.570323,153.140646,-9418.149754
942.615235,76.570323,172.283227,-9418.149754
942.615863,38.285162,114.855485,-9418.149754
942.616490,95.712904,114.855485,-9456.434915
942.617118,133.998066,114.855485,-9418.149754
942.617745,133.998066,133.998066,-9456.434915
942.618373,114.855485,95.712904,-9399.007173
942.619000,76.570323,114.855485,-9418.149754
942.619628,133.998066,114.855485,-9418.149754
942.620255,114.855485,114.855485,-9379.864592
942.620883,133.998066,133.998066,-9399.007173
942.621510,76.570323,153.140646,-9437.292334
942.622138,76.570323,114.855485,-9456.434915
942.622765,133.998066,114.855485,-9437.292334
942.623393,133.998066,172.283227,-9418.149754
942.624020,76.570323,172.283227,-9360.722011
942.624648,76.570323,114.855485,-9418.149754
942.625276,133.998066,114.855485,-9418.149754
942.625903,76.570323,114.855485,-9418.149754
942.626531,95.712904,95.712904,-9399.007173
942.627158,76.570323,114.855485,-9456.434915
942.627786,133.998066,153.140646,-9399.007173
942.628413,133.998066,114.855485,-9418.149754
942.629041,133.998066,191.425808,-9418.149754
942.629668,133.998066,114.855485,-9418.149754
942.630296,133.998066,172.283227,-9418.149754
942.630923,38.285162,114.855485,-9418.149754
942.631551,76.570323,114.855485,-9418.149754
942.632178,76.570323,153.140646,-9418.149754
942.632806,76.570323,114.855485,-9418.149754
942.633433,76.570323,114.855485,-9360.722011
942.634061,133.998066,114.855485,-9456.434915
942.634688,133.998066,114.855485,-9418.149754
942.635316,210.568389,133.998066,-9399.007173
942.635944,38.285162,210.568389,-9418.149754
942.636571,76.570323,153.140646,-9418.149754
942.637199,133.998066,172.283227,-9399.007173
942.637826,114.855485,95.712904,-9437.292334
942.638454,114.855485,114.855485,-9379.864592
942.639081,76.570323,76.570323,-9379.864592
942.639709,95.712904,153.140646,-9475.577496
942.640337,76.570323,114.855485,-9418.149754
942.640964,114.855485,114.855485,-9399.007173
942.641592,133.998066,210.568389,-9418.149754
942.642220,153.140646,133.998066,-9399.007173
942.642847,133.998066,114.855485,-9418.149754
942.643475,76.570323,153.140646,-9437.292334
942.644102,38.285162,153.140646,-9418.149754
942.644730,38.285162,114.855485,-9360.722011
942.645358,76.570323,172.283227,-9418.149754
942.645985,114.855485,153.140646,-9360.722011
942.646613,76.570323,172.283227,-9418.149754
942.647240,133.998066,172.283227,-9437.292334
942.647868,76.570323,114.855485,-9418.149754
942.648496,133.998066,114.855485,-9437.292334
942.649123,95.712904,95.712904,-9456.434915
942.649751,76.570323,114.855485,-9437.292334
942.650379,76.570323,114.855485,-9437.292334
942.651006,38.285162,114.855485,-9418.149754
942.651634,114.855485,95.712904,-9399.007173
942.652261,95.712904,133.998066,-9360.722011
942.652889,95.712904,114.855485,-9437.292334
942.653517,57.427742,114.855485,-9418.149754
942.654144,76.570323,114.855485,-9456.434915
942.654772,153.140646,133.998066,-9399.007173
942.655399,95.712904,153.140646,-9418.149754
942.656027,133.998066,153.140646,-9418.149754
942.656655,76.570323,114.855485,-9437.292334
942.657282,95.712904,95.712904,-9379.864592
942.657910,153.140646,133.998066,-9399.007173
942.658537,57.427742,95.712904,-9399.007173
942.659165,133.998066,172.283227,-9418.149754
942.659793,76.570323,153.140646,-9360.722011
942.660420,114.855485,76.570323,-9418.149754
942.661048,133.998066,133.998066,-9437.292334
942.661676,38.285162,153.140646,-9418.149754
942.662303,133.998066,172.283227,-9418.149754
942.662931,210.568389,133.998066,-9399.007173
942.663558,153.140646,133.998066,-9437.292334
942.664186,95.712904,114.855485,-9399.007173
942.664814,133.998066,114.855485,-9437.292334
942.665441,133.998066,133.998066,-9399.007173
942.666069,95.712904,95.712904,-9399.007173
942.666696,38.285162,172.283227,-9418.149754
942.667324,38.285162,114.855485,-9418.149754
942.667952,38.285162,114.855485,-9418.149754
942.668579,95.712904,133.998066,-9360.722011
942.669207,95.712904,133.998066,-9360.722011
942.669835,38.285162,114.855485,-9418.149754
942.670462,76.570323,114.855485,-9418.149754
942.671090,38.285162,172.283227,-9418.149754
942.671717,76.570323,114.855485,-9360.722011
942.672345,133.998066,114.855485,-9418.149754
942.672973,76.570323,114.855485,-9360.722011
942.673600,57.427742,114.855485,-9418.149754
942.674228,76.570323,114.855485,-9475.577496
942.674855,76.570323,114.855485,-9418.149754
942.675483,57.427742,114.855485,-9456.434915
942.676111,76.570323,133.998066,-9284.151688
942.676738,153.140646,133.998066,-9399.007173
942.677366,153.140646,191.425808,-9399.007173
942.677993,38.285162,229.710970,-9418.149754
942.678621,133.998066,114.855485,-9456.434915
942.679249,95.712904,133.998066,-9360.722011
942.679876,133.998066,114.855485,-9418.149754
942.680504,133.998066,114.855485,-9418.149754
942.681132,133.998066,229.710970,-9418.149754
942.681759,38.285162,114.855485,-9418.149754
942.682387,76.570323,114.855485,-9437.292334
942.683014,57.427742,133.998066,-9360.722011
942.683642,114.855485,133.998066,-9360.722011
942.684270,95.712904,133.998066,-9418.149754
942.684897,38.285162,172.283227,-9437.292334
942.685525,76.570323,114.855485,-9418.149754
942.686152,76.570323,114.855485,-9456.434915
942.686780,95.712904,95.712904,-9399.007173
942.687408,57.427742,191.425808,-9418.149754
942.688035,38.285162,114.855485,-9418.149754
942.688663,133.998066,153.140646,-9418.149754
942.689291,133.998066,172.283227,-9418.149754
942.689918,95.712904,172.283227,-9341.579430
942.690546,76.570323,114.855485,-9418.149754
942.691173,38.285162,172.283227,-9418.149754
942.691801,133.998066,114.855485,-9418.149754
942.692429,76.570323,114.855485,-9418.149754
942.693056,76.570323,76.570323,-9379.864592
942.693684,95.712904,114.855485,-9418.149754
942.694311,95.712904,114.855485,-9418.149754
942.694939,133.998066,114.855485,-9437.292334
942.695567,76.570323,114.855485,-9418.149754
942.696194,133.998066,191.425808,-9418.149754
942.696822,133.998066,76.570323,-9379.864592
942.697449,76.570323,114.855485,-9418.149754
942.698077,95.712904,114.855485,-9418.149754
942.698705,38.285162,191.425808,-9418.149754
942.699332,76.570323,172.283227,-9418.149754
942.699960,76.570323,153.140646,-9418.149754
942.700588,133.998066,210.568389,-9418.149754
942.701215,133.998066,114.855485,-9418.149754
942.701843,153.140646,133.998066,-9399.007173
942.702470,76.570323,172.283227,-9418.149754
942.703098,95.712904,133.998066,-9360.722011
942.703726,114.855485,95.712904,-9399.007173
942.704353,95.712904,95.712904,-9399.007173
942.704981,114.855485,133.998066,-9360.722011
942.705608,95.712904,95.712904,-9399.007173
942.706236,76.570323,114.855485,-9418.149754
942.706864,76.570323,172.283227,-9456.434915
942.707491,95.712904,95.712904,-9399.007173
942.708119,76.570323,153.140646,-9418.149754
942.708747,114.855485,133.998066,-9360.722011
942.709374,95.712904,153.140646,-9418.149754
942.710002,76.570323,114.855485,-9437.292334
942.710629,76.570323,114.855485,-9418.149754
942.711257,76.570323,172.283227,-9418.149754
942.711885,95.712904,133.998066,-9360.722011
942.712512,133.998066,153.140646,-9418.149754
942.713140,95.712904,95.712904,-9399.007173
942.713767,133.998066,153.140646,-9418.149754
942.714395,76.570323,114.855485,-9418.149754
942.715023,133.998066,114.855485,-9456.434915
942.715650,133.998066,114.855485,-9418.149754
942.716278,76.570323,133.998066,-9379.864592
942.716905,76.570323,114.855485,-9437.292334
942.717533,133.998066,114.855485,-9418.149754
942.718161,114.855485,133.998066,-9360.722011
942.718788,76.570323,114.855485,-9418.149754
942.719416,133.998066,114.855485,-9418.149754
942.720044,133.998066,114.855485,-9360.722011
942.720671,76.570323,153.140646,-9418.149754
942.721299,76.570323,153.140646,-9456.434915
942.721926,133.998066,114.855485,-9456.434915
942.722554,114.855485,133.998066,-9360.722011
942.723182,133.998066,114.855485,-9418.149754
942.723809,95.712904,153.140646,-9360.722011
942.724437,76.570323,191.425808,-9437.292334
942.725064,133.998066,133.998066,-9456.434915
942.725692,133.998066,114.855485,-9360.722011
942.726320,76.570323,95.712904,-9399.007173
942.726947,95.712904,114.855485,-9418.149754
942.727575,133.998066,153.140646,-9418.149754
942.728203,76.570323,114.855485,-9418.149754
942.728830,153.140646,133.998066,-9399.007173
942.729458,38.285162,76.570323,-9322.436850
942.730085,57.427742,114.855485,-9418.149754
942.730713,57.427742,133.998066,-9322.436850
942.731341,76.570323,114.855485,-9418.149754
942.731968,95.712904,172.283227,-9418.149754
942.732596,133.998066,153.140646,-9418.149754
942.733223,114.855485,133.998066,-9360.722011
942.733851,114.855485,172.283227,-9360.722011
942.734479,38.285162,114.855485,-9418.149754
942.735106,38.285162,172.283227,-9418.149754
942.735734,114.855485,133.998066,-9360.722011
942.736362,133.998066,114.855485,-9418.149754
942.736989,76.570323,114.855485,-9456.434915
942.737617,114.855485,95.712904,-9399.007173
942.738244,133.998066,172.283227,-9437.292334
942.738872,76.570323,114.855485,-9456.434915
942.739500,133.998066,153.140646,-9418.149754
942.740127,133.998066,153.140646,-9418.149754
942.740755,76.570323,114.855485,-9418.149754
942.741382,133.998066,133.998066,-9456.434915
942.742010,95.712904,172.283227,-9418.149754
942.742637,95.712904,114.855485,-9418.149754
942.743265,38.285162,172.283227,-9456.434915
942.743893,76.570323,153.140646,-9456.434915
942.744520,76.570323,210.568389,-9437.292334
942.745148,153.140646,191.425808,-9399.007173
942.745775,38.285162,172.283227,-9437.292334
942.746403,133.998066,153.140646,-9418.149754
942.747031,133.998066,114.855485,-9418.149754
942.747658,38.285162,76.570323,-9379.864592
942.748286,133.998066,114.855485,-9418.149754
942.748913,95.712904,95.712904,-9399.007173
942.749541,133.998066,114.855485,-9418.149754
942.750169,95.712904,133.998066,-9360.722011
942.750796,76.570323,114.855485,-9418.149754
942.751424,76.570323,114.855485,-9418.149754
942.752051,76.570323,133.998066,-9437.292334
942.752679,76.570323,114.855485,-9418.149754
942.753307,133.998066,114.855485,-9418.149754
942.753934,76.570323,191.425808,-9418.149754
942.754562,95.712904,172.283227,-9418.149754
942.755189,133.998066,210.568389,-9437.292334
942.755817,57.427742,133.998066,-9360.722011
942.756445,76.570323,114.855485,-9418.149754
942.757072,114.855485,133.998066,-9360.722011
942.757700,95.712904,172.283227,-9360.722011
942.758327,95.712904,133.998066,-9418.149754
942.758955,95.712904,133.998066,-9341.579430
942.759583,38.285162,114.855485,-9418.149754
942.760210,114.855485,95.712904,-9399.007173
942.760838,153.140646,133.998066,-9399.007173
942.761465,76.570323,95.712904,-9418.149754
942.762093,76.570323,172.283227,-9437.292334
942.762721,133.998066,172.283227,-9418.149754
942.763348,114.855485,191.425808,-9360.722011
942.763976,76.570323,114.855485,-9418.149754
942.764603,133.998066,153.140646,-9399.007173
942.765231,76.570323,133.998066,-9360.722011
942.765859,114.855485,114.855485,-9437.292334
942.766486,114.855485,95.712904,-9399.007173
942.767114,38.285162,114.855485,-9456.434915
942.767741,95.712904,114.855485,-9418.149754
942.768369,57.427742,133.998066,-9341.579430
942.768997,38.285162,114.855485,-9418.149754
942.769624,76.570323,114.855485,-9418.149754
942.770252,133.998066,114.855485,-9418.149754
942.770879,76.570323,114.855485,-9418.149754
942.771507,76.570323,153.140646,-9437.292334
942.772135,38.285162,114.855485,-9456.434915
942.772762,38.285162,172.283227,-9418.149754
942.773390,133.998066,248.853550,-9437.292334
942.774017,133.998066,133.998066,-9399.007173
942.774645,95.712904,172.283227,-9437.292334
942.775273,76.570323,114.855485,-9418.149754
942.775900,133.998066,133.998066,-9456.434915
942.776528,76.570323,172.283227,-9418.149754
942.777155,76.570323,114.855485,-9418.149754
942.777783,76.570323,114.855485,-9418.149754
942.778411,95.712904,153.140646,-9360.722011
942.779038,76.570323,172.283227,-9418.149754
942.779666,133.998066,114.855485,-9418.149754
942.780293,38.285162,114.855485,-9418.149754
942.780921,76.570323,172.283227,-9418.149754
942.781549,38.285162,114.855485,-9456.434915
942.782176,133.998066,153.140646,-9418.149754
942.782804,133.998066,114.855485,-9418.149754
942.783431,76.570323,172.283227,-9418.149754
942.784059,133.998066,114.855485,-9418.149754
942.784687,95.712904,114.855485,-9418.149754
942.785314,172.283227,114.855485,-9379.864592
942.785942,76.570323,114.855485,-9418.149754
942.786569,76.570323,172.283227,-9437.292334
942.787197,76.570323,172.283227,-9418.149754
942.787825,76.570323,172.283227,-9418.149754
942.788452,76.570323,114.855485,-9418.149754
942.789080,76.570323,114.855485,-9418.149754
942.789707,133.998066,114.855485,-9360.722011
942.790335,95.712904,172.283227,-9360.722011
942.790963,114.855485,95.712904,-9399.007173
942.791590,133.998066,114.855485,-9418.149754
942.792218,76.570323,210.568389,-9418.149754
942.792845,133.998066,114.855485,-9418.149754
942.793473,95.712904,133.998066,-9360.722011
942.794101,76.570323,133.998066,-9322.436850
942.794728,95.712904,172.283227,-9360.722011
942.795356,95.712904,114.855485,-9418.149754
942.795983,133.998066,114.855485,-9418.149754
942.796611,76.570323,114.855485,-9418.149754
942.797239,76.570323,76.570323,-9379.864592
942.797866,57.427742,95.712904,-9456.434915
942.798494,38.285162,114.855485,-9418.149754
942.799121,38.285162,210.568389,-9418.149754
942.799749,76.570323,114.855485,-9418.149754
942.800376,76.570323,172.283227,-9418.149754
942.801004,114.855485,76.570323,-9360.722011
942.801632,133.998066,114.855485,-9418.149754
942.802259,76.570323,114.855485,-9418.149754
942.802887,95.712904,95.712904,-9399.007173
942.803514,133.998066,133.998066,-9399.007173
942.804142,95.712904,133.998066,-9360.722011
942.804770,38.285162,95.712904,-9399.007173
942.805397,38.285162,114.855485,-9437.292334
942.806025,133.998066,153.140646,-9418.149754
942.806652,95.712904,95.712904,-9399.007173
942.807280,133.998066,76.570323,-9379.864592
942.807908,133.998066,172.283227,-9418.149754
942.808535,172.283227,133.998066,-9360.722011
942.809163,38.285162,114.855485,-9418.149754
942.809790,76.570323,114.855485,-9418.149754
942.810418,95.712904,153.140646,-9360.722011
942.811046,133.998066,229.710970,-9418.149754
942.811673,114.855485,95.712904,-9399.007173
942.812301,114.855485,133.998066,-9360.722011
942.812928,172.283227,114.855485,-9379.864592
942.813556,153.140646,133.998066,-9399.007173
942.814184,95.712904,153.140646,-9360.722011
942.814811,133.998066,172.283227,-9418.149754
942.815439,76.570323,114.855485,-9360.722011
942.816066,133.998066,133.998066,-9456.434915
942.816694,95.712904,133.998066,-9360.722011
942.817322,38.285162,114.855485,-9360.722011
942.817949,133.998066,114.855485,-9418.149754
942.818577,38.285162,114.855485,-9418.149754
942.819204,114.855485,133.998066,-9360.722011
942.819832,114.855485,153.140646,-9379.864592
942.820460,76.570323,172.283227,-9418.149754
942.821087,133.998066,114.855485,-9475.577496
942.821715,76.570323,210.568389,-9418.149754
942.822342,95.712904,172.283227,-9360.722011
942.822970,76.570323,172.283227,-9360.722011
942.823598,95.712904,114.855485,-9418.149754
942.824225,114.855485,95.712904,-9437.292334
942.824853,133.998066,114.855485,-9418.149754
942.825480,133.998066,114.855485,-9418.149754
942.826108,38.285162,133.998066,-9360.722011
942.826736,95.712904,133.998066,-9360.722011
942.827363,153.140646,133.998066,-9399.007173
942.827991,95.712904,172.283227,-9418.149754
942.828618,76.570323,114.855485,-9437.292334
942.829246,38.285162,153.140646,-9418.149754
942.829874,76.570323,95.712904,-9399.007173
942.830501,76.570323,114.855485,-9418.149754
942.831129,133.998066,172.283227,-9399.007173
942.831756,133.998066,172.283227,-9456.434915
942.832384,133.998066,133.998066,-9399.007173
942.833012,133.998066,153.140646,-9418.149754
942.833639,95.712904,95.712904,-9456.434915
942.834267,76.570323,114.855485,-9456.434915
942.834894,38.285162,114.855485,-9418.149754
942.835522,133.998066,191.425808,-9379.864592
942.836150,95.712904,95.712904,-9399.007173
942.836777,133.998066,114.855485,-9418.149754
942.837405,114.855485,133.998066,-9418.149754
942.838032,153.140646,133.998066,-9456.434915
942.838660,76.570323,172.283227,-9360.722011
942.839288,57.427742,133.998066,-9360.722011
942.839915,95.712904,172.283227,-9360.722011
942.840543,38.285162,114.855485,-9360.722011
942.841170,38.285162,95.712904,-9399.007173
942.841798,133.998066,172.283227,-9418.149754
942.842426,76.570323,210.568389,-9418.149754
942.843053,38.285162,229.710970,-9418.149754
942.843681,76.570323,210.568389,-9418.149754
942.844308,76.570323,114.855485,-9418.149754
942.844936,38.285162,172.283227,-9418.149754
942.845564,153.140646,153.140646,-9399.007173
942.846191,38.285162,153.140646,-9437.292334
942.846819,114.855485,95.712904,-9399.007173
942.847446,76.570323,114.855485,-9418.149754
942.848074,95.712904,114.855485,-9456.434915
942.848702,133.998066,172.283227,-9418.149754
942.849329,133.998066,153.140646,-9437.292334
942.849957,95.712904,95.712904,-9399.007173
942.850584,38.285162,172.283227,-9418.149754
942.851212,95.712904,95.712904,-9399.007173
942.851840,76.570323,153.140646,-9456.434915
942.852467,57.427742,95.712904,-9399.007173
942.853095,76.570323,172.283227,-9418.149754
942.853722,95.712904,95.712904,-9399.007173
942.854350,114.855485,133.998066,-9360.722011
942.854978,76.570323,191.425808,-9456.434915
942.855605,76.570323,210.568389,-9456.434915
942.856233,76.570323,114.855485,-9418.149754
942.856860,57.427742,95.712904,-9399.007173
942.857488,76.570323,172.283227,-9437.292334
942.858116,76.570323,153.140646,-9418.149754
942.858743,38.285162,114.855485,-9418.149754
942.859371,133.998066,172.283227,-9418.149754
942.859998,114.855485,191.425808,-9360.722011
942.860626,133.998066,210.568389,-9418.149754
942.861254,76.570323,153.140646,-9418.149754
942.861881,76.570323,229.710970,-9418.149754
942.862509,95.712904,191.425808,-9360.722011
942.863136,95.712904,133.998066,-9360.722011
942.863764,95.712904,172.283227,-9418.149754
942.864392,76.570323,114.855485,-9456.434915
942.865019,38.285162,114.855485,-9437.292334
942.865647,133.998066,114.855485,-9456.434915
942.866274,133.998066,172.283227,-9418.149754
942.866902,76.570323,114.855485,-9418.149754
942.867530,114.855485,153.140646,-9360.722011
942.868157,114.855485,172.283227,-9360.722011
942.868785,133.998066,153.140646,-9418.149754
942.869412,114.855485,133.998066,-9322.436850
942.870040,114.855485,95.712904,-9399.007173
942.870668,153.140646,153.140646,-9456.434915
942.871295,76.570323,114.855485,-9418.149754
942.871923,153.140646,133.998066,-9437.292334
942.872550,133.998066,172.283227,-9418.149754
942.873178,57.427742,114.855485,-9456.434915
942.873806,76.570323,114.855485,-9418.149754
942.874433,114.855485,133.998066,-9360.722011
942.875061,133.998066,114.855485,-9418.149754
942.875688,133.998066,114.855485,-9418.149754
942.876316,133.998066,114.855485,-9418.149754
942.876944,95.712904,172.283227,-9418.149754
942.877571,153.140646,133.998066,-9399.007173
942.878199,95.712904,114.855485,-9399.007173
942.878826,38.285162,114.855485,-9418.149754
942.879454,133.998066,153.140646,-9437.292334
942.880082,76.570323,76.570323,-9379.864592
942.880709,76.570323,210.568389,-9418.149754
942.881337,76.570323,210.568389,-9418.149754
942.881964,38.285162,114.855485,-9418.149754
942.882592,95.712904,133.998066,-9360.722011
942.883220,133.998066,114.855485,-9418.149754
942.883847,133.998066,114.855485,-9418.149754
942.884475,172.283227,153.140646,-9379.864592
942.885102,153.140646,133.998066,-9399.007173
942.885730,153.140646,133.998066,-9513.862658
942.886358,133.998066,114.855485,-9418.149754
942.886985,133.998066,172.283227,-9437.292334
942.887613,153.140646,153.140646,-9399.007173
942.888240,133.998066,172.283227,-9418.149754
942.888868,76.570323,172.283227,-9437.292334
942.889496,76.570323,153.140646,-9418.149754
942.890123,133.998066,229.710970,-9456.434915
942.890751,57.427742,114.855485,-9418.149754
942.891378,38.285162,114.855485,-9418.149754
942.892006,57.427742,133.998066,-9360.722011
942.892634,76.570323,153.140646,-9418.149754
942.893261,76.570323,114.855485,-9418.149754
942.893889,57.427742,114.855485,-9456.434915
942.894516,133.998066,114.855485,-9418.149754
942.895144,114.855485,114.855485,-9437.292334
942.895772,133.998066,153.140646,-9456.434915
942.896399,76.570323,172.283227,-9418.149754
942.897027,153.140646,133.998066,-9399.007173
942.897654,76.570323,172.283227,-9418.149754
942.898282,133.998066,114.855485,-9437.292334
942.898910,153.140646,172.283227,-9379.864592
942.899537,38.285162,153.140646,-9418.149754
942.900165,76.570323,114.855485,-9475.577496
942.900792,133.998066,114.855485,-9533.005238
942.901420,153.140646,95.712904,-9360.722011
942.902048,133.998066,114.855485,-9418.149754
942.902675,133.998066,153.140646,-9418.149754
942.903303,133.998066,133.998066,-9399.007173
942.903930,133.998066,210.568389,-9418.149754
942.904558,133.998066,172.283227,-9418.149754
942.905186,38.285162,114.855485,-9418.149754
942.905813,133.998066,114.855485,-9418.149754
942.906441,172.283227,114.855485,-9399.007173
942.907068,76.570323,210.568389,-9418.149754
942.907696,133.998066,114.855485,-9418.149754
942.908324,133.998066,114.855485,-9437.292334
942.908951,153.140646,133.998066,-9437.292334
942.909579,133.998066,114.855485,-9418.149754
942.910206,76.570323,114.855485,-9418.149754
942.910834,76.570323,172.283227,-9418.149754
942.911462,114.855485,172.283227,-9360.722011
942.912089,95.712904,95.712904,-9399.007173
942.912717,133.998066,114.855485,-9418.149754
942.913344,114.855485,95.712904,-9399.007173
942.913972,133.998066,114.855485,-9456.434915
942.914600,76.570323,114.855485,-9418.149754
942.915227,76.570323,172.283227,-9418.149754
942.915855,133.998066,153.140646,-9418.149754
942.916482,57.427742,95.712904,-9456.434915
942.917110,133.998066,153.140646,-9418.149754
942.917738,153.140646,153.140646,-9456.434915
942.918365,133.998066,153.140646,-9456.434915
942.918993,153.140646,153.140646,-9399.007173
942.919620,38.285162,114.855485,-9456.434915
942.920248,114.855485,133.998066,-9360.722011
942.920876,95.712904,133.998066,-9360.722011
942.921503,95.712904,191.425808,-9360.722011
942.922131,76.570323,172.283227,-9418.149754
942.922758,133.998066,153.140646,-9360.722011
942.923386,95.712904,95.712904,-9399.007173
942.924014,76.570323,172.283227,-9456.434915
942.924641,76.570323,172.283227,-9418.149754
942.925269,133.998066,114.855485,-9437.292334
942.925896,76.570323,114.855485,-9418.149754
942.926524,76.570323,210.568389,-9475.577496
942.927152,76.570323,114.855485,-9418.149754
942.927779,76.570323,172.283227,-9418.149754
942.928407,95.712904,172.283227,-9418.149754
942.929034,76.570323,114.855485,-9418.149754
942.929662,95.712904,114.855485,-9437.292334
942.930290,76.570323,172.283227,-9437.292334
942.930917,76.570323,153.140646,-9418.149754
942.931545,114.855485,95.712904,-9399.007173
942.932172,95.712904,191.425808,-9360.722011
942.932800,76.570323,172.283227,-9418.149754
942.933428,133.998066,114.855485,-9418.149754
942.934055,76.570323,114.855485,-9418.149754
942.934683,133.998066,114.855485,-9418.149754
942.935310,38.285162,114.855485,-9418.149754
942.935938,133.998066,172.283227,-9456.434915
942.936566,153.140646,133.998066,-9437.292334
942.937193,76.570323,114.855485,-9418.149754
942.937821,114.855485,76.570323,-9418.149754
942.938448,76.570323,76.570323,-9379.864592
942.939076,95.712904,114.855485,-9418.149754
942.939703,133.998066,153.140646,-9418.149754
942.940331,153.140646,191.425808,-9399.007173
942.940958,95.712904,133.998066,-9360.722011
942.941586,133.998066,153.140646,-9418.149754
942.942213,95.712904,153.140646,-9437.292334
942.942841,95.712904,133.998066,-9418.149754
942.943469,133.998066,172.283227,-9456.434915
942.944096,133.998066,153.140646,-9418.149754
942.944724,95.712904,95.712904,-9399.007173
942.945351,38.285162,153.140646,-9418.149754
942.945979,133.998066,172.283227,-9418.149754
942.946606,95.712904,172.283227,-9360.722011
942.947234,172.283227,153.140646,-9360.722011
942.947861,133.998066,153.140646,-9418.149754
942.948489,38.285162,114.855485,-9418.149754
942.949116,95.712904,114.855485,-9494.720077
942.949744,76.570323,210.568389,-9418.149754
942.950371,76.570323,172.283227,-9418.149754
942.950999,133.998066,114.855485,-9418.149754
942.951626,95.712904,114.855485,-9399.007173
942.952254,95.712904,133.998066,-9418.149754
942.952881,133.998066,114.855485,-9418.149754
942.953509,133.998066,114.855485,-9437.292334
942.954136,133.998066,114.855485,-9456.434915
942.954764,95.712904,191.425808,-9360.722011
942.955391,76.570323,114.855485,-9418.149754
942.956019,95.712904,133.998066,-9360.722011
942.956646,95.712904,114.855485,-9418.149754
942.957274,133.998066,153.140646,-9456.434915
942.957901,76.570323,172.283227,-9456.434915
942.958529,76.570323,114.855485,-9418.149754
942.959156,133.998066,114.855485,-9418.149754
942.959784,133.998066,114.855485,-9418.149754
942.960411,133.998066,114.855485,-9418.149754
942.961039,133.998066,153.140646,-9456.434915
942.961667,95.712904,114.855485,-9418.149754
942.962294,114.855485,133.998066,-9360.722011
942.962922,114.855485,153.140646,-9360.722011
942.963549,153.140646,172.283227,-9399.007173
942.964177,76.570323,114.855485,-9418.149754
942.964804,76.570323,95.712904,-9399.007173
942.965432,76.570323,114.855485,-9418.149754
942.966059,38.285162,114.855485,-9418.149754
942.966687,95.712904,114.855485,-9437.292334
942.967314,133.998066,191.425808,-9399.007173
942.967942,114.855485,133.998066,-9360.722011
942.968569,38.285162,114.855485,-9360.722011
942.969197,114.855485,95.712904,-9399.007173
942.969824,133.998066,114.855485,-9418.149754
942.970452,133.998066,153.140646,-9437.292334
942.971079,76.570323,172.283227,-9360.722011
942.971707,153.140646,133.998066,-9399.007173
942.972334,114.855485,133.998066,-9360.722011
942.972962,133.998066,153.140646,-9456.434915
942.973589,172.283227,76.570323,-9418.149754
942.974217,76.570323,114.855485,-9418.149754
942.974844,57.427742,133.998066,-9360.722011
942.975472,133.998066,172.283227,-9418.149754
942.976099,114.855485,95.712904,-9399.007173
942.976727,76.570323,114.855485,-9418.149754
942.977354,76.570323,114.855485,-9418.149754
942.977982,76.570323,114.855485,-9418.149754
942.978609,76.570323,114.855485,-9418.149754
942.979237,114.855485,153.140646,-9341.579430
942.979865,114.855485,153.140646,-9341.579430
942.980492,76.570323,114.855485,-9360.722011
942.981120,76.570323,172.283227,-9418.149754
942.981747,114.855485,191.425808,-9360.722011
942.982375,76.570323,114.855485,-9418.149754
942.983002,133.998066,172.283227,-9360.722011
942.983630,133.998066,114.855485,-9418.149754
942.984257,153.140646,133.998066,-9456.434915
942.984885,76.570323,114.855485,-9494.720077
942.985512,38.285162,114.855485,-9456.434915
942.986140,57.427742,95.712904,-9399.007173
942.986767,114.855485,95.712904,-9399.007173
942.987395,133.998066,114.855485,-9418.149754
942.988022,114.855485,95.712904,-9399.007173
942.988650,95.712904,133.998066,-9360.722011
942.989277,95.712904,114.855485,-9418.149754
942.989905,133.998066,114.855485,-9418.149754
942.990532,133.998066,114.855485,-9456.434915
942.991160,76.570323,114.855485,-9418.149754
942.991787,133.998066,153.140646,-9418.149754
942.992415,133.998066,114.855485,-9418.149754
942.993042,38.285162,172.283227,-9418.149754
942.993670,76.570323,114.855485,-9418.149754
942.994297,133.998066,114.855485,-9456.434915
942.994925,153.140646,114.855485,-9418.149754
942.995552,133.998066,210.568389,-9437.292334
942.996180,114.855485,76.570323,-9418.149754
942.996807,153.140646,133.998066,-9399.007173
942.997435,114.855485,76.570323,-9418.149754
942.998063,76.570323,114.855485,-9418.149754
942.998690,76.570323,153.140646,-9360.722011
942.999318,133.998066,210.568389,-9418.149754
942.999945,76.570323,172.283227,-9360.722011
943.000573,133.998066,153.140646,-9418.149754
943.001200,133.998066,133.998066,-9437.292334
943.001828,133.998066,210.568389,-9437.292334
943.002455,153.140646,133.998066,-9379.864592
943.003083,38.285162,95.712904,-9399.007173
943.003710,38.285162,114.855485,-9418.149754
943.004338,114.855485,133.998066,-9341.579430
943.004965,38.285162,114.855485,-9418.149754
943.005593,76.570323,153.140646,-9418.149754
943.006220,133.998066,153.140646,-9437.292334
943.006848,95.712904,210.568389,-9456.434915
943.007475,133.998066,114.855485,-9437.292334
943.008103,133.998066,114.855485,-9418.149754
943.008730,76.570323,114.855485,-9418.149754
943.009358,133.998066,153.140646,-9399.007173
943.009985,38.285162,114.855485,-9418.149754
943.010613,38.285162,95.712904,-9437.292334
943.011240,76.570323,172.283227,-9437.292334
943.011868,114.855485,133.998066,-9360.722011
943.012495,133.998066,114.855485,-9437.292334
943.013123,133.998066,114.855485,-9418.149754
943.013750,133.998066,114.855485,-9418.149754
943.014378,57.427742,114.855485,-9418.149754
943.015005,38.285162,114.855485,-9418.149754
943.015633,133.998066,153.140646,-9418.149754
943.016261,95.712904,172.283227,-9360.722011
943.016888,133.998066,114.855485,-9437.292334
943.017516,133.998066,114.855485,-9456.434915
943.018143,38.285162,114.855485,-9418.149754
943.018771,114.855485,95.712904,-9399.007173
943.019398,153.140646,133.998066,-9399.007173
943.020026,95.712904,114.855485,-9360.722011
943.020653,76.570323,172.283227,-9456.434915
943.021281,38.285162,114.855485,-9418.149754
943.021908,95.712904,133.998066,-9360.722011
943.022536,38.285162,114.855485,-9418.149754
943.023163,133.998066,114.855485,-9418.149754
943.023791,153.140646,133.998066,-9399.007173
943.024418,172.283227,114.855485,-9322.436850
943.025046,133.998066,153.140646,-9418.149754
943.025673,133.998066,114.855485,-9418.149754
943.026301,95.712904,95.712904,-9399.007173
943.026928,133.998066,76.570323,-9379.864592
943.027556,76.570323,114.855485,-9418.149754
943.028183,95.712904,114.855485,-9418.149754
943.028811,133.998066,114.855485,-9418.149754
943.029438,76.570323,114.855485,-9418.149754
943.030066,95.712904,133.998066,-9360.722011
943.030693,76.570323,153.140646,-9456.434915
943.031321,76.570323,172.283227,-9437.292334
943.031948,38.285162,114.855485,-9418.149754
943.032576,76.570323,172.283227,-9475.577496
943.033203,133.998066,172.283227,-9437.292334
943.033831,153.140646,133.998066,-9399.007173
943.034459,153.140646,133.998066,-9399.007173
943.035086,133.998066,114.855485,-9437.292334
943.035714,114.855485,95.712904,-9494.720077
943.036341,172.283227,114.855485,-9379.864592
943.036969,76.570323,153.140646,-9418.149754
943.037596,76.570323,114.855485,-9418.149754
943.038224,76.570323,95.712904,-9437.292334
943.038851,133.998066,114.855485,-9418.149754
943.039479,114.855485,133.998066,-9360.722011
943.040106,153.140646,133.998066,-9399.007173
943.040733,133.998066,114.855485,-9418.149754
943.041361,95.712904,95.712904,-9399.007173
943.041988,76.570323,153.140646,-9418.149754
943.042616,172.283227,114.855485,-9399.007173
943.043243,133.998066,114.855485,-9418.149754
943.043871,76.570323,153.140646,-9418.149754
943.044498,95.712904,114.855485,-9418.149754
943.045126,133.998066,172.283227,-9418.149754
943.045753,76.570323,172.283227,-9418.149754
943.046381,76.570323,114.855485,-9418.149754
943.047008,76.570323,114.855485,-9418.149754
943.047635,76.570323,114.855485,-9418.149754
943.048263,133.998066,114.855485,-9437.292334
943.048890,153.140646,133.998066,-9437.292334
943.049518,153.140646,133.998066,-9399.007173
943.050145,95.712904,95.712904,-9456.434915
943.050773,114.855485,133.998066,-9284.151688
943.051400,76.570323,114.855485,-9418.149754
943.052028,133.998066,114.855485,-9418.149754
943.052655,76.570323,114.855485,-9418.149754
943.053283,19.142581,172.283227,-9418.149754
943.053910,38.285162,114.855485,-9418.149754
943.054537,38.285162,210.568389,-9418.149754
943.055165,133.998066,133.998066,-9399.007173
943.055792,133.998066,114.855485,-9437.292334
943.056420,95.712904,114.855485,-9418.149754
943.057047,153.140646,172.283227,-9399.007173
943.057675,95.712904,95.712904,-9399.007173
943.058302,114.855485,95.712904,-9437.292334
943.058930,133.998066,114.855485,-9418.149754
943.059557,133.998066,172.283227,-9418.149754
943.060184,76.570323,153.140646,-9418.149754
943.060812,133.998066,114.855485,-9418.149754
943.061439,172.283227,76.570323,-9418.149754
943.062067,95.712904,95.712904,-9456.434915
943.062694,57.427742,95.712904,-9399.007173
943.063322,153.140646,133.998066,-9399.007173
943.063949,133.998066,133.998066,-9399.007173
943.064577,76.570323,114.855485,-9418.149754
943.065204,76.570323,114.855485,-9418.149754
943.065832,95.712904,153.140646,-9418.149754
943.066459,95.712904,95.712904,-9399.007173
943.067086,19.142581,133.998066,-9437.292334
943.067714,38.285162,114.855485,-9418.149754
943.068341,57.427742,210.568389,-9456.434915
943.068969,38.285162,172.283227,-9418.149754
943.069596,38.285162,210.568389,-9418.149754
943.070224,76.570323,114.855485,-9418.149754
943.070851,95.712904,95.712904,-9399.007173
943.071479,114.855485,153.140646,-9379.864592
943.072106,133.998066,153.140646,-9437.292334
943.072734,95.712904,114.855485,-9399.007173
943.073361,76.570323,153.140646,-9418.149754
943.073988,172.283227,114.855485,-9379.864592
943.074616,95.712904,95.712904,-9399.007173
943.075243,133.998066,114.855485,-9418.149754
943.075871,38.285162,114.855485,-9418.149754
943.076498,76.570323,172.283227,-9456.434915
943.077126,76.570323,114.855485,-9418.149754
943.077753,153.140646,133.998066,-9399.007173
943.078381,38.285162,114.855485,-9418.149754
943.079008,95.712904,95.712904,-9437.292334
943.079636,133.998066,114.855485,-9437.292334
943.080263,133.998066,114.855485,-9418.149754
943.080890,133.998066,114.855485,-9494.720077
943.081518,76.570323,114.855485,-9437.292334
943.082145,76.570323,153.140646,-9437.292334
943.082773,38.285162,114.855485,-9418.149754
943.083400,57.427742,114.855485,-9418.149754
943.084028,57.427742,172.283227,-9418.149754
943.084655,76.570323,114.855485,-9418.149754
943.085283,133.998066,191.425808,-9418.149754
943.085910,133.998066,114.855485,-9437.292334
943.086537,95.712904,153.140646,-9418.149754
943.087165,95.712904,172.283227,-9360.722011
943.087792,19.142581,114.855485,-9418.149754
943.088420,38.285162,114.855485,-9418.149754
943.089047,38.285162,114.855485,-9456.434915
943.089675,76.570323,153.140646,-9418.149754
943.090302,76.570323,210.568389,-9418.149754
943.090930,38.285162,114.855485,-9418.149754
943.091557,133.998066,114.855485,-9418.149754
943.092185,114.855485,133.998066,-9360.722011
943.092812,76.570323,114.855485,-9418.149754
943.093439,57.427742,172.283227,-9418.149754
943.094067,38.285162,114.855485,-9437.292334
943.094694,76.570323,114.855485,-9418.149754
943.095322,38.285162,95.712904,-9360.722011
943.095949,133.998066,114.855485,-9418.149754
943.096577,114.855485,133.998066,-9360.722011
943.097204,133.998066,229.710970,-9418.149754
943.097832,76.570323,114.855485,-9456.434915
943.098459,38.285162,153.140646,-9418.149754
943.099087,57.427742,172.283227,-9360.722011
943.099714,76.570323,114.855485,-9418.149754
943.100341,172.283227,114.855485,-9379.864592
943.100969,133.998066,153.140646,-9418.149754
943.101596,76.570323,153.140646,-9418.149754
943.102224,153.140646,153.140646,-9399.007173
943.102851,172.283227,133.998066,-9456.434915
943.103479,133.998066,133.998066,-9399.007173
943.104106,114.855485,114.855485,-9379.864592
943.104734,95.712904,133.998066,-9360.722011
943.105361,153.140646,172.283227,-9399.007173
943.105989,38.285162,172.283227,-9418.149754
943.106616,76.570323,114.855485,-9418.149754
943.107243,76.570323,114.855485,-9418.149754
943.107871,76.570323,153.140646,-9437.292334
943.108498,38.285162,114.855485,-9418.149754
943.109126,38.285162,153.140646,-9418.149754
943.109753,153.140646,114.855485,-9418.149754
943.110381,133.998066,153.140646,-9399.007173
943.111008,76.570323,114.855485,-9418.149754
943.111636,114.855485,95.712904,-9399.007173
943.112263,114.855485,133.998066,-9360.722011
943.112891,76.570323,114.855485,-9418.149754
943.113518,76.570323,114.855485,-9437.292334
943.114145,114.855485,114.855485,-9399.007173
943.114773,133.998066,95.712904,-9360.722011
943.115400,153.140646,172.283227,-9399.007173
943.116028,38.285162,191.425808,-9437.292334
943.116655,76.570323,114.855485,-9418.149754
943.117283,38.285162,114.855485,-9418.149754
943.117910,76.570323,172.283227,-9437.292334
943.118538,95.712904,172.283227,-9418.149754
943.119165,114.855485,114.855485,-9379.864592
943.119792,133.998066,114.855485,-9418.149754
943.120420,133.998066,114.855485,-9418.149754
943.121047,95.712904,114.855485,-9418.149754
943.121675,133.998066,133.998066,-9399.007173
943.122302,76.570323,114.855485,-9418.149754
943.122930,133.998066,114.855485,-9418.149754
943.123557,76.570323,95.712904,-9399.007173
943.124185,114.855485,76.570323,-9418.149754
943.124812,76.570323,114.855485,-9418.149754
943.125440,133.998066,114.855485,-9418.149754
943.126067,114.855485,133.998066,-9360.722011
943.126694,76.570323,153.140646,-9437.292334
943.127322,95.712904,172.283227,-9456.434915
943.127949,133.998066,133.998066,-9456.434915
943.128577,172.283227,172.283227,-9379.864592
943.129204,38.285162,114.855485,-9418.149754
943.129832,57.427742,133.998066,-9341.579430
943.130459,38.285162,114.855485,-9360.722011
943.131087,76.570323,95.712904,-9399.007173
943.131714,76.570323,133.998066,-9322.436850
943.132342,95.712904,133.998066,-9341.579430
943.132969,133.998066,114.855485,-9418.149754
943.133596,133.998066,153.140646,-9418.149754
943.134224,76.570323,114.855485,-9437.292334
943.134851,95.712904,153.140646,-9418.149754
943.135479,133.998066,114.855485,-9437.292334
943.136106,133.998066,114.855485,-9418.149754
943.136734,153.140646,133.998066,-9399.007173
943.137361,133.998066,191.425808,-9418.149754
943.137989,95.712904,114.855485,-9379.864592
943.138616,76.570323,114.855485,-9437.292334
943.139243,153.140646,153.140646,-9456.434915
943.139871,153.140646,172.283227,-9456.434915
943.140498,133.998066,172.283227,-9418.149754
943.141126,76.570323,114.855485,-9418.149754
943.141753,76.570323,153.140646,-9360.722011
943.142380,76.570323,114.855485,-9418.149754
943.143008,153.140646,133.998066,-9399.007173
943.143635,95.712904,114.855485,-9399.007173
943.144263,76.570323,114.855485,-9418.149754
943.144890,76.570323,114.855485,-9418.149754
943.145517,133.998066,153.140646,-9533.005238
943.146145,95.712904,191.425808,-9456.434915
943.146772,76.570323,114.855485,-9418.149754
943.147399,76.570323,114.855485,-9456.434915
943.148027,133.998066,229.710970,-9418.149754
943.148654,153.140646,153.140646,-9418.149754
943.149282,76.570323,153.140646,-9418.149754
943.149909,38.285162,114.855485,-9418.149754
943.150536,95.712904,114.855485,-9418.149754
943.151164,133.998066,153.140646,-9418.149754
943.151791,133.998066,114.855485,-9418.149754
943.152419,153.140646,172.283227,-9399.007173
943.153046,76.570323,210.568389,-9437.292334
943.153673,153.140646,133.998066,-9399.007173
943.154301,114.855485,133.998066,-9360.722011
943.154928,76.570323,114.855485,-9418.149754
943.155556,76.570323,172.283227,-9418.149754
943.156183,133.998066,153.140646,-9399.007173
943.156810,95.712904,95.712904,-9399.007173
943.157438,95.712904,133.998066,-9360.722011
943.158065,76.570323,114.855485,-9418.149754
943.158692,76.570323,153.140646,-9418.149754
943.159320,114.855485,153.140646,-9360.722011
943.159947,76.570323,172.283227,-9418.149754
943.160575,133.998066,133.998066,-9399.007173
943.161202,95.712904,210.568389,-9418.149754
943.161829,57.427742,133.998066,-9418.149754
943.162457,153.140646,133.998066,-9399.007173
943.163084,114.855485,95.712904,-9399.007173
943.163712,153.140646,133.998066,-9437.292334
943.164339,114.855485,210.568389,-9360.722011
943.164966,95.712904,172.283227,-9360.722011
943.165594,95.712904,114.855485,-9418.149754
943.166221,76.570323,153.140646,-9418.149754
943.166849,133.998066,114.855485,-9437.292334
943.167476,38.285162,114.855485,-9418.149754
943.168103,133.998066,153.140646,-9475.577496
943.168731,76.570323,172.283227,-9418.149754
943.169358,153.140646,133.998066,-9399.007173
943.169985,133.998066,114.855485,-9418.149754
943.170613,95.712904,114.855485,-9418.149754
943.171240,95.712904,95.712904,-9399.007173
943.171868,114.855485,95.712904,-9399.007173
943.172495,133.998066,114.855485,-9418.149754
943.173122,114.855485,95.712904,-9379.864592
943.173750,38.285162,114.855485,-9475.577496
943.174377,153.140646,210.568389,-9418.149754
943.175005,172.283227,114.855485,-9379.864592
943.175632,114.855485,133.998066,-9360.722011
943.176259,133.998066,114.855485,-9418.149754
943.176887,133.998066,172.283227,-9418.149754
943.177514,95.712904,172.283227,-9360.722011
943.178141,133.998066,210.568389,-9418.149754
943.178769,38.285162,153.140646,-9418.149754
943.179396,57.427742,153.140646,-9360.722011
943.180024,38.285162,114.855485,-9418.149754
943.180651,133.998066,114.855485,-9418.149754
943.181278,133.998066,114.855485,-9418.149754
943.181906,133.998066,114.855485,-9456.434915
943.182533,133.998066,114.855485,-9418.149754
943.183161,76.570323,114.855485,-9418.149754
943.183788,38.285162,153.140646,-9418.149754
943.184415,76.570323,114.855485,-9418.149754
943.185043,76.570323,172.283227,-9418.149754
943.185670,38.285162,153.140646,-9418.149754
943.186298,38.285162,114.855485,-9456.434915
943.186925,76.570323,114.855485,-9418.149754
943.187552,57.427742,133.998066,-9360.722011
943.188180,133.998066,133.998066,-9437.292334
943.188807,76.570323,114.855485,-9437.292334
943.189434,133.998066,114.855485,-9456.434915
943.190062,57.427742,114.855485,-9418.149754
943.190689,76.570323,114.855485,-9418.149754
943.191317,133.998066,76.570323,-9379.864592
943.191944,95.712904,133.998066,-9360.722011
943.192571,76.570323,114.855485,-9418.149754
943.193199,76.570323,210.568389,-9418.149754
943.193826,133.998066,172.283227,-9418.149754
943.194454,38.285162,114.855485,-9418.149754
943.195081,133.998066,114.855485,-9437.292334
943.195708,133.998066,210.568389,-9437.292334
943.196336,76.570323,153.140646,-9418.149754
943.196963,57.427742,133.998066,-9360.722011
943.197590,76.570323,76.570323,-9379.864592
943.198218,95.712904,95.712904,-9399.007173
943.198845,95.712904,95.712904,-9399.007173
943.199473,133.998066,153.140646,-9418.149754
943.200100,76.570323,133.998066,-9418.149754
943.200727,76.570323,76.570323,-9379.864592
943.201355,76.570323,114.855485,-9418.149754
943.201982,76.570323,153.140646,-9418.149754
943.202610,76.570323,114.855485,-9418.149754
943.203237,133.998066,114.855485,-9418.149754
943.203864,95.712904,133.998066,-9360.722011
943.204492,133.998066,153.140646,-9456.434915
943.205119,57.427742,133.998066,-9360.722011
943.205747,76.570323,114.855485,-9418.149754
943.206374,38.285162,191.425808,-9418.149754
943.207001,133.998066,153.140646,-9399.007173
943.207629,114.855485,133.998066,-9360.722011
943.208256,153.140646,210.568389,-9456.434915
943.208883,153.140646,153.140646,-9456.434915
943.209511,76.570323,114.855485,-9418.149754
943.210138,133.998066,114.855485,-9418.149754
943.210766,76.570323,153.140646,-9418.149754
943.211393,76.570323,114.855485,-9456.434915
943.212020,76.570323,114.855485,-9418.149754
943.212648,133.998066,114.855485,-9418.149754
943.213275,153.140646,133.998066,-9456.434915
943.213903,114.855485,153.140646,-9418.149754
943.214530,38.285162,172.283227,-9418.149754
943.215157,76.570323,114.855485,-9418.149754
943.215785,38.285162,114.855485,-9418.149754
943.216412,38.285162,95.712904,-9399.007173
943.217039,95.712904,114.855485,-9418.149754
943.217667,133.998066,133.998066,-9399.007173
943.218294,57.427742,95.712904,-9399.007173
943.218922,133.998066,114.855485,-9418.149754
943.219549,76.570323,153.140646,-9418.149754
943.220176,76.570323,114.855485,-9418.149754
943.220804,76.570323,172.283227,-9418.149754
943.221431,19.142581,210.568389,-9418.149754
943.222059,76.570323,114.855485,-9418.149754
943.222686,38.285162,114.855485,-9437.292334
943.223313,76.570323,210.568389,-9418.149754
943.223941,133.998066,114.855485,-9418.149754
943.224568,76.570323,114.855485,-9418.149754
943.225196,133.998066,114.855485,-9456.434915
943.225823,133.998066,114.855485,-9437.292334
943.226450,133.998066,114.855485,-9418.149754
943.227078,153.140646,133.998066,-9399.007173
943.227705,133.998066,114.855485,-9456.434915
943.228332,76.570323,153.140646,-9418.149754
943.228960,133.998066,114.855485,-9418.149754
943.229587,172.283227,133.998066,-9360.722011
943.230215,133.998066,210.568389,-9399.007173
943.230842,76.570323,153.140646,-9418.149754
943.231469,76.570323,76.570323,-9341.579430
943.232097,95.712904,95.712904,-9379.864592
943.232724,76.570323,114.855485,-9418.149754
943.233352,76.570323,114.855485,-9418.149754
943.233979,38.285162,153.140646,-9418.149754
943.234606,76.570323,153.140646,-9418.149754
943.235234,38.285162,153.140646,-9341.579430
943.235861,57.427742,133.998066,-9360.722011
943.236488,76.570323,114.855485,-9418.149754
943.237116,95.712904,153.140646,-9322.436850
943.237743,76.570323,95.712904,-9399.007173
943.238371,76.570323,191.425808,-9418.149754
943.238998,76.570323,153.140646,-9418.149754
943.239625,95.712904,95.712904,-9399.007173
943.240253,114.855485,172.283227,-9360.722011
943.240880,95.712904,95.712904,-9399.007173
943.241508,133.998066,153.140646,-9533.005238
943.242135,76.570323,153.140646,-9418.149754
943.242762,38.285162,114.855485,-9418.149754
943.243390,114.855485,133.998066,-9360.722011
943.244017,133.998066,172.283227,-9437.292334
943.244645,153.140646,133.998066,-9399.007173
943.245272,38.285162,172.283227,-9418.149754
943.245900,76.570323,153.140646,-9418.149754
943.246527,133.998066,153.140646,-9418.149754
943.247155,133.998066,95.712904,-9360.722011
943.247782,76.570323,114.855485,-9418.149754
943.248410,114.855485,172.283227,-9379.864592
943.249038,133.998066,133.998066,-9399.007173
943.249665,153.140646,172.283227,-9379.864592
943.250293,95.712904,95.712904,-9456.434915
943.250920,76.570323,114.855485,-9418.149754
943.251548,76.570323,172.283227,-9360.722011
943.252175,57.427742,172.283227,-9418.149754
943.252803,133.998066,133.998066,-9437.292334
943.253431,76.570323,172.283227,-9418.149754
943.254058,114.855485,133.998066,-9284.151688
943.254686,76.570323,114.855485,-9437.292334
943.255313,95.712904,95.712904,-9456.434915
943.255941,76.570323,114.855485,-9437.292334
943.256568,153.140646,153.140646,-9399.007173
943.257196,153.140646,153.140646,-9399.007173
943.257823,133.998066,191.425808,-9360.722011
943.258451,76.570323,114.855485,-9456.434915
943.259079,76.570323,114.855485,-9456.434915
943.259706,133.998066,114.855485,-9437.292334
943.260334,38.285162,114.855485,-9418.149754
943.260961,133.998066,153.140646,-9418.149754
943.261589,153.140646,133.998066,-9437.292334
943.262216,76.570323,210.568389,-9456.434915
943.262844,76.570323,172.283227,-9418.149754
943.263471,133.998066,114.855485,-9418.149754
943.264099,76.570323,172.283227,-9418.149754
943.264727,76.570323,153.140646,-9418.149754
943.265354,38.285162,114.855485,-9418.149754
943.265982,95.712904,114.855485,-9418.149754
943.266609,76.570323,229.710970,-9418.149754
943.267237,95.712904,133.998066,-9360.722011
943.267864,38.285162,114.855485,-9418.149754
943.268492,114.855485,153.140646,-9360.722011
943.269119,153.140646,114.855485,-9418.149754
943.269747,76.570323,114.855485,-9360.722011
943.270375,95.712904,172.283227,-9418.149754
943.271002,133.998066,114.855485,-9418.149754
943.271630,76.570323,114.855485,-9418.149754
943.272257,76.570323,95.712904,-9399.007173
943.272885,153.140646,153.140646,-9399.007173
943.273512,153.140646,133.998066,-9456.434915
943.274140,38.285162,153.140646,-9418.149754
943.274768,57.427742,133.998066,-9360.722011
943.275395,38.285162,114.855485,-9418.149754
943.276023,114.855485,57.427742,-9399.007173
943.276650,95.712904,172.283227,-9360.722011
943.277278,38.285162,114.855485,-9418.149754
943.277905,76.570323,114.855485,-9437.292334
943.278533,133.998066,114.855485,-9418.149754
943.279160,133.998066,114.855485,-9418.149754
943.279788,114.855485,133.998066,-9360.722011
943.280416,133.998066,114.855485,-9360.722011
943.281043,76.570323,114.855485,-9418.149754
943.281671,133.998066,114.855485,-9437.292334
943.282298,76.570323,95.712904,-9456.434915
943.282926,133.998066,172.283227,-9418.149754
943.283553,76.570323,114.855485,-9418.149754
943.284181,95.712904,133.998066,-9360.722011
943.284808,38.285162,153.140646,-9418.149754
943.285436,38.285162,114.855485,-9418.149754
943.286064,76.570323,114.855485,-9418.149754
943.286691,133.998066,153.140646,-9418.149754
943.287319,76.570323,210.568389,-9418.149754
943.287946,76.570323,114.855485,-9418.149754
943.288574,133.998066,172.283227,-9399.007173
943.289201,133.998066,114.855485,-9437.292334
943.289829,133.998066,172.283227,-9399.007173
943.290456,133.998066,114.855485,-9418.149754
943.291084,133.998066,133.998066,-9399.007173
943.291712,95.712904,114.855485,-9418.149754
943.292339,133.998066,133.998066,-9399.007173
943.292967,76.570323,114.855485,-9418.149754
943.293594,38.285162,133.998066,-9360.722011
943.294222,38.285162,114.855485,-9418.149754
943.294849,133.998066,153.140646,-9418.149754
943.295477,38.285162,114.855485,-9418.149754
943.296105,133.998066,210.568389,-9418.149754
943.296732,133.998066,114.855485,-9418.149754
943.297360,133.998066,114.855485,-9418.149754
943.297987,133.998066,114.855485,-9418.149754
943.298615,133.998066,133.998066,-9399.007173
943.299242,76.570323,95.712904,-9399.007173
943.299870,153.140646,133.998066,-9399.007173
943.300497,76.570323,114.855485,-9418.149754
943.301125,133.998066,153.140646,-9418.149754
943.301753,133.998066,114.855485,-9360.722011
943.302380,76.570323,210.568389,-9418.149754
943.303008,133.998066,153.140646,-9418.149754
943.303635,95.712904,133.998066,-9360.722011
943.304263,133.998066,114.855485,-9418.149754
943.304890,114.855485,114.855485,-9379.864592
943.305518,76.570323,114.855485,-9360.722011
943.306145,133.998066,153.140646,-9418.149754
943.306773,76.570323,114.855485,-9456.434915
943.307401,76.570323,172.283227,-9418.149754
943.308028,76.570323,114.855485,-9418.149754
943.308656,57.427742,114.855485,-9418.149754
943.309283,114.855485,133.998066,-9322.436850
943.309911,38.285162,76.570323,-9399.007173
943.310538,38.285162,153.140646,-9418.149754
943.311166,95.712904,153.140646,-9418.149754
943.311793,0.000000,133.998066,-9360.722011
943.312421,38.285162,114.855485,-9456.434915
943.313049,153.140646,133.998066,-9399.007173
943.313676,191.425808,133.998066,-9418.149754
943.314304,133.998066,153.140646,-9437.292334
943.314931,95.712904,153.140646,-9456.434915
943.315559,19.142581,114.855485,-9418.149754
943.316186,76.570323,133.998066,-9360.722011
943.316814,76.570323,114.855485,-9418.149754
943.317442,38.285162,172.283227,-9418.149754
943.318069,76.570323,191.425808,-9418.149754
943.318697,76.570323,210.568389,-9456.434915
943.319324,38.285162,153.140646,-9418.149754
943.319952,133.998066,114.855485,-9418.149754
943.320579,133.998066,172.283227,-9418.149754
943.321207,133.998066,114.855485,-9418.149754
943.321834,133.998066,114.855485,-9418.149754
943.322462,153.140646,114.855485,-9418.149754
943.323090,114.855485,172.283227,-9360.722011
943.323717,133.998066,114.855485,-9418.149754
943.324345,133.998066,114.855485,-9418.149754
943.324972,76.570323,76.570323,-9379.864592
943.325600,133.998066,172.283227,-9475.577496
943.326227,95.712904,133.998066,-9360.722011
943.326855,38.285162,172.283227,-9418.149754
943.327482,76.570323,114.855485,-9437.292334
943.328110,76.570323,114.855485,-9418.149754
943.328738,133.998066,172.283227,-9475.577496
943.329365,76.570323,172.283227,-9418.149754
943.329993,57.427742,133.998066,-9360.722011
943.330620,95.712904,172.283227,-9360.722011
943.331248,133.998066,114.855485,-9418.149754
943.331875,114.855485,114.855485,-9379.864592
943.332503,172.283227,153.140646,-9379.864592
943.333130,76.570323,114.855485,-9456.434915
943.333758,76.570323,172.283227,-9418.149754
943.334386,95.712904,114.855485,-9437.292334
943.335013,114.855485,95.712904,-9399.007173
943.335641,114.855485,133.998066,-9360.722011
943.336268,133.998066,172.283227,-9418.149754
943.336896,133.998066,172.283227,-9418.149754
943.337523,76.570323,114.855485,-9418.149754
943.338151,114.855485,95.712904,-9399.007173
943.338779,172.283227,114.855485,-9379.864592
943.339406,76.570323,172.283227,-9418.149754
943.340034,114.855485,153.140646,-9341.579430
943.340661,76.570323,153.140646,-9418.149754
943.341289,153.140646,133.998066,-9399.007173
943.341916,76.570323,114.855485,-9418.149754
943.342544,38.285162,95.712904,-9399.007173
943.343171,0.000000,153.140646,-9360.722011
943.343799,76.570323,153.140646,-9418.149754
943.344427,95.712904,114.855485,-9418.149754
943.345054,95.712904,172.283227,-9418.149754
943.345682,133.998066,133.998066,-9399.007173
943.346309,95.712904,153.140646,-9341.579430
943.346937,133.998066,172.283227,-9418.149754
943.347564,95.712904,248.853550,-9360.722011
943.348192,95.712904,153.140646,-9418.149754
943.348819,38.285162,172.283227,-9418.149754
943.349447,95.712904,95.712904,-9399.007173
943.350075,133.998066,114.855485,-9360.722011
943.350702,38.285162,153.140646,-9418.149754
943.351330,76.570323,210.568389,-9418.149754
943.351957,38.285162,114.855485,-9360.722011
943.352585,95.712904,133.998066,-9360.722011
943.353212,153.140646,133.998066,-9399.007173
943.353840,153.140646,133.998066,-9399.007173
943.354468,133.998066,114.855485,-9437.292334
943.355095,153.140646,172.283227,-9399.007173
943.355723,172.283227,133.998066,-9360.722011
943.356350,133.998066,191.425808,-9399.007173
943.356978,133.998066,153.140646,-9418.149754
943.357605,133.998066,114.855485,-9418.149754
943.358233,76.570323,210.568389,-9418.149754
943.358860,38.285162,153.140646,-9418.149754
943.359488,95.712904,153.140646,-9360.722011
943.360116,133.998066,172.283227,-9418.149754
943.360743,114.855485,95.712904,-9399.007173
943.361371,133.998066,133.998066,-9399.007173
943.361998,114.855485,153.140646,-9360.722011
943.362626,76.570323,114.855485,-9456.434915
943.363253,133.998066,114.855485,-9418.149754
943.363881,153.140646,153.140646,-9399.007173
943.364509,76.570323,114.855485,-9456.434915
943.365136,76.570323,114.855485,-9418.149754
943.365764,114.855485,133.998066,-9418.149754
943.366391,114.855485,76.570323,-9418.149754
943.367019,76.570323,210.568389,-9418.149754
943.367646,95.712904,95.712904,-9399.007173
943.368274,153.140646,133.998066,-9456.434915
943.368901,76.570323,172.283227,-9418.149754
943.369529,38.285162,153.140646,-9418.149754
943.370157,57.427742,172.283227,-9360.722011
943.370784,114.855485,95.712904,-9456.434915
943.371412,133.998066,114.855485,-9456.434915
943.372039,133.998066,114.855485,-9437.292334
943.372667,76.570323,172.283227,-9418.149754
943.373294,76.570323,210.568389,-9437.292334
943.373922,95.712904,95.712904,-9437.292334
943.374549,95.712904,76.570323,-9379.864592
943.375177,76.570323,114.855485,-9418.149754
943.375805,76.570323,114.855485,-9418.149754
943.376432,76.570323,76.570323,-9379.864592
943.377060,76.570323,153.140646,-9418.149754
943.377687,76.570323,114.855485,-9418.149754
943.378315,38.285162,114.855485,-9418.149754
943.378942,76.570323,153.140646,-9418.149754
943.379570,57.427742,153.140646,-9360.722011
943.380198,95.712904,153.140646,-9418.149754
943.380825,76.570323,114.855485,-9418.149754
943.381453,95.712904,133.998066,-9418.149754
943.382080,133.998066,114.855485,-9418.149754
943.382708,133.998066,114.855485,-9418.149754
943.383335,38.285162,114.855485,-9418.149754
943.383963,38.285162,114.855485,-9418.149754
943.384590,114.855485,153.140646,-9360.722011
943.385218,76.570323,210.568389,-9418.149754
943.385846,76.570323,172.283227,-9418.149754
943.386473,95.712904,133.998066,-9360.722011
943.387101,95.712904,133.998066,-9360.722011
943.387728,38.285162,114.855485,-9418.149754
943.388356,133.998066,172.283227,-9399.007173
943.388983,133.998066,172.283227,-9437.292334
943.389611,153.140646,133.998066,-9399.007173
943.390238,172.283227,191.425808,-9418.149754
943.390866,133.998066,114.855485,-9418.149754
943.391494,95.712904,153.140646,-9418.149754
943.392121,114.855485,133.998066,-9360.722011
943.392749,114.855485,248.853550,-9360.722011
943.393376,76.570323,114.855485,-9418.149754
943.394004,114.855485,133.998066,-9360.722011
943.394631,114.855485,133.998066,-9341.579430
943.395259,153.140646,133.998066,-9399.007173
943.395887,133.998066,114.855485,-9418.149754
943.396514,133.998066,114.855485,-9418.149754
943.397142,57.427742,153.140646,-9360.722011
943.397769,76.570323,114.855485,-9418.149754
943.398397,57.427742,95.712904,-9399.007173
943.399024,114.855485,172.283227,-9360.722011
943.399652,76.570323,114.855485,-9418.149754
943.400279,133.998066,114.855485,-9418.149754
943.400907,153.140646,133.998066,-9399.007173
943.401535,76.570323,210.568389,-9418.149754
943.402162,133.998066,114.855485,-9418.149754
943.402790,95.712904,133.998066,-9360.722011
943.403417,114.855485,133.998066,-9360.722011
943.404045,76.570323,210.568389,-9418.149754
943.404672,76.570323,172.283227,-9418.149754
943.405300,57.427742,153.140646,-9360.722011
943.405928,114.855485,133.998066,-9360.722011
943.406555,153.140646,153.140646,-9360.722011
943.407183,133.998066,114.855485,-9418.149754
943.407810,133.998066,210.568389,-9418.149754
943.408438,76.570323,114.855485,-9418.149754
943.409065,38.285162,114.855485,-9418.149754
943.409693,76.570323,114.855485,-9456.434915
943.410320,76.570323,114.855485,-9418.149754
943.410948,133.998066,114.855485,-9437.292334
943.411576,76.570323,114.855485,-9533.005238
943.412203,114.855485,95.712904,-9399.007173
943.412831,76.570323,172.283227,-9437.292334
943.413458,133.998066,191.425808,-9437.292334
943.414086,76.570323,114.855485,-9418.149754
943.414713,38.285162,172.283227,-9418.149754
943.415341,133.998066,172.283227,-9456.434915
943.415968,76.570323,114.855485,-9418.149754
943.416596,38.285162,210.568389,-9437.292334
943.417224,95.712904,95.712904,-9399.007173
943.417851,76.570323,210.568389,-9418.149754
943.418479,95.712904,133.998066,-9360.722011
943.419106,76.570323,153.140646,-9360.722011
943.419734,114.855485,133.998066,-9360.722011
943.420361,153.140646,153.140646,-9399.007173
943.420989,114.855485,172.283227,-9360.722011
943.421617,172.283227,133.998066,-9360.722011
943.422244,95.712904,95.712904,-9399.007173
943.422872,95.712904,114.855485,-9418.149754
943.423499,114.855485,114.855485,-9379.864592
943.424127,133.998066,114.855485,-9418.149754
943.424754,114.855485,133.998066,-9360.722011
943.425382,133.998066,114.855485,-9418.149754
943.426009,133.998066,153.140646,-9437.292334
943.426637,76.570323,210.568389,-9418.149754
943.427265,38.285162,114.855485,-9418.149754
943.427892,38.285162,114.855485,-9360.722011
943.428520,95.712904,114.855485,-9399.007173
943.429147,76.570323,114.855485,-9418.149754
943.429775,76.570323,114.855485,-9437.292334
943.430402,95.712904,114.855485,-9418.149754
943.431030,76.570323,114.855485,-9418.149754
943.431658,133.998066,133.998066,-9379.864592
943.432285,133.998066,114.855485,-9418.149754
943.432913,38.285162,114.855485,-9418.149754
943.433540,76.570323,114.855485,-9418.149754
943.434168,133.998066,172.283227,-9456.434915
943.434795,76.570323,114.855485,-9418.149754
943.435423,95.712904,133.998066,-9360.722011
943.436050,133.998066,114.855485,-9418.149754
943.436678,114.855485,95.712904,-9399.007173
943.437306,38.285162,153.140646,-9437.292334
943.437933,114.855485,95.712904,-9456.434915
943.438561,76.570323,172.283227,-9437.292334
943.439188,76.570323,172.283227,-9418.149754
943.439816,76.570323,191.425808,-9360.722011
943.440443,76.570323,133.998066,-9360.722011
943.441071,95.712904,172.283227,-9341.579430
943.441698,153.140646,133.998066,-9399.007173
943.442326,76.570323,114.855485,-9418.149754
943.442954,76.570323,172.283227,-9418.149754
943.443581,153.140646,133.998066,-9399.007173
943.444209,133.998066,114.855485,-9418.149754
943.444836,76.570323,172.283227,-9418.149754
943.445464,38.285162,114.855485,-9418.149754
943.446091,38.285162,172.283227,-9475.577496
943.446719,95.712904,95.712904,-9399.007173
943.447346,76.570323,114.855485,-9418.149754
943.447974,133.998066,133.998066,-9399.007173
943.448601,133.998066,95.712904,-9360.722011
943.449229,19.142581,172.283227,-9418.149754
943.449856,38.285162,153.140646,-9437.292334
943.450484,76.570323,114.855485,-9418.149754
943.451111,38.285162,114.855485,-9418.149754
943.451739,114.855485,133.998066,-9418.149754
943.452366,133.998066,133.998066,-9399.007173
943.452994,95.712904,172.283227,-9437.292334
943.453621,38.285162,172.283227,-9360.722011
943.454249,133.998066,172.283227,-9418.149754
943.454876,95.712904,153.140646,-9360.722011
943.455503,76.570323,114.855485,-9418.149754
943.456131,76.570323,153.140646,-9418.149754
943.456758,76.570323,114.855485,-9418.149754
943.457386,76.570323,210.568389,-9418.149754
943.458013,153.140646,114.855485,-9418.149754
943.458641,76.570323,153.140646,-9418.149754
943.459268,76.570323,114.855485,-9456.434915
943.459896,38.285162,114.855485,-9418.149754
943.460523,38.285162,210.568389,-9418.149754
943.461151,76.570323,114.855485,-9418.149754
943.461778,153.140646,133.998066,-9399.007173
943.462406,95.712904,133.998066,-9360.722011
943.463033,114.855485,95.712904,-9399.007173
943.463661,76.570323,114.855485,-9418.149754
943.464288,76.570323,114.855485,-9437.292334
943.464916,114.855485,153.140646,-9360.722011
943.465543,76.570323,153.140646,-9418.149754
943.466171,133.998066,114.855485,-9418.149754
943.466798,133.998066,172.283227,-9418.149754
943.467426,133.998066,114.855485,-9418.149754
943.468053,38.285162,114.855485,-9418.149754
943.468681,76.570323,114.855485,-9418.149754
943.469308,76.570323,153.140646,-9418.149754
943.469936,133.998066,114.855485,-9418.149754
943.470563,76.570323,172.283227,-9456.434915
943.471190,133.998066,114.855485,-9360.722011
943.471818,76.570323,114.855485,-9437.292334
943.472445,133.998066,114.855485,-9437.292334
943.473073,76.570323,114.855485,-9418.149754
943.473700,133.998066,229.710970,-9418.149754
943.474328,114.855485,210.568389,-9379.864592
943.474955,133.998066,210.568389,-9418.149754
943.475583,133.998066,114.855485,-9437.292334
943.476210,133.998066,133.998066,-9379.864592
943.476838,38.285162,114.855485,-9456.434915
943.477465,38.285162,114.855485,-9418.149754
943.478093,38.285162,114.855485,-9418.149754
943.478720,95.712904,114.855485,-9418.149754
943.479348,76.570323,114.855485,-9399.007173
943.479975,38.285162,114.855485,-9418.149754
943.480603,38.285162,114.855485,-9418.149754
943.481230,114.855485,191.425808,-9360.722011
943.481858,38.285162,114.855485,-9456.434915
943.482485,114.855485,95.712904,-9399.007173
943.483113,133.998066,114.855485,-9418.149754
943.483740,95.712904,95.712904,-9399.007173
943.484368,38.285162,153.140646,-9418.149754
943.484995,38.285162,114.855485,-9418.149754
943.485623,133.998066,114.855485,-9418.149754
943.486250,76.570323,210.568389,-9418.149754
943.486878,57.427742,153.140646,-9360.722011
943.487505,133.998066,133.998066,-9399.007173
943.488132,95.712904,114.855485,-9418.149754
943.488760,95.712904,95.712904,-9399.007173
943.489387,133.998066,114.855485,-9456.434915
943.490015,95.712904,133.998066,-9360.722011
943.490642,133.998066,114.855485,-9418.149754
943.491270,133.998066,114.855485,-9418.149754
943.491897,95.712904,95.712904,-9399.007173
943.492525,57.427742,95.712904,-9399.007173
943.493152,133.998066,133.998066,-9399.007173
943.493780,76.570323,114.855485,-9418.149754
943.494407,95.712904,172.283227,-9360.722011
943.495035,95.712904,248.853550,-9360.722011
943.495662,133.998066,210.568389,-9418.149754
943.496290,133.998066,191.425808,-9399.007173
943.496917,38.285162,133.998066,-9379.864592
943.497545,57.427742,133.998066,-9360.722011
943.498172,210.568389,191.425808,-9399.007173
943.498800,76.570323,153.140646,-9360.722011
943.499427,76.570323,114.855485,-9437.292334
943.500055,76.570323,114.855485,-9418.149754
943.500682,133.998066,133.998066,-9399.007173
943.501310,153.140646,133.998066,-9399.007173
943.501937,38.285162,114.855485,-9418.149754
943.502565,76.570323,172.283227,-9418.149754
943.503192,76.570323,153.140646,-9418.149754
943.503819,133.998066,133.998066,-9399.007173
943.504447,38.285162,114.855485,-9437.292334
943.505074,76.570323,114.855485,-9418.149754
943.505702,95.712904,172.283227,-9418.149754
943.506329,133.998066,133.998066,-9399.007173
943.506957,95.712904,153.140646,-9360.722011
943.507584,153.140646,133.998066,-9399.007173
943.508212,133.998066,114.855485,-9418.149754
943.508839,114.855485,95.712904,-9399.007173
943.509467,76.570323,172.283227,-9418.149754
943.510094,133.998066,153.140646,-9456.434915
943.510722,38.285162,114.855485,-9418.149754
943.511349,76.570323,114.855485,-9399.007173
943.511977,172.283227,210.568389,-9379.864592
943.512604,153.140646,133.998066,-9399.007173
943.513232,76.570323,133.998066,-9360.722011
943.513859,76.570323,172.283227,-9418.149754
943.514487,57.427742,133.998066,-9341.579430
943.515114,95.712904,114.855485,-9399.007173
943.515742,95.712904,114.855485,-9399.007173
943.516369,57.427742,95.712904,-9399.007173
943.516997,133.998066,133.998066,-9399.007173
943.517624,38.285162,210.568389,-9456.434915
943.518252,133.998066,153.140646,-9399.007173
943.518879,76.570323,114.855485,-9418.149754
943.519507,133.998066,172.283227,-9418.149754
943.520134,95.712904,114.855485,-9418.149754
943.520761,133.998066,153.140646,-9418.149754
943.521389,114.855485,133.998066,-9360.722011
943.522016,114.855485,76.570323,-9418.149754
943.522644,133.998066,114.855485,-9418.149754
943.523271,133.998066,172.283227,-9456.434915
943.523899,133.998066,153.140646,-9437.292334
943.524526,133.998066,114.855485,-9437.292334
943.525154,76.570323,172.283227,-9418.149754
943.525781,153.140646,172.283227,-9399.007173
943.526409,95.712904,153.140646,-9360.722011
943.527036,95.712904,133.998066,-9418.149754
943.527664,76.570323,114.855485,-9360.722011
943.528291,95.712904,153.140646,-9360.722011
943.528919,133.998066,114.855485,-9418.149754
943.529546,76.570323,114.855485,-9456.434915
943.530174,172.283227,76.570323,-9418.149754
943.530801,95.712904,133.998066,-9475.577496
943.531429,76.570323,114.855485,-9418.149754
943.532056,76.570323,114.855485,-9456.434915
943.532684,95.712904,133.998066,-9360.722011
943.533311,76.570323,114.855485,-9418.149754
943.533939,76.570323,114.855485,-9418.149754
943.534566,133.998066,172.283227,-9418.149754
943.535194,153.140646,153.140646,-9399.007173
943.535821,133.998066,114.855485,-9418.149754
943.536448,133.998066,114.855485,-9418.149754
943.537076,76.570323,191.425808,-9437.292334
943.537703,133.998066,114.855485,-9418.149754
943.538331,57.427742,191.425808,-9360.722011
943.538958,133.998066,153.140646,-9418.149754
943.539586,133.998066,114.855485,-9437.292334
943.540213,76.570323,153.140646,-9456.434915
943.540841,76.570323,114.855485,-9418.149754
943.541468,76.570323,114.855485,-9418.149754
943.542096,133.998066,172.283227,-9399.007173
943.542723,133.998066,114.855485,-9418.149754
943.543351,114.855485,210.568389,-9360.722011
943.543978,153.140646,133.998066,-9437.292334
943.544606,133.998066,114.855485,-9418.149754
943.545233,38.285162,114.855485,-9418.149754
943.545861,95.712904,172.283227,-9418.149754
943.546488,133.998066,114.855485,-9418.149754
943.547116,133.998066,191.425808,-9418.149754
943.547744,76.570323,114.855485,-9437.292334
943.548371,57.427742,172.283227,-9360.722011
943.548999,133.998066,133.998066,-9456.434915
943.549626,133.998066,76.570323,-9341.579430
943.550254,76.570323,172.283227,-9437.292334
943.550882,76.570323,172.283227,-9418.149754
943.551509,133.998066,210.568389,-9399.007173
943.552137,133.998066,114.855485,-9418.149754
943.552764,133.998066,172.283227,-9418.149754
943.553392,133.998066,114.855485,-9456.434915
943.554020,133.998066,133.998066,-9399.007173
943.554647,76.570323,114.855485,-9418.149754
943.555275,133.998066,114.855485,-9418.149754
943.555902,133.998066,114.855485,-9418.149754
943.556530,38.285162,172.283227,-9418.149754
943.557158,76.570323,153.140646,-9418.149754
943.557785,133.998066,114.855485,-9418.149754
943.558413,133.998066,114.855485,-9418.149754
943.559040,153.140646,172.283227,-9399.007173
943.559668,153.140646,133.998066,-9379.864592
943.560296,76.570323,153.140646,-9418.149754
943.560923,133.998066,133.998066,-9456.434915
943.561551,38.285162,172.283227,-9437.292334
943.562179,76.570323,133.998066,-9360.722011
943.562806,38.285162,172.283227,-9418.149754
943.563434,76.570323,153.140646,-9418.149754
943.564061,133.998066,114.855485,-9418.149754
943.564689,95.712904,133.998066,-9360.722011
943.565317,172.283227,114.855485,-9379.864592
943.565944,153.140646,133.998066,-9399.007173
943.566572,38.285162,114.855485,-9418.149754
943.567199,38.285162,210.568389,-9418.149754
943.567827,133.998066,114.855485,-9418.149754
943.568455,76.570323,114.855485,-9418.149754
943.569082,38.285162,114.855485,-9418.149754
943.569710,133.998066,229.710970,-9456.434915
943.570337,133.998066,114.855485,-9418.149754
943.570965,76.570323,172.283227,-9418.149754
943.571593,76.570323,172.283227,-9418.149754
943.572220,95.712904,153.140646,-9418.149754
943.572848,114.855485,95.712904,-9399.007173
943.573475,133.998066,133.998066,-9399.007173
943.574103,133.998066,153.140646,-9418.149754
943.574731,114.855485,172.283227,-9360.722011
943.575358,76.570323,114.855485,-9418.149754
943.575986,95.712904,191.425808,-9360.722011
943.576613,57.427742,133.998066,-9360.722011
943.577241,133.998066,114.855485,-9418.149754
943.577869,76.570323,153.140646,-9360.722011
943.578496,76.570323,76.570323,-9379.864592
943.579124,38.285162,114.855485,-9456.434915
943.579751,76.570323,153.140646,-9418.149754
943.580379,133.998066,153.140646,-9418.149754
943.581007,133.998066,153.140646,-9418.149754
943.581634,95.712904,114.855485,-9418.149754
943.582262,76.570323,114.855485,-9456.434915
943.582889,172.283227,114.855485,-9379.864592
943.583517,76.570323,114.855485,-9418.149754
943.584145,133.998066,172.283227,-9418.149754
943.584772,153.140646,172.283227,-9399.007173
943.585400,95.712904,114.855485,-9418.149754
943.586027,133.998066,191.425808,-9418.149754
943.586655,38.285162,210.568389,-9456.434915
943.587283,76.570323,114.855485,-9418.149754
943.587910,133.998066,114.855485,-9418.149754
943.588538,95.712904,153.140646,-9418.149754
943.589165,38.285162,153.140646,-9456.434915
943.589793,114.855485,95.712904,-9379.864592
943.590421,76.570323,114.855485,-9418.149754
943.591048,114.855485,191.425808,-9360.722011
943.591676,133.998066,210.568389,-9418.149754
943.592303,133.998066,114.855485,-9418.149754
943.592931,153.140646,133.998066,-9399.007173
943.593559,133.998066,153.140646,-9418.149754
943.594186,133.998066,114.855485,-9418.149754
943.594814,76.570323,172.283227,-9418.149754
943.595441,76.570323,114.855485,-9418.149754
943.596069,76.570323,114.855485,-9418.149754
943.596697,133.998066,153.140646,-9418.149754
943.597324,76.570323,191.425808,-9418.149754
943.597952,76.570323,153.140646,-9418.149754
943.598580,0.000000,133.998066,-9341.579430
943.599207,133.998066,114.855485,-9360.722011
943.599835,95.712904,133.998066,-9360.722011
943.600462,114.855485,95.712904,-9456.434915
943.601090,153.140646,133.998066,-9379.864592
943.601718,38.285162,114.855485,-9437.292334
943.602345,38.285162,153.140646,-9418.149754
943.602973,38.285162,114.855485,-9437.292334
943.603600,114.855485,133.998066,-9418.149754
943.604228,38.285162,114.855485,-9418.149754
943.604856,133.998066,172.283227,-9418.149754
943.605483,76.570323,114.855485,-9456.434915
943.606111,133.998066,153.140646,-9418.149754
943.606738,133.998066,172.283227,-9418.149754
943.607366,76.570323,114.855485,-9456.434915
943.607994,153.140646,248.853550,-9437.292334
943.608621,76.570323,210.568389,-9418.149754
943.609249,114.855485,133.998066,-9360.722011
943.609876,133.998066,210.568389,-9418.149754
943.610504,133.998066,153.140646,-9437.292334
943.611132,95.712904,133.998066,-9360.722011
943.611759,76.570323,191.425808,-9322.436850
943.612387,133.998066,95.712904,-9360.722011
943.613014,153.140646,114.855485,-9418.149754
943.613642,95.712904,95.712904,-9399.007173
943.614270,133.998066,172.283227,-9418.149754
943.614897,38.285162,114.855485,-9418.149754
943.615525,133.998066,114.855485,-9418.149754
943.616152,133.998066,114.855485,-9418.149754
943.616780,133.998066,114.855485,-9360.722011
943.617408,133.998066,191.425808,-9418.149754
943.618035,95.712904,114.855485,-9418.149754
943.618663,133.998066,114.855485,-9437.292334
943.619290,114.855485,76.570323,-9418.149754
943.619918,76.570323,114.855485,-9418.149754
943.620546,133.998066,114.855485,-9456.434915
943.621173,95.712904,114.855485,-9399.007173
943.621801,133.998066,229.710970,-9418.149754
943.622428,133.998066,114.855485,-9418.149754
943.623056,76.570323,191.425808,-9437.292334
943.623684,114.855485,172.283227,-9437.292334
943.624311,38.285162,114.855485,-9418.149754
943.624939,38.285162,114.855485,-9418.149754
943.625566,76.570323,114.855485,-9418.149754
943.626194,133.998066,114.855485,-9475.577496
943.626822,76.570323,114.855485,-9456.434915
943.627449,95.712904,133.998066,-9360.722011
943.628077,133.998066,133.998066,-9456.434915
943.628704,76.570323,191.425808,-9418.149754
943.629332,76.570323,172.283227,-9418.149754
943.629960,19.142581,172.283227,-9437.292334
943.630587,76.570323,210.568389,-9456.434915
943.631215,114.855485,172.283227,-9341.579430
943.631842,133.998066,114.855485,-9418.149754
943.632470,133.998066,114.855485,-9456.434915
943.633098,19.142581,114.855485,-9418.149754
943.633725,114.855485,95.712904,-9437.292334
943.634353,95.712904,95.712904,-9399.007173
943.634980,95.712904,133.998066,-9379.864592
943.635608,95.712904,133.998066,-9360.722011
943.636236,38.285162,95.712904,-9399.007173
943.636863,133.998066,114.855485,-9418.149754
943.637491,76.570323,210.568389,-9418.149754
943.638119,133.998066,114.855485,-9418.149754
943.638746,133.998066,133.998066,-9399.007173
943.639374,95.712904,95.712904,-9399.007173
943.640001,38.285162,114.855485,-9418.149754
943.640629,76.570323,153.140646,-9456.434915
943.641257,114.855485,76.570323,-9418.149754
943.641884,153.140646,133.998066,-9399.007173
943.642512,114.855485,95.712904,-9399.007173
943.643139,133.998066,114.855485,-9418.149754
943.643767,38.285162,114.855485,-9418.149754
943.644395,133.998066,114.855485,-9418.149754
943.645022,38.285162,114.855485,-9418.149754
943.645650,76.570323,153.140646,-9418.149754
943.646277,76.570323,114.855485,-9418.149754
943.646905,76.570323,114.855485,-9418.149754
943.647532,114.855485,95.712904,-9379.864592
943.648160,133.998066,133.998066,-9399.007173
943.648787,133.998066,191.425808,-9399.007173
943.649415,95.712904,95.712904,-9399.007173
943.650043,133.998066,172.283227,-9418.149754
943.650670,76.570323,153.140646,-9418.149754
943.651298,38.285162,114.855485,-9418.149754
943.651925,133.998066,114.855485,-9418.149754
943.652553,76.570323,172.283227,-9418.149754
943.653180,76.570323,114.855485,-9418.149754
943.653808,38.285162,172.283227,-9418.149754
943.654435,76.570323,114.855485,-9418.149754
943.655063,95.712904,114.855485,-9418.149754
943.655690,133.998066,114.855485,-9418.149754
943.656318,95.712904,133.998066,-9360.722011
943.656946,133.998066,114.855485,-9418.149754
943.657573,57.427742,114.855485,-9437.292334
943.658201,76.570323,114.855485,-9418.149754
943.658828,19.142581,191.425808,-9418.149754
943.659456,38.285162,114.855485,-9437.292334
943.660083,95.712904,114.855485,-9418.149754
943.660711,133.998066,172.283227,-9418.149754
943.661338,133.998066,210.568389,-9418.149754
943.661966,95.712904,210.568389,-9418.149754
943.662593,38.285162,114.855485,-9418.149754
943.663221,172.283227,76.570323,-9418.149754
943.663849,114.855485,153.140646,-9360.722011
943.664476,95.712904,153.140646,-9418.149754
943.665104,95.712904,133.998066,-9341.579430
943.665731,95.712904,172.283227,-9418.149754
943.666359,76.570323,153.140646,-9418.149754
943.666986,95.712904,153.140646,-9437.292334
943.667614,133.998066,172.283227,-9437.292334
943.668241,133.998066,172.283227,-9456.434915
943.668869,76.570323,114.855485,-9418.149754
943.669496,133.998066,114.855485,-9437.292334
943.670124,133.998066,229.710970,-9418.149754
943.670752,76.570323,210.568389,-9456.434915
943.671379,133.998066,114.855485,-9437.292334
943.672007,57.427742,95.712904,-9399.007173
943.672634,95.712904,95.712904,-9437.292334
943.673262,114.855485,76.570323,-9418.149754
943.673889,133.998066,114.855485,-9418.149754
943.674517,133.998066,76.570323,-9379.864592
943.675144,133.998066,76.570323,-9379.864592
943.675772,76.570323,114.855485,-9418.149754
943.676399,95.712904,133.998066,-9360.722011
943.677027,133.998066,210.568389,-9494.720077
943.677655,133.998066,172.283227,-9418.149754
943.678282,95.712904,133.998066,-9341.579430
943.678910,95.712904,114.855485,-9418.149754
943.679537,153.140646,95.712904,-9360.722011
943.680165,133.998066,172.283227,-9418.149754
943.680792,153.140646,133.998066,-9399.007173
943.681420,95.712904,114.855485,-9418.149754
943.682047,19.142581,114.855485,-9418.149754
943.682675,76.570323,114.855485,-9456.434915
943.683302,19.142581,133.998066,-9456.434915
943.683930,114.855485,95.712904,-9418.149754
943.684558,95.712904,133.998066,-9360.722011
943.685185,76.570323,153.140646,-9418.149754
943.685813,114.855485,133.998066,-9360.722011
943.686440,133.998066,153.140646,-9418.149754
943.687068,133.998066,114.855485,-9418.149754
943.687695,133.998066,172.283227,-9418.149754
943.688323,57.427742,133.998066,-9360.722011
943.688950,133.998066,172.283227,-9456.434915
943.689578,133.998066,133.998066,-9399.007173
943.690205,76.570323,172.283227,-9437.292334
943.690833,76.570323,153.140646,-9418.149754
943.691461,76.570323,114.855485,-9475.577496
943.692088,57.427742,153.140646,-9418.149754
943.692716,76.570323,153.140646,-9418.149754
943.693343,95.712904,133.998066,-9360.722011
943.693971,38.285162,114.855485,-9418.149754
943.694598,114.855485,133.998066,-9360.722011
943.695226,153.140646,76.570323,-9379.864592
943.695853,133.998066,114.855485,-9418.149754
943.696481,95.712904,248.853550,-9360.722011
943.697108,114.855485,95.712904,-9399.007173
943.697736,95.712904,114.855485,-9418.149754
943.698364,95.712904,95.712904,-9399.007173
943.698991,95.712904,95.712904,-9399.007173
943.699619,133.998066,114.855485,-9418.149754
943.700246,76.570323,114.855485,-9456.434915
943.700874,153.140646,153.140646,-9437.292334
943.701501,95.712904,95.712904,-9437.292334
943.702129,19.142581,229.710970,-9418.149754
943.702756,57.427742,114.855485,-9418.149754
943.703384,95.712904,133.998066,-9360.722011
943.704011,95.712904,210.568389,-9494.720077
943.704639,114.855485,114.855485,-9437.292334
943.705267,76.570323,210.568389,-9418.149754
943.705894,38.285162,114.855485,-9456.434915
943.706522,133.998066,114.855485,-9418.149754
943.707149,133.998066,114.855485,-9418.149754
943.707777,57.427742,114.855485,-9437.292334
943.708404,76.570323,95.712904,-9399.007173
943.709032,114.855485,133.998066,-9341.579430
943.709659,38.285162,172.283227,-9418.149754
943.710287,38.285162,114.855485,-9360.722011
943.710914,38.285162,114.855485,-9418.149754
943.711542,95.712904,114.855485,-9456.434915
943.712170,133.998066,210.568389,-9418.149754
943.712797,172.283227,114.855485,-9379.864592
943.713425,133.998066,114.855485,-9456.434915
943.714052,133.998066,76.570323,-9379.864592
943.714680,95.712904,133.998066,-9418.149754
943.715307,57.427742,172.283227,-9360.722011
943.715935,133.998066,153.140646,-9418.149754
943.716562,76.570323,153.140646,-9418.149754
943.717190,38.285162,210.568389,-9456.434915
943.717817,76.570323,114.855485,-9418.149754
943.718445,38.285162,153.140646,-9418.149754
943.719073,95.712904,114.855485,-9418.149754
943.719700,133.998066,210.568389,-9418.149754
943.720328,38.285162,172.283227,-9418.149754
943.720955,153.140646,229.710970,-9418.149754
943.721583,76.570323,114.855485,-9418.149754
943.722210,153.140646,133.998066,-9399.007173
943.722838,95.712904,133.998066,-9379.864592
943.723465,133.998066,114.855485,-9418.149754
943.724093,38.285162,114.855485,-9418.149754
943.724720,133.998066,114.855485,-9418.149754
943.725348,76.570323,114.855485,-9418.149754
943.725976,133.998066,114.855485,-9418.149754
943.726603,95.712904,114.855485,-9418.149754
943.727231,114.855485,153.140646,-9360.722011
943.727858,76.570323,172.283227,-9418.149754
943.728486,38.285162,114.855485,-9418.149754
943.729113,76.570323,172.283227,-9437.292334
943.729741,76.570323,114.855485,-9456.434915
943.730368,76.570323,114.855485,-9437.292334
943.730996,95.712904,153.140646,-9418.149754
943.731623,76.570323,114.855485,-9418.149754
943.732251,114.855485,172.283227,-9360.722011
943.732879,133.998066,172.283227,-9418.149754
943.733506,76.570323,114.855485,-9360.722011
943.734134,95.712904,210.568389,-9360.722011
943.734761,76.570323,114.855485,-9418.149754
943.735389,172.283227,114.855485,-9379.864592
943.736016,76.570323,133.998066,-9360.722011
943.736644,57.427742,114.855485,-9418.149754
943.737271,38.285162,114.855485,-9418.149754
943.737899,95.712904,95.712904,-9399.007173
943.738526,76.570323,153.140646,-9418.149754
943.739154,76.570323,172.283227,-9418.149754
943.739782,76.570323,172.283227,-9418.149754
943.740409,153.140646,172.283227,-9399.007173
943.741037,153.140646,153.140646,-9399.007173
943.741664,95.712904,172.283227,-9360.722011
943.742292,38.285162,172.283227,-9418.149754
943.742919,76.570323,114.855485,-9418.149754
943.743547,38.285162,114.855485,-9418.149754
943.744174,76.570323,210.568389,-9475.577496
943.744802,95.712904,153.140646,-9360.722011
943.745429,57.427742,95.712904,-9399.007173
943.746057,76.570323,172.283227,-9418.149754
943.746685,133.998066,76.570323,-9379.864592
943.747312,76.570323,114.855485,-9418.149754
943.747940,114.855485,114.855485,-9379.864592
943.748567,114.855485,172.283227,-9360.722011
943.749195,133.998066,114.855485,-9418.149754
943.749822,133.998066,210.568389,-9418.149754
943.750450,133.998066,114.855485,-9418.149754
943.751077,133.998066,114.855485,-9418.149754
943.751705,95.712904,172.283227,-9418.149754
943.752333,76.570323,114.855485,-9418.149754
943.752960,76.570323,229.710970,-9418.149754
943.753588,133.998066,153.140646,-9418.149754
943.754215,76.570323,114.855485,-9360.722011
943.754843,76.570323,153.140646,-9360.722011
943.755470,133.998066,153.140646,-9418.149754
943.756098,153.140646,191.425808,-9456.434915
943.756726,153.140646,133.998066,-9456.434915
943.757353,76.570323,210.568389,-9418.149754
943.757981,133.998066,114.855485,-9418.149754
943.758608,133.998066,114.855485,-9418.149754
943.759236,114.855485,95.712904,-9399.007173
943.759863,38.285162,210.568389,-9418.149754
943.760491,133.998066,114.855485,-9418.149754
943.761118,38.285162,172.283227,-9418.149754
943.761746,95.712904,114.855485,-9418.149754
943.762374,38.285162,114.855485,-9418.149754
943.763001,76.570323,114.855485,-9418.149754
943.763629,76.570323,153.140646,-9418.149754
943.764256,153.140646,191.425808,-9399.007173
943.764884,76.570323,210.568389,-9418.149754
943.765511,76.570323,114.855485,-9418.149754
943.766139,38.285162,172.283227,-9399.007173
943.766767,76.570323,153.140646,-9418.149754
943.767394,76.570323,153.140646,-9418.149754
943.768022,76.570323,114.855485,-9418.149754
943.768649,76.570323,210.568389,-9418.149754
943.769277,95.712904,114.855485,-9418.149754
943.769904,133.998066,210.568389,-9418.149754
943.770532,95.712904,210.568389,-9360.722011
943.771159,95.712904,210.568389,-9399.007173
943.771787,95.712904,172.283227,-9418.149754
943.772415,133.998066,172.283227,-9399.007173
943.773042,133.998066,114.855485,-9418.149754
943.773670,133.998066,210.568389,-9418.149754
943.774297,133.998066,114.855485,-9418.149754
943.774925,76.570323,114.855485,-9418.149754
943.775552,76.570323,191.425808,-9418.149754
943.776180,76.570323,114.855485,-9437.292334
943.776808,76.570323,114.855485,-9418.149754
943.777435,76.570323,114.855485,-9456.434915
943.778063,38.285162,210.568389,-9418.149754
943.778690,133.998066,153.140646,-9399.007173
943.779318,76.570323,133.998066,-9360.722011
943.779945,133.998066,210.568389,-9360.722011
943.780573,76.570323,172.283227,-9341.579430
943.781200,95.712904,133.998066,-9360.722011
943.781828,133.998066,114.855485,-9418.149754
943.782456,133.998066,153.140646,-9418.149754
943.783083,38.285162,114.855485,-9418.149754
943.783711,76.570323,210.568389,-9418.149754
943.784338,38.285162,114.855485,-9418.149754
943.784966,133.998066,114.855485,-9418.149754
943.785593,57.427742,95.712904,-9456.434915
943.786221,95.712904,114.855485,-9456.434915
943.786849,76.570323,114.855485,-9456.434915
943.787476,133.998066,153.140646,-9418.149754
943.788104,38.285162,114.855485,-9418.149754
943.788731,133.998066,114.855485,-9418.149754
943.789359,114.855485,172.283227,-9360.722011
943.789986,95.712904,95.712904,-9399.007173
943.790614,76.570323,114.855485,-9437.292334
943.791241,133.998066,172.283227,-9418.149754
943.791869,133.998066,114.855485,-9418.149754
943.792497,133.998066,114.855485,-9418.149754
943.793124,76.570323,172.283227,-9418.149754
943.793752,76.570323,114.855485,-9418.149754
943.794379,76.570323,114.855485,-9418.149754
943.795007,114.855485,229.710970,-9379.864592
943.795634,19.142581,153.140646,-9418.149754
943.796262,133.998066,114.855485,-9418.149754
943.796889,76.570323,191.425808,-9418.149754
943.797517,133.998066,210.568389,-9418.149754
943.798145,153.140646,133.998066,-9399.007173
943.798772,38.285162,114.855485,-9418.149754
943.799400,76.570323,191.425808,-9418.149754
943.800027,76.570323,153.140646,-9418.149754
943.800655,95.712904,95.712904,-9399.007173
943.801282,153.140646,133.998066,-9399.007173
943.801910,76.570323,153.140646,-9418.149754
943.802538,38.285162,114.855485,-9418.149754
943.803165,95.712904,114.855485,-9418.149754
943.803793,76.570323,95.712904,-9399.007173
943.804420,133.998066,210.568389,-9418.149754
943.805048,210.568389,153.140646,-9456.434915
943.805675,76.570323,210.568389,-9418.149754
943.806303,133.998066,114.855485,-9456.434915
943.806930,133.998066,114.855485,-9418.149754
943.807558,153.140646,133.998066,-9399.007173
943.808186,153.140646,133.998066,-9437.292334
943.808813,114.855485,133.998066,-9360.722011
943.809441,133.998066,153.140646,-9456.434915
943.810068,133.998066,114.855485,-9418.149754
943.810696,76.570323,114.855485,-9418.149754
943.811323,133.998066,172.283227,-9360.722011
943.811951,133.998066,114.855485,-9418.149754
943.812579,133.998066,114.855485,-9418.149754
943.813206,95.712904,172.283227,-9360.722011
943.813834,57.427742,95.712904,-9399.007173
943.814461,133.998066,114.855485,-9418.149754
943.815089,95.712904,114.855485,-9418.149754
943.815716,76.570323,114.855485,-9418.149754
943.816344,95.712904,153.140646,-9418.149754
943.816971,57.427742,95.712904,-9379.864592
943.817599,76.570323,114.855485,-9418.149754
943.818227,76.570323,114.855485,-9418.149754
943.818854,95.712904,114.855485,-9418.149754
943.819482,95.712904,114.855485,-9399.007173
943.820109,76.570323,114.855485,-9418.149754
943.820737,133.998066,114.855485,-9418.149754
943.821364,172.283227,95.712904,-9399.007173
943.821992,133.998066,133.998066,-9399.007173
943.822620,114.855485,76.570323,-9418.149754
943.823247,133.998066,153.140646,-9379.864592
943.823875,76.570323,172.283227,-9418.149754
943.824502,19.142581,153.140646,-9360.722011
943.825130,133.998066,114.855485,-9418.149754
943.825757,76.570323,76.570323,-9379.864592
943.826385,57.427742,191.425808,-9360.722011
943.827012,114.855485,248.853550,-9360.722011
943.827640,95.712904,133.998066,-9360.722011
943.828268,172.283227,191.425808,-9360.722011
943.828895,76.570323,172.283227,-9418.149754
943.829523,133.998066,153.140646,-9418.149754
943.830150,38.285162,153.140646,-9418.149754
943.830778,133.998066,153.140646,-9418.149754
943.831405,76.570323,114.855485,-9418.149754
943.832033,38.285162,114.855485,-9418.149754
943.832661,133.998066,114.855485,-9456.434915
943.833288,133.998066,172.283227,-9437.292334
943.833916,76.570323,114.855485,-9418.149754
943.834543,133.998066,114.855485,-9418.149754
943.835171,114.855485,210.568389,-9360.722011
943.835798,76.570323,114.855485,-9418.149754
943.836426,133.998066,133.998066,-9399.007173
943.837053,76.570323,114.855485,-9418.149754
943.837681,57.427742,95.712904,-9399.007173
943.838309,38.285162,114.855485,-9418.149754
943.838936,76.570323,210.568389,-9418.149754
943.839564,133.998066,114.855485,-9418.149754
943.840191,114.855485,95.712904,-9399.007173
943.840819,95.712904,153.140646,-9322.436850
943.841446,95.712904,133.998066,-9341.579430
943.842074,95.712904,114.855485,-9418.149754
943.842702,57.427742,95.712904,-9494.720077
943.843329,133.998066,114.855485,-9418.149754
943.843957,133.998066,133.998066,-9399.007173
943.844584,133.998066,210.568389,-9418.149754
943.845212,76.570323,210.568389,-9418.149754
943.845839,114.855485,114.855485,-9379.864592
943.846467,133.998066,114.855485,-9437.292334
943.847094,38.285162,172.283227,-9418.149754
943.847722,95.712904,114.855485,-9399.007173
943.848350,76.570323,229.710970,-9418.149754
943.848977,76.570323,153.140646,-9418.149754
943.849605,114.855485,172.283227,-9360.722011
943.850232,76.570323,153.140646,-9418.149754
943.850860,95.712904,172.283227,-9322.436850
943.851487,76.570323,114.855485,-9418.149754
943.852115,133.998066,133.998066,-9456.434915
943.852742,95.712904,95.712904,-9399.007173
943.853370,95.712904,114.855485,-9418.149754
943.853998,133.998066,114.855485,-9418.149754
943.854625,114.855485,95.712904,-9456.434915
943.855253,210.568389,153.140646,-9456.434915
943.855880,133.998066,114.855485,-9418.149754
943.856508,114.855485,133.998066,-9360.722011
943.857135,76.570323,172.283227,-9418.149754
943.857763,76.570323,114.855485,-9418.149754
943.858390,38.285162,114.855485,-9418.149754
943.859018,133.998066,172.283227,-9399.007173
943.859646,76.570323,114.855485,-9475.577496
943.860273,38.285162,114.855485,-9437.292334
943.860901,133.998066,153.140646,-9418.149754
943.861528,133.998066,114.855485,-9418.149754
943.862156,38.285162,95.712904,-9418.149754
943.862783,153.140646,133.998066,-9456.434915
943.863411,76.570323,114.855485,-9437.292334
943.864038,38.285162,114.855485,-9456.434915
943.864666,76.570323,114.855485,-9456.434915
943.865294,76.570323,172.283227,-9418.149754
943.865921,76.570323,114.855485,-9418.149754
943.866549,95.712904,114.855485,-9418.149754
943.867176,19.142581,153.140646,-9418.149754
943.867804,76.570323,114.855485,-9418.149754
943.868431,114.855485,133.998066,-9360.722011
943.869059,95.712904,95.712904,-9399.007173
943.869686,153.140646,172.283227,-9456.434915
943.870314,153.140646,133.998066,-9399.007173
943.870942,95.712904,172.283227,-9418.149754
943.871569,133.998066,210.568389,-9418.149754
943.872197,133.998066,153.140646,-9494.720077
943.872824,57.427742,172.283227,-9360.722011
943.873452,153.140646,133.998066,-9399.007173
943.874079,95.712904,95.712904,-9399.007173
943.874707,95.712904,153.140646,-9418.149754
943.875334,76.570323,114.855485,-9418.149754
943.875962,76.570323,172.283227,-9418.149754
943.876590,172.283227,114.855485,-9399.007173
943.877217,95.712904,114.855485,-9360.722011
943.877845,153.140646,95.712904,-9360.722011
943.878472,172.283227,153.140646,-9379.864592
943.879100,153.140646,133.998066,-9379.864592
943.879727,133.998066,114.855485,-9418.149754
943.880355,133.998066,172.283227,-9341.579430
943.880982,76.570323,114.855485,-9418.149754
943.881610,133.998066,114.855485,-9418.149754
943.882238,95.712904,133.998066,-9360.722011
943.882865,76.570323,133.998066,-9360.722011
943.883493,133.998066,76.570323,-9379.864592
943.884120,133.998066,153.140646,-9418.149754
943.884748,133.998066,191.425808,-9399.007173
943.885375,76.570323,114.855485,-9418.149754
943.886003,153.140646,133.998066,-9399.007173
943.886630,95.712904,133.998066,-9360.722011
943.887258,133.998066,114.855485,-9418.149754
943.887886,114.855485,133.998066,-9360.722011
943.888513,76.570323,114.855485,-9418.149754
943.889141,133.998066,114.855485,-9418.149754
943.889768,76.570323,114.855485,-9456.434915
943.890396,38.285162,114.855485,-9418.149754
943.891023,95.712904,153.140646,-9360.722011
943.891651,76.570323,114.855485,-9418.149754
943.892279,38.285162,172.283227,-9418.149754
943.892906,76.570323,114.855485,-9437.292334
943.893534,76.570323,114.855485,-9418.149754
943.894161,76.570323,114.855485,-9418.149754
943.894789,153.140646,191.425808,-9399.007173
943.895416,133.998066,172.283227,-9399.007173
943.896044,76.570323,114.855485,-9418.149754
943.896671,95.712904,95.712904,-9494.720077
943.897299,133.998066,114.855485,-9418.149754
943.897927,133.998066,114.855485,-9418.149754
943.898554,114.855485,95.712904,-9399.007173
943.899182,133.998066,114.855485,-9418.149754
943.899809,153.140646,191.425808,-9399.007173
943.900437,133.998066,114.855485,-9437.292334
943.901064,133.998066,172.283227,-9418.149754
943.901692,95.712904,210.568389,-9360.722011
943.902319,38.285162,114.855485,-9418.149754
943.902947,95.712904,172.283227,-9341.579430
943.903575,76.570323,114.855485,-9418.149754
943.904202,95.712904,133.998066,-9360.722011
943.904830,114.855485,95.712904,-9399.007173
943.905457,133.998066,191.425808,-9437.292334
943.906085,38.285162,114.855485,-9456.434915
943.906712,76.570323,172.283227,-9418.149754
943.907340,76.570323,114.855485,-9475.577496
943.907967,38.285162,114.855485,-9418.149754
943.908595,38.285162,114.855485,-9418.149754
943.909223,38.285162,114.855485,-9418.149754
943.909850,133.998066,114.855485,-9418.149754
943.910478,76.570323,114.855485,-9418.149754
943.911105,153.140646,153.140646,-9399.007173
943.911733,76.570323,114.855485,-9418.149754
943.912360,76.570323,210.568389,-9418.149754
943.912988,76.570323,153.140646,-9418.149754
943.913615,95.712904,133.998066,-9360.722011
943.914243,133.998066,172.283227,-9418.149754
943.914871,133.998066,114.855485,-9456.434915
943.915498,76.570323,229.710970,-9418.149754
943.916126,19.142581,191.425808,-9418.149754
943.916753,95.712904,153.140646,-9418.149754
943.917381,133.998066,153.140646,-9418.149754
943.918008,95.712904,172.283227,-9437.292334
943.918636,38.285162,153.140646,-9418.149754
943.919263,95.712904,133.998066,-9418.149754
943.919891,133.998066,114.855485,-9418.149754
943.920519,95.712904,95.712904,-9379.864592
943.921146,114.855485,210.568389,-9379.864592
943.921774,114.855485,114.855485,-9379.864592
943.922401,114.855485,133.998066,-9360.722011
943.923029,133.998066,114.855485,-9418.149754
943.923656,76.570323,114.855485,-9418.149754
943.924284,133.998066,114.855485,-9418.149754
943.924911,38.285162,133.998066,-9360.722011
943.925539,76.570323,114.855485,-9418.149754
943.926167,153.140646,133.998066,-9399.007173
943.926794,133.998066,172.283227,-9418.149754
943.927422,133.998066,153.140646,-9437.292334
943.928049,153.140646,133.998066,-9399.007173
943.928677,133.998066,114.855485,-9494.720077
943.929304,95.712904,172.283227,-9494.720077
943.929932,133.998066,133.998066,-9456.434915
943.930559,76.570323,114.855485,-9418.149754
943.931187,95.712904,95.712904,-9399.007173
943.931815,38.285162,114.855485,-9418.149754
943.932442,76.570323,114.855485,-9456.434915
943.933070,95.712904,133.998066,-9360.722011
943.933697,95.712904,114.855485,-9418.149754
943.934325,95.712904,133.998066,-9360.722011
943.934952,76.570323,114.855485,-9418.149754
943.935580,133.998066,114.855485,-9437.292334
943.936207,95.712904,95.712904,-9399.007173
943.936835,114.855485,95.712904,-9399.007173
943.937463,133.998066,172.283227,-9418.149754
943.938090,133.998066,153.140646,-9418.149754
943.938718,153.140646,133.998066,-9456.434915
943.939345,76.570323,210.568389,-9418.149754
943.939973,76.570323,172.283227,-9456.434915
943.940600,133.998066,114.855485,-9418.149754
943.941228,38.285162,114.855485,-9475.577496
943.941855,114.855485,153.140646,-9360.722011
943.942483,95.712904,191.425808,-9418.149754
943.943111,95.712904,133.998066,-9475.577496
943.943738,95.712904,153.140646,-9360.722011
943.944366,76.570323,153.140646,-9418.149754
943.944993,95.712904,191.425808,-9360.722011
943.945621,57.427742,114.855485,-9418.149754
943.946248,76.570323,114.855485,-9360.722011
943.946876,133.998066,114.855485,-9418.149754
943.947503,95.712904,95.712904,-9437.292334
943.948131,95.712904,248.853550,-9418.149754
943.948758,57.427742,153.140646,-9437.292334
943.949386,95.712904,153.140646,-9360.722011
943.950013,95.712904,133.998066,-9360.722011
943.950641,38.285162,114.855485,-9418.149754
943.951268,19.142581,153.140646,-9437.292334
943.951896,38.285162,114.855485,-9456.434915
943.952523,76.570323,114.855485,-9418.149754
943.953151,76.570323,114.855485,-9418.149754
943.953778,76.570323,114.855485,-9418.149754
943.954405,76.570323,172.283227,-9456.434915
943.955033,38.285162,114.855485,-9418.149754
943.955660,76.570323,172.283227,-9418.149754
943.956288,76.570323,133.998066,-9360.722011
943.956915,76.570323,114.855485,-9418.149754
943.957543,76.570323,114.855485,-9418.149754
943.958170,95.712904,95.712904,-9399.007173
943.958798,133.998066,114.855485,-9437.292334
943.959425,95.712904,114.855485,-9456.434915
943.960053,95.712904,95.712904,-9399.007173
943.960680,133.998066,153.140646,-9418.149754
943.961308,114.855485,133.998066,-9360.722011
943.961935,38.285162,114.855485,-9418.149754
943.962562,76.570323,114.855485,-9399.007173
943.963190,133.998066,114.855485,-9418.149754
943.963817,153.140646,133.998066,-9437.292334
943.964445,114.855485,133.998066,-9360.722011
943.965072,95.712904,133.998066,-9360.722011
943.965700,153.140646,133.998066,-9399.007173
943.966327,76.570323,114.855485,-9418.149754
943.966955,76.570323,172.283227,-9418.149754
943.967582,114.855485,191.425808,-9341.579430
943.968210,57.427742,133.998066,-9360.722011
943.968837,95.712904,191.425808,-9360.722011
943.969465,133.998066,172.283227,-9399.007173
943.970092,133.998066,153.140646,-9418.149754
943.970720,76.570323,114.855485,-9418.149754
943.971347,76.570323,229.710970,-9418.149754
943.971974,133.998066,153.140646,-9418.149754
943.972602,76.570323,114.855485,-9418.149754
943.973229,38.285162,153.140646,-9418.149754
943.973857,114.855485,114.855485,-9399.007173
943.974484,114.855485,114.855485,-9399.007173
943.975112,76.570323,210.568389,-9418.149754
943.975739,114.855485,191.425808,-9360.722011
943.976367,114.855485,133.998066,-9360.722011
943.976994,38.285162,172.283227,-9418.149754
943.977622,38.285162,172.283227,-9418.149754
943.978249,133.998066,172.283227,-9418.149754
943.978877,76.570323,114.855485,-9418.149754
943.979504,95.712904,172.283227,-9360.722011
943.980131,38.285162,114.855485,-9418.149754
943.980759,133.998066,76.570323,-9379.864592
943.981386,133.998066,114.855485,-9494.720077
943.982014,76.570323,153.140646,-9418.149754
943.982641,133.998066,210.568389,-9437.292334
943.983269,153.140646,191.425808,-9456.434915
943.983896,57.427742,95.712904,-9456.434915
943.984524,76.570323,114.855485,-9437.292334
943.985151,95.712904,153.140646,-9418.149754
943.985779,76.570323,114.855485,-9418.149754
943.986406,76.570323,114.855485,-9418.149754
943.987034,210.568389,153.140646,-9399.007173
943.987661,133.998066,153.140646,-9418.149754
943.988288,38.285162,114.855485,-9437.292334
943.988916,38.285162,172.283227,-9418.149754
943.989543,95.712904,153.140646,-9437.292334
943.990171,95.712904,153.140646,-9360.722011
943.990798,172.283227,172.283227,-9379.864592
943.991426,114.855485,133.998066,-9360.722011
943.992053,76.570323,114.855485,-9456.434915
943.992681,76.570323,114.855485,-9475.577496
943.993308,76.570323,172.283227,-9418.149754
943.993936,76.570323,153.140646,-9418.149754
943.994563,114.855485,133.998066,-9360.722011
943.995191,172.283227,76.570323,-9418.149754
943.995818,133.998066,114.855485,-9418.149754
943.996445,133.998066,95.712904,-9360.722011
943.997073,95.712904,133.998066,-9360.722011
943.997700,76.570323,133.998066,-9360.722011
943.998328,133.998066,133.998066,-9399.007173
943.998955,57.427742,191.425808,-9360.722011
943.999583,95.712904,172.283227,-9418.149754
944.000210,76.570323,114.855485,-9418.149754
944.000838,133.998066,114.855485,-9456.434915
944.001465,153.140646,114.855485,-9418.149754
944.002093,114.855485,95.712904,-9456.434915
944.002720,76.570323,76.570323,-9379.864592
944.003348,133.998066,114.855485,-9418.149754
944.003975,133.998066,172.283227,-9418.149754
944.004602,133.998066,172.283227,-9418.149754
944.005230,76.570323,172.283227,-9418.149754
944.005857,76.570323,172.283227,-9360.722011
944.006485,76.570323,114.855485,-9418.149754
944.007112,95.712904,114.855485,-9437.292334
944.007740,57.427742,153.140646,-9418.149754
944.008367,95.712904,114.855485,-9418.149754
944.008995,76.570323,153.140646,-9418.149754
944.009622,95.712904,153.140646,-9418.149754
944.010250,95.712904,133.998066,-9360.722011
944.010877,114.855485,95.712904,-9399.007173
944.011505,133.998066,114.855485,-9418.149754
944.012132,133.998066,114.855485,-9418.149754
944.012759,114.855485,153.140646,-9418.149754
944.013387,76.570323,210.568389,-9418.149754
944.014014,76.570323,114.855485,-9418.149754
944.014642,133.998066,114.855485,-9456.434915
944.015269,76.570323,114.855485,-9418.149754
944.015897,76.570323,172.283227,-9475.577496
944.016524,95.712904,114.855485,-9437.292334
944.017152,133.998066,114.855485,-9418.149754
944.017779,76.570323,114.855485,-9475.577496
944.018407,38.285162,114.855485,-9418.149754
944.019034,76.570323,114.855485,-9418.149754
944.019662,38.285162,114.855485,-9418.149754
944.020289,114.855485,153.140646,-9360.722011
944.020916,153.140646,133.998066,-9399.007173
944.021544,76.570323,172.283227,-9418.149754
944.022171,38.285162,114.855485,-9418.149754
944.022799,76.570323,114.855485,-9456.434915
944.023426,133.998066,210.568389,-9456.434915
944.024054,38.285162,114.855485,-9418.149754
944.024681,38.285162,114.855485,-9418.149754
944.025309,76.570323,114.855485,-9418.149754
944.025936,76.570323,114.855485,-9418.149754
944.026564,76.570323,114.855485,-9418.149754
944.027191,76.570323,153.140646,-9418.149754
944.027819,76.570323,114.855485,-9475.577496
944.028446,95.712904,133.998066,-9360.722011
944.029074,76.570323,114.855485,-9418.149754
944.029701,0.000000,114.855485,-9399.007173
944.030328,133.998066,114.855485,-9418.149754
944.030956,76.570323,76.570323,-9379.864592
944.031583,133.998066,114.855485,-9418.149754
944.032211,38.285162,114.855485,-9418.149754
944.032838,95.712904,95.712904,-9399.007173
944.033466,95.712904,114.855485,-9437.292334
944.034093,133.998066,114.855485,-9437.292334
944.034721,133.998066,172.283227,-9456.434915
944.035348,76.570323,191.425808,-9456.434915
944.035976,95.712904,172.283227,-9418.149754
944.036603,114.855485,191.425808,-9360.722011
944.037231,76.570323,114.855485,-9418.149754
944.037858,76.570323,210.568389,-9418.149754
944.038485,76.570323,114.855485,-9418.149754
944.039113,57.427742,114.855485,-9399.007173
944.039740,133.998066,114.855485,-9437.292334
944.040368,76.570323,210.568389,-9418.149754
944.040995,153.140646,153.140646,-9399.007173
944.041623,76.570323,114.855485,-9437.292334
944.042250,95.712904,114.855485,-9418.149754
944.042878,133.998066,172.283227,-9494.720077
944.043505,76.570323,153.140646,-9418.149754
944.044133,38.285162,114.855485,-9418.149754
944.044760,133.998066,76.570323,-9379.864592
944.045388,76.570323,153.140646,-9418.149754
944.046015,76.570323,153.140646,-9360.722011
944.046642,133.998066,133.998066,-9399.007173
944.047270,133.998066,210.568389,-9399.007173
944.047898,133.998066,153.140646,-9418.149754
944.048525,133.998066,133.998066,-9399.007173
944.049153,76.570323,114.855485,-9418.149754
944.049780,38.285162,114.855485,-9418.149754
944.050408,133.998066,114.855485,-9437.292334
944.051035,133.998066,114.855485,-9360.722011
944.051663,38.285162,114.855485,-9418.149754
944.052291,133.998066,114.855485,-9418.149754
944.052918,133.998066,229.710970,-9418.149754
944.053546,133.998066,114.855485,-9418.149754
944.054173,133.998066,133.998066,-9399.007173
944.054801,95.712904,114.855485,-9399.007173
944.055429,153.140646,133.998066,-9399.007173
944.056056,133.998066,153.140646,-9418.149754
944.056684,76.570323,153.140646,-9418.149754
944.057311,114.855485,133.998066,-9360.722011
944.057939,133.998066,114.855485,-9475.577496
944.058567,153.140646,133.998066,-9399.007173
944.059194,76.570323,114.855485,-9418.149754
944.059822,133.998066,114.855485,-9418.149754
944.060449,95.712904,133.998066,-9360.722011
944.061077,133.998066,133.998066,-9399.007173
944.061704,76.570323,114.855485,-9418.149754
944.062332,38.285162,76.570323,-9379.864592
944.062960,76.570323,114.855485,-9418.149754
944.063587,95.712904,114.855485,-9418.149754
944.064215,95.712904,172.283227,-9360.722011
944.064842,76.570323,172.283227,-9418.149754
944.065470,76.570323,114.855485,-9360.722011
944.066098,76.570323,114.855485,-9418.149754
944.066725,38.285162,172.283227,-9418.149754
944.067353,76.570323,114.855485,-9494.720077
944.067980,133.998066,114.855485,-9437.292334
944.068608,76.570323,114.855485,-9418.149754
944.069236,38.285162,172.283227,-9437.292334
944.069863,76.570323,172.283227,-9437.292334
944.070491,114.855485,191.425808,-9360.722011
944.071118,76.570323,114.855485,-9437.292334
944.071746,95.712904,153.140646,-9437.292334
944.072373,38.285162,153.140646,-9418.149754
944.073001,57.427742,95.712904,-9399.007173
944.073629,95.712904,153.140646,-9418.149754
944.074256,57.427742,210.568389,-9360.722011
944.074884,153.140646,114.855485,-9418.149754
944.075511,133.998066,133.998066,-9399.007173
944.076139,76.570323,172.283227,-9418.149754
944.076767,95.712904,172.283227,-9418.149754
944.077394,133.998066,114.855485,-9456.434915
944.078022,114.855485,191.425808,-9360.722011
944.078649,133.998066,114.855485,-9418.149754
944.079277,95.712904,133.998066,-9303.294269
944.079905,133.998066,114.855485,-9418.149754
944.080532,38.285162,153.140646,-9418.149754
944.081160,76.570323,114.855485,-9418.149754
944.081787,76.570323,114.855485,-9437.292334
944.082415,153.140646,133.998066,-9437.292334
944.083043,133.998066,172.283227,-9437.292334
944.083670,95.712904,191.425808,-9360.722011
944.084298,76.570323,172.283227,-9418.149754
944.084925,133.998066,210.568389,-9418.149754
944.085553,57.427742,133.998066,-9360.722011
944.086180,76.570323,172.283227,-9418.149754
944.086808,76.570323,210.568389,-9418.149754
944.087436,133.998066,210.568389,-9456.434915
944.088063,76.570323,153.140646,-9418.149754
944.088691,76.570323,172.283227,-9418.149754
944.089318,57.427742,95.712904,-9399.007173
944.089946,57.427742,133.998066,-9360.722011
944.090574,114.855485,172.283227,-9379.864592
944.091201,172.283227,153.140646,-9379.864592
944.091829,153.140646,153.140646,-9456.434915
944.092456,76.570323,114.855485,-9418.149754
944.093084,95.712904,172.283227,-9360.722011
944.093712,133.998066,153.140646,-9418.149754
944.094339,76.570323,114.855485,-9437.292334
944.094967,95.712904,95.712904,-9399.007173
944.095594,76.570323,114.855485,-9418.149754
944.096222,76.570323,172.283227,-9418.149754
944.096849,38.285162,172.283227,-9418.149754
944.097477,133.998066,114.855485,-9418.149754
944.098105,76.570323,172.283227,-9418.149754
944.098732,76.570323,153.140646,-9418.149754
944.099360,133.998066,172.283227,-9399.007173
944.099987,38.285162,172.283227,-9418.149754
944.100615,76.570323,114.855485,-9360.722011
944.101243,153.140646,153.140646,-9399.007173
944.101870,133.998066,153.140646,-9418.149754
944.102498,95.712904,114.855485,-9418.149754
944.103125,114.855485,95.712904,-9399.007173
944.103753,153.140646,133.998066,-9399.007173
944.104381,95.712904,133.998066,-9360.722011
944.105008,38.285162,114.855485,-9418.149754
944.105636,114.855485,95.712904,-9399.007173
944.106263,76.570323,114.855485,-9456.434915
944.106891,76.570323,172.283227,-9418.149754
944.107519,76.570323,172.283227,-9418.149754
944.108146,172.283227,114.855485,-9399.007173
944.108774,76.570323,114.855485,-9418.149754
944.109401,114.855485,95.712904,-9399.007173
944.110029,133.998066,210.568389,-9418.149754
944.110656,153.140646,153.140646,-9418.149754
944.111284,95.712904,95.712904,-9456.434915
944.111912,76.570323,153.140646,-9418.149754
944.112539,76.570323,114.855485,-9418.149754
944.113167,0.000000,133.998066,-9360.722011
944.113794,76.570323,114.855485,-9437.292334
944.114422,38.285162,114.855485,-9418.149754
944.115050,76.570323,114.855485,-9418.149754
944.115677,172.283227,114.855485,-9379.864592
944.116305,114.855485,133.998066,-9360.722011
944.116932,114.855485,95.712904,-9399.007173
944.117560,38.285162,114.855485,-9456.434915
944.118188,76.570323,114.855485,-9418.149754
944.118815,76.570323,114.855485,-9456.434915
944.119443,57.427742,114.855485,-9418.149754
944.120070,95.712904,95.712904,-9456.434915
944.120698,153.140646,133.998066,-9399.007173
944.121325,76.570323,114.855485,-9456.434915
944.121953,172.283227,114.855485,-9379.864592
944.122581,114.855485,133.998066,-9360.722011
944.123208,95.712904,172.283227,-9456.434915
944.123836,133.998066,191.425808,-9418.149754
944.124463,133.998066,133.998066,-9399.007173
944.125091,95.712904,38.285162,-9399.007173
944.125719,133.998066,172.283227,-9418.149754
944.126346,133.998066,172.283227,-9418.149754
944.126974,76.570323,114.855485,-9418.149754
944.127601,95.712904,172.283227,-9360.722011
944.128229,76.570323,172.283227,-9418.149754
944.128857,76.570323,153.140646,-9418.149754
944.129484,19.142581,153.140646,-9399.007173
944.130112,76.570323,210.568389,-9418.149754
944.130739,95.712904,172.283227,-9418.149754
944.131367,76.570323,210.568389,-9418.149754
944.131994,76.570323,114.855485,-9418.149754
944.132622,57.427742,95.712904,-9399.007173
944.133250,57.427742,133.998066,-9360.722011
944.133877,133.998066,133.998066,-9399.007173
944.134505,133.998066,114.855485,-9437.292334
944.135132,76.570323,114.855485,-9360.722011
944.135760,114.855485,95.712904,-9494.720077
944.136388,76.570323,114.855485,-9456.434915
944.137015,76.570323,153.140646,-9437.292334
944.137643,133.998066,172.283227,-9418.149754
944.138270,172.283227,76.570323,-9418.149754
944.138898,133.998066,172.283227,-9418.149754
944.139526,38.285162,114.855485,-9418.149754
944.140153,114.855485,133.998066,-9360.722011
944.140781,133.998066,114.855485,-9418.149754
944.141408,114.855485,95.712904,-9399.007173
944.142036,76.570323,114.855485,-9456.434915
944.142664,172.283227,153.140646,-9379.864592
944.143291,133.998066,114.855485,-9418.149754
944.143919,172.283227,76.570323,-9418.149754
944.144546,133.998066,191.425808,-9418.149754
944.145174,76.570323,153.140646,-9418.149754
944.145801,114.855485,153.140646,-9360.722011
944.146429,114.855485,172.283227,-9360.722011
944.147057,76.570323,210.568389,-9418.149754
944.147684,57.427742,229.710970,-9418.149754
944.148312,76.570323,153.140646,-9418.149754
944.148939,153.140646,172.283227,-9456.434915
944.149567,38.285162,114.855485,-9418.149754
944.150194,153.140646,191.425808,-9399.007173
944.150822,133.998066,172.283227,-9360.722011
944.151449,114.855485,133.998066,-9360.722011
944.152076,95.712904,95.712904,-9399.007173
944.152704,114.855485,114.855485,-9399.007173
944.153331,76.570323,114.855485,-9418.149754
944.153959,172.283227,76.570323,-9437.292334
944.154586,133.998066,114.855485,-9437.292334
944.155214,76.570323,114.855485,-9456.434915
944.155841,95.712904,172.283227,-9341.579430
944.156469,114.855485,95.712904,-9399.007173
944.157096,19.142581,114.855485,-9418.149754
944.157724,133.998066,133.998066,-9399.007173
944.158351,133.998066,153.140646,-9360.722011
944.158979,153.140646,133.998066,-9399.007173
944.159606,95.712904,133.998066,-9360.722011
944.160233,114.855485,76.570323,-9418.149754
944.160861,133.998066,114.855485,-9418.149754
944.161488,133.998066,210.568389,-9418.149754
944.162116,153.140646,172.283227,-9399.007173
944.162743,153.140646,114.855485,-9360.722011
944.163371,133.998066,172.283227,-9418.149754
944.163998,133.998066,114.855485,-9418.149754
944.164626,133.998066,172.283227,-9360.722011
944.165253,95.712904,95.712904,-9399.007173
944.165881,133.998066,114.855485,-9418.149754
944.166508,95.712904,114.855485,-9418.149754
944.167136,172.283227,153.140646,-9379.864592
944.167763,172.283227,76.570323,-9418.149754
944.168390,76.570323,114.855485,-9418.149754
944.169018,76.570323,114.855485,-9418.149754
944.169645,133.998066,133.998066,-9437.292334
944.170273,133.998066,114.855485,-9418.149754
944.170900,95.712904,114.855485,-9399.007173
944.171528,133.998066,172.283227,-9418.149754
944.172155,133.998066,191.425808,-9418.149754
944.172783,38.285162,210.568389,-9418.149754
944.173410,38.285162,153.140646,-9456.434915
944.174038,133.998066,172.283227,-9418.149754
944.174665,153.140646,133.998066,-9437.292334
944.175293,76.570323,114.855485,-9418.149754
944.175920,95.712904,114.855485,-9418.149754
944.176547,76.570323,153.140646,-9437.292334
944.177175,133.998066,114.855485,-9437.292334
944.177802,133.998066,210.568389,-9418.149754
944.178430,38.285162,114.855485,-9418.149754
944.179057,76.570323,153.140646,-9437.292334
944.179685,76.570323,114.855485,-9456.434915
944.180312,38.285162,114.855485,-9418.149754
944.180940,57.427742,153.140646,-9360.722011
944.181567,76.570323,153.140646,-9418.149754
944.182195,38.285162,114.855485,-9418.149754
944.182822,133.998066,114.855485,-9399.007173
944.183450,76.570323,114.855485,-9418.149754
944.184077,38.285162,153.140646,-9418.149754
944.184705,133.998066,172.283227,-9437.292334
944.185332,38.285162,172.283227,-9418.149754
944.185959,133.998066,133.998066,-9399.007173
944.186587,38.285162,153.140646,-9437.292334
944.187214,95.712904,95.712904,-9399.007173
944.187842,76.570323,114.855485,-9418.149754
944.188469,95.712904,172.283227,-9360.722011
944.189097,38.285162,153.140646,-9456.434915
944.189724,133.998066,114.855485,-9418.149754
944.190352,153.140646,153.140646,-9399.007173
944.190979,133.998066,114.855485,-9437.292334
944.191607,153.140646,172.283227,-9418.149754
944.192234,114.855485,172.283227,-9360.722011
944.192862,76.570323,114.855485,-9437.292334
944.193489,76.570323,76.570323,-9379.864592
944.194116,153.140646,172.283227,-9399.007173
944.194744,133.998066,172.283227,-9399.007173
944.195371,133.998066,210.568389,-9418.149754
944.195999,76.570323,114.855485,-9437.292334
944.196626,76.570323,153.140646,-9418.149754
944.197254,95.712904,95.712904,-9456.434915
944.197881,114.855485,133.998066,-9360.722011
944.198509,38.285162,172.283227,-9418.149754
944.199136,133.998066,114.855485,-9418.149754
944.199764,133.998066,191.425808,-9437.292334
944.200391,153.140646,191.425808,-9399.007173
944.201019,133.998066,210.568389,-9418.149754
944.201646,210.568389,133.998066,-9399.007173
944.202273,133.998066,114.855485,-9418.149754
944.202901,57.427742,133.998066,-9360.722011
944.203528,133.998066,114.855485,-9418.149754
944.204156,95.712904,133.998066,-9360.722011
944.204783,38.285162,114.855485,-9418.149754
944.205411,38.285162,114.855485,-9418.149754
944.206038,57.427742,114.855485,-9399.007173
944.206666,133.998066,114.855485,-9418.149754
944.207293,133.998066,133.998066,-9399.007173
944.207921,76.570323,153.140646,-9418.149754
944.208548,133.998066,153.140646,-9418.149754
944.209176,153.140646,153.140646,-9456.434915
944.209803,0.000000,133.998066,-9360.722011
944.210430,76.570323,153.140646,-9418.149754
944.211058,76.570323,133.998066,-9360.722011
944.211685,57.427742,172.283227,-9437.292334
944.212313,38.285162,114.855485,-9418.149754
944.212940,95.712904,95.712904,-9437.292334
944.213568,95.712904,95.712904,-9399.007173
944.214195,57.427742,114.855485,-9418.149754
944.214823,95.712904,114.855485,-9418.149754
944.215450,76.570323,114.855485,-9475.577496
944.216078,76.570323,114.855485,-9456.434915
944.216705,95.712904,95.712904,-9399.007173
944.217333,57.427742,133.998066,-9360.722011
944.217960,57.427742,114.855485,-9418.149754
944.218587,19.142581,114.855485,-9456.434915
944.219215,133.998066,114.855485,-9456.434915
944.219842,76.570323,114.855485,-9418.149754
944.220470,153.140646,133.998066,-9399.007173
944.221097,95.712904,95.712904,-9399.007173
944.221725,114.855485,114.855485,-9456.434915
944.222352,133.998066,114.855485,-9456.434915
944.222980,133.998066,114.855485,-9456.434915
944.223607,76.570323,191.425808,-9437.292334
944.224235,153.140646,133.998066,-9456.434915
944.224862,133.998066,114.855485,-9418.149754
944.225490,76.570323,114.855485,-9418.149754
944.226117,76.570323,114.855485,-9418.149754
944.226744,133.998066,153.140646,-9418.149754
944.227372,76.570323,114.855485,-9437.292334
944.227999,172.283227,114.855485,-9379.864592
944.228627,133.998066,133.998066,-9399.007173
944.229254,19.142581,114.855485,-9418.149754
944.229882,153.140646,172.283227,-9418.149754
944.230509,76.570323,114.855485,-9418.149754
944.231137,133.998066,133.998066,-9456.434915
944.231764,114.855485,153.140646,-9379.864592
944.232392,114.855485,153.140646,-9360.722011
944.233019,95.712904,133.998066,-9360.722011
944.233647,114.855485,229.710970,-9399.007173
944.234274,38.285162,172.283227,-9456.434915
944.234901,133.998066,114.855485,-9418.149754
944.235529,95.712904,153.140646,-9360.722011
944.236156,133.998066,114.855485,-9418.149754
944.236784,172.283227,114.855485,-9379.864592
944.237411,172.283227,114.855485,-9379.864592
944.238039,133.998066,229.710970,-9418.149754
944.238666,153.140646,172.283227,-9399.007173
944.239294,133.998066,114.855485,-9437.292334
944.239921,133.998066,210.568389,-9418.149754
944.240549,133.998066,114.855485,-9418.149754
944.241176,76.570323,114.855485,-9418.149754
944.241804,133.998066,114.855485,-9418.149754
944.242431,114.855485,95.712904,-9399.007173
944.243058,76.570323,172.283227,-9456.434915
944.243686,76.570323,114.855485,-9418.149754
944.244313,133.998066,114.855485,-9456.434915
944.244941,133.998066,153.140646,-9399.007173
944.245568,133.998066,172.283227,-9456.434915
944.246196,95.712904,153.140646,-9360.722011
944.246823,133.998066,114.855485,-9418.149754
944.247451,95.712904,133.998066,-9418.149754
944.248078,133.998066,191.425808,-9456.434915
944.248706,114.855485,248.853550,-9360.722011
944.249333,57.427742,114.855485,-9418.149754
944.249961,38.285162,172.283227,-9418.149754
944.250588,76.570323,153.140646,-9437.292334
944.251215,76.570323,114.855485,-9360.722011
944.251843,133.998066,114.855485,-9418.149754
944.252470,153.140646,153.140646,-9399.007173
944.253098,133.998066,153.140646,-9456.434915
944.253725,76.570323,114.855485,-9418.149754
944.254353,172.283227,133.998066,-9418.149754
944.254980,133.998066,114.855485,-9418.149754
944.255607,153.140646,133.998066,-9399.007173
944.256235,133.998066,248.853550,-9456.434915
944.256862,76.570323,153.140646,-9418.149754
944.257490,38.285162,114.855485,-9418.149754
944.258117,76.570323,133.998066,-9360.722011
944.258745,95.712904,133.998066,-9360.722011
944.259372,133.998066,191.425808,-9418.149754
944.260000,95.712904,153.140646,-9418.149754
944.260627,76.570323,114.855485,-9418.149754
944.261254,38.285162,153.140646,-9418.149754
944.261882,57.427742,114.855485,-9418.149754
944.262509,133.998066,114.855485,-9418.149754
944.263137,133.998066,114.855485,-9418.149754
944.263764,133.998066,191.425808,-9399.007173
944.264392,153.140646,248.853550,-9399.007173
944.265019,76.570323,114.855485,-9360.722011
944.265647,133.998066,133.998066,-9399.007173
944.266274,95.712904,95.712904,-9399.007173
944.266901,133.998066,114.855485,-9437.292334
944.267529,133.998066,114.855485,-9418.149754
944.268156,76.570323,114.855485,-9418.149754
944.268784,133.998066,114.855485,-9418.149754
944.269411,76.570323,114.855485,-9456.434915
944.270039,76.570323,114.855485,-9360.722011
944.270666,95.712904,114.855485,-9399.007173
944.271293,133.998066,153.140646,-9418.149754
944.271921,95.712904,153.140646,-9418.149754
944.272548,76.570323,172.283227,-9418.149754
944.273176,76.570323,153.140646,-9418.149754
944.273803,114.855485,172.283227,-9360.722011
944.274431,133.998066,210.568389,-9418.149754
944.275058,114.855485,133.998066,-9360.722011
944.275686,38.285162,114.855485,-9418.149754
944.276313,95.712904,95.712904,-9437.292334
944.276940,76.570323,172.283227,-9456.434915
944.277568,114.855485,133.998066,-9360.722011
944.278195,133.998066,114.855485,-9418.149754
944.278823,76.570323,114.855485,-9418.149754
944.279450,95.712904,95.712904,-9399.007173
944.280078,153.140646,153.140646,-9418.149754
944.280705,95.712904,95.712904,-9437.292334
944.281332,114.855485,153.140646,-9360.722011
944.281960,76.570323,153.140646,-9418.149754
944.282587,95.712904,114.855485,-9418.149754
944.283215,133.998066,172.283227,-9437.292334
944.283842,153.140646,114.855485,-9437.292334
944.284470,133.998066,210.568389,-9418.149754
944.285097,76.570323,153.140646,-9418.149754
944.285725,76.570323,114.855485,-9418.149754
944.286352,133.998066,114.855485,-9418.149754
944.286979,38.285162,114.855485,-9418.149754
944.287607,76.570323,114.855485,-9418.149754
944.288234,133.998066,114.855485,-9437.292334
944.288862,76.570323,114.855485,-9418.149754
944.289489,133.998066,114.855485,-9418.149754
944.290117,38.285162,153.140646,-9418.149754
944.290744,57.427742,114.855485,-9418.149754
944.291372,76.570323,172.283227,-9360.722011
944.291999,133.998066,133.998066,-9399.007173
944.292626,57.427742,133.998066,-9360.722011
944.293254,76.570323,153.140646,-9418.149754
944.293881,95.712904,153.140646,-9418.149754
944.294509,76.570323,114.855485,-9418.149754
944.295136,133.998066,210.568389,-9418.149754
944.295764,38.285162,172.283227,-9341.579430
944.296391,38.285162,114.855485,-9418.149754
944.297018,95.712904,210.568389,-9418.149754
944.297646,95.712904,95.712904,-9399.007173
944.298273,76.570323,172.283227,-9418.149754
944.298901,76.570323,114.855485,-9360.722011
944.299528,38.285162,114.855485,-9418.149754
944.300156,76.570323,114.855485,-9418.149754
944.300783,114.855485,76.570323,-9418.149754
944.301411,114.855485,133.998066,-9360.722011
944.302038,95.712904,114.855485,-9418.149754
944.302665,95.712904,95.712904,-9456.434915
944.303293,95.712904,133.998066,-9360.722011
944.303920,38.285162,153.140646,-9418.149754
944.304548,57.427742,95.712904,-9399.007173
944.305175,38.285162,114.855485,-9418.149754
944.305803,76.570323,114.855485,-9418.149754
944.306430,133.998066,153.140646,-9418.149754
944.307058,133.998066,172.283227,-9399.007173
944.307685,133.998066,114.855485,-9418.149754
944.308312,95.712904,114.855485,-9437.292334
944.308940,76.570323,114.855485,-9418.149754
944.309567,95.712904,114.855485,-9418.149754
944.310195,133.998066,114.855485,-9437.292334
944.310822,76.570323,153.140646,-9475.577496
944.311450,133.998066,153.140646,-9399.007173
944.312077,76.570323,153.140646,-9437.292334
944.312704,95.712904,114.855485,-9399.007173
944.313332,133.998066,114.855485,-9418.149754
944.313959,76.570323,114.855485,-9418.149754
944.314587,38.285162,172.283227,-9437.292334
944.315214,114.855485,248.853550,-9360.722011
944.315842,76.570323,114.855485,-9418.149754
944.316469,76.570323,114.855485,-9418.149754
944.317097,57.427742,172.283227,-9360.722011
944.317724,38.285162,114.855485,-9418.149754
944.318351,76.570323,114.855485,-9418.149754
944.318979,114.855485,95.712904,-9399.007173
944.319606,95.712904,133.998066,-9341.579430
944.320234,114.855485,153.140646,-9360.722011
944.320861,114.855485,133.998066,-9360.722011
944.321489,76.570323,172.283227,-9437.292334
944.322116,133.998066,210.568389,-9418.149754
944.322743,38.285162,172.283227,-9418.149754
944.323371,133.998066,172.283227,-9418.149754
944.323998,133.998066,153.140646,-9418.149754
944.324626,172.283227,76.570323,-9418.149754
944.325253,95.712904,210.568389,-9360.722011
944.325881,38.285162,153.140646,-9360.722011
944.326508,133.998066,114.855485,-9418.149754
944.327136,133.998066,114.855485,-9418.149754
944.327763,95.712904,133.998066,-9360.722011
944.328390,95.712904,191.425808,-9360.722011
944.329018,133.998066,153.140646,-9418.149754
944.329645,76.570323,114.855485,-9360.722011
944.330273,76.570323,153.140646,-9418.149754
944.330900,38.285162,95.712904,-9399.007173
944.331528,76.570323,114.855485,-9418.149754
944.332155,133.998066,76.570323,-9379.864592
944.332783,153.140646,114.855485,-9437.292334
944.333410,133.998066,210.568389,-9418.149754
944.334037,133.998066,133.998066,-9399.007173
944.334665,38.285162,114.855485,-9456.434915
944.335292,95.712904,153.140646,-9360.722011
944.335920,76.570323,114.855485,-9418.149754
944.336547,76.570323,153.140646,-9456.434915
944.337175,76.570323,229.710970,-9418.149754
944.337802,133.998066,153.140646,-9418.149754
944.338429,57.427742,133.998066,-9360.722011
944.339057,133.998066,114.855485,-9418.149754
944.339684,76.570323,114.855485,-9437.292334
944.340312,76.570323,114.855485,-9418.149754
944.340939,133.998066,172.283227,-9418.149754
944.341567,133.998066,172.283227,-9437.292334
944.342194,133.998066,114.855485,-9418.149754
944.342822,76.570323,76.570323,-9379.864592
944.343449,114.855485,133.998066,-9360.722011
944.344076,133.998066,114.855485,-9418.149754
944.344704,133.998066,114.855485,-9437.292334
944.345331,133.998066,153.140646,-9418.149754
944.345959,133.998066,191.425808,-9418.149754
944.346586,76.570323,210.568389,-9418.149754
944.347214,95.712904,114.855485,-9437.292334
944.347841,133.998066,114.855485,-9418.149754
944.348469,95.712904,95.712904,-9456.434915
944.349096,76.570323,172.283227,-9475.577496
944.349724,76.570323,114.855485,-9456.434915
944.350351,95.712904,133.998066,-9360.722011
944.350979,133.998066,210.568389,-9418.149754
944.351606,76.570323,133.998066,-9360.722011
944.352234,114.855485,210.568389,-9360.722011
944.352861,95.712904,172.283227,-9418.149754
944.353489,133.998066,172.283227,-9418.149754
944.354116,76.570323,114.855485,-9418.149754
944.354744,76.570323,210.568389,-9418.149754
944.355371,133.998066,114.855485,-9418.149754
944.355999,57.427742,172.283227,-9418.149754
944.356626,57.427742,133.998066,-9418.149754
944.357254,38.285162,153.140646,-9418.149754
944.357881,38.285162,114.855485,-9418.149754
944.358509,95.712904,133.998066,-9360.722011
944.359136,76.570323,114.855485,-9456.434915
944.359764,38.285162,114.855485,-9418.149754
944.360391,76.570323,114.855485,-9418.149754
944.361019,57.427742,153.140646,-9360.722011
944.361646,76.570323,172.283227,-9360.722011
944.362274,133.998066,114.855485,-9418.149754
944.362901,76.570323,210.568389,-9418.149754
944.363529,38.285162,153.140646,-9418.149754
944.364157,133.998066,133.998066,-9399.007173
944.364784,153.140646,172.283227,-9399.007173
944.365412,76.570323,172.283227,-9418.149754
944.366039,95.712904,172.283227,-9418.149754
944.366667,95.712904,95.712904,-9437.292334
944.367294,153.140646,191.425808,-9399.007173
944.367922,133.998066,153.140646,-9437.292334
944.368549,210.568389,133.998066,-9399.007173
944.369177,172.283227,133.998066,-9418.149754
944.369804,133.998066,114.855485,-9418.149754
944.370432,38.285162,172.283227,-9418.149754
944.371059,95.712904,114.855485,-9475.577496
944.371687,76.570323,229.710970,-9437.292334
944.372314,76.570323,133.998066,-9360.722011
944.372942,114.855485,76.570323,-9418.149754
944.373569,95.712904,114.855485,-9418.149754
944.374197,38.285162,76.570323,-9341.579430
944.374824,153.140646,95.712904,-9360.722011
944.375452,95.712904,133.998066,-9360.722011
944.376079,133.998066,210.568389,-9418.149754
944.376707,95.712904,114.855485,-9418.149754
944.377334,76.570323,153.140646,-9418.149754
944.377962,114.855485,133.998066,-9360.722011
944.378589,133.998066,76.570323,-9379.864592
944.379217,76.570323,210.568389,-9418.149754
944.379845,76.570323,114.855485,-9418.149754
944.380472,133.998066,153.140646,-9418.149754
944.381100,76.570323,153.140646,-9418.149754
944.381727,76.570323,114.855485,-9418.149754
944.382355,76.570323,172.283227,-9418.149754
944.382982,114.855485,95.712904,-9456.434915
944.383610,76.570323,114.855485,-9418.149754
944.384237,76.570323,114.855485,-9456.434915
944.384865,133.998066,114.855485,-9437.292334
944.385492,95.712904,133.998066,-9418.149754
944.386120,133.998066,114.855485,-9437.292334
944.386747,133.998066,114.855485,-9418.149754
944.387375,76.570323,114.855485,-9418.149754
944.388002,76.570323,114.855485,-9418.149754
944.388630,133.998066,114.855485,-9418.149754
944.389257,38.285162,76.570323,-9322.436850
944.389885,76.570323,210.568389,-9418.149754
944.390512,95.712904,153.140646,-9418.149754
944.391140,133.998066,114.855485,-9418.149754
944.391767,76.570323,172.283227,-9418.149754
944.392395,76.570323,153.140646,-9456.434915
944.393022,133.998066,133.998066,-9399.007173
944.393650,133.998066,114.855485,-9418.149754
944.394278,133.998066,114.855485,-9418.149754
944.394905,76.570323,210.568389,-9418.149754
944.395533,76.570323,153.140646,-9418.149754
944.396160,114.855485,114.855485,-9379.864592
944.396788,95.712904,191.425808,-9360.722011
944.397415,133.998066,114.855485,-9418.149754
944.398043,133.998066,114.855485,-9418.149754
944.398670,153.140646,153.140646,-9456.434915
944.399298,76.570323,114.855485,-9418.149754
944.399925,38.285162,114.855485,-9456.434915
944.400553,76.570323,114.855485,-9418.149754
944.401180,95.712904,95.712904,-9456.434915
944.401808,76.570323,114.855485,-9437.292334
944.402435,114.855485,133.998066,-9360.722011
944.403063,114.855485,133.998066,-9360.722011
944.403690,114.855485,153.140646,-9418.149754
944.404318,38.285162,153.140646,-9475.577496
944.404945,95.712904,114.855485,-9456.434915
944.405573,38.285162,114.855485,-9456.434915
944.406200,95.712904,133.998066,-9360.722011
944.406828,133.998066,114.855485,-9418.149754
944.407455,133.998066,153.140646,-9399.007173
944.408083,133.998066,153.140646,-9418.149754
944.408710,76.570323,114.855485,-9437.292334
944.409338,95.712904,153.140646,-9360.722011
944.409966,133.998066,114.855485,-9418.149754
944.410593,95.712904,248.853550,-9360.722011
944.411221,38.285162,210.568389,-9418.149754
944.411848,76.570323,153.140646,-9360.722011
944.412476,133.998066,114.855485,-9418.149754
944.413103,133.998066,133.998066,-9399.007173
944.413731,95.712904,114.855485,-9418.149754
944.414358,114.855485,95.712904,-9399.007173
944.414986,133.998066,153.140646,-9418.149754
944.415613,57.427742,133.998066,-9341.579430
944.416241,76.570323,114.855485,-9418.149754
944.416868,95.712904,133.998066,-9360.722011
944.417496,76.570323,114.855485,-9418.149754
944.418123,172.283227,76.570323,-9418.149754
944.418751,76.570323,153.140646,-9418.149754
944.419378,95.712904,114.855485,-9418.149754
944.420006,153.140646,133.998066,-9399.007173
944.420633,133.998066,114.855485,-9418.149754
944.421261,114.855485,133.998066,-9418.149754
944.421888,95.712904,95.712904,-9399.007173
944.422516,133.998066,172.283227,-9437.292334
944.423143,133.998066,114.855485,-9418.149754
944.423771,76.570323,114.855485,-9418.149754
944.424398,76.570323,114.855485,-9418.149754
944.425026,38.285162,172.283227,-9418.149754
944.425654,95.712904,172.283227,-9475.577496
944.426281,133.998066,153.140646,-9456.434915
944.426909,76.570323,114.855485,-9418.149754
944.427536,172.283227,76.570323,-9418.149754
944.428164,95.712904,172.283227,-9360.722011
944.428791,133.998066,191.425808,-9456.434915
944.429419,95.712904,133.998066,-9379.864592
944.430046,133.998066,114.855485,-9418.149754
944.430674,0.000000,172.283227,-9360.722011
944.431301,38.285162,172.283227,-9418.149754
944.431929,133.998066,229.710970,-9418.149754
944.432556,153.140646,133.998066,-9399.007173
944.433184,133.998066,114.855485,-9418.149754
944.433811,76.570323,114.855485,-9418.149754
944.434439,114.855485,133.998066,-9360.722011
944.435066,153.140646,114.855485,-9418.149754
944.435694,133.998066,114.855485,-9418.149754
944.436321,95.712904,133.998066,-9360.722011
944.436949,57.427742,95.712904,-9399.007173
944.437576,38.285162,114.855485,-9418.149754
944.438204,76.570323,172.283227,-9360.722011
944.438831,133.998066,172.283227,-9418.149754
944.439459,76.570323,114.855485,-9418.149754
944.440087,133.998066,114.855485,-9456.434915
944.440714,153.140646,133.998066,-9399.007173
944.441342,133.998066,172.283227,-9418.149754
944.441969,76.570323,114.855485,-9418.149754
944.442597,38.285162,114.855485,-9418.149754
944.443224,133.998066,114.855485,-9418.149754
944.443852,76.570323,114.855485,-9418.149754
944.444479,133.998066,114.855485,-9418.149754
944.445107,133.998066,114.855485,-9475.577496
944.445734,76.570323,172.283227,-9418.149754
944.446362,133.998066,172.283227,-9475.577496
944.446989,76.570323,114.855485,-9418.149754
944.447617,76.570323,210.568389,-9418.149754
944.448244,114.855485,172.283227,-9379.864592
944.448872,114.855485,114.855485,-9360.722011
944.449499,133.998066,114.855485,-9437.292334
944.450127,133.998066,133.998066,-9379.864592
944.450754,114.855485,210.568389,-9360.722011
944.451382,114.855485,172.283227,-9322.436850
944.452010,38.285162,172.283227,-9418.149754
944.452637,38.285162,114.855485,-9475.577496
944.453265,76.570323,114.855485,-9437.292334
944.453892,114.855485,95.712904,-9399.007173
944.454520,95.712904,95.712904,-9494.720077
944.455147,38.285162,153.140646,-9418.149754
944.455775,95.712904,95.712904,-9437.292334
944.456403,76.570323,153.140646,-9475.577496
944.457030,133.998066,114.855485,-9437.292334
944.457658,38.285162,172.283227,-9437.292334
944.458285,133.998066,114.855485,-9418.149754
944.458913,38.285162,76.570323,-9379.864592
944.459540,76.570323,114.855485,-9456.434915
944.460168,76.570323,172.283227,-9418.149754
944.460796,114.855485,133.998066,-9360.722011
944.461423,76.570323,114.855485,-9437.292334
944.462051,76.570323,172.283227,-9418.149754
944.462678,133.998066,153.140646,-9418.149754
944.463306,95.712904,95.712904,-9399.007173
944.463933,76.570323,172.283227,-9418.149754
944.464561,38.285162,114.855485,-9418.149754
944.465189,95.712904,133.998066,-9360.722011
944.465816,76.570323,114.855485,-9418.149754
944.466444,153.140646,133.998066,-9399.007173
944.467071,153.140646,153.140646,-9399.007173
944.467699,38.285162,210.568389,-9456.434915
944.468326,76.570323,114.855485,-9418.149754
944.468954,76.570323,210.568389,-9418.149754
944.469582,133.998066,153.140646,-9418.149754
944.470209,133.998066,114.855485,-9418.149754
944.470837,95.712904,114.855485,-9399.007173
944.471464,57.427742,153.140646,-9341.579430
944.472092,114.855485,133.998066,-9360.722011
944.472719,76.570323,153.140646,-9418.149754
944.473347,95.712904,114.855485,-9418.149754
944.473975,95.712904,210.568389,-9437.292334
944.474602,172.283227,114.855485,-9399.007173
944.475230,133.998066,114.855485,-9437.292334
944.475857,153.140646,153.140646,-9399.007173
944.476485,95.712904,133.998066,-9418.149754
944.477112,38.285162,172.283227,-9418.149754
944.477740,76.570323,114.855485,-9418.149754
944.478368,133.998066,172.283227,-9456.434915
944.478995,76.570323,153.140646,-9418.149754
944.479623,133.998066,210.568389,-9418.149754
944.480250,76.570323,114.855485,-9475.577496
944.480878,76.570323,114.855485,-9437.292334
944.481505,76.570323,172.283227,-9418.149754
944.482133,133.998066,248.853550,-9379.864592
944.482760,76.570323,114.855485,-9418.149754
944.483388,76.570323,191.425808,-9437.292334
944.484016,133.998066,172.283227,-9399.007173
944.484643,57.427742,153.140646,-9360.722011
944.485271,133.998066,114.855485,-9418.149754
944.485898,133.998066,114.855485,-9418.149754
944.486526,76.570323,210.568389,-9437.292334
944.487153,95.712904,153.140646,-9418.149754
944.487781,114.855485,210.568389,-9360.722011
944.488409,114.855485,133.998066,-9360.722011
944.489036,76.570323,153.140646,-9418.149754
944.489664,133.998066,229.710970,-9418.149754
944.490291,153.140646,191.425808,-9399.007173
944.490919,76.570323,114.855485,-9418.149754
944.491546,76.570323,114.855485,-9437.292334
944.492174,76.570323,153.140646,-9418.149754
944.492802,76.570323,114.855485,-9418.149754
944.493429,76.570323,153.140646,-9418.149754
944.494057,95.712904,95.712904,-9456.434915
944.494684,172.283227,76.570323,-9418.149754
944.495312,153.140646,153.140646,-9399.007173
944.495939,38.285162,114.855485,-9418.149754
944.496567,76.570323,114.855485,-9418.149754
944.497195,76.570323,114.855485,-9418.149754
944.497822,133.998066,172.283227,-9399.007173
944.498450,133.998066,114.855485,-9418.149754
944.499077,76.570323,114.855485,-9418.149754
944.499705,95.712904,114.855485,-9456.434915
944.500332,114.855485,133.998066,-9322.436850
944.500960,133.998066,191.425808,-9418.149754
944.501588,95.712904,210.568389,-9456.434915
944.502215,133.998066,172.283227,-9418.149754
944.502843,133.998066,114.855485,-9418.149754
944.503470,76.570323,114.855485,-9418.149754
944.504098,38.285162,172.283227,-9418.149754
944.504725,76.570323,114.855485,-9418.149754
944.505353,133.998066,114.855485,-9437.292334
944.505981,76.570323,172.283227,-9418.149754
944.506608,95.712904,172.283227,-9418.149754
944.507236,95.712904,114.855485,-9418.149754
944.507863,95.712904,133.998066,-9341.579430
944.508491,76.570323,114.855485,-9418.149754
944.509118,38.285162,114.855485,-9360.722011
944.509746,95.712904,95.712904,-9456.434915
944.510374,133.998066,153.140646,-9418.149754
944.511001,38.285162,114.855485,-9437.292334
944.511629,38.285162,114.855485,-9418.149754
944.512256,38.285162,114.855485,-9418.149754
944.512884,76.570323,210.568389,-9418.149754
944.513511,76.570323,114.855485,-9494.720077
944.514139,133.998066,114.855485,-9418.149754
944.514767,133.998066,133.998066,-9399.007173
944.515394,133.998066,153.140646,-9418.149754
944.516022,133.998066,153.140646,-9418.149754
944.516649,153.140646,153.140646,-9399.007173
944.517277,114.855485,114.855485,-9437.292334
944.517904,76.570323,114.855485,-9418.149754
944.518532,76.570323,114.855485,-9418.149754
944.519159,76.570323,114.855485,-9418.149754
944.519787,133.998066,153.140646,-9418.149754
944.520415,133.998066,114.855485,-9437.292334
944.521042,76.570323,114.855485,-9456.434915
944.521670,153.140646,191.425808,-9456.434915
944.522297,76.570323,114.855485,-9360.722011
944.522925,133.998066,114.855485,-9418.149754
944.523552,38.285162,191.425808,-9437.292334
944.524180,38.285162,210.568389,-9418.149754
944.524808,57.427742,210.568389,-9437.292334
944.525435,95.712904,172.283227,-9437.292334
944.526063,133.998066,153.140646,-9437.292334
944.526690,133.998066,114.855485,-9418.149754
944.527318,133.998066,114.855485,-9418.149754
944.527945,153.140646,133.998066,-9379.864592
944.528573,133.998066,172.283227,-9418.149754
944.529201,95.712904,153.140646,-9418.149754
944.529828,76.570323,114.855485,-9418.149754
944.530456,95.712904,133.998066,-9360.722011
944.531083,76.570323,114.855485,-9418.149754
944.531711,95.712904,153.140646,-9418.149754
944.532338,133.998066,172.283227,-9418.149754
944.532966,114.855485,133.998066,-9360.722011
944.533594,133.998066,114.855485,-9437.292334
944.534221,76.570323,114.855485,-9418.149754
944.534849,76.570323,210.568389,-9418.149754
944.535476,133.998066,172.283227,-9418.149754
944.536104,19.142581,153.140646,-9418.149754
944.536731,76.570323,172.283227,-9418.149754
944.537359,38.285162,153.140646,-9456.434915
944.537987,95.712904,95.712904,-9399.007173
944.538614,76.570323,229.710970,-9418.149754
944.539242,76.570323,153.140646,-9437.292334
944.539869,133.998066,114.855485,-9456.434915
944.540497,133.998066,114.855485,-9360.722011
944.541124,76.570323,153.140646,-9418.149754
944.541752,76.570323,153.140646,-9418.149754
944.542380,76.570323,191.425808,-9437.292334
944.543007,76.570323,172.283227,-9418.149754
944.543635,76.570323,114.855485,-9418.149754
944.544262,114.855485,172.283227,-9418.149754
944.544890,133.998066,210.568389,-9418.149754
944.545517,76.570323,153.140646,-9418.149754
944.546145,76.570323,210.568389,-9360.722011
944.546773,76.570323,153.140646,-9418.149754
944.547400,76.570323,172.283227,-9418.149754
944.548028,38.285162,210.568389,-9418.149754
944.548655,133.998066,114.855485,-9418.149754
944.549283,133.998066,191.425808,-9456.434915
944.549910,76.570323,153.140646,-9418.149754
944.550538,133.998066,76.570323,-9379.864592
944.551165,76.570323,114.855485,-9418.149754
944.551793,133.998066,172.283227,-9437.292334
944.552421,133.998066,114.855485,-9418.149754
944.553048,76.570323,114.855485,-9418.149754
944.553676,76.570323,172.283227,-9456.434915
944.554303,57.427742,210.568389,-9360.722011
944.554931,133.998066,153.140646,-9418.149754
944.555558,133.998066,114.855485,-9418.149754
944.556186,153.140646,133.998066,-9399.007173
944.556813,76.570323,114.855485,-9437.292334
944.557440,153.140646,172.283227,-9399.007173
944.558068,172.283227,133.998066,-9475.577496
944.558695,153.140646,133.998066,-9399.007173
944.559323,76.570323,153.140646,-9418.149754
944.559950,38.285162,114.855485,-9418.149754
944.560578,95.712904,172.283227,-9360.722011
944.561205,95.712904,95.712904,-9456.434915
944.561832,76.570323,95.712904,-9437.292334
944.562460,76.570323,114.855485,-9418.149754
944.563087,133.998066,153.140646,-9437.292334
944.563715,133.998066,114.855485,-9418.149754
944.564342,38.285162,172.283227,-9418.149754
944.564969,133.998066,114.855485,-9418.149754
944.565597,76.570323,114.855485,-9418.149754
944.566224,38.285162,114.855485,-9418.149754
944.566852,76.570323,210.568389,-9418.149754
944.567479,95.712904,95.712904,-9399.007173
944.568107,38.285162,172.283227,-9456.434915
944.568734,38.285162,114.855485,-9418.149754
944.569361,38.285162,153.140646,-9418.149754
944.569989,95.712904,95.712904,-9456.434915
944.570616,95.712904,114.855485,-9475.577496
944.571244,153.140646,133.998066,-9399.007173
944.571871,153.140646,191.425808,-9399.007173
944.572498,153.140646,114.855485,-9418.149754
944.573126,38.285162,114.855485,-9418.149754
944.573753,76.570323,153.140646,-9418.149754
944.574381,38.285162,114.855485,-9418.149754
944.575008,0.000000,172.283227,-9360.722011
944.575636,133.998066,210.568389,-9418.149754
944.576263,172.283227,114.855485,-9379.864592
944.576890,76.570323,114.855485,-9418.149754
944.577518,172.283227,114.855485,-9379.864592
944.578145,133.998066,133.998066,-9456.434915
944.578773,76.570323,153.140646,-9437.292334
944.579400,133.998066,172.283227,-9418.149754
944.580027,76.570323,114.855485,-9418.149754
944.580655,133.998066,172.283227,-9418.149754
944.581282,76.570323,153.140646,-9418.149754
944.581910,76.570323,114.855485,-9418.149754
944.582537,133.998066,114.855485,-9418.149754
944.583165,133.998066,114.855485,-9418.149754
944.583792,38.285162,114.855485,-9437.292334
944.584419,114.855485,95.712904,-9399.007173
944.585047,153.140646,210.568389,-9399.007173
944.585674,133.998066,210.568389,-9418.149754
944.586302,38.285162,114.855485,-9418.149754
944.586929,95.712904,153.140646,-9360.722011
944.587557,76.570323,210.568389,-9456.434915
944.588184,76.570323,114.855485,-9418.149754
944.588811,76.570323,114.855485,-9418.149754
944.589439,133.998066,210.568389,-9437.292334
944.590066,153.140646,172.283227,-9437.292334
944.590694,95.712904,229.710970,-9418.149754
944.591321,95.712904,172.283227,-9418.149754
944.591948,133.998066,153.140646,-9456.434915
944.592576,76.570323,114.855485,-9437.292334
944.593203,133.998066,114.855485,-9418.149754
944.593831,76.570323,114.855485,-9418.149754
944.594458,76.570323,114.855485,-9437.292334
944.595086,38.285162,114.855485,-9418.149754
944.595713,57.427742,133.998066,-9360.722011
944.596340,133.998066,210.568389,-9418.149754
944.596968,133.998066,153.140646,-9418.149754
944.597595,38.285162,133.998066,-9379.864592
944.598223,76.570323,172.283227,-9418.149754
944.598850,133.998066,133.998066,-9456.434915
944.599477,57.427742,95.712904,-9399.007173
944.600105,19.142581,114.855485,-9418.149754
944.600732,38.285162,114.855485,-9418.149754
944.601360,133.998066,153.140646,-9437.292334
944.601987,38.285162,172.283227,-9437.292334
944.602615,57.427742,95.712904,-9513.862658
944.603242,38.285162,114.855485,-9418.149754
944.603869,95.712904,114.855485,-9418.149754
944.604497,114.855485,191.425808,-9360.722011
944.605124,95.712904,133.998066,-9360.722011
944.605752,95.712904,95.712904,-9399.007173
944.606379,114.855485,95.712904,-9456.434915
944.607007,76.570323,114.855485,-9418.149754
944.607634,133.998066,153.140646,-9418.149754
944.608261,114.855485,133.998066,-9360.722011
944.608889,38.285162,114.855485,-9418.149754
944.609516,76.570323,153.140646,-9437.292334
944.610144,95.712904,172.283227,-9360.722011
944.610771,133.998066,172.283227,-9475.577496
944.611398,57.427742,114.855485,-9418.149754
944.612026,133.998066,133.998066,-9399.007173
944.612653,95.712904,133.998066,-9360.722011
944.613281,76.570323,191.425808,-9418.149754
944.613908,38.285162,229.710970,-9418.149754
944.614536,76.570323,114.855485,-9418.149754
944.615163,153.140646,153.140646,-9399.007173
944.615790,133.998066,114.855485,-9418.149754
944.616418,153.140646,133.998066,-9399.007173
944.617045,76.570323,114.855485,-9418.149754
944.617673,133.998066,153.140646,-9418.149754
944.618300,57.427742,153.140646,-9360.722011
944.618927,95.712904,114.855485,-9418.149754
944.619555,95.712904,114.855485,-9418.149754
944.620182,38.285162,114.855485,-9418.149754
944.620810,76.570323,114.855485,-9418.149754
944.621437,114.855485,133.998066,-9360.722011
944.622065,114.855485,76.570323,-9418.149754
944.622692,76.570323,76.570323,-9379.864592
944.623319,95.712904,153.140646,-9475.577496
944.623947,57.427742,95.712904,-9399.007173
944.624574,153.140646,133.998066,-9399.007173
944.625202,133.998066,114.855485,-9418.149754
944.625829,95.712904,95.712904,-9399.007173
944.626456,76.570323,114.855485,-9418.149754
944.627084,38.285162,114.855485,-9418.149754
944.627711,76.570323,114.855485,-9418.149754
944.628339,76.570323,114.855485,-9418.149754
944.628966,76.570323,172.283227,-9418.149754
944.629594,95.712904,133.998066,-9360.722011
944.630221,38.285162,114.855485,-9418.149754
944.630848,76.570323,114.855485,-9418.149754
944.631476,76.570323,114.855485,-9437.292334
944.632103,76.570323,114.855485,-9456.434915
944.632731,114.855485,95.712904,-9437.292334
944.633358,76.570323,114.855485,-9456.434915
944.633986,114.855485,133.998066,-9360.722011
944.634613,133.998066,114.855485,-9418.149754
944.635240,57.427742,114.855485,-9418.149754
944.635868,38.285162,114.855485,-9418.149754
944.636495,133.998066,114.855485,-9418.149754
944.637123,76.570323,114.855485,-9418.149754
944.637750,114.855485,172.283227,-9379.864592
944.638377,76.570323,114.855485,-9418.149754
944.639005,95.712904,210.568389,-9418.149754
944.639632,133.998066,133.998066,-9399.007173
944.640260,95.712904,210.568389,-9418.149754
944.640887,153.140646,172.283227,-9399.007173
944.641515,114.855485,172.283227,-9360.722011
944.642142,76.570323,153.140646,-9418.149754
944.642769,76.570323,76.570323,-9303.294269
944.643397,76.570323,95.712904,-9437.292334
944.644024,76.570323,114.855485,-9418.149754
944.644652,153.140646,172.283227,-9379.864592
944.645279,76.570323,153.140646,-9418.149754
944.645906,133.998066,114.855485,-9418.149754
944.646534,76.570323,114.855485,-9418.149754
944.647161,57.427742,133.998066,-9360.722011
944.647789,133.998066,114.855485,-9437.292334
944.648416,133.998066,172.283227,-9418.149754
944.649044,133.998066,210.568389,-9418.149754
944.649671,133.998066,153.140646,-9418.149754
944.650298,76.570323,114.855485,-9418.149754
944.650926,76.570323,114.855485,-9418.149754
944.651553,95.712904,114.855485,-9399.007173
944.652181,57.427742,172.283227,-9418.149754
944.652808,76.570323,153.140646,-9437.292334
944.653435,76.570323,114.855485,-9418.149754
944.654063,-38.285162,133.998066,-9399.007173
944.654690,153.140646,133.998066,-9399.007173
944.655318,133.998066,153.140646,-9418.149754
944.655945,76.570323,114.855485,-9437.292334
944.656573,114.855485,229.710970,-9399.007173
944.657200,57.427742,133.998066,-9360.722011
944.657827,95.712904,153.140646,-9418.149754
944.658455,38.285162,172.283227,-9418.149754
944.659082,95.712904,172.283227,-9360.722011
944.659710,133.998066,114.855485,-9418.149754
944.660337,133.998066,133.998066,-9456.434915
944.660964,38.285162,172.283227,-9418.149754
944.661592,76.570323,114.855485,-9418.149754
944.662219,95.712904,95.712904,-9399.007173
944.662846,133.998066,153.140646,-9418.149754
944.663474,76.570323,153.140646,-9418.149754
944.664101,76.570323,114.855485,-9418.149754
944.664729,38.285162,114.855485,-9418.149754
944.665356,57.427742,95.712904,-9399.007173
944.665983,57.427742,153.140646,-9418.149754
944.666611,95.712904,210.568389,-9418.149754
944.667238,133.998066,172.283227,-9399.007173
944.667866,57.427742,172.283227,-9360.722011
944.668493,114.855485,133.998066,-9341.579430
944.669120,133.998066,114.855485,-9418.149754
944.669748,133.998066,114.855485,-9418.149754
944.670375,133.998066,114.855485,-9418.149754
944.671003,133.998066,114.855485,-9418.149754
944.671630,38.285162,172.283227,-9418.149754
944.672257,76.570323,172.283227,-9475.577496
944.672885,133.998066,153.140646,-9418.149754
944.673512,133.998066,114.855485,-9418.149754
944.674140,133.998066,114.855485,-9418.149754
944.674767,76.570323,153.140646,-9456.434915
944.675394,38.285162,114.855485,-9418.149754
944.676022,133.998066,114.855485,-9418.149754
944.676649,133.998066,114.855485,-9437.292334
944.677277,76.570323,114.855485,-9456.434915
944.677904,133.998066,210.568389,-9418.149754
944.678531,153.140646,114.855485,-9418.149754
944.679159,133.998066,114.855485,-9437.292334
944.679786,95.712904,95.712904,-9399.007173
944.680414,76.570323,210.568389,-9399.007173
944.681041,76.570323,133.998066,-9360.722011
944.681668,153.140646,133.998066,-9456.434915
944.682296,76.570323,95.712904,-9399.007173
944.682923,153.140646,172.283227,-9379.864592
944.683551,76.570323,210.568389,-9418.149754
944.684178,38.285162,114.855485,-9418.149754
944.684805,133.998066,114.855485,-9437.292334
944.685433,133.998066,172.283227,-9418.149754
944.686060,95.712904,191.425808,-9360.722011
944.686688,76.570323,229.710970,-9437.292334
944.687315,133.998066,114.855485,-9475.577496
944.687942,133.998066,114.855485,-9418.149754
944.688570,76.570323,153.140646,-9418.149754
944.689197,38.285162,172.283227,-9418.149754
944.689825,76.570323,191.425808,-9418.149754
944.690452,76.570323,153.140646,-9418.149754
944.691079,38.285162,172.283227,-9475.577496
944.691707,133.998066,114.855485,-9418.149754
944.692334,133.998066,172.283227,-9418.149754
944.692962,114.855485,76.570323,-9418.149754
944.693589,76.570323,153.140646,-9418.149754
944.694216,76.570323,172.283227,-9418.149754
944.694844,76.570323,229.710970,-9418.149754
944.695471,133.998066,172.283227,-9418.149754
944.696099,133.998066,114.855485,-9418.149754
944.696726,114.855485,153.140646,-9341.579430
944.697353,133.998066,133.998066,-9399.007173
944.697981,114.855485,153.140646,-9360.722011
944.698608,76.570323,153.140646,-9456.434915
944.699236,133.998066,172.283227,-9418.149754
944.699863,76.570323,191.425808,-9360.722011
944.700490,133.998066,153.140646,-9399.007173
944.701118,76.570323,153.140646,-9418.149754
944.701745,114.855485,133.998066,-9341.579430
944.702373,95.712904,76.570323,-9379.864592
944.703000,38.285162,191.425808,-9418.149754
944.703627,38.285162,114.855485,-9418.149754
944.704255,133.998066,172.283227,-9418.149754
944.704882,133.998066,153.140646,-9418.149754
944.705510,172.283227,76.570323,-9418.149754
944.706137,38.285162,210.568389,-9418.149754
944.706764,76.570323,172.283227,-9418.149754
944.707392,95.712904,95.712904,-9399.007173
944.708019,38.285162,153.140646,-9437.292334
944.708647,76.570323,172.283227,-9437.292334
944.709274,133.998066,210.568389,-9418.149754
944.709901,95.712904,95.712904,-9399.007173
944.710529,76.570323,114.855485,-9418.149754
944.711156,114.855485,76.570323,-9456.434915
944.711784,95.712904,95.712904,-9437.292334
944.712411,76.570323,114.855485,-9437.292334
944.713038,38.285162,114.855485,-9360.722011
944.713666,76.570323,114.855485,-9418.149754
944.714293,0.000000,95.712904,-9399.007173
944.714921,172.283227,76.570323,-9437.292334
944.715548,76.570323,172.283227,-9360.722011
944.716175,95.712904,133.998066,-9360.722011
944.716803,133.998066,114.855485,-9418.149754
944.717430,95.712904,133.998066,-9360.722011
944.718058,133.998066,172.283227,-9418.149754
944.718685,133.998066,172.283227,-9418.149754
944.719312,133.998066,114.855485,-9418.149754
944.719940,114.855485,133.998066,-9341.579430
944.720567,114.855485,133.998066,-9360.722011
944.721195,76.570323,153.140646,-9418.149754
944.721822,114.855485,114.855485,-9399.007173
944.722449,95.712904,114.855485,-9418.149754
944.723077,76.570323,114.855485,-9418.149754
944.723704,76.570323,114.855485,-9418.149754
944.724331,133.998066,153.140646,-9418.149754
944.724959,172.283227,114.855485,-9379.864592
944.725586,133.998066,153.140646,-9379.864592
944.726214,114.855485,133.998066,-9360.722011
944.726841,95.712904,95.712904,-9399.007173
944.727468,76.570323,172.283227,-9418.149754
944.728096,95.712904,191.425808,-9360.722011
944.728723,76.570323,153.140646,-9418.149754
944.729351,57.427742,133.998066,-9360.722011
944.729978,38.285162,114.855485,-9360.722011
944.730605,133.998066,153.140646,-9418.149754
944.731233,95.712904,172.283227,-9360.722011
944.731860,76.570323,114.855485,-9418.149754
944.732488,57.427742,133.998066,-9360.722011
944.733115,19.142581,114.855485,-9418.149754
944.733742,76.570323,114.855485,-9418.149754
944.734370,76.570323,172.283227,-9418.149754
944.734997,114.855485,95.712904,-9399.007173
944.735625,76.570323,114.855485,-9418.149754
944.736252,76.570323,114.855485,-9418.149754
944.736879,76.570323,114.855485,-9437.292334
944.737507,133.998066,210.568389,-9456.434915
944.738134,153.140646,133.998066,-9399.007173
944.738762,172.283227,114.855485,-9379.864592
944.739389,114.855485,95.712904,-9399.007173
944.740016,95.712904,153.140646,-9360.722011
944.740644,76.570323,172.283227,-9475.577496
944.741271,76.570323,114.855485,-9418.149754
944.741899,133.998066,114.855485,-9418.149754
944.742526,133.998066,114.855485,-9437.292334
944.743153,133.998066,114.855485,-9418.149754
944.743781,38.285162,114.855485,-9418.149754
944.744408,76.570323,114.855485,-9418.149754
944.745036,38.285162,172.283227,-9418.149754
944.745663,38.285162,114.855485,-9475.577496
944.746290,76.570323,95.712904,-9456.434915
944.746918,133.998066,153.140646,-9418.149754
944.747545,133.998066,114.855485,-9418.149754
944.748173,133.998066,114.855485,-9418.149754
944.748800,153.140646,133.998066,-9399.007173
944.749427,114.855485,153.140646,-9379.864592
944.750055,95.712904,76.570323,-9360.722011
944.750682,76.570323,114.855485,-9418.149754
944.751310,114.855485,95.712904,-9456.434915
944.751937,133.998066,114.855485,-9456.434915
944.752564,76.570323,153.140646,-9437.292334
944.753192,38.285162,114.855485,-9418.149754
944.753819,38.285162,114.855485,-9418.149754
944.754447,133.998066,153.140646,-9418.149754
944.755074,76.570323,114.855485,-9418.149754
944.755702,76.570323,114.855485,-9418.149754
944.756329,95.712904,133.998066,-9341.579430
944.756957,38.285162,114.855485,-9418.149754
944.757584,76.570323,153.140646,-9418.149754
944.758212,38.285162,172.283227,-9418.149754
944.758839,133.998066,210.568389,-9418.149754
944.759467,76.570323,114.855485,-9418.149754
944.760094,76.570323,172.283227,-9418.149754
944.760722,114.855485,95.712904,-9399.007173
944.761349,114.855485,95.712904,-9399.007173
944.761977,114.855485,95.712904,-9399.007173
944.762604,76.570323,172.283227,-9418.149754
944.763232,76.570323,153.140646,-9418.149754
944.763859,76.570323,133.998066,-9418.149754
944.764487,76.570323,114.855485,-9437.292334
944.765114,38.285162,114.855485,-9456.434915
944.765742,76.570323,114.855485,-9418.149754
944.766369,95.712904,95.712904,-9399.007173
944.766997,38.285162,153.140646,-9418.149754
944.767625,57.427742,153.140646,-9360.722011
944.768252,76.570323,172.283227,-9437.292334
944.768880,133.998066,114.855485,-9418.149754
944.769507,76.570323,210.568389,-9418.149754
944.770135,95.712904,191.425808,-9418.149754
944.770762,114.855485,172.283227,-9360.722011
944.771390,172.283227,76.570323,-9418.149754
944.772017,133.998066,114.855485,-9456.434915
944.772645,76.570323,114.855485,-9456.434915
944.773272,76.570323,114.855485,-9418.149754
944.773900,133.998066,172.283227,-9418.149754
944.774527,133.998066,191.425808,-9399.007173
944.775155,114.855485,172.283227,-9360.722011
944.775782,76.570323,153.140646,-9418.149754
944.776410,133.998066,114.855485,-9418.149754
944.777037,38.285162,172.283227,-9360.722011
944.777665,38.285162,229.710970,-9418.149754
944.778292,38.285162,172.283227,-9360.722011
944.778920,38.285162,153.140646,-9437.292334
944.779548,153.140646,133.998066,-9399.007173
944.780175,114.855485,95.712904,-9399.007173
944.780803,76.570323,153.140646,-9418.149754
944.781430,133.998066,114.855485,-9418.149754
944.782058,172.283227,76.570323,-9418.149754
944.782685,172.283227,114.855485,-9379.864592
944.783313,133.998066,114.855485,-9418.149754
944.783940,114.855485,133.998066,-9360.722011
944.784568,76.570323,114.855485,-9418.149754
944.785195,76.570323,210.568389,-9418.149754
944.785823,76.570323,114.855485,-9418.149754
944.786450,153.140646,133.998066,-9399.007173
944.787078,57.427742,114.855485,-9418.149754
944.787705,133.998066,114.855485,-9418.149754
944.788333,38.285162,114.855485,-9418.149754
944.788960,95.712904,114.855485,-9360.722011
944.789588,76.570323,172.283227,-9418.149754
944.790215,76.570323,114.855485,-9437.292334
944.790843,76.570323,114.855485,-9418.149754
944.791471,38.285162,153.140646,-9437.292334
944.792098,133.998066,114.855485,-9418.149754
944.792726,76.570323,114.855485,-9418.149754
944.793353,38.285162,114.855485,-9456.434915
944.793981,95.712904,133.998066,-9360.722011
944.794608,38.285162,210.568389,-9418.149754
944.795236,133.998066,114.855485,-9418.149754
944.795863,133.998066,133.998066,-9399.007173
944.796491,133.998066,210.568389,-9418.149754
944.797118,133.998066,114.855485,-9418.149754
944.797746,133.998066,114.855485,-9418.149754
944.798373,153.140646,133.998066,-9399.007173
944.799001,57.427742,172.283227,-9360.722011
944.799628,38.285162,114.855485,-9437.292334
944.800256,76.570323,153.140646,-9456.434915
944.800883,153.140646,191.425808,-9399.007173
944.801511,76.570323,153.140646,-9418.149754
944.802138,114.855485,133.998066,-9360.722011
944.802766,76.570323,114.855485,-9418.149754
944.803394,133.998066,153.140646,-9418.149754
944.804021,95.712904,172.283227,-9360.722011
944.804649,95.712904,133.998066,-9360.722011
944.805276,133.998066,229.710970,-9418.149754
944.805904,76.570323,153.140646,-9360.722011
944.806531,133.998066,210.568389,-9418.149754
944.807159,133.998066,114.855485,-9418.149754
944.807786,76.570323,172.283227,-9418.149754
944.808414,114.855485,133.998066,-9360.722011
944.809041,153.140646,153.140646,-9399.007173
944.809669,133.998066,114.855485,-9437.292334
944.810296,133.998066,114.855485,-9437.292334
944.810924,76.570323,114.855485,-9437.292334
944.811551,38.285162,95.712904,-9456.434915
944.812179,133.998066,114.855485,-9418.149754
944.812806,38.285162,114.855485,-9456.434915
944.813434,114.855485,191.425808,-9379.864592
944.814062,133.998066,172.283227,-9418.149754
944.814689,95.712904,95.712904,-9399.007173
944.815317,95.712904,95.712904,-9456.434915
944.815944,76.570323,114.855485,-9437.292334
944.816572,95.712904,95.712904,-9399.007173
944.817199,95.712904,114.855485,-9418.149754
944.817827,114.855485,133.998066,-9360.722011
944.818454,114.855485,95.712904,-9399.007173
944.819082,76.570323,114.855485,-9456.434915
944.819709,76.570323,114.855485,-9418.149754
944.820337,153.140646,133.998066,-9399.007173
944.820964,133.998066,133.998066,-9399.007173
944.821592,76.570323,114.855485,-9418.149754
944.822219,76.570323,114.855485,-9418.149754
944.822847,133.998066,133.998066,-9399.007173
944.823474,153.140646,114.855485,-9418.149754
944.824102,133.998066,114.855485,-9418.149754
944.824729,114.855485,95.712904,-9399.007173
944.825357,133.998066,172.283227,-9360.722011
944.825985,133.998066,114.855485,-9418.149754
944.826612,76.570323,76.570323,-9379.864592
944.827240,153.140646,133.998066,-9379.864592
944.827867,76.570323,172.283227,-9418.149754
944.828495,76.570323,172.283227,-9418.149754
944.829122,76.570323,191.425808,-9456.434915
944.829750,133.998066,114.855485,-9418.149754
944.830377,76.570323,172.283227,-9418.149754
944.831005,38.285162,172.283227,-9418.149754
944.831632,76.570323,114.855485,-9418.149754
944.832260,133.998066,114.855485,-9418.149754
944.832887,133.998066,172.283227,-9399.007173
944.833515,95.712904,114.855485,-9418.149754
944.834142,133.998066,114.855485,-9418.149754
944.834770,133.998066,114.855485,-9418.149754
944.835397,133.998066,114.855485,-9418.149754
944.836025,76.570323,114.855485,-9418.149754
944.836652,76.570323,114.855485,-9418.149754
944.837280,76.570323,114.855485,-9418.149754
944.837908,95.712904,153.140646,-9360.722011
944.838535,76.570323,76.570323,-9379.864592
944.839163,95.712904,95.712904,-9399.007173
944.839790,76.570323,95.712904,-9399.007173
944.840418,133.998066,76.570323,-9322.436850
944.841045,76.570323,114.855485,-9418.149754
944.841673,38.285162,153.140646,-9418.149754
944.842300,153.140646,153.140646,-9399.007173
944.842928,114.855485,95.712904,-9399.007173
944.843555,95.712904,95.712904,-9399.007173
944.844183,38.285162,114.855485,-9418.149754
944.844810,38.285162,114.855485,-9418.149754
944.845438,95.712904,114.855485,-9418.149754
944.846065,114.855485,191.425808,-9341.579430
944.846693,133.998066,248.853550,-9399.007173
944.847320,76.570323,114.855485,-9418.149754
944.847948,38.285162,114.855485,-9437.292334
944.848575,76.570323,114.855485,-9456.434915
944.849203,95.712904,133.998066,-9341.579430
944.849831,153.140646,133.998066,-9399.007173
944.850458,38.285162,114.855485,-9418.149754
944.851086,76.570323,114.855485,-9418.149754
944.851713,95.712904,95.712904,-9399.007173
944.852341,133.998066,114.855485,-9418.149754
944.852968,76.570323,114.855485,-9418.149754
944.853596,76.570323,172.283227,-9456.434915
944.854223,114.855485,133.998066,-9360.722011
944.854851,76.570323,114.855485,-9418.149754
944.855478,76.570323,114.855485,-9418.149754
944.856106,95.712904,95.712904,-9399.007173
944.856733,114.855485,95.712904,-9399.007173
944.857361,76.570323,114.855485,-9418.149754
944.857988,95.712904,114.855485,-9418.149754
944.858615,133.998066,153.140646,-9418.149754
944.859243,76.570323,114.855485,-9418.149754
944.859870,57.427742,133.998066,-9360.722011
944.860498,57.427742,95.712904,-9399.007173
944.861125,57.427742,133.998066,-9360.722011
944.861752,95.712904,95.712904,-9456.434915
944.862380,76.570323,153.140646,-9418.149754
944.863007,133.998066,133.998066,-9379.864592
944.863635,76.570323,114.855485,-9418.149754
944.864262,95.712904,133.998066,-9418.149754
944.864890,114.855485,95.712904,-9475.577496
944.865517,153.140646,95.712904,-9360.722011
944.866144,153.140646,133.998066,-9379.864592
944.866772,133.998066,114.855485,-9418.149754
944.867399,133.998066,133.998066,-9399.007173
944.868027,38.285162,114.855485,-9456.434915
944.868654,76.570323,114.855485,-9418.149754
944.869281,114.855485,95.712904,-9399.007173
944.869909,114.855485,76.570323,-9418.149754
944.870536,76.570323,114.855485,-9437.292334
944.871164,133.998066,172.283227,-9418.149754
944.871791,38.285162,114.855485,-9456.434915
944.872418,76.570323,114.855485,-9418.149754
944.873046,95.712904,95.712904,-9399.007173
944.873673,114.855485,95.712904,-9399.007173
944.874301,76.570323,114.855485,-9437.292334
944.874928,95.712904,153.140646,-9360.722011
944.875556,114.855485,153.140646,-9360.722011
944.876183,114.855485,133.998066,-9360.722011
944.876810,133.998066,172.283227,-9418.149754
944.877438,133.998066,153.140646,-9418.149754
944.878065,76.570323,172.283227,-9456.434915
944.878693,153.140646,133.998066,-9399.007173
944.879320,76.570323,172.283227,-9418.149754
944.879947,153.140646,153.140646,-9456.434915
944.880575,95.712904,172.283227,-9360.722011
944.881202,133.998066,153.140646,-9418.149754
944.881830,95.712904,114.855485,-9418.149754
944.882457,114.855485,95.712904,-9399.007173
944.883085,95.712904,172.283227,-9360.722011
944.883712,76.570323,76.570323,-9379.864592
944.884339,76.570323,95.712904,-9399.007173
944.884967,133.998066,133.998066,-9456.434915
944.885594,57.427742,153.140646,-9360.722011
944.886222,76.570323,114.855485,-9418.149754
944.886849,95.712904,133.998066,-9418.149754
944.887476,133.998066,114.855485,-9418.149754
944.888104,114.855485,114.855485,-9418.149754
944.888731,133.998066,153.140646,-9399.007173
944.889359,114.855485,153.140646,-9360.722011
944.889986,114.855485,133.998066,-9437.292334
944.890614,133.998066,114.855485,-9418.149754
944.891241,76.570323,191.425808,-9418.149754
944.891868,133.998066,133.998066,-9399.007173
944.892496,76.570323,153.140646,-9456.434915
944.893123,76.570323,153.140646,-9456.434915
944.893751,133.998066,153.140646,-9360.722011
944.894378,114.855485,191.425808,-9360.722011
944.895005,133.998066,210.568389,-9418.149754
944.895633,133.998066,172.283227,-9418.149754
944.896260,133.998066,153.140646,-9418.149754
944.896888,153.140646,191.425808,-9399.007173
944.897515,76.570323,114.855485,-9418.149754
944.898143,133.998066,153.140646,-9418.149754
944.898770,133.998066,114.855485,-9418.149754
944.899397,95.712904,172.283227,-9456.434915
944.900025,153.140646,133.998066,-9399.007173
944.900652,95.712904,114.855485,-9418.149754
944.901280,114.855485,133.998066,-9418.149754
944.901907,133.998066,210.568389,-9418.149754
944.902534,76.570323,114.855485,-9418.149754
944.903162,95.712904,114.855485,-9418.149754
944.903789,38.285162,114.855485,-9418.149754
944.904417,133.998066,114.855485,-9418.149754
944.905044,76.570323,114.855485,-9418.149754
944.905672,76.570323,114.855485,-9418.149754
944.906299,38.285162,114.855485,-9437.292334
944.906926,76.570323,172.283227,-9418.149754
944.907554,76.570323,114.855485,-9418.149754
944.908181,38.285162,114.855485,-9437.292334
944.908809,76.570323,114.855485,-9456.434915
944.909436,95.712904,95.712904,-9437.292334
944.910063,133.998066,114.855485,-9437.292334
944.910691,133.998066,114.855485,-9418.149754
944.911318,133.998066,114.855485,-9418.149754
944.911946,153.140646,133.998066,-9399.007173
944.912573,114.855485,95.712904,-9456.434915
944.913201,76.570323,114.855485,-9418.149754
944.913828,95.712904,133.998066,-9360.722011
944.914455,114.855485,133.998066,-9360.722011
944.915083,57.427742,153.140646,-9360.722011
944.915710,0.000000,153.140646,-9360.722011
944.916338,153.140646,153.140646,-9399.007173
944.916965,76.570323,114.855485,-9418.149754
944.917592,19.142581,114.855485,-9418.149754
944.918220,114.855485,133.998066,-9418.149754
944.918847,153.140646,191.425808,-9399.007173
944.919475,38.285162,210.568389,-9418.149754
944.920102,57.427742,114.855485,-9437.292334
944.920730,76.570323,153.140646,-9437.292334
944.921357,133.998066,114.855485,-9418.149754
944.921984,133.998066,114.855485,-9418.149754
944.922612,76.570323,153.140646,-9418.149754
944.923239,19.142581,153.140646,-9418.149754
944.923867,95.712904,95.712904,-9437.292334
944.924494,95.712904,229.710970,-9456.434915
944.925121,38.285162,114.855485,-9360.722011
944.925749,95.712904,191.425808,-9360.722011
944.926376,95.712904,210.568389,-9360.722011
944.927004,38.285162,210.568389,-9418.149754
944.927631,114.855485,172.283227,-9360.722011
944.928258,114.855485,133.998066,-9360.722011
944.928886,172.283227,76.570323,-9360.722011
944.929513,133.998066,114.855485,-9418.149754
944.930141,38.285162,114.855485,-9418.149754
944.930768,95.712904,114.855485,-9456.434915
944.931396,133.998066,114.855485,-9456.434915
944.932023,133.998066,210.568389,-9494.720077
944.932650,76.570323,114.855485,-9418.149754
944.933278,133.998066,153.140646,-9418.149754
944.933905,57.427742,133.998066,-9360.722011
944.934533,114.855485,95.712904,-9399.007173
944.935160,76.570323,172.283227,-9418.149754
944.935787,95.712904,133.998066,-9360.722011
944.936415,57.427742,95.712904,-9399.007173
944.937042,38.285162,114.855485,-9360.722011
944.937670,95.712904,172.283227,-9456.434915
944.938297,95.712904,133.998066,-9360.722011
944.938925,76.570323,114.855485,-9475.577496
944.939552,95.712904,114.855485,-9494.720077
944.940179,133.998066,114.855485,-9418.149754
944.940807,76.570323,114.855485,-9418.149754
944.941434,76.570323,114.855485,-9418.149754
944.942062,76.570323,114.855485,-9418.149754
944.942689,133.998066,114.855485,-9418.149754
944.943316,133.998066,114.855485,-9437.292334
944.943944,133.998066,114.855485,-9418.149754
944.944571,76.570323,153.140646,-9437.292334
944.945199,153.140646,133.998066,-9399.007173
944.945826,133.998066,153.140646,-9360.722011
944.946454,153.140646,133.998066,-9379.864592
944.947081,95.712904,133.998066,-9360.722011
944.947708,114.855485,133.998066,-9360.722011
944.948336,76.570323,114.855485,-9418.149754
944.948963,76.570323,114.855485,-9418.149754
944.949591,95.712904,95.712904,-9399.007173
944.950218,114.855485,76.570323,-9418.149754
944.950845,19.142581,114.855485,-9418.149754
944.951473,38.285162,153.140646,-9437.292334
944.952100,133.998066,114.855485,-9437.292334
944.952728,76.570323,153.140646,-9456.434915
944.953355,76.570323,210.568389,-9418.149754
944.953983,95.712904,210.568389,-9399.007173
944.954610,114.855485,153.140646,-9360.722011
944.955237,76.570323,114.855485,-9418.149754
944.955865,76.570323,76.570323,-9379.864592
944.956492,76.570323,172.283227,-9418.149754
944.957120,114.855485,153.140646,-9418.149754
944.957747,133.998066,210.568389,-9475.577496
944.958375,133.998066,114.855485,-9418.149754
944.959002,76.570323,172.283227,-9418.149754
944.959630,133.998066,153.140646,-9399.007173
944.960258,153.140646,172.283227,-9399.007173
944.960885,38.285162,210.568389,-9418.149754
944.961513,133.998066,210.568389,-9418.149754
944.962140,38.285162,114.855485,-9437.292334
944.962768,114.855485,95.712904,-9437.292334
944.963395,114.855485,133.998066,-9360.722011
944.964023,95.712904,133.998066,-9360.722011
944.964650,114.855485,133.998066,-9360.722011
944.965278,76.570323,210.568389,-9418.149754
944.965905,76.570323,172.283227,-9418.149754
944.966533,76.570323,114.855485,-9418.149754
944.967161,76.570323,153.140646,-9418.149754
944.967788,95.712904,133.998066,-9360.722011
944.968416,57.427742,153.140646,-9360.722011
944.969043,153.140646,133.998066,-9399.007173
944.969671,76.570323,114.855485,-9418.149754
944.970298,57.427742,133.998066,-9360.722011
944.970926,76.570323,114.855485,-9418.149754
944.971553,76.570323,114.855485,-9418.149754
944.972181,76.570323,114.855485,-9437.292334
944.972808,38.285162,133.998066,-9360.722011
944.973436,114.855485,229.710970,-9379.864592
944.974063,95.712904,114.855485,-9418.149754
944.974691,133.998066,191.425808,-9418.149754
944.975319,95.712904,153.140646,-9437.292334
944.975946,133.998066,114.855485,-9456.434915
944.976574,76.570323,114.855485,-9475.577496
944.977201,76.570323,172.283227,-9418.149754
944.977829,76.570323,153.140646,-9475.577496
944.978456,76.570323,210.568389,-9418.149754
944.979084,76.570323,210.568389,-9456.434915
944.979711,38.285162,153.140646,-9418.149754
944.980339,172.283227,114.855485,-9379.864592
944.980966,76.570323,133.998066,-9360.722011
944.981594,133.998066,114.855485,-9418.149754
944.982221,133.998066,153.140646,-9418.149754
944.982849,153.140646,153.140646,-9418.149754
944.983477,133.998066,133.998066,-9399.007173
944.984104,133.998066,114.855485,-9418.149754
944.984732,133.998066,153.140646,-9418.149754
944.985359,76.570323,114.855485,-9418.149754
944.985987,38.285162,210.568389,-9418.149754
944.986614,133.998066,153.140646,-9418.149754
944.987242,133.998066,114.855485,-9418.149754
944.987869,76.570323,114.855485,-9418.149754
944.988497,76.570323,172.283227,-9418.149754
944.989124,153.140646,191.425808,-9399.007173
944.989752,133.998066,153.140646,-9418.149754
944.990379,76.570323,114.855485,-9437.292334
944.991007,133.998066,133.998066,-9399.007173
944.991635,133.998066,114.855485,-9418.149754
944.992262,114.855485,57.427742,-9418.149754
944.992890,76.570323,172.283227,-9437.292334
944.993517,76.570323,172.283227,-9437.292334
944.994145,76.570323,114.855485,-9418.149754
944.994772,19.142581,153.140646,-9399.007173
944.995400,38.285162,114.855485,-9418.149754
944.996027,76.570323,114.855485,-9418.149754
944.996655,133.998066,172.283227,-9418.149754
944.997282,153.140646,133.998066,-9399.007173
944.997910,95.712904,172.283227,-9341.579430
944.998537,133.998066,114.855485,-9418.149754
944.999165,114.855485,172.283227,-9437.292334
944.999793,76.570323,210.568389,-9437.292334
945.000420,76.570323,114.855485,-9418.149754
945.001048,76.570323,114.855485,-9456.434915
945.001675,0.000000,114.855485,-9379.864592
945.002303,57.427742,172.283227,-9360.722011
945.002930,153.140646,133.998066,-9456.434915
945.003558,76.570323,210.568389,-9418.149754
945.004185,76.570323,172.283227,-9360.722011
945.004813,76.570323,172.283227,-9475.577496
945.005440,153.140646,133.998066,-9494.720077
945.006068,38.285162,114.855485,-9418.149754
945.006696,95.712904,153.140646,-9418.149754
945.007323,95.712904,133.998066,-9360.722011
945.007951,76.570323,114.855485,-9418.149754
945.008578,76.570323,114.855485,-9418.149754
945.009206,133.998066,114.855485,-9437.292334
945.009833,38.285162,114.855485,-9418.149754
945.010461,133.998066,153.140646,-9418.149754
945.011088,133.998066,210.568389,-9437.292334
945.011716,76.570323,114.855485,-9418.149754
945.012343,76.570323,172.283227,-9456.434915
945.012971,38.285162,153.140646,-9418.149754
945.013598,133.998066,172.283227,-9399.007173
945.014226,76.570323,114.855485,-9418.149754
945.014854,38.285162,153.140646,-9418.149754
945.015481,38.285162,114.855485,-9475.577496
945.016109,95.712904,153.140646,-9360.722011
945.016736,38.285162,114.855485,-9418.149754
945.017364,57.427742,133.998066,-9360.722011
945.017991,38.285162,114.855485,-9418.149754
945.018619,76.570323,153.140646,-9418.149754
945.019246,133.998066,114.855485,-9418.149754
945.019874,114.855485,172.283227,-9379.864592
945.020501,133.998066,114.855485,-9418.149754
945.021129,114.855485,133.998066,-9360.722011
945.021756,76.570323,114.855485,-9418.149754
945.022384,133.998066,133.998066,-9399.007173
945.023012,133.998066,153.140646,-9418.149754
945.023639,95.712904,172.283227,-9360.722011
945.024267,133.998066,114.855485,-9437.292334
945.024894,153.140646,191.425808,-9437.292334
945.025522,153.140646,114.855485,-9418.149754
945.026149,133.998066,172.283227,-9418.149754
945.026777,38.285162,114.855485,-9360.722011
945.027404,95.712904,114.855485,-9399.007173
945.028032,76.570323,114.855485,-9418.149754
945.028659,133.998066,114.855485,-9418.149754
945.029287,76.570323,153.140646,-9418.149754
945.029914,76.570323,114.855485,-9418.149754
945.030542,38.285162,114.855485,-9437.292334
945.031170,95.712904,133.998066,-9360.722011
945.031797,133.998066,172.283227,-9418.149754
945.032425,114.855485,191.425808,-9418.149754
945.033052,76.570323,153.140646,-9418.149754
945.033680,133.998066,172.283227,-9418.149754
945.034307,95.712904,133.998066,-9360.722011
945.034935,76.570323,153.140646,-9418.149754
945.035562,95.712904,114.855485,-9418.149754
945.036190,133.998066,153.140646,-9418.149754
945.036817,95.712904,133.998066,-9360.722011
945.037445,114.855485,114.855485,-9399.007173
945.038073,76.570323,114.855485,-9418.149754
945.038700,133.998066,172.283227,-9418.149754
945.039328,95.712904,133.998066,-9360.722011
945.039955,38.285162,114.855485,-9418.149754
945.040583,133.998066,153.140646,-9418.149754
945.041210,153.140646,172.283227,-9399.007173
945.041838,133.998066,114.855485,-9418.149754
945.042465,38.285162,153.140646,-9418.149754
945.043093,38.285162,114.855485,-9418.149754
945.043720,133.998066,133.998066,-9399.007173
945.044348,133.998066,191.425808,-9456.434915
945.044975,95.712904,191.425808,-9418.149754
945.045603,76.570323,210.568389,-9475.577496
945.046231,76.570323,210.568389,-9418.149754
945.046858,95.712904,153.140646,-9360.722011
945.047486,95.712904,114.855485,-9399.007173
945.048113,114.855485,95.712904,-9437.292334
945.048741,114.855485,114.855485,-9399.007173
945.049368,133.998066,114.855485,-9418.149754
945.049996,133.998066,114.855485,-9418.149754
945.050623,76.570323,153.140646,-9437.292334
945.051251,95.712904,133.998066,-9360.722011
945.051878,133.998066,172.283227,-9418.149754
945.052506,133.998066,172.283227,-9418.149754
945.053133,95.712904,114.855485,-9418.149754
945.053761,133.998066,210.568389,-9418.149754
945.054389,76.570323,114.855485,-9418.149754
945.055016,76.570323,114.855485,-9418.149754
945.055644,76.570323,114.855485,-9418.149754
945.056271,76.570323,114.855485,-9456.434915
945.056899,114.855485,133.998066,-9360.722011
945.057526,76.570323,114.855485,-9418.149754
945.058154,133.998066,114.855485,-9418.149754
945.058782,114.855485,172.283227,-9322.436850
945.059409,38.285162,114.855485,-9437.292334
945.060037,133.998066,114.855485,-9418.149754
945.060664,76.570323,114.855485,-9437.292334
945.061292,133.998066,153.140646,-9418.149754
945.061920,76.570323,172.283227,-9418.149754
945.062547,76.570323,114.855485,-9418.149754
945.063175,95.712904,133.998066,-9360.722011
945.063802,76.570323,114.855485,-9494.720077
945.064430,76.570323,114.855485,-9437.292334
945.065058,95.712904,95.712904,-9399.007173
945.065685,76.570323,114.855485,-9418.149754
945.066313,133.998066,172.283227,-9418.149754
945.066940,133.998066,114.855485,-9456.434915
945.067568,76.570323,153.140646,-9418.149754
945.068196,76.570323,114.855485,-9418.149754
945.068823,133.998066,114.855485,-9418.149754
945.069451,38.285162,172.283227,-9418.149754
945.070079,133.998066,153.140646,-9418.149754
945.070706,133.998066,210.568389,-9456.434915
945.071334,133.998066,172.283227,-9418.149754
945.071961,76.570323,114.855485,-9418.149754
945.072589,133.998066,114.855485,-9418.149754
945.073217,95.712904,95.712904,-9399.007173
945.073844,76.570323,114.855485,-9418.149754
945.074472,95.712904,114.855485,-9418.149754
945.075099,133.998066,114.855485,-9418.149754
945.075727,76.570323,172.283227,-9418.149754
945.076355,76.570323,114.855485,-9360.722011
945.076982,114.855485,95.712904,-9379.864592
945.077610,114.855485,172.283227,-9360.722011
945.078237,76.570323,153.140646,-9437.292334
945.078865,76.570323,172.283227,-9456.434915
945.079493,133.998066,114.855485,-9418.149754
945.080120,38.285162,114.855485,-9456.434915
945.080748,38.285162,210.568389,-9418.149754
945.081375,76.570323,191.425808,-9437.292334
945.082003,172.283227,76.570323,-9418.149754
945.082631,38.285162,153.140646,-9418.149754
945.083258,76.570323,153.140646,-9418.149754
945.083886,76.570323,153.140646,-9418.149754
945.084513,133.998066,133.998066,-9379.864592
945.085141,95.712904,133.998066,-9360.722011
945.085769,76.570323,172.283227,-9418.149754
945.086396,133.998066,133.998066,-9399.007173
945.087024,133.998066,114.855485,-9360.722011
945.087652,133.998066,114.855485,-9418.149754
945.088279,133.998066,133.998066,-9399.007173
945.088907,95.712904,114.855485,-9437.292334
945.089534,153.140646,133.998066,-9456.434915
945.090162,133.998066,114.855485,-9418.149754
945.090790,95.712904,133.998066,-9360.722011
945.091417,38.285162,114.855485,-9418.149754
945.092045,76.570323,114.855485,-9418.149754
945.092672,133.998066,114.855485,-9418.149754
945.093300,19.142581,153.140646,-9456.434915
945.093928,38.285162,114.855485,-9456.434915
945.094555,38.285162,153.140646,-9437.292334
945.095183,133.998066,114.855485,-9418.149754
945.095810,76.570323,114.855485,-9418.149754
945.096438,38.285162,114.855485,-9418.149754
945.097066,19.142581,153.140646,-9418.149754
945.097693,76.570323,153.140646,-9418.149754
945.098321,76.570323,191.425808,-9418.149754
945.098948,76.570323,114.855485,-9418.149754
945.099576,76.570323,114.855485,-9418.149754
945.100204,76.570323,153.140646,-9418.149754
945.100831,95.712904,114.855485,-9418.149754
945.101459,133.998066,114.855485,-9418.149754
945.102086,133.998066,172.283227,-9418.149754
945.102714,133.998066,114.855485,-9418.149754
945.103342,57.427742,114.855485,-9456.434915
945.103969,57.427742,114.855485,-9418.149754
945.104597,95.712904,172.283227,-9418.149754
945.105225,76.570323,114.855485,-9456.434915
945.105852,133.998066,172.283227,-9418.149754
945.106480,133.998066,114.855485,-9456.434915
945.107107,76.570323,114.855485,-9418.149754
945.107735,133.998066,114.855485,-9418.149754
945.108363,38.285162,114.855485,-9437.292334
945.108990,76.570323,172.283227,-9418.149754
945.109618,95.712904,114.855485,-9418.149754
945.110245,133.998066,133.998066,-9399.007173
945.110873,133.998066,114.855485,-9418.149754
945.111501,38.285162,114.855485,-9418.149754
945.112128,76.570323,133.998066,-9360.722011
945.112756,95.712904,114.855485,-9418.149754
945.113383,95.712904,114.855485,-9456.434915
945.114011,95.712904,114.855485,-9418.149754
945.114639,76.570323,114.855485,-9418.149754
945.115266,38.285162,114.855485,-9418.149754
945.115894,57.427742,114.855485,-9475.577496
945.116521,114.855485,172.283227,-9418.149754
945.117149,95.712904,114.855485,-9494.720077
945.117777,172.283227,114.855485,-9379.864592
945.118404,172.283227,172.283227,-9379.864592
945.119032,76.570323,114.855485,-9418.149754
945.119660,76.570323,114.855485,-9418.149754
945.120287,133.998066,210.568389,-9418.149754
945.120915,76.570323,153.140646,-9418.149754
945.121542,76.570323,114.855485,-9418.149754
945.122170,38.285162,114.855485,-9418.149754
945.122798,114.855485,172.283227,-9379.864592
945.123425,76.570323,114.855485,-9418.149754
945.124053,38.285162,114.855485,-9418.149754
945.124680,38.285162,172.283227,-9418.149754
945.125308,133.998066,172.283227,-9418.149754
945.125936,57.427742,210.568389,-9418.149754
945.126563,95.712904,172.283227,-9418.149754
945.127191,95.712904,172.283227,-9418.149754
945.127818,133.998066,153.140646,-9399.007173
945.128446,153.140646,133.998066,-9399.007173
945.129074,76.570323,114.855485,-9360.722011
945.129701,57.427742,114.855485,-9418.149754
945.130329,57.427742,153.140646,-9418.149754
945.130956,76.570323,114.855485,-9418.149754
945.131584,76.570323,114.855485,-9418.149754
945.132212,76.570323,191.425808,-9418.149754
945.132839,76.570323,133.998066,-9360.722011
945.133467,95.712904,95.712904,-9475.577496
945.134094,76.570323,114.855485,-9418.149754
945.134722,133.998066,114.855485,-9418.149754
945.135350,76.570323,172.283227,-9418.149754
945.135977,133.998066,114.855485,-9437.292334
945.136605,57.427742,114.855485,-9437.292334
945.137233,38.285162,153.140646,-9456.434915
945.137860,133.998066,191.425808,-9456.434915
945.138488,133.998066,114.855485,-9456.434915
945.139115,95.712904,114.855485,-9418.149754
945.139743,76.570323,114.855485,-9418.149754
945.140371,153.140646,133.998066,-9399.007173
945.140998,133.998066,114.855485,-9418.149754
945.141626,133.998066,153.140646,-9418.149754
945.142253,57.427742,95.712904,-9399.007173
945.142881,133.998066,114.855485,-9418.149754
945.143509,38.285162,114.855485,-9418.149754
945.144136,114.855485,133.998066,-9418.149754
945.144764,76.570323,114.855485,-9418.149754
945.145391,95.712904,133.998066,-9360.722011
945.146019,76.570323,153.140646,-9418.149754
945.146647,38.285162,114.855485,-9418.149754
945.147274,76.570323,210.568389,-9418.149754
945.147902,95.712904,114.855485,-9418.149754
945.148529,133.998066,210.568389,-9456.434915
945.149157,95.712904,210.568389,-9475.577496
945.149785,133.998066,153.140646,-9418.149754
945.150412,95.712904,133.998066,-9360.722011
945.151040,57.427742,133.998066,-9360.722011
945.151667,172.283227,153.140646,-9399.007173
945.152295,76.570323,210.568389,-9418.149754
945.152923,76.570323,114.855485,-9475.577496
945.153550,76.570323,114.855485,-9437.292334
945.154178,76.570323,114.855485,-9418.149754
945.154806,76.570323,114.855485,-9418.149754
945.155433,57.427742,95.712904,-9437.292334
945.156061,95.712904,95.712904,-9399.007173
945.156688,38.285162,153.140646,-9360.722011
945.157316,133.998066,172.283227,-9437.292334
945.157943,133.998066,114.855485,-9437.292334
945.158571,133.998066,114.855485,-9418.149754
945.159198,76.570323,114.855485,-9418.149754
945.159826,76.570323,114.855485,-9418.149754
945.160453,114.855485,133.998066,-9360.722011
945.161080,114.855485,95.712904,-9399.007173
945.161708,38.285162,114.855485,-9437.292334
945.162335,95.712904,153.140646,-9360.722011
945.162963,133.998066,114.855485,-9418.149754
945.163590,153.140646,133.998066,-9399.007173
945.164218,133.998066,153.140646,-9418.149754
945.164845,153.140646,133.998066,-9399.007173
945.165473,133.998066,114.855485,-9418.149754
945.166100,133.998066,133.998066,-9399.007173
945.166728,76.570323,114.855485,-9418.149754
945.167355,76.570323,114.855485,-9437.292334
945.167982,76.570323,95.712904,-9475.577496
945.168610,153.140646,133.998066,-9399.007173
945.169237,133.998066,114.855485,-9418.149754
945.169865,133.998066,133.998066,-9399.007173
945.170492,38.285162,210.568389,-9418.149754
945.171120,57.427742,114.855485,-9418.149754
945.171747,76.570323,114.855485,-9418.149754
945.172375,133.998066,114.855485,-9418.149754
945.173002,133.998066,172.283227,-9399.007173
945.173629,172.283227,153.140646,-9379.864592
945.174257,76.570323,191.425808,-9418.149754
945.174884,210.568389,153.140646,-9399.007173
945.175512,133.998066,133.998066,-9399.007173
945.176139,38.285162,114.855485,-9494.720077
945.176767,95.712904,153.140646,-9418.149754
945.177394,76.570323,153.140646,-9418.149754
945.178022,133.998066,153.140646,-9418.149754
945.178649,76.570323,114.855485,-9418.149754
945.179277,19.142581,210.568389,-9418.149754
945.179904,19.142581,114.855485,-9418.149754
945.180531,76.570323,114.855485,-9437.292334
945.181159,133.998066,172.283227,-9437.292334
945.181786,38.285162,229.710970,-9418.149754
945.182414,38.285162,114.855485,-9437.292334
945.183041,95.712904,95.712904,-9399.007173
945.183669,38.285162,172.283227,-9456.434915
945.184296,114.855485,133.998066,-9360.722011
945.184924,38.285162,172.283227,-9418.149754
945.185551,38.285162,172.283227,-9418.149754
945.186178,57.427742,114.855485,-9399.007173
945.186806,95.712904,172.283227,-9456.434915
945.187433,76.570323,153.140646,-9418.149754
945.188061,114.855485,133.998066,-9360.722011
945.188688,76.570323,114.855485,-9418.149754
945.189316,76.570323,114.855485,-9418.149754
945.189943,172.283227,76.570323,-9437.292334
945.190571,133.998066,114.855485,-9418.149754
945.191198,57.427742,114.855485,-9399.007173
945.191825,76.570323,114.855485,-9418.149754
945.192453,57.427742,133.998066,-9322.436850
945.193080,95.712904,95.712904,-9399.007173
945.193708,95.712904,153.140646,-9360.722011
945.194335,95.712904,153.140646,-9360.722011
945.194963,114.855485,133.998066,-9360.722011
945.195590,38.285162,114.855485,-9418.149754
945.196218,38.285162,114.855485,-9418.149754
945.196845,95.712904,153.140646,-9418.149754
945.197473,38.285162,172.283227,-9418.149754
945.198100,95.712904,114.855485,-9418.149754
945.198727,38.285162,153.140646,-9437.292334
945.199355,133.998066,114.855485,-9437.292334
945.199982,57.427742,172.283227,-9399.007173
945.200610,133.998066,114.855485,-9418.149754
945.201237,76.570323,229.710970,-9418.149754
945.201865,76.570323,153.140646,-9418.149754
945.202492,76.570323,114.855485,-9418.149754
945.203120,76.570323,153.140646,-9418.149754
945.203747,95.712904,210.568389,-9418.149754
945.204374,153.140646,133.998066,-9399.007173
945.205002,172.283227,76.570323,-9418.149754
945.205629,133.998066,114.855485,-9437.292334
945.206257,133.998066,172.283227,-9494.720077
945.206884,133.998066,153.140646,-9418.149754
945.207512,133.998066,153.140646,-9456.434915
945.208139,153.140646,172.283227,-9399.007173
945.208767,76.570323,114.855485,-9418.149754
945.209394,95.712904,114.855485,-9418.149754
945.210021,153.140646,133.998066,-9399.007173
945.210649,133.998066,114.855485,-9418.149754
945.211276,76.570323,114.855485,-9437.292334
945.211904,133.998066,114.855485,-9418.149754
945.212531,133.998066,114.855485,-9418.149754
945.213159,76.570323,114.855485,-9418.149754
945.213786,38.285162,153.140646,-9418.149754
945.214414,133.998066,114.855485,-9418.149754
945.215041,114.855485,95.712904,-9399.007173
945.215669,95.712904,133.998066,-9360.722011
945.216296,76.570323,114.855485,-9418.149754
945.216923,133.998066,172.283227,-9418.149754
945.217551,57.427742,172.283227,-9418.149754
945.218178,114.855485,172.283227,-9360.722011
945.218806,76.570323,114.855485,-9418.149754
945.219433,95.712904,114.855485,-9418.149754
945.220061,76.570323,114.855485,-9437.292334
945.220688,76.570323,114.855485,-9418.149754
945.221316,95.712904,172.283227,-9341.579430
945.221943,57.427742,133.998066,-9360.722011
945.222570,153.140646,229.710970,-9418.149754
945.223198,133.998066,172.283227,-9418.149754
945.223825,76.570323,133.998066,-9399.007173
945.224453,95.712904,95.712904,-9437.292334
945.225080,38.285162,153.140646,-9437.292334
945.225708,133.998066,133.998066,-9456.434915
945.226335,133.998066,114.855485,-9418.149754
945.226963,172.283227,114.855485,-9379.864592
945.227590,133.998066,172.283227,-9418.149754
945.228217,76.570323,210.568389,-9418.149754
945.228845,133.998066,172.283227,-9418.149754
945.229472,95.712904,153.140646,-9360.722011
945.230100,172.283227,114.855485,-9379.864592
945.230727,133.998066,114.855485,-9456.434915
945.231355,133.998066,114.855485,-9360.722011
945.231982,76.570323,114.855485,-9418.149754
945.232610,0.000000,133.998066,-9322.436850
945.233237,133.998066,172.283227,-9418.149754
945.233865,133.998066,210.568389,-9437.292334
945.234492,38.285162,172.283227,-9360.722011
945.235119,133.998066,114.855485,-9418.149754
945.235747,76.570323,133.998066,-9360.722011
945.236374,57.427742,133.998066,-9360.722011
945.237002,133.998066,133.998066,-9399.007173
945.237629,114.855485,95.712904,-9399.007173
945.238257,76.570323,114.855485,-9399.007173
945.238884,114.855485,153.140646,-9360.722011
945.239512,133.998066,153.140646,-9418.149754
945.240139,0.000000,95.712904,-9399.007173
945.240766,133.998066,133.998066,-9456.434915
945.241394,76.570323,114.855485,-9456.434915
945.242021,133.998066,153.140646,-9418.149754
945.242649,57.427742,153.140646,-9418.149754
945.243276,95.712904,114.855485,-9399.007173
945.243904,114.855485,172.283227,-9379.864592
945.244531,133.998066,114.855485,-9437.292334
945.245159,76.570323,114.855485,-9437.292334
945.245786,95.712904,133.998066,-9360.722011
945.246413,76.570323,172.283227,-9418.149754
945.247041,95.712904,153.140646,-9360.722011
945.247668,191.425808,76.570323,-9418.149754
945.248296,38.285162,114.855485,-9418.149754
945.248923,57.427742,172.283227,-9418.149754
945.249551,38.285162,210.568389,-9418.149754
945.250178,38.285162,172.283227,-9418.149754
945.250806,38.285162,172.283227,-9418.149754
945.251433,76.570323,114.855485,-9418.149754
945.252061,95.712904,133.998066,-9360.722011
945.252688,76.570323,114.855485,-9418.149754
945.253315,38.285162,114.855485,-9418.149754
945.253943,38.285162,153.140646,-9418.149754
945.254570,133.998066,114.855485,-9418.149754
945.255198,76.570323,114.855485,-9418.149754
945.255825,153.140646,133.998066,-9399.007173
945.256453,95.712904,95.712904,-9399.007173
945.257080,153.140646,172.283227,-9399.007173
945.257707,133.998066,210.568389,-9418.149754
945.258335,76.570323,114.855485,-9418.149754
945.258962,133.998066,114.855485,-9418.149754
945.259589,172.283227,114.855485,-9379.864592
945.260217,133.998066,172.283227,-9418.149754
945.260844,38.285162,153.140646,-9360.722011
945.261471,76.570323,114.855485,-9418.149754
945.262099,76.570323,210.568389,-9418.149754
945.262726,95.712904,153.140646,-9360.722011
945.263354,76.570323,172.283227,-9418.149754
945.263981,76.570323,114.855485,-9418.149754
945.264608,95.712904,114.855485,-9418.149754
945.265236,210.568389,133.998066,-9399.007173
945.265863,76.570323,114.855485,-9437.292334
945.266490,76.570323,114.855485,-9418.149754
945.267118,38.285162,76.570323,-9379.864592
945.267745,95.712904,95.712904,-9399.007173
945.268372,133.998066,114.855485,-9418.149754
945.269000,114.855485,114.855485,-9379.864592
945.269627,133.998066,133.998066,-9399.007173
945.270254,172.283227,114.855485,-9379.864592
945.270882,133.998066,114.855485,-9418.149754
945.271509,114.855485,133.998066,-9360.722011
945.272136,114.855485,114.855485,-9379.864592
945.272764,172.283227,76.570323,-9418.149754
945.273391,76.570323,114.855485,-9418.149754
945.274018,95.712904,114.855485,-9399.007173
945.274646,133.998066,172.283227,-9418.149754
945.275273,172.283227,172.283227,-9379.864592
945.275900,76.570323,210.568389,-9418.149754
945.276528,95.712904,95.712904,-9399.007173
945.277155,95.712904,95.712904,-9399.007173
945.277782,38.285162,114.855485,-9418.149754
945.278410,19.142581,114.855485,-9418.149754
945.279037,133.998066,114.855485,-9456.434915
945.279664,133.998066,172.283227,-9418.149754
945.280292,95.712904,153.140646,-9360.722011
945.280919,76.570323,114.855485,-9418.149754
945.281546,95.712904,114.855485,-9399.007173
945.282174,38.285162,114.855485,-9418.149754
945.282801,114.855485,133.998066,-9360.722011
945.283428,114.855485,172.283227,-9360.722011
945.284056,210.568389,172.283227,-9456.434915
945.284683,95.712904,172.283227,-9437.292334
945.285310,76.570323,210.568389,-9418.149754
945.285938,76.570323,172.283227,-9418.149754
945.286565,133.998066,172.283227,-9437.292334
945.287192,38.285162,153.140646,-9418.149754
945.287820,95.712904,172.283227,-9533.005238
945.288447,95.712904,114.855485,-9437.292334
945.289074,95.712904,95.712904,-9399.007173
945.289702,76.570323,114.855485,-9418.149754
945.290329,133.998066,76.570323,-9379.864592
945.290956,76.570323,172.283227,-9418.149754
945.291584,133.998066,210.568389,-9418.149754
945.292211,114.855485,133.998066,-9360.722011
945.292838,133.998066,153.140646,-9418.149754
945.293466,38.285162,114.855485,-9418.149754
945.294093,95.712904,153.140646,-9360.722011
945.294720,38.285162,153.140646,-9418.149754
945.295348,95.712904,191.425808,-9341.579430
945.295975,95.712904,153.140646,-9437.292334
945.296603,76.570323,114.855485,-9418.149754
945.297230,76.570323,153.140646,-9418.149754
945.297857,133.998066,153.140646,-9399.007173
945.298485,76.570323,172.283227,-9437.292334
945.299112,133.998066,210.568389,-9418.149754
945.299739,133.998066,114.855485,-9456.434915
945.300367,153.140646,133.998066,-9399.007173
945.300994,38.285162,153.140646,-9418.149754
945.301621,76.570323,153.140646,-9437.292334
945.302249,153.140646,133.998066,-9437.292334
945.302876,76.570323,114.855485,-9418.149754
945.303503,114.855485,95.712904,-9437.292334
945.304131,38.285162,172.283227,-9418.149754
945.304758,153.140646,133.998066,-9399.007173
945.305385,76.570323,114.855485,-9437.292334
945.306013,38.285162,210.568389,-9418.149754
945.306640,76.570323,114.855485,-9418.149754
945.307267,76.570323,153.140646,-9418.149754
945.307895,133.998066,153.140646,-9418.149754
945.308522,133.998066,114.855485,-9360.722011
945.309149,153.140646,172.283227,-9399.007173
945.309777,133.998066,114.855485,-9418.149754
945.310404,133.998066,172.283227,-9418.149754
945.311031,133.998066,114.855485,-9418.149754
945.311659,76.570323,172.283227,-9418.149754
945.312286,76.570323,114.855485,-9418.149754
945.312913,38.285162,114.855485,-9437.292334
945.313541,95.712904,95.712904,-9399.007173
945.314168,153.140646,172.283227,-9418.149754
945.314795,38.285162,153.140646,-9418.149754
945.315423,133.998066,172.283227,-9418.149754
945.316050,133.998066,114.855485,-9418.149754
945.316677,153.140646,153.140646,-9399.007173
945.317305,76.570323,114.855485,-9418.149754
945.317932,133.998066,153.140646,-9418.149754
945.318559,76.570323,114.855485,-9456.434915
945.319187,172.283227,210.568389,-9360.722011
945.319814,114.855485,95.712904,-9399.007173
945.320441,76.570323,114.855485,-9418.149754
945.321069,133.998066,114.855485,-9418.149754
945.321696,153.140646,172.283227,-9437.292334
945.322323,95.712904,133.998066,-9418.149754
945.322951,133.998066,153.140646,-9456.434915
945.323578,76.570323,114.855485,-9360.722011
945.324205,114.855485,172.283227,-9399.007173
945.324833,76.570323,114.855485,-9418.149754
945.325460,95.712904,114.855485,-9418.149754
945.326087,114.855485,76.570323,-9418.149754
945.326715,95.712904,95.712904,-9399.007173
945.327342,76.570323,114.855485,-9418.149754
945.327969,133.998066,172.283227,-9418.149754
945.328597,76.570323,114.855485,-9437.292334
945.329224,133.998066,114.855485,-9437.292334
945.329851,95.712904,114.855485,-9418.149754
945.330479,76.570323,172.283227,-9418.149754
945.331106,38.285162,114.855485,-9418.149754
945.331734,38.285162,114.855485,-9418.149754
945.332361,76.570323,114.855485,-9456.434915
945.332988,76.570323,114.855485,-9418.149754
945.333616,133.998066,114.855485,-9418.149754
945.334243,95.712904,114.855485,-9418.149754
945.334870,76.570323,210.568389,-9360.722011
945.335498,114.855485,191.425808,-9341.579430
945.336125,76.570323,114.855485,-9418.149754
945.336752,114.855485,153.140646,-9360.722011
945.337380,76.570323,114.855485,-9418.149754
945.338007,57.427742,114.855485,-9456.434915
945.338634,76.570323,114.855485,-9418.149754
945.339262,133.998066,153.140646,-9418.149754
945.339889,153.140646,191.425808,-9399.007173
945.340516,76.570323,114.855485,-9418.149754
945.341144,133.998066,114.855485,-9418.149754
945.341771,133.998066,210.568389,-9437.292334
945.342398,76.570323,114.855485,-9418.149754
945.343026,133.998066,210.568389,-9418.149754
945.343653,95.712904,114.855485,-9418.149754
945.344280,114.855485,133.998066,-9360.722011
945.344908,95.712904,191.425808,-9360.722011
945.345535,114.855485,133.998066,-9418.149754
945.346162,114.855485,172.283227,-9360.722011
945.346790,95.712904,172.283227,-9418.149754
945.347417,95.712904,153.140646,-9418.149754
945.348044,38.285162,114.855485,-9494.720077
945.348672,76.570323,172.283227,-9418.149754
945.349299,133.998066,153.140646,-9418.149754
945.349926,95.712904,95.712904,-9456.434915
945.350554,133.998066,114.855485,-9418.149754
945.351181,133.998066,114.855485,-9418.149754
945.351808,76.570323,95.712904,-9399.007173
945.352436,95.712904,114.855485,-9418.149754
945.353063,76.570323,114.855485,-9418.149754
945.353690,95.712904,114.855485,-9437.292334
945.354318,133.998066,210.568389,-9399.007173
945.354945,38.285162,114.855485,-9418.149754
945.355572,133.998066,114.855485,-9418.149754
945.356200,114.855485,95.712904,-9399.007173
945.356827,95.712904,210.568389,-9360.722011
945.357454,76.570323,153.140646,-9360.722011
945.358082,133.998066,210.568389,-9418.149754
945.358709,133.998066,114.855485,-9418.149754
945.359336,114.855485,153.140646,-9360.722011
945.359964,153.140646,191.425808,-9399.007173
945.360591,153.140646,153.140646,-9399.007173
945.361218,133.998066,133.998066,-9437.292334
945.361846,76.570323,153.140646,-9418.149754
945.362473,76.570323,114.855485,-9418.149754
945.363100,76.570323,153.140646,-9418.149754
945.363728,114.855485,114.855485,-9379.864592
945.364355,76.570323,114.855485,-9418.149754
945.364982,95.712904,133.998066,-9360.722011
945.365609,57.427742,95.712904,-9399.007173
945.366237,57.427742,133.998066,-9360.722011
945.366864,76.570323,191.425808,-9360.722011
945.367491,57.427742,133.998066,-9360.722011
945.368119,114.855485,95.712904,-9399.007173
945.368746,38.285162,114.855485,-9418.149754
945.369373,76.570323,114.855485,-9418.149754
945.370001,95.712904,114.855485,-9418.149754
945.370628,38.285162,172.283227,-9418.149754
945.371255,133.998066,114.855485,-9437.292334
945.371883,95.712904,133.998066,-9418.149754
945.372510,38.285162,153.140646,-9418.149754
945.373137,133.998066,114.855485,-9475.577496
945.373764,76.570323,172.283227,-9418.149754
945.374392,76.570323,172.283227,-9437.292334
945.375019,76.570323,114.855485,-9456.434915
945.375646,76.570323,114.855485,-9418.149754
945.376274,76.570323,153.140646,-9418.149754
945.376901,76.570323,114.855485,-9418.149754
945.377528,133.998066,95.712904,-9360.722011
945.378156,76.570323,114.855485,-9418.149754
945.378783,114.855485,133.998066,-9360.722011
945.379410,76.570323,172.283227,-9418.149754
945.380038,76.570323,153.140646,-9418.149754
945.380665,38.285162,114.855485,-9418.149754
945.381292,114.855485,95.712904,-9399.007173
945.381919,76.570323,114.855485,-9418.149754
945.382547,133.998066,133.998066,-9399.007173
945.383174,133.998066,191.425808,-9418.149754
945.383801,114.855485,133.998066,-9360.722011
945.384429,95.712904,133.998066,-9418.149754
945.385056,76.570323,114.855485,-9418.149754
945.385683,133.998066,114.855485,-9360.722011
945.386311,76.570323,210.568389,-9418.149754
945.386938,76.570323,114.855485,-9437.292334
945.387565,76.570323,114.855485,-9360.722011
945.388193,57.427742,95.712904,-9399.007173
945.388820,95.712904,133.998066,-9360.722011
945.389447,133.998066,114.855485,-9437.292334
945.390075,133.998066,114.855485,-9456.434915
945.390702,133.998066,114.855485,-9418.149754
945.391329,76.570323,114.855485,-9418.149754
945.391956,133.998066,210.568389,-9360.722011
945.392584,76.570323,114.855485,-9418.149754
945.393211,133.998066,114.855485,-9418.149754
945.393838,153.140646,133.998066,-9399.007173
945.394466,133.998066,153.140646,-9437.292334
945.395093,133.998066,114.855485,-9418.149754
945.395720,57.427742,133.998066,-9360.722011
945.396348,76.570323,153.140646,-9418.149754
945.396975,133.998066,114.855485,-9418.149754
945.397602,133.998066,114.855485,-9418.149754
945.398230,76.570323,153.140646,-9437.292334
945.398857,133.998066,172.283227,-9418.149754
945.399484,76.570323,114.855485,-9360.722011
945.400111,95.712904,153.140646,-9360.722011
945.400739,114.855485,191.425808,-9360.722011
945.401366,95.712904,133.998066,-9360.722011
945.401993,133.998066,114.855485,-9418.149754
945.402621,76.570323,153.140646,-9418.149754
945.403248,38.285162,114.855485,-9418.149754
945.403875,57.427742,133.998066,-9360.722011
945.404503,38.285162,114.855485,-9418.149754
945.405130,95.712904,114.855485,-9418.149754
945.405757,95.712904,114.855485,-9418.149754
945.406385,133.998066,172.283227,-9418.149754
945.407012,95.712904,172.283227,-9360.722011
945.407639,133.998066,114.855485,-9418.149754
945.408266,76.570323,114.855485,-9418.149754
945.408894,172.283227,172.283227,-9379.864592
945.409521,76.570323,114.855485,-9418.149754
945.410148,172.283227,114.855485,-9379.864592
945.410776,76.570323,114.855485,-9418.149754
945.411403,76.570323,114.855485,-9418.149754
945.412030,38.285162,153.140646,-9418.149754
945.412658,76.570323,153.140646,-9418.149754
945.413285,133.998066,114.855485,-9418.149754
945.413912,95.712904,133.998066,-9418.149754
945.414540,95.712904,114.855485,-9456.434915
945.415167,133.998066,153.140646,-9418.149754
945.415794,133.998066,114.855485,-9418.149754
945.416422,133.998066,172.283227,-9418.149754
945.417049,133.998066,114.855485,-9456.434915
945.417676,133.998066,114.855485,-9418.149754
945.418303,95.712904,133.998066,-9360.722011
945.418931,172.283227,172.283227,-9379.864592
945.419558,133.998066,114.855485,-9418.149754
945.420185,95.712904,95.712904,-9399.007173
945.420813,38.285162,114.855485,-9418.149754
945.421440,133.998066,153.140646,-9418.149754
945.422067,133.998066,114.855485,-9418.149754
945.422695,76.570323,114.855485,-9437.292334
945.423322,133.998066,114.855485,-9418.149754
945.423949,95.712904,133.998066,-9360.722011
945.424577,95.712904,114.855485,-9418.149754
945.425204,95.712904,133.998066,-9341.579430
945.425831,76.570323,114.855485,-9418.149754
945.426458,95.712904,133.998066,-9360.722011
945.427086,133.998066,114.855485,-9418.149754
945.427713,133.998066,76.570323,-9399.007173
945.428340,57.427742,95.712904,-9399.007173
945.428968,133.998066,114.855485,-9418.149754
945.429595,38.285162,114.855485,-9418.149754
945.430222,76.570323,172.283227,-9418.149754
945.430850,172.283227,76.570323,-9437.292334
945.431477,76.570323,114.855485,-9418.149754
945.432104,76.570323,114.855485,-9418.149754
945.432732,76.570323,229.710970,-9456.434915
945.433359,76.570323,153.140646,-9418.149754
945.433986,95.712904,172.283227,-9456.434915
945.434613,133.998066,153.140646,-9437.292334
945.435241,133.998066,114.855485,-9418.149754
945.435868,76.570323,114.855485,-9418.149754
945.436495,133.998066,114.855485,-9418.149754
945.437123,114.855485,133.998066,-9360.722011
945.437750,133.998066,114.855485,-9418.149754
945.438377,38.285162,76.570323,-9379.864592
945.439005,57.427742,133.998066,-9418.149754
945.439632,133.998066,114.855485,-9456.434915
945.440259,76.570323,114.855485,-9418.149754
945.440887,133.998066,114.855485,-9418.149754
945.441514,133.998066,153.140646,-9418.149754
945.442141,133.998066,114.855485,-9418.149754
945.442769,76.570323,114.855485,-9418.149754
945.443396,76.570323,114.855485,-9418.149754
945.444023,133.998066,114.855485,-9418.149754
945.444650,133.998066,114.855485,-9418.149754
945.445278,114.855485,76.570323,-9418.149754
945.445905,57.427742,114.855485,-9418.149754
945.446532,38.285162,114.855485,-9418.149754
945.447160,95.712904,114.855485,-9437.292334
945.447787,133.998066,172.283227,-9437.292334
945.448414,76.570323,172.283227,-9418.149754
945.449042,133.998066,114.855485,-9456.434915
945.449669,76.570323,172.283227,-9418.149754
945.450296,76.570323,114.855485,-9418.149754
945.450924,153.140646,133.998066,-9399.007173
945.451551,76.570323,172.283227,-9418.149754
945.452178,38.285162,153.140646,-9418.149754
945.452805,38.285162,114.855485,-9437.292334
945.453433,133.998066,114.855485,-9475.577496
945.454060,114.855485,95.712904,-9399.007173
945.454687,76.570323,153.140646,-9418.149754
945.455315,57.427742,153.140646,-9418.149754
945.455942,76.570323,153.140646,-9360.722011
945.456569,95.712904,133.998066,-9360.722011
945.457197,153.140646,133.998066,-9399.007173
945.457824,133.998066,172.283227,-9418.149754
945.458451,133.998066,114.855485,-9418.149754
945.459079,114.855485,133.998066,-9360.722011
945.459706,133.998066,114.855485,-9418.149754
945.460334,76.570323,114.855485,-9418.149754
945.460961,133.998066,114.855485,-9418.149754
945.461589,133.998066,114.855485,-9418.149754
945.462216,76.570323,153.140646,-9418.149754
945.462844,133.998066,153.140646,-9418.149754
945.463471,133.998066,172.283227,-9475.577496
945.464099,95.712904,133.998066,-9360.722011
945.464726,76.570323,114.855485,-9418.149754
945.465353,133.998066,114.855485,-9456.434915
945.465981,57.427742,133.998066,-9418.149754
945.466608,95.712904,114.855485,-9418.149754
945.467236,95.712904,172.283227,-9360.722011
945.467863,133.998066,114.855485,-9418.149754
945.468491,133.998066,114.855485,-9418.149754
945.469118,19.142581,114.855485,-9418.149754
945.469746,38.285162,114.855485,-9418.149754
945.470373,172.283227,76.570323,-9418.149754
945.471001,114.855485,172.283227,-9284.151688
945.471628,133.998066,114.855485,-9418.149754
945.472256,133.998066,153.140646,-9418.149754
945.472883,76.570323,114.855485,-9418.149754
945.473510,133.998066,172.283227,-9418.149754
945.474138,76.570323,153.140646,-9418.149754
945.474765,95.712904,95.712904,-9399.007173
945.475393,38.285162,172.283227,-9418.149754
945.476020,133.998066,133.998066,-9456.434915
945.476648,114.855485,95.712904,-9399.007173
945.477275,172.283227,76.570323,-9418.149754
945.477903,114.855485,95.712904,-9437.292334
945.478530,114.855485,95.712904,-9399.007173
945.479158,76.570323,133.998066,-9360.722011
945.479785,95.712904,95.712904,-9399.007173
945.480413,114.855485,114.855485,-9437.292334
945.481040,153.140646,172.283227,-9399.007173
945.481667,76.570323,210.568389,-9418.149754
945.482295,153.140646,153.140646,-9399.007173
945.482922,76.570323,114.855485,-9418.149754
945.483550,95.712904,172.283227,-9418.149754
945.484177,76.570323,114.855485,-9418.149754
945.484805,76.570323,114.855485,-9437.292334
945.485432,76.570323,114.855485,-9360.722011
945.486060,76.570323,114.855485,-9418.149754
945.486687,153.140646,153.140646,-9399.007173
945.487315,133.998066,172.283227,-9418.149754
945.487942,76.570323,114.855485,-9418.149754
945.488570,133.998066,114.855485,-9360.722011
945.489197,76.570323,114.855485,-9418.149754
945.489824,114.855485,133.998066,-9360.722011
945.490452,76.570323,114.855485,-9418.149754
945.491079,95.712904,153.140646,-9418.149754
945.491707,114.855485,172.283227,-9399.007173
945.492334,133.998066,172.283227,-9418.149754
945.492962,38.285162,172.283227,-9418.149754
945.493589,57.427742,95.712904,-9399.007173
945.494217,76.570323,114.855485,-9418.149754
945.494844,133.998066,172.283227,-9418.149754
945.495472,153.140646,133.998066,-9399.007173
945.496099,133.998066,114.855485,-9437.292334
945.496727,172.283227,153.140646,-9379.864592
945.497354,133.998066,114.855485,-9418.149754
945.497981,114.855485,191.425808,-9360.722011
945.498609,95.712904,133.998066,-9418.149754
945.499236,133.998066,114.855485,-9418.149754
945.499864,133.998066,114.855485,-9418.149754
945.500491,133.998066,172.283227,-9418.149754
945.501119,153.140646,114.855485,-9418.149754
945.501746,76.570323,172.283227,-9418.149754
945.502374,133.998066,191.425808,-9437.292334
945.503001,133.998066,114.855485,-9437.292334
945.503629,95.712904,114.855485,-9399.007173
945.504256,133.998066,133.998066,-9399.007173
945.504884,38.285162,210.568389,-9418.149754
945.505511,114.855485,95.712904,-9399.007173
945.506138,114.855485,133.998066,-9360.722011
945.506766,133.998066,172.283227,-9418.149754
945.507393,114.855485,133.998066,-9360.722011
945.508021,76.570323,153.140646,-9437.292334
945.508648,38.285162,172.283227,-9360.722011
945.509276,76.570323,172.283227,-9418.149754
945.509903,76.570323,114.855485,-9418.149754
945.510531,114.855485,153.140646,-9360.722011
945.511158,114.855485,133.998066,-9418.149754
945.511786,95.712904,153.140646,-9360.722011
945.512413,38.285162,172.283227,-9456.434915
945.513041,133.998066,133.998066,-9437.292334
945.513668,133.998066,172.283227,-9418.149754
945.514295,76.570323,114.855485,-9418.149754
945.514923,153.140646,191.425808,-9494.720077
945.515550,95.712904,114.855485,-9456.434915
945.516178,95.712904,114.855485,-9418.149754
945.516805,76.570323,114.855485,-9437.292334
945.517433,95.712904,95.712904,-9399.007173
945.518060,95.712904,95.712904,-9399.007173
945.518688,38.285162,172.283227,-9418.149754
945.519315,153.140646,133.998066,-9456.434915
945.519943,133.998066,153.140646,-9418.149754
945.520570,76.570323,114.855485,-9437.292334
945.521197,133.998066,114.855485,-9360.722011
945.521825,76.570323,114.855485,-9418.149754
945.522452,133.998066,153.140646,-9418.149754
945.523080,95.712904,210.568389,-9360.722011
945.523707,133.998066,114.855485,-9418.149754
945.524335,133.998066,114.855485,-9437.292334
945.524962,95.712904,95.712904,-9399.007173
945.525590,76.570323,172.283227,-9437.292334
945.526217,95.712904,114.855485,-9418.149754
945.526845,133.998066,172.283227,-9418.149754
945.527472,133.998066,172.283227,-9418.149754
945.528100,76.570323,114.855485,-9456.434915
945.528727,38.285162,114.855485,-9456.434915
945.529354,95.712904,95.712904,-9437.292334
945.529982,114.855485,76.570323,-9418.149754
945.530609,76.570323,76.570323,-9322.436850
945.531237,76.570323,114.855485,-9418.149754
945.531864,38.285162,114.855485,-9437.292334
945.532492,76.570323,114.855485,-9418.149754
945.533119,114.855485,172.283227,-9360.722011
945.533747,76.570323,114.855485,-9418.149754
945.534374,76.570323,153.140646,-9418.149754
945.535002,114.855485,133.998066,-9360.722011
945.535629,76.570323,172.283227,-9418.149754
945.536257,76.570323,114.855485,-9360.722011
945.536884,95.712904,133.998066,-9360.722011
945.537511,95.712904,172.283227,-9360.722011
945.538139,133.998066,172.283227,-9418.149754
945.538766,76.570323,153.140646,-9418.149754
945.539394,133.998066,153.140646,-9418.149754
945.540021,38.285162,114.855485,-9418.149754
945.540649,76.570323,114.855485,-9418.149754
945.541276,38.285162,172.283227,-9360.722011
945.541904,76.570323,172.283227,-9437.292334
945.542531,76.570323,114.855485,-9418.149754
945.543159,76.570323,172.283227,-9418.149754
945.543786,133.998066,114.855485,-9437.292334
945.544414,114.855485,133.998066,-9360.722011
945.545041,76.570323,76.570323,-9379.864592
945.545668,76.570323,76.570323,-9379.864592
945.546296,133.998066,153.140646,-9418.149754
945.546923,133.998066,114.855485,-9418.149754
945.547551,133.998066,172.283227,-9418.149754
945.548178,172.283227,114.855485,-9379.864592
945.548806,76.570323,114.855485,-9418.149754
945.549433,114.855485,133.998066,-9360.722011
945.550061,76.570323,172.283227,-9418.149754
945.550688,38.285162,133.998066,-9379.864592
945.551316,95.712904,95.712904,-9399.007173
945.551943,76.570323,133.998066,-9379.864592
945.552571,76.570323,172.283227,-9418.149754
945.553198,153.140646,153.140646,-9399.007173
945.553825,114.855485,172.283227,-9360.722011
945.554453,133.998066,172.283227,-9533.005238
945.555080,76.570323,172.283227,-9475.577496
945.555708,133.998066,153.140646,-9418.149754
945.556335,95.712904,95.712904,-9456.434915
945.556963,95.712904,114.855485,-9399.007173
945.557590,133.998066,210.568389,-9418.149754
945.558218,133.998066,114.855485,-9399.007173
945.558845,133.998066,114.855485,-9418.149754
945.559473,76.570323,76.570323,-9379.864592
945.560100,76.570323,114.855485,-9418.149754
945.560727,76.570323,114.855485,-9437.292334
945.561355,38.285162,114.855485,-9418.149754
945.561982,76.570323,114.855485,-9418.149754
945.562610,76.570323,172.283227,-9418.149754
945.563237,38.285162,114.855485,-9418.149754
945.563864,95.712904,133.998066,-9360.722011
945.564492,76.570323,114.855485,-9418.149754
945.565119,57.427742,133.998066,-9360.722011
945.565747,133.998066,210.568389,-9456.434915
945.566374,114.855485,133.998066,-9418.149754
945.567001,38.285162,153.140646,-9418.149754
945.567629,133.998066,114.855485,-9437.292334
945.568256,76.570323,153.140646,-9418.149754
945.568884,133.998066,172.283227,-9418.149754
945.569511,114.855485,95.712904,-9399.007173
945.570139,95.712904,153.140646,-9418.149754
945.570766,114.855485,95.712904,-9399.007173
945.571393,133.998066,133.998066,-9437.292334
945.572021,133.998066,114.855485,-9456.434915
945.572648,76.570323,172.283227,-9418.149754
945.573276,76.570323,114.855485,-9418.149754
945.573903,133.998066,114.855485,-9418.149754
945.574530,95.712904,95.712904,-9399.007173
945.575158,133.998066,153.140646,-9399.007173
945.575785,38.285162,114.855485,-9418.149754
945.576413,133.998066,114.855485,-9418.149754
945.577040,57.427742,133.998066,-9360.722011
945.577668,76.570323,172.283227,-9418.149754
945.578295,133.998066,153.140646,-9456.434915
945.578922,114.855485,133.998066,-9360.722011
945.579550,95.712904,95.712904,-9399.007173
945.580177,76.570323,114.855485,-9418.149754
945.580805,95.712904,95.712904,-9399.007173
945.581432,114.855485,95.712904,-9456.434915
945.582059,76.570323,114.855485,-9456.434915
945.582687,76.570323,172.283227,-9418.149754
945.583314,133.998066,153.140646,-9418.149754
945.583942,76.570323,153.140646,-9456.434915
945.584569,76.570323,153.140646,-9437.292334
945.585196,133.998066,114.855485,-9418.149754
945.585824,76.570323,114.855485,-9418.149754
945.586451,76.570323,153.140646,-9418.149754
945.587079,38.285162,114.855485,-9418.149754
945.587706,76.570323,114.855485,-9418.149754
945.588334,95.712904,153.140646,-9360.722011
945.588961,76.570323,95.712904,-9456.434915
945.589588,114.855485,133.998066,-9360.722011
945.590216,153.140646,114.855485,-9418.149754
945.590843,95.712904,114.855485,-9418.149754
945.591471,133.998066,114.855485,-9418.149754
945.592098,133.998066,114.855485,-9418.149754
945.592725,133.998066,172.283227,-9437.292334
945.593353,114.855485,172.283227,-9360.722011
945.593980,133.998066,114.855485,-9418.149754
945.594608,133.998066,114.855485,-9418.149754
945.595235,133.998066,133.998066,-9399.007173
945.595862,133.998066,114.855485,-9418.149754
945.596490,38.285162,114.855485,-9418.149754
945.597117,133.998066,210.568389,-9418.149754
945.597745,133.998066,210.568389,-9418.149754
945.598372,114.855485,153.140646,-9379.864592
945.599000,76.570323,172.283227,-9418.149754
945.599627,57.427742,153.140646,-9360.722011
945.600254,114.855485,133.998066,-9360.722011
945.600882,153.140646,133.998066,-9399.007173
945.601509,76.570323,114.855485,-9456.434915
945.602137,133.998066,153.140646,-9456.434915
945.602764,153.140646,133.998066,-9399.007173
945.603391,153.140646,191.425808,-9399.007173
945.604019,95.712904,114.855485,-9418.149754
945.604646,133.998066,114.855485,-9418.149754
945.605274,114.855485,172.283227,-9360.722011
945.605901,153.140646,172.283227,-9399.007173
945.606528,133.998066,114.855485,-9418.149754
945.607156,133.998066,172.283227,-9418.149754
945.607783,133.998066,114.855485,-9418.149754
945.608411,133.998066,210.568389,-9379.864592
945.609038,114.855485,153.140646,-9360.722011
945.609666,38.285162,153.140646,-9418.149754
945.610293,76.570323,114.855485,-9437.292334
945.610920,38.285162,114.855485,-9418.149754
945.611548,38.285162,153.140646,-9418.149754
945.612175,133.998066,172.283227,-9418.149754
945.612803,153.140646,153.140646,-9418.149754
945.613430,95.712904,133.998066,-9360.722011
945.614057,172.283227,76.570323,-9418.149754
945.614685,38.285162,172.283227,-9399.007173
945.615312,76.570323,114.855485,-9418.149754
945.615940,153.140646,114.855485,-9456.434915
945.616567,133.998066,153.140646,-9418.149754
945.617195,133.998066,153.140646,-9418.149754
945.617822,95.712904,133.998066,-9360.722011
945.618449,133.998066,114.855485,-9418.149754
945.619077,95.712904,95.712904,-9456.434915
945.619704,76.570323,153.140646,-9418.149754
945.620332,76.570323,114.855485,-9418.149754
945.620959,95.712904,133.998066,-9360.722011
945.621586,114.855485,133.998066,-9360.722011
945.622214,133.998066,114.855485,-9418.149754
945.622841,76.570323,153.140646,-9418.149754
945.623469,133.998066,114.855485,-9456.434915
945.624096,153.140646,172.283227,-9399.007173
945.624723,76.570323,114.855485,-9418.149754
945.625351,57.427742,114.855485,-9418.149754
945.625978,95.712904,153.140646,-9360.722011
945.626606,133.998066,133.998066,-9399.007173
945.627233,95.712904,191.425808,-9360.722011
945.627861,76.570323,114.855485,-9418.149754
945.628488,76.570323,153.140646,-9456.434915
945.629115,76.570323,191.425808,-9360.722011
945.629743,133.998066,114.855485,-9360.722011
945.630370,153.140646,153.140646,-9418.149754
945.630998,76.570323,153.140646,-9418.149754
945.631625,133.998066,172.283227,-9418.149754
945.632252,57.427742,133.998066,-9360.722011
945.632880,114.855485,76.570323,-9418.149754
945.633507,76.570323,114.855485,-9456.434915
945.634135,133.998066,114.855485,-9456.434915
945.634762,153.140646,172.283227,-9456.434915
945.635389,76.570323,114.855485,-9418.149754
945.636017,114.855485,95.712904,-9399.007173
945.636644,76.570323,114.855485,-9418.149754
945.637272,76.570323,114.855485,-9418.149754
945.637899,133.998066,153.140646,-9456.434915
945.638527,133.998066,114.855485,-9418.149754
945.639154,76.570323,114.855485,-9418.149754
945.639781,76.570323,133.998066,-9360.722011
945.640409,76.570323,114.855485,-9418.149754
945.641036,38.285162,114.855485,-9437.292334
945.641664,76.570323,153.140646,-9418.149754
945.642291,76.570323,172.283227,-9456.434915
945.642918,38.285162,114.855485,-9418.149754
945.643546,133.998066,172.283227,-9418.149754
945.644173,38.285162,172.283227,-9418.149754
945.644801,76.570323,114.855485,-9418.149754
945.645428,76.570323,114.855485,-9418.149754
945.646056,57.427742,95.712904,-9494.720077
945.646683,133.998066,114.855485,-9437.292334
945.647310,153.140646,133.998066,-9456.434915
945.647938,153.140646,153.140646,-9399.007173
945.648565,114.855485,95.712904,-9494.720077
945.649193,133.998066,172.283227,-9399.007173
945.649820,172.283227,153.140646,-9379.864592
945.650447,76.570323,172.283227,-9437.292334
945.651075,38.285162,114.855485,-9418.149754
945.651702,38.285162,153.140646,-9418.149754
945.652330,76.570323,114.855485,-9456.434915
945.652957,38.285162,153.140646,-9418.149754
945.653584,38.285162,114.855485,-9418.149754
945.654212,133.998066,114.855485,-9418.149754
945.654839,133.998066,172.283227,-9418.149754
945.655467,76.570323,172.283227,-9418.149754
945.656094,95.712904,114.855485,-9437.292334
945.656722,95.712904,114.855485,-9399.007173
945.657349,133.998066,153.140646,-9418.149754
945.657976,133.998066,114.855485,-9437.292334
945.658604,133.998066,133.998066,-9399.007173
945.659231,76.570323,114.855485,-9418.149754
945.659859,133.998066,114.855485,-9418.149754
945.660486,76.570323,172.283227,-9418.149754
945.661114,76.570323,114.855485,-9418.149754
945.661741,133.998066,114.855485,-9418.149754
945.662368,76.570323,114.855485,-9418.149754
945.662996,38.285162,153.140646,-9418.149754
945.663623,76.570323,95.712904,-9456.434915
945.664251,95.712904,153.140646,-9494.720077
945.664878,38.285162,114.855485,-9418.149754
945.665506,133.998066,114.855485,-9437.292334
945.666133,114.855485,76.570323,-9456.434915
945.666761,76.570323,153.140646,-9418.149754
945.667388,95.712904,153.140646,-9360.722011
945.668015,95.712904,114.855485,-9418.149754
945.668643,133.998066,172.283227,-9418.149754
945.669270,38.285162,172.283227,-9418.149754
945.669898,133.998066,210.568389,-9418.149754
945.670525,172.283227,76.570323,-9418.149754
945.671153,114.855485,95.712904,-9399.007173
945.671780,133.998066,133.998066,-9475.577496
945.672408,133.998066,153.140646,-9418.149754
945.673035,95.712904,133.998066,-9360.722011
945.673662,57.427742,133.998066,-9360.722011
945.674290,153.140646,133.998066,-9399.007173
945.674917,38.285162,114.855485,-9418.149754
945.675545,76.570323,153.140646,-9418.149754
945.676172,57.427742,95.712904,-9399.007173
945.676800,76.570323,95.712904,-9399.007173
945.677427,95.712904,133.998066,-9322.436850
945.678055,95.712904,229.710970,-9418.149754
945.678682,95.712904,133.998066,-9360.722011
945.679309,133.998066,114.855485,-9418.149754
945.679937,76.570323,229.710970,-9418.149754
945.680564,76.570323,172.283227,-9418.149754
945.681192,38.285162,172.283227,-9418.149754
945.681819,114.855485,153.140646,-9360.722011
945.682447,114.855485,153.140646,-9379.864592
945.683074,133.998066,114.855485,-9418.149754
945.683701,114.855485,95.712904,-9437.292334
945.684329,95.712904,95.712904,-9399.007173
945.684956,114.855485,95.712904,-9399.007173
945.685584,133.998066,114.855485,-9418.149754
945.686211,38.285162,114.855485,-9456.434915
945.686839,114.855485,133.998066,-9360.722011
945.687466,76.570323,114.855485,-9418.149754
945.688094,38.285162,153.140646,-9418.149754
945.688721,76.570323,210.568389,-9418.149754
945.689348,0.000000,133.998066,-9360.722011
945.689976,133.998066,210.568389,-9456.434915
945.690603,95.712904,95.712904,-9399.007173
945.691231,133.998066,172.283227,-9437.292334
945.691858,153.140646,114.855485,-9418.149754
945.692486,153.140646,172.283227,-9399.007173
945.693113,114.855485,210.568389,-9360.722011
945.693741,95.712904,153.140646,-9360.722011
945.694368,76.570323,153.140646,-9475.577496
945.694995,133.998066,210.568389,-9437.292334
945.695623,76.570323,114.855485,-9418.149754
945.696250,57.427742,95.712904,-9399.007173
945.696878,133.998066,114.855485,-9418.149754
945.697505,133.998066,153.140646,-9399.007173
945.698133,76.570323,153.140646,-9418.149754
945.698760,153.140646,114.855485,-9360.722011
945.699388,172.283227,153.140646,-9379.864592
945.700015,133.998066,114.855485,-9437.292334
945.700642,172.283227,76.570323,-9437.292334
945.701270,76.570323,210.568389,-9418.149754
945.701897,114.855485,76.570323,-9360.722011
945.702525,172.283227,114.855485,-9379.864592
945.703152,133.998066,114.855485,-9418.149754
945.703780,153.140646,133.998066,-9399.007173
945.704407,95.712904,133.998066,-9360.722011
945.705035,114.855485,95.712904,-9399.007173
945.705662,38.285162,114.855485,-9418.149754
945.706289,76.570323,114.855485,-9456.434915
945.706917,95.712904,95.712904,-9399.007173
945.707544,76.570323,172.283227,-9418.149754
945.708172,57.427742,172.283227,-9418.149754
945.708799,38.285162,114.855485,-9418.149754
945.709427,133.998066,76.570323,-9379.864592
945.710054,114.855485,114.855485,-9456.434915
945.710682,133.998066,114.855485,-9418.149754
945.711309,133.998066,172.283227,-9418.149754
945.711936,133.998066,133.998066,-9456.434915
945.712564,114.855485,95.712904,-9399.007173
945.713191,76.570323,133.998066,-9360.722011
945.713819,38.285162,114.855485,-9418.149754
945.714446,114.855485,95.712904,-9399.007173
945.715074,133.998066,172.283227,-9437.292334
945.715701,133.998066,114.855485,-9418.149754
945.716329,114.855485,95.712904,-9399.007173
945.716956,95.712904,95.712904,-9399.007173
945.717583,76.570323,114.855485,-9418.149754
945.718211,76.570323,114.855485,-9437.292334
945.718838,76.570323,172.283227,-9418.149754
945.719466,95.712904,172.283227,-9418.149754
945.720093,133.998066,114.855485,-9437.292334
945.720721,76.570323,172.283227,-9456.434915
945.721348,38.285162,172.283227,-9418.149754
945.721976,133.998066,114.855485,-9418.149754
945.722603,76.570323,114.855485,-9437.292334
945.723230,114.855485,95.712904,-9399.007173
945.723858,133.998066,114.855485,-9360.722011
945.724485,153.140646,248.853550,-9399.007173
945.725113,57.427742,172.283227,-9360.722011
945.725740,95.712904,210.568389,-9360.722011
945.726368,76.570323,153.140646,-9418.149754
945.726995,76.570323,210.568389,-9418.149754
945.727623,114.855485,172.283227,-9379.864592
945.728250,133.998066,133.998066,-9379.864592
945.728877,38.285162,114.855485,-9418.149754
945.729505,114.855485,172.283227,-9360.722011
945.730132,76.570323,153.140646,-9437.292334
945.730760,76.570323,153.140646,-9418.149754
945.731387,133.998066,172.283227,-9399.007173
945.732015,133.998066,114.855485,-9437.292334
945.732642,114.855485,95.712904,-9399.007173
945.733269,38.285162,191.425808,-9418.149754
945.733897,76.570323,114.855485,-9418.149754
945.734524,153.140646,133.998066,-9399.007173
945.735152,133.998066,172.283227,-9418.149754
945.735779,76.570323,114.855485,-9437.292334
945.736407,95.712904,114.855485,-9437.292334
945.737034,114.855485,133.998066,-9437.292334
945.737662,133.998066,114.855485,-9418.149754
945.738289,133.998066,133.998066,-9456.434915
945.738916,95.712904,95.712904,-9456.434915
945.739544,133.998066,172.283227,-9418.149754
945.740171,38.285162,153.140646,-9418.149754
945.740799,76.570323,172.283227,-9418.149754
945.741426,114.855485,133.998066,-9360.722011
945.742054,114.855485,153.140646,-9360.722011
945.742681,133.998066,210.568389,-9418.149754
945.743309,133.998066,114.855485,-9418.149754
945.743936,38.285162,172.283227,-9418.149754
945.744563,76.570323,172.283227,-9418.149754
945.745191,133.998066,114.855485,-9418.149754
945.745818,114.855485,95.712904,-9399.007173
945.746446,133.998066,114.855485,-9418.149754
945.747073,76.570323,172.283227,-9418.149754
945.747701,76.570323,153.140646,-9456.434915
945.748328,210.568389,133.998066,-9456.434915
945.748956,114.855485,95.712904,-9399.007173
945.749583,95.712904,114.855485,-9456.434915
945.750210,38.285162,153.140646,-9418.149754
945.750838,133.998066,153.140646,-9418.149754
945.751465,133.998066,114.855485,-9418.149754
945.752093,133.998066,76.570323,-9379.864592
945.752720,76.570323,133.998066,-9360.722011
945.753348,153.140646,133.998066,-9399.007173
945.753975,95.712904,95.712904,-9399.007173
945.754603,76.570323,114.855485,-9418.149754
945.755230,38.285162,76.570323,-9379.864592
945.755857,76.570323,114.855485,-9418.149754
945.756485,57.427742,95.712904,-9379.864592
945.757112,76.570323,114.855485,-9418.149754
945.757740,76.570323,114.855485,-9418.149754
945.758367,76.570323,114.855485,-9418.149754
945.758995,57.427742,172.283227,-9360.722011
945.759622,57.427742,133.998066,-9341.579430
945.760250,76.570323,114.855485,-9418.149754
945.760877,76.570323,114.855485,-9437.292334
945.761504,133.998066,114.855485,-9418.149754
945.762132,153.140646,114.855485,-9456.434915
945.762759,172.283227,114.855485,-9379.864592
945.763387,76.570323,76.570323,-9379.864592
945.764014,95.712904,191.425808,-9360.722011
945.764642,95.712904,210.568389,-9418.149754
945.765269,95.712904,114.855485,-9494.720077
945.765897,95.712904,114.855485,-9418.149754
945.766524,133.998066,114.855485,-9418.149754
945.767152,76.570323,172.283227,-9418.149754
945.767779,114.855485,153.140646,-9360.722011
945.768406,153.140646,172.283227,-9399.007173
945.769034,153.140646,133.998066,-9399.007173
945.769661,133.998066,114.855485,-9418.149754
945.770289,133.998066,114.855485,-9418.149754
945.770916,76.570323,172.283227,-9418.149754
945.771544,133.998066,133.998066,-9475.577496
945.772171,172.283227,76.570323,-9437.292334
945.772799,38.285162,172.283227,-9437.292334
945.773426,76.570323,153.140646,-9418.149754
945.774053,95.712904,95.712904,-9494.720077
945.774681,38.285162,114.855485,-9418.149754
945.775308,76.570323,172.283227,-9418.149754
945.775936,38.285162,210.568389,-9418.149754
945.776563,114.855485,153.140646,-9360.722011
945.777191,95.712904,133.998066,-9360.722011
945.777818,133.998066,114.855485,-9418.149754
945.778446,133.998066,114.855485,-9418.149754
945.779073,57.427742,133.998066,-9360.722011
945.779700,76.570323,114.855485,-9456.434915
945.780328,38.285162,153.140646,-9418.149754
945.780955,76.570323,191.425808,-9418.149754
945.781583,76.570323,114.855485,-9418.149754
945.782210,76.570323,114.855485,-9418.149754
945.782838,153.140646,172.283227,-9437.292334
945.783465,95.712904,95.712904,-9399.007173
945.784093,76.570323,172.283227,-9418.149754
945.784720,133.998066,153.140646,-9437.292334
945.785348,133.998066,114.855485,-9418.149754
945.785975,133.998066,153.140646,-9418.149754
945.786602,76.570323,76.570323,-9379.864592
945.787230,133.998066,172.283227,-9418.149754
945.787857,133.998066,210.568389,-9437.292334
945.788485,133.998066,153.140646,-9418.149754
945.789112,133.998066,191.425808,-9418.149754
945.789740,133.998066,114.855485,-9360.722011
945.790367,57.427742,114.855485,-9418.149754
945.790995,95.712904,133.998066,-9360.722011
945.791622,76.570323,114.855485,-9418.149754
945.792249,76.570323,172.283227,-9418.149754
945.792877,133.998066,114.855485,-9418.149754
945.793504,76.570323,114.855485,-9418.149754
945.794132,153.140646,114.855485,-9418.149754
945.794759,133.998066,172.283227,-9418.149754
945.795387,38.285162,191.425808,-9418.149754
945.796014,95.712904,114.855485,-9418.149754
945.796642,133.998066,133.998066,-9379.864592
945.797269,76.570323,172.283227,-9418.149754
945.797896,76.570323,114.855485,-9437.292334
945.798524,76.570323,114.855485,-9418.149754
945.799151,57.427742,172.283227,-9418.149754
945.799779,95.712904,153.140646,-9341.579430
945.800406,114.855485,133.998066,-9360.722011
945.801034,114.855485,133.998066,-9360.722011
945.801661,133.998066,114.855485,-9418.149754
945.802289,76.570323,153.140646,-9418.149754
945.802916,133.998066,210.568389,-9418.149754
945.803544,76.570323,114.855485,-9418.149754
945.804171,95.712904,133.998066,-9360.722011
945.804798,95.712904,191.425808,-9360.722011
945.805426,133.998066,114.855485,-9418.149754
945.806053,114.855485,210.568389,-9379.864592
945.806681,38.285162,114.855485,-9418.149754
945.807308,133.998066,172.283227,-9418.149754
945.807936,38.285162,172.283227,-9418.149754
945.808563,114.855485,95.712904,-9456.434915
945.809191,19.142581,172.283227,-9418.149754
945.809818,95.712904,95.712904,-9456.434915
945.810445,153.140646,210.568389,-9399.007173
945.811073,57.427742,153.140646,-9360.722011
945.811700,76.570323,114.855485,-9418.149754
945.812328,38.285162,172.283227,-9456.434915
945.812955,133.998066,172.283227,-9418.149754
945.813583,76.570323,172.283227,-9437.292334
945.814210,38.285162,210.568389,-9418.149754
945.814838,76.570323,114.855485,-9418.149754
945.815465,76.570323,114.855485,-9494.720077
945.816093,95.712904,95.712904,-9399.007173
945.816720,38.285162,114.855485,-9418.149754
945.817347,153.140646,133.998066,-9456.434915
945.817975,133.998066,153.140646,-9418.149754
945.818602,114.855485,133.998066,-9360.722011
945.819230,76.570323,114.855485,-9456.434915
945.819857,57.427742,153.140646,-9360.722011
945.820485,57.427742,153.140646,-9418.149754
945.821112,38.285162,114.855485,-9418.149754
945.821740,76.570323,114.855485,-9418.149754
945.822367,95.712904,95.712904,-9437.292334
945.822994,38.285162,114.855485,-9437.292334
945.823622,95.712904,95.712904,-9399.007173
945.824249,95.712904,172.283227,-9437.292334
945.824877,0.000000,133.998066,-9360.722011
945.825504,76.570323,153.140646,-9437.292334
945.826132,133.998066,114.855485,-9456.434915
945.826759,76.570323,114.855485,-9418.149754
945.827387,38.285162,114.855485,-9418.149754
945.828014,76.570323,133.998066,-9360.722011
945.828641,133.998066,153.140646,-9360.722011
945.829269,38.285162,172.283227,-9418.149754
945.829896,95.712904,172.283227,-9418.149754
945.830524,19.142581,114.855485,-9418.149754
945.831151,38.285162,76.570323,-9379.864592
945.831779,133.998066,114.855485,-9418.149754
945.832406,76.570323,114.855485,-9418.149754
945.833034,133.998066,172.283227,-9437.292334
945.833661,153.140646,172.283227,-9399.007173
945.834289,153.140646,153.140646,-9456.434915
945.834916,76.570323,210.568389,-9418.149754
945.835543,133.998066,114.855485,-9418.149754
945.836171,95.712904,153.140646,-9418.149754
945.836798,76.570323,153.140646,-9418.149754
945.837426,76.570323,114.855485,-9418.149754
945.838053,76.570323,172.283227,-9456.434915
945.838681,153.140646,114.855485,-9360.722011
945.839308,95.712904,133.998066,-9360.722011
945.839936,153.140646,133.998066,-9399.007173
945.840563,133.998066,114.855485,-9418.149754
945.841190,38.285162,114.855485,-9475.577496
945.841818,95.712904,95.712904,-9456.434915
945.842445,76.570323,153.140646,-9418.149754
945.843073,133.998066,133.998066,-9456.434915
945.843700,133.998066,210.568389,-9418.149754
945.844328,133.998066,153.140646,-9418.149754
945.844955,153.140646,133.998066,-9399.007173
945.845583,114.855485,95.712904,-9379.864592
945.846210,133.998066,114.855485,-9418.149754
945.846837,133.998066,114.855485,-9418.149754
945.847465,133.998066,114.855485,-9437.292334
945.848092,114.855485,76.570323,-9418.149754
945.848720,76.570323,76.570323,-9379.864592
945.849347,153.140646,153.140646,-9418.149754
945.849975,133.998066,114.855485,-9456.434915
945.850602,57.427742,95.712904,-9399.007173
945.851230,95.712904,114.855485,-9399.007173
945.851857,133.998066,153.140646,-9456.434915
945.852485,114.855485,95.712904,-9399.007173
945.853112,172.283227,114.855485,-9456.434915
945.853739,76.570323,114.855485,-9418.149754
945.854367,38.285162,153.140646,-9418.149754
945.854994,76.570323,114.855485,-9418.149754
945.855622,133.998066,210.568389,-9456.434915
945.856249,76.570323,210.568389,-9418.149754
945.856877,38.285162,153.140646,-9418.149754
945.857504,38.285162,153.140646,-9418.149754
945.858132,57.427742,133.998066,-9360.722011
945.858759,76.570323,114.855485,-9418.149754
945.859386,133.998066,153.140646,-9456.434915
945.860014,153.140646,153.140646,-9513.862658
945.860641,38.285162,114.855485,-9418.149754
945.861269,114.855485,133.998066,-9360.722011
945.861896,76.570323,114.855485,-9418.149754
945.862524,76.570323,114.855485,-9418.149754
945.863151,153.140646,191.425808,-9399.007173
945.863778,76.570323,114.855485,-9418.149754
945.864406,38.285162,153.140646,-9360.722011
945.865033,133.998066,172.283227,-9418.149754
945.865661,76.570323,133.998066,-9399.007173
945.866288,95.712904,153.140646,-9360.722011
945.866916,76.570323,172.283227,-9418.149754
945.867543,114.855485,133.998066,-9437.292334
945.868170,95.712904,153.140646,-9418.149754
945.868798,133.998066,114.855485,-9418.149754
945.869425,76.570323,114.855485,-9418.149754
945.870053,76.570323,133.998066,-9456.434915
945.870680,76.570323,172.283227,-9418.149754
945.871308,95.712904,191.425808,-9360.722011
945.871935,76.570323,114.855485,-9418.149754
945.872562,114.855485,191.425808,-9360.722011
945.873190,133.998066,153.140646,-9418.149754
945.873817,114.855485,95.712904,-9399.007173
945.874445,133.998066,114.855485,-9418.149754
945.875072,38.285162,210.568389,-9418.149754
945.875700,95.712904,172.283227,-9418.149754
945.876327,57.427742,248.853550,-9360.722011
945.876954,76.570323,153.140646,-9418.149754
945.877582,57.427742,133.998066,-9360.722011
945.878209,114.855485,95.712904,-9456.434915
945.878837,95.712904,133.998066,-9360.722011
945.879464,38.285162,210.568389,-9437.292334
945.880092,38.285162,114.855485,-9418.149754
945.880719,114.855485,95.712904,-9399.007173
945.881346,76.570323,114.855485,-9418.149754
945.881974,76.570323,114.855485,-9437.292334
945.882601,95.712904,95.712904,-9399.007173
945.883229,38.285162,172.283227,-9418.149754
945.883856,38.285162,153.140646,-9418.149754
945.884484,38.285162,114.855485,-9418.149754
945.885111,133.998066,210.568389,-9418.149754
945.885738,153.140646,133.998066,-9399.007173
945.886366,76.570323,114.855485,-9418.149754
945.886993,76.570323,210.568389,-9418.149754
945.887621,133.998066,172.283227,-9418.149754
945.888248,76.570323,153.140646,-9360.722011
945.888876,133.998066,114.855485,-9437.292334
945.889503,38.285162,210.568389,-9418.149754
945.890130,76.570323,114.855485,-9418.149754
945.890758,95.712904,114.855485,-9456.434915
945.891385,114.855485,95.712904,-9456.434915
945.892013,114.855485,114.855485,-9399.007173
945.892640,76.570323,153.140646,-9456.434915
945.893268,133.998066,114.855485,-9418.149754
945.893895,95.712904,114.855485,-9418.149754
945.894522,76.570323,114.855485,-9418.149754
945.895150,133.998066,114.855485,-9456.434915
945.895777,133.998066,114.855485,-9418.149754
945.896405,133.998066,114.855485,-9437.292334
945.897032,133.998066,172.283227,-9418.149754
945.897660,38.285162,114.855485,-9418.149754
945.898287,76.570323,114.855485,-9456.434915
945.898914,76.570323,114.855485,-9418.149754
945.899542,76.570323,114.855485,-9418.149754
945.900169,38.285162,153.140646,-9418.149754
945.900797,38.285162,114.855485,-9418.149754
945.901424,114.855485,133.998066,-9418.149754
945.902052,133.998066,114.855485,-9418.149754
945.902679,133.998066,114.855485,-9437.292334
945.903306,153.140646,133.998066,-9494.720077
945.903934,133.998066,114.855485,-9418.149754
945.904561,172.283227,114.855485,-9379.864592
945.905189,76.570323,210.568389,-9418.149754
945.905816,38.285162,210.568389,-9437.292334
945.906444,95.712904,172.283227,-9418.149754
945.907071,38.285162,210.568389,-9456.434915
945.907698,76.570323,114.855485,-9418.149754
945.908326,133.998066,114.855485,-9494.720077
945.908953,133.998066,114.855485,-9437.292334
945.909581,153.140646,133.998066,-9399.007173
945.910208,76.570323,210.568389,-9418.149754
945.910836,76.570323,210.568389,-9475.577496
945.911463,133.998066,153.140646,-9360.722011
945.912090,153.140646,114.855485,-9418.149754
945.912718,76.570323,114.855485,-9418.149754
945.913345,76.570323,114.855485,-9418.149754
945.913973,38.285162,114.855485,-9418.149754
945.914600,133.998066,114.855485,-9418.149754
945.915228,153.140646,133.998066,-9399.007173
945.915855,57.427742,133.998066,-9341.579430
945.916482,57.427742,95.712904,-9399.007173
945.917110,95.712904,114.855485,-9360.722011
945.917737,133.998066,133.998066,-9399.007173
945.918365,133.998066,210.568389,-9418.149754
945.918992,76.570323,114.855485,-9418.149754
945.919620,133.998066,191.425808,-9418.149754
945.920247,76.570323,114.855485,-9418.149754
945.920874,114.855485,153.140646,-9360.722011
945.921502,133.998066,210.568389,-9437.292334
945.922129,133.998066,114.855485,-9475.577496
945.922757,133.998066,114.855485,-9418.149754
945.923384,172.283227,133.998066,-9418.149754
945.924012,133.998066,172.283227,-9418.149754
945.924639,95.712904,133.998066,-9360.722011
945.925267,95.712904,95.712904,-9399.007173
945.925894,95.712904,57.427742,-9456.434915
945.926521,133.998066,153.140646,-9418.149754
945.927149,133.998066,172.283227,-9456.434915
945.927776,76.570323,172.283227,-9418.149754
945.928404,76.570323,153.140646,-9456.434915
945.929031,76.570323,114.855485,-9418.149754
945.929659,95.712904,95.712904,-9399.007173
945.930286,76.570323,172.283227,-9418.149754
945.930913,38.285162,114.855485,-9418.149754
945.931541,133.998066,153.140646,-9418.149754
945.932168,76.570323,114.855485,-9418.149754
945.932796,38.285162,114.855485,-9418.149754
945.933423,133.998066,114.855485,-9456.434915
945.934051,38.285162,210.568389,-9418.149754
945.934678,114.855485,153.140646,-9360.722011
945.935305,133.998066,114.855485,-9360.722011
945.935933,76.570323,153.140646,-9418.149754
945.936560,76.570323,114.855485,-9418.149754
945.937188,76.570323,229.710970,-9418.149754
945.937815,76.570323,114.855485,-9418.149754
945.938443,95.712904,191.425808,-9418.149754
945.939070,133.998066,191.425808,-9456.434915
945.939697,57.427742,210.568389,-9418.149754
945.940325,133.998066,172.283227,-9418.149754
945.940952,76.570323,114.855485,-9437.292334
945.941580,38.285162,114.855485,-9418.149754
945.942207,76.570323,153.140646,-9418.149754
945.942835,133.998066,153.140646,-9399.007173
945.943462,38.285162,153.140646,-9418.149754
945.944089,76.570323,172.283227,-9418.149754
945.944717,95.712904,210.568389,-9360.722011
945.945344,57.427742,95.712904,-9399.007173
945.945972,153.140646,133.998066,-9399.007173
945.946599,76.570323,114.855485,-9418.149754
945.947227,76.570323,172.283227,-9418.149754
945.947854,76.570323,114.855485,-9437.292334
945.948481,95.712904,95.712904,-9456.434915
945.949109,76.570323,114.855485,-9418.149754
945.949736,95.712904,114.855485,-9418.149754
945.950364,38.285162,114.855485,-9418.149754
945.950991,133.998066,133.998066,-9475.577496
945.951619,153.140646,191.425808,-9399.007173
945.952246,153.140646,133.998066,-9399.007173
945.952873,95.712904,133.998066,-9360.722011
945.953501,133.998066,114.855485,-9418.149754
945.954128,76.570323,114.855485,-9418.149754
945.954756,114.855485,133.998066,-9360.722011
945.955383,153.140646,153.140646,-9399.007173
945.956011,133.998066,114.855485,-9418.149754
945.956638,153.140646,133.998066,-9399.007173
945.957265,76.570323,172.283227,-9418.149754
945.957893,133.998066,153.140646,-9399.007173
945.958520,95.712904,153.140646,-9360.722011
945.959148,38.285162,153.140646,-9418.149754
945.959775,76.570323,114.855485,-9418.149754
945.960402,133.998066,191.425808,-9360.722011
945.961030,76.570323,114.855485,-9418.149754
945.961657,172.283227,172.283227,-9322.436850
945.962285,95.712904,172.283227,-9360.722011
945.962912,153.140646,133.998066,-9399.007173
945.963539,133.998066,153.140646,-9418.149754
945.964167,133.998066,172.283227,-9437.292334
945.964794,76.570323,114.855485,-9418.149754
945.965422,133.998066,114.855485,-9456.434915
945.966049,133.998066,172.283227,-9418.149754
945.966676,76.570323,172.283227,-9418.149754
945.967304,76.570323,114.855485,-9456.434915
945.967931,133.998066,114.855485,-9418.149754
945.968558,76.570323,114.855485,-9418.149754
945.969186,95.712904,133.998066,-9360.722011
945.969813,95.712904,95.712904,-9399.007173
945.970441,57.427742,133.998066,-9418.149754
945.971068,153.140646,172.283227,-9418.149754
945.971695,95.712904,133.998066,-9360.722011
945.972323,133.998066,114.855485,-9418.149754
945.972950,76.570323,114.855485,-9456.434915
945.973578,114.855485,95.712904,-9418.149754
945.974205,76.570323,172.283227,-9418.149754
945.974832,76.570323,172.283227,-9418.149754
945.975460,76.570323,153.140646,-9456.434915
945.976087,76.570323,114.855485,-9437.292334
945.976714,133.998066,172.283227,-9456.434915
945.977342,172.283227,114.855485,-9379.864592
945.977969,172.283227,114.855485,-9399.007173
945.978597,19.142581,114.855485,-9418.149754
945.979224,114.855485,133.998066,-9360.722011
945.979851,76.570323,114.855485,-9418.149754
945.980479,133.998066,114.855485,-9456.434915
945.981106,76.570323,172.283227,-9418.149754
945.981734,95.712904,95.712904,-9399.007173
945.982361,76.570323,114.855485,-9456.434915
945.982988,133.998066,172.283227,-9418.149754
945.983616,38.285162,114.855485,-9437.292334
945.984243,38.285162,153.140646,-9418.149754
945.984870,133.998066,153.140646,-9456.434915
945.985498,95.712904,114.855485,-9418.149754
945.986125,133.998066,172.283227,-9418.149754
945.986753,76.570323,114.855485,-9418.149754
945.987380,38.285162,114.855485,-9418.149754
945.988007,114.855485,191.425808,-9360.722011
945.988635,76.570323,114.855485,-9418.149754
945.989262,95.712904,172.283227,-9418.149754
945.989889,38.285162,114.855485,-9418.149754
945.990517,76.570323,114.855485,-9437.292334
945.991144,95.712904,57.427742,-9399.007173
945.991772,95.712904,95.712904,-9399.007173
945.992399,76.570323,172.283227,-9437.292334
945.993026,95.712904,95.712904,-9399.007173
945.993654,57.427742,172.283227,-9360.722011
945.994281,76.570323,172.283227,-9418.149754
945.994909,133.998066,210.568389,-9418.149754
945.995536,133.998066,114.855485,-9418.149754
945.996163,76.570323,172.283227,-9418.149754
945.996791,76.570323,114.855485,-9418.149754
945.997418,38.285162,153.140646,-9437.292334
945.998045,76.570323,114.855485,-9399.007173
945.998673,76.570323,114.855485,-9418.149754
945.999300,133.998066,114.855485,-9418.149754
945.999928,76.570323,114.855485,-9418.149754
946.000555,76.570323,76.570323,-9379.864592
946.001182,95.712904,172.283227,-9360.722011
946.001810,76.570323,210.568389,-9437.292334
946.002437,76.570323,114.855485,-9418.149754
946.003065,133.998066,114.855485,-9418.149754
946.003692,172.283227,114.855485,-9379.864592
946.004319,153.140646,133.998066,-9399.007173
946.004947,76.570323,114.855485,-9418.149754
946.005574,153.140646,114.855485,-9418.149754
946.006201,133.998066,153.140646,-9437.292334
946.006829,76.570323,114.855485,-9456.434915
946.007456,76.570323,172.283227,-9418.149754
946.008084,76.570323,76.570323,-9379.864592
946.008711,76.570323,153.140646,-9418.149754
946.009338,133.998066,153.140646,-9418.149754
946.009966,95.712904,95.712904,-9399.007173
946.010593,76.570323,114.855485,-9418.149754
946.011221,95.712904,133.998066,-9360.722011
946.011848,76.570323,114.855485,-9418.149754
946.012475,76.570323,172.283227,-9418.149754
946.013103,133.998066,172.283227,-9418.149754
946.013730,95.712904,114.855485,-9418.149754
946.014357,172.283227,172.283227,-9379.864592
946.014985,153.140646,172.283227,-9399.007173
946.015612,76.570323,114.855485,-9418.149754
946.016240,38.285162,153.140646,-9418.149754
946.016867,76.570323,172.283227,-9418.149754
946.017494,76.570323,210.568389,-9418.149754
946.018122,114.855485,133.998066,-9360.722011
946.018749,133.998066,172.283227,-9399.007173
946.019376,95.712904,114.855485,-9418.149754
946.020004,76.570323,172.283227,-9418.149754
946.020631,76.570323,172.283227,-9418.149754
946.021259,76.570323,153.140646,-9418.149754
946.021886,133.998066,114.855485,-9418.149754
946.022513,76.570323,153.140646,-9418.149754
946.023141,133.998066,114.855485,-9418.149754
946.023768,95.712904,95.712904,-9399.007173
946.024396,95.712904,133.998066,-9360.722011
946.025023,76.570323,153.140646,-9418.149754
946.025650,153.140646,133.998066,-9399.007173
946.026278,114.855485,95.712904,-9399.007173
946.026905,76.570323,114.855485,-9418.149754
946.027532,133.998066,114.855485,-9418.149754
946.028160,76.570323,153.140646,-9475.577496
946.028787,76.570323,114.855485,-9418.149754
946.029415,153.140646,114.855485,-9418.149754
946.030042,76.570323,114.855485,-9418.149754
946.030669,76.570323,153.140646,-9418.149754
946.031297,133.998066,153.140646,-9456.434915
946.031924,153.140646,133.998066,-9399.007173
946.032552,133.998066,114.855485,-9360.722011
946.033179,38.285162,114.855485,-9418.149754
946.033806,133.998066,114.855485,-9475.577496
946.034434,38.285162,114.855485,-9418.149754
946.035061,57.427742,95.712904,-9399.007173
946.035688,38.285162,114.855485,-9418.149754
946.036316,133.998066,114.855485,-9418.149754
946.036943,114.855485,95.712904,-9399.007173
946.037571,76.570323,114.855485,-9418.149754
946.038198,38.285162,114.855485,-9475.577496
946.038825,133.998066,172.283227,-9437.292334
946.039453,38.285162,114.855485,-9437.292334
946.040080,133.998066,114.855485,-9456.434915
946.040708,95.712904,95.712904,-9399.007173
946.041335,133.998066,153.140646,-9418.149754
946.041962,95.712904,133.998066,-9360.722011
946.042590,76.570323,114.855485,-9437.292334
946.043217,95.712904,114.855485,-9456.434915
946.043844,133.998066,172.283227,-9418.149754
946.044472,133.998066,114.855485,-9418.149754
946.045099,133.998066,114.855485,-9418.149754
946.045727,114.855485,133.998066,-9360.722011
946.046354,76.570323,114.855485,-9418.149754
946.046981,76.570323,114.855485,-9418.149754
946.047609,95.712904,133.998066,-9360.722011
946.048236,95.712904,153.140646,-9360.722011
946.048863,76.570323,172.283227,-9418.149754
946.049491,38.285162,114.855485,-9418.149754
946.050118,76.570323,114.855485,-9418.149754
946.050746,133.998066,114.855485,-9341.579430
946.051373,76.570323,114.855485,-9418.149754
946.052000,76.570323,114.855485,-9418.149754
946.052628,57.427742,95.712904,-9399.007173
946.053255,133.998066,172.283227,-9399.007173
946.053883,114.855485,133.998066,-9360.722011
946.054510,76.570323,210.568389,-9418.149754
946.055137,153.140646,172.283227,-9399.007173
946.055765,76.570323,114.855485,-9475.577496
946.056392,76.570323,114.855485,-9418.149754
946.057019,76.570323,114.855485,-9418.149754
946.057647,114.855485,95.712904,-9399.007173
946.058274,114.855485,76.570323,-9418.149754
946.058902,76.570323,114.855485,-9418.149754
946.059529,76.570323,153.140646,-9418.149754
946.060156,76.570323,114.855485,-9418.149754
946.060784,19.142581,172.283227,-9437.292334
946.061411,57.427742,210.568389,-9418.149754
946.062039,76.570323,114.855485,-9418.149754
946.062666,76.570323,114.855485,-9418.149754
946.063294,133.998066,114.855485,-9418.149754
946.063921,38.285162,114.855485,-9456.434915
946.064548,153.140646,133.998066,-9379.864592
946.065176,95.712904,191.425808,-9360.722011
946.065803,38.285162,210.568389,-9418.149754
946.066431,114.855485,153.140646,-9360.722011
946.067058,76.570323,114.855485,-9456.434915
946.067686,153.140646,133.998066,-9399.007173
946.068313,76.570323,210.568389,-9418.149754
946.068940,38.285162,114.855485,-9418.149754
946.069568,133.998066,133.998066,-9399.007173
946.070195,76.570323,114.855485,-9418.149754
946.070823,76.570323,114.855485,-9418.149754
946.071450,76.570323,172.283227,-9418.149754
946.072078,38.285162,114.855485,-9437.292334
946.072705,95.712904,133.998066,-9360.722011
946.073332,57.427742,95.712904,-9399.007173
946.073960,76.570323,153.140646,-9418.149754
946.074587,76.570323,133.998066,-9360.722011
946.075215,133.998066,172.283227,-9418.149754
946.075842,133.998066,114.855485,-9456.434915
946.076470,76.570323,153.140646,-9418.149754
946.077097,76.570323,210.568389,-9418.149754
946.077724,133.998066,114.855485,-9418.149754
946.078352,76.570323,153.140646,-9418.149754
946.078979,133.998066,114.855485,-9418.149754
946.079607,76.570323,114.855485,-9418.149754
946.080234,57.427742,133.998066,-9360.722011
946.080862,133.998066,95.712904,-9360.722011
946.081489,172.283227,153.140646,-9360.722011
946.082116,76.570323,114.855485,-9418.149754
946.082744,76.570323,172.283227,-9418.149754
946.083371,57.427742,191.425808,-9360.722011
946.083999,76.570323,114.855485,-9418.149754
946.084626,95.712904,95.712904,-9513.862658
946.085254,76.570323,114.855485,-9456.434915
946.085881,95.712904,133.998066,-9360.722011
946.086508,95.712904,191.425808,-9360.722011
946.087136,95.712904,114.855485,-9399.007173
946.087763,172.283227,76.570323,-9418.149754
946.088391,76.570323,114.855485,-9437.292334
946.089018,133.998066,210.568389,-9418.149754
946.089646,76.570323,114.855485,-9456.434915
946.090273,95.712904,114.855485,-9418.149754
946.090901,133.998066,114.855485,-9418.149754
946.091528,133.998066,133.998066,-9399.007173
946.092155,76.570323,153.140646,-9418.149754
946.092783,38.285162,153.140646,-9418.149754
946.093410,133.998066,114.855485,-9418.149754
946.094038,153.140646,133.998066,-9399.007173
946.094665,57.427742,191.425808,-9360.722011
946.095293,133.998066,114.855485,-9418.149754
946.095920,133.998066,114.855485,-9418.149754
946.096547,76.570323,229.710970,-9418.149754
946.097175,95.712904,172.283227,-9360.722011
946.097802,95.712904,133.998066,-9360.722011
946.098430,133.998066,153.140646,-9418.149754
946.099057,133.998066,114.855485,-9418.149754
946.099685,76.570323,114.855485,-9456.434915
946.100312,133.998066,114.855485,-9418.149754
946.100939,57.427742,95.712904,-9399.007173
946.101567,95.712904,133.998066,-9360.722011
946.102194,38.285162,114.855485,-9360.722011
946.102822,114.855485,76.570323,-9418.149754
946.103449,38.285162,114.855485,-9418.149754
946.104077,114.855485,133.998066,-9360.722011
946.104704,133.998066,133.998066,-9399.007173
946.105331,114.855485,95.712904,-9399.007173
946.105959,114.855485,76.570323,-9418.149754
946.106586,57.427742,191.425808,-9360.722011
946.107214,38.285162,114.855485,-9418.149754
946.107841,38.285162,114.855485,-9475.577496
946.108469,76.570323,114.855485,-9437.292334
946.109096,38.285162,114.855485,-9418.149754
946.109723,153.140646,133.998066,-9399.007173
946.110351,114.855485,153.140646,-9360.722011
946.110978,133.998066,153.140646,-9418.149754
946.111606,133.998066,133.998066,-9399.007173
946.112233,76.570323,172.283227,-9418.149754
946.112861,133.998066,210.568389,-9418.149754
946.113488,76.570323,114.855485,-9418.149754
946.114115,114.855485,95.712904,-9399.007173
946.114743,133.998066,76.570323,-9399.007173
946.115370,95.712904,172.283227,-9418.149754
946.115998,95.712904,95.712904,-9437.292334
946.116625,133.998066,153.140646,-9418.149754
946.117253,133.998066,172.283227,-9418.149754
946.117880,76.570323,133.998066,-9360.722011
946.118507,38.285162,114.855485,-9418.149754
946.119135,114.855485,133.998066,-9418.149754
946.119762,95.712904,172.283227,-9418.149754
946.120390,76.570323,133.998066,-9360.722011
946.121017,38.285162,153.140646,-9437.292334
946.121645,95.712904,133.998066,-9360.722011
946.122272,95.712904,95.712904,-9399.007173
946.122899,133.998066,153.140646,-9418.149754
946.123527,76.570323,95.712904,-9418.149754
946.124154,133.998066,114.855485,-9418.149754
946.124782,95.712904,133.998066,-9360.722011
946.125409,114.855485,133.998066,-9360.722011
946.126037,114.855485,133.998066,-9360.722011
946.126664,95.712904,133.998066,-9360.722011
946.127292,76.570323,133.998066,-9341.579430
946.127919,95.712904,172.283227,-9360.722011
946.128546,57.427742,114.855485,-9418.149754
946.129174,133.998066,172.283227,-9418.149754
946.129801,114.855485,114.855485,-9379.864592
946.130429,153.140646,133.998066,-9399.007173
946.131056,95.712904,95.712904,-9399.007173
946.131684,114.855485,153.140646,-9360.722011
946.132311,38.285162,114.855485,-9418.149754
946.132938,76.570323,114.855485,-9418.149754
946.133566,38.285162,114.855485,-9418.149754
946.134193,133.998066,153.140646,-9418.149754
946.134821,114.855485,95.712904,-9379.864592
946.135448,95.712904,172.283227,-9360.722011
946.136076,76.570323,114.855485,-9418.149754
946.136703,38.285162,153.140646,-9418.149754
946.137330,38.285162,153.140646,-9456.434915
946.137958,95.712904,133.998066,-9360.722011
946.138585,76.570323,114.855485,-9437.292334
946.139213,133.998066,114.855485,-9418.149754
946.139840,38.285162,229.710970,-9418.149754
946.140468,95.712904,172.283227,-9360.722011
946.141095,95.712904,133.998066,-9360.722011
946.141722,133.998066,114.855485,-9418.149754
946.142350,133.998066,114.855485,-9437.292334
946.142977,76.570323,153.140646,-9399.007173
946.143605,57.427742,114.855485,-9418.149754
946.144232,57.427742,153.140646,-9360.722011
946.144860,133.998066,172.283227,-9360.722011
946.145487,95.712904,95.712904,-9399.007173
946.146114,95.712904,114.855485,-9418.149754
946.146742,172.283227,114.855485,-9379.864592
946.147369,76.570323,210.568389,-9418.149754
946.147997,95.712904,114.855485,-9418.149754
946.148624,76.570323,114.855485,-9418.149754
946.149252,76.570323,114.855485,-9418.149754
946.149879,133.998066,210.568389,-9475.577496
946.150506,133.998066,114.855485,-9437.292334
946.151134,133.998066,172.283227,-9456.434915
946.151761,153.140646,153.140646,-9399.007173
946.152389,133.998066,114.855485,-9418.149754
946.153016,95.712904,133.998066,-9360.722011
946.153644,76.570323,114.855485,-9418.149754
946.154271,76.570323,172.283227,-9418.149754
946.154898,76.570323,114.855485,-9360.722011
946.155526,76.570323,114.855485,-9418.149754
946.156153,133.998066,172.283227,-9360.722011
946.156781,95.712904,133.998066,-9360.722011
946.157408,133.998066,172.283227,-9418.149754
946.158036,153.140646,172.283227,-9399.007173
946.158663,133.998066,153.140646,-9418.149754
946.159290,172.283227,191.425808,-9379.864592
946.159918,133.998066,210.568389,-9418.149754
946.160545,76.570323,172.283227,-9437.292334
946.161173,76.570323,114.855485,-9437.292334
946.161800,133.998066,153.140646,-9437.292334
946.162428,114.855485,133.998066,-9360.722011
946.163055,133.998066,114.855485,-9418.149754
946.163683,95.712904,95.712904,-9399.007173
946.164310,114.855485,133.998066,-9360.722011
946.164938,133.998066,153.140646,-9418.149754
946.165565,133.998066,153.140646,-9494.720077
946.166193,76.570323,114.855485,-9418.149754
946.166820,76.570323,172.283227,-9418.149754
946.167448,95.712904,133.998066,-9360.722011
946.168075,76.570323,114.855485,-9456.434915
946.168703,133.998066,114.855485,-9418.149754
946.169330,76.570323,153.140646,-9418.149754
946.169958,76.570323,153.140646,-9456.434915
946.170585,153.140646,114.855485,-9418.149754
946.171213,76.570323,133.998066,-9399.007173
946.171840,133.998066,114.855485,-9418.149754
946.172468,38.285162,210.568389,-9456.434915
946.173095,76.570323,114.855485,-9456.434915
946.173723,38.285162,210.568389,-9418.149754
946.174350,76.570323,153.140646,-9418.149754
946.174978,38.285162,114.855485,-9418.149754
946.175605,76.570323,210.568389,-9456.434915
946.176233,76.570323,114.855485,-9418.149754
946.176860,76.570323,153.140646,-9437.292334
946.177488,95.712904,133.998066,-9360.722011
946.178115,95.712904,95.712904,-9399.007173
946.178743,95.712904,95.712904,-9399.007173
946.179370,95.712904,95.712904,-9437.292334
946.179998,38.285162,153.140646,-9418.149754
946.180625,133.998066,114.855485,-9418.149754
946.181253,76.570323,114.855485,-9456.434915
946.181880,38.285162,210.568389,-9456.434915
946.182508,133.998066,153.140646,-9399.007173
946.183135,95.712904,95.712904,-9399.007173
946.183763,76.570323,114.855485,-9418.149754
946.184390,57.427742,114.855485,-9418.149754
946.185018,76.570323,114.855485,-9418.149754
946.185645,133.998066,172.283227,-9418.149754
946.186273,76.570323,114.855485,-9418.149754
946.186900,76.570323,153.140646,-9437.292334
946.187528,76.570323,114.855485,-9437.292334
946.188156,95.712904,172.283227,-9360.722011
946.188783,133.998066,172.283227,-9418.149754
946.189411,76.570323,172.283227,-9360.722011
946.190038,114.855485,95.712904,-9494.720077
946.190666,76.570323,153.140646,-9418.149754
946.191293,114.855485,76.570323,-9418.149754
946.191921,133.998066,114.855485,-9418.149754
946.192548,153.140646,133.998066,-9399.007173
946.193176,76.570323,114.855485,-9418.149754
946.193803,76.570323,114.855485,-9418.149754
946.194431,38.285162,114.855485,-9418.149754
946.195058,76.570323,114.855485,-9418.149754
946.195686,19.142581,114.855485,-9456.434915
946.196313,153.140646,133.998066,-9456.434915
946.196941,153.140646,153.140646,-9494.720077
946.197568,76.570323,172.283227,-9418.149754
946.198196,38.285162,114.855485,-9418.149754
946.198823,76.570323,114.855485,-9418.149754
946.199451,76.570323,114.855485,-9456.434915
946.200078,76.570323,153.140646,-9418.149754
946.200706,133.998066,153.140646,-9437.292334
946.201333,133.998066,153.140646,-9418.149754
946.201961,114.855485,133.998066,-9360.722011
946.202588,76.570323,114.855485,-9418.149754
946.203216,76.570323,114.855485,-9418.149754
946.203843,76.570323,172.283227,-9418.149754
946.204471,114.855485,153.140646,-9360.722011
946.205098,133.998066,210.568389,-9418.149754
946.205726,76.570323,172.283227,-9418.149754
946.206353,95.712904,172.283227,-9360.722011
946.206981,95.712904,114.855485,-9418.149754
946.207608,172.283227,76.570323,-9418.149754
946.208236,133.998066,114.855485,-9418.149754
946.208863,76.570323,172.283227,-9437.292334
946.209491,38.285162,153.140646,-9418.149754
946.210118,57.427742,153.140646,-9418.149754
946.210746,38.285162,114.855485,-9418.149754
946.211373,38.285162,114.855485,-9418.149754
946.212001,57.427742,95.712904,-9399.007173
946.212628,76.570323,114.855485,-9418.149754
946.213256,114.855485,153.140646,-9341.579430
946.213883,76.570323,172.283227,-9360.722011
946.214511,133.998066,114.855485,-9418.149754
946.215138,133.998066,114.855485,-9418.149754
946.215766,38.285162,114.855485,-9456.434915
946.216393,76.570323,153.140646,-9418.149754
946.217021,57.427742,133.998066,-9360.722011
946.217648,95.712904,172.283227,-9418.149754
946.218276,133.998066,114.855485,-9437.292334
946.218903,57.427742,76.570323,-9379.864592
946.219531,38.285162,133.998066,-9379.864592
946.220158,172.283227,76.570323,-9437.292334
946.220786,133.998066,153.140646,-9456.434915
946.221413,133.998066,114.855485,-9418.149754
946.222041,114.855485,133.998066,-9360.722011
946.222668,133.998066,114.855485,-9418.149754
946.223296,38.285162,114.855485,-9418.149754
946.223923,133.998066,114.855485,-9456.434915
946.224551,153.140646,210.568389,-9399.007173
946.225178,76.570323,172.283227,-9437.292334
946.225806,133.998066,153.140646,-9437.292334
946.226433,76.570323,114.855485,-9456.434915
946.227061,133.998066,133.998066,-9399.007173
946.227688,38.285162,210.568389,-9418.149754
946.228316,38.285162,153.140646,-9418.149754
946.228943,76.570323,172.283227,-9418.149754
946.229571,76.570323,153.140646,-9418.149754
946.230198,38.285162,114.855485,-9418.149754
946.230826,133.998066,114.855485,-9418.149754
946.231453,76.570323,210.568389,-9418.149754
946.232081,76.570323,153.140646,-9418.149754
946.232708,133.998066,172.283227,-9399.007173
946.233336,114.855485,95.712904,-9399.007173
946.233963,114.855485,95.712904,-9399.007173
946.234591,38.285162,114.855485,-9418.149754
946.235218,153.140646,95.712904,-9360.722011
946.235846,133.998066,114.855485,-9418.149754
946.236473,133.998066,133.998066,-9399.007173
946.237101,133.998066,153.140646,-9418.149754
946.237728,133.998066,210.568389,-9475.577496
946.238356,133.998066,114.855485,-9418.149754
946.238983,133.998066,114.855485,-9418.149754
946.239611,95.712904,95.712904,-9399.007173
946.240238,57.427742,114.855485,-9418.149754
946.240866,95.712904,133.998066,-9418.149754
946.241493,76.570323,114.855485,-9418.149754
946.242121,76.570323,172.283227,-9418.149754
946.242748,76.570323,172.283227,-9418.149754
946.243376,38.285162,114.855485,-9418.149754
946.244003,133.998066,172.283227,-9418.149754
946.244631,133.998066,153.140646,-9418.149754
946.245258,153.140646,172.283227,-9399.007173
946.245886,76.570323,153.140646,-9360.722011
946.246513,76.570323,114.855485,-9418.149754
946.247141,153.140646,133.998066,-9399.007173
946.247768,133.998066,172.283227,-9418.149754
946.248396,153.140646,153.140646,-9399.007173
946.249023,133.998066,133.998066,-9399.007173
946.249651,95.712904,76.570323,-9379.864592
946.250278,76.570323,191.425808,-9456.434915
946.250906,57.427742,133.998066,-9360.722011
946.251533,133.998066,114.855485,-9418.149754
946.252161,76.570323,95.712904,-9399.007173
946.252788,133.998066,114.855485,-9418.149754
946.253416,133.998066,191.425808,-9360.722011
946.254043,76.570323,114.855485,-9360.722011
946.254671,133.998066,114.855485,-9418.149754
946.255298,76.570323,114.855485,-9418.149754
946.255926,76.570323,114.855485,-9418.149754
946.256553,133.998066,114.855485,-9418.149754
946.257181,76.570323,153.140646,-9533.005238
946.257808,38.285162,114.855485,-9456.434915
946.258436,153.140646,153.140646,-9494.720077
946.259063,76.570323,153.140646,-9418.149754
946.259691,95.712904,172.283227,-9360.722011
946.260318,133.998066,172.283227,-9418.149754
946.260946,76.570323,114.855485,-9418.149754
946.261573,95.712904,172.283227,-9418.149754
946.262201,76.570323,172.283227,-9418.149754
946.262828,38.285162,172.283227,-9418.149754
946.263456,95.712904,153.140646,-9418.149754
946.264083,133.998066,229.710970,-9360.722011
946.264710,133.998066,114.855485,-9418.149754
946.265338,76.570323,210.568389,-9341.579430
946.265965,76.570323,114.855485,-9360.722011
946.266592,76.570323,114.855485,-9418.149754
946.267220,76.570323,114.855485,-9456.434915
946.267847,38.285162,172.283227,-9418.149754
946.268475,133.998066,153.140646,-9418.149754
946.269102,133.998066,172.283227,-9418.149754
946.269729,76.570323,114.855485,-9437.292334
946.270357,76.570323,95.712904,-9399.007173
946.270984,133.998066,133.998066,-9399.007173
946.271612,133.998066,153.140646,-9418.149754
946.272239,133.998066,248.853550,-9437.292334
946.272866,153.140646,133.998066,-9399.007173
946.273494,133.998066,153.140646,-9456.434915
946.274121,76.570323,114.855485,-9418.149754
946.274749,76.570323,229.710970,-9418.149754
946.275376,114.855485,172.283227,-9360.722011
946.276003,38.285162,114.855485,-9418.149754
946.276631,76.570323,172.283227,-9418.149754
946.277258,133.998066,114.855485,-9475.577496
946.277886,76.570323,172.283227,-9456.434915
946.278513,76.570323,172.283227,-9418.149754
946.279140,133.998066,114.855485,-9418.149754
946.279768,133.998066,114.855485,-9418.149754
946.280395,153.140646,172.283227,-9399.007173
946.281022,133.998066,153.140646,-9418.149754
946.281650,38.285162,114.855485,-9418.149754
946.282277,133.998066,133.998066,-9399.007173
946.282905,133.998066,172.283227,-9418.149754
946.283532,76.570323,210.568389,-9418.149754
946.284159,114.855485,95.712904,-9399.007173
946.284787,38.285162,153.140646,-9475.577496
946.285414,76.570323,114.855485,-9418.149754
946.286042,76.570323,114.855485,-9437.292334
946.286669,38.285162,114.855485,-9418.149754
946.287296,133.998066,210.568389,-9399.007173
946.287924,133.998066,153.140646,-9399.007173
946.288551,19.142581,153.140646,-9418.149754
946.289179,76.570323,114.855485,-9418.149754
946.289806,38.285162,95.712904,-9379.864592
946.290433,76.570323,114.855485,-9418.149754
946.291061,95.712904,95.712904,-9437.292334
946.291688,133.998066,114.855485,-9437.292334
946.292316,95.712904,114.855485,-9456.434915
946.292943,95.712904,114.855485,-9418.149754
946.293570,114.855485,133.998066,-9360.722011
946.294198,153.140646,133.998066,-9399.007173
946.294825,57.427742,133.998066,-9360.722011
946.295452,76.570323,114.855485,-9418.149754
946.296080,95.712904,133.998066,-9360.722011
946.296707,133.998066,114.855485,-9418.149754
946.297335,133.998066,172.283227,-9418.149754
946.297962,133.998066,153.140646,-9418.149754
946.298589,114.855485,133.998066,-9360.722011
946.299217,38.285162,114.855485,-9418.149754
946.299844,133.998066,210.568389,-9418.149754
946.300472,76.570323,172.283227,-9360.722011
946.301099,76.570323,114.855485,-9418.149754
946.301726,76.570323,114.855485,-9418.149754
946.302354,133.998066,172.283227,-9418.149754
946.302981,153.140646,95.712904,-9360.722011
946.303609,76.570323,172.283227,-9418.149754
946.304236,95.712904,229.710970,-9418.149754
946.304863,57.427742,133.998066,-9341.579430
946.305491,133.998066,172.283227,-9494.720077
946.306118,19.142581,153.140646,-9437.292334
946.306746,76.570323,153.140646,-9418.149754
946.307373,95.712904,133.998066,-9418.149754
946.308000,133.998066,153.140646,-9437.292334
946.308628,133.998066,153.140646,-9475.577496
946.309255,76.570323,114.855485,-9437.292334
946.309882,114.855485,95.712904,-9399.007173
946.310510,76.570323,114.855485,-9418.149754
946.311137,95.712904,133.998066,-9341.579430
946.311765,95.712904,133.998066,-9360.722011
946.312392,76.570323,153.140646,-9456.434915
946.313019,133.998066,172.283227,-9418.149754
946.313647,133.998066,153.140646,-9399.007173
946.314274,38.285162,153.140646,-9418.149754
946.314902,95.712904,114.855485,-9418.149754
946.315529,38.285162,114.855485,-9418.149754
946.316156,114.855485,133.998066,-9418.149754
946.316784,38.285162,114.855485,-9418.149754
946.317411,114.855485,133.998066,-9360.722011
946.318039,76.570323,114.855485,-9418.149754
946.318666,76.570323,114.855485,-9418.149754
946.319293,76.570323,114.855485,-9456.434915
946.319921,76.570323,114.855485,-9418.149754
946.320548,133.998066,114.855485,-9437.292334
946.321176,76.570323,172.283227,-9360.722011
946.321803,133.998066,172.283227,-9360.722011
946.322430,133.998066,114.855485,-9418.149754
946.323058,95.712904,95.712904,-9399.007173
946.323685,133.998066,114.855485,-9418.149754
946.324312,133.998066,210.568389,-9418.149754
946.324940,57.427742,133.998066,-9360.722011
946.325567,114.855485,114.855485,-9399.007173
946.326195,133.998066,172.283227,-9418.149754
946.326822,76.570323,210.568389,-9475.577496
946.327449,38.285162,114.855485,-9418.149754
946.328077,38.285162,114.855485,-9418.149754
946.328704,38.285162,114.855485,-9418.149754
946.329332,133.998066,114.855485,-9418.149754
946.329959,76.570323,114.855485,-9418.149754
946.330586,76.570323,114.855485,-9418.149754
946.331214,76.570323,114.855485,-9418.149754
946.331841,76.570323,114.855485,-9418.149754
946.332469,76.570323,172.283227,-9418.149754
946.333096,76.570323,76.570323,-9379.864592
946.333723,133.998066,172.283227,-9437.292334
946.334351,76.570323,114.855485,-9418.149754
946.334978,153.140646,133.998066,-9399.007173
946.335606,133.998066,114.855485,-9418.149754
946.336233,76.570323,114.855485,-9418.149754
946.336860,95.712904,114.855485,-9418.149754
946.337488,76.570323,210.568389,-9475.577496
946.338115,172.283227,133.998066,-9360.722011
946.338743,133.998066,114.855485,-9418.149754
946.339370,76.570323,114.855485,-9418.149754
946.339997,76.570323,114.855485,-9418.149754
946.340625,114.855485,114.855485,-9494.720077
946.341252,172.283227,153.140646,-9379.864592
946.341879,95.712904,95.712904,-9399.007173
946.342507,114.855485,133.998066,-9360.722011
946.343134,172.283227,76.570323,-9418.149754
946.343762,38.285162,114.855485,-9418.149754
946.344389,114.855485,114.855485,-9456.434915
946.345016,38.285162,76.570323,-9379.864592
946.345644,38.285162,210.568389,-9418.149754
946.346271,133.998066,114.855485,-9418.149754
946.346899,76.570323,153.140646,-9360.722011
946.347526,114.855485,153.140646,-9360.722011
946.348153,172.283227,76.570323,-9360.722011
946.348781,133.998066,153.140646,-9418.149754
946.349408,95.712904,133.998066,-9360.722011
946.350036,172.283227,76.570323,-9418.149754
946.350663,57.427742,153.140646,-9360.722011
946.351290,95.712904,114.855485,-9456.434915
946.351918,76.570323,172.283227,-9418.149754
946.352545,76.570323,172.283227,-9360.722011
946.353173,57.427742,153.140646,-9360.722011
946.353800,76.570323,153.140646,-9418.149754
946.354427,133.998066,172.283227,-9418.149754
946.355055,76.570323,114.855485,-9418.149754
946.355682,114.855485,114.855485,-9456.434915
946.356309,95.712904,38.285162,-9456.434915
946.356937,95.712904,172.283227,-9418.149754
946.357564,133.998066,114.855485,-9494.720077
946.358192,133.998066,267.996131,-9322.436850
946.358819,38.285162,114.855485,-9418.149754
946.359446,76.570323,114.855485,-9418.149754
946.360074,76.570323,114.855485,-9418.149754
946.360701,133.998066,114.855485,-9456.434915
946.361329,76.570323,114.855485,-9418.149754
946.361956,76.570323,172.283227,-9456.434915
946.362584,153.140646,172.283227,-9399.007173
946.363211,76.570323,114.855485,-9418.149754
946.363839,95.712904,133.998066,-9418.149754
946.364466,133.998066,153.140646,-9418.149754
946.365094,133.998066,114.855485,-9418.149754
946.365721,133.998066,114.855485,-9475.577496
946.366349,76.570323,114.855485,-9456.434915
946.366977,76.570323,114.855485,-9418.149754
946.367604,95.712904,133.998066,-9341.579430
946.368232,76.570323,114.855485,-9418.149754
946.368859,133.998066,114.855485,-9418.149754
946.369487,133.998066,153.140646,-9399.007173
946.370114,38.285162,172.283227,-9418.149754
946.370742,38.285162,172.283227,-9418.149754
946.371369,76.570323,133.998066,-9379.864592
946.371997,133.998066,114.855485,-9418.149754
946.372625,76.570323,210.568389,-9418.149754
946.373252,153.140646,133.998066,-9399.007173
946.373880,57.427742,133.998066,-9341.579430
946.374507,133.998066,114.855485,-9437.292334
946.375135,76.570323,76.570323,-9379.864592
946.375762,133.998066,210.568389,-9418.149754
946.376390,57.427742,133.998066,-9341.579430
946.377017,114.855485,248.853550,-9418.149754
946.377645,38.285162,114.855485,-9418.149754
946.378272,38.285162,114.855485,-9418.149754
946.378900,76.570323,114.855485,-9418.149754
946.379528,19.142581,114.855485,-9360.722011
946.380155,38.285162,153.140646,-9418.149754
946.380783,133.998066,210.568389,-9456.434915
946.381410,76.570323,114.855485,-9418.149754
946.382038,133.998066,114.855485,-9418.149754
946.382665,95.712904,133.998066,-9360.722011
946.383293,76.570323,191.425808,-9418.149754
946.383920,76.570323,153.140646,-9456.434915
946.384548,133.998066,114.855485,-9418.149754
946.385176,95.712904,95.712904,-9456.434915
946.385803,133.998066,210.568389,-9418.149754
946.386431,114.855485,76.570323,-9437.292334
946.387058,153.140646,172.283227,-9360.722011
946.387686,133.998066,114.855485,-9418.149754
946.388313,114.855485,172.283227,-9360.722011
946.388941,114.855485,210.568389,-9360.722011
946.389568,172.283227,210.568389,-9379.864592
946.390196,133.998066,114.855485,-9418.149754
946.390824,153.140646,133.998066,-9399.007173
946.391451,114.855485,76.570323,-9437.292334
946.392079,133.998066,114.855485,-9437.292334
946.392706,133.998066,133.998066,-9456.434915
946.393334,95.712904,114.855485,-9437.292334
946.393961,76.570323,191.425808,-9418.149754
946.394589,38.285162,153.140646,-9418.149754
946.395216,133.998066,114.855485,-9456.434915
946.395844,133.998066,114.855485,-9418.149754
946.396471,153.140646,172.283227,-9399.007173
946.397099,133.998066,210.568389,-9418.149754
946.397727,133.998066,153.140646,-9418.149754
946.398354,153.140646,76.570323,-9399.007173
946.398982,95.712904,95.712904,-9399.007173
946.399609,76.570323,114.855485,-9437.292334
946.400237,76.570323,114.855485,-9418.149754
946.400864,153.140646,172.283227,-9494.720077
946.401492,76.570323,172.283227,-9418.149754
946.402119,38.285162,153.140646,-9418.149754
946.402747,76.570323,153.140646,-9418.149754
946.403375,76.570323,114.855485,-9418.149754
946.404002,95.712904,133.998066,-9322.436850
946.404630,76.570323,172.283227,-9418.149754
946.405257,114.855485,76.570323,-9418.149754
946.405885,76.570323,76.570323,-9456.434915
946.406512,95.712904,114.855485,-9418.149754
946.407140,57.427742,95.712904,-9456.434915
946.407767,133.998066,133.998066,-9437.292334
946.408395,76.570323,114.855485,-9418.149754
946.409023,114.855485,133.998066,-9418.149754
946.409650,153.140646,133.998066,-9437.292334
946.410278,153.140646,133.998066,-9399.007173
946.410905,38.285162,114.855485,-9418.149754
946.411533,38.285162,114.855485,-9437.292334
946.412160,38.285162,114.855485,-9418.149754
946.412788,76.570323,172.283227,-9456.434915
946.413415,76.570323,114.855485,-9418.149754
946.414043,95.712904,95.712904,-9399.007173
946.414670,133.998066,133.998066,-9399.007173
946.415298,57.427742,114.855485,-9360.722011
946.415926,95.712904,95.712904,-9399.007173
946.416553,95.712904,133.998066,-9360.722011
946.417181,133.998066,210.568389,-9418.149754
946.417808,153.140646,172.283227,-9418.149754
946.418436,172.283227,114.855485,-9379.864592
946.419063,133.998066,114.855485,-9418.149754
946.419691,133.998066,133.998066,-9379.864592
946.420318,76.570323,153.140646,-9418.149754
946.420946,172.283227,153.140646,-9379.864592
946.421574,133.998066,172.283227,-9437.292334
946.422201,57.427742,95.712904,-9399.007173
946.422829,76.570323,153.140646,-9437.292334
946.423456,76.570323,114.855485,-9418.149754
946.424084,133.998066,114.855485,-9418.149754
946.424711,76.570323,114.855485,-9418.149754
946.425339,38.285162,114.855485,-9456.434915
946.425966,114.855485,114.855485,-9379.864592
946.426594,153.140646,133.998066,-9399.007173
946.427221,114.855485,95.712904,-9399.007173
946.427849,76.570323,172.283227,-9475.577496
946.428477,95.712904,210.568389,-9418.149754
946.429104,133.998066,114.855485,-9418.149754
946.429732,133.998066,210.568389,-9418.149754
946.430359,76.570323,114.855485,-9418.149754
946.430987,76.570323,153.140646,-9418.149754
946.431614,76.570323,114.855485,-9456.434915
946.432242,38.285162,114.855485,-9418.149754
946.432869,57.427742,153.140646,-9360.722011
946.433497,133.998066,172.283227,-9418.149754
946.434125,57.427742,133.998066,-9322.436850
946.434752,76.570323,114.855485,-9418.149754
946.435380,76.570323,172.283227,-9418.149754
946.436007,76.570323,210.568389,-9399.007173
946.436635,76.570323,191.425808,-9360.722011
946.437262,133.998066,114.855485,-9418.149754
946.437890,76.570323,114.855485,-9418.149754
946.438517,114.855485,133.998066,-9360.722011
946.439145,172.283227,153.140646,-9379.864592
946.439773,133.998066,133.998066,-9399.007173
946.440400,76.570323,133.998066,-9360.722011
946.441028,38.285162,172.283227,-9418.149754
946.441655,76.570323,153.140646,-9418.149754
946.442283,57.427742,114.855485,-9418.149754
946.442910,76.570323,153.140646,-9418.149754
946.443538,172.283227,172.283227,-9379.864592
946.444165,133.998066,114.855485,-9437.292334
946.444793,76.570323,114.855485,-9418.149754
946.445420,76.570323,114.855485,-9418.149754
946.446048,38.285162,114.855485,-9437.292334
946.446676,76.570323,172.283227,-9475.577496
946.447303,133.998066,172.283227,-9437.292334
946.447931,76.570323,172.283227,-9418.149754
946.448558,95.712904,153.140646,-9418.149754
946.449186,76.570323,76.570323,-9379.864592
946.449813,76.570323,114.855485,-9418.149754
946.450441,76.570323,172.283227,-9418.149754
946.451068,114.855485,95.712904,-9399.007173
946.451696,133.998066,114.855485,-9418.149754
946.452324,114.855485,76.570323,-9418.149754
946.452951,76.570323,114.855485,-9418.149754
946.453579,114.855485,133.998066,-9418.149754
946.454206,133.998066,114.855485,-9456.434915
946.454834,38.285162,114.855485,-9418.149754
946.455461,76.570323,114.855485,-9418.149754
946.456089,76.570323,153.140646,-9437.292334
946.456716,76.570323,133.998066,-9360.722011
946.457344,114.855485,153.140646,-9360.722011
946.457971,57.427742,172.283227,-9360.722011
946.458599,76.570323,114.855485,-9418.149754
946.459227,133.998066,210.568389,-9418.149754
946.459854,114.855485,114.855485,-9399.007173
946.460482,76.570323,114.855485,-9418.149754
946.461109,95.712904,114.855485,-9418.149754
946.461737,114.855485,172.283227,-9399.007173
946.462364,76.570323,114.855485,-9418.149754
946.462992,76.570323,114.855485,-9418.149754
946.463620,133.998066,114.855485,-9418.149754
946.464247,114.855485,133.998066,-9360.722011
946.464875,76.570323,153.140646,-9418.149754
946.465502,95.712904,114.855485,-9418.149754
946.466130,133.998066,114.855485,-9418.149754
946.466757,76.570323,114.855485,-9418.149754
946.467385,76.570323,114.855485,-9437.292334
946.468012,76.570323,210.568389,-9475.577496
946.468640,172.283227,114.855485,-9379.864592
946.469268,76.570323,191.425808,-9418.149754
946.469895,153.140646,114.855485,-9418.149754
946.470523,57.427742,133.998066,-9360.722011
946.471150,76.570323,114.855485,-9360.722011
946.471778,76.570323,210.568389,-9456.434915
946.472405,133.998066,114.855485,-9418.149754
946.473033,95.712904,153.140646,-9341.579430
946.473661,114.855485,114.855485,-9379.864592
946.474288,114.855485,133.998066,-9360.722011
946.474916,76.570323,172.283227,-9418.149754
946.475543,133.998066,114.855485,-9418.149754
946.476171,76.570323,114.855485,-9418.149754
946.476798,133.998066,191.425808,-9360.722011
946.477426,133.998066,248.853550,-9399.007173
946.478054,133.998066,153.140646,-9418.149754
946.478681,76.570323,172.283227,-9418.149754
946.479309,133.998066,153.140646,-9399.007173
946.479936,76.570323,114.855485,-9418.149754
946.480564,38.285162,114.855485,-9418.149754
946.481191,95.712904,133.998066,-9360.722011
946.481819,114.855485,133.998066,-9360.722011
946.482446,95.712904,133.998066,-9360.722011
946.483074,38.285162,114.855485,-9418.149754
946.483702,76.570323,229.710970,-9360.722011
946.484329,76.570323,114.855485,-9475.577496
946.484957,133.998066,114.855485,-9418.149754
946.485584,76.570323,95.712904,-9399.007173
946.486212,95.712904,133.998066,-9360.722011
946.486839,76.570323,114.855485,-9418.149754
946.487467,38.285162,114.855485,-9418.149754
946.488095,133.998066,114.855485,-9437.292334
946.488722,114.855485,133.998066,-9360.722011
946.489350,76.570323,153.140646,-9437.292334
946.489977,95.712904,95.712904,-9399.007173
946.490605,76.570323,133.998066,-9360.722011
946.491232,133.998066,114.855485,-9360.722011
946.491860,114.855485,229.710970,-9399.007173
946.492488,95.712904,191.425808,-9360.722011
946.493115,114.855485,95.712904,-9399.007173
946.493743,95.712904,133.998066,-9360.722011
946.494370,114.855485,133.998066,-9360.722011
946.494998,133.998066,76.570323,-9322.436850
946.495625,95.712904,95.712904,-9399.007173
946.496253,76.570323,114.855485,-9437.292334
946.496881,133.998066,114.855485,-9456.434915
946.497508,133.998066,172.283227,-9475.577496
946.498136,76.570323,172.283227,-9418.149754
946.498763,76.570323,114.855485,-9418.149754
946.499391,153.140646,114.855485,-9418.149754
946.500018,95.712904,172.283227,-9360.722011
946.500646,38.285162,114.855485,-9418.149754
946.501273,95.712904,114.855485,-9418.149754
946.501901,133.998066,133.998066,-9399.007173
946.502529,76.570323,114.855485,-9418.149754
946.503156,57.427742,133.998066,-9360.722011
946.503784,76.570323,114.855485,-9418.149754
946.504411,76.570323,114.855485,-9418.149754
946.505039,95.712904,95.712904,-9456.434915
946.505666,133.998066,153.140646,-9456.434915
946.506294,76.570323,210.568389,-9475.577496
946.506922,38.285162,114.855485,-9418.149754
946.507549,76.570323,114.855485,-9418.149754
946.508177,95.712904,114.855485,-9360.722011
946.508804,133.998066,191.425808,-9418.149754
946.509432,172.283227,210.568389,-9379.864592
946.510059,133.998066,172.283227,-9399.007173
946.510687,133.998066,133.998066,-9399.007173
946.511315,57.427742,114.855485,-9437.292334
946.511942,95.712904,95.712904,-9456.434915
946.512570,114.855485,133.998066,-9360.722011
946.513197,133.998066,133.998066,-9399.007173
946.513825,133.998066,153.140646,-9437.292334
946.514452,133.998066,153.140646,-9418.149754
946.515080,76.570323,114.855485,-9418.149754
946.515708,57.427742,95.712904,-9399.007173
946.516335,57.427742,153.140646,-9418.149754
946.516963,95.712904,133.998066,-9360.722011
946.517590,95.712904,133.998066,-9360.722011
946.518218,133.998066,114.855485,-9418.149754
946.518845,95.712904,172.283227,-9399.007173
946.519473,76.570323,172.283227,-9437.292334
946.520100,133.998066,210.568389,-9418.149754
946.520728,133.998066,114.855485,-9418.149754
946.521356,76.570323,114.855485,-9418.149754
946.521983,153.140646,172.283227,-9399.007173
946.522611,19.142581,114.855485,-9418.149754
946.523238,133.998066,172.283227,-9418.149754
946.523866,153.140646,153.140646,-9399.007173
946.524493,133.998066,153.140646,-9418.149754
946.525121,114.855485,133.998066,-9360.722011
946.525749,95.712904,95.712904,-9399.007173
946.526376,57.427742,153.140646,-9360.722011
946.527004,95.712904,114.855485,-9418.149754
946.527631,38.285162,114.855485,-9418.149754
946.528259,95.712904,95.712904,-9399.007173
946.528886,76.570323,114.855485,-9418.149754
946.529514,133.998066,153.140646,-9456.434915
946.530142,133.998066,114.855485,-9418.149754
946.530769,133.998066,172.283227,-9418.149754
946.531397,133.998066,114.855485,-9418.149754
946.532024,133.998066,210.568389,-9360.722011
946.532652,95.712904,153.140646,-9360.722011
946.533279,133.998066,114.855485,-9418.149754
946.533907,133.998066,153.140646,-9418.149754
946.534534,133.998066,153.140646,-9399.007173
946.535162,95.712904,95.712904,-9399.007173
946.535790,133.998066,114.855485,-9418.149754
946.536417,76.570323,114.855485,-9418.149754
946.537045,133.998066,172.283227,-9418.149754
946.537672,76.570323,153.140646,-9437.292334
946.538300,133.998066,114.855485,-9437.292334
946.538927,76.570323,114.855485,-9418.149754
946.539555,38.285162,114.855485,-9437.292334
946.540183,76.570323,114.855485,-9360.722011
946.540810,95.712904,95.712904,-9399.007173
946.541438,133.998066,114.855485,-9418.149754
946.542065,38.285162,114.855485,-9418.149754
946.542693,38.285162,114.855485,-9456.434915
946.543320,114.855485,114.855485,-9494.720077
946.543948,133.998066,114.855485,-9418.149754
946.544576,133.998066,114.855485,-9418.149754
946.545203,133.998066,76.570323,-9379.864592
946.545831,95.712904,114.855485,-9456.434915
946.546458,133.998066,114.855485,-9456.434915
946.547086,76.570323,114.855485,-9475.577496
946.547713,114.855485,133.998066,-9360.722011
946.548341,76.570323,133.998066,-9360.722011
946.548969,133.998066,153.140646,-9360.722011
946.549596,76.570323,153.140646,-9418.149754
946.550224,76.570323,210.568389,-9418.149754
946.550851,133.998066,172.283227,-9399.007173
946.551479,76.570323,133.998066,-9418.149754
946.552106,133.998066,153.140646,-9418.149754
946.552734,114.855485,95.712904,-9399.007173
946.553361,76.570323,153.140646,-9418.149754
946.553989,38.285162,114.855485,-9418.149754
946.554617,76.570323,133.998066,-9360.722011
946.555244,76.570323,76.570323,-9379.864592
946.555872,172.283227,114.855485,-9379.864592
946.556499,76.570323,114.855485,-9418.149754
946.557127,114.855485,153.140646,-9360.722011
946.557754,76.570323,172.283227,-9418.149754
946.558382,133.998066,114.855485,-9418.149754
946.559010,133.998066,172.283227,-9418.149754
946.559637,95.712904,210.568389,-9418.149754
946.560265,153.140646,172.283227,-9399.007173
946.560892,76.570323,114.855485,-9360.722011
946.561520,95.712904,133.998066,-9360.722011
946.562147,38.285162,114.855485,-9418.149754
946.562775,133.998066,114.855485,-9418.149754
946.563402,95.712904,114.855485,-9418.149754
946.564030,38.285162,114.855485,-9437.292334
946.564657,38.285162,114.855485,-9418.149754
946.565285,153.140646,153.140646,-9399.007173
946.565912,133.998066,133.998066,-9399.007173
946.566539,133.998066,172.283227,-9456.434915
946.567167,133.998066,153.140646,-9437.292334
946.567794,38.285162,114.855485,-9437.292334
946.568422,95.712904,114.855485,-9418.149754
946.569049,133.998066,172.283227,-9418.149754
946.569676,38.285162,114.855485,-9418.149754
946.570304,0.000000,95.712904,-9399.007173
946.570931,133.998066,172.283227,-9360.722011
946.571559,153.140646,153.140646,-9360.722011
946.572186,133.998066,114.855485,-9418.149754
946.572814,133.998066,114.855485,-9418.149754
946.573441,95.712904,114.855485,-9418.149754
946.574068,133.998066,133.998066,-9399.007173
946.574696,76.570323,153.140646,-9418.149754
946.575323,76.570323,114.855485,-9360.722011
946.575951,76.570323,114.855485,-9437.292334
946.576578,76.570323,114.855485,-9418.149754
946.577206,95.712904,133.998066,-9360.722011
946.577833,57.427742,172.283227,-9418.149754
946.578460,76.570323,114.855485,-9418.149754
946.579088,76.570323,76.570323,-9379.864592
946.579715,76.570323,114.855485,-9418.149754
946.580343,76.570323,114.855485,-9418.149754
946.580970,76.570323,114.855485,-9418.149754
946.581598,76.570323,133.998066,-9360.722011
946.582225,76.570323,114.855485,-9418.149754
946.582852,114.855485,191.425808,-9360.722011
946.583480,76.570323,172.283227,-9418.149754
946.584107,172.283227,76.570323,-9418.149754
946.584735,133.998066,114.855485,-9418.149754
946.585362,133.998066,114.855485,-9418.149754
946.585989,133.998066,114.855485,-9437.292334
946.586617,153.140646,133.998066,-9399.007173
946.587244,133.998066,153.140646,-9399.007173
946.587872,76.570323,210.568389,-9418.149754
946.588499,57.427742,95.712904,-9399.007173
946.589127,76.570323,172.283227,-9418.149754
946.589754,133.998066,172.283227,-9418.149754
946.590381,76.570323,153.140646,-9437.292334
946.591009,133.998066,114.855485,-9418.149754
946.591636,153.140646,133.998066,-9399.007173
946.592264,38.285162,210.568389,-9418.149754
946.592891,133.998066,133.998066,-9399.007173
946.593519,76.570323,114.855485,-9418.149754
946.594146,38.285162,114.855485,-9418.149754
946.594773,133.998066,114.855485,-9418.149754
946.595401,133.998066,153.140646,-9418.149754
946.596028,76.570323,114.855485,-9418.149754
946.596656,76.570323,153.140646,-9418.149754
946.597283,76.570323,210.568389,-9418.149754
946.597911,38.285162,153.140646,-9360.722011
946.598538,114.855485,133.998066,-9360.722011
946.599165,133.998066,172.283227,-9456.434915
946.599793,153.140646,133.998066,-9399.007173
946.600420,133.998066,153.140646,-9418.149754
946.601048,76.570323,114.855485,-9418.149754
946.601675,76.570323,191.425808,-9418.149754
946.602303,133.998066,229.710970,-9418.149754
946.602930,76.570323,191.425808,-9437.292334
946.603557,133.998066,114.855485,-9418.149754
946.604185,38.285162,76.570323,-9379.864592
946.604812,76.570323,114.855485,-9360.722011
946.605440,133.998066,114.855485,-9418.149754
946.606067,76.570323,172.283227,-9360.722011
946.606694,133.998066,114.855485,-9456.434915
946.607322,38.285162,114.855485,-9418.149754
946.607949,76.570323,114.855485,-9360.722011
946.608577,172.283227,76.570323,-9418.149754
946.609204,133.998066,172.283227,-9399.007173
946.609832,133.998066,172.283227,-9418.149754
946.610459,76.570323,114.855485,-9418.149754
946.611086,76.570323,153.140646,-9418.149754
946.611714,76.570323,172.283227,-9418.149754
946.612341,76.570323,191.425808,-9418.149754
946.612969,133.998066,191.425808,-9475.577496
946.613596,76.570323,172.283227,-9418.149754
946.614224,95.712904,153.140646,-9418.149754
946.614851,153.140646,153.140646,-9399.007173
946.615478,76.570323,210.568389,-9456.434915
946.616106,76.570323,172.283227,-9418.149754
946.616733,76.570323,114.855485,-9456.434915
946.617361,95.712904,95.712904,-9399.007173
946.617988,95.712904,133.998066,-9360.722011
946.618616,38.285162,172.283227,-9418.149754
946.619243,133.998066,114.855485,-9418.149754
946.619870,76.570323,114.855485,-9418.149754
946.620498,76.570323,114.855485,-9418.149754
946.621125,38.285162,114.855485,-9418.149754
946.621753,38.285162,114.855485,-9437.292334
946.622380,38.285162,114.855485,-9456.434915
946.623007,95.712904,153.140646,-9418.149754
946.623635,95.712904,38.285162,-9399.007173
946.624262,76.570323,114.855485,-9418.149754
946.624890,114.855485,76.570323,-9418.149754
946.625517,38.285162,114.855485,-9456.434915
946.626145,133.998066,114.855485,-9456.434915
946.626772,76.570323,114.855485,-9418.149754
946.627399,133.998066,133.998066,-9399.007173
946.628027,76.570323,153.140646,-9437.292334
946.628654,76.570323,114.855485,-9475.577496
946.629282,57.427742,172.283227,-9418.149754
946.629909,133.998066,172.283227,-9437.292334
946.630537,57.427742,172.283227,-9418.149754
946.631164,95.712904,95.712904,-9399.007173
946.631791,38.285162,114.855485,-9437.292334
946.632419,133.998066,114.855485,-9418.149754
946.633046,76.570323,153.140646,-9360.722011
946.633674,76.570323,172.283227,-9418.149754
946.634301,76.570323,114.855485,-9418.149754
946.634929,133.998066,114.855485,-9456.434915
946.635556,153.140646,133.998066,-9456.434915
946.636183,76.570323,172.283227,-9418.149754
946.636811,114.855485,133.998066,-9341.579430
946.637438,95.712904,133.998066,-9360.722011
946.638066,114.855485,95.712904,-9399.007173
946.638693,133.998066,172.283227,-9418.149754
946.639320,133.998066,153.140646,-9418.149754
946.639948,133.998066,114.855485,-9418.149754
946.640575,133.998066,114.855485,-9418.149754
946.641203,114.855485,95.712904,-9437.292334
946.641830,95.712904,210.568389,-9437.292334
946.642458,76.570323,114.855485,-9418.149754
946.643085,114.855485,95.712904,-9399.007173
946.643712,133.998066,114.855485,-9418.149754
946.644340,153.140646,133.998066,-9399.007173
946.644967,76.570323,114.855485,-9418.149754
946.645595,76.570323,114.855485,-9418.149754
946.646222,76.570323,133.998066,-9418.149754
946.646850,38.285162,114.855485,-9418.149754
946.647477,95.712904,95.712904,-9399.007173
946.648104,38.285162,153.140646,-9418.149754
946.648732,114.855485,172.283227,-9360.722011
946.649359,76.570323,210.568389,-9437.292334
946.649987,153.140646,210.568389,-9399.007173
946.650614,114.855485,95.712904,-9379.864592
946.651242,76.570323,114.855485,-9456.434915
946.651869,133.998066,114.855485,-9437.292334
946.652496,95.712904,210.568389,-9418.149754
946.653124,57.427742,133.998066,-9360.722011
946.653751,114.855485,114.855485,-9379.864592
946.654379,133.998066,153.140646,-9418.149754
946.655006,133.998066,153.140646,-9456.434915
946.655633,133.998066,172.283227,-9418.149754
946.656261,133.998066,114.855485,-9437.292334
946.656888,133.998066,114.855485,-9418.149754
946.657516,38.285162,191.425808,-9360.722011
946.658143,76.570323,153.140646,-9418.149754
946.658771,114.855485,133.998066,-9360.722011
946.659398,38.285162,114.855485,-9418.149754
946.660025,0.000000,172.283227,-9341.579430
946.660653,133.998066,172.283227,-9360.722011
946.661280,114.855485,95.712904,-9475.577496
946.661908,133.998066,114.855485,-9418.149754
946.662535,133.998066,114.855485,-9456.434915
946.663163,76.570323,114.855485,-9418.149754
946.663790,133.998066,76.570323,-9379.864592
946.664417,76.570323,114.855485,-9418.149754
946.665045,38.285162,114.855485,-9418.149754
946.665672,153.140646,153.140646,-9418.149754
946.666300,114.855485,133.998066,-9341.579430
946.666927,114.855485,133.998066,-9360.722011
946.667554,95.712904,172.283227,-9418.149754
946.668182,57.427742,191.425808,-9475.577496
946.668809,76.570323,153.140646,-9437.292334
946.669437,76.570323,172.283227,-9418.149754
946.670064,114.855485,287.138712,-9399.007173
946.670691,210.568389,133.998066,-9399.007173
946.671319,38.285162,153.140646,-9418.149754
946.671946,133.998066,133.998066,-9399.007173
946.672574,95.712904,95.712904,-9399.007173
946.673201,114.855485,172.283227,-9322.436850
946.673829,172.283227,153.140646,-9322.436850
946.674456,76.570323,153.140646,-9418.149754
946.675083,76.570323,114.855485,-9418.149754
946.675711,95.712904,172.283227,-9360.722011
946.676338,133.998066,133.998066,-9399.007173
946.676966,133.998066,133.998066,-9399.007173
946.677593,95.712904,133.998066,-9360.722011
946.678220,133.998066,172.283227,-9418.149754
946.678848,133.998066,133.998066,-9399.007173
946.679475,133.998066,114.855485,-9418.149754
946.680103,133.998066,114.855485,-9360.722011
946.680730,133.998066,191.425808,-9494.720077
946.681357,76.570323,172.283227,-9418.149754
946.681985,38.285162,114.855485,-9418.149754
946.682612,95.712904,153.140646,-9360.722011
946.683240,95.712904,172.283227,-9418.149754
946.683867,95.712904,133.998066,-9360.722011
946.684494,133.998066,114.855485,-9456.434915
946.685122,133.998066,133.998066,-9399.007173
946.685749,57.427742,95.712904,-9399.007173
946.686377,133.998066,153.140646,-9437.292334
946.687004,76.570323,114.855485,-9437.292334
946.687632,38.285162,210.568389,-9418.149754
946.688259,133.998066,114.855485,-9437.292334
946.688886,133.998066,114.855485,-9418.149754
946.689514,133.998066,114.855485,-9418.149754
946.690141,76.570323,114.855485,-9437.292334
946.690769,95.712904,153.140646,-9360.722011
946.691396,133.998066,229.710970,-9418.149754
946.692023,133.998066,191.425808,-9456.434915
946.692651,133.998066,114.855485,-9418.149754
946.693278,172.283227,172.283227,-9379.864592
946.693906,133.998066,133.998066,-9399.007173
946.694533,76.570323,114.855485,-9418.149754
946.695160,133.998066,114.855485,-9418.149754
946.695788,133.998066,210.568389,-9418.149754
946.696415,57.427742,114.855485,-9437.292334
946.697043,95.712904,114.855485,-9418.149754
946.697670,76.570323,191.425808,-9418.149754
946.698298,76.570323,172.283227,-9418.149754
946.698925,114.855485,133.998066,-9360.722011
946.699552,133.998066,76.570323,-9379.864592
946.700180,153.140646,172.283227,-9418.149754
946.700807,95.712904,95.712904,-9399.007173
946.701435,95.712904,153.140646,-9360.722011
946.702062,76.570323,114.855485,-9418.149754
946.702689,133.998066,153.140646,-9475.577496
946.703317,133.998066,133.998066,-9494.720077
946.703944,76.570323,114.855485,-9437.292334
946.704572,38.285162,114.855485,-9418.149754
946.705199,38.285162,172.283227,-9418.149754
946.705826,76.570323,114.855485,-9437.292334
946.706454,76.570323,114.855485,-9418.149754
946.707081,133.998066,114.855485,-9418.149754
946.707709,172.283227,76.570323,-9418.149754
946.708336,133.998066,114.855485,-9418.149754
946.708963,95.712904,191.425808,-9360.722011
946.709591,76.570323,172.283227,-9418.149754
946.710218,133.998066,114.855485,-9456.434915
946.710846,76.570323,114.855485,-9418.149754
946.711473,76.570323,153.140646,-9437.292334
946.712101,76.570323,153.140646,-9418.149754
946.712728,76.570323,114.855485,-9418.149754
946.713355,114.855485,133.998066,-9360.722011
946.713983,76.570323,114.855485,-9456.434915
946.714610,95.712904,133.998066,-9341.579430
946.715238,76.570323,114.855485,-9418.149754
946.715865,95.712904,153.140646,-9456.434915
946.716492,76.570323,153.140646,-9456.434915
946.717120,38.285162,153.140646,-9437.292334
946.717747,76.570323,114.855485,-9437.292334
946.718375,38.285162,191.425808,-9437.292334
946.719002,76.570323,114.855485,-9456.434915
946.719629,76.570323,114.855485,-9418.149754
946.720257,95.712904,153.140646,-9418.149754
946.720884,95.712904,95.712904,-9399.007173
946.721512,95.712904,95.712904,-9399.007173
946.722139,38.285162,153.140646,-9418.149754
946.722767,114.855485,172.283227,-9322.436850
946.723394,76.570323,114.855485,-9418.149754
946.724021,76.570323,172.283227,-9456.434915
946.724649,172.283227,114.855485,-9379.864592
946.725276,76.570323,95.712904,-9360.722011
946.725904,133.998066,153.140646,-9418.149754
946.726531,95.712904,114.855485,-9418.149754
946.727158,76.570323,172.283227,-9437.292334
946.727786,95.712904,114.855485,-9360.722011
946.728413,76.570323,191.425808,-9437.292334
946.729041,133.998066,191.425808,-9456.434915
946.729668,95.712904,95.712904,-9399.007173
946.730295,133.998066,191.425808,-9456.434915
946.730923,95.712904,114.855485,-9475.577496
946.731550,114.855485,95.712904,-9456.434915
946.732178,95.712904,114.855485,-9360.722011
946.732805,95.712904,172.283227,-9418.149754
946.733432,76.570323,172.283227,-9418.149754
946.734060,57.427742,95.712904,-9399.007173
946.734687,133.998066,114.855485,-9418.149754
946.735315,114.855485,95.712904,-9399.007173
946.735942,133.998066,114.855485,-9360.722011
946.736570,57.427742,153.140646,-9360.722011
946.737197,114.855485,133.998066,-9360.722011
946.737824,76.570323,114.855485,-9437.292334
946.738452,133.998066,133.998066,-9399.007173
946.739079,95.712904,114.855485,-9418.149754
946.739707,114.855485,191.425808,-9360.722011
946.740334,153.140646,133.998066,-9399.007173
946.740961,76.570323,114.855485,-9418.149754
946.741589,38.285162,153.140646,-9418.149754
946.742216,133.998066,114.855485,-9437.292334
946.742844,76.570323,114.855485,-9418.149754
946.743471,76.570323,114.855485,-9437.292334
946.744098,95.712904,133.998066,-9360.722011
946.744726,133.998066,133.998066,-9399.007173
946.745353,38.285162,172.283227,-9418.149754
946.745981,38.285162,114.855485,-9437.292334
946.746608,76.570323,114.855485,-9418.149754
946.747235,57.427742,114.855485,-9399.007173
946.747863,95.712904,153.140646,-9418.149754
946.748490,153.140646,210.568389,-9399.007173
946.749118,133.998066,172.283227,-9418.149754
946.749745,76.570323,114.855485,-9418.149754
946.750373,153.140646,133.998066,-9399.007173
946.751000,153.140646,133.998066,-9399.007173
946.751627,172.283227,133.998066,-9418.149754
946.752255,153.140646,133.998066,-9399.007173
946.752882,76.570323,114.855485,-9418.149754
946.753510,38.285162,153.140646,-9418.149754
946.754137,133.998066,172.283227,-9418.149754
946.754764,153.140646,172.283227,-9399.007173
946.755392,133.998066,172.283227,-9437.292334
946.756019,114.855485,95.712904,-9399.007173
946.756647,76.570323,153.140646,-9418.149754
946.757274,76.570323,114.855485,-9418.149754
946.757901,76.570323,114.855485,-9437.292334
946.758529,38.285162,210.568389,-9418.149754
946.759156,153.140646,114.855485,-9456.434915
946.759784,133.998066,133.998066,-9399.007173
946.760411,133.998066,114.855485,-9360.722011
946.761039,0.000000,133.998066,-9360.722011
946.761666,133.998066,114.855485,-9418.149754
946.762293,133.998066,114.855485,-9418.149754
946.762921,76.570323,114.855485,-9418.149754
946.763548,76.570323,114.855485,-9437.292334
946.764176,95.712904,95.712904,-9379.864592
946.764803,38.285162,153.140646,-9418.149754
946.765431,38.285162,114.855485,-9418.149754
946.766059,57.427742,153.140646,-9418.149754
946.766686,57.427742,114.855485,-9418.149754
946.767314,76.570323,114.855485,-9418.149754
946.767941,153.140646,133.998066,-9399.007173
946.768569,76.570323,114.855485,-9418.149754
946.769196,114.855485,76.570323,-9418.149754
946.769824,95.712904,210.568389,-9418.149754
946.770451,133.998066,172.283227,-9418.149754
946.771079,76.570323,248.853550,-9360.722011
946.771707,133.998066,172.283227,-9418.149754
946.772334,76.570323,114.855485,-9418.149754
946.772962,76.570323,153.140646,-9418.149754
946.773589,133.998066,114.855485,-9418.149754
946.774217,114.855485,191.425808,-9360.722011
946.774844,133.998066,172.283227,-9418.149754
946.775472,76.570323,210.568389,-9418.149754
946.776099,95.712904,95.712904,-9437.292334
946.776727,133.998066,172.283227,-9418.149754
946.777355,172.283227,76.570323,-9418.149754
946.777982,153.140646,191.425808,-9399.007173
946.778610,95.712904,114.855485,-9418.149754
946.779237,153.140646,133.998066,-9399.007173
946.779865,133.998066,114.855485,-9418.149754
946.780492,95.712904,133.998066,-9360.722011
946.781120,76.570323,114.855485,-9418.149754
946.781748,95.712904,191.425808,-9341.579430
946.782375,95.712904,191.425808,-9360.722011
946.783003,95.712904,172.283227,-9418.149754
946.783630,38.285162,153.140646,-9437.292334
946.784258,95.712904,76.570323,-9379.864592
946.784885,76.570323,114.855485,-9418.149754
946.785513,133.998066,229.710970,-9418.149754
946.786140,95.712904,153.140646,-9456.434915
946.786768,76.570323,172.283227,-9437.292334
946.787396,95.712904,114.855485,-9456.434915
946.788023,133.998066,153.140646,-9360.722011
946.788651,95.712904,114.855485,-9437.292334
946.789278,133.998066,114.855485,-9418.149754
946.789906,114.855485,95.712904,-9399.007173
946.790533,76.570323,114.855485,-9418.149754
946.791161,133.998066,114.855485,-9437.292334
946.791788,95.712904,114.855485,-9360.722011
946.792416,76.570323,172.283227,-9418.149754
946.793044,76.570323,114.855485,-9437.292334
946.793671,76.570323,172.283227,-9418.149754
946.794299,95.712904,210.568389,-9437.292334
946.794926,76.570323,153.140646,-9418.149754
946.795554,133.998066,114.855485,-9533.005238
946.796181,76.570323,153.140646,-9418.149754
946.796809,76.570323,114.855485,-9418.149754
946.797436,133.998066,114.855485,-9418.149754
946.798064,95.712904,133.998066,-9341.579430
946.798692,133.998066,172.283227,-9418.149754
946.799319,114.855485,133.998066,-9418.149754
946.799947,133.998066,114.855485,-9437.292334
946.800574,133.998066,210.568389,-9456.434915
946.801202,153.140646,191.425808,-9399.007173
946.801829,76.570323,153.140646,-9437.292334
946.802457,76.570323,172.283227,-9456.434915
946.803084,133.998066,210.568389,-9418.149754
946.803712,95.712904,114.855485,-9418.149754
946.804340,95.712904,114.855485,-9418.149754
946.804967,95.712904,114.855485,-9341.579430
946.805595,133.998066,172.283227,-9418.149754
946.806222,57.427742,114.855485,-9418.149754
946.806850,57.427742,172.283227,-9418.149754
946.807477,57.427742,114.855485,-9399.007173
946.808105,153.140646,133.998066,-9399.007173
946.808733,133.998066,114.855485,-9418.149754
946.809360,133.998066,153.140646,-9437.292334
946.809988,76.570323,95.712904,-9399.007173
946.810615,57.427742,133.998066,-9360.722011
946.811243,76.570323,114.855485,-9418.149754
946.811870,133.998066,114.855485,-9437.292334
946.812498,153.140646,172.283227,-9399.007173
946.813125,76.570323,210.568389,-9437.292334
946.813753,95.712904,114.855485,-9418.149754
946.814381,76.570323,114.855485,-9418.149754
946.815008,95.712904,114.855485,-9437.292334
946.815636,133.998066,172.283227,-9418.149754
946.816263,76.570323,114.855485,-9418.149754
946.816891,76.570323,114.855485,-9418.149754
946.817518,76.570323,114.855485,-9456.434915
946.818146,114.855485,229.710970,-9456.434915
946.818773,133.998066,210.568389,-9456.434915
946.819401,153.140646,172.283227,-9399.007173
946.820029,76.570323,114.855485,-9437.292334
946.820656,95.712904,114.855485,-9418.149754
946.821284,95.712904,153.140646,-9322.436850
946.821911,95.712904,153.140646,-9360.722011
946.822539,95.712904,114.855485,-9418.149754
946.823166,114.855485,95.712904,-9399.007173
946.823794,133.998066,133.998066,-9399.007173
946.824421,57.427742,133.998066,-9360.722011
946.825049,38.285162,172.283227,-9418.149754
946.825677,95.712904,114.855485,-9399.007173
946.826304,95.712904,153.140646,-9360.722011
946.826932,76.570323,172.283227,-9360.722011
946.827559,76.570323,114.855485,-9418.149754
946.828187,133.998066,114.855485,-9418.149754
946.828814,133.998066,153.140646,-9418.149754
946.829442,133.998066,114.855485,-9360.722011
946.830070,95.712904,114.855485,-9437.292334
946.830697,114.855485,191.425808,-9360.722011
946.831325,76.570323,172.283227,-9456.434915
946.831952,76.570323,114.855485,-9494.720077
946.832580,76.570323,114.855485,-9418.149754
946.833207,76.570323,114.855485,-9418.149754
946.833835,76.570323,114.855485,-9456.434915
946.834462,133.998066,114.855485,-9418.149754
946.835090,133.998066,114.855485,-9418.149754
946.835718,76.570323,114.855485,-9456.434915
946.836345,76.570323,114.855485,-9418.149754
946.836973,133.998066,114.855485,-9418.149754
946.837600,76.570323,153.140646,-9418.149754
946.838228,114.855485,133.998066,-9360.722011
946.838855,76.570323,114.855485,-9418.149754
946.839483,76.570323,172.283227,-9418.149754
946.840110,38.285162,114.855485,-9418.149754
946.840738,76.570323,114.855485,-9418.149754
946.841366,153.140646,133.998066,-9399.007173
946.841993,172.283227,172.283227,-9379.864592
946.842621,133.998066,114.855485,-9418.149754
946.843248,114.855485,95.712904,-9456.434915
946.843876,114.855485,114.855485,-9399.007173
946.844503,76.570323,114.855485,-9418.149754
946.845131,19.142581,153.140646,-9360.722011
946.845758,133.998066,76.570323,-9379.864592
946.846386,153.140646,153.140646,-9437.292334
946.847014,76.570323,191.425808,-9360.722011
946.847641,76.570323,153.140646,-9418.149754
946.848269,95.712904,114.855485,-9418.149754
946.848896,133.998066,172.283227,-9418.149754
946.849524,76.570323,114.855485,-9418.149754
946.850151,153.140646,114.855485,-9418.149754
946.850779,133.998066,114.855485,-9437.292334
946.851406,76.570323,114.855485,-9418.149754
946.852034,76.570323,114.855485,-9418.149754
946.852662,114.855485,95.712904,-9399.007173
946.853289,133.998066,114.855485,-9437.292334
946.853917,153.140646,114.855485,-9418.149754
946.854544,133.998066,133.998066,-9399.007173
946.855172,76.570323,210.568389,-9418.149754
946.855799,38.285162,114.855485,-9418.149754
946.856427,114.855485,95.712904,-9399.007173
946.857055,133.998066,172.283227,-9418.149754
946.857682,38.285162,153.140646,-9475.577496
946.858310,95.712904,114.855485,-9418.149754
946.858937,38.285162,114.855485,-9456.434915
946.859565,76.570323,114.855485,-9418.149754
946.860192,57.427742,133.998066,-9360.722011
946.860820,76.570323,114.855485,-9418.149754
946.861447,95.712904,95.712904,-9379.864592
946.862075,38.285162,114.855485,-9418.149754
946.862703,114.855485,229.710970,-9399.007173
946.863330,76.570323,114.855485,-9418.149754
946.863958,95.712904,114.855485,-9418.149754
946.864585,172.283227,114.855485,-9379.864592
946.865212,76.570323,114.855485,-9418.149754
946.865840,95.712904,114.855485,-9437.292334
946.866467,153.140646,153.140646,-9399.007173
946.867095,95.712904,133.998066,-9360.722011
946.867722,57.427742,95.712904,-9399.007173
946.868349,76.570323,114.855485,-9418.149754
946.868977,133.998066,133.998066,-9399.007173
946.869604,153.140646,133.998066,-9437.292334
946.870232,76.570323,153.140646,-9456.434915
946.870859,38.285162,229.710970,-9437.292334
946.871487,76.570323,153.140646,-9437.292334
946.872114,133.998066,229.710970,-9418.149754
946.872741,95.712904,95.712904,-9399.007173
946.873369,95.712904,95.712904,-9399.007173
946.873996,133.998066,153.140646,-9418.149754
946.874624,38.285162,114.855485,-9456.434915
946.875251,133.998066,153.140646,-9456.434915
946.875879,133.998066,133.998066,-9399.007173
946.876506,153.140646,114.855485,-9456.434915
946.877133,76.570323,114.855485,-9418.149754
946.877761,76.570323,114.855485,-9418.149754
946.878388,76.570323,114.855485,-9418.149754
946.879016,133.998066,114.855485,-9418.149754
946.879643,76.570323,172.283227,-9418.149754
946.880271,76.570323,210.568389,-9418.149754
946.880898,133.998066,210.568389,-9418.149754
946.881525,95.712904,95.712904,-9399.007173
946.882153,114.855485,133.998066,-9360.722011
946.882780,95.712904,191.425808,-9341.579430
946.883408,76.570323,210.568389,-9418.149754
946.884035,76.570323,210.568389,-9418.149754
946.884663,95.712904,114.855485,-9437.292334
946.885290,133.998066,114.855485,-9456.434915
946.885917,38.285162,153.140646,-9418.149754
946.886545,95.712904,95.712904,-9399.007173
946.887172,114.855485,57.427742,-9418.149754
946.887800,133.998066,153.140646,-9418.149754
946.888427,76.570323,172.283227,-9418.149754
946.889054,76.570323,114.855485,-9418.149754
946.889682,76.570323,210.568389,-9418.149754
946.890309,95.712904,133.998066,-9360.722011
946.890937,153.140646,133.998066,-9399.007173
946.891564,172.283227,153.140646,-9379.864592
946.892192,76.570323,114.855485,-9360.722011
946.892819,95.712904,114.855485,-9437.292334
946.893446,95.712904,153.140646,-9360.722011
946.894074,153.140646,210.568389,-9399.007173
946.894701,76.570323,172.283227,-9418.149754
946.895329,133.998066,153.140646,-9418.149754
946.895956,114.855485,114.855485,-9399.007173
946.896584,76.570323,95.712904,-9399.007173
946.897211,153.140646,172.283227,-9437.292334
946.897838,114.855485,153.140646,-9418.149754
946.898466,114.855485,172.283227,-9360.722011
946.899093,133.998066,114.855485,-9418.149754
946.899721,76.570323,114.855485,-9418.149754
946.900348,95.712904,133.998066,-9360.722011
946.900976,76.570323,153.140646,-9418.149754
946.901603,38.285162,153.140646,-9418.149754
946.902230,95.712904,114.855485,-9418.149754
946.902858,76.570323,114.855485,-9418.149754
946.903485,76.570323,114.855485,-9418.149754
946.904113,133.998066,114.855485,-9418.149754
946.904740,76.570323,114.855485,-9418.149754
946.905368,76.570323,95.712904,-9437.292334
946.905995,133.998066,114.855485,-9437.292334
946.906622,76.570323,114.855485,-9437.292334
946.907250,95.712904,114.855485,-9456.434915
946.907877,133.998066,172.283227,-9418.149754
946.908505,153.140646,114.855485,-9418.149754
946.909132,133.998066,153.140646,-9437.292334
946.909759,95.712904,133.998066,-9360.722011
946.910387,133.998066,210.568389,-9418.149754
946.911014,76.570323,172.283227,-9418.149754
946.911642,38.285162,191.425808,-9418.149754
946.912269,133.998066,153.140646,-9418.149754
946.912897,133.998066,114.855485,-9418.149754
946.913524,133.998066,172.283227,-9456.434915
946.914151,76.570323,114.855485,-9418.149754
946.914779,95.712904,133.998066,-9360.722011
946.915406,95.712904,114.855485,-9418.149754
946.916034,76.570323,114.855485,-9418.149754
946.916661,95.712904,172.283227,-9418.149754
946.917289,114.855485,76.570323,-9418.149754
946.917916,133.998066,210.568389,-9418.149754
946.918543,95.712904,133.998066,-9418.149754
946.919171,57.427742,172.283227,-9418.149754
946.919798,95.712904,133.998066,-9360.722011
946.920426,76.570323,172.283227,-9418.149754
946.921053,133.998066,114.855485,-9418.149754
946.921681,133.998066,114.855485,-9456.434915
946.922308,38.285162,153.140646,-9418.149754
946.922935,133.998066,114.855485,-9456.434915
946.923563,133.998066,172.283227,-9437.292334
946.924190,133.998066,153.140646,-9418.149754
946.924818,114.855485,95.712904,-9437.292334
946.925445,153.140646,133.998066,-9456.434915
946.926073,38.285162,76.570323,-9379.864592
946.926700,76.570323,114.855485,-9418.149754
946.927327,38.285162,114.855485,-9437.292334
946.927955,133.998066,114.855485,-9418.149754
946.928582,133.998066,153.140646,-9418.149754
946.929210,133.998066,114.855485,-9437.292334
946.929837,114.855485,133.998066,-9360.722011
946.930464,38.285162,114.855485,-9418.149754
946.931092,38.285162,114.855485,-9437.292334
946.931719,76.570323,114.855485,-9437.292334
946.932347,153.140646,133.998066,-9437.292334
946.932974,76.570323,114.855485,-9418.149754
946.933602,114.855485,133.998066,-9360.722011
946.934229,114.855485,95.712904,-9399.007173
946.934856,95.712904,133.998066,-9360.722011
946.935484,38.285162,191.425808,-9418.149754
946.936111,133.998066,114.855485,-9418.149754
946.936739,76.570323,114.855485,-9456.434915
946.937366,114.855485,95.712904,-9399.007173
946.937994,133.998066,172.283227,-9418.149754
946.938621,133.998066,114.855485,-9418.149754
946.939248,95.712904,95.712904,-9399.007173
946.939876,95.712904,172.283227,-9341.579430
946.940503,76.570323,114.855485,-9418.149754
946.941131,114.855485,172.283227,-9379.864592
946.941758,133.998066,76.570323,-9379.864592
946.942386,95.712904,76.570323,-9379.864592
946.943013,114.855485,95.712904,-9399.007173
946.943640,133.998066,114.855485,-9418.149754
946.944268,114.855485,95.712904,-9399.007173
946.944895,114.855485,95.712904,-9399.007173
946.945523,76.570323,114.855485,-9418.149754
946.946150,57.427742,153.140646,-9360.722011
946.946778,76.570323,114.855485,-9456.434915
946.947405,153.140646,153.140646,-9399.007173
946.948032,133.998066,172.283227,-9418.149754
946.948660,38.285162,210.568389,-9360.722011
946.949287,133.998066,210.568389,-9418.149754
946.949915,133.998066,114.855485,-9437.292334
946.950542,76.570323,114.855485,-9418.149754
946.951169,133.998066,172.283227,-9418.149754
946.951797,210.568389,133.998066,-9399.007173
946.952424,57.427742,172.283227,-9360.722011
946.953052,76.570323,114.855485,-9475.577496
946.953679,133.998066,153.140646,-9418.149754
946.954307,76.570323,114.855485,-9418.149754
946.954934,133.998066,172.283227,-9399.007173
946.955561,95.712904,133.998066,-9360.722011
946.956189,38.285162,76.570323,-9379.864592
946.956816,76.570323,114.855485,-9360.722011
946.957444,133.998066,114.855485,-9418.149754
946.958071,76.570323,114.855485,-9418.149754
946.958699,76.570323,114.855485,-9360.722011
946.959326,76.570323,114.855485,-9418.149754
946.959953,133.998066,114.855485,-9418.149754
946.960581,114.855485,95.712904,-9399.007173
946.961208,38.285162,172.283227,-9418.149754
946.961836,38.285162,172.283227,-9418.149754
946.962463,95.712904,153.140646,-9418.149754
946.963091,153.140646,114.855485,-9418.149754
946.963718,38.285162,133.998066,-9341.579430
946.964345,76.570323,172.283227,-9418.149754
946.964973,38.285162,153.140646,-9360.722011
946.965600,133.998066,153.140646,-9418.149754
946.966227,76.570323,210.568389,-9418.149754
946.966855,38.285162,153.140646,-9360.722011
946.967482,133.998066,114.855485,-9418.149754
946.968110,133.998066,172.283227,-9437.292334
946.968737,38.285162,153.140646,-9418.149754
946.969364,133.998066,172.283227,-9456.434915
946.969992,76.570323,210.568389,-9418.149754
946.970619,114.855485,114.855485,-9456.434915
946.971246,133.998066,114.855485,-9418.149754
946.971874,114.855485,95.712904,-9399.007173
946.972501,172.283227,114.855485,-9379.864592
946.973128,133.998066,133.998066,-9399.007173
946.973756,133.998066,172.283227,-9418.149754
946.974383,95.712904,95.712904,-9399.007173
946.975011,95.712904,95.712904,-9399.007173
946.975638,133.998066,114.855485,-9418.149754
946.976265,133.998066,114.855485,-9437.292334
946.976893,76.570323,172.283227,-9418.149754
946.977520,172.283227,114.855485,-9322.436850
946.978147,76.570323,76.570323,-9379.864592
946.978775,133.998066,153.140646,-9418.149754
946.979402,133.998066,153.140646,-9399.007173
946.980030,133.998066,210.568389,-9418.149754
946.980657,114.855485,76.570323,-9456.434915
946.981284,38.285162,172.283227,-9418.149754
946.981912,76.570323,172.283227,-9456.434915
946.982539,76.570323,210.568389,-9418.149754
946.983166,133.998066,153.140646,-9418.149754
946.983794,38.285162,133.998066,-9379.864592
946.984421,133.998066,114.855485,-9418.149754
946.985048,133.998066,114.855485,-9456.434915
946.985676,153.140646,153.140646,-9399.007173
946.986303,76.570323,114.855485,-9437.292334
946.986931,95.712904,114.855485,-9418.149754
946.987558,114.855485,172.283227,-9360.722011
946.988185,133.998066,114.855485,-9418.149754
946.988813,133.998066,114.855485,-9418.149754
946.989440,76.570323,114.855485,-9360.722011
946.990067,95.712904,172.283227,-9399.007173
946.990695,133.998066,172.283227,-9418.149754
946.991322,133.998066,114.855485,-9418.149754
946.991950,133.998066,153.140646,-9418.149754
946.992577,172.283227,153.140646,-9379.864592
946.993204,172.283227,133.998066,-9418.149754
946.993832,172.283227,133.998066,-9360.722011
946.994459,133.998066,114.855485,-9418.149754
946.995086,76.570323,172.283227,-9418.149754
946.995714,76.570323,114.855485,-9418.149754
946.996341,38.285162,114.855485,-9418.149754
946.996968,38.285162,114.855485,-9475.577496
946.997596,114.855485,172.283227,-9360.722011
946.998223,153.140646,172.283227,-9399.007173
946.998851,133.998066,114.855485,-9418.149754
946.999478,95.712904,133.998066,-9360.722011
947.000105,153.140646,172.283227,-9399.007173
947.000733,76.570323,114.855485,-9360.722011
947.001360,76.570323,153.140646,-9418.149754
947.001987,76.570323,114.855485,-9418.149754
947.002615,76.570323,114.855485,-9418.149754
947.003242,153.140646,153.140646,-9418.149754
947.003870,76.570323,114.855485,-9418.149754
947.004497,133.998066,172.283227,-9456.434915
947.005124,133.998066,229.710970,-9456.434915
947.005752,133.998066,153.140646,-9418.149754
947.006379,133.998066,153.140646,-9456.434915
947.007006,57.427742,114.855485,-9418.149754
947.007634,76.570323,114.855485,-9418.149754
947.008261,76.570323,210.568389,-9418.149754
947.008888,76.570323,114.855485,-9418.149754
947.009516,57.427742,133.998066,-9360.722011
947.010143,76.570323,114.855485,-9418.149754
947.010771,133.998066,114.855485,-9418.149754
947.011398,76.570323,114.855485,-9418.149754
947.012025,38.285162,172.283227,-9418.149754
947.012653,114.855485,95.712904,-9399.007173
947.013280,95.712904,114.855485,-9418.149754
947.013907,38.285162,114.855485,-9418.149754
947.014535,95.712904,95.712904,-9399.007173
947.015162,38.285162,172.283227,-9418.149754
947.015790,172.283227,114.855485,-9379.864592
947.016417,76.570323,114.855485,-9418.149754
947.017044,76.570323,172.283227,-9533.005238
947.017672,95.712904,114.855485,-9437.292334
947.018299,114.855485,172.283227,-9360.722011
947.018926,114.855485,172.283227,-9399.007173
947.019554,76.570323,153.140646,-9418.149754
947.020181,133.998066,133.998066,-9437.292334
947.020808,76.570323,210.568389,-9418.149754
947.021436,38.285162,114.855485,-9437.292334
947.022063,38.285162,153.140646,-9360.722011
947.022691,38.285162,172.283227,-9418.149754
947.023318,95.712904,153.140646,-9360.722011
947.023945,133.998066,114.855485,-9437.292334
947.024573,76.570323,114.855485,-9418.149754
947.025200,76.570323,114.855485,-9533.005238
947.025827,133.998066,172.283227,-9437.292334
947.026455,133.998066,114.855485,-9418.149754
947.027082,153.140646,172.283227,-9437.292334
947.027710,133.998066,191.425808,-9399.007173
947.028337,38.285162,153.140646,-9437.292334
947.028964,76.570323,114.855485,-9418.149754
947.029592,114.855485,133.998066,-9360.722011
947.030219,95.712904,248.853550,-9360.722011
947.030846,133.998066,114.855485,-9418.149754
947.031474,57.427742,95.712904,-9399.007173
947.032101,95.712904,133.998066,-9360.722011
947.032728,153.140646,133.998066,-9399.007173
947.033356,38.285162,114.855485,-9418.149754
947.033983,38.285162,191.425808,-9418.149754
947.034611,95.712904,153.140646,-9360.722011
947.035238,133.998066,172.283227,-9437.292334
947.035865,114.855485,133.998066,-9360.722011
947.036493,114.855485,133.998066,-9360.722011
947.037120,76.570323,76.570323,-9379.864592
947.037747,76.570323,114.855485,-9418.149754
947.038375,76.570323,114.855485,-9418.149754
947.039002,95.712904,153.140646,-9360.722011
947.039629,76.570323,153.140646,-9418.149754
947.040257,76.570323,172.283227,-9418.149754
947.040884,133.998066,172.283227,-9418.149754
947.041512,133.998066,114.855485,-9418.149754
947.042139,114.855485,95.712904,-9399.007173
947.042766,76.570323,133.998066,-9360.722011
947.043394,133.998066,95.712904,-9360.722011
947.044021,95.712904,95.712904,-9456.434915
947.044648,95.712904,95.712904,-9456.434915
947.045276,95.712904,114.855485,-9418.149754
947.045903,38.285162,114.855485,-9418.149754
947.046531,38.285162,114.855485,-9418.149754
947.047158,95.712904,133.998066,-9360.722011
947.047785,133.998066,114.855485,-9437.292334
947.048413,153.140646,133.998066,-9399.007173
947.049040,76.570323,133.998066,-9379.864592
947.049667,133.998066,114.855485,-9418.149754
947.050295,133.998066,172.283227,-9418.149754
947.050922,76.570323,114.855485,-9418.149754
947.051549,38.285162,76.570323,-9379.864592
947.052177,76.570323,114.855485,-9418.149754
947.052804,76.570323,114.855485,-9418.149754
947.053432,76.570323,153.140646,-9418.149754
947.054059,114.855485,114.855485,-9399.007173
947.054686,133.998066,114.855485,-9418.149754
947.055314,76.570323,76.570323,-9379.864592
947.055941,76.570323,114.855485,-9418.149754
947.056568,114.855485,95.712904,-9399.007173
947.057196,76.570323,114.855485,-9418.149754
947.057823,19.142581,114.855485,-9456.434915
947.058451,38.285162,210.568389,-9418.149754
947.059078,38.285162,114.855485,-9418.149754
947.059705,38.285162,76.570323,-9379.864592
947.060333,153.140646,172.283227,-9399.007173
947.060960,76.570323,133.998066,-9360.722011
947.061587,76.570323,114.855485,-9533.005238
947.062215,76.570323,229.710970,-9418.149754
947.062842,133.998066,172.283227,-9418.149754
947.063469,57.427742,153.140646,-9418.149754
947.064097,76.570323,114.855485,-9418.149754
947.064724,153.140646,133.998066,-9399.007173
947.065352,38.285162,153.140646,-9418.149754
947.065979,76.570323,172.283227,-9360.722011
947.066606,95.712904,133.998066,-9360.722011
947.067234,133.998066,210.568389,-9418.149754
947.067861,95.712904,153.140646,-9456.434915
947.068488,133.998066,153.140646,-9437.292334
947.069116,133.998066,95.712904,-9360.722011
947.069743,38.285162,114.855485,-9456.434915
947.070370,133.998066,114.855485,-9418.149754
947.070998,133.998066,114.855485,-9418.149754
947.071625,76.570323,172.283227,-9418.149754
947.072253,38.285162,114.855485,-9418.149754
947.072880,133.998066,114.855485,-9418.149754
947.073507,133.998066,172.283227,-9418.149754
947.074135,133.998066,153.140646,-9418.149754
947.074762,95.712904,210.568389,-9418.149754
947.075389,76.570323,114.855485,-9418.149754
947.076017,114.855485,95.712904,-9456.434915
947.076644,133.998066,172.283227,-9418.149754
947.077271,19.142581,114.855485,-9418.149754
947.077899,133.998066,172.283227,-9437.292334
947.078526,76.570323,95.712904,-9399.007173
947.079154,133.998066,133.998066,-9399.007173
947.079781,133.998066,153.140646,-9418.149754
947.080408,133.998066,133.998066,-9399.007173
947.081036,76.570323,114.855485,-9418.149754
947.081663,133.998066,172.283227,-9456.434915
947.082290,133.998066,114.855485,-9456.434915
947.082918,76.570323,114.855485,-9437.292334
947.083545,133.998066,210.568389,-9456.434915
947.084173,95.712904,114.855485,-9418.149754
947.084800,95.712904,153.140646,-9418.149754
947.085427,114.855485,114.855485,-9437.292334
947.086055,76.570323,114.855485,-9418.149754
947.086682,133.998066,114.855485,-9418.149754
947.087309,76.570323,114.855485,-9418.149754
947.087937,76.570323,114.855485,-9418.149754
947.088564,76.570323,172.283227,-9456.434915
947.089191,133.998066,153.140646,-9399.007173
947.089819,76.570323,114.855485,-9418.149754
947.090446,133.998066,172.283227,-9418.149754
947.091074,57.427742,95.712904,-9399.007173
947.091701,114.855485,133.998066,-9360.722011
947.092328,153.140646,133.998066,-9399.007173
947.092956,133.998066,210.568389,-9418.149754
947.093583,38.285162,114.855485,-9418.149754
947.094210,76.570323,114.855485,-9418.149754
947.094838,76.570323,172.283227,-9360.722011
947.095465,57.427742,153.140646,-9360.722011
947.096092,172.283227,114.855485,-9379.864592
947.096720,172.283227,172.283227,-9379.864592
947.097347,76.570323,114.855485,-9418.149754
947.097975,95.712904,114.855485,-9437.292334
947.098602,133.998066,172.283227,-9418.149754
947.099229,133.998066,114.855485,-9418.149754
947.099857,95.712904,153.140646,-9418.149754
947.100484,95.712904,114.855485,-9418.149754
947.101111,38.285162,114.855485,-9418.149754
947.101739,95.712904,95.712904,-9399.007173
947.102366,133.998066,210.568389,-9418.149754
947.102993,133.998066,114.855485,-9418.149754
947.103621,76.570323,172.283227,-9456.434915
947.104248,57.427742,133.998066,-9360.722011
947.104876,76.570323,76.570323,-9379.864592
947.105503,95.712904,95.712904,-9399.007173
947.106130,114.855485,95.712904,-9437.292334
947.106758,133.998066,114.855485,-9418.149754
947.107385,133.998066,153.140646,-9418.149754
947.108012,133.998066,114.855485,-9437.292334
947.108640,133.998066,114.855485,-9418.149754
947.109267,133.998066,76.570323,-9379.864592
947.109894,133.998066,172.283227,-9399.007173
947.110522,133.998066,114.855485,-9418.149754
947.111149,76.570323,114.855485,-9418.149754
947.111777,95.712904,95.712904,-9399.007173
947.112404,133.998066,210.568389,-9399.007173
947.113031,38.285162,229.710970,-9418.149754
947.113659,76.570323,114.855485,-9418.149754
947.114286,95.712904,114.855485,-9437.292334
947.114913,76.570323,114.855485,-9418.149754
947.115541,76.570323,114.855485,-9418.149754
947.116168,133.998066,172.283227,-9418.149754
947.116795,95.712904,153.140646,-9418.149754
947.117423,57.427742,191.425808,-9418.149754
947.118050,76.570323,114.855485,-9418.149754
947.118678,76.570323,114.855485,-9418.149754
947.119305,133.998066,191.425808,-9456.434915
947.119932,133.998066,210.568389,-9418.149754
947.120560,76.570323,114.855485,-9418.149754
947.121187,76.570323,153.140646,-9418.149754
947.121814,95.712904,133.998066,-9360.722011
947.122442,133.998066,114.855485,-9418.149754
947.123069,114.855485,133.998066,-9360.722011
947.123696,76.570323,114.855485,-9418.149754
947.124324,76.570323,114.855485,-9418.149754
947.124951,76.570323,114.855485,-9456.434915
947.125579,38.285162,153.140646,-9418.149754
947.126206,133.998066,114.855485,-9418.149754
947.126833,95.712904,95.712904,-9399.007173
947.127461,57.427742,133.998066,-9360.722011
947.128088,133.998066,114.855485,-9418.149754
947.128715,133.998066,114.855485,-9456.434915
947.129343,153.140646,153.140646,-9399.007173
947.129970,76.570323,210.568389,-9418.149754
947.130597,95.712904,95.712904,-9399.007173
947.131225,95.712904,133.998066,-9341.579430
947.131852,133.998066,114.855485,-9418.149754
947.132480,133.998066,153.140646,-9360.722011
947.133107,76.570323,114.855485,-9418.149754
947.133734,133.998066,114.855485,-9418.149754
947.134362,133.998066,114.855485,-9418.149754
947.134989,95.712904,95.712904,-9399.007173
947.135616,76.570323,114.855485,-9456.434915
947.136244,76.570323,210.568389,-9418.149754
947.136871,38.285162,114.855485,-9418.149754
947.137498,76.570323,153.140646,-9418.149754
947.138126,76.570323,114.855485,-9418.149754
947.138753,133.998066,153.140646,-9399.007173
947.139381,76.570323,172.283227,-9418.149754
947.140008,38.285162,153.140646,-9418.149754
947.140635,76.570323,172.283227,-9418.149754
947.141263,76.570323,114.855485,-9437.292334
947.141890,114.855485,133.998066,-9360.722011
947.142517,133.998066,133.998066,-9456.434915
947.143145,153.140646,133.998066,-9399.007173
947.143772,95.712904,95.712904,-9456.434915
947.144399,133.998066,114.855485,-9418.149754
947.145027,95.712904,172.283227,-9418.149754
947.145654,38.285162,114.855485,-9437.292334
947.146282,38.285162,172.283227,-9418.149754
947.146909,133.998066,133.998066,-9399.007173
947.147536,38.285162,95.712904,-9399.007173
947.148164,38.285162,114.855485,-9418.149754
947.148791,76.570323,114.855485,-9418.149754
947.149418,95.712904,172.283227,-9360.722011
947.150046,133.998066,114.855485,-9437.292334
947.150673,76.570323,210.568389,-9418.149754
947.151300,38.285162,153.140646,-9418.149754
947.151928,133.998066,114.855485,-9437.292334
947.152555,38.285162,114.855485,-9418.149754
947.153183,95.712904,133.998066,-9360.722011
947.153810,95.712904,133.998066,-9360.722011
947.154437,76.570323,172.283227,-9418.149754
947.155065,153.140646,172.283227,-9399.007173
947.155692,76.570323,114.855485,-9418.149754
947.156319,133.998066,114.855485,-9418.149754
947.156947,191.425808,114.855485,-9399.007173
947.157574,76.570323,114.855485,-9418.149754
947.158201,153.140646,153.140646,-9399.007173
947.158829,38.285162,172.283227,-9418.149754
947.159456,133.998066,153.140646,-9418.149754
947.160084,153.140646,133.998066,-9399.007173
947.160711,153.140646,133.998066,-9399.007173
947.161338,153.140646,153.140646,-9456.434915
947.161966,76.570323,153.140646,-9456.434915
947.162593,95.712904,133.998066,-9360.722011
947.163220,76.570323,153.140646,-9437.292334
947.163848,76.570323,114.855485,-9418.149754
947.164475,133.998066,133.998066,-9399.007173
947.165102,95.712904,114.855485,-9399.007173
947.165730,133.998066,172.283227,-9399.007173
947.166357,95.712904,133.998066,-9360.722011
947.166985,95.712904,133.998066,-9360.722011
947.167612,38.285162,114.855485,-9456.434915
947.168240,95.712904,153.140646,-9360.722011
947.168867,76.570323,114.855485,-9418.149754
947.169495,95.712904,114.855485,-9456.434915
947.170122,95.712904,114.855485,-9418.149754
947.170750,76.570323,114.855485,-9418.149754
947.171377,133.998066,114.855485,-9418.149754
947.172005,133.998066,133.998066,-9399.007173
947.172632,95.712904,114.855485,-9418.149754
947.173260,76.570323,114.855485,-9418.149754
947.173887,95.712904,133.998066,-9360.722011
947.174515,95.712904,210.568389,-9418.149754
947.175142,114.855485,133.998066,-9360.722011
947.175770,133.998066,172.283227,-9418.149754
947.176397,114.855485,133.998066,-9360.722011
947.177025,76.570323,172.283227,-9418.149754
947.177652,133.998066,210.568389,-9418.149754
947.178280,133.998066,114.855485,-9418.149754
947.178907,133.998066,114.855485,-9360.722011
947.179535,76.570323,133.998066,-9341.579430
947.180162,133.998066,172.283227,-9418.149754
947.180790,76.570323,114.855485,-9418.149754
947.181417,133.998066,114.855485,-9418.149754
947.182044,76.570323,153.140646,-9418.149754
947.182672,133.998066,114.855485,-9418.149754
947.183299,133.998066,114.855485,-9418.149754
947.183927,133.998066,133.998066,-9399.007173
947.184554,95.712904,76.570323,-9322.436850
947.185182,133.998066,114.855485,-9418.149754
947.185809,153.140646,153.140646,-9399.007173
947.186437,114.855485,95.712904,-9399.007173
947.187064,95.712904,172.283227,-9399.007173
947.187692,38.285162,114.855485,-9418.149754
947.188319,95.712904,95.712904,-9399.007173
947.188947,76.570323,133.998066,-9360.722011
947.189574,95.712904,95.712904,-9399.007173
947.190202,38.285162,114.855485,-9418.149754
947.190829,76.570323,114.855485,-9456.434915
947.191457,76.570323,114.855485,-9418.149754
947.192084,38.285162,114.855485,-9418.149754
947.192712,114.855485,191.425808,-9360.722011
947.193339,76.570323,153.140646,-9418.149754
947.193967,38.285162,114.855485,-9418.149754
947.194594,133.998066,172.283227,-9418.149754
947.195222,95.712904,191.425808,-9360.722011
947.195849,38.285162,114.855485,-9418.149754
947.196477,95.712904,114.855485,-9494.720077
947.197104,133.998066,114.855485,-9418.149754
947.197732,133.998066,114.855485,-9418.149754
947.198359,38.285162,114.855485,-9418.149754
947.198986,38.285162,114.855485,-9418.149754
947.199614,114.855485,114.855485,-9399.007173
947.200241,76.570323,114.855485,-9475.577496
947.200869,133.998066,172.283227,-9418.149754
947.201496,76.570323,114.855485,-9418.149754
947.202124,76.570323,114.855485,-9418.149754
947.202751,114.855485,172.283227,-9360.722011
947.203379,76.570323,114.855485,-9418.149754
947.204006,76.570323,153.140646,-9418.149754
947.204634,95.712904,133.998066,-9360.722011
947.205261,133.998066,172.283227,-9418.149754
947.205889,76.570323,210.568389,-9418.149754
947.206516,76.570323,114.855485,-9418.149754
947.207144,114.855485,133.998066,-9360.722011
947.207771,76.570323,114.855485,-9418.149754
947.208399,95.712904,191.425808,-9418.149754
947.209026,95.712904,153.140646,-9360.722011
947.209654,38.285162,114.855485,-9418.149754
947.210281,133.998066,76.570323,-9322.436850
947.210909,76.570323,114.855485,-9418.149754
947.211536,95.712904,114.855485,-9418.149754
947.212164,153.140646,153.140646,-9399.007173
947.212791,76.570323,172.283227,-9437.292334
947.213419,76.570323,114.855485,-9399.007173
947.214046,38.285162,114.855485,-9418.149754
947.214674,95.712904,95.712904,-9399.007173
947.215301,95.712904,133.998066,-9418.149754
947.215928,95.712904,114.855485,-9418.149754
947.216556,114.855485,191.425808,-9322.436850
947.217183,76.570323,153.140646,-9418.149754
947.217811,76.570323,172.283227,-9437.292334
947.218438,133.998066,133.998066,-9399.007173
947.219066,38.285162,153.140646,-9418.149754
947.219693,133.998066,114.855485,-9418.149754
947.220321,95.712904,95.712904,-9399.007173
947.220948,153.140646,114.855485,-9418.149754
947.221576,153.140646,133.998066,-9399.007173
947.222203,114.855485,153.140646,-9399.007173
947.222831,133.998066,172.283227,-9418.149754
947.223458,133.998066,153.140646,-9418.149754
947.224086,76.570323,114.855485,-9456.434915
947.224713,76.570323,114.855485,-9456.434915
947.225341,114.855485,76.570323,-9418.149754
947.225968,76.570323,76.570323,-9379.864592
947.226596,133.998066,114.855485,-9418.149754
947.227223,133.998066,114.855485,-9437.292334
947.227851,114.855485,95.712904,-9456.434915
947.228478,76.570323,210.568389,-9437.292334
947.229106,76.570323,114.855485,-9418.149754
947.229733,153.140646,153.140646,-9399.007173
947.230361,76.570323,114.855485,-9418.149754
947.230988,76.570323,114.855485,-9360.722011
947.231616,76.570323,114.855485,-9456.434915
947.232243,133.998066,114.855485,-9437.292334
947.232870,76.570323,114.855485,-9418.149754
947.233498,76.570323,114.855485,-9418.149754
947.234125,76.570323,153.140646,-9418.149754
947.234753,76.570323,114.855485,-9418.149754
947.235380,133.998066,191.425808,-9418.149754
947.236008,133.998066,172.283227,-9379.864592
947.236635,114.855485,95.712904,-9399.007173
947.237263,95.712904,114.855485,-9418.149754
947.237890,133.998066,172.283227,-9475.577496
947.238518,133.998066,153.140646,-9418.149754
947.239145,76.570323,114.855485,-9418.149754
947.239773,114.855485,133.998066,-9360.722011
947.240400,133.998066,153.140646,-9437.292334
947.241028,133.998066,172.283227,-9418.149754
947.241655,76.570323,172.283227,-9418.149754
947.242283,133.998066,153.140646,-9418.149754
947.242910,153.140646,172.283227,-9399.007173
947.243538,76.570323,95.712904,-9456.434915
947.244165,76.570323,114.855485,-9418.149754
947.244793,133.998066,114.855485,-9418.149754
947.245420,153.140646,153.140646,-9399.007173
947.246048,133.998066,133.998066,-9399.007173
947.246675,38.285162,172.283227,-9418.149754
947.247303,38.285162,114.855485,-9418.149754
947.247930,95.712904,133.998066,-9360.722011
947.248558,76.570323,95.712904,-9399.007173
947.249185,133.998066,114.855485,-9418.149754
947.249812,133.998066,133.998066,-9399.007173
947.250440,76.570323,210.568389,-9418.149754
947.251067,95.712904,133.998066,-9360.722011
947.251695,172.283227,114.855485,-9379.864592
947.252322,38.285162,76.570323,-9379.864592
947.252950,95.712904,114.855485,-9399.007173
947.253577,57.427742,133.998066,-9360.722011
947.254205,95.712904,114.855485,-9418.149754
947.254832,133.998066,153.140646,-9418.149754
947.255460,38.285162,153.140646,-9418.149754
947.256087,95.712904,114.855485,-9456.434915
947.256715,153.140646,133.998066,-9399.007173
947.257342,133.998066,172.283227,-9418.149754
947.257970,76.570323,114.855485,-9418.149754
947.258597,38.285162,153.140646,-9418.149754
947.259225,95.712904,95.712904,-9399.007173
947.259852,57.427742,95.712904,-9379.864592
947.260480,133.998066,153.140646,-9418.149754
947.261107,76.570323,114.855485,-9418.149754
947.261735,0.000000,133.998066,-9360.722011
947.262362,76.570323,114.855485,-9418.149754
947.262990,133.998066,114.855485,-9456.434915
947.263617,76.570323,114.855485,-9418.149754
947.264245,133.998066,133.998066,-9399.007173
947.264872,38.285162,114.855485,-9437.292334
947.265500,133.998066,114.855485,-9418.149754
947.266127,153.140646,172.283227,-9399.007173
947.266754,76.570323,114.855485,-9437.292334
947.267382,76.570323,114.855485,-9418.149754
947.268009,95.712904,172.283227,-9360.722011
947.268637,76.570323,172.283227,-9418.149754
947.269264,76.570323,229.710970,-9418.149754
947.269892,76.570323,172.283227,-9418.149754
947.270519,38.285162,153.140646,-9418.149754
947.271147,114.855485,133.998066,-9360.722011
947.271774,133.998066,114.855485,-9418.149754
947.272402,57.427742,133.998066,-9360.722011
947.273029,76.570323,114.855485,-9418.149754
947.273657,76.570323,172.283227,-9418.149754
947.274284,76.570323,114.855485,-9418.149754
947.274912,76.570323,114.855485,-9418.149754
947.275539,76.570323,153.140646,-9418.149754
947.276167,133.998066,114.855485,-9418.149754
947.276794,133.998066,114.855485,-9418.149754
947.277422,76.570323,114.855485,-9418.149754
947.278049,114.855485,95.712904,-9399.007173
947.278677,95.712904,133.998066,-9418.149754
947.279304,95.712904,153.140646,-9360.722011
947.279932,95.712904,172.283227,-9360.722011
947.280559,76.570323,114.855485,-9418.149754
947.281187,114.855485,133.998066,-9360.722011
947.281814,76.570323,38.285162,-9399.007173
947.282442,133.998066,133.998066,-9456.434915
947.283069,76.570323,114.855485,-9418.149754
947.283697,76.570323,114.855485,-9418.149754
947.284324,114.855485,172.283227,-9379.864592
947.284952,153.140646,133.998066,-9379.864592
947.285579,114.855485,133.998066,-9360.722011
947.286207,114.855485,95.712904,-9399.007173
947.286834,38.285162,114.855485,-9418.149754
947.287462,76.570323,172.283227,-9418.149754
947.288089,95.712904,133.998066,-9360.722011
947.288717,57.427742,95.712904,-9399.007173
947.289344,114.855485,95.712904,-9399.007173
947.289972,172.283227,114.855485,-9379.864592
947.290599,133.998066,114.855485,-9418.149754
947.291227,153.140646,114.855485,-9418.149754
947.291854,133.998066,114.855485,-9437.292334
947.292482,153.140646,172.283227,-9399.007173
947.293109,133.998066,248.853550,-9456.434915
947.293737,114.855485,153.140646,-9360.722011
947.294364,38.285162,172.283227,-9418.149754
947.294992,153.140646,153.140646,-9399.007173
947.295619,38.285162,210.568389,-9418.149754
947.296247,38.285162,172.283227,-9418.149754
947.296874,95.712904,153.140646,-9418.149754
947.297502,114.855485,133.998066,-9360.722011
947.298129,133.998066,114.855485,-9418.149754
947.298757,114.855485,153.140646,-9360.722011
947.299384,133.998066,114.855485,-9418.149754
947.300012,95.712904,114.855485,-9399.007173
947.300639,133.998066,210.568389,-9418.149754
947.301267,95.712904,114.855485,-9418.149754
947.301894,95.712904,114.855485,-9418.149754
947.302522,153.140646,133.998066,-9399.007173
947.303149,153.140646,95.712904,-9360.722011
947.303777,76.570323,114.855485,-9437.292334
947.304404,153.140646,114.855485,-9418.149754
947.305032,76.570323,153.140646,-9418.149754
947.305659,95.712904,172.283227,-9418.149754
947.306287,153.140646,133.998066,-9399.007173
947.306914,172.283227,114.855485,-9399.007173
947.307542,76.570323,153.140646,-9418.149754
947.308169,153.140646,133.998066,-9399.007173
947.308796,172.283227,76.570323,-9418.149754
947.309424,133.998066,114.855485,-9418.149754
947.310051,133.998066,133.998066,-9399.007173
947.310679,57.427742,95.712904,-9399.007173
947.311306,133.998066,172.283227,-9418.149754
947.311934,153.140646,133.998066,-9399.007173
947.312561,153.140646,133.998066,-9399.007173
947.313189,133.998066,114.855485,-9418.149754
947.313816,38.285162,172.283227,-9418.149754
947.314444,76.570323,114.855485,-9418.149754
947.315071,76.570323,114.855485,-9418.149754
947.315699,114.855485,114.855485,-9399.007173
947.316326,133.998066,172.283227,-9418.149754
947.316954,76.570323,114.855485,-9418.149754
947.317581,133.998066,114.855485,-9418.149754
947.318209,133.998066,114.855485,-9418.149754
947.318836,38.285162,114.855485,-9418.149754
947.319464,76.570323,114.855485,-9418.149754
947.320091,38.285162,114.855485,-9456.434915
947.320719,114.855485,133.998066,-9418.149754
947.321346,133.998066,114.855485,-9456.434915
947.321974,76.570323,153.140646,-9418.149754
947.322601,76.570323,114.855485,-9418.149754
947.323229,76.570323,114.855485,-9418.149754
947.323856,133.998066,114.855485,-9437.292334
947.324484,38.285162,114.855485,-9418.149754
947.325111,133.998066,114.855485,-9475.577496
947.325739,19.142581,114.855485,-9418.149754
947.326366,38.285162,114.855485,-9418.149754
947.326994,133.998066,172.283227,-9418.149754
947.327621,133.998066,114.855485,-9418.149754
947.328249,133.998066,114.855485,-9533.005238
947.328876,57.427742,95.712904,-9399.007173
947.329504,38.285162,114.855485,-9418.149754
947.330131,38.285162,114.855485,-9418.149754
947.330759,38.285162,153.140646,-9418.149754
947.331386,38.285162,114.855485,-9418.149754
947.332014,38.285162,114.855485,-9418.149754
947.332641,95.712904,172.283227,-9494.720077
947.333269,76.570323,114.855485,-9418.149754
947.333896,38.285162,114.855485,-9418.149754
947.334524,38.285162,153.140646,-9418.149754
947.335151,133.998066,153.140646,-9418.149754
947.335779,38.285162,153.140646,-9418.149754
947.336406,76.570323,114.855485,-9418.149754
947.337034,95.712904,95.712904,-9399.007173
947.337661,133.998066,114.855485,-9418.149754
947.338289,133.998066,114.855485,-9418.149754
947.338916,133.998066,114.855485,-9418.149754
947.339544,76.570323,114.855485,-9418.149754
947.340171,76.570323,153.140646,-9456.434915
947.340799,38.285162,114.855485,-9437.292334
947.341426,38.285162,114.855485,-9475.577496
947.342054,172.283227,114.855485,-9379.864592
947.342681,133.998066,114.855485,-9418.149754
947.343309,38.285162,210.568389,-9418.149754
947.343936,133.998066,210.568389,-9360.722011
947.344564,95.712904,172.283227,-9360.722011
947.345191,76.570323,210.568389,-9456.434915
947.345819,76.570323,172.283227,-9418.149754
947.346446,76.570323,114.855485,-9418.149754
947.347074,76.570323,172.283227,-9418.149754
947.347701,114.855485,153.140646,-9360.722011
947.348329,133.998066,114.855485,-9418.149754
947.348956,38.285162,114.855485,-9418.149754
947.349584,76.570323,210.568389,-9418.149754
947.350211,114.855485,172.283227,-9341.579430
947.350838,38.285162,114.855485,-9418.149754
947.351466,38.285162,114.855485,-9418.149754
947.352093,133.998066,114.855485,-9418.149754
947.352721,133.998066,153.140646,-9456.434915
947.353348,133.998066,114.855485,-9418.149754
947.353976,76.570323,114.855485,-9418.149754
947.354603,38.285162,76.570323,-9379.864592
947.355231,76.570323,114.855485,-9456.434915
947.355858,76.570323,153.140646,-9437.292334
947.356486,133.998066,114.855485,-9437.292334
947.357113,133.998066,153.140646,-9399.007173
947.357741,95.712904,133.998066,-9360.722011
947.358368,76.570323,153.140646,-9418.149754
947.358996,133.998066,114.855485,-9418.149754
947.359623,95.712904,133.998066,-9360.722011
947.360251,76.570323,114.855485,-9456.434915
947.360878,133.998066,133.998066,-9456.434915
947.361506,76.570323,114.855485,-9437.292334
947.362133,95.712904,172.283227,-9418.149754
947.362761,133.998066,114.855485,-9418.149754
947.363388,153.140646,133.998066,-9456.434915
947.364016,114.855485,95.712904,-9399.007173
947.364643,95.712904,153.140646,-9360.722011
947.365271,133.998066,114.855485,-9418.149754
947.365898,76.570323,114.855485,-9418.149754
947.366526,76.570323,114.855485,-9437.292334
947.367153,38.285162,153.140646,-9437.292334
947.367781,133.998066,114.855485,-9418.149754
947.368408,76.570323,191.425808,-9418.149754
947.369036,95.712904,191.425808,-9360.722011
947.369663,76.570323,114.855485,-9456.434915
947.370291,76.570323,210.568389,-9456.434915
947.370918,76.570323,153.140646,-9437.292334
947.371546,95.712904,95.712904,-9399.007173
947.372173,133.998066,114.855485,-9418.149754
947.372800,133.998066,114.855485,-9437.292334
947.373428,133.998066,114.855485,-9418.149754
947.374055,133.998066,114.855485,-9418.149754
947.374683,38.285162,114.855485,-9456.434915
947.375310,76.570323,114.855485,-9418.149754
947.375938,95.712904,114.855485,-9418.149754
947.376565,95.712904,133.998066,-9360.722011
947.377193,133.998066,114.855485,-9418.149754
947.377820,76.570323,114.855485,-9418.149754
947.378448,76.570323,153.140646,-9494.720077
947.379075,133.998066,114.855485,-9418.149754
947.379703,76.570323,153.140646,-9418.149754
947.380330,76.570323,114.855485,-9418.149754
947.380958,133.998066,114.855485,-9418.149754
947.381585,76.570323,172.283227,-9437.292334
947.382212,153.140646,133.998066,-9399.007173
947.382840,133.998066,114.855485,-9418.149754
947.383467,133.998066,114.855485,-9418.149754
947.384095,114.855485,153.140646,-9341.579430
947.384722,133.998066,153.140646,-9418.149754
947.385350,133.998066,153.140646,-9418.149754
947.385977,76.570323,191.425808,-9418.149754
947.386605,76.570323,153.140646,-9418.149754
947.387232,133.998066,153.140646,-9399.007173
947.387860,153.140646,133.998066,-9399.007173
947.388487,133.998066,172.283227,-9418.149754
947.389115,76.570323,172.283227,-9418.149754
947.389742,133.998066,172.283227,-9418.149754
947.390370,76.570323,153.140646,-9418.149754
947.390997,153.140646,133.998066,-9456.434915
947.391625,133.998066,114.855485,-9418.149754
947.392252,95.712904,114.855485,-9418.149754
947.392879,95.712904,95.712904,-9437.292334
947.393507,76.570323,114.855485,-9418.149754
947.394134,133.998066,114.855485,-9418.149754
947.394762,133.998066,114.855485,-9437.292334
947.395389,95.712904,114.855485,-9399.007173
947.396017,95.712904,172.283227,-9360.722011
947.396644,133.998066,114.855485,-9418.149754
947.397272,76.570323,114.855485,-9418.149754
947.397899,76.570323,114.855485,-9437.292334
947.398527,95.712904,172.283227,-9418.149754
947.399154,133.998066,153.140646,-9418.149754
947.399782,133.998066,114.855485,-9418.149754
947.400409,114.855485,133.998066,-9341.579430
947.401037,133.998066,172.283227,-9399.007173
947.401664,76.570323,153.140646,-9418.149754
947.402291,76.570323,153.140646,-9418.149754
947.402919,57.427742,95.712904,-9399.007173
947.403546,38.285162,114.855485,-9360.722011
947.404174,76.570323,76.570323,-9379.864592
947.404801,133.998066,153.140646,-9418.149754
947.405429,76.570323,114.855485,-9418.149754
947.406056,38.285162,114.855485,-9418.149754
947.406684,76.570323,114.855485,-9418.149754
947.407311,133.998066,172.283227,-9418.149754
947.407939,76.570323,114.855485,-9418.149754
947.408566,76.570323,114.855485,-9437.292334
947.409194,95.712904,153.140646,-9418.149754
947.409821,133.998066,133.998066,-9399.007173
947.410449,95.712904,133.998066,-9360.722011
947.411076,76.570323,114.855485,-9418.149754
947.411704,76.570323,153.140646,-9418.149754
947.412331,95.712904,95.712904,-9399.007173
947.412958,57.427742,133.998066,-9360.722011
947.413586,95.712904,133.998066,-9418.149754
947.414213,95.712904,133.998066,-9360.722011
947.414841,76.570323,114.855485,-9418.149754
947.415468,95.712904,95.712904,-9399.007173
947.416096,133.998066,76.570323,-9379.864592
947.416723,133.998066,153.140646,-9418.149754
947.417351,57.427742,95.712904,-9437.292334
947.417978,76.570323,114.855485,-9418.149754
947.418606,38.285162,114.855485,-9418.149754
947.419233,114.855485,95.712904,-9399.007173
947.419861,76.570323,114.855485,-9418.149754
947.420488,114.855485,133.998066,-9360.722011
947.421116,133.998066,114.855485,-9418.149754
947.421743,76.570323,248.853550,-9379.864592
947.422370,76.570323,172.283227,-9418.149754
947.422998,76.570323,114.855485,-9456.434915
947.423625,76.570323,114.855485,-9418.149754
947.424253,114.855485,133.998066,-9418.149754
947.424880,133.998066,153.140646,-9418.149754
947.425508,133.998066,114.855485,-9418.149754
947.426135,76.570323,172.283227,-9494.720077
947.426763,76.570323,153.140646,-9418.149754
947.427390,133.998066,114.855485,-9418.149754
947.428018,133.998066,114.855485,-9418.149754
947.428645,210.568389,133.998066,-9399.007173
947.429273,76.570323,210.568389,-9456.434915
947.429900,76.570323,114.855485,-9418.149754
947.430528,76.570323,153.140646,-9418.149754
947.431155,76.570323,153.140646,-9418.149754
947.431783,133.998066,114.855485,-9418.149754
947.432410,133.998066,153.140646,-9399.007173
947.433037,57.427742,133.998066,-9360.722011
947.433665,76.570323,210.568389,-9456.434915
947.434292,133.998066,172.283227,-9399.007173
947.434920,133.998066,114.855485,-9418.149754
947.435547,38.285162,172.283227,-9418.149754
947.436175,133.998066,114.855485,-9418.149754
947.436802,133.998066,133.998066,-9399.007173
947.437430,133.998066,114.855485,-9456.434915
947.438057,114.855485,76.570323,-9456.434915
947.438685,153.140646,172.283227,-9360.722011
947.439312,57.427742,133.998066,-9360.722011
947.439940,133.998066,229.710970,-9360.722011
947.440567,76.570323,114.855485,-9418.149754
947.441195,133.998066,114.855485,-9418.149754
947.441822,133.998066,114.855485,-9418.149754
947.442450,38.285162,153.140646,-9418.149754
947.443077,133.998066,114.855485,-9437.292334
947.443704,133.998066,114.855485,-9418.149754
947.444332,38.285162,76.570323,-9379.864592
947.444959,76.570323,114.855485,-9418.149754
947.445587,38.285162,114.855485,-9418.149754
947.446214,76.570323,114.855485,-9418.149754
947.446842,133.998066,114.855485,-9437.292334
947.447469,114.855485,95.712904,-9399.007173
947.448097,38.285162,114.855485,-9418.149754
947.448724,133.998066,114.855485,-9418.149754
947.449352,38.285162,114.855485,-9418.149754
947.449979,38.285162,153.140646,-9418.149754
947.450607,57.427742,114.855485,-9418.149754
947.451234,76.570323,114.855485,-9456.434915
947.451862,133.998066,114.855485,-9418.149754
947.452489,133.998066,133.998066,-9437.292334
947.453116,76.570323,153.140646,-9437.292334
947.453744,76.570323,114.855485,-9418.149754
947.454371,76.570323,114.855485,-9418.149754
947.454999,133.998066,114.855485,-9360.722011
947.455626,38.285162,172.283227,-9418.149754
947.456254,153.140646,114.855485,-9418.149754
947.456881,133.998066,191.425808,-9437.292334
947.457509,133.998066,114.855485,-9418.149754
947.458136,76.570323,114.855485,-9418.149754
947.458764,133.998066,114.855485,-9418.149754
947.459391,38.285162,210.568389,-9418.149754
947.460019,95.712904,153.140646,-9418.149754
947.460646,133.998066,153.140646,-9418.149754
947.461274,76.570323,114.855485,-9399.007173
947.461901,57.427742,191.425808,-9360.722011
947.462529,95.712904,133.998066,-9360.722011
947.463156,133.998066,114.855485,-9418.149754
947.463783,95.712904,95.712904,-9399.007173
947.464411,172.283227,133.998066,-9360.722011
947.465038,114.855485,191.425808,-9360.722011
947.465666,76.570323,153.140646,-9418.149754
947.466293,19.142581,133.998066,-9456.434915
947.466921,76.570323,114.855485,-9475.577496
947.467548,95.712904,172.283227,-9360.722011
947.468176,57.427742,153.140646,-9456.434915
947.468803,76.570323,172.283227,-9456.434915
947.469431,133.998066,114.855485,-9437.292334
947.470058,76.570323,114.855485,-9399.007173
947.470685,57.427742,133.998066,-9360.722011
947.471313,133.998066,114.855485,-9437.292334
947.471940,133.998066,153.140646,-9418.149754
947.472568,76.570323,114.855485,-9418.149754
947.473195,76.570323,114.855485,-9437.292334
947.473823,76.570323,114.855485,-9437.292334
947.474450,95.712904,133.998066,-9360.722011
947.475078,114.855485,133.998066,-9360.722011
947.475705,133.998066,114.855485,-9418.149754
947.476332,95.712904,114.855485,-9418.149754
947.476960,76.570323,114.855485,-9418.149754
947.477587,76.570323,153.140646,-9437.292334
947.478215,38.285162,114.855485,-9418.149754
947.478842,38.285162,172.283227,-9418.149754
947.479470,76.570323,114.855485,-9418.149754
947.480097,76.570323,114.855485,-9418.149754
947.480725,114.855485,133.998066,-9360.722011
947.481352,95.712904,95.712904,-9399.007173
947.481979,76.570323,153.140646,-9418.149754
947.482607,133.998066,153.140646,-9418.149754
947.483234,133.998066,114.855485,-9418.149754
947.483862,114.855485,95.712904,-9399.007173
947.484489,133.998066,114.855485,-9437.292334
947.485117,133.998066,153.140646,-9418.149754
947.485744,153.140646,133.998066,-9456.434915
947.486372,76.570323,114.855485,-9437.292334
947.486999,133.998066,114.855485,-9418.149754
947.487626,114.855485,133.998066,-9360.722011
947.488254,114.855485,248.853550,-9360.722011
947.488881,114.855485,172.283227,-9379.864592
947.489509,57.427742,153.140646,-9360.722011
947.490136,95.712904,172.283227,-9360.722011
947.490764,76.570323,114.855485,-9437.292334
947.491391,133.998066,153.140646,-9399.007173
947.492019,57.427742,191.425808,-9418.149754
947.492646,133.998066,210.568389,-9418.149754
947.493273,76.570323,114.855485,-9418.149754
947.493901,133.998066,153.140646,-9399.007173
947.494528,133.998066,114.855485,-9456.434915
947.495156,76.570323,114.855485,-9418.149754
947.495783,95.712904,95.712904,-9399.007173
947.496411,76.570323,114.855485,-9418.149754
947.497038,153.140646,133.998066,-9399.007173
947.497666,76.570323,114.855485,-9418.149754
947.498293,57.427742,114.855485,-9360.722011
947.498920,153.140646,172.283227,-9456.434915
947.499548,172.283227,114.855485,-9379.864592
947.500175,114.855485,114.855485,-9437.292334
947.500803,95.712904,153.140646,-9456.434915
947.501430,133.998066,133.998066,-9399.007173
947.502058,57.427742,133.998066,-9360.722011
947.502685,38.285162,172.283227,-9418.149754
947.503313,76.570323,153.140646,-9418.149754
947.503940,114.855485,191.425808,-9360.722011
947.504567,95.712904,153.140646,-9418.149754
947.505195,95.712904,133.998066,-9360.722011
947.505822,133.998066,114.855485,-9456.434915
947.506450,133.998066,114.855485,-9418.149754
947.507077,114.855485,114.855485,-9379.864592
947.507705,133.998066,172.283227,-9418.149754
947.508332,153.140646,191.425808,-9399.007173
947.508960,133.998066,210.568389,-9475.577496
947.509587,95.712904,95.712904,-9494.720077
947.510214,95.712904,95.712904,-9437.292334
947.510842,76.570323,153.140646,-9418.149754
947.511469,133.998066,114.855485,-9418.149754
947.512097,133.998066,153.140646,-9437.292334
947.512724,76.570323,153.140646,-9418.149754
947.513352,76.570323,114.855485,-9418.149754
947.513979,133.998066,114.855485,-9418.149754
947.514607,95.712904,95.712904,-9456.434915
947.515234,95.712904,133.998066,-9360.722011
947.515861,76.570323,153.140646,-9456.434915
947.516489,95.712904,133.998066,-9360.722011
947.517116,76.570323,172.283227,-9418.149754
947.517744,76.570323,153.140646,-9437.292334
947.518371,38.285162,172.283227,-9456.434915
947.518999,38.285162,114.855485,-9418.149754
947.519626,133.998066,114.855485,-9456.434915
947.520254,114.855485,76.570323,-9418.149754
947.520881,95.712904,114.855485,-9418.149754
947.521508,153.140646,172.283227,-9399.007173
947.522136,133.998066,114.855485,-9418.149754
947.522763,133.998066,114.855485,-9360.722011
947.523391,133.998066,114.855485,-9418.149754
947.524018,133.998066,172.283227,-9418.149754
947.524646,95.712904,153.140646,-9360.722011
947.525273,95.712904,38.285162,-9399.007173
947.525901,133.998066,114.855485,-9418.149754
947.526528,38.285162,114.855485,-9418.149754
947.527155,133.998066,133.998066,-9399.007173
947.527783,153.140646,95.712904,-9360.722011
947.528410,114.855485,133.998066,-9360.722011
947.529038,76.570323,153.140646,-9418.149754
947.529665,133.998066,114.855485,-9418.149754
947.530293,38.285162,114.855485,-9456.434915
947.530920,133.998066,114.855485,-9418.149754
947.531548,133.998066,133.998066,-9399.007173
947.532175,76.570323,114.855485,-9418.149754
947.532802,38.285162,133.998066,-9360.722011
947.533430,114.855485,153.140646,-9360.722011
947.534057,76.570323,114.855485,-9418.149754
947.534685,57.427742,133.998066,-9360.722011
947.535312,76.570323,172.283227,-9360.722011
947.535940,38.285162,153.140646,-9418.149754
947.536567,95.712904,153.140646,-9418.149754
947.537195,76.570323,133.998066,-9360.722011
947.537822,95.712904,95.712904,-9399.007173
947.538449,76.570323,114.855485,-9418.149754
947.539077,133.998066,114.855485,-9418.149754
947.539704,57.427742,114.855485,-9399.007173
947.540332,76.570323,76.570323,-9399.007173
947.540959,95.712904,172.283227,-9360.722011
947.541587,153.140646,133.998066,-9399.007173
947.542214,95.712904,133.998066,-9360.722011
947.542842,153.140646,114.855485,-9418.149754
947.543469,95.712904,95.712904,-9399.007173
947.544096,153.140646,133.998066,-9437.292334
947.544724,133.998066,114.855485,-9418.149754
947.545351,133.998066,133.998066,-9399.007173
947.545979,76.570323,114.855485,-9418.149754
947.546606,76.570323,172.283227,-9418.149754
947.547234,38.285162,153.140646,-9418.149754
947.547861,76.570323,76.570323,-9379.864592
947.548489,95.712904,153.140646,-9418.149754
947.549116,76.570323,114.855485,-9418.149754
947.549743,133.998066,153.140646,-9418.149754
947.550371,153.140646,191.425808,-9399.007173
947.550998,76.570323,153.140646,-9456.434915
947.551626,172.283227,76.570323,-9456.434915
947.552253,133.998066,133.998066,-9399.007173
947.552881,133.998066,114.855485,-9418.149754
947.553508,76.570323,114.855485,-9418.149754
947.554136,133.998066,210.568389,-9437.292334
947.554763,38.285162,114.855485,-9418.149754
947.555391,57.427742,95.712904,-9456.434915
947.556018,133.998066,114.855485,-9456.434915
947.556645,133.998066,114.855485,-9418.149754
947.557273,38.285162,114.855485,-9418.149754
947.557900,114.855485,133.998066,-9360.722011
947.558528,133.998066,114.855485,-9418.149754
947.559155,76.570323,76.570323,-9379.864592
947.559783,114.855485,133.998066,-9360.722011
947.560410,172.283227,114.855485,-9379.864592
947.561038,114.855485,95.712904,-9513.862658
947.561665,76.570323,114.855485,-9418.149754
947.562292,76.570323,114.855485,-9418.149754
947.562920,95.712904,153.140646,-9418.149754
947.563547,114.855485,95.712904,-9399.007173
947.564175,133.998066,114.855485,-9418.149754
947.564802,76.570323,114.855485,-9418.149754
947.565430,95.712904,172.283227,-9360.722011
947.566057,153.140646,114.855485,-9418.149754
947.566685,76.570323,210.568389,-9418.149754
947.567312,76.570323,210.568389,-9418.149754
947.567939,38.285162,114.855485,-9418.149754
947.568567,76.570323,114.855485,-9418.149754
947.569194,76.570323,114.855485,-9418.149754
947.569822,76.570323,153.140646,-9418.149754
947.570449,76.570323,114.855485,-9437.292334
947.571077,76.570323,114.855485,-9418.149754
947.571704,133.998066,114.855485,-9418.149754
947.572331,38.285162,114.855485,-9418.149754
947.572959,114.855485,133.998066,-9360.722011
947.573586,19.142581,114.855485,-9418.149754
947.574214,38.285162,114.855485,-9360.722011
947.574841,76.570323,114.855485,-9418.149754
947.575468,114.855485,133.998066,-9360.722011
947.576096,95.712904,114.855485,-9399.007173
947.576723,38.285162,114.855485,-9456.434915
947.577351,76.570323,191.425808,-9360.722011
947.577978,38.285162,191.425808,-9360.722011
947.578606,95.712904,191.425808,-9360.722011
947.579233,76.570323,153.140646,-9418.149754
947.579860,76.570323,114.855485,-9437.292334
947.580488,133.998066,153.140646,-9437.292334
947.581115,133.998066,114.855485,-9418.149754
947.581743,114.855485,133.998066,-9360.722011
947.582370,133.998066,133.998066,-9456.434915
947.582997,76.570323,191.425808,-9418.149754
947.583625,133.998066,114.855485,-9418.149754
947.584252,57.427742,114.855485,-9399.007173
947.584880,133.998066,172.283227,-9418.149754
947.585507,76.570323,153.140646,-9437.292334
947.586134,133.998066,114.855485,-9418.149754
947.586762,133.998066,133.998066,-9399.007173
947.587389,38.285162,114.855485,-9418.149754
947.588017,95.712904,133.998066,-9360.722011
947.588644,76.570323,172.283227,-9418.149754
947.589271,76.570323,229.710970,-9418.149754
947.589899,133.998066,210.568389,-9456.434915
947.590526,95.712904,114.855485,-9418.149754
947.591154,76.570323,114.855485,-9418.149754
947.591781,76.570323,172.283227,-9418.149754
947.592409,76.570323,210.568389,-9418.149754
947.593036,133.998066,153.140646,-9418.149754
947.593663,76.570323,114.855485,-9418.149754
947.594291,38.285162,114.855485,-9418.149754
947.594918,114.855485,133.998066,-9360.722011
947.595546,76.570323,114.855485,-9418.149754
947.596173,95.712904,114.855485,-9437.292334
947.596800,95.712904,191.425808,-9360.722011
947.597428,76.570323,191.425808,-9418.149754
947.598055,114.855485,133.998066,-9341.579430
947.598683,76.570323,114.855485,-9418.149754
947.599310,76.570323,153.140646,-9418.149754
947.599937,133.998066,172.283227,-9418.149754
947.600565,133.998066,210.568389,-9418.149754
947.601192,133.998066,38.285162,-9418.149754
947.601820,133.998066,133.998066,-9399.007173
947.602447,133.998066,114.855485,-9418.149754
947.603074,76.570323,114.855485,-9418.149754
947.603702,133.998066,114.855485,-9494.720077
947.604329,114.855485,76.570323,-9418.149754
947.604957,133.998066,114.855485,-9418.149754
947.605584,76.570323,153.140646,-9418.149754
947.606212,133.998066,133.998066,-9399.007173
947.606839,38.285162,114.855485,-9418.149754
947.607466,172.283227,133.998066,-9418.149754
947.608094,210.568389,133.998066,-9399.007173
947.608721,76.570323,114.855485,-9418.149754
947.609349,133.998066,114.855485,-9418.149754
947.609976,38.285162,114.855485,-9418.149754
947.610603,76.570323,172.283227,-9418.149754
947.611231,76.570323,153.140646,-9418.149754
947.611858,114.855485,133.998066,-9360.722011
947.612486,153.140646,172.283227,-9399.007173
947.613113,153.140646,153.140646,-9399.007173
947.613740,133.998066,133.998066,-9399.007173
947.614368,76.570323,229.710970,-9418.149754
947.614995,76.570323,153.140646,-9418.149754
947.615623,95.712904,172.283227,-9418.149754
947.616250,153.140646,153.140646,-9418.149754
947.616877,133.998066,114.855485,-9418.149754
947.617505,114.855485,95.712904,-9399.007173
947.618132,76.570323,191.425808,-9418.149754
947.618760,76.570323,114.855485,-9456.434915
947.619387,133.998066,114.855485,-9437.292334
947.620015,133.998066,172.283227,-9418.149754
947.620642,76.570323,133.998066,-9360.722011
947.621269,114.855485,95.712904,-9399.007173
947.621897,38.285162,95.712904,-9456.434915
947.622524,114.855485,153.140646,-9360.722011
947.623152,114.855485,95.712904,-9399.007173
947.623779,133.998066,114.855485,-9418.149754
947.624406,133.998066,153.140646,-9418.149754
947.625034,133.998066,153.140646,-9418.149754
947.625661,153.140646,172.283227,-9399.007173
947.626289,133.998066,153.140646,-9418.149754
947.626916,133.998066,172.283227,-9418.149754
947.627543,133.998066,191.425808,-9418.149754
947.628171,76.570323,153.140646,-9418.149754
947.628798,95.712904,133.998066,-9360.722011
947.629426,57.427742,133.998066,-9418.149754
947.630053,133.998066,114.855485,-9418.149754
947.630680,133.998066,210.568389,-9456.434915
947.631308,76.570323,114.855485,-9418.149754
947.631935,133.998066,172.283227,-9437.292334
947.632563,133.998066,114.855485,-9418.149754
947.633190,114.855485,172.283227,-9360.722011
947.633818,76.570323,153.140646,-9418.149754
947.634445,114.855485,172.283227,-9418.149754
947.635072,38.285162,172.283227,-9418.149754
947.635700,133.998066,191.425808,-9418.149754
947.636327,76.570323,172.283227,-9437.292334
947.636955,133.998066,153.140646,-9418.149754
947.637582,114.855485,133.998066,-9360.722011
947.638209,172.283227,153.140646,-9360.722011
947.638837,76.570323,114.855485,-9418.149754
947.639464,153.140646,133.998066,-9399.007173
947.640092,133.998066,172.283227,-9418.149754
947.640719,153.140646,172.283227,-9399.007173
947.641346,38.285162,114.855485,-9418.149754
947.641974,95.712904,114.855485,-9418.149754
947.642601,76.570323,210.568389,-9456.434915
947.643229,76.570323,114.855485,-9418.149754
947.643856,114.855485,133.998066,-9360.722011
947.644483,57.427742,133.998066,-9360.722011
947.645111,76.570323,114.855485,-9418.149754
947.645738,114.855485,95.712904,-9399.007173
947.646366,114.855485,172.283227,-9360.722011
947.646993,76.570323,172.283227,-9418.149754
947.647620,133.998066,114.855485,-9418.149754
947.648248,133.998066,114.855485,-9418.149754
947.648875,133.998066,114.855485,-9418.149754
947.649503,133.998066,172.283227,-9418.149754
947.650130,76.570323,172.283227,-9418.149754
947.650758,76.570323,114.855485,-9418.149754
947.651385,76.570323,114.855485,-9418.149754
947.652012,95.712904,114.855485,-9418.149754
947.652640,76.570323,114.855485,-9418.149754
947.653267,38.285162,114.855485,-9418.149754
947.653895,95.712904,114.855485,-9437.292334
947.654522,76.570323,114.855485,-9418.149754
947.655149,76.570323,172.283227,-9418.149754
947.655777,38.285162,153.140646,-9418.149754
947.656404,95.712904,210.568389,-9418.149754
947.657032,95.712904,114.855485,-9418.149754
947.657659,57.427742,133.998066,-9418.149754
947.658286,95.712904,95.712904,-9399.007173
947.658914,38.285162,114.855485,-9418.149754
947.659541,76.570323,229.710970,-9437.292334
947.660169,114.855485,229.710970,-9399.007173
947.660796,76.570323,172.283227,-9418.149754
947.661423,153.140646,133.998066,-9456.434915
947.662051,133.998066,153.140646,-9418.149754
947.662678,76.570323,210.568389,-9418.149754
947.663306,133.998066,114.855485,-9418.149754
947.663933,153.140646,191.425808,-9399.007173
947.664561,95.712904,114.855485,-9494.720077
947.665188,76.570323,114.855485,-9418.149754
947.665815,95.712904,172.283227,-9418.149754
947.666443,76.570323,210.568389,-9418.149754
947.667070,76.570323,114.855485,-9418.149754
947.667698,38.285162,114.855485,-9418.149754
947.668325,76.570323,210.568389,-9418.149754
947.668952,76.570323,114.855485,-9437.292334
947.669580,76.570323,114.855485,-9456.434915
947.670207,133.998066,210.568389,-9418.149754
947.670835,38.285162,210.568389,-9418.149754
947.671462,76.570323,172.283227,-9456.434915
947.672090,38.285162,114.855485,-9456.434915
947.672717,76.570323,153.140646,-9418.149754
947.673345,95.712904,114.855485,-9418.149754
947.673972,76.570323,172.283227,-9418.149754
947.674600,76.570323,114.855485,-9418.149754
947.675227,95.712904,114.855485,-9418.149754
947.675855,133.998066,114.855485,-9437.292334
947.676482,133.998066,172.283227,-9418.149754
947.677110,133.998066,210.568389,-9341.579430
947.677737,76.570323,191.425808,-9360.722011
947.678365,38.285162,114.855485,-9494.720077
947.678992,76.570323,95.712904,-9399.007173
947.679620,95.712904,95.712904,-9399.007173
947.680247,76.570323,114.855485,-9418.149754
947.680875,57.427742,95.712904,-9399.007173
947.681502,133.998066,114.855485,-9418.149754
947.682130,133.998066,114.855485,-9418.149754
947.682757,114.855485,95.712904,-9399.007173
947.683385,153.140646,172.283227,-9399.007173
947.684012,133.998066,114.855485,-9418.149754
947.684640,133.998066,114.855485,-9418.149754
947.685267,76.570323,114.855485,-9418.149754
947.685895,95.712904,95.712904,-9379.864592
947.686522,95.712904,133.998066,-9341.579430
947.687150,95.712904,153.140646,-9418.149754
947.687777,95.712904,114.855485,-9418.149754
947.688405,76.570323,114.855485,-9418.149754
947.689032,38.285162,114.855485,-9418.149754
947.689660,38.285162,114.855485,-9418.149754
947.690287,38.285162,114.855485,-9418.149754
947.690915,76.570323,153.140646,-9456.434915
947.691542,76.570323,114.855485,-9418.149754
947.692170,133.998066,172.283227,-9418.149754
947.692797,114.855485,133.998066,-9360.722011
947.693425,76.570323,114.855485,-9418.149754
947.694052,76.570323,114.855485,-9418.149754
947.694680,76.570323,95.712904,-9399.007173
947.695307,76.570323,114.855485,-9418.149754
947.695935,76.570323,114.855485,-9418.149754
947.696562,133.998066,172.283227,-9360.722011
947.697190,76.570323,114.855485,-9360.722011
947.697817,133.998066,153.140646,-9418.149754
947.698445,153.140646,153.140646,-9399.007173
947.699072,38.285162,114.855485,-9418.149754
947.699700,133.998066,153.140646,-9437.292334
947.700327,153.140646,133.998066,-9399.007173
947.700955,210.568389,114.855485,-9379.864592
947.701582,76.570323,114.855485,-9437.292334
947.702210,95.712904,95.712904,-9399.007173
947.702837,38.285162,172.283227,-9418.149754
947.703465,19.142581,153.140646,-9360.722011
947.704092,57.427742,114.855485,-9418.149754
947.704720,38.285162,114.855485,-9418.149754
947.705347,133.998066,114.855485,-9437.292334
947.705975,95.712904,95.712904,-9399.007173
947.706602,95.712904,114.855485,-9418.149754
947.707230,57.427742,95.712904,-9399.007173
947.707857,95.712904,210.568389,-9418.149754
947.708485,133.998066,153.140646,-9418.149754
947.709112,133.998066,133.998066,-9399.007173
947.709740,153.140646,133.998066,-9399.007173
947.710367,57.427742,133.998066,-9379.864592
947.710995,133.998066,114.855485,-9456.434915
947.711622,153.140646,191.425808,-9418.149754
947.712250,76.570323,114.855485,-9437.292334
947.712877,95.712904,114.855485,-9418.149754
947.713505,57.427742,95.712904,-9399.007173
947.714132,57.427742,229.710970,-9360.722011
947.714760,114.855485,133.998066,-9360.722011
947.715387,76.570323,172.283227,-9360.722011
947.716015,95.712904,133.998066,-9418.149754
947.716642,76.570323,114.855485,-9418.149754
947.717270,133.998066,114.855485,-9456.434915
947.717897,76.570323,114.855485,-9475.577496
947.718525,76.570323,172.283227,-9418.149754
947.719152,76.570323,114.855485,-9360.722011
947.719779,95.712904,114.855485,-9418.149754
947.720407,76.570323,210.568389,-9418.149754
947.721034,95.712904,153.140646,-9418.149754
947.721662,133.998066,172.283227,-9399.007173
947.722289,133.998066,114.855485,-9418.149754
947.722917,76.570323,172.283227,-9418.149754
947.723544,153.140646,191.425808,-9399.007173
947.724172,133.998066,172.283227,-9456.434915
947.724799,95.712904,114.855485,-9437.292334
947.725427,133.998066,191.425808,-9418.149754
947.726054,76.570323,210.568389,-9418.149754
947.726682,133.998066,172.283227,-9418.149754
947.727309,76.570323,210.568389,-9418.149754
947.727937,38.285162,114.855485,-9418.149754
947.728564,76.570323,153.140646,-9418.149754
947.729192,133.998066,114.855485,-9418.149754
947.729819,76.570323,114.855485,-9418.149754
947.730447,38.285162,153.140646,-9418.149754
947.731074,38.285162,114.855485,-9418.149754
947.731702,133.998066,114.855485,-9418.149754
947.732329,76.570323,114.855485,-9418.149754
947.732957,95.712904,114.855485,-9418.149754
947.733584,133.998066,153.140646,-9418.149754
947.734212,76.570323,114.855485,-9418.149754
947.734839,95.712904,172.283227,-9418.149754
947.735467,76.570323,114.855485,-9418.149754
947.736094,95.712904,114.855485,-9418.149754
947.736722,76.570323,114.855485,-9418.149754
947.737349,114.855485,95.712904,-9437.292334
947.737977,153.140646,133.998066,-9379.864592
947.738604,133.998066,76.570323,-9379.864592
947.739232,133.998066,114.855485,-9437.292334
947.739859,38.285162,114.855485,-9418.149754
947.740487,114.855485,172.283227,-9360.722011
947.741114,114.855485,133.998066,-9360.722011
947.741742,95.712904,172.283227,-9418.149754
947.742369,133.998066,153.140646,-9437.292334
947.742997,95.712904,133.998066,-9360.722011
947.743624,95.712904,95.712904,-9399.007173
947.744252,95.712904,133.998066,-9360.722011
947.744879,76.570323,153.140646,-9456.434915
947.745507,133.998066,114.855485,-9418.149754
947.746134,133.998066,114.855485,-9418.149754
947.746762,76.570323,153.140646,-9399.007173
947.747389,114.855485,133.998066,-9360.722011
947.748017,153.140646,133.998066,-9399.007173
947.748644,153.140646,133.998066,-9399.007173
947.749272,76.570323,114.855485,-9418.149754
947.749899,95.712904,133.998066,-9360.722011
947.750527,76.570323,172.283227,-9360.722011
947.751154,133.998066,76.570323,-9379.864592
947.751782,133.998066,133.998066,-9456.434915
947.752409,57.427742,133.998066,-9360.722011
947.753037,38.285162,114.855485,-9418.149754
947.753664,95.712904,210.568389,-9456.434915
947.754292,76.570323,210.568389,-9437.292334
947.754919,95.712904,133.998066,-9360.722011
947.755547,76.570323,153.140646,-9418.149754
947.756174,76.570323,172.283227,-9437.292334
947.756802,172.283227,114.855485,-9379.864592
947.757429,133.998066,114.855485,-9418.149754
947.758057,76.570323,114.855485,-9418.149754
947.758684,153.140646,153.140646,-9418.149754
947.759312,133.998066,114.855485,-9418.149754
947.759939,133.998066,114.855485,-9418.149754
947.760567,76.570323,153.140646,-9418.149754
947.761194,38.285162,114.855485,-9418.149754
947.761822,153.140646,153.140646,-9399.007173
947.762449,76.570323,114.855485,-9437.292334
947.763077,133.998066,114.855485,-9418.149754
947.763704,76.570323,172.283227,-9418.149754
947.764332,133.998066,172.283227,-9418.149754
947.764959,133.998066,133.998066,-9399.007173
947.765587,76.570323,114.855485,-9437.292334
947.766214,95.712904,133.998066,-9360.722011
947.766842,76.570323,114.855485,-9456.434915
947.767469,153.140646,172.283227,-9399.007173
947.768097,38.285162,114.855485,-9418.149754
947.768724,133.998066,114.855485,-9418.149754
947.769352,38.285162,114.855485,-9418.149754
947.769979,76.570323,172.283227,-9418.149754
947.770607,133.998066,153.140646,-9437.292334
947.771234,133.998066,114.855485,-9456.434915
947.771862,133.998066,114.855485,-9418.149754
947.772489,95.712904,114.855485,-9418.149754
947.773117,133.998066,153.140646,-9418.149754
947.773744,76.570323,114.855485,-9418.149754
947.774372,133.998066,114.855485,-9418.149754
947.774999,133.998066,114.855485,-9418.149754
947.775627,133.998066,114.855485,-9418.149754
947.776254,76.570323,153.140646,-9456.434915
947.776882,133.998066,114.855485,-9418.149754
947.777509,76.570323,172.283227,-9437.292334
947.778137,114.855485,172.283227,-9322.436850
947.778764,95.712904,191.425808,-9360.722011
947.779392,133.998066,191.425808,-9399.007173
947.780019,133.998066,172.283227,-9418.149754
947.780647,133.998066,153.140646,-9437.292334
947.781274,133.998066,153.140646,-9418.149754
947.781902,95.712904,133.998066,-9360.722011
947.782529,38.285162,114.855485,-9418.149754
947.783157,133.998066,153.140646,-9418.149754
947.783784,38.285162,172.283227,-9418.149754
947.784412,95.712904,114.855485,-9456.434915
947.785039,76.570323,114.855485,-9418.149754
947.785667,133.998066,114.855485,-9418.149754
947.786294,19.142581,114.855485,-9437.292334
947.786922,95.712904,114.855485,-9456.434915
947.787549,133.998066,153.140646,-9437.292334
947.788177,133.998066,133.998066,-9399.007173
947.788804,76.570323,114.855485,-9418.149754
947.789432,133.998066,153.140646,-9418.149754
947.790059,153.140646,133.998066,-9399.007173
947.790687,133.998066,172.283227,-9418.149754
947.791314,38.285162,153.140646,-9456.434915
947.791942,95.712904,133.998066,-9360.722011
947.792569,95.712904,133.998066,-9360.722011
947.793197,19.142581,114.855485,-9418.149754
947.793824,76.570323,172.283227,-9456.434915
947.794452,38.285162,114.855485,-9418.149754
947.795079,76.570323,114.855485,-9418.149754
947.795707,133.998066,172.283227,-9418.149754
947.796334,38.285162,114.855485,-9418.149754
947.796962,38.285162,172.283227,-9418.149754
947.797589,133.998066,114.855485,-9418.149754
947.798217,76.570323,229.710970,-9418.149754
947.798844,76.570323,153.140646,-9418.149754
947.799472,76.570323,114.855485,-9418.149754
947.800099,133.998066,114.855485,-9418.149754
947.800727,76.570323,114.855485,-9418.149754
947.801354,133.998066,114.855485,-9418.149754
947.801982,95.712904,95.712904,-9399.007173
947.802609,114.855485,133.998066,-9360.722011
947.803237,153.140646,133.998066,-9399.007173
947.803864,76.570323,210.568389,-9418.149754
947.804492,76.570323,153.140646,-9360.722011
947.805119,76.570323,114.855485,-9418.149754
947.805747,38.285162,114.855485,-9475.577496
947.806374,38.285162,114.855485,-9360.722011
947.807002,95.712904,133.998066,-9360.722011
947.807629,38.285162,172.283227,-9418.149754
947.808257,38.285162,114.855485,-9418.149754
947.808884,133.998066,172.283227,-9418.149754
947.809512,76.570323,172.283227,-9418.149754
947.810139,95.712904,95.712904,-9456.434915
947.810767,76.570323,210.568389,-9418.149754
947.811394,76.570323,114.855485,-9418.149754
947.812022,76.570323,153.140646,-9456.434915
947.812649,38.285162,172.283227,-9418.149754
947.813277,38.285162,210.568389,-9437.292334
947.813904,76.570323,153.140646,-9418.149754
947.814532,133.998066,210.568389,-9418.149754
947.815159,76.570323,153.140646,-9360.722011
947.815787,95.712904,133.998066,-9360.722011
947.816414,95.712904,114.855485,-9418.149754
947.817042,95.712904,153.140646,-9360.722011
947.817669,95.712904,153.140646,-9360.722011
947.818297,38.285162,114.855485,-9456.434915
947.818924,114.855485,114.855485,-9399.007173
947.819552,76.570323,153.140646,-9437.292334
947.820179,76.570323,114.855485,-9418.149754
947.820807,76.570323,95.712904,-9399.007173
947.821434,76.570323,210.568389,-9437.292334
947.822062,114.855485,191.425808,-9418.149754
947.822689,153.140646,133.998066,-9399.007173
947.823317,133.998066,114.855485,-9418.149754
947.823944,153.140646,133.998066,-9399.007173
947.824572,76.570323,153.140646,-9475.577496
947.825199,172.283227,114.855485,-9379.864592
947.825827,76.570323,114.855485,-9418.149754
947.826454,76.570323,114.855485,-9418.149754
947.827081,95.712904,95.712904,-9399.007173
947.827709,210.568389,191.425808,-9399.007173
947.828336,95.712904,114.855485,-9418.149754
947.828964,114.855485,133.998066,-9360.722011
947.829591,133.998066,172.283227,-9399.007173
947.830219,153.140646,133.998066,-9379.864592
947.830846,133.998066,153.140646,-9418.149754
947.831474,153.140646,133.998066,-9399.007173
947.832101,133.998066,114.855485,-9437.292334
947.832729,114.855485,133.998066,-9360.722011
947.833356,57.427742,153.140646,-9360.722011
947.833984,76.570323,114.855485,-9418.149754
947.834611,114.855485,95.712904,-9399.007173
947.835239,153.140646,133.998066,-9399.007173
947.835866,76.570323,210.568389,-9418.149754
947.836494,38.285162,114.855485,-9418.149754
947.837121,38.285162,114.855485,-9360.722011
947.837749,38.285162,153.140646,-9437.292334
947.838376,57.427742,114.855485,-9379.864592
947.839004,38.285162,114.855485,-9418.149754
947.839631,76.570323,153.140646,-9418.149754
947.840259,133.998066,114.855485,-9418.149754
947.840886,133.998066,133.998066,-9399.007173
947.841514,133.998066,114.855485,-9418.149754
947.842141,133.998066,172.283227,-9418.149754
947.842769,76.570323,172.283227,-9437.292334
947.843396,76.570323,210.568389,-9418.149754
947.844024,133.998066,153.140646,-9418.149754
947.844651,133.998066,153.140646,-9418.149754
947.845279,76.570323,153.140646,-9437.292334
947.845906,76.570323,114.855485,-9437.292334
947.846534,76.570323,114.855485,-9456.434915
947.847161,76.570323,114.855485,-9418.149754
947.847789,133.998066,114.855485,-9437.292334
947.848416,114.855485,95.712904,-9399.007173
947.849044,76.570323,133.998066,-9360.722011
947.849671,57.427742,210.568389,-9418.149754
947.850299,133.998066,114.855485,-9456.434915
947.850926,38.285162,153.140646,-9418.149754
947.851554,19.142581,114.855485,-9418.149754
947.852181,38.285162,210.568389,-9437.292334
947.852809,133.998066,114.855485,-9475.577496
947.853436,76.570323,114.855485,-9418.149754
947.854064,76.570323,210.568389,-9475.577496
947.854691,153.140646,172.283227,-9437.292334
947.855319,133.998066,114.855485,-9418.149754
947.855946,133.998066,172.283227,-9437.292334
947.856574,76.570323,114.855485,-9456.434915
947.857201,153.140646,153.140646,-9399.007173
947.857829,133.998066,133.998066,-9399.007173
947.858456,76.570323,172.283227,-9418.149754
947.859084,133.998066,114.855485,-9418.149754
947.859711,133.998066,172.283227,-9456.434915
947.860339,76.570323,114.855485,-9456.434915
947.860966,38.285162,114.855485,-9418.149754
947.861594,38.285162,114.855485,-9437.292334
947.862221,172.283227,114.855485,-9379.864592
947.862849,153.140646,133.998066,-9399.007173
947.863476,133.998066,114.855485,-9418.149754
947.864104,95.712904,95.712904,-9456.434915
947.864731,133.998066,153.140646,-9418.149754
947.865359,95.712904,172.283227,-9418.149754
947.865986,76.570323,172.283227,-9418.149754
947.866614,153.140646,133.998066,-9399.007173
947.867241,38.285162,114.855485,-9475.577496
947.867869,153.140646,133.998066,-9399.007173
947.868496,133.998066,114.855485,-9418.149754
947.869124,76.570323,153.140646,-9418.149754
947.869751,95.712904,210.568389,-9418.149754
947.870379,38.285162,114.855485,-9418.149754
947.871006,133.998066,172.283227,-9418.149754
947.871634,76.570323,172.283227,-9418.149754
947.872261,153.140646,153.140646,-9399.007173
947.872889,133.998066,153.140646,-9418.149754
947.873516,76.570323,153.140646,-9418.149754
947.874143,133.998066,172.283227,-9418.149754
947.874771,133.998066,172.283227,-9418.149754
947.875398,95.712904,133.998066,-9360.722011
947.876026,76.570323,210.568389,-9418.149754
947.876653,133.998066,114.855485,-9418.149754
947.877281,76.570323,114.855485,-9418.149754
947.877908,133.998066,133.998066,-9399.007173
947.878536,133.998066,114.855485,-9418.149754
947.879163,76.570323,114.855485,-9437.292334
947.879791,57.427742,133.998066,-9360.722011
947.880418,38.285162,172.283227,-9418.149754
947.881045,38.285162,210.568389,-9418.149754
947.881673,133.998066,114.855485,-9418.149754
947.882300,76.570323,114.855485,-9418.149754
947.882928,133.998066,114.855485,-9418.149754
947.883555,95.712904,210.568389,-9360.722011
947.884183,133.998066,114.855485,-9418.149754
947.884810,95.712904,153.140646,-9360.722011
947.885438,38.285162,210.568389,-9418.149754
947.886065,133.998066,114.855485,-9418.149754
947.886693,153.140646,133.998066,-9399.007173
947.887320,153.140646,133.998066,-9437.292334
947.887947,114.855485,172.283227,-9360.722011
947.888575,38.285162,114.855485,-9360.722011
947.889202,76.570323,210.568389,-9418.149754
947.889830,76.570323,114.855485,-9418.149754
947.890457,153.140646,133.998066,-9418.149754
947.891085,38.285162,114.855485,-9418.149754
947.891712,133.998066,114.855485,-9360.722011
947.892340,114.855485,95.712904,-9399.007173
947.892967,76.570323,114.855485,-9437.292334
947.893595,133.998066,114.855485,-9418.149754
947.894222,153.140646,210.568389,-9456.434915
947.894849,76.570323,114.855485,-9437.292334
947.895477,38.285162,153.140646,-9418.149754
947.896104,114.855485,76.570323,-9418.149754
947.896732,38.285162,95.712904,-9418.149754
947.897359,76.570323,76.570323,-9379.864592
947.897987,153.140646,133.998066,-9399.007173
947.898614,76.570323,114.855485,-9437.292334
947.899242,133.998066,153.140646,-9418.149754
947.899869,76.570323,114.855485,-9418.149754
947.900496,76.570323,114.855485,-9418.149754
947.901124,95.712904,95.712904,-9399.007173
947.901751,38.285162,95.712904,-9399.007173
947.902379,95.712904,114.855485,-9418.149754
947.903006,95.712904,133.998066,-9360.722011
947.903634,133.998066,114.855485,-9418.149754
947.904261,38.285162,114.855485,-9418.149754
947.904889,95.712904,133.998066,-9360.722011
947.905516,133.998066,114.855485,-9418.149754
947.906144,133.998066,153.140646,-9399.007173
947.906771,76.570323,114.855485,-9418.149754
947.907398,76.570323,114.855485,-9418.149754
947.908026,76.570323,114.855485,-9418.149754
947.908653,133.998066,133.998066,-9399.007173
947.909281,95.712904,133.998066,-9360.722011
947.909908,114.855485,133.998066,-9360.722011
947.910536,95.712904,95.712904,-9456.434915
947.911163,114.855485,172.283227,-9360.722011
947.911791,76.570323,114.855485,-9418.149754
947.912418,114.855485,191.425808,-9360.722011
947.913046,76.570323,114.855485,-9418.149754
947.913673,76.570323,114.855485,-9418.149754
947.914300,38.285162,114.855485,-9418.149754
947.914928,38.285162,95.712904,-9418.149754
947.915555,95.712904,95.712904,-9456.434915
947.916183,38.285162,114.855485,-9418.149754
947.916810,133.998066,114.855485,-9418.149754
947.917438,95.712904,95.712904,-9399.007173
947.918065,76.570323,114.855485,-9418.149754
947.918693,133.998066,114.855485,-9418.149754
947.919320,76.570323,76.570323,-9379.864592
947.919948,57.427742,114.855485,-9399.007173
947.920575,76.570323,95.712904,-9399.007173
947.921202,38.285162,114.855485,-9418.149754
947.921830,95.712904,114.855485,-9418.149754
947.922457,76.570323,114.855485,-9456.434915
947.923085,133.998066,133.998066,-9399.007173
947.923712,133.998066,114.855485,-9475.577496
947.924340,133.998066,133.998066,-9456.434915
947.924967,133.998066,172.283227,-9418.149754
947.925595,133.998066,133.998066,-9399.007173
947.926222,133.998066,153.140646,-9399.007173
947.926850,133.998066,133.998066,-9399.007173
947.927477,38.285162,153.140646,-9418.149754
947.928104,38.285162,114.855485,-9418.149754
947.928732,133.998066,114.855485,-9418.149754
947.929359,95.712904,114.855485,-9418.149754
947.929987,114.855485,153.140646,-9360.722011
947.930614,95.712904,95.712904,-9456.434915
947.931242,133.998066,114.855485,-9418.149754
947.931869,76.570323,114.855485,-9418.149754
947.932497,76.570323,210.568389,-9456.434915
947.933124,95.712904,114.855485,-9475.577496
947.933751,133.998066,172.283227,-9399.007173
947.934379,191.425808,153.140646,-9379.864592
947.935006,95.712904,133.998066,-9360.722011
947.935634,153.140646,114.855485,-9418.149754
947.936261,153.140646,133.998066,-9399.007173
947.936889,133.998066,172.283227,-9418.149754
947.937516,133.998066,133.998066,-9399.007173
947.938144,38.285162,114.855485,-9418.149754
947.938771,76.570323,153.140646,-9360.722011
947.939399,133.998066,114.855485,-9418.149754
947.940026,76.570323,153.140646,-9418.149754
947.940653,95.712904,114.855485,-9418.149754
947.941281,153.140646,172.283227,-9437.292334
947.941908,133.998066,114.855485,-9418.149754
947.942536,133.998066,114.855485,-9418.149754
947.943163,133.998066,114.855485,-9418.149754
947.943791,133.998066,133.998066,-9399.007173
947.944418,114.855485,153.140646,-9360.722011
947.945046,95.712904,133.998066,-9418.149754
947.945673,76.570323,153.140646,-9437.292334
947.946301,76.570323,114.855485,-9418.149754
947.946928,76.570323,114.855485,-9437.292334
947.947555,133.998066,172.283227,-9418.149754
947.948183,114.855485,133.998066,-9360.722011
947.948810,172.283227,76.570323,-9418.149754
947.949438,114.855485,95.712904,-9399.007173
947.950065,172.283227,114.855485,-9379.864592
947.950693,133.998066,114.855485,-9418.149754
947.951320,38.285162,210.568389,-9456.434915
947.951948,153.140646,248.853550,-9399.007173
947.952575,114.855485,172.283227,-9360.722011
947.953203,38.285162,172.283227,-9418.149754
947.953830,76.570323,210.568389,-9418.149754
947.954457,133.998066,172.283227,-9418.149754
947.955085,76.570323,210.568389,-9456.434915
947.955712,76.570323,172.283227,-9418.149754
947.956340,76.570323,210.568389,-9418.149754
947.956967,114.855485,76.570323,-9379.864592
947.957595,133.998066,114.855485,-9437.292334
947.958222,153.140646,133.998066,-9494.720077
947.958850,38.285162,229.710970,-9418.149754
947.959477,95.712904,114.855485,-9418.149754
947.960105,133.998066,114.855485,-9360.722011
947.960732,114.855485,133.998066,-9360.722011
947.961359,133.998066,153.140646,-9418.149754
947.961987,133.998066,210.568389,-9418.149754
947.962614,172.283227,229.710970,-9322.436850
947.963242,114.855485,287.138712,-9399.007173
947.963869,95.712904,153.140646,-9360.722011
947.964497,153.140646,172.283227,-9418.149754
947.965124,133.998066,133.998066,-9399.007173
947.965752,133.998066,153.140646,-9456.434915
947.966379,95.712904,114.855485,-9418.149754
947.967006,133.998066,153.140646,-9418.149754
947.967634,76.570323,114.855485,-9399.007173
947.968261,153.140646,133.998066,-9399.007173
947.968889,133.998066,114.855485,-9494.720077
947.969516,95.712904,210.568389,-9418.149754
947.970144,76.570323,172.283227,-9475.577496
947.970771,133.998066,114.855485,-9418.149754
947.971399,76.570323,114.855485,-9418.149754
947.972026,76.570323,114.855485,-9418.149754
947.972654,76.570323,114.855485,-9475.577496
947.973281,133.998066,114.855485,-9418.149754
947.973909,76.570323,172.283227,-9360.722011
947.974536,76.570323,153.140646,-9418.149754
947.975164,76.570323,114.855485,-9437.292334
947.975791,38.285162,153.140646,-9418.149754
947.976419,153.140646,76.570323,-9399.007173
947.977047,95.712904,114.855485,-9418.149754
947.977674,76.570323,114.855485,-9437.292334
947.978302,76.570323,172.283227,-9418.149754
947.978929,133.998066,114.855485,-9418.149754
947.979557,114.855485,133.998066,-9360.722011
947.980184,38.285162,114.855485,-9418.149754
947.980812,133.998066,210.568389,-9418.149754
947.981440,133.998066,114.855485,-9418.149754
947.982067,133.998066,114.855485,-9418.149754
947.982695,38.285162,153.140646,-9418.149754
947.983322,95.712904,95.712904,-9399.007173
947.983950,133.998066,114.855485,-9418.149754
947.984577,153.140646,133.998066,-9437.292334
947.985205,95.712904,114.855485,-9456.434915
947.985833,76.570323,114.855485,-9418.149754
947.986460,153.140646,153.140646,-9399.007173
947.987088,133.998066,114.855485,-9456.434915
947.987715,76.570323,153.140646,-9418.149754
947.988343,114.855485,153.140646,-9360.722011
947.988970,76.570323,114.855485,-9418.149754
947.989598,76.570323,114.855485,-9456.434915
947.990226,95.712904,114.855485,-9456.434915
947.990853,133.998066,114.855485,-9456.434915
947.991481,76.570323,114.855485,-9418.149754
947.992108,114.855485,133.998066,-9360.722011
947.992736,76.570323,153.140646,-9418.149754
947.993363,95.712904,210.568389,-9360.722011
947.993991,114.855485,95.712904,-9456.434915
947.994619,76.570323,114.855485,-9418.149754
947.995246,133.998066,114.855485,-9418.149754
947.995874,153.140646,133.998066,-9399.007173
947.996501,114.855485,133.998066,-9360.722011
947.997129,76.570323,153.140646,-9418.149754
947.997756,38.285162,114.855485,-9418.149754
947.998384,76.570323,114.855485,-9418.149754
947.999012,76.570323,114.855485,-9418.149754
947.999639,133.998066,76.570323,-9379.864592
948.000267,114.855485,153.140646,-9341.579430
948.000894,95.712904,95.712904,-9399.007173
948.001522,95.712904,133.998066,-9360.722011
948.002149,76.570323,114.855485,-9418.149754
948.002777,76.570323,153.140646,-9418.149754
948.003405,95.712904,114.855485,-9418.149754
948.004032,95.712904,172.283227,-9437.292334
948.004660,153.140646,172.283227,-9379.864592
948.005287,57.427742,133.998066,-9360.722011
948.005915,76.570323,114.855485,-9437.292334
948.006542,133.998066,114.855485,-9418.149754
948.007170,114.855485,133.998066,-9360.722011
948.007797,133.998066,153.140646,-9418.149754
948.008425,114.855485,153.140646,-9360.722011
948.009053,133.998066,114.855485,-9418.149754
948.009680,95.712904,172.283227,-9360.722011
948.010308,95.712904,153.140646,-9360.722011
948.010935,114.855485,191.425808,-9360.722011
948.011563,76.570323,153.140646,-9418.149754
948.012190,38.285162,114.855485,-9418.149754
948.012818,38.285162,76.570323,-9379.864592
948.013446,57.427742,133.998066,-9360.722011
948.014073,76.570323,114.855485,-9456.434915
948.014701,133.998066,114.855485,-9418.149754
948.015328,114.855485,133.998066,-9360.722011
948.015956,57.427742,133.998066,-9360.722011
948.016583,133.998066,76.570323,-9379.864592
948.017211,114.855485,133.998066,-9360.722011
948.017839,133.998066,172.283227,-9418.149754
948.018466,38.285162,114.855485,-9418.149754
948.019094,38.285162,114.855485,-9456.434915
948.019721,76.570323,114.855485,-9418.149754
948.020349,114.855485,76.570323,-9418.149754
948.020976,133.998066,114.855485,-9418.149754
948.021604,57.427742,95.712904,-9437.292334
948.022232,133.998066,172.283227,-9418.149754
948.022859,38.285162,114.855485,-9456.434915
948.023487,76.570323,114.855485,-9418.149754
948.024114,76.570323,114.855485,-9418.149754
948.024742,133.998066,153.140646,-9418.149754
948.025369,76.570323,114.855485,-9437.292334
948.025997,76.570323,153.140646,-9418.149754
948.026625,95.712904,153.140646,-9360.722011
948.027252,133.998066,172.283227,-9437.292334
948.027880,114.855485,95.712904,-9456.434915
948.028507,114.855485,133.998066,-9360.722011
948.029135,95.712904,114.855485,-9418.149754
948.029762,95.712904,172.283227,-9418.149754
948.030390,133.998066,191.425808,-9418.149754
948.031018,95.712904,114.855485,-9418.149754
948.031645,76.570323,172.283227,-9418.149754
948.032273,38.285162,153.140646,-9418.149754
948.032900,76.570323,210.568389,-9418.149754
948.033528,95.712904,133.998066,-9360.722011
948.034155,133.998066,153.140646,-9360.722011
948.034783,133.998066,114.855485,-9418.149754
948.035411,76.570323,114.855485,-9418.149754
948.036038,57.427742,95.712904,-9399.007173
948.036666,95.712904,153.140646,-9360.722011
948.037293,95.712904,114.855485,-9418.149754
948.037921,76.570323,114.855485,-9418.149754
948.038548,114.855485,153.140646,-9360.722011
948.039176,133.998066,114.855485,-9418.149754
948.039804,133.998066,114.855485,-9418.149754
948.040431,133.998066,114.855485,-9418.149754
948.041059,95.712904,95.712904,-9322.436850
948.041686,38.285162,114.855485,-9360.722011
948.042314,38.285162,114.855485,-9418.149754
948.042941,57.427742,153.140646,-9418.149754
948.043569,76.570323,114.855485,-9418.149754
948.044197,95.712904,153.140646,-9418.149754
948.044824,76.570323,210.568389,-9418.149754
948.045452,95.712904,114.855485,-9418.149754
948.046079,114.855485,248.853550,-9341.579430
948.046707,95.712904,133.998066,-9360.722011
948.047334,114.855485,153.140646,-9418.149754
948.047962,76.570323,114.855485,-9418.149754
948.048590,76.570323,133.998066,-9360.722011
948.049217,133.998066,114.855485,-9418.149754
948.049845,133.998066,114.855485,-9418.149754
948.050472,133.998066,114.855485,-9437.292334
948.051100,76.570323,114.855485,-9437.292334
948.051727,95.712904,95.712904,-9456.434915
948.052355,95.712904,114.855485,-9399.007173
948.052983,76.570323,114.855485,-9418.149754
948.053610,38.285162,172.283227,-9418.149754
948.054238,76.570323,210.568389,-9418.149754
948.054865,57.427742,95.712904,-9399.007173
948.055493,95.712904,133.998066,-9360.722011
948.056120,76.570323,95.712904,-9437.292334
948.056748,76.570323,172.283227,-9456.434915
948.057376,153.140646,191.425808,-9399.007173
948.058003,38.285162,114.855485,-9418.149754
948.058631,38.285162,153.140646,-9360.722011
948.059258,76.570323,114.855485,-9418.149754
948.059886,114.855485,153.140646,-9360.722011
948.060513,76.570323,114.855485,-9418.149754
948.061141,153.140646,133.998066,-9399.007173
948.061769,76.570323,191.425808,-9418.149754
948.062396,57.427742,172.283227,-9360.722011
948.063024,133.998066,114.855485,-9418.149754
948.063651,76.570323,114.855485,-9418.149754
948.064279,57.427742,133.998066,-9360.722011
948.064906,38.285162,210.568389,-9418.149754
948.065534,57.427742,95.712904,-9399.007173
948.066161,114.855485,76.570323,-9418.149754
948.066789,133.998066,114.855485,-9418.149754
948.067417,76.570323,114.855485,-9418.149754
948.068044,76.570323,172.283227,-9418.149754
948.068672,38.285162,114.855485,-9437.292334
948.069299,133.998066,114.855485,-9437.292334
948.069927,153.140646,133.998066,-9399.007173
948.070554,133.998066,172.283227,-9418.149754
948.071182,114.855485,133.998066,-9360.722011
948.071810,95.712904,210.568389,-9360.722011
948.072437,133.998066,114.855485,-9456.434915
948.073065,95.712904,114.855485,-9437.292334
948.073692,38.285162,114.855485,-9418.149754
948.074320,133.998066,114.855485,-9418.149754
948.074947,133.998066,172.283227,-9418.149754
948.075575,76.570323,114.855485,-9418.149754
948.076202,19.142581,114.855485,-9418.149754
948.076830,57.427742,95.712904,-9456.434915
948.077457,114.855485,133.998066,-9360.722011
948.078085,76.570323,114.855485,-9418.149754
948.078712,57.427742,114.855485,-9418.149754
948.079339,76.570323,114.855485,-9456.434915
948.079967,95.712904,172.283227,-9437.292334
948.080594,76.570323,114.855485,-9418.149754
948.081222,76.570323,114.855485,-9418.149754
948.081849,95.712904,133.998066,-9360.722011
948.082477,76.570323,114.855485,-9456.434915
948.083104,38.285162,114.855485,-9418.149754
948.083732,76.570323,114.855485,-9418.149754
948.084359,76.570323,114.855485,-9418.149754
948.084987,38.285162,229.710970,-9418.149754
948.085614,133.998066,210.568389,-9418.149754
948.086242,153.140646,133.998066,-9399.007173
948.086869,114.855485,133.998066,-9360.722011
948.087497,133.998066,172.283227,-9475.577496
948.088124,133.998066,153.140646,-9437.292334
948.088752,153.140646,191.425808,-9399.007173
948.089379,133.998066,114.855485,-9418.149754
948.090006,76.570323,114.855485,-9418.149754
948.090634,133.998066,114.855485,-9456.434915
948.091261,133.998066,114.855485,-9418.149754
948.091889,133.998066,114.855485,-9360.722011
948.092516,114.855485,153.140646,-9379.864592
948.093144,114.855485,172.283227,-9360.722011
948.093771,114.855485,95.712904,-9456.434915
948.094399,76.570323,153.140646,-9360.722011
948.095026,133.998066,114.855485,-9475.577496
948.095654,76.570323,172.283227,-9418.149754
948.096281,76.570323,172.283227,-9437.292334
948.096909,76.570323,229.710970,-9437.292334
948.097536,133.998066,229.710970,-9437.292334
948.098164,76.570323,191.425808,-9418.149754
948.098791,76.570323,210.568389,-9456.434915
948.099419,19.142581,114.855485,-9418.149754
948.100046,57.427742,95.712904,-9399.007173
948.100673,76.570323,114.855485,-9418.149754
948.101301,114.855485,76.570323,-9418.149754
948.101928,76.570323,172.283227,-9418.149754
948.102556,76.570323,114.855485,-9418.149754
948.103183,76.570323,153.140646,-9418.149754
948.103811,114.855485,133.998066,-9360.722011
948.104438,76.570323,153.140646,-9418.149754
948.105066,76.570323,210.568389,-9456.434915
948.105693,172.283227,114.855485,-9379.864592
948.106321,133.998066,172.283227,-9418.149754
948.106948,133.998066,133.998066,-9399.007173
948.107576,133.998066,191.425808,-9418.149754
948.108203,76.570323,210.568389,-9437.292334
948.108831,133.998066,153.140646,-9456.434915
948.109458,133.998066,114.855485,-9437.292334
948.110086,76.570323,210.568389,-9475.577496
948.110713,76.570323,153.140646,-9418.149754
948.111340,172.283227,114.855485,-9379.864592
948.111968,76.570323,114.855485,-9418.149754
948.112595,38.285162,114.855485,-9418.149754
948.113223,76.570323,114.855485,-9418.149754
948.113850,114.855485,153.140646,-9360.722011
948.114478,57.427742,153.140646,-9418.149754
948.115105,133.998066,114.855485,-9418.149754
948.115733,95.712904,172.283227,-9360.722011
948.116360,38.285162,114.855485,-9418.149754
948.116988,95.712904,114.855485,-9456.434915
948.117615,57.427742,95.712904,-9475.577496
948.118243,38.285162,114.855485,-9418.149754
948.118870,133.998066,172.283227,-9418.149754
948.119498,76.570323,133.998066,-9360.722011
948.120125,76.570323,114.855485,-9418.149754
948.120752,114.855485,114.855485,-9322.436850
948.121380,133.998066,172.283227,-9418.149754
948.122007,76.570323,172.283227,-9418.149754
948.122635,76.570323,114.855485,-9437.292334
948.123262,76.570323,114.855485,-9418.149754
948.123890,133.998066,133.998066,-9399.007173
948.124517,133.998066,153.140646,-9418.149754
948.125145,153.140646,133.998066,-9399.007173
948.125772,95.712904,133.998066,-9360.722011
948.126400,133.998066,172.283227,-9456.434915
948.127027,76.570323,114.855485,-9418.149754
948.127655,133.998066,114.855485,-9437.292334
948.128282,133.998066,114.855485,-9418.149754
948.128910,133.998066,114.855485,-9418.149754
948.129537,76.570323,114.855485,-9418.149754
948.130165,76.570323,153.140646,-9418.149754
948.130792,76.570323,153.140646,-9418.149754
948.131419,191.425808,133.998066,-9494.720077
948.132047,172.283227,76.570323,-9418.149754
948.132674,133.998066,114.855485,-9418.149754
948.133302,76.570323,114.855485,-9418.149754
948.133929,76.570323,114.855485,-9437.292334
948.134557,38.285162,76.570323,-9379.864592
948.135184,133.998066,210.568389,-9418.149754
948.135812,172.283227,172.283227,-9379.864592
948.136439,76.570323,210.568389,-9418.149754
948.137067,114.855485,133.998066,-9360.722011
948.137694,38.285162,114.855485,-9418.149754
948.138322,114.855485,95.712904,-9437.292334
948.138949,133.998066,153.140646,-9418.149754
948.139577,38.285162,114.855485,-9418.149754
948.140204,38.285162,114.855485,-9418.149754
948.140832,76.570323,114.855485,-9418.149754
948.141459,133.998066,210.568389,-9418.149754
948.142086,114.855485,95.712904,-9456.434915
948.142714,114.855485,133.998066,-9360.722011
948.143341,19.142581,172.283227,-9399.007173
948.143969,38.285162,114.855485,-9456.434915
948.144596,76.570323,114.855485,-9533.005238
948.145224,76.570323,95.712904,-9437.292334
948.145851,95.712904,133.998066,-9360.722011
948.146479,38.285162,76.570323,-9379.864592
948.147106,133.998066,133.998066,-9399.007173
948.147734,153.140646,133.998066,-9399.007173
948.148361,133.998066,133.998066,-9399.007173
948.148989,133.998066,114.855485,-9437.292334
948.149616,95.712904,210.568389,-9418.149754
948.150244,76.570323,114.855485,-9418.149754
948.150871,38.285162,114.855485,-9418.149754
948.151499,95.712904,133.998066,-9360.722011
948.152126,133.998066,114.855485,-9418.149754
948.152753,133.998066,114.855485,-9437.292334
948.153381,172.283227,76.570323,-9418.149754
948.154008,76.570323,114.855485,-9399.007173
948.154636,133.998066,172.283227,-9456.434915
948.155263,76.570323,153.140646,-9418.149754
948.155891,114.855485,172.283227,-9360.722011
948.156518,153.140646,133.998066,-9399.007173
948.157146,114.855485,133.998066,-9360.722011
948.157773,76.570323,210.568389,-9418.149754
948.158401,172.283227,153.140646,-9379.864592
948.159028,76.570323,114.855485,-9418.149754
948.159656,172.283227,133.998066,-9360.722011
948.160283,95.712904,114.855485,-9418.149754
948.160911,95.712904,153.140646,-9437.292334
948.161538,133.998066,114.855485,-9418.149754
948.162166,95.712904,172.283227,-9418.149754
948.162793,38.285162,172.283227,-9418.149754
948.163420,76.570323,229.710970,-9418.149754
948.164048,133.998066,114.855485,-9418.149754
948.164675,133.998066,191.425808,-9437.292334
948.165303,76.570323,229.710970,-9418.149754
948.165930,38.285162,153.140646,-9418.149754
948.166558,76.570323,114.855485,-9418.149754
948.167185,38.285162,172.283227,-9437.292334
948.167813,38.285162,114.855485,-9418.149754
948.168440,38.285162,153.140646,-9418.149754
948.169068,38.285162,114.855485,-9437.292334
948.169695,76.570323,114.855485,-9418.149754
948.170323,76.570323,153.140646,-9418.149754
948.170950,210.568389,133.998066,-9399.007173
948.171578,133.998066,153.140646,-9379.864592
948.172205,114.855485,133.998066,-9360.722011
948.172833,133.998066,153.140646,-9418.149754
948.173460,153.140646,153.140646,-9399.007173
948.174087,133.998066,114.855485,-9418.149754
948.174715,76.570323,210.568389,-9418.149754
948.175342,133.998066,172.283227,-9456.434915
948.175970,133.998066,172.283227,-9399.007173
948.176597,114.855485,172.283227,-9360.722011
948.177225,133.998066,114.855485,-9418.149754
948.177852,114.855485,95.712904,-9399.007173
948.178479,95.712904,114.855485,-9418.149754
948.179107,95.712904,172.283227,-9360.722011
948.179734,133.998066,172.283227,-9418.149754
948.180362,133.998066,172.283227,-9418.149754
948.180989,95.712904,95.712904,-9399.007173
948.181616,0.000000,133.998066,-9360.722011
948.182244,76.570323,114.855485,-9456.434915
948.182871,133.998066,172.283227,-9360.722011
948.183499,133.998066,172.283227,-9437.292334
948.184126,133.998066,172.283227,-9456.434915
948.184754,153.140646,153.140646,-9399.007173
948.185381,153.140646,133.998066,-9379.864592
948.186008,95.712904,133.998066,-9360.722011
948.186636,133.998066,114.855485,-9418.149754
948.187263,95.712904,153.140646,-9360.722011
948.187891,38.285162,114.855485,-9437.292334
948.188518,38.285162,114.855485,-9418.149754
948.189145,95.712904,95.712904,-9399.007173
948.189773,76.570323,229.710970,-9418.149754
948.190400,38.285162,114.855485,-9437.292334
948.191028,76.570323,114.855485,-9418.149754
948.191655,95.712904,133.998066,-9360.722011
948.192283,38.285162,114.855485,-9418.149754
948.192910,38.285162,114.855485,-9418.149754
948.193537,76.570323,172.283227,-9418.149754
948.194165,133.998066,153.140646,-9418.149754
948.194792,133.998066,114.855485,-9418.149754
948.195420,133.998066,114.855485,-9418.149754
948.196047,133.998066,210.568389,-9418.149754
948.196674,133.998066,172.283227,-9418.149754
948.197302,19.142581,114.855485,-9418.149754
948.197929,114.855485,95.712904,-9437.292334
948.198557,133.998066,133.998066,-9399.007173
948.199184,153.140646,133.998066,-9399.007173
948.199812,133.998066,133.998066,-9399.007173
948.200439,114.855485,153.140646,-9360.722011
948.201066,76.570323,210.568389,-9437.292334
948.201694,76.570323,153.140646,-9418.149754
948.202321,95.712904,114.855485,-9418.149754
948.202949,95.712904,95.712904,-9494.720077
948.203576,38.285162,114.855485,-9418.149754
948.204203,133.998066,153.140646,-9418.149754
948.204831,133.998066,133.998066,-9399.007173
948.205458,114.855485,114.855485,-9437.292334
948.206086,38.285162,172.283227,-9360.722011
948.206713,76.570323,172.283227,-9418.149754
948.207341,95.712904,133.998066,-9360.722011
948.207968,76.570323,210.568389,-9418.149754
948.208595,114.855485,210.568389,-9418.149754
948.209223,76.570323,172.283227,-9418.149754
948.209850,133.998066,114.855485,-9418.149754
948.210478,95.712904,95.712904,-9399.007173
948.211105,114.855485,133.998066,-9360.722011
948.211732,133.998066,114.855485,-9456.434915
948.212360,76.570323,153.140646,-9418.149754
948.212987,95.712904,114.855485,-9456.434915
948.213615,153.140646,133.998066,-9399.007173
948.214242,76.570323,172.283227,-9418.149754
948.214869,133.998066,114.855485,-9418.149754
948.215497,76.570323,114.855485,-9418.149754
948.216124,38.285162,114.855485,-9418.149754
948.216752,95.712904,172.283227,-9360.722011
948.217379,38.285162,114.855485,-9418.149754
948.218007,133.998066,153.140646,-9418.149754
948.218634,76.570323,172.283227,-9418.149754
948.219261,95.712904,95.712904,-9399.007173
948.219889,95.712904,95.712904,-9456.434915
948.220516,95.712904,95.712904,-9399.007173
948.221144,114.855485,133.998066,-9360.722011
948.221771,95.712904,114.855485,-9418.149754
948.222398,133.998066,133.998066,-9399.007173
948.223026,38.285162,114.855485,-9456.434915
948.223653,133.998066,114.855485,-9418.149754
948.224281,114.855485,95.712904,-9399.007173
948.224908,95.712904,95.712904,-9399.007173
948.225536,95.712904,114.855485,-9418.149754
948.226163,133.998066,133.998066,-9379.864592
948.226790,133.998066,114.855485,-9494.720077
948.227418,133.998066,172.283227,-9437.292334
948.228045,153.140646,114.855485,-9494.720077
948.228673,133.998066,76.570323,-9379.864592
948.229300,95.712904,133.998066,-9360.722011
948.229927,95.712904,95.712904,-9399.007173
948.230555,76.570323,172.283227,-9418.149754
948.231182,38.285162,114.855485,-9418.149754
948.231810,76.570323,114.855485,-9418.149754
948.232437,133.998066,114.855485,-9437.292334
948.233065,114.855485,95.712904,-9399.007173
948.233692,95.712904,114.855485,-9418.149754
948.234319,133.998066,114.855485,-9418.149754
948.234947,133.998066,114.855485,-9418.149754
948.235574,76.570323,191.425808,-9418.149754
948.236202,76.570323,172.283227,-9418.149754
948.236829,95.712904,133.998066,-9360.722011
948.237456,133.998066,133.998066,-9379.864592
948.238084,133.998066,153.140646,-9399.007173
948.238711,38.285162,153.140646,-9418.149754
948.239339,76.570323,114.855485,-9475.577496
948.239966,133.998066,133.998066,-9399.007173
948.240594,133.998066,172.283227,-9418.149754
948.241221,153.140646,153.140646,-9456.434915
948.241848,133.998066,172.283227,-9494.720077
948.242476,133.998066,114.855485,-9418.149754
948.243103,76.570323,114.855485,-9418.149754
948.243731,133.998066,114.855485,-9418.149754
948.244358,114.855485,133.998066,-9360.722011
948.244985,76.570323,114.855485,-9418.149754
948.245613,95.712904,133.998066,-9360.722011
948.246240,95.712904,210.568389,-9360.722011
948.246868,114.855485,133.998066,-9360.722011
948.247495,95.712904,172.283227,-9418.149754
948.248123,114.855485,153.140646,-9360.722011
948.248750,76.570323,114.855485,-9418.149754
948.249377,76.570323,114.855485,-9418.149754
948.250005,133.998066,172.283227,-9418.149754
948.250632,76.570323,114.855485,-9418.149754
948.251260,76.570323,172.283227,-9418.149754
948.251887,133.998066,153.140646,-9418.149754
948.252514,76.570323,76.570323,-9341.579430
948.253142,38.285162,114.855485,-9418.149754
948.253769,172.283227,76.570323,-9418.149754
948.254397,38.285162,133.998066,-9341.579430
948.255024,95.712904,114.855485,-9418.149754
948.255652,133.998066,114.855485,-9456.434915
948.256279,133.998066,114.855485,-9418.149754
948.256906,153.140646,172.283227,-9399.007173
948.257534,133.998066,114.855485,-9418.149754
948.258161,76.570323,114.855485,-9399.007173
948.258789,76.570323,172.283227,-9418.149754
948.259416,76.570323,172.283227,-9418.149754
948.260043,76.570323,172.283227,-9418.149754
948.260671,133.998066,210.568389,-9437.292334
948.261298,76.570323,153.140646,-9456.434915
948.261926,133.998066,153.140646,-9399.007173
948.262553,76.570323,172.283227,-9418.149754
948.263181,133.998066,153.140646,-9418.149754
948.263808,153.140646,153.140646,-9379.864592
948.264435,133.998066,153.140646,-9399.007173
948.265063,38.285162,114.855485,-9418.149754
948.265690,133.998066,172.283227,-9399.007173
948.266318,95.712904,210.568389,-9418.149754
948.266945,76.570323,172.283227,-9418.149754
948.267572,38.285162,114.855485,-9418.149754
948.268200,76.570323,172.283227,-9437.292334
948.268827,57.427742,133.998066,-9360.722011
948.269455,153.140646,153.140646,-9399.007173
948.270082,133.998066,133.998066,-9399.007173
948.270710,38.285162,114.855485,-9418.149754
948.271337,76.570323,114.855485,-9418.149754
948.271964,76.570323,153.140646,-9418.149754
948.272592,153.140646,133.998066,-9399.007173
948.273219,133.998066,114.855485,-9418.149754
948.273847,114.855485,133.998066,-9418.149754
948.274474,133.998066,153.140646,-9456.434915
948.275101,133.998066,76.570323,-9379.864592
948.275729,133.998066,114.855485,-9456.434915
948.276356,114.855485,153.140646,-9360.722011
948.276984,153.140646,133.998066,-9399.007173
948.277611,76.570323,114.855485,-9418.149754
948.278238,133.998066,114.855485,-9418.149754
948.278866,76.570323,114.855485,-9418.149754
948.279493,76.570323,76.570323,-9379.864592
948.280121,114.855485,133.998066,-9360.722011
948.280748,114.855485,95.712904,-9456.434915
948.281375,133.998066,114.855485,-9418.149754
948.282003,76.570323,114.855485,-9418.149754
948.282630,38.285162,153.140646,-9418.149754
948.283258,133.998066,133.998066,-9399.007173
948.283885,133.998066,172.283227,-9437.292334
948.284513,76.570323,210.568389,-9418.149754
948.285140,95.712904,172.283227,-9341.579430
948.285767,95.712904,133.998066,-9360.722011
948.286395,133.998066,114.855485,-9418.149754
948.287022,95.712904,114.855485,-9456.434915
948.287650,76.570323,114.855485,-9418.149754
948.288277,57.427742,153.140646,-9360.722011
948.288904,153.140646,114.855485,-9360.722011
948.289532,114.855485,210.568389,-9360.722011
948.290159,95.712904,153.140646,-9418.149754
948.290787,133.998066,153.140646,-9418.149754
948.291414,76.570323,114.855485,-9418.149754
948.292041,95.712904,114.855485,-9418.149754
948.292669,114.855485,133.998066,-9360.722011
948.293296,133.998066,114.855485,-9418.149754
948.293924,76.570323,172.283227,-9418.149754
948.294551,133.998066,114.855485,-9418.149754
948.295178,114.855485,153.140646,-9360.722011
948.295806,76.570323,153.140646,-9418.149754
948.296433,114.855485,153.140646,-9360.722011
948.297061,76.570323,114.855485,-9418.149754
948.297688,57.427742,153.140646,-9360.722011
948.298316,76.570323,172.283227,-9360.722011
948.298943,76.570323,172.283227,-9418.149754
948.299570,76.570323,210.568389,-9418.149754
948.300198,133.998066,153.140646,-9418.149754
948.300825,133.998066,114.855485,-9418.149754
948.301453,172.283227,76.570323,-9418.149754
948.302080,76.570323,172.283227,-9418.149754
948.302707,38.285162,153.140646,-9418.149754
948.303335,57.427742,153.140646,-9360.722011
948.303962,133.998066,114.855485,-9437.292334
948.304590,76.570323,133.998066,-9418.149754
948.305217,76.570323,172.283227,-9418.149754
948.305844,133.998066,114.855485,-9418.149754
948.306472,133.998066,172.283227,-9399.007173
948.307099,114.855485,153.140646,-9360.722011
948.307727,95.712904,210.568389,-9360.722011
948.308354,76.570323,172.283227,-9418.149754
948.308981,76.570323,114.855485,-9456.434915
948.309609,38.285162,114.855485,-9418.149754
948.310236,76.570323,114.855485,-9418.149754
948.310864,76.570323,114.855485,-9418.149754
948.311491,76.570323,153.140646,-9437.292334
948.312119,133.998066,133.998066,-9399.007173
948.312746,38.285162,114.855485,-9418.149754
948.313373,76.570323,153.140646,-9437.292334
948.314001,95.712904,133.998066,-9341.579430
948.314628,133.998066,114.855485,-9418.149754
948.315256,95.712904,133.998066,-9360.722011
948.315883,95.712904,95.712904,-9399.007173
948.316510,133.998066,172.283227,-9456.434915
948.317138,76.570323,153.140646,-9418.149754
948.317765,57.427742,114.855485,-9418.149754
948.318393,76.570323,114.855485,-9418.149754
948.319020,38.285162,114.855485,-9418.149754
948.319647,76.570323,114.855485,-9418.149754
948.320275,95.712904,172.283227,-9418.149754
948.320902,133.998066,114.855485,-9418.149754
948.321530,76.570323,191.425808,-9418.149754
948.322157,133.998066,133.998066,-9399.007173
948.322784,95.712904,133.998066,-9360.722011
948.323412,76.570323,114.855485,-9418.149754
948.324039,76.570323,114.855485,-9437.292334
948.324667,76.570323,172.283227,-9418.149754
948.325294,76.570323,153.140646,-9418.149754
948.325922,95.712904,95.712904,-9494.720077
948.326549,95.712904,114.855485,-9456.434915
948.327176,95.712904,133.998066,-9360.722011
948.327804,133.998066,114.855485,-9418.149754
948.328431,114.855485,95.712904,-9399.007173
948.329059,76.570323,114.855485,-9418.149754
948.329686,133.998066,114.855485,-9418.149754
948.330313,76.570323,114.855485,-9418.149754
948.330941,76.570323,114.855485,-9418.149754
948.331568,95.712904,114.855485,-9418.149754
948.332196,76.570323,191.425808,-9418.149754
948.332823,76.570323,153.140646,-9418.149754
948.333450,76.570323,114.855485,-9418.149754
948.334078,38.285162,114.855485,-9418.149754
948.334705,114.855485,133.998066,-9360.722011
948.335333,76.570323,114.855485,-9418.149754
948.335960,76.570323,172.283227,-9418.149754
948.336587,133.998066,172.283227,-9456.434915
948.337215,133.998066,133.998066,-9399.007173
948.337842,76.570323,114.855485,-9418.149754
948.338470,76.570323,114.855485,-9418.149754
948.339097,133.998066,114.855485,-9437.292334
948.339724,76.570323,191.425808,-9418.149754
948.340352,114.855485,133.998066,-9360.722011
948.340979,76.570323,153.140646,-9418.149754
948.341607,76.570323,114.855485,-9418.149754
948.342234,38.285162,114.855485,-9418.149754
948.342862,76.570323,172.283227,-9418.149754
948.343489,133.998066,153.140646,-9418.149754
948.344116,76.570323,172.283227,-9418.149754
948.344744,114.855485,133.998066,-9360.722011
948.345371,76.570323,172.283227,-9418.149754
948.345999,76.570323,95.712904,-9399.007173
948.346626,76.570323,114.855485,-9418.149754
948.347253,95.712904,114.855485,-9418.149754
948.347881,95.712904,114.855485,-9399.007173
948.348508,38.285162,114.855485,-9418.149754
948.349136,76.570323,114.855485,-9418.149754
948.349763,95.712904,95.712904,-9399.007173
948.350390,76.570323,114.855485,-9437.292334
948.351018,133.998066,153.140646,-9418.149754
948.351645,114.855485,133.998066,-9341.579430
948.352273,57.427742,133.998066,-9360.722011
948.352900,76.570323,172.283227,-9418.149754
948.353527,38.285162,114.855485,-9418.149754
948.354155,133.998066,114.855485,-9418.149754
948.354782,133.998066,114.855485,-9475.577496
948.355410,57.427742,114.855485,-9418.149754
948.356037,133.998066,114.855485,-9418.149754
948.356665,76.570323,153.140646,-9418.149754
948.357292,76.570323,114.855485,-9418.149754
948.357919,133.998066,210.568389,-9418.149754
948.358547,76.570323,210.568389,-9418.149754
948.359174,133.998066,76.570323,-9379.864592
948.359802,114.855485,153.140646,-9360.722011
948.360429,114.855485,114.855485,-9341.579430
948.361056,76.570323,172.283227,-9418.149754
948.361684,133.998066,153.140646,-9456.434915
948.362311,133.998066,210.568389,-9418.149754
948.362939,133.998066,114.855485,-9418.149754
948.363566,76.570323,153.140646,-9456.434915
948.364193,76.570323,114.855485,-9418.149754
948.364821,133.998066,114.855485,-9475.577496
948.365448,133.998066,133.998066,-9399.007173
948.366076,38.285162,114.855485,-9418.149754
948.366703,76.570323,114.855485,-9418.149754
948.367330,133.998066,114.855485,-9437.292334
948.367958,76.570323,153.140646,-9360.722011
948.368585,95.712904,153.140646,-9360.722011
948.369213,133.998066,153.140646,-9437.292334
948.369840,133.998066,114.855485,-9418.149754
948.370468,114.855485,95.712904,-9399.007173
948.371095,76.570323,114.855485,-9418.149754
948.371722,76.570323,191.425808,-9418.149754
948.372350,133.998066,114.855485,-9437.292334
948.372977,133.998066,114.855485,-9437.292334
948.373605,133.998066,172.283227,-9399.007173
948.374232,76.570323,153.140646,-9418.149754
948.374860,133.998066,114.855485,-9418.149754
948.375487,153.140646,172.283227,-9399.007173
948.376115,76.570323,153.140646,-9418.149754
948.376742,76.570323,114.855485,-9418.149754
948.377370,76.570323,153.140646,-9418.149754
948.377997,76.570323,114.855485,-9418.149754
948.378625,133.998066,76.570323,-9379.864592
948.379252,114.855485,133.998066,-9360.722011
948.379880,133.998066,172.283227,-9418.149754
948.380507,133.998066,133.998066,-9437.292334
948.381135,76.570323,114.855485,-9418.149754
948.381762,76.570323,153.140646,-9418.149754
948.382390,95.712904,172.283227,-9418.149754
948.383017,57.427742,114.855485,-9418.149754
948.383645,172.283227,114.855485,-9341.579430
948.384273,57.427742,210.568389,-9418.149754
948.384900,95.712904,153.140646,-9360.722011
948.385528,172.283227,76.570323,-9418.149754
948.386155,95.712904,133.998066,-9360.722011
948.386783,76.570323,210.568389,-9418.149754
948.387410,38.285162,114.855485,-9418.149754
948.388038,114.855485,133.998066,-9360.722011
948.388665,76.570323,172.283227,-9418.149754
948.389293,114.855485,172.283227,-9360.722011
948.389920,76.570323,114.855485,-9418.149754
948.390548,76.570323,114.855485,-9456.434915
948.391175,133.998066,114.855485,-9437.292334
948.391803,133.998066,153.140646,-9437.292334
948.392431,76.570323,172.283227,-9418.149754
948.393058,38.285162,172.283227,-9418.149754
948.393686,38.285162,153.140646,-9418.149754
948.394313,95.712904,114.855485,-9418.149754
948.394941,76.570323,114.855485,-9418.149754
948.395568,76.570323,172.283227,-9418.149754
948.396196,172.283227,76.570323,-9437.292334
948.396823,76.570323,114.855485,-9418.149754
948.397451,133.998066,210.568389,-9418.149754
948.398078,76.570323,114.855485,-9418.149754
948.398706,57.427742,114.855485,-9418.149754
948.399333,95.712904,191.425808,-9360.722011
948.399961,133.998066,153.140646,-9418.149754
948.400588,95.712904,114.855485,-9418.149754
948.401216,133.998066,114.855485,-9418.149754
948.401844,76.570323,153.140646,-9456.434915
948.402471,114.855485,133.998066,-9360.722011
948.403099,76.570323,114.855485,-9418.149754
948.403726,95.712904,153.140646,-9418.149754
948.404354,38.285162,76.570323,-9379.864592
948.404981,76.570323,114.855485,-9418.149754
948.405609,76.570323,114.855485,-9418.149754
948.406236,153.140646,133.998066,-9399.007173
948.406864,153.140646,133.998066,-9437.292334
948.407491,76.570323,153.140646,-9456.434915
948.408119,76.570323,114.855485,-9418.149754
948.408746,76.570323,153.140646,-9437.292334
948.409374,133.998066,153.140646,-9418.149754
948.410002,76.570323,210.568389,-9418.149754
948.410629,95.712904,133.998066,-9360.722011
948.411257,38.285162,114.855485,-9418.149754
948.411884,0.000000,133.998066,-9360.722011
948.412512,133.998066,114.855485,-9437.292334
948.413139,76.570323,114.855485,-9418.149754
948.413767,133.998066,114.855485,-9418.149754
948.414394,76.570323,172.283227,-9418.149754
948.415022,76.570323,172.283227,-9418.149754
948.415649,133.998066,114.855485,-9418.149754
948.416277,76.570323,114.855485,-9418.149754
948.416904,133.998066,114.855485,-9418.149754
948.417532,133.998066,114.855485,-9418.149754
948.418159,153.140646,191.425808,-9399.007173
948.418787,95.712904,172.283227,-9418.149754
948.419415,95.712904,133.998066,-9360.722011
948.420042,95.712904,95.712904,-9399.007173
948.420670,38.285162,114.855485,-9418.149754
948.421297,76.570323,114.855485,-9418.149754
948.421925,76.570323,114.855485,-9494.720077
948.422552,38.285162,172.283227,-9456.434915
948.423180,57.427742,153.140646,-9360.722011
948.423807,114.855485,133.998066,-9360.722011
948.424435,76.570323,153.140646,-9418.149754
948.425062,76.570323,76.570323,-9379.864592
948.425690,76.570323,114.855485,-9418.149754
948.426317,57.427742,114.855485,-9379.864592
948.426945,95.712904,172.283227,-9360.722011
948.427573,38.285162,114.855485,-9418.149754
948.428200,133.998066,133.998066,-9379.864592
948.428828,76.570323,114.855485,-9418.149754
948.429455,76.570323,172.283227,-9418.149754
948.430083,76.570323,114.855485,-9418.149754
948.430710,76.570323,153.140646,-9418.149754
948.431338,76.570323,229.710970,-9456.434915
948.431965,76.570323,114.855485,-9360.722011
948.432593,153.140646,133.998066,-9437.292334
948.433220,153.140646,114.855485,-9418.149754
948.433848,76.570323,153.140646,-9418.149754
948.434475,95.712904,133.998066,-9360.722011
948.435103,95.712904,153.140646,-9360.722011
948.435730,38.285162,114.855485,-9418.149754
948.436358,114.855485,95.712904,-9437.292334
948.436986,95.712904,114.855485,-9456.434915
948.437613,153.140646,133.998066,-9437.292334
948.438241,133.998066,114.855485,-9418.149754
948.438868,133.998066,172.283227,-9418.149754
948.439496,114.855485,95.712904,-9399.007173
948.440123,114.855485,57.427742,-9399.007173
948.440751,114.855485,191.425808,-9360.722011
948.441378,38.285162,114.855485,-9418.149754
948.442006,38.285162,114.855485,-9418.149754
948.442633,133.998066,114.855485,-9418.149754
948.443261,95.712904,95.712904,-9399.007173
948.443888,95.712904,172.283227,-9418.149754
948.444516,133.998066,172.283227,-9418.149754
948.445144,76.570323,114.855485,-9418.149754
948.445771,95.712904,133.998066,-9322.436850
948.446399,114.855485,95.712904,-9399.007173
948.447026,133.998066,114.855485,-9418.149754
948.447654,95.712904,95.712904,-9456.434915
948.448281,133.998066,133.998066,-9399.007173
948.448909,133.998066,153.140646,-9418.149754
948.449536,133.998066,114.855485,-9456.434915
948.450164,76.570323,153.140646,-9437.292334
948.450791,133.998066,114.855485,-9418.149754
948.451419,114.855485,114.855485,-9379.864592
948.452046,95.712904,95.712904,-9437.292334
948.452674,133.998066,153.140646,-9399.007173
948.453301,95.712904,114.855485,-9418.149754
948.453929,76.570323,114.855485,-9418.149754
948.454557,95.712904,95.712904,-9437.292334
948.455184,133.998066,153.140646,-9418.149754
948.455812,76.570323,114.855485,-9418.149754
948.456439,76.570323,172.283227,-9418.149754
948.457067,95.712904,172.283227,-9418.149754
948.457694,133.998066,114.855485,-9418.149754
948.458322,133.998066,172.283227,-9399.007173
948.458949,133.998066,153.140646,-9418.149754
948.459577,76.570323,114.855485,-9418.149754
948.460204,133.998066,114.855485,-9418.149754
948.460832,38.285162,114.855485,-9418.149754
948.461459,133.998066,153.140646,-9418.149754
948.462087,133.998066,191.425808,-9418.149754
948.462715,38.285162,114.855485,-9418.149754
948.463342,153.140646,114.855485,-9418.149754
948.463970,114.855485,133.998066,-9360.722011
948.464597,133.998066,133.998066,-9399.007173
948.465225,114.855485,133.998066,-9360.722011
948.465852,76.570323,114.855485,-9475.577496
948.466480,38.285162,114.855485,-9418.149754
948.467107,133.998066,114.855485,-9456.434915
948.467735,76.570323,114.855485,-9418.149754
948.468362,57.427742,133.998066,-9360.722011
948.468990,172.283227,76.570323,-9456.434915
948.469617,114.855485,133.998066,-9360.722011
948.470245,95.712904,172.283227,-9360.722011
948.470873,76.570323,114.855485,-9418.149754
948.471500,76.570323,114.855485,-9418.149754
948.472128,133.998066,153.140646,-9399.007173
948.472755,153.140646,133.998066,-9399.007173
948.473383,76.570323,114.855485,-9418.149754
948.474010,133.998066,172.283227,-9418.149754
948.474638,76.570323,114.855485,-9418.149754
948.475265,114.855485,172.283227,-9399.007173
948.475893,133.998066,172.283227,-9437.292334
948.476520,95.712904,114.855485,-9418.149754
948.477148,57.427742,95.712904,-9399.007173
948.477775,76.570323,133.998066,-9360.722011
948.478403,133.998066,153.140646,-9418.149754
948.479030,57.427742,114.855485,-9379.864592
948.479658,133.998066,95.712904,-9456.434915
948.480285,114.855485,95.712904,-9399.007173
948.480913,133.998066,133.998066,-9456.434915
948.481540,95.712904,172.283227,-9360.722011
948.482168,38.285162,172.283227,-9437.292334
948.482795,38.285162,153.140646,-9418.149754
948.483423,76.570323,114.855485,-9418.149754
948.484050,76.570323,153.140646,-9418.149754
948.484678,133.998066,210.568389,-9418.149754
948.485305,114.855485,191.425808,-9360.722011
948.485933,133.998066,153.140646,-9418.149754
948.486560,133.998066,133.998066,-9399.007173
948.487188,95.712904,95.712904,-9456.434915
948.487815,95.712904,95.712904,-9399.007173
948.488443,153.140646,133.998066,-9437.292334
948.489070,76.570323,114.855485,-9418.149754
948.489698,133.998066,172.283227,-9418.149754
948.490325,95.712904,172.283227,-9456.434915
948.490953,133.998066,76.570323,-9379.864592
948.491580,133.998066,153.140646,-9418.149754
948.492208,76.570323,153.140646,-9360.722011
948.492835,133.998066,114.855485,-9418.149754
948.493463,76.570323,114.855485,-9418.149754
948.494090,133.998066,172.283227,-9418.149754
948.494718,133.998066,191.425808,-9418.149754
948.495345,114.855485,210.568389,-9360.722011
948.495972,76.570323,172.283227,-9418.149754
948.496600,95.712904,114.855485,-9437.292334
948.497227,57.427742,114.855485,-9399.007173
948.497855,76.570323,172.283227,-9418.149754
948.498482,38.285162,114.855485,-9418.149754
948.499110,133.998066,153.140646,-9418.149754
948.499737,38.285162,172.283227,-9418.149754
948.500365,95.712904,172.283227,-9360.722011
948.500992,38.285162,114.855485,-9456.434915
948.501620,38.285162,114.855485,-9418.149754
948.502247,95.712904,172.283227,-9418.149754
948.502875,76.570323,172.283227,-9399.007173
948.503502,38.285162,114.855485,-9418.149754
948.504130,76.570323,133.998066,-9379.864592
948.504757,76.570323,172.283227,-9418.149754
948.505385,133.998066,172.283227,-9418.149754
948.506012,76.570323,114.855485,-9456.434915
948.506640,133.998066,114.855485,-9418.149754
948.507267,38.285162,114.855485,-9418.149754
948.507895,38.285162,172.283227,-9418.149754
948.508522,133.998066,172.283227,-9418.149754
948.509150,95.712904,133.998066,-9360.722011
948.509777,76.570323,114.855485,-9418.149754
948.510405,76.570323,153.140646,-9418.149754
948.511032,76.570323,114.855485,-9418.149754
948.511660,133.998066,114.855485,-9418.149754
948.512287,114.855485,133.998066,-9360.722011
948.512915,76.570323,133.998066,-9418.149754
948.513542,57.427742,114.855485,-9418.149754
948.514170,133.998066,114.855485,-9360.722011
948.514797,95.712904,114.855485,-9418.149754
948.515425,153.140646,153.140646,-9399.007173
948.516052,172.283227,76.570323,-9418.149754
948.516680,133.998066,133.998066,-9399.007173
948.517307,153.140646,172.283227,-9379.864592
948.517935,76.570323,191.425808,-9418.149754
948.518562,133.998066,153.140646,-9418.149754
948.519190,38.285162,153.140646,-9360.722011
948.519817,76.570323,114.855485,-9418.149754
948.520445,76.570323,153.140646,-9418.149754
948.521072,133.998066,114.855485,-9418.149754
948.521700,95.712904,114.855485,-9418.149754
948.522327,76.570323,114.855485,-9418.149754
948.522955,76.570323,133.998066,-9360.722011
948.523582,114.855485,133.998066,-9360.722011
948.524210,172.283227,153.140646,-9379.864592
948.524837,191.425808,114.855485,-9379.864592
948.525465,133.998066,114.855485,-9418.149754
948.526092,172.283227,172.283227,-9379.864592
948.526720,133.998066,153.140646,-9418.149754
948.527347,76.570323,153.140646,-9418.149754
948.527975,76.570323,229.710970,-9437.292334
948.528602,0.000000,133.998066,-9360.722011
948.529230,95.712904,172.283227,-9360.722011
948.529857,133.998066,114.855485,-9418.149754
948.530485,133.998066,153.140646,-9399.007173
948.531112,38.285162,114.855485,-9418.149754
948.531740,114.855485,95.712904,-9399.007173
948.532367,76.570323,191.425808,-9437.292334
948.532995,76.570323,114.855485,-9418.149754
948.533622,153.140646,133.998066,-9399.007173
948.534250,133.998066,133.998066,-9399.007173
948.534877,76.570323,114.855485,-9418.149754
948.535505,76.570323,172.283227,-9418.149754
948.536132,38.285162,191.425808,-9418.149754
948.536760,76.570323,114.855485,-9418.149754
948.537387,114.855485,133.998066,-9360.722011
948.538015,95.712904,133.998066,-9360.722011
948.538642,95.712904,57.427742,-9437.292334
948.539270,95.712904,95.712904,-9399.007173
948.539897,95.712904,114.855485,-9418.149754
948.540525,133.998066,114.855485,-9360.722011
948.541152,38.285162,172.283227,-9437.292334
948.541780,38.285162,114.855485,-9418.149754
948.542407,76.570323,114.855485,-9418.149754
948.543034,95.712904,114.855485,-9437.292334
948.543662,76.570323,114.855485,-9418.149754
948.544289,38.285162,114.855485,-9418.149754
948.544917,114.855485,95.712904,-9399.007173
948.545544,95.712904,133.998066,-9360.722011
948.546172,76.570323,114.855485,-9418.149754
948.546799,76.570323,172.283227,-9418.149754
948.547427,133.998066,172.283227,-9418.149754
948.548054,153.140646,133.998066,-9399.007173
948.548682,114.855485,153.140646,-9379.864592
948.549309,76.570323,172.283227,-9418.149754
948.549937,76.570323,114.855485,-9418.149754
948.550564,172.283227,133.998066,-9437.292334
948.551192,95.712904,114.855485,-9418.149754
948.551819,133.998066,153.140646,-9437.292334
948.552447,76.570323,114.855485,-9437.292334
948.553074,95.712904,95.712904,-9399.007173
948.553702,95.712904,172.283227,-9418.149754
948.554329,95.712904,172.283227,-9360.722011
948.554957,114.855485,95.712904,-9399.007173
948.555584,133.998066,114.855485,-9418.149754
948.556212,38.285162,114.855485,-9456.434915
948.556839,133.998066,133.998066,-9399.007173
948.557467,133.998066,114.855485,-9418.149754
948.558094,38.285162,153.140646,-9360.722011
948.558722,95.712904,95.712904,-9456.434915
948.559349,38.285162,114.855485,-9418.149754
948.559977,76.570323,153.140646,-9456.434915
948.560604,114.855485,153.140646,-9360.722011
948.561232,76.570323,114.855485,-9456.434915
948.561859,133.998066,153.140646,-9399.007173
948.562487,114.855485,153.140646,-9379.864592
948.563114,133.998066,114.855485,-9418.149754
948.563742,76.570323,114.855485,-9418.149754
948.564369,133.998066,114.855485,-9418.149754
948.564997,76.570323,153.140646,-9437.292334
948.565624,114.855485,153.140646,-9360.722011
948.566252,38.285162,114.855485,-9418.149754
948.566879,76.570323,133.998066,-9379.864592
948.567507,76.570323,114.855485,-9418.149754
948.568134,38.285162,210.568389,-9418.149754
948.568762,38.285162,210.568389,-9437.292334
948.569389,95.712904,114.855485,-9360.722011
948.570017,95.712904,153.140646,-9360.722011
948.570644,95.712904,133.998066,-9360.722011
948.571272,172.283227,114.855485,-9379.864592
948.571899,114.855485,95.712904,-9399.007173
948.572527,57.427742,172.283227,-9418.149754
948.573154,76.570323,210.568389,-9360.722011
948.573782,133.998066,153.140646,-9437.292334
948.574409,114.855485,95.712904,-9399.007173
948.575037,133.998066,210.568389,-9418.149754
948.575664,95.712904,172.283227,-9360.722011
948.576292,38.285162,114.855485,-9437.292334
948.576919,133.998066,114.855485,-9399.007173
948.577546,95.712904,114.855485,-9437.292334
948.578174,76.570323,114.855485,-9418.149754
948.578801,133.998066,153.140646,-9418.149754
948.579429,76.570323,114.855485,-9437.292334
948.580056,95.712904,172.283227,-9418.149754
948.580684,133.998066,210.568389,-9418.149754
948.581311,38.285162,153.140646,-9418.149754
948.581938,76.570323,114.855485,-9437.292334
948.582566,95.712904,153.140646,-9360.722011
948.583193,133.998066,114.855485,-9418.149754
948.583821,114.855485,95.712904,-9399.007173
948.584448,95.712904,95.712904,-9456.434915
948.585076,95.712904,153.140646,-9418.149754
948.585703,95.712904,95.712904,-9399.007173
948.586330,76.570323,114.855485,-9418.149754
948.586958,76.570323,114.855485,-9437.292334
948.587585,133.998066,133.998066,-9399.007173
948.588213,95.712904,133.998066,-9284.151688
948.588840,114.855485,133.998066,-9360.722011
948.589467,95.712904,210.568389,-9360.722011
948.590095,38.285162,114.855485,-9456.434915
948.590722,133.998066,114.855485,-9418.149754
948.591350,76.570323,172.283227,-9360.722011
948.591977,76.570323,114.855485,-9418.149754
948.592605,133.998066,172.283227,-9418.149754
948.593232,95.712904,153.140646,-9456.434915
948.593859,114.855485,229.710970,-9379.864592
948.594487,133.998066,172.283227,-9418.149754
948.595114,76.570323,153.140646,-9418.149754
948.595742,76.570323,114.855485,-9418.149754
948.596369,38.285162,114.855485,-9418.149754
948.596997,133.998066,114.855485,-9418.149754
948.597624,114.855485,95.712904,-9399.007173
948.598251,76.570323,114.855485,-9418.149754
948.598879,114.855485,172.283227,-9360.722011
948.599506,133.998066,114.855485,-9418.149754
948.600134,95.712904,172.283227,-9418.149754
948.600761,76.570323,114.855485,-9418.149754
948.601389,57.427742,172.283227,-9418.149754
948.602016,76.570323,114.855485,-9418.149754
948.602643,76.570323,114.855485,-9418.149754
948.603271,38.285162,172.283227,-9437.292334
948.603898,133.998066,114.855485,-9418.149754
948.604526,38.285162,114.855485,-9418.149754
948.605153,76.570323,153.140646,-9418.149754
948.605781,133.998066,172.283227,-9418.149754
948.606408,76.570323,153.140646,-9418.149754
948.607035,76.570323,153.140646,-9418.149754
948.607663,95.712904,133.998066,-9360.722011
948.608290,57.427742,133.998066,-9360.722011
948.608918,133.998066,114.855485,-9418.149754
948.609545,95.712904,95.712904,-9399.007173
948.610173,57.427742,210.568389,-9360.722011
948.610800,95.712904,133.998066,-9360.722011
948.611427,38.285162,210.568389,-9418.149754
948.612055,76.570323,172.283227,-9418.149754
948.612682,57.427742,133.998066,-9360.722011
948.613310,76.570323,114.855485,-9418.149754
948.613937,114.855485,172.283227,-9360.722011
948.614565,76.570323,114.855485,-9418.149754
948.615192,114.855485,153.140646,-9360.722011
948.615819,172.283227,76.570323,-9418.149754
948.616447,133.998066,172.283227,-9418.149754
948.617074,133.998066,114.855485,-9418.149754
948.617702,95.712904,114.855485,-9437.292334
948.618329,133.998066,229.710970,-9418.149754
948.618957,133.998066,114.855485,-9418.149754
948.619584,133.998066,172.283227,-9399.007173
948.620211,95.712904,114.855485,-9418.149754
948.620839,57.427742,133.998066,-9418.149754
948.621466,38.285162,229.710970,-9437.292334
948.622094,133.998066,114.855485,-9418.149754
948.622721,133.998066,95.712904,-9341.579430
948.623349,133.998066,114.855485,-9418.149754
948.623976,133.998066,172.283227,-9437.292334
948.624603,95.712904,229.710970,-9475.577496
948.625231,76.570323,153.140646,-9418.149754
948.625858,76.570323,114.855485,-9418.149754
948.626486,133.998066,114.855485,-9418.149754
948.627113,95.712904,57.427742,-9399.007173
948.627741,95.712904,95.712904,-9456.434915
948.628368,95.712904,172.283227,-9456.434915
948.628995,95.712904,133.998066,-9360.722011
948.629623,133.998066,133.998066,-9437.292334
948.630250,57.427742,114.855485,-9418.149754
948.630878,76.570323,114.855485,-9418.149754
948.631505,133.998066,153.140646,-9456.434915
948.632133,114.855485,133.998066,-9360.722011
948.632760,76.570323,153.140646,-9418.149754
948.633387,76.570323,133.998066,-9360.722011
948.634015,133.998066,114.855485,-9341.579430
948.634642,114.855485,172.283227,-9360.722011
948.635270,114.855485,210.568389,-9322.436850
948.635897,114.855485,172.283227,-9360.722011
948.636525,76.570323,114.855485,-9418.149754
948.637152,153.140646,133.998066,-9399.007173
948.637779,133.998066,114.855485,-9418.149754
948.638407,76.570323,114.855485,-9418.149754
948.639034,76.570323,172.283227,-9418.149754
948.639662,38.285162,114.855485,-9418.149754
948.640289,76.570323,114.855485,-9418.149754
948.640917,38.285162,153.140646,-9533.005238
948.641544,38.285162,114.855485,-9456.434915
948.642171,153.140646,133.998066,-9399.007173
948.642799,114.855485,95.712904,-9399.007173
948.643426,114.855485,95.712904,-9399.007173
948.644054,95.712904,95.712904,-9456.434915
948.644681,95.712904,95.712904,-9399.007173
948.645309,133.998066,114.855485,-9418.149754
948.645936,76.570323,153.140646,-9456.434915
948.646563,153.140646,133.998066,-9456.434915
948.647191,95.712904,114.855485,-9456.434915
948.647818,95.712904,114.855485,-9437.292334
948.648446,133.998066,114.855485,-9418.149754
948.649073,153.140646,133.998066,-9399.007173
948.649701,133.998066,114.855485,-9418.149754
948.650328,95.712904,114.855485,-9456.434915
948.650955,76.570323,114.855485,-9437.292334
948.651583,133.998066,114.855485,-9475.577496
948.652210,38.285162,114.855485,-9418.149754
948.652838,114.855485,172.283227,-9379.864592
948.653465,76.570323,114.855485,-9418.149754
948.654093,133.998066,114.855485,-9437.292334
948.654720,95.712904,153.140646,-9360.722011
948.655347,95.712904,172.283227,-9360.722011
948.655975,38.285162,114.855485,-9418.149754
948.656602,133.998066,114.855485,-9360.722011
948.657230,95.712904,172.283227,-9360.722011
948.657857,133.998066,114.855485,-9475.577496
948.658485,95.712904,95.712904,-9399.007173
948.659112,76.570323,114.855485,-9418.149754
948.659739,133.998066,172.283227,-9418.149754
948.660367,95.712904,133.998066,-9360.722011
948.660994,76.570323,153.140646,-9418.149754
948.661622,57.427742,210.568389,-9360.722011
948.662249,76.570323,114.855485,-9418.149754
948.662877,95.712904,172.283227,-9418.149754
948.663504,133.998066,153.140646,-9418.149754
948.664131,133.998066,210.568389,-9437.292334
948.664759,76.570323,114.855485,-9360.722011
948.665386,76.570323,172.283227,-9418.149754
948.666014,153.140646,172.283227,-9399.007173
948.666641,172.283227,114.855485,-9379.864592
948.667269,57.427742,95.712904,-9399.007173
948.667896,95.712904,95.712904,-9494.720077
948.668523,114.855485,95.712904,-9456.434915
948.669151,133.998066,191.425808,-9360.722011
948.669778,95.712904,153.140646,-9360.722011
948.670406,76.570323,114.855485,-9418.149754
948.671033,76.570323,114.855485,-9418.149754
948.671661,95.712904,95.712904,-9399.007173
948.672288,38.285162,114.855485,-9418.149754
948.672915,153.140646,172.283227,-9437.292334
948.673543,76.570323,114.855485,-9437.292334
948.674170,95.712904,133.998066,-9360.722011
948.674798,153.140646,172.283227,-9399.007173
948.675425,114.855485,153.140646,-9360.722011
948.676053,133.998066,210.568389,-9418.149754
948.676680,114.855485,133.998066,-9360.722011
948.677308,210.568389,133.998066,-9399.007173
948.677935,133.998066,114.855485,-9418.149754
948.678563,133.998066,153.140646,-9418.149754
948.679190,133.998066,172.283227,-9418.149754
948.679818,76.570323,210.568389,-9418.149754
948.680445,76.570323,210.568389,-9418.149754
948.681072,133.998066,172.283227,-9456.434915
948.681700,76.570323,114.855485,-9456.434915
948.682327,57.427742,114.855485,-9379.864592
948.682955,95.712904,153.140646,-9418.149754
948.683582,133.998066,114.855485,-9437.292334
948.684210,153.140646,153.140646,-9418.149754
948.684837,133.998066,114.855485,-9418.149754
948.685465,76.570323,114.855485,-9418.149754
948.686092,133.998066,114.855485,-9437.292334
948.686720,114.855485,191.425808,-9360.722011
948.687347,114.855485,133.998066,-9418.149754
948.687975,114.855485,191.425808,-9360.722011
948.688602,172.283227,114.855485,-9399.007173
948.689230,38.285162,114.855485,-9418.149754
948.689857,38.285162,172.283227,-9437.292334
948.690485,76.570323,114.855485,-9456.434915
948.691112,153.140646,172.283227,-9456.434915
948.691740,38.285162,172.283227,-9360.722011
948.692367,76.570323,114.855485,-9360.722011
948.692995,95.712904,133.998066,-9360.722011
948.693622,76.570323,133.998066,-9360.722011
948.694250,133.998066,114.855485,-9418.149754
948.694877,76.570323,153.140646,-9418.149754
948.695505,76.570323,114.855485,-9399.007173
948.696132,76.570323,114.855485,-9418.149754
948.696760,114.855485,95.712904,-9456.434915
948.697387,38.285162,172.283227,-9418.149754
948.698015,133.998066,210.568389,-9456.434915
948.698642,133.998066,114.855485,-9418.149754
948.699270,76.570323,210.568389,-9418.149754
948.699897,76.570323,153.140646,-9418.149754
948.700525,133.998066,114.855485,-9475.577496
948.701152,76.570323,153.140646,-9418.149754
948.701780,133.998066,114.855485,-9418.149754
948.702407,76.570323,114.855485,-9437.292334
948.703035,114.855485,114.855485,-9399.007173
948.703662,38.285162,114.855485,-9418.149754
948.704290,76.570323,114.855485,-9437.292334
948.704917,38.285162,210.568389,-9437.292334
948.705545,95.712904,229.710970,-9418.149754
948.706172,95.712904,172.283227,-9360.722011
948.706800,114.855485,133.998066,-9437.292334
948.707427,133.998066,114.855485,-9418.149754
948.708055,57.427742,95.712904,-9399.007173
948.708682,38.285162,114.855485,-9418.149754
948.709310,76.570323,114.855485,-9418.149754
948.709937,38.285162,114.855485,-9418.149754
948.710565,76.570323,114.855485,-9475.577496
948.711192,133.998066,172.283227,-9437.292334
948.711819,76.570323,114.855485,-9418.149754
948.712447,133.998066,133.998066,-9475.577496
948.713074,76.570323,153.140646,-9418.149754
948.713702,95.712904,153.140646,-9456.434915
948.714329,76.570323,76.570323,-9379.864592
948.714957,133.998066,114.855485,-9418.149754
948.715584,153.140646,172.283227,-9399.007173
948.716212,133.998066,172.283227,-9399.007173
948.716839,114.855485,95.712904,-9399.007173
948.717467,133.998066,114.855485,-9418.149754
948.718094,133.998066,172.283227,-9418.149754
948.718722,95.712904,133.998066,-9360.722011
948.719349,114.855485,114.855485,-9456.434915
948.719977,133.998066,153.140646,-9418.149754
948.720604,76.570323,114.855485,-9418.149754
948.721232,38.285162,153.140646,-9456.434915
948.721859,95.712904,95.712904,-9399.007173
948.722487,133.998066,114.855485,-9418.149754
948.723114,114.855485,95.712904,-9399.007173
948.723742,76.570323,114.855485,-9418.149754
948.724369,76.570323,76.570323,-9379.864592
948.724997,95.712904,114.855485,-9418.149754
948.725624,133.998066,210.568389,-9418.149754
948.726252,95.712904,133.998066,-9360.722011
948.726879,76.570323,114.855485,-9418.149754
948.727507,76.570323,114.855485,-9418.149754
948.728134,133.998066,153.140646,-9418.149754
948.728762,76.570323,153.140646,-9418.149754
948.729389,76.570323,114.855485,-9418.149754
948.730017,133.998066,210.568389,-9418.149754
948.730644,76.570323,114.855485,-9418.149754
948.731272,76.570323,172.283227,-9437.292334
948.731899,114.855485,95.712904,-9456.434915
948.732527,95.712904,153.140646,-9360.722011
948.733154,133.998066,114.855485,-9418.149754
948.733782,172.283227,76.570323,-9418.149754
948.734409,76.570323,172.283227,-9418.149754
948.735037,114.855485,95.712904,-9456.434915
948.735664,76.570323,114.855485,-9418.149754
948.736292,133.998066,114.855485,-9437.292334
948.736919,38.285162,172.283227,-9418.149754
948.737547,133.998066,172.283227,-9418.149754
948.738174,76.570323,172.283227,-9418.149754
948.738802,95.712904,95.712904,-9437.292334
948.739429,95.712904,153.140646,-9360.722011
948.740057,95.712904,114.855485,-9437.292334
948.740684,133.998066,114.855485,-9418.149754
948.741312,133.998066,114.855485,-9418.149754
948.741939,19.142581,153.140646,-9399.007173
948.742566,95.712904,210.568389,-9360.722011
948.743194,133.998066,114.855485,-9418.149754
948.743821,133.998066,114.855485,-9437.292334
948.744449,95.712904,172.283227,-9533.005238
948.745076,76.570323,114.855485,-9437.292334
948.745704,95.712904,153.140646,-9456.434915
948.746331,114.855485,95.712904,-9437.292334
948.746959,76.570323,114.855485,-9418.149754
948.747586,76.570323,114.855485,-9456.434915
948.748214,76.570323,191.425808,-9456.434915
948.748841,133.998066,114.855485,-9418.149754
948.749469,114.855485,133.998066,-9360.722011
948.750096,153.140646,95.712904,-9360.722011
948.750724,114.855485,172.283227,-9399.007173
948.751351,133.998066,114.855485,-9418.149754
948.751979,95.712904,153.140646,-9360.722011
948.752606,153.140646,172.283227,-9418.149754
948.753234,133.998066,153.140646,-9418.149754
948.753861,38.285162,114.855485,-9418.149754
948.754489,114.855485,133.998066,-9360.722011
948.755116,133.998066,114.855485,-9418.149754
948.755744,38.285162,114.855485,-9418.149754
948.756371,114.855485,95.712904,-9399.007173
948.756999,133.998066,210.568389,-9418.149754
948.757626,76.570323,133.998066,-9360.722011
948.758254,95.712904,172.283227,-9360.722011
948.758881,133.998066,114.855485,-9418.149754
948.759509,114.855485,229.710970,-9379.864592
948.760136,133.998066,114.855485,-9418.149754
948.760764,133.998066,133.998066,-9399.007173
948.761391,76.570323,114.855485,-9360.722011
948.762019,133.998066,114.855485,-9418.149754
948.762646,172.283227,114.855485,-9379.864592
948.763274,133.998066,172.283227,-9437.292334
948.763901,133.998066,114.855485,-9475.577496
948.764529,76.570323,114.855485,-9437.292334
948.765156,76.570323,114.855485,-9418.149754
948.765784,95.712904,210.568389,-9456.434915
948.766411,38.285162,191.425808,-9437.292334
948.767039,133.998066,210.568389,-9418.149754
948.767666,133.998066,229.710970,-9399.007173
948.768294,76.570323,153.140646,-9418.149754
948.768921,76.570323,114.855485,-9418.149754
948.769549,133.998066,114.855485,-9418.149754
948.770176,133.998066,172.283227,-9418.149754
948.770804,76.570323,114.855485,-9418.149754
948.771431,76.570323,114.855485,-9418.149754
948.772059,38.285162,172.283227,-9418.149754
948.772686,76.570323,114.855485,-9418.149754
948.773314,133.998066,153.140646,-9418.149754
948.773941,76.570323,210.568389,-9360.722011
948.774568,76.570323,114.855485,-9418.149754
948.775196,76.570323,114.855485,-9418.149754
948.775823,38.285162,172.283227,-9456.434915
948.776451,76.570323,114.855485,-9418.149754
948.777078,57.427742,133.998066,-9360.722011
948.777706,153.140646,133.998066,-9456.434915
948.778333,76.570323,114.855485,-9418.149754
948.778961,133.998066,133.998066,-9456.434915
948.779588,133.998066,172.283227,-9418.149754
948.780216,133.998066,114.855485,-9418.149754
948.780843,76.570323,133.998066,-9360.722011
948.781471,38.285162,114.855485,-9418.149754
948.782098,38.285162,114.855485,-9418.149754
948.782726,76.570323,114.855485,-9418.149754
948.783353,133.998066,153.140646,-9418.149754
948.783980,76.570323,172.283227,-9418.149754
948.784608,133.998066,153.140646,-9418.149754
948.785235,114.855485,153.140646,-9360.722011
948.785863,76.570323,153.140646,-9418.149754
948.786490,76.570323,114.855485,-9437.292334
948.787118,133.998066,172.283227,-9456.434915
948.787745,133.998066,114.855485,-9418.149754
948.788373,38.285162,114.855485,-9360.722011
948.789000,172.283227,114.855485,-9379.864592
948.789628,38.285162,114.855485,-9418.149754
948.790255,38.285162,133.998066,-9379.864592
948.790883,133.998066,114.855485,-9418.149754
948.791510,76.570323,114.855485,-9418.149754
948.792137,133.998066,76.570323,-9379.864592
948.792765,76.570323,210.568389,-9418.149754
948.793392,38.285162,114.855485,-9418.149754
948.794020,114.855485,114.855485,-9399.007173
948.794647,76.570323,153.140646,-9437.292334
948.795275,153.140646,153.140646,-9379.864592
948.795902,114.855485,95.712904,-9379.864592
948.796530,95.712904,133.998066,-9360.722011
948.797157,76.570323,114.855485,-9418.149754
948.797785,133.998066,114.855485,-9418.149754
948.798412,76.570323,153.140646,-9418.149754
948.799040,76.570323,114.855485,-9437.292334
948.799667,76.570323,114.855485,-9418.149754
948.800294,76.570323,172.283227,-9418.149754
948.800922,76.570323,172.283227,-9418.149754
948.801549,95.712904,133.998066,-9360.722011
948.802177,133.998066,114.855485,-9418.149754
948.802804,76.570323,114.855485,-9418.149754
948.803432,38.285162,172.283227,-9418.149754
948.804059,38.285162,114.855485,-9418.149754
948.804687,133.998066,172.283227,-9418.149754
948.805314,76.570323,114.855485,-9418.149754
948.805942,133.998066,114.855485,-9418.149754
948.806569,133.998066,172.283227,-9418.149754
948.807196,76.570323,114.855485,-9418.149754
948.807824,133.998066,114.855485,-9418.149754
948.808451,76.570323,114.855485,-9418.149754
948.809079,114.855485,95.712904,-9437.292334
948.809706,76.570323,114.855485,-9418.149754
948.810334,133.998066,114.855485,-9418.149754
948.810961,95.712904,153.140646,-9341.579430
948.811589,76.570323,210.568389,-9456.434915
948.812216,76.570323,114.855485,-9418.149754
948.812844,57.427742,76.570323,-9379.864592
948.813471,57.427742,133.998066,-9360.722011
948.814099,133.998066,114.855485,-9418.149754
948.814726,133.998066,191.425808,-9399.007173
948.815353,153.140646,153.140646,-9456.434915
948.815981,76.570323,114.855485,-9418.149754
948.816608,133.998066,114.855485,-9437.292334
948.817236,76.570323,172.283227,-9418.149754
948.817863,38.285162,153.140646,-9456.434915
948.818491,76.570323,114.855485,-9456.434915
948.819118,76.570323,114.855485,-9418.149754
948.819746,114.855485,95.712904,-9399.007173
948.820373,133.998066,114.855485,-9418.149754
948.821001,95.712904,114.855485,-9418.149754
948.821628,38.285162,153.140646,-9418.149754
948.822256,114.855485,133.998066,-9360.722011
948.822883,95.712904,95.712904,-9456.434915
948.823510,57.427742,114.855485,-9418.149754
948.824138,38.285162,191.425808,-9360.722011
948.824765,19.142581,210.568389,-9437.292334
948.825393,76.570323,114.855485,-9437.292334
948.826020,76.570323,114.855485,-9475.577496
948.826648,133.998066,114.855485,-9456.434915
948.827275,76.570323,114.855485,-9437.292334
948.827903,114.855485,133.998066,-9360.722011
948.828530,76.570323,172.283227,-9418.149754
948.829158,76.570323,153.140646,-9418.149754
948.829785,19.142581,172.283227,-9418.149754
948.830413,133.998066,114.855485,-9418.149754
948.831040,76.570323,114.855485,-9418.149754
948.831667,95.712904,172.283227,-9437.292334
948.832295,114.855485,191.425808,-9360.722011
948.832922,133.998066,153.140646,-9418.149754
948.833550,133.998066,114.855485,-9456.434915
948.834177,153.140646,191.425808,-9399.007173
948.834805,153.140646,133.998066,-9399.007173
948.835432,114.855485,95.712904,-9437.292334
948.836060,76.570323,133.998066,-9360.722011
948.836687,19.142581,114.855485,-9475.577496
948.837315,38.285162,172.283227,-9418.149754
948.837942,76.570323,114.855485,-9418.149754
948.838570,153.140646,133.998066,-9456.434915
948.839197,76.570323,114.855485,-9418.149754
948.839824,153.140646,114.855485,-9360.722011
948.840452,114.855485,76.570323,-9418.149754
948.841079,76.570323,172.283227,-9437.292334
948.841707,95.712904,133.998066,-9360.722011
948.842334,95.712904,133.998066,-9360.722011
948.842962,76.570323,191.425808,-9418.149754
948.843589,95.712904,191.425808,-9322.436850
948.844217,95.712904,133.998066,-9360.722011
948.844844,76.570323,95.712904,-9399.007173
948.845472,95.712904,153.140646,-9360.722011
948.846099,76.570323,172.283227,-9418.149754
948.846727,19.142581,114.855485,-9418.149754
948.847354,76.570323,210.568389,-9341.579430
948.847981,114.855485,95.712904,-9399.007173
948.848609,133.998066,95.712904,-9360.722011
948.849236,57.427742,172.283227,-9418.149754
948.849864,133.998066,172.283227,-9418.149754
948.850491,95.712904,172.283227,-9360.722011
948.851119,38.285162,114.855485,-9418.149754
948.851746,133.998066,114.855485,-9418.149754
948.852374,76.570323,210.568389,-9418.149754
948.853001,95.712904,133.998066,-9360.722011
948.853629,133.998066,114.855485,-9418.149754
948.854256,114.855485,133.998066,-9360.722011
948.854883,133.998066,172.283227,-9418.149754
948.855511,19.142581,153.140646,-9418.149754
948.856138,76.570323,114.855485,-9418.149754
948.856766,76.570323,172.283227,-9418.149754
948.857393,76.570323,153.140646,-9360.722011
948.858021,172.283227,76.570323,-9418.149754
948.858648,133.998066,114.855485,-9456.434915
948.859276,95.712904,210.568389,-9418.149754
948.859903,95.712904,153.140646,-9360.722011
948.860531,153.140646,133.998066,-9456.434915
948.861158,76.570323,114.855485,-9418.149754
948.861786,133.998066,172.283227,-9418.149754
948.862413,133.998066,114.855485,-9418.149754
948.863040,38.285162,153.140646,-9360.722011
948.863668,133.998066,153.140646,-9418.149754
948.864295,114.855485,95.712904,-9399.007173
948.864923,114.855485,153.140646,-9360.722011
948.865550,133.998066,172.283227,-9494.720077
948.866178,76.570323,114.855485,-9418.149754
948.866805,133.998066,153.140646,-9418.149754
948.867433,153.140646,133.998066,-9399.007173
948.868060,76.570323,210.568389,-9418.149754
948.868688,114.855485,95.712904,-9399.007173
948.869315,114.855485,191.425808,-9360.722011
948.869943,133.998066,114.855485,-9437.292334
948.870570,95.712904,114.855485,-9456.434915
948.871197,76.570323,210.568389,-9418.149754
948.871825,95.712904,133.998066,-9360.722011
948.872452,38.285162,114.855485,-9456.434915
948.873080,133.998066,114.855485,-9418.149754
948.873707,133.998066,114.855485,-9418.149754
948.874335,38.285162,172.283227,-9418.149754
948.874962,95.712904,153.140646,-9418.149754
948.875590,153.140646,133.998066,-9399.007173
948.876217,133.998066,172.283227,-9418.149754
948.876845,133.998066,114.855485,-9418.149754
948.877472,76.570323,114.855485,-9437.292334
948.878099,95.712904,229.710970,-9418.149754
948.878727,76.570323,210.568389,-9418.149754
948.879354,133.998066,172.283227,-9418.149754
948.879982,114.855485,153.140646,-9379.864592
948.880609,133.998066,153.140646,-9399.007173
948.881237,172.283227,114.855485,-9379.864592
948.881864,76.570323,114.855485,-9418.149754
948.882492,76.570323,172.283227,-9360.722011
948.883119,133.998066,114.855485,-9418.149754
948.883746,133.998066,114.855485,-9418.149754
948.884374,95.712904,133.998066,-9360.722011
948.885001,172.283227,210.568389,-9379.864592
948.885629,133.998066,114.855485,-9418.149754
948.886256,76.570323,153.140646,-9533.005238
948.886884,38.285162,153.140646,-9418.149754
948.887511,76.570323,153.140646,-9456.434915
948.888138,38.285162,172.283227,-9418.149754
948.888766,76.570323,114.855485,-9418.149754
948.889393,76.570323,210.568389,-9418.149754
948.890021,38.285162,172.283227,-9456.434915
948.890648,133.998066,114.855485,-9418.149754
948.891276,114.855485,133.998066,-9360.722011
948.891903,76.570323,114.855485,-9418.149754
948.892530,95.712904,114.855485,-9418.149754
948.893158,38.285162,114.855485,-9418.149754
948.893785,57.427742,95.712904,-9456.434915
948.894413,76.570323,114.855485,-9475.577496
948.895040,76.570323,153.140646,-9418.149754
948.895668,76.570323,172.283227,-9418.149754
948.896295,95.712904,172.283227,-9418.149754
948.896923,76.570323,210.568389,-9456.434915
948.897550,95.712904,248.853550,-9360.722011
948.898177,95.712904,172.283227,-9360.722011
948.898805,76.570323,114.855485,-9418.149754
948.899432,38.285162,76.570323,-9379.864592
948.900060,95.712904,95.712904,-9399.007173
948.900687,153.140646,133.998066,-9399.007173
948.901315,76.570323,114.855485,-9456.434915
948.901942,38.285162,172.283227,-9418.149754
948.902569,95.712904,114.855485,-9437.292334
948.903197,38.285162,210.568389,-9418.149754
948.903824,38.285162,114.855485,-9418.149754
948.904452,76.570323,76.570323,-9379.864592
948.905079,76.570323,172.283227,-9418.149754
948.905707,153.140646,133.998066,-9399.007173
948.906334,76.570323,114.855485,-9418.149754
948.906962,76.570323,95.712904,-9475.577496
948.907589,133.998066,114.855485,-9418.149754
948.908216,172.283227,114.855485,-9379.864592
948.908844,133.998066,114.855485,-9418.149754
948.909471,133.998066,114.855485,-9360.722011
948.910099,133.998066,153.140646,-9418.149754
948.910726,76.570323,172.283227,-9418.149754
948.911354,133.998066,133.998066,-9399.007173
948.911981,95.712904,172.283227,-9360.722011
948.912608,76.570323,114.855485,-9418.149754
948.913236,76.570323,114.855485,-9418.149754
948.913863,38.285162,114.855485,-9418.149754
948.914491,133.998066,114.855485,-9360.722011
948.915118,57.427742,95.712904,-9399.007173
948.915746,76.570323,114.855485,-9418.149754
948.916373,114.855485,95.712904,-9399.007173
948.917000,133.998066,114.855485,-9437.292334
948.917628,153.140646,133.998066,-9399.007173
948.918255,76.570323,114.855485,-9418.149754
948.918883,76.570323,153.140646,-9456.434915
948.919510,133.998066,153.140646,-9437.292334
948.920138,95.712904,114.855485,-9418.149754
948.920765,172.283227,95.712904,-9399.007173
948.921393,76.570323,114.855485,-9418.149754
948.922020,76.570323,133.998066,-9360.722011
948.922647,133.998066,114.855485,-9418.149754
948.923275,95.712904,95.712904,-9399.007173
948.923902,133.998066,210.568389,-9418.149754
948.924530,114.855485,133.998066,-9360.722011
948.925157,133.998066,114.855485,-9418.149754
948.925785,133.998066,114.855485,-9437.292334
948.926412,153.140646,133.998066,-9399.007173
948.927039,76.570323,153.140646,-9418.149754
948.927667,76.570323,210.568389,-9418.149754
948.928294,133.998066,210.568389,-9418.149754
948.928922,114.855485,153.140646,-9360.722011
948.929549,76.570323,114.855485,-9437.292334
948.930177,133.998066,114.855485,-9418.149754
948.930804,95.712904,133.998066,-9418.149754
948.931432,76.570323,210.568389,-9418.149754
948.932059,95.712904,114.855485,-9418.149754
948.932686,95.712904,133.998066,-9360.722011
948.933314,133.998066,153.140646,-9418.149754
948.933941,76.570323,114.855485,-9418.149754
948.934569,133.998066,153.140646,-9418.149754
948.935196,172.283227,210.568389,-9379.864592
948.935824,133.998066,153.140646,-9418.149754
948.936451,76.570323,76.570323,-9379.864592
948.937078,133.998066,114.855485,-9418.149754
948.937706,76.570323,114.855485,-9418.149754
948.938333,38.285162,114.855485,-9475.577496
948.938961,153.140646,172.283227,-9418.149754
948.939588,210.568389,133.998066,-9399.007173
948.940216,76.570323,114.855485,-9456.434915
948.940843,95.712904,153.140646,-9418.149754
948.941470,76.570323,172.283227,-9418.149754
948.942098,76.570323,114.855485,-9418.149754
948.942725,133.998066,114.855485,-9418.149754
948.943353,38.285162,76.570323,-9379.864592
948.943980,133.998066,114.855485,-9437.292334
948.944608,38.285162,153.140646,-9418.149754
948.945235,133.998066,133.998066,-9379.864592
948.945863,133.998066,172.283227,-9418.149754
948.946490,76.570323,172.283227,-9418.149754
948.947117,133.998066,191.425808,-9399.007173
948.947745,76.570323,210.568389,-9418.149754
948.948372,76.570323,191.425808,-9418.149754
948.949000,133.998066,114.855485,-9437.292334
948.949627,210.568389,153.140646,-9399.007173
948.950255,172.283227,114.855485,-9379.864592
948.950882,57.427742,95.712904,-9399.007173
948.951509,57.427742,133.998066,-9418.149754
948.952137,76.570323,114.855485,-9437.292334
948.952764,133.998066,153.140646,-9418.149754
948.953392,76.570323,153.140646,-9437.292334
948.954019,76.570323,114.855485,-9418.149754
948.954647,95.712904,114.855485,-9418.149754
948.955274,114.855485,95.712904,-9399.007173
948.955901,76.570323,114.855485,-9418.149754
948.956529,133.998066,114.855485,-9418.149754
948.957156,76.570323,114.855485,-9418.149754
948.957784,133.998066,114.855485,-9418.149754
948.958411,133.998066,172.283227,-9418.149754
948.959039,114.855485,133.998066,-9418.149754
948.959666,114.855485,95.712904,-9399.007173
948.960294,133.998066,133.998066,-9399.007173
948.960921,133.998066,114.855485,-9437.292334
948.961548,95.712904,172.283227,-9418.149754
948.962176,133.998066,114.855485,-9418.149754
948.962803,133.998066,153.140646,-9456.434915
948.963431,95.712904,114.855485,-9418.149754
948.964058,95.712904,133.998066,-9418.149754
948.964686,153.140646,172.283227,-9456.434915
948.965313,114.855485,191.425808,-9379.864592
948.965940,76.570323,114.855485,-9418.149754
948.966568,76.570323,114.855485,-9456.434915
948.967195,114.855485,114.855485,-9341.579430
948.967823,38.285162,114.855485,-9475.577496
948.968450,133.998066,172.283227,-9418.149754
948.969078,114.855485,133.998066,-9360.722011
948.969705,76.570323,114.855485,-9418.149754
948.970333,133.998066,114.855485,-9437.292334
948.970960,95.712904,114.855485,-9418.149754
948.971587,95.712904,114.855485,-9418.149754
948.972215,133.998066,210.568389,-9418.149754
948.972842,95.712904,191.425808,-9360.722011
948.973470,114.855485,153.140646,-9360.722011
948.974097,95.712904,191.425808,-9341.579430
948.974725,114.855485,153.140646,-9360.722011
948.975352,133.998066,153.140646,-9437.292334
948.975979,57.427742,133.998066,-9360.722011
948.976607,76.570323,95.712904,-9399.007173
948.977234,133.998066,191.425808,-9456.434915
948.977862,133.998066,210.568389,-9418.149754
948.978489,133.998066,172.283227,-9437.292334
948.979116,76.570323,229.710970,-9437.292334
948.979744,133.998066,114.855485,-9418.149754
948.980371,153.140646,153.140646,-9456.434915
948.980999,133.998066,210.568389,-9494.720077
948.981626,133.998066,114.855485,-9418.149754
948.982253,133.998066,114.855485,-9418.149754
948.982881,133.998066,153.140646,-9418.149754
948.983508,133.998066,172.283227,-9418.149754
948.984135,38.285162,114.855485,-9418.149754
948.984763,76.570323,76.570323,-9379.864592
948.985390,95.712904,114.855485,-9418.149754
948.986018,76.570323,114.855485,-9418.149754
948.986645,153.140646,172.283227,-9399.007173
948.987272,38.285162,210.568389,-9418.149754
948.987900,133.998066,114.855485,-9418.149754
948.988527,153.140646,153.140646,-9399.007173
948.989154,38.285162,114.855485,-9418.149754
948.989782,95.712904,133.998066,-9360.722011
948.990409,95.712904,114.855485,-9418.149754
948.991037,57.427742,133.998066,-9360.722011
948.991664,76.570323,114.855485,-9418.149754
948.992291,95.712904,114.855485,-9418.149754
948.992919,133.998066,172.283227,-9418.149754
948.993546,57.427742,172.283227,-9418.149754
948.994174,95.712904,114.855485,-9418.149754
948.994801,57.427742,95.712904,-9399.007173
948.995428,133.998066,114.855485,-9418.149754
948.996056,133.998066,114.855485,-9418.149754
948.996683,76.570323,210.568389,-9437.292334
948.997310,38.285162,114.855485,-9418.149754
948.997938,76.570323,76.570323,-9379.864592
948.998565,76.570323,153.140646,-9418.149754
948.999193,38.285162,114.855485,-9418.149754
948.999820,38.285162,114.855485,-9418.149754
949.000447,95.712904,172.283227,-9418.149754
949.001075,76.570323,172.283227,-9418.149754
949.001702,76.570323,114.855485,-9418.149754
949.002329,76.570323,114.855485,-9418.149754
949.002957,38.285162,172.283227,-9418.149754
949.003584,133.998066,172.283227,-9418.149754
949.004212,114.855485,191.425808,-9360.722011
949.004839,76.570323,114.855485,-9418.149754
949.005466,133.998066,114.855485,-9418.149754
949.006094,38.285162,114.855485,-9360.722011
949.006721,95.712904,114.855485,-9475.577496
949.007349,133.998066,114.855485,-9418.149754
949.007976,133.998066,114.855485,-9418.149754
949.008603,210.568389,133.998066,-9399.007173
949.009231,133.998066,114.855485,-9418.149754
949.009858,95.712904,114.855485,-9418.149754
949.010485,172.283227,76.570323,-9475.577496
949.011113,114.855485,76.570323,-9418.149754
949.011740,76.570323,172.283227,-9456.434915
949.012368,133.998066,114.855485,-9418.149754
949.012995,114.855485,95.712904,-9399.007173
949.013622,76.570323,114.855485,-9418.149754
949.014250,114.855485,133.998066,-9360.722011
949.014877,76.570323,153.140646,-9418.149754
949.015504,57.427742,153.140646,-9360.722011
949.016132,76.570323,114.855485,-9418.149754
949.016759,76.570323,114.855485,-9418.149754
949.017387,95.712904,172.283227,-9418.149754
949.018014,133.998066,114.855485,-9418.149754
949.018641,172.283227,76.570323,-9418.149754
949.019269,76.570323,153.140646,-9418.149754
949.019896,95.712904,114.855485,-9418.149754
949.020523,95.712904,210.568389,-9418.149754
949.021151,76.570323,95.712904,-9399.007173
949.021778,133.998066,114.855485,-9418.149754
949.022406,95.712904,172.283227,-9418.149754
949.023033,133.998066,114.855485,-9418.149754
949.023660,76.570323,172.283227,-9418.149754
949.024288,76.570323,153.140646,-9418.149754
949.024915,38.285162,114.855485,-9456.434915
949.025543,210.568389,133.998066,-9399.007173
949.026170,133.998066,153.140646,-9418.149754
949.026797,133.998066,191.425808,-9418.149754
949.027425,76.570323,76.570323,-9379.864592
949.028052,133.998066,114.855485,-9418.149754
949.028679,133.998066,172.283227,-9418.149754
949.029307,133.998066,114.855485,-9418.149754
949.029934,95.712904,95.712904,-9399.007173
949.030562,76.570323,114.855485,-9418.149754
949.031189,76.570323,114.855485,-9418.149754
949.031816,76.570323,172.283227,-9418.149754
949.032444,95.712904,210.568389,-9418.149754
949.033071,210.568389,133.998066,-9399.007173
949.033698,153.140646,172.283227,-9399.007173
949.034326,76.570323,153.140646,-9418.149754
949.034953,133.998066,133.998066,-9379.864592
949.035581,76.570323,114.855485,-9418.149754
949.036208,76.570323,114.855485,-9418.149754
949.036835,57.427742,95.712904,-9399.007173
949.037463,76.570323,114.855485,-9418.149754
949.038090,133.998066,114.855485,-9418.149754
949.038718,76.570323,114.855485,-9418.149754
949.039345,133.998066,114.855485,-9418.149754
949.039972,76.570323,114.855485,-9437.292334
949.040600,76.570323,114.855485,-9418.149754
949.041227,76.570323,153.140646,-9418.149754
949.041854,95.712904,114.855485,-9437.292334
949.042482,153.140646,191.425808,-9418.149754
949.043109,95.712904,210.568389,-9437.292334
949.043737,153.140646,114.855485,-9437.292334
949.044364,38.285162,114.855485,-9418.149754
949.044991,95.712904,95.712904,-9399.007173
949.045619,76.570323,191.425808,-9418.149754
949.046246,95.712904,191.425808,-9360.722011
949.046873,76.570323,114.855485,-9456.434915
949.047501,19.142581,172.283227,-9437.292334
949.048128,38.285162,114.855485,-9418.149754
949.048756,38.285162,114.855485,-9418.149754
949.049383,133.998066,114.855485,-9418.149754
949.050010,76.570323,114.855485,-9418.149754
949.050638,172.283227,95.712904,-9399.007173
949.051265,133.998066,114.855485,-9418.149754
949.051892,114.855485,114.855485,-9379.864592
949.052520,133.998066,114.855485,-9418.149754
949.053147,153.140646,114.855485,-9418.149754
949.053775,133.998066,133.998066,-9399.007173
949.054402,38.285162,114.855485,-9437.292334
949.055029,76.570323,114.855485,-9418.149754
949.055657,38.285162,76.570323,-9379.864592
949.056284,95.712904,133.998066,-9360.722011
949.056912,133.998066,114.855485,-9437.292334
949.057539,76.570323,76.570323,-9379.864592
949.058166,153.140646,153.140646,-9399.007173
949.058794,133.998066,114.855485,-9418.149754
949.059421,76.570323,153.140646,-9437.292334
949.060048,57.427742,95.712904,-9494.720077
949.060676,19.142581,153.140646,-9399.007173
949.061303,133.998066,133.998066,-9399.007173
949.061931,38.285162,172.283227,-9418.149754
949.062558,38.285162,114.855485,-9418.149754
949.063185,76.570323,153.140646,-9418.149754
949.063813,76.570323,114.855485,-9418.149754
949.064440,133.998066,114.855485,-9418.149754
949.065067,95.712904,114.855485,-9399.007173
949.065695,133.998066,172.283227,-9418.149754
949.066322,114.855485,133.998066,-9418.149754
949.066950,95.712904,133.998066,-9360.722011
949.067577,76.570323,114.855485,-9437.292334
949.068204,38.285162,153.140646,-9456.434915
949.068832,133.998066,114.855485,-9418.149754
949.069459,38.285162,153.140646,-9418.149754
949.070087,114.855485,133.998066,-9360.722011
949.070714,76.570323,114.855485,-9437.292334
949.071341,38.285162,229.710970,-9418.149754
949.071969,38.285162,210.568389,-9418.149754
949.072596,133.998066,114.855485,-9418.149754
949.073223,95.712904,133.998066,-9360.722011
949.073851,76.570323,114.855485,-9418.149754
949.074478,95.712904,133.998066,-9360.722011
949.075106,114.855485,210.568389,-9360.722011
949.075733,133.998066,172.283227,-9418.149754
949.076360,38.285162,191.425808,-9418.149754
949.076988,76.570323,114.855485,-9418.149754
949.077615,38.285162,172.283227,-9418.149754
949.078243,133.998066,172.283227,-9418.149754
949.078870,114.855485,172.283227,-9379.864592
949.079498,114.855485,153.140646,-9360.722011
949.080125,153.140646,133.998066,-9399.007173
949.080753,133.998066,114.855485,-9418.149754
949.081380,76.570323,153.140646,-9418.149754
949.082008,133.998066,114.855485,-9418.149754
949.082635,133.998066,172.283227,-9418.149754
949.083263,76.570323,172.283227,-9418.149754
949.083890,95.712904,191.425808,-9360.722011
949.084518,133.998066,133.998066,-9399.007173
949.085145,133.998066,114.855485,-9418.149754
949.085773,76.570323,114.855485,-9418.149754
949.086400,133.998066,133.998066,-9399.007173
949.087028,210.568389,172.283227,-9399.007173
949.087655,153.140646,133.998066,-9399.007173
949.088283,172.283227,76.570323,-9418.149754
949.088910,133.998066,133.998066,-9399.007173
949.089538,76.570323,172.283227,-9418.149754
949.090165,76.570323,229.710970,-9418.149754
949.090793,133.998066,210.568389,-9437.292334
949.091420,133.998066,133.998066,-9456.434915
949.092048,133.998066,153.140646,-9418.149754
949.092675,133.998066,172.283227,-9418.149754
949.093303,76.570323,153.140646,-9360.722011
949.093930,38.285162,153.140646,-9456.434915
949.094558,38.285162,114.855485,-9418.149754
949.095185,153.140646,133.998066,-9399.007173
949.095813,153.140646,133.998066,-9456.434915
949.096440,133.998066,153.140646,-9399.007173
949.097068,57.427742,114.855485,-9418.149754
949.097695,133.998066,114.855485,-9418.149754
949.098323,76.570323,114.855485,-9418.149754
949.098950,76.570323,114.855485,-9456.434915
949.099578,133.998066,172.283227,-9418.149754
949.100205,38.285162,114.855485,-9418.149754
949.100833,114.855485,76.570323,-9418.149754
949.101460,133.998066,172.283227,-9418.149754
949.102088,38.285162,229.710970,-9418.149754
949.102715,95.712904,210.568389,-9418.149754
949.103343,133.998066,114.855485,-9418.149754
949.103970,133.998066,114.855485,-9418.149754
949.104598,153.140646,133.998066,-9399.007173
949.105225,95.712904,210.568389,-9418.149754
949.105853,38.285162,172.283227,-9418.149754
949.106480,57.427742,172.283227,-9360.722011
949.107108,133.998066,114.855485,-9418.149754
949.107735,76.570323,153.140646,-9418.149754
949.108363,133.998066,210.568389,-9418.149754
949.108990,76.570323,114.855485,-9418.149754
949.109618,114.855485,114.855485,-9437.292334
949.110245,133.998066,153.140646,-9418.149754
949.110873,153.140646,133.998066,-9399.007173
949.111500,133.998066,133.998066,-9399.007173
949.112128,76.570323,114.855485,-9418.149754
949.112755,76.570323,114.855485,-9418.149754
949.113383,76.570323,172.283227,-9418.149754
949.114010,95.712904,172.283227,-9360.722011
949.114638,76.570323,114.855485,-9418.149754
949.115265,76.570323,114.855485,-9418.149754
949.115893,95.712904,114.855485,-9418.149754
949.116520,95.712904,114.855485,-9418.149754
949.117148,95.712904,133.998066,-9360.722011
949.117775,153.140646,172.283227,-9399.007173
949.118403,133.998066,153.140646,-9418.149754
949.119030,153.140646,133.998066,-9456.434915
949.119658,76.570323,114.855485,-9418.149754
949.120285,133.998066,172.283227,-9418.149754
949.120913,38.285162,210.568389,-9437.292334
949.121540,133.998066,153.140646,-9418.149754
949.122168,76.570323,153.140646,-9418.149754
949.122795,95.712904,114.855485,-9418.149754
949.123423,114.855485,114.855485,-9418.149754
949.124050,133.998066,153.140646,-9418.149754
949.124678,57.427742,191.425808,-9341.579430
949.125305,57.427742,172.283227,-9360.722011
949.125933,133.998066,172.283227,-9418.149754
949.126560,76.570323,153.140646,-9418.149754
949.127188,153.140646,248.853550,-9494.720077
949.127815,38.285162,114.855485,-9475.577496
949.128443,95.712904,133.998066,-9360.722011
949.129070,133.998066,114.855485,-9418.149754
949.129698,38.285162,153.140646,-9418.149754
949.130325,76.570323,114.855485,-9418.149754
949.130953,76.570323,153.140646,-9418.149754
949.131580,57.427742,172.283227,-9360.722011
949.132208,153.140646,133.998066,-9379.864592
949.132835,114.855485,153.140646,-9360.722011
949.133463,76.570323,172.283227,-9418.149754
949.134090,38.285162,114.855485,-9437.292334
949.134718,133.998066,172.283227,-9418.149754
949.135345,114.855485,133.998066,-9360.722011
949.135973,38.285162,114.855485,-9418.149754
949.136600,153.140646,153.140646,-9399.007173
949.137228,133.998066,114.855485,-9418.149754
949.137855,172.283227,76.570323,-9418.149754
949.138483,133.998066,114.855485,-9418.149754
949.139110,76.570323,114.855485,-9418.149754
949.139738,76.570323,114.855485,-9456.434915
949.140365,95.712904,95.712904,-9399.007173
949.140993,95.712904,133.998066,-9360.722011
949.141621,76.570323,95.712904,-9399.007173
949.142248,133.998066,172.283227,-9418.149754
949.142876,95.712904,114.855485,-9418.149754
949.143503,76.570323,153.140646,-9456.434915
949.144131,76.570323,114.855485,-9437.292334
949.144758,172.283227,76.570323,-9456.434915
949.145386,133.998066,114.855485,-9418.149754
949.146013,38.285162,114.855485,-9437.292334
949.146641,76.570323,114.855485,-9418.149754
949.147268,57.427742,95.712904,-9399.007173
949.147896,38.285162,114.855485,-9418.149754
949.148523,95.712904,172.283227,-9418.149754
949.149151,38.285162,172.283227,-9418.149754
949.149778,133.998066,172.283227,-9418.149754
949.150406,133.998066,153.140646,-9418.149754
949.151033,153.140646,133.998066,-9399.007173
949.151661,76.570323,172.283227,-9418.149754
949.152288,133.998066,191.425808,-9475.577496
949.152916,38.285162,114.855485,-9418.149754
949.153543,38.285162,114.855485,-9418.149754
949.154171,133.998066,172.283227,-9418.149754
949.154798,95.712904,114.855485,-9418.149754
949.155426,76.570323,114.855485,-9456.434915
949.156053,95.712904,287.138712,-9437.292334
949.156681,133.998066,114.855485,-9418.149754
949.157308,76.570323,76.570323,-9379.864592
949.157936,76.570323,172.283227,-9418.149754
949.158563,76.570323,114.855485,-9418.149754
949.159191,133.998066,172.283227,-9399.007173
949.159818,76.570323,210.568389,-9418.149754
949.160446,76.570323,210.568389,-9418.149754
949.161073,114.855485,95.712904,-9399.007173
949.161701,95.712904,133.998066,-9360.722011
949.162328,133.998066,114.855485,-9456.434915
949.162956,210.568389,172.283227,-9399.007173
949.163583,133.998066,153.140646,-9418.149754
949.164211,133.998066,114.855485,-9418.149754
949.164838,76.570323,133.998066,-9360.722011
949.165466,76.570323,153.140646,-9418.149754
949.166093,133.998066,114.855485,-9418.149754
949.166721,114.855485,133.998066,-9360.722011
949.167348,76.570323,153.140646,-9418.149754
949.167976,38.285162,114.855485,-9456.434915
949.168603,38.285162,114.855485,-9418.149754
949.169231,76.570323,114.855485,-9418.149754
949.169858,76.570323,172.283227,-9456.434915
949.170486,172.283227,76.570323,-9418.149754
949.171113,76.570323,114.855485,-9418.149754
949.171741,133.998066,210.568389,-9360.722011
949.172368,95.712904,248.853550,-9360.722011
949.172996,133.998066,153.140646,-9456.434915
949.173623,153.140646,133.998066,-9399.007173
949.174251,76.570323,114.855485,-9437.292334
949.174878,76.570323,114.855485,-9418.149754
949.175506,153.140646,133.998066,-9399.007173
949.176133,95.712904,153.140646,-9360.722011
949.176761,114.855485,172.283227,-9360.722011
949.177388,76.570323,153.140646,-9418.149754
949.178016,38.285162,172.283227,-9418.149754
949.178643,38.285162,114.855485,-9437.292334
949.179271,133.998066,95.712904,-9418.149754
949.179898,114.855485,133.998066,-9360.722011
949.180526,133.998066,172.283227,-9418.149754
949.181153,38.285162,153.140646,-9418.149754
949.181781,76.570323,133.998066,-9360.722011
949.182408,95.712904,153.140646,-9360.722011
949.183036,95.712904,153.140646,-9418.149754
949.183663,76.570323,153.140646,-9437.292334
949.184291,76.570323,114.855485,-9418.149754
949.184918,114.855485,153.140646,-9360.722011
949.185545,114.855485,172.283227,-9322.436850
949.186173,95.712904,95.712904,-9456.434915
949.186800,76.570323,114.855485,-9418.149754
949.187428,133.998066,114.855485,-9418.149754
949.188055,133.998066,114.855485,-9418.149754
949.188683,133.998066,114.855485,-9418.149754
949.189310,76.570323,114.855485,-9437.292334
949.189938,153.140646,114.855485,-9437.292334
949.190565,133.998066,114.855485,-9418.149754
949.191193,133.998066,114.855485,-9418.149754
949.191820,133.998066,133.998066,-9399.007173
949.192447,133.998066,153.140646,-9418.149754
949.193075,76.570323,172.283227,-9418.149754
949.193702,133.998066,172.283227,-9418.149754
949.194330,133.998066,153.140646,-9437.292334
949.194957,57.427742,248.853550,-9360.722011
949.195585,133.998066,172.283227,-9456.434915
949.196212,95.712904,153.140646,-9418.149754
949.196840,76.570323,114.855485,-9437.292334
949.197467,76.570323,114.855485,-9418.149754
949.198095,38.285162,114.855485,-9418.149754
949.198722,114.855485,133.998066,-9360.722011
949.199350,153.140646,133.998066,-9399.007173
949.199977,76.570323,114.855485,-9418.149754
949.200604,76.570323,114.855485,-9418.149754
949.201232,38.285162,114.855485,-9418.149754
949.201859,76.570323,114.855485,-9418.149754
949.202487,133.998066,114.855485,-9418.149754
949.203114,95.712904,172.283227,-9418.149754
949.203742,76.570323,153.140646,-9418.149754
949.204369,76.570323,153.140646,-9418.149754
949.204997,38.285162,153.140646,-9418.149754
949.205624,38.285162,114.855485,-9418.149754
949.206252,95.712904,95.712904,-9399.007173
949.206879,19.142581,153.140646,-9418.149754
949.207506,38.285162,153.140646,-9437.292334
949.208134,76.570323,114.855485,-9418.149754
949.208761,133.998066,133.998066,-9399.007173
949.209389,76.570323,114.855485,-9418.149754
949.210016,95.712904,153.140646,-9360.722011
949.210644,38.285162,210.568389,-9418.149754
949.211271,76.570323,172.283227,-9341.579430
949.211899,133.998066,153.140646,-9418.149754
949.212526,153.140646,133.998066,-9475.577496
949.213154,95.712904,95.712904,-9399.007173
949.213781,114.855485,95.712904,-9399.007173
949.214408,76.570323,114.855485,-9418.149754
949.215036,114.855485,95.712904,-9399.007173
949.215663,133.998066,114.855485,-9418.149754
949.216291,133.998066,114.855485,-9418.149754
949.216918,38.285162,114.855485,-9418.149754
949.217546,133.998066,210.568389,-9418.149754
949.218173,133.998066,153.140646,-9437.292334
949.218801,76.570323,210.568389,-9475.577496
949.219428,133.998066,153.140646,-9437.292334
949.220056,76.570323,191.425808,-9418.149754
949.220683,153.140646,172.283227,-9379.864592
949.221310,153.140646,133.998066,-9399.007173
949.221938,95.712904,95.712904,-9399.007173
949.222565,76.570323,172.283227,-9418.149754
949.223193,133.998066,172.283227,-9418.149754
949.223820,76.570323,153.140646,-9418.149754
949.224448,133.998066,114.855485,-9418.149754
949.225075,114.855485,133.998066,-9360.722011
949.225703,38.285162,114.855485,-9360.722011
949.226330,38.285162,114.855485,-9418.149754
949.226958,114.855485,114.855485,-9399.007173
949.227585,57.427742,114.855485,-9418.149754
949.228213,133.998066,172.283227,-9418.149754
949.228840,133.998066,172.283227,-9418.149754
949.229467,133.998066,114.855485,-9456.434915
949.230095,76.570323,210.568389,-9437.292334
949.230722,133.998066,114.855485,-9418.149754
949.231350,133.998066,114.855485,-9418.149754
949.231977,133.998066,172.283227,-9418.149754
949.232605,76.570323,153.140646,-9418.149754
949.233232,38.285162,172.283227,-9418.149754
949.233860,76.570323,95.712904,-9360.722011
949.234487,114.855485,95.712904,-9399.007173
949.235115,153.140646,229.710970,-9456.434915
949.235742,76.570323,172.283227,-9418.149754
949.236369,133.998066,114.855485,-9418.149754
949.236997,0.000000,95.712904,-9399.007173
949.237624,76.570323,114.855485,-9418.149754
949.238252,57.427742,172.283227,-9341.579430
949.238879,153.140646,133.998066,-9399.007173
949.239507,38.285162,114.855485,-9456.434915
949.240134,38.285162,153.140646,-9418.149754
949.240762,133.998066,114.855485,-9456.434915
949.241389,38.285162,114.855485,-9456.434915
949.242017,133.998066,153.140646,-9418.149754
949.242644,38.285162,114.855485,-9418.149754
949.243271,133.998066,114.855485,-9418.149754
949.243899,133.998066,114.855485,-9418.149754
949.244526,133.998066,114.855485,-9418.149754
949.245154,133.998066,153.140646,-9418.149754
949.245781,95.712904,172.283227,-9418.149754
949.246409,76.570323,172.283227,-9418.149754
949.247036,133.998066,153.140646,-9418.149754
949.247664,133.998066,114.855485,-9418.149754
949.248291,76.570323,114.855485,-9418.149754
949.248919,95.712904,133.998066,-9360.722011
949.249546,57.427742,133.998066,-9341.579430
949.250173,76.570323,114.855485,-9418.149754
949.250801,114.855485,95.712904,-9399.007173
949.251428,114.855485,95.712904,-9399.007173
949.252056,133.998066,172.283227,-9437.292334
949.252683,153.140646,114.855485,-9360.722011
949.253311,76.570323,114.855485,-9418.149754
949.253938,133.998066,114.855485,-9418.149754
949.254566,76.570323,114.855485,-9437.292334
949.255193,38.285162,114.855485,-9475.577496
949.255821,114.855485,133.998066,-9418.149754
949.256448,133.998066,133.998066,-9399.007173
949.257075,38.285162,114.855485,-9418.149754
949.257703,76.570323,114.855485,-9360.722011
949.258330,114.855485,133.998066,-9360.722011
949.258958,133.998066,210.568389,-9360.722011
949.259585,114.855485,172.283227,-9418.149754
949.260213,76.570323,133.998066,-9379.864592
949.260840,133.998066,210.568389,-9418.149754
949.261468,76.570323,153.140646,-9418.149754
949.262095,38.285162,114.855485,-9437.292334
949.262723,133.998066,114.855485,-9418.149754
949.263350,95.712904,95.712904,-9399.007173
949.263978,76.570323,133.998066,-9360.722011
949.264605,76.570323,172.283227,-9418.149754
949.265232,133.998066,114.855485,-9360.722011
949.265860,153.140646,133.998066,-9399.007173
949.266487,38.285162,114.855485,-9418.149754
949.267115,133.998066,153.140646,-9418.149754
949.267742,76.570323,114.855485,-9437.292334
949.268370,76.570323,114.855485,-9418.149754
949.268997,133.998066,114.855485,-9418.149754
949.269625,133.998066,114.855485,-9456.434915
949.270252,76.570323,114.855485,-9475.577496
949.270880,114.855485,114.855485,-9437.292334
949.271507,76.570323,114.855485,-9360.722011
949.272134,76.570323,153.140646,-9418.149754
949.272762,76.570323,114.855485,-9437.292334
949.273389,38.285162,172.283227,-9418.149754
949.274017,95.712904,95.712904,-9456.434915
949.274644,38.285162,114.855485,-9456.434915
949.275272,95.712904,133.998066,-9360.722011
949.275899,95.712904,133.998066,-9360.722011
949.276527,95.712904,95.712904,-9399.007173
949.277154,153.140646,133.998066,-9399.007173
949.277782,153.140646,153.140646,-9399.007173
949.278409,76.570323,114.855485,-9456.434915
949.279037,76.570323,210.568389,-9418.149754
949.279664,95.712904,114.855485,-9418.149754
949.280292,76.570323,114.855485,-9418.149754
949.280919,76.570323,153.140646,-9418.149754
949.281547,76.570323,114.855485,-9418.149754
949.282174,57.427742,133.998066,-9341.579430
949.282802,38.285162,153.140646,-9418.149754
949.283429,76.570323,210.568389,-9437.292334
949.284057,153.140646,133.998066,-9399.007173
949.284684,133.998066,172.283227,-9418.149754
949.285312,133.998066,114.855485,-9418.149754
949.285939,76.570323,114.855485,-9399.007173
949.286567,133.998066,133.998066,-9399.007173
949.287194,133.998066,153.140646,-9418.149754
949.287822,95.712904,153.140646,-9418.149754
949.288449,95.712904,133.998066,-9360.722011
949.289077,172.283227,76.570323,-9418.149754
949.289704,38.285162,114.855485,-9418.149754
949.290332,38.285162,114.855485,-9456.434915
949.290959,95.712904,133.998066,-9360.722011
949.291587,57.427742,133.998066,-9360.722011
949.292214,95.712904,133.998066,-9360.722011
949.292842,76.570323,114.855485,-9418.149754
949.293469,76.570323,95.712904,-9456.434915
949.294097,133.998066,172.283227,-9418.149754
949.294725,76.570323,153.140646,-9418.149754
949.295352,95.712904,133.998066,-9360.722011
949.295980,133.998066,153.140646,-9456.434915
949.296607,57.427742,114.855485,-9399.007173
949.297235,95.712904,153.140646,-9418.149754
949.297862,114.855485,95.712904,-9399.007173
949.298490,76.570323,172.283227,-9418.149754
949.299117,133.998066,114.855485,-9418.149754
949.299745,133.998066,114.855485,-9418.149754
949.300372,38.285162,153.140646,-9360.722011
949.301000,76.570323,114.855485,-9418.149754
949.301627,114.855485,153.140646,-9360.722011
949.302255,57.427742,172.283227,-9360.722011
949.302882,76.570323,172.283227,-9418.149754
949.303510,38.285162,172.283227,-9418.149754
949.304137,76.570323,114.855485,-9360.722011
949.304765,76.570323,114.855485,-9456.434915
949.305392,0.000000,133.998066,-9360.722011
949.306020,38.285162,114.855485,-9360.722011
949.306647,76.570323,210.568389,-9399.007173
949.307275,95.712904,95.712904,-9456.434915
949.307902,76.570323,114.855485,-9418.149754
949.308530,95.712904,95.712904,-9494.720077
949.309157,133.998066,172.283227,-9418.149754
949.309785,38.285162,172.283227,-9418.149754
949.310412,76.570323,153.140646,-9437.292334
949.311040,57.427742,114.855485,-9418.149754
949.311667,153.140646,133.998066,-9437.292334
949.312295,133.998066,114.855485,-9418.149754
949.312923,38.285162,114.855485,-9399.007173
949.313550,95.712904,133.998066,-9418.149754
949.314178,133.998066,153.140646,-9418.149754
949.314805,38.285162,114.855485,-9418.149754
949.315433,38.285162,114.855485,-9456.434915
949.316060,76.570323,229.710970,-9418.149754
949.316688,38.285162,114.855485,-9418.149754
949.317315,76.570323,172.283227,-9418.149754
949.317943,38.285162,114.855485,-9418.149754
949.318570,76.570323,210.568389,-9418.149754
949.319198,76.570323,114.855485,-9418.149754
949.319825,76.570323,114.855485,-9418.149754
949.320453,76.570323,114.855485,-9418.149754
949.321080,76.570323,114.855485,-9418.149754
949.321708,133.998066,114.855485,-9418.149754
949.322335,76.570323,114.855485,-9494.720077
949.322963,38.285162,76.570323,-9379.864592
949.323590,76.570323,114.855485,-9418.149754
949.324218,38.285162,114.855485,-9418.149754
949.324845,133.998066,114.855485,-9456.434915
949.325473,133.998066,114.855485,-9418.149754
949.326100,114.855485,133.998066,-9360.722011
949.326728,133.998066,153.140646,-9418.149754
949.327355,133.998066,114.855485,-9437.292334
949.327983,76.570323,114.855485,-9418.149754
949.328610,95.712904,114.855485,-9418.149754
949.329238,76.570323,114.855485,-9418.149754
949.329865,114.855485,133.998066,-9360.722011
949.330493,95.712904,95.712904,-9399.007173
949.331120,172.283227,76.570323,-9418.149754
949.331748,38.285162,95.712904,-9399.007173
949.332376,57.427742,133.998066,-9360.722011
949.333003,133.998066,133.998066,-9399.007173
949.333631,153.140646,172.283227,-9399.007173
949.334258,95.712904,172.283227,-9360.722011
949.334886,76.570323,114.855485,-9418.149754
949.335513,133.998066,114.855485,-9418.149754
949.336141,38.285162,114.855485,-9418.149754
949.336768,76.570323,172.283227,-9437.292334
949.337396,76.570323,114.855485,-9418.149754
949.338023,153.140646,133.998066,-9399.007173
949.338651,95.712904,95.712904,-9399.007173
949.339278,153.140646,172.283227,-9379.864592
949.339906,133.998066,172.283227,-9437.292334
949.340533,76.570323,114.855485,-9418.149754
949.341161,153.140646,133.998066,-9399.007173
949.341788,114.855485,133.998066,-9360.722011
949.342416,76.570323,114.855485,-9418.149754
949.343043,57.427742,133.998066,-9360.722011
949.343671,95.712904,114.855485,-9437.292334
949.344298,76.570323,210.568389,-9418.149754
949.344926,38.285162,133.998066,-9360.722011
949.345553,76.570323,133.998066,-9360.722011
949.346181,133.998066,114.855485,-9418.149754
949.346808,76.570323,114.855485,-9418.149754
949.347436,133.998066,114.855485,-9418.149754
949.348063,76.570323,114.855485,-9418.149754
949.348691,153.140646,153.140646,-9418.149754
949.349318,114.855485,114.855485,-9379.864592
949.349946,114.855485,133.998066,-9418.149754
949.350574,153.140646,133.998066,-9456.434915
949.351201,19.142581,114.855485,-9437.292334
949.351829,57.427742,153.140646,-9418.149754
949.352456,38.285162,114.855485,-9437.292334
949.353084,-38.285162,133.998066,-9399.007173
949.353711,19.142581,114.855485,-9418.149754
949.354339,76.570323,210.568389,-9456.434915
949.354966,76.570323,114.855485,-9418.149754
949.355594,133.998066,172.283227,-9456.434915
949.356221,172.283227,153.140646,-9399.007173
949.356849,133.998066,210.568389,-9418.149754
949.357476,76.570323,172.283227,-9418.149754
949.358104,76.570323,114.855485,-9418.149754
949.358731,76.570323,210.568389,-9437.292334
949.359359,153.140646,133.998066,-9456.434915
949.359986,133.998066,172.283227,-9418.149754
949.360614,76.570323,114.855485,-9418.149754
949.361241,76.570323,114.855485,-9418.149754
949.361869,153.140646,172.283227,-9399.007173
949.362496,95.712904,172.283227,-9418.149754
949.363124,76.570323,114.855485,-9418.149754
949.363751,133.998066,172.283227,-9418.149754
949.364379,133.998066,114.855485,-9418.149754
949.365006,95.712904,114.855485,-9399.007173
949.365634,133.998066,153.140646,-9418.149754
949.366261,95.712904,133.998066,-9360.722011
949.366889,38.285162,114.855485,-9437.292334
949.367516,76.570323,114.855485,-9418.149754
949.368144,133.998066,229.710970,-9360.722011
949.368772,38.285162,114.855485,-9418.149754
949.369399,114.855485,114.855485,-9399.007173
949.370027,95.712904,114.855485,-9418.149754
949.370654,76.570323,114.855485,-9456.434915
949.371282,153.140646,153.140646,-9437.292334
949.371909,95.712904,133.998066,-9360.722011
949.372537,133.998066,133.998066,-9399.007173
949.373164,133.998066,114.855485,-9418.149754
949.373792,133.998066,153.140646,-9418.149754
949.374419,114.855485,95.712904,-9437.292334
949.375047,172.283227,76.570323,-9418.149754
949.375674,95.712904,95.712904,-9399.007173
949.376302,76.570323,114.855485,-9418.149754
949.376929,76.570323,172.283227,-9437.292334
949.377557,76.570323,172.283227,-9418.149754
949.378184,76.570323,114.855485,-9418.149754
949.378812,76.570323,114.855485,-9418.149754
949.379439,133.998066,114.855485,-9418.149754
949.380067,133.998066,153.140646,-9418.149754
949.380694,172.283227,114.855485,-9322.436850
949.381322,114.855485,114.855485,-9379.864592
949.381949,114.855485,95.712904,-9399.007173
949.382577,133.998066,114.855485,-9418.149754
949.383204,172.283227,114.855485,-9379.864592
949.383832,95.712904,172.283227,-9360.722011
949.384460,57.427742,114.855485,-9437.292334
949.385087,95.712904,191.425808,-9418.149754
949.385715,76.570323,114.855485,-9418.149754
949.386342,133.998066,153.140646,-9418.149754
949.386970,38.285162,210.568389,-9360.722011
949.387597,153.140646,172.283227,-9399.007173
949.388225,76.570323,172.283227,-9418.149754
949.388852,133.998066,114.855485,-9418.149754
949.389480,76.570323,114.855485,-9418.149754
949.390107,76.570323,114.855485,-9456.434915
949.390735,133.998066,172.283227,-9418.149754
949.391362,95.712904,172.283227,-9360.722011
949.391990,133.998066,133.998066,-9437.292334
949.392617,172.283227,114.855485,-9379.864592
949.393245,153.140646,153.140646,-9399.007173
949.393872,76.570323,229.710970,-9456.434915
949.394500,133.998066,114.855485,-9418.149754
949.395127,133.998066,114.855485,-9494.720077
949.395755,57.427742,95.712904,-9456.434915
949.396382,38.285162,153.140646,-9437.292334
949.397010,76.570323,210.568389,-9418.149754
949.397638,38.285162,210.568389,-9418.149754
949.398265,95.712904,153.140646,-9418.149754
949.398893,76.570323,172.283227,-9418.149754
949.399520,76.570323,114.855485,-9437.292334
949.400148,76.570323,172.283227,-9418.149754
949.400775,133.998066,114.855485,-9418.149754
949.401403,133.998066,153.140646,-9456.434915
949.402030,133.998066,114.855485,-9418.149754
949.402658,95.712904,172.283227,-9360.722011
949.403285,76.570323,229.710970,-9360.722011
949.403913,133.998066,172.283227,-9418.149754
949.404540,133.998066,114.855485,-9418.149754
949.405168,76.570323,114.855485,-9475.577496
949.405795,76.570323,114.855485,-9418.149754
949.406423,133.998066,172.283227,-9418.149754
949.407050,153.140646,172.283227,-9399.007173
949.407678,114.855485,95.712904,-9399.007173
949.408305,133.998066,114.855485,-9437.292334
949.408933,114.855485,153.140646,-9360.722011
949.409561,133.998066,172.283227,-9456.434915
949.410188,133.998066,114.855485,-9418.149754
949.410816,153.140646,191.425808,-9456.434915
949.411443,133.998066,114.855485,-9456.434915
949.412071,76.570323,114.855485,-9418.149754
949.412698,76.570323,114.855485,-9437.292334
949.413326,114.855485,95.712904,-9399.007173
949.413953,133.998066,210.568389,-9418.149754
949.414581,133.998066,114.855485,-9418.149754
949.415208,38.285162,114.855485,-9418.149754
949.415836,133.998066,210.568389,-9418.149754
949.416463,133.998066,133.998066,-9399.007173
949.417091,38.285162,114.855485,-9418.149754
949.417718,133.998066,191.425808,-9418.149754
949.418346,76.570323,133.998066,-9360.722011
949.418973,76.570323,172.283227,-9456.434915
949.419601,38.285162,172.283227,-9418.149754
949.420228,76.570323,153.140646,-9418.149754
949.420856,133.998066,153.140646,-9418.149754
949.421483,57.427742,114.855485,-9437.292334
949.422111,76.570323,114.855485,-9418.149754
949.422739,114.855485,95.712904,-9399.007173
949.423366,76.570323,114.855485,-9418.149754
949.423994,76.570323,172.283227,-9418.149754
949.424621,76.570323,172.283227,-9418.149754
949.425249,133.998066,114.855485,-9418.149754
949.425876,76.570323,114.855485,-9418.149754
949.426504,95.712904,191.425808,-9360.722011
949.427131,76.570323,172.283227,-9418.149754
949.427759,76.570323,114.855485,-9418.149754
949.428386,38.285162,114.855485,-9418.149754
949.429014,76.570323,172.283227,-9418.149754
949.429641,76.570323,114.855485,-9418.149754
949.430269,76.570323,153.140646,-9418.149754
949.430896,76.570323,114.855485,-9418.149754
949.431524,95.712904,95.712904,-9399.007173
949.432151,153.140646,95.712904,-9341.579430
949.432779,95.712904,153.140646,-9360.722011
949.433406,76.570323,114.855485,-9418.149754
949.434034,114.855485,114.855485,-9379.864592
949.434662,38.285162,114.855485,-9418.149754
949.435289,38.285162,172.283227,-9418.149754
949.435917,76.570323,114.855485,-9418.149754
949.436544,76.570323,114.855485,-9418.149754
949.437172,133.998066,114.855485,-9418.149754
949.437799,76.570323,153.140646,-9418.149754
949.438427,76.570323,114.855485,-9456.434915
949.439054,133.998066,153.140646,-9418.149754
949.439682,76.570323,114.855485,-9418.149754
949.440309,133.998066,153.140646,-9418.149754
949.440937,133.998066,172.283227,-9418.149754
949.441564,95.712904,133.998066,-9360.722011
949.442192,95.712904,133.998066,-9341.579430
949.442819,95.712904,153.140646,-9341.579430
949.443447,0.000000,133.998066,-9360.722011
949.444074,133.998066,114.855485,-9418.149754
949.444702,95.712904,153.140646,-9418.149754
949.445329,95.712904,133.998066,-9360.722011
949.445957,38.285162,114.855485,-9418.149754
949.446584,133.998066,133.998066,-9399.007173
949.447212,114.855485,95.712904,-9399.007173
949.447840,95.712904,133.998066,-9360.722011
949.448467,114.855485,95.712904,-9399.007173
949.449095,133.998066,133.998066,-9399.007173
949.449722,38.285162,172.283227,-9418.149754
949.450350,76.570323,172.283227,-9418.149754
949.450977,38.285162,172.283227,-9418.149754
949.451605,19.142581,172.283227,-9399.007173
949.452232,76.570323,114.855485,-9418.149754
949.452860,95.712904,210.568389,-9418.149754
949.453487,133.998066,114.855485,-9475.577496
949.454115,76.570323,172.283227,-9418.149754
949.454742,38.285162,114.855485,-9418.149754
949.455370,114.855485,133.998066,-9360.722011
949.455997,76.570323,172.283227,-9418.149754
949.456625,76.570323,153.140646,-9437.292334
949.457252,114.855485,133.998066,-9360.722011
949.457880,38.285162,114.855485,-9418.149754
949.458507,95.712904,114.855485,-9360.722011
949.459135,133.998066,114.855485,-9418.149754
949.459763,76.570323,210.568389,-9418.149754
949.460390,38.285162,210.568389,-9418.149754
949.461018,133.998066,153.140646,-9437.292334
949.461645,133.998066,153.140646,-9360.722011
949.462273,133.998066,172.283227,-9399.007173
949.462900,133.998066,172.283227,-9418.149754
949.463528,133.998066,210.568389,-9418.149754
949.464155,76.570323,114.855485,-9418.149754
949.464783,76.570323,114.855485,-9418.149754
949.465410,76.570323,114.855485,-9418.149754
949.466038,95.712904,114.855485,-9418.149754
949.466665,76.570323,172.283227,-9418.149754
949.467293,95.712904,210.568389,-9456.434915
949.467920,153.140646,114.855485,-9418.149754
949.468548,133.998066,210.568389,-9418.149754
949.469175,191.425808,114.855485,-9379.864592
949.469803,76.570323,172.283227,-9418.149754
949.470430,76.570323,114.855485,-9418.149754
949.471058,76.570323,114.855485,-9418.149754
949.471685,76.570323,114.855485,-9418.149754
949.472313,133.998066,229.710970,-9437.292334
949.472941,133.998066,172.283227,-9418.149754
949.473568,95.712904,114.855485,-9360.722011
949.474196,76.570323,114.855485,-9360.722011
949.474823,133.998066,114.855485,-9418.149754
949.475451,133.998066,114.855485,-9418.149754
949.476078,76.570323,114.855485,-9494.720077
949.476706,76.570323,114.855485,-9418.149754
949.477333,133.998066,210.568389,-9418.149754
949.477961,38.285162,114.855485,-9418.149754
949.478588,133.998066,114.855485,-9418.149754
949.479216,76.570323,95.712904,-9399.007173
949.479843,76.570323,114.855485,-9437.292334
949.480471,95.712904,114.855485,-9399.007173
949.481098,76.570323,153.140646,-9456.434915
949.481726,114.855485,172.283227,-9360.722011
949.482353,76.570323,114.855485,-9418.149754
949.482981,57.427742,133.998066,-9360.722011
949.483608,76.570323,210.568389,-9418.149754
949.484236,133.998066,172.283227,-9418.149754
949.484864,133.998066,114.855485,-9418.149754
949.485491,133.998066,153.140646,-9418.149754
949.486119,38.285162,172.283227,-9418.149754
949.486746,153.140646,114.855485,-9418.149754
949.487374,133.998066,114.855485,-9418.149754
949.488001,95.712904,191.425808,-9360.722011
949.488629,133.998066,172.283227,-9418.149754
949.489256,114.855485,95.712904,-9399.007173
949.489884,95.712904,153.140646,-9360.722011
949.490511,76.570323,153.140646,-9456.434915
949.491139,57.427742,153.140646,-9437.292334
949.491766,95.712904,114.855485,-9475.577496
949.492394,133.998066,114.855485,-9418.149754
949.493021,38.285162,210.568389,-9418.149754
949.493649,95.712904,133.998066,-9360.722011
949.494276,133.998066,133.998066,-9399.007173
949.494904,133.998066,133.998066,-9399.007173
949.495532,95.712904,95.712904,-9399.007173
949.496159,76.570323,210.568389,-9418.149754
949.496787,133.998066,114.855485,-9494.720077
949.497414,76.570323,114.855485,-9456.434915
949.498042,76.570323,114.855485,-9418.149754
949.498669,76.570323,229.710970,-9418.149754
949.499297,76.570323,172.283227,-9418.149754
949.499924,76.570323,172.283227,-9456.434915
949.500552,76.570323,172.283227,-9418.149754
949.501179,76.570323,153.140646,-9418.149754
949.501807,95.712904,114.855485,-9418.149754
949.502434,38.285162,153.140646,-9418.149754
949.503062,76.570323,114.855485,-9399.007173
949.503689,133.998066,114.855485,-9418.149754
949.504317,76.570323,153.140646,-9475.577496
949.504944,76.570323,76.570323,-9379.864592
949.505572,38.285162,153.140646,-9418.149754
949.506200,133.998066,172.283227,-9437.292334
949.506827,76.570323,114.855485,-9418.149754
949.507455,76.570323,114.855485,-9418.149754
949.508082,57.427742,172.283227,-9360.722011
949.508710,133.998066,172.283227,-9418.149754
949.509337,76.570323,114.855485,-9456.434915
949.509965,76.570323,114.855485,-9418.149754
949.510592,57.427742,114.855485,-9437.292334
949.511220,95.712904,153.140646,-9437.292334
949.511847,76.570323,172.283227,-9418.149754
949.512475,133.998066,172.283227,-9418.149754
949.513102,76.570323,153.140646,-9437.292334
949.513730,76.570323,114.855485,-9418.149754
949.514357,76.570323,114.855485,-9418.149754
949.514985,133.998066,114.855485,-9418.149754
949.515613,76.570323,153.140646,-9418.149754
949.516240,133.998066,172.283227,-9418.149754
949.516868,114.855485,95.712904,-9399.007173
949.517495,38.285162,114.855485,-9418.149754
949.518123,76.570323,210.568389,-9418.149754
949.518750,95.712904,133.998066,-9360.722011
949.519378,38.285162,114.855485,-9360.722011
949.520005,95.712904,133.998066,-9360.722011
949.520633,95.712904,133.998066,-9360.722011
949.521260,76.570323,114.855485,-9456.434915
949.521888,76.570323,210.568389,-9418.149754
949.522515,133.998066,229.710970,-9418.149754
949.523143,76.570323,153.140646,-9418.149754
949.523770,76.570323,114.855485,-9418.149754
949.524398,133.998066,114.855485,-9418.149754
949.525025,133.998066,114.855485,-9418.149754
949.525653,95.712904,114.855485,-9418.149754
949.526281,76.570323,172.283227,-9418.149754
949.526908,38.285162,114.855485,-9418.149754
949.527536,38.285162,114.855485,-9360.722011
949.528163,76.570323,172.283227,-9418.149754
949.528791,38.285162,114.855485,-9418.149754
949.529418,114.855485,95.712904,-9399.007173
949.530046,133.998066,114.855485,-9418.149754
949.530673,153.140646,172.283227,-9399.007173
949.531301,76.570323,114.855485,-9418.149754
949.531928,38.285162,210.568389,-9418.149754
949.532556,76.570323,172.283227,-9456.434915
949.533183,76.570323,210.568389,-9418.149754
949.533811,133.998066,153.140646,-9456.434915
949.534438,76.570323,172.283227,-9418.149754
949.535066,38.285162,114.855485,-9418.149754
949.535693,76.570323,153.140646,-9360.722011
949.536321,76.570323,210.568389,-9418.149754
949.536949,57.427742,133.998066,-9360.722011
949.537576,57.427742,133.998066,-9360.722011
949.538204,38.285162,114.855485,-9418.149754
949.538831,57.427742,153.140646,-9360.722011
949.539459,76.570323,153.140646,-9360.722011
949.540086,114.855485,153.140646,-9360.722011
949.540714,153.140646,133.998066,-9399.007173
949.541341,153.140646,133.998066,-9456.434915
949.541969,57.427742,229.710970,-9418.149754
949.542596,114.855485,133.998066,-9360.722011
949.543224,76.570323,153.140646,-9418.149754
949.543851,57.427742,114.855485,-9418.149754
949.544479,76.570323,114.855485,-9418.149754
949.545106,76.570323,114.855485,-9418.149754
949.545734,57.427742,153.140646,-9418.149754
949.546361,76.570323,114.855485,-9418.149754
949.546989,133.998066,133.998066,-9456.434915
949.547617,153.140646,210.568389,-9399.007173
949.548244,38.285162,172.283227,-9418.149754
949.548872,76.570323,114.855485,-9418.149754
949.549499,38.285162,114.855485,-9418.149754
949.550127,133.998066,210.568389,-9456.434915
949.550754,153.140646,172.283227,-9399.007173
949.551382,38.285162,114.855485,-9437.292334
949.552009,76.570323,210.568389,-9418.149754
949.552637,76.570323,210.568389,-9437.292334
949.553264,19.142581,191.425808,-9456.434915
949.553892,133.998066,153.140646,-9418.149754
949.554519,133.998066,114.855485,-9418.149754
949.555147,114.855485,133.998066,-9341.579430
949.555774,153.140646,191.425808,-9399.007173
949.556402,95.712904,114.855485,-9418.149754
949.557029,76.570323,114.855485,-9418.149754
949.557657,38.285162,114.855485,-9418.149754
949.558285,76.570323,114.855485,-9418.149754
949.558912,172.283227,76.570323,-9456.434915
949.559540,38.285162,114.855485,-9418.149754
949.560167,133.998066,114.855485,-9399.007173
949.560795,133.998066,76.570323,-9379.864592
949.561422,76.570323,114.855485,-9418.149754
949.562050,57.427742,172.283227,-9418.149754
949.562677,38.285162,114.855485,-9418.149754
949.563305,76.570323,114.855485,-9418.149754
949.563932,76.570323,114.855485,-9418.149754
949.564560,76.570323,172.283227,-9437.292334
949.565187,76.570323,114.855485,-9418.149754
949.565815,76.570323,153.140646,-9418.149754
949.566442,38.285162,153.140646,-9456.434915
949.567070,76.570323,114.855485,-9418.149754
949.567698,133.998066,114.855485,-9418.149754
949.568325,95.712904,153.140646,-9360.722011
949.568953,133.998066,210.568389,-9418.149754
949.569580,76.570323,229.710970,-9418.149754
949.570208,57.427742,133.998066,-9360.722011
949.570835,95.712904,133.998066,-9360.722011
949.571463,76.570323,114.855485,-9418.149754
949.572090,172.283227,76.570323,-9418.149754
949.572718,38.285162,114.855485,-9418.149754
949.573345,95.712904,95.712904,-9399.007173
949.573973,114.855485,114.855485,-9379.864592
949.574600,114.855485,95.712904,-9456.434915
949.575228,133.998066,210.568389,-9418.149754
949.575855,76.570323,172.283227,-9418.149754
949.576483,95.712904,133.998066,-9360.722011
949.577110,95.712904,114.855485,-9418.149754
949.577738,76.570323,114.855485,-9360.722011
949.578366,153.140646,133.998066,-9399.007173
949.578993,95.712904,133.998066,-9360.722011
949.579621,153.140646,172.283227,-9437.292334
949.580248,95.712904,133.998066,-9360.722011
949.580876,153.140646,191.425808,-9379.864592
949.581503,76.570323,114.855485,-9360.722011
949.582131,133.998066,153.140646,-9399.007173
949.582758,114.855485,153.140646,-9379.864592
949.583386,38.285162,76.570323,-9379.864592
949.584013,57.427742,95.712904,-9437.292334
949.584641,76.570323,172.283227,-9437.292334
949.585268,76.570323,153.140646,-9418.149754
949.585896,133.998066,114.855485,-9456.434915
949.586523,95.712904,153.140646,-9418.149754
949.587150,76.570323,76.570323,-9379.864592
949.587778,76.570323,114.855485,-9418.149754
949.588405,95.712904,153.140646,-9360.722011
949.589033,19.142581,153.140646,-9418.149754
949.589660,76.570323,114.855485,-9418.149754
949.590287,133.998066,114.855485,-9418.149754
949.590915,133.998066,76.570323,-9379.864592
949.591542,76.570323,114.855485,-9418.149754
949.592170,95.712904,153.140646,-9418.149754
949.592797,19.142581,172.283227,-9418.149754
949.593425,133.998066,153.140646,-9418.149754
949.594052,133.998066,153.140646,-9418.149754
949.594679,57.427742,153.140646,-9360.722011
949.595307,153.140646,133.998066,-9399.007173
949.595934,76.570323,114.855485,-9418.149754
949.596562,38.285162,114.855485,-9418.149754
949.597189,38.285162,114.855485,-9418.149754
949.597817,38.285162,114.855485,-9418.149754
949.598444,38.285162,191.425808,-9456.434915
949.599071,38.285162,191.425808,-9418.149754
949.599699,38.285162,114.855485,-9418.149754
949.600326,57.427742,114.855485,-9418.149754
949.600954,76.570323,153.140646,-9418.149754
949.601581,76.570323,191.425808,-9418.149754
949.602208,114.855485,133.998066,-9360.722011
949.602836,133.998066,114.855485,-9437.292334
949.603463,153.140646,133.998066,-9399.007173
949.604091,133.998066,153.140646,-9418.149754
949.604718,76.570323,114.855485,-9418.149754
949.605346,95.712904,114.855485,-9418.149754
949.605973,76.570323,114.855485,-9418.149754
949.606600,76.570323,153.140646,-9418.149754
949.607228,76.570323,114.855485,-9418.149754
949.607855,76.570323,114.855485,-9418.149754
949.608483,210.568389,133.998066,-9456.434915
949.609110,114.855485,114.855485,-9399.007173
949.609738,133.998066,114.855485,-9418.149754
949.610365,95.712904,133.998066,-9360.722011
949.610992,133.998066,133.998066,-9456.434915
949.611620,76.570323,172.283227,-9418.149754
949.612247,38.285162,114.855485,-9456.434915
949.612875,133.998066,172.283227,-9418.149754
949.613502,38.285162,153.140646,-9475.577496
949.614129,76.570323,114.855485,-9456.434915
949.614757,76.570323,114.855485,-9456.434915
949.615384,38.285162,114.855485,-9418.149754
949.616012,19.142581,172.283227,-9418.149754
949.616639,95.712904,172.283227,-9322.436850
949.617267,76.570323,114.855485,-9437.292334
949.617894,133.998066,153.140646,-9399.007173
949.618521,38.285162,153.140646,-9418.149754
949.619149,76.570323,133.998066,-9418.149754
949.619776,114.855485,95.712904,-9399.007173
949.620404,133.998066,114.855485,-9437.292334
949.621031,172.283227,191.425808,-9379.864592
949.621659,133.998066,114.855485,-9418.149754
949.622286,76.570323,114.855485,-9418.149754
949.622913,57.427742,133.998066,-9322.436850
949.623541,76.570323,114.855485,-9418.149754
949.624168,76.570323,114.855485,-9418.149754
949.624796,38.285162,114.855485,-9418.149754
949.625423,95.712904,172.283227,-9418.149754
949.626050,76.570323,172.283227,-9437.292334
949.626678,76.570323,114.855485,-9418.149754
949.627305,133.998066,114.855485,-9418.149754
949.627933,133.998066,114.855485,-9418.149754
949.628560,38.285162,133.998066,-9360.722011
949.629188,38.285162,153.140646,-9418.149754
949.629815,153.140646,191.425808,-9437.292334
949.630442,76.570323,153.140646,-9456.434915
949.631070,38.285162,153.140646,-9418.149754
949.631697,19.142581,172.283227,-9418.149754
949.632325,76.570323,172.283227,-9418.149754
949.632952,38.285162,153.140646,-9418.149754
949.633579,76.570323,153.140646,-9418.149754
949.634207,172.283227,153.140646,-9379.864592
949.634834,76.570323,191.425808,-9418.149754
949.635462,133.998066,114.855485,-9475.577496
949.636089,114.855485,76.570323,-9418.149754
949.636717,38.285162,114.855485,-9418.149754
949.637344,95.712904,95.712904,-9379.864592
949.637971,114.855485,95.712904,-9399.007173
949.638599,114.855485,153.140646,-9418.149754
949.639226,133.998066,114.855485,-9418.149754
949.639854,95.712904,153.140646,-9418.149754
949.640481,133.998066,153.140646,-9437.292334
949.641109,133.998066,114.855485,-9456.434915
949.641736,133.998066,153.140646,-9456.434915
949.642363,76.570323,114.855485,-9418.149754
949.642991,38.285162,114.855485,-9456.434915
949.643618,76.570323,95.712904,-9399.007173
949.644246,114.855485,133.998066,-9360.722011
949.644873,57.427742,153.140646,-9360.722011
949.645500,76.570323,172.283227,-9360.722011
949.646128,19.142581,114.855485,-9456.434915
949.646755,76.570323,114.855485,-9475.577496
949.647383,38.285162,114.855485,-9418.149754
949.648010,76.570323,172.283227,-9437.292334
949.648638,114.855485,95.712904,-9399.007173
949.649265,133.998066,114.855485,-9437.292334
949.649892,95.712904,114.855485,-9456.434915
949.650520,133.998066,114.855485,-9418.149754
949.651147,133.998066,172.283227,-9418.149754
949.651775,133.998066,133.998066,-9399.007173
949.652402,153.140646,133.998066,-9399.007173
949.653030,172.283227,114.855485,-9322.436850
949.653657,133.998066,153.140646,-9418.149754
949.654284,38.285162,114.855485,-9418.149754
949.654912,76.570323,114.855485,-9437.292334
949.655539,133.998066,114.855485,-9418.149754
949.656167,95.712904,95.712904,-9456.434915
949.656794,133.998066,172.283227,-9437.292334
949.657421,210.568389,153.140646,-9399.007173
949.658049,153.140646,191.425808,-9399.007173
949.658676,95.712904,114.855485,-9418.149754
949.659304,153.140646,172.283227,-9418.149754
949.659931,114.855485,191.425808,-9360.722011
949.660559,76.570323,153.140646,-9418.149754
949.661186,76.570323,114.855485,-9418.149754
949.661813,210.568389,133.998066,-9399.007173
949.662441,133.998066,172.283227,-9456.434915
949.663068,76.570323,210.568389,-9437.292334
949.663696,76.570323,114.855485,-9437.292334
949.664323,133.998066,114.855485,-9418.149754
949.664950,95.712904,95.712904,-9456.434915
949.665578,95.712904,133.998066,-9360.722011
949.666205,95.712904,133.998066,-9360.722011
949.666833,95.712904,172.283227,-9418.149754
949.667460,76.570323,114.855485,-9456.434915
949.668088,76.570323,114.855485,-9456.434915
949.668715,19.142581,153.140646,-9418.149754
949.669342,38.285162,210.568389,-9418.149754
949.669970,76.570323,210.568389,-9418.149754
949.670597,76.570323,114.855485,-9418.149754
949.671225,133.998066,153.140646,-9418.149754
949.671852,76.570323,114.855485,-9418.149754
949.672480,38.285162,114.855485,-9418.149754
949.673107,76.570323,133.998066,-9399.007173
949.673734,38.285162,114.855485,-9456.434915
949.674362,57.427742,114.855485,-9418.149754
949.674989,133.998066,153.140646,-9418.149754
949.675617,133.998066,210.568389,-9456.434915
949.676244,76.570323,76.570323,-9379.864592
949.676871,38.285162,114.855485,-9418.149754
949.677499,76.570323,114.855485,-9360.722011
949.678126,95.712904,133.998066,-9360.722011
949.678754,76.570323,114.855485,-9418.149754
949.679381,76.570323,133.998066,-9360.722011
949.680009,133.998066,114.855485,-9437.292334
949.680636,76.570323,114.855485,-9418.149754
949.681263,133.998066,172.283227,-9418.149754
949.681891,133.998066,172.283227,-9418.149754
949.682518,76.570323,210.568389,-9418.149754
949.683146,57.427742,248.853550,-9360.722011
949.683773,133.998066,153.140646,-9360.722011
949.684401,95.712904,114.855485,-9418.149754
949.685028,38.285162,114.855485,-9418.149754
949.685656,38.285162,114.855485,-9418.149754
949.686283,95.712904,114.855485,-9418.149754
949.686911,95.712904,172.283227,-9360.722011
949.687538,38.285162,114.855485,-9418.149754
949.688166,153.140646,133.998066,-9399.007173
949.688793,95.712904,153.140646,-9360.722011
949.689421,133.998066,153.140646,-9418.149754
949.690048,133.998066,114.855485,-9418.149754
949.690676,133.998066,133.998066,-9399.007173
949.691303,133.998066,172.283227,-9475.577496
949.691931,95.712904,172.283227,-9360.722011
949.692558,133.998066,114.855485,-9456.434915
949.693186,76.570323,114.855485,-9418.149754
949.693813,38.285162,114.855485,-9418.149754
949.694441,133.998066,114.855485,-9418.149754
949.695068,76.570323,114.855485,-9360.722011
949.695696,76.570323,210.568389,-9418.149754
949.696323,76.570323,153.140646,-9418.149754
949.696951,114.855485,133.998066,-9341.579430
949.697578,133.998066,153.140646,-9418.149754
949.698206,133.998066,153.140646,-9399.007173
949.698833,133.998066,133.998066,-9399.007173
949.699461,114.855485,133.998066,-9341.579430
949.700088,76.570323,114.855485,-9437.292334
949.700716,76.570323,114.855485,-9418.149754
949.701343,114.855485,133.998066,-9360.722011
949.701971,133.998066,114.855485,-9437.292334
949.702598,76.570323,153.140646,-9418.149754
949.703226,38.285162,172.283227,-9418.149754
949.703853,133.998066,114.855485,-9456.434915
949.704481,95.712904,210.568389,-9360.722011
949.705108,133.998066,172.283227,-9418.149754
949.705736,57.427742,153.140646,-9360.722011
949.706363,95.712904,172.283227,-9418.149754
949.706991,153.140646,133.998066,-9399.007173
949.707618,114.855485,114.855485,-9494.720077
949.708246,133.998066,172.283227,-9418.149754
949.708873,95.712904,95.712904,-9399.007173
949.709501,133.998066,114.855485,-9437.292334
949.710128,133.998066,114.855485,-9360.722011
949.710756,76.570323,114.855485,-9456.434915
949.711383,76.570323,153.140646,-9418.149754
949.712011,38.285162,114.855485,-9418.149754
949.712638,133.998066,210.568389,-9418.149754
949.713266,95.712904,133.998066,-9360.722011
949.713894,133.998066,114.855485,-9437.292334
949.714521,133.998066,153.140646,-9418.149754
949.715149,133.998066,172.283227,-9418.149754
949.715776,133.998066,114.855485,-9418.149754
949.716404,153.140646,172.283227,-9399.007173
949.717031,38.285162,114.855485,-9418.149754
949.717659,76.570323,172.283227,-9418.149754
949.718286,95.712904,114.855485,-9399.007173
949.718914,76.570323,114.855485,-9456.434915
949.719541,133.998066,133.998066,-9399.007173
949.720169,38.285162,76.570323,-9379.864592
949.720796,76.570323,114.855485,-9418.149754
949.721424,95.712904,95.712904,-9399.007173
949.722051,76.570323,114.855485,-9418.149754
949.722679,76.570323,172.283227,-9418.149754
949.723306,38.285162,114.855485,-9418.149754
949.723934,19.142581,114.855485,-9437.292334
949.724561,38.285162,172.283227,-9418.149754
949.725189,76.570323,153.140646,-9456.434915
949.725816,133.998066,114.855485,-9418.149754
949.726444,133.998066,114.855485,-9475.577496
949.727071,133.998066,114.855485,-9456.434915
949.727699,95.712904,95.712904,-9399.007173
949.728326,153.140646,133.998066,-9399.007173
949.728954,172.283227,76.570323,-9418.149754
949.729581,114.855485,133.998066,-9360.722011
949.730209,172.283227,114.855485,-9379.864592
949.730836,133.998066,133.998066,-9399.007173
949.731464,133.998066,172.283227,-9418.149754
949.732091,38.285162,114.855485,-9418.149754
949.732719,76.570323,133.998066,-9360.722011
949.733346,95.712904,191.425808,-9322.436850
949.733974,95.712904,210.568389,-9418.149754
949.734601,133.998066,172.283227,-9475.577496
949.735229,114.855485,172.283227,-9418.149754
949.735856,133.998066,210.568389,-9418.149754
949.736484,133.998066,153.140646,-9399.007173
949.737111,76.570323,114.855485,-9418.149754
949.737739,76.570323,172.283227,-9418.149754
949.738366,76.570323,114.855485,-9418.149754
949.738994,133.998066,133.998066,-9360.722011
949.739621,76.570323,114.855485,-9494.720077
949.740249,76.570323,172.283227,-9418.149754
949.740876,76.570323,114.855485,-9418.149754
949.741504,76.570323,172.283227,-9475.577496
949.742132,76.570323,172.283227,-9456.434915
949.742759,76.570323,114.855485,-9418.149754
949.743387,76.570323,172.283227,-9418.149754
949.744014,38.285162,114.855485,-9437.292334
949.744642,95.712904,133.998066,-9418.149754
949.745269,38.285162,210.568389,-9418.149754
949.745897,114.855485,133.998066,-9360.722011
949.746524,133.998066,114.855485,-9418.149754
949.747152,76.570323,114.855485,-9418.149754
949.747779,57.427742,133.998066,-9360.722011
949.748407,76.570323,172.283227,-9418.149754
949.749034,76.570323,114.855485,-9456.434915
949.749662,57.427742,95.712904,-9399.007173
949.750289,76.570323,172.283227,-9418.149754
949.750917,76.570323,114.855485,-9418.149754
949.751544,95.712904,172.283227,-9360.722011
949.752172,133.998066,114.855485,-9437.292334
949.752799,76.570323,114.855485,-9418.149754
949.753427,76.570323,76.570323,-9379.864592
949.754054,133.998066,133.998066,-9399.007173
949.754682,95.712904,76.570323,-9379.864592
949.755309,133.998066,114.855485,-9360.722011
949.755937,153.140646,133.998066,-9399.007173
949.756564,76.570323,114.855485,-9418.149754
949.757192,133.998066,114.855485,-9418.149754
949.757819,76.570323,114.855485,-9418.149754
949.758447,153.140646,153.140646,-9399.007173
949.759074,133.998066,114.855485,-9418.149754
949.759702,76.570323,153.140646,-9456.434915
949.760329,76.570323,210.568389,-9418.149754
949.760957,95.712904,95.712904,-9399.007173
949.761584,38.285162,114.855485,-9418.149754
949.762212,133.998066,172.283227,-9418.149754
949.762839,76.570323,153.140646,-9418.149754
949.763467,76.570323,114.855485,-9456.434915
949.764094,76.570323,172.283227,-9418.149754
949.764722,76.570323,210.568389,-9418.149754
949.765349,38.285162,114.855485,-9437.292334
949.765977,133.998066,133.998066,-9399.007173
949.766604,133.998066,210.568389,-9437.292334
949.767232,76.570323,153.140646,-9456.434915
949.767859,76.570323,153.140646,-9418.149754
949.768487,76.570323,114.855485,-9437.292334
949.769114,133.998066,114.855485,-9456.434915
949.769742,133.998066,114.855485,-9418.149754
949.770369,76.570323,114.855485,-9418.149754
949.770997,76.570323,133.998066,-9379.864592
949.771625,76.570323,114.855485,-9418.149754
949.772252,95.712904,133.998066,-9360.722011
949.772880,76.570323,172.283227,-9418.149754
949.773507,38.285162,210.568389,-9418.149754
949.774135,95.712904,248.853550,-9360.722011
949.774762,95.712904,210.568389,-9456.434915
949.775390,133.998066,172.283227,-9399.007173
949.776017,38.285162,172.283227,-9418.149754
949.776645,76.570323,210.568389,-9418.149754
949.777272,133.998066,172.283227,-9418.149754
949.777900,76.570323,229.710970,-9494.720077
949.778527,38.285162,153.140646,-9456.434915
949.779155,114.855485,153.140646,-9379.864592
949.779782,114.855485,95.712904,-9399.007173
949.780410,95.712904,95.712904,-9399.007173
949.781037,76.570323,95.712904,-9399.007173
949.781665,133.998066,114.855485,-9418.149754
949.782292,95.712904,114.855485,-9418.149754
949.782920,76.570323,133.998066,-9360.722011
949.783547,95.712904,114.855485,-9418.149754
949.784175,210.568389,133.998066,-9399.007173
949.784802,114.855485,172.283227,-9360.722011
949.785430,133.998066,153.140646,-9418.149754
949.786057,76.570323,114.855485,-9418.149754
949.786684,76.570323,153.140646,-9418.149754
949.787312,76.570323,114.855485,-9418.149754
949.787939,114.855485,172.283227,-9360.722011
949.788567,153.140646,191.425808,-9399.007173
949.789194,95.712904,172.283227,-9360.722011
949.789821,114.855485,95.712904,-9399.007173
949.790449,133.998066,133.998066,-9399.007173
949.791076,38.285162,114.855485,-9360.722011
949.791704,153.140646,133.998066,-9399.007173
949.792331,76.570323,114.855485,-9437.292334
949.792958,76.570323,133.998066,-9360.722011
949.793586,114.855485,133.998066,-9360.722011
949.794213,133.998066,114.855485,-9418.149754
949.794841,76.570323,114.855485,-9418.149754
949.795468,76.570323,153.140646,-9437.292334
949.796096,57.427742,95.712904,-9399.007173
949.796723,133.998066,133.998066,-9399.007173
949.797350,95.712904,133.998066,-9418.149754
949.797978,114.855485,191.425808,-9360.722011
949.798605,133.998066,153.140646,-9418.149754
949.799233,133.998066,133.998066,-9456.434915
949.799860,76.570323,114.855485,-9418.149754
949.800487,114.855485,95.712904,-9399.007173
949.801115,76.570323,153.140646,-9418.149754
949.801742,76.570323,133.998066,-9360.722011
949.802370,133.998066,153.140646,-9418.149754
949.802997,114.855485,133.998066,-9360.722011
949.803624,133.998066,210.568389,-9418.149754
949.804252,114.855485,114.855485,-9379.864592
949.804879,133.998066,114.855485,-9418.149754
949.805507,133.998066,114.855485,-9437.292334
949.806134,95.712904,114.855485,-9475.577496
949.806761,57.427742,95.712904,-9399.007173
949.807389,114.855485,172.283227,-9360.722011
949.808016,114.855485,133.998066,-9360.722011
949.808644,114.855485,191.425808,-9360.722011
949.809271,57.427742,210.568389,-9418.149754
949.809898,133.998066,172.283227,-9418.149754
949.810526,38.285162,114.855485,-9456.434915
949.811153,76.570323,114.855485,-9418.149754
949.811781,133.998066,172.283227,-9418.149754
949.812408,133.998066,133.998066,-9399.007173
949.813035,76.570323,153.140646,-9418.149754
949.813663,38.285162,114.855485,-9418.149754
949.814290,38.285162,172.283227,-9418.149754
949.814918,95.712904,133.998066,-9360.722011
949.815545,76.570323,210.568389,-9418.149754
949.816172,133.998066,133.998066,-9360.722011
949.816800,133.998066,172.283227,-9418.149754
949.817427,95.712904,114.855485,-9399.007173
949.818055,95.712904,133.998066,-9360.722011
949.818682,38.285162,153.140646,-9418.149754
949.819309,95.712904,114.855485,-9418.149754
949.819937,76.570323,76.570323,-9379.864592
949.820564,133.998066,172.283227,-9418.149754
949.821192,114.855485,133.998066,-9360.722011
949.821819,76.570323,114.855485,-9418.149754
949.822446,133.998066,153.140646,-9418.149754
949.823074,76.570323,114.855485,-9437.292334
949.823701,38.285162,114.855485,-9399.007173
949.824329,114.855485,95.712904,-9399.007173
949.824956,133.998066,153.140646,-9418.149754
949.825584,133.998066,114.855485,-9360.722011
949.826211,133.998066,172.283227,-9456.434915
949.826838,76.570323,191.425808,-9418.149754
949.827466,76.570323,114.855485,-9418.149754
949.828093,133.998066,153.140646,-9418.149754
949.828721,133.998066,153.140646,-9418.149754
949.829348,76.570323,114.855485,-9418.149754
949.829975,38.285162,114.855485,-9418.149754
949.830603,76.570323,172.283227,-9418.149754
949.831230,133.998066,114.855485,-9418.149754
949.831858,133.998066,114.855485,-9418.149754
949.832485,95.712904,114.855485,-9418.149754
949.833112,76.570323,210.568389,-9418.149754
949.833740,114.855485,133.998066,-9360.722011
949.834367,76.570323,114.855485,-9418.149754
949.834995,38.285162,172.283227,-9418.149754
949.835622,76.570323,172.283227,-9418.149754
949.836249,38.285162,172.283227,-9418.149754
949.836877,76.570323,114.855485,-9418.149754
949.837504,76.570323,114.855485,-9418.149754
949.838132,57.427742,95.712904,-9399.007173
949.838759,133.998066,172.283227,-9418.149754
949.839386,133.998066,153.140646,-9437.292334
949.840014,133.998066,114.855485,-9456.434915
949.840641,76.570323,210.568389,-9418.149754
949.841269,114.855485,172.283227,-9322.436850
949.841896,76.570323,210.568389,-9360.722011
949.842523,76.570323,229.710970,-9418.149754
949.843151,172.283227,153.140646,-9379.864592
949.843778,172.283227,76.570323,-9418.149754
949.844406,57.427742,133.998066,-9360.722011
949.845033,76.570323,114.855485,-9418.149754
949.845660,133.998066,114.855485,-9418.149754
949.846288,114.855485,95.712904,-9399.007173
949.846915,76.570323,114.855485,-9418.149754
949.847543,38.285162,114.855485,-9418.149754
949.848170,76.570323,114.855485,-9418.149754
949.848797,114.855485,95.712904,-9437.292334
949.849425,153.140646,133.998066,-9437.292334
949.850052,76.570323,172.283227,-9475.577496
949.850680,57.427742,114.855485,-9418.149754
949.851307,76.570323,172.283227,-9437.292334
949.851934,95.712904,114.855485,-9418.149754
949.852562,172.283227,114.855485,-9379.864592
949.853189,133.998066,133.998066,-9399.007173
949.853817,133.998066,153.140646,-9399.007173
949.854444,38.285162,114.855485,-9418.149754
949.855072,38.285162,210.568389,-9418.149754
949.855699,133.998066,114.855485,-9418.149754
949.856326,95.712904,133.998066,-9418.149754
949.856954,133.998066,114.855485,-9418.149754
949.857581,76.570323,114.855485,-9418.149754
949.858209,95.712904,114.855485,-9437.292334
949.858836,95.712904,95.712904,-9494.720077
949.859463,133.998066,172.283227,-9418.149754
949.860091,76.570323,210.568389,-9418.149754
949.860718,0.000000,133.998066,-9360.722011
949.861346,76.570323,153.140646,-9418.149754
949.861973,76.570323,114.855485,-9418.149754
949.862600,38.285162,114.855485,-9418.149754
949.863228,95.712904,133.998066,-9360.722011
949.863855,95.712904,95.712904,-9399.007173
949.864483,57.427742,95.712904,-9399.007173
949.865110,76.570323,114.855485,-9418.149754
949.865737,133.998066,153.140646,-9418.149754
949.866365,76.570323,114.855485,-9418.149754
949.866992,76.570323,114.855485,-9360.722011
949.867620,38.285162,114.855485,-9360.722011
949.868247,133.998066,153.140646,-9418.149754
949.868874,133.998066,172.283227,-9418.149754
949.869502,76.570323,191.425808,-9418.149754
949.870129,133.998066,172.283227,-9418.149754
949.870757,114.855485,210.568389,-9360.722011
949.871384,38.285162,153.140646,-9418.149754
949.872011,57.427742,133.998066,-9360.722011
949.872639,95.712904,133.998066,-9360.722011
949.873266,95.712904,114.855485,-9399.007173
949.873894,76.570323,172.283227,-9418.149754
949.874521,133.998066,172.283227,-9456.434915
949.875148,38.285162,114.855485,-9475.577496
949.875776,76.570323,114.855485,-9418.149754
949.876403,76.570323,172.283227,-9418.149754
949.877031,95.712904,172.283227,-9360.722011
949.877658,133.998066,153.140646,-9418.149754
949.878285,76.570323,153.140646,-9494.720077
949.878913,133.998066,114.855485,-9418.149754
949.879540,172.283227,172.283227,-9379.864592
949.880168,76.570323,153.140646,-9418.149754
949.880795,38.285162,114.855485,-9418.149754
949.881422,153.140646,133.998066,-9456.434915
949.882050,114.855485,114.855485,-9322.436850
949.882677,133.998066,172.283227,-9399.007173
949.883305,38.285162,172.283227,-9418.149754
949.883932,95.712904,133.998066,-9360.722011
949.884560,76.570323,114.855485,-9418.149754
949.885187,76.570323,172.283227,-9418.149754
949.885814,133.998066,153.140646,-9437.292334
949.886442,133.998066,210.568389,-9418.149754
949.887069,76.570323,114.855485,-9418.149754
949.887697,95.712904,114.855485,-9418.149754
949.888324,133.998066,114.855485,-9418.149754
949.888952,172.283227,114.855485,-9322.436850
949.889579,153.140646,133.998066,-9456.434915
949.890206,76.570323,191.425808,-9437.292334
949.890834,38.285162,172.283227,-9418.149754
949.891461,76.570323,153.140646,-9418.149754
949.892089,57.427742,172.283227,-9360.722011
949.892716,76.570323,153.140646,-9418.149754
949.893344,153.140646,133.998066,-9399.007173
949.893971,133.998066,114.855485,-9418.149754
949.894599,133.998066,191.425808,-9399.007173
949.895226,114.855485,153.140646,-9360.722011
949.895853,133.998066,114.855485,-9418.149754
949.896481,133.998066,114.855485,-9418.149754
949.897108,114.855485,95.712904,-9399.007173
949.897736,153.140646,172.283227,-9399.007173
949.898363,133.998066,153.140646,-9399.007173
949.898991,133.998066,114.855485,-9418.149754
949.899618,133.998066,133.998066,-9399.007173
949.900245,38.285162,114.855485,-9360.722011
949.900873,76.570323,76.570323,-9379.864592
949.901500,133.998066,133.998066,-9399.007173
949.902128,76.570323,172.283227,-9418.149754
949.902755,133.998066,172.283227,-9418.149754
949.903383,95.712904,133.998066,-9322.436850
949.904010,95.712904,133.998066,-9360.722011
949.904638,95.712904,172.283227,-9437.292334
949.905265,76.570323,114.855485,-9418.149754
949.905892,114.855485,114.855485,-9437.292334
949.906520,38.285162,114.855485,-9418.149754
949.907147,57.427742,172.283227,-9360.722011
949.907775,133.998066,114.855485,-9418.149754
949.908402,57.427742,95.712904,-9399.007173
949.909030,114.855485,133.998066,-9360.722011
949.909657,38.285162,114.855485,-9418.149754
949.910284,153.140646,133.998066,-9399.007173
949.910912,76.570323,76.570323,-9379.864592
949.911539,133.998066,153.140646,-9418.149754
949.912167,76.570323,114.855485,-9418.149754
949.912794,133.998066,172.283227,-9399.007173
949.913422,76.570323,114.855485,-9418.149754
949.914049,133.998066,210.568389,-9418.149754
949.914677,133.998066,153.140646,-9418.149754
949.915304,95.712904,95.712904,-9456.434915
949.915931,153.140646,133.998066,-9399.007173
949.916559,57.427742,172.283227,-9360.722011
949.917186,76.570323,172.283227,-9418.149754
949.917814,95.712904,95.712904,-9399.007173
949.918441,114.855485,95.712904,-9399.007173
949.919069,95.712904,114.855485,-9456.434915
949.919696,38.285162,114.855485,-9418.149754
949.920324,38.285162,114.855485,-9418.149754
949.920951,76.570323,133.998066,-9360.722011
949.921578,114.855485,172.283227,-9360.722011
949.922206,76.570323,114.855485,-9418.149754
949.922833,57.427742,95.712904,-9399.007173
949.923461,153.140646,133.998066,-9399.007173
949.924088,76.570323,172.283227,-9418.149754
949.924716,76.570323,153.140646,-9456.434915
949.925343,38.285162,172.283227,-9418.149754
949.925970,133.998066,153.140646,-9456.434915
949.926598,133.998066,153.140646,-9456.434915
949.927225,133.998066,172.283227,-9456.434915
949.927853,38.285162,172.283227,-9437.292334
949.928480,76.570323,172.283227,-9456.434915
949.929108,95.712904,114.855485,-9399.007173
949.929735,133.998066,210.568389,-9456.434915
949.930363,133.998066,114.855485,-9475.577496
949.930990,38.285162,172.283227,-9418.149754
949.931617,76.570323,153.140646,-9418.149754
949.932245,76.570323,114.855485,-9418.149754
949.932872,95.712904,172.283227,-9418.149754
949.933500,76.570323,248.853550,-9379.864592
949.934127,76.570323,114.855485,-9418.149754
949.934755,38.285162,114.855485,-9437.292334
949.935382,114.855485,95.712904,-9475.577496
949.936010,133.998066,114.855485,-9437.292334
949.936637,95.712904,133.998066,-9341.579430
949.937264,38.285162,210.568389,-9418.149754
949.937892,95.712904,153.140646,-9418.149754
949.938519,76.570323,210.568389,-9418.149754
949.939147,76.570323,114.855485,-9418.149754
949.939774,38.285162,172.283227,-9418.149754
949.940402,133.998066,191.425808,-9399.007173
949.941029,133.998066,153.140646,-9475.577496
949.941656,114.855485,133.998066,-9418.149754
949.942284,76.570323,114.855485,-9418.149754
949.942911,133.998066,114.855485,-9437.292334
949.943539,38.285162,210.568389,-9418.149754
949.944166,133.998066,114.855485,-9456.434915
949.944794,133.998066,114.855485,-9418.149754
949.945421,133.998066,114.855485,-9456.434915
949.946049,114.855485,76.570323,-9418.149754
949.946676,76.570323,153.140646,-9418.149754
949.947303,153.140646,133.998066,-9399.007173
949.947931,38.285162,95.712904,-9418.149754
949.948558,133.998066,114.855485,-9437.292334
949.949186,133.998066,114.855485,-9418.149754
949.949813,95.712904,95.712904,-9399.007173
949.950441,133.998066,172.283227,-9418.149754
949.951068,133.998066,172.283227,-9418.149754
949.951696,133.998066,114.855485,-9456.434915
949.952323,133.998066,172.283227,-9418.149754
949.952950,76.570323,114.855485,-9418.149754
949.953578,76.570323,172.283227,-9418.149754
949.954205,95.712904,172.283227,-9437.292334
949.954833,133.998066,172.283227,-9418.149754
949.955460,133.998066,133.998066,-9437.292334
949.956088,76.570323,114.855485,-9418.149754
949.956715,57.427742,172.283227,-9360.722011
949.957342,57.427742,133.998066,-9360.722011
949.957970,133.998066,153.140646,-9418.149754
949.958597,76.570323,153.140646,-9418.149754
949.959225,57.427742,114.855485,-9418.149754
949.959852,76.570323,172.283227,-9418.149754
949.960480,76.570323,172.283227,-9418.149754
949.961107,133.998066,153.140646,-9437.292334
949.961735,76.570323,114.855485,-9418.149754
949.962362,133.998066,172.283227,-9418.149754
949.962989,38.285162,153.140646,-9418.149754
949.963617,76.570323,114.855485,-9418.149754
949.964244,133.998066,114.855485,-9418.149754
949.964872,38.285162,114.855485,-9418.149754
949.965499,76.570323,153.140646,-9418.149754
949.966127,76.570323,153.140646,-9437.292334
949.966754,76.570323,114.855485,-9418.149754
949.967382,95.712904,133.998066,-9360.722011
949.968009,76.570323,114.855485,-9418.149754
949.968636,57.427742,133.998066,-9360.722011
949.969264,38.285162,172.283227,-9418.149754
949.969891,76.570323,172.283227,-9418.149754
949.970519,76.570323,153.140646,-9418.149754
949.971146,114.855485,248.853550,-9418.149754
949.971774,133.998066,114.855485,-9418.149754
949.972401,133.998066,133.998066,-9341.579430
949.973028,133.998066,76.570323,-9399.007173
949.973656,38.285162,133.998066,-9418.149754
949.974283,38.285162,114.855485,-9456.434915
949.974911,133.998066,114.855485,-9456.434915
949.975538,133.998066,114.855485,-9418.149754
949.976166,153.140646,133.998066,-9399.007173
949.976793,76.570323,153.140646,-9418.149754
949.977421,153.140646,133.998066,-9399.007173
949.978048,114.855485,114.855485,-9379.864592
949.978675,57.427742,133.998066,-9360.722011
949.979303,133.998066,114.855485,-9418.149754
949.979930,172.283227,133.998066,-9360.722011
949.980558,95.712904,95.712904,-9399.007173
949.981185,76.570323,76.570323,-9322.436850
949.981813,133.998066,114.855485,-9418.149754
949.982440,95.712904,133.998066,-9360.722011
949.983067,76.570323,114.855485,-9418.149754
949.983695,76.570323,114.855485,-9456.434915
949.984322,95.712904,133.998066,-9360.722011
949.984950,133.998066,133.998066,-9399.007173
949.985577,114.855485,153.140646,-9379.864592
949.986205,76.570323,153.140646,-9418.149754
949.986832,76.570323,114.855485,-9437.292334
949.987460,38.285162,114.855485,-9418.149754
949.988087,76.570323,114.855485,-9418.149754
949.988714,95.712904,95.712904,-9399.007173
949.989342,76.570323,172.283227,-9418.149754
949.989969,76.570323,114.855485,-9456.434915
949.990597,76.570323,210.568389,-9418.149754
949.991224,95.712904,133.998066,-9360.722011
949.991852,153.140646,172.283227,-9399.007173
949.992479,133.998066,133.998066,-9399.007173
949.993107,114.855485,133.998066,-9360.722011
949.993734,57.427742,95.712904,-9399.007173
949.994361,95.712904,95.712904,-9399.007173
949.994989,133.998066,172.283227,-9399.007173
949.995616,76.570323,153.140646,-9418.149754
949.996244,76.570323,114.855485,-9418.149754
949.996871,76.570323,114.855485,-9475.577496
949.997499,76.570323,114.855485,-9418.149754
949.998126,133.998066,153.140646,-9456.434915
949.998754,38.285162,114.855485,-9418.149754
949.999381,133.998066,114.855485,-9418.149754
950.000008,133.998066,114.855485,-9418.149754
950.000636,114.855485,133.998066,-9360.722011
950.001263,76.570323,114.855485,-9418.149754
950.001891,133.998066,210.568389,-9418.149754
950.002518,210.568389,133.998066,-9399.007173
950.003146,76.570323,114.855485,-9418.149754
950.003773,133.998066,133.998066,-9399.007173
950.004401,153.140646,133.998066,-9399.007173
950.005028,76.570323,114.855485,-9418.149754
950.005655,76.570323,114.855485,-9437.292334
950.006283,38.285162,114.855485,-9418.149754
950.006910,133.998066,133.998066,-9437.292334
950.007538,38.285162,153.140646,-9418.149754
950.008165,114.855485,172.283227,-9418.149754
950.008793,133.998066,114.855485,-9418.149754
950.009420,19.142581,172.283227,-9418.149754
950.010048,38.285162,172.283227,-9360.722011
950.010675,76.570323,76.570323,-9379.864592
950.011302,76.570323,114.855485,-9437.292334
950.011930,38.285162,114.855485,-9418.149754
950.012557,76.570323,153.140646,-9360.722011
950.013185,133.998066,153.140646,-9418.149754
950.013812,76.570323,153.140646,-9418.149754
950.014440,76.570323,114.855485,-9418.149754
950.015067,133.998066,172.283227,-9456.434915
950.015694,133.998066,133.998066,-9399.007173
950.016322,95.712904,133.998066,-9360.722011
950.016949,133.998066,172.283227,-9456.434915
950.017577,133.998066,133.998066,-9494.720077
950.018204,76.570323,114.855485,-9418.149754
950.018832,76.570323,114.855485,-9456.434915
950.019459,95.712904,95.712904,-9399.007173
950.020087,38.285162,191.425808,-9418.149754
950.020714,133.998066,172.283227,-9418.149754
950.021341,76.570323,114.855485,-9418.149754
950.021969,114.855485,153.140646,-9360.722011
950.022596,153.140646,133.998066,-9456.434915
950.023224,133.998066,210.568389,-9456.434915
950.023851,133.998066,114.855485,-9418.149754
950.024479,95.712904,95.712904,-9456.434915
950.025106,76.570323,114.855485,-9418.149754
950.025734,57.427742,133.998066,-9360.722011
950.026361,76.570323,114.855485,-9418.149754
950.026988,133.998066,133.998066,-9399.007173
950.027616,133.998066,114.855485,-9418.149754
950.028243,153.140646,114.855485,-9418.149754
950.028871,114.855485,133.998066,-9360.722011
950.029498,38.285162,114.855485,-9437.292334
950.030126,95.712904,114.855485,-9418.149754
950.030753,38.285162,114.855485,-9437.292334
950.031381,38.285162,114.855485,-9418.149754
950.032008,95.712904,114.855485,-9418.149754
950.032635,76.570323,210.568389,-9456.434915
950.033263,76.570323,114.855485,-9418.149754
950.033890,76.570323,114.855485,-9418.149754
950.034518,133.998066,114.855485,-9437.292334
950.035145,114.855485,153.140646,-9360.722011
950.035773,153.140646,133.998066,-9399.007173
950.036400,57.427742,114.855485,-9418.149754
950.037028,95.712904,95.712904,-9456.434915
950.037655,133.998066,172.283227,-9437.292334
950.038282,133.998066,191.425808,-9418.149754
950.038910,133.998066,114.855485,-9418.149754
950.039537,133.998066,172.283227,-9418.149754
950.040165,76.570323,114.855485,-9418.149754
950.040792,76.570323,114.855485,-9456.434915
950.041420,76.570323,172.283227,-9418.149754
950.042047,133.998066,114.855485,-9418.149754
950.042675,114.855485,172.283227,-9379.864592
950.043302,38.285162,153.140646,-9418.149754
950.043929,133.998066,153.140646,-9418.149754
950.044557,38.285162,114.855485,-9418.149754
950.045184,76.570323,153.140646,-9475.577496
950.045812,153.140646,133.998066,-9399.007173
950.046439,57.427742,114.855485,-9418.149754
950.047067,95.712904,114.855485,-9360.722011
950.047694,114.855485,133.998066,-9360.722011
950.048321,38.285162,114.855485,-9418.149754
950.048949,133.998066,172.283227,-9399.007173
950.049576,133.998066,114.855485,-9437.292334
950.050204,76.570323,114.855485,-9418.149754
950.050831,133.998066,153.140646,-9418.149754
950.051459,133.998066,153.140646,-9418.149754
950.052086,76.570323,114.855485,-9456.434915
950.052714,133.998066,76.570323,-9379.864592
950.053341,133.998066,153.140646,-9418.149754
950.053968,76.570323,114.855485,-9418.149754
950.054596,95.712904,153.140646,-9418.149754
950.055223,76.570323,153.140646,-9475.577496
950.055851,114.855485,95.712904,-9456.434915
950.056478,133.998066,114.855485,-9475.577496
950.057106,76.570323,114.855485,-9418.149754
950.057733,133.998066,133.998066,-9399.007173
950.058361,133.998066,114.855485,-9418.149754
950.058988,76.570323,114.855485,-9418.149754
950.059615,114.855485,153.140646,-9360.722011
950.060243,38.285162,172.283227,-9418.149754
950.060870,133.998066,172.283227,-9418.149754
950.061498,76.570323,114.855485,-9418.149754
950.062125,95.712904,95.712904,-9399.007173
950.062753,95.712904,114.855485,-9437.292334
950.063380,114.855485,153.140646,-9360.722011
950.064008,153.140646,153.140646,-9399.007173
950.064635,95.712904,95.712904,-9399.007173
950.065262,95.712904,95.712904,-9399.007173
950.065890,153.140646,95.712904,-9360.722011
950.066517,114.855485,153.140646,-9360.722011
950.067145,76.570323,210.568389,-9475.577496
950.067772,76.570323,114.855485,-9418.149754
950.068400,76.570323,114.855485,-9418.149754
950.069027,38.285162,172.283227,-9418.149754
950.069655,133.998066,153.140646,-9399.007173
950.070282,133.998066,114.855485,-9360.722011
950.070909,57.427742,172.283227,-9360.722011
950.071537,57.427742,114.855485,-9399.007173
950.072164,38.285162,172.283227,-9418.149754
950.072792,76.570323,172.283227,-9437.292334
950.073419,76.570323,153.140646,-9418.149754
950.074047,38.285162,114.855485,-9456.434915
950.074674,76.570323,114.855485,-9475.577496
950.075302,76.570323,114.855485,-9418.149754
950.075929,133.998066,114.855485,-9418.149754
950.076556,133.998066,153.140646,-9437.292334
950.077184,153.140646,248.853550,-9399.007173
950.077811,133.998066,172.283227,-9418.149754
950.078439,114.855485,191.425808,-9418.149754
950.079066,133.998066,114.855485,-9418.149754
950.079694,133.998066,114.855485,-9418.149754
950.080321,76.570323,114.855485,-9418.149754
950.080948,133.998066,153.140646,-9418.149754
950.081576,133.998066,114.855485,-9418.149754
950.082203,76.570323,114.855485,-9456.434915
950.082831,114.855485,133.998066,-9360.722011
950.083458,57.427742,95.712904,-9399.007173
950.084086,95.712904,95.712904,-9456.434915
950.084713,133.998066,114.855485,-9418.149754
950.085341,133.998066,114.855485,-9418.149754
950.085968,76.570323,114.855485,-9418.149754
950.086595,95.712904,133.998066,-9360.722011
950.087223,76.570323,114.855485,-9418.149754
950.087850,76.570323,172.283227,-9418.149754
950.088478,57.427742,172.283227,-9437.292334
950.089105,38.285162,172.283227,-9456.434915
950.089732,95.712904,133.998066,-9360.722011
950.090360,114.855485,133.998066,-9360.722011
950.090987,172.283227,114.855485,-9379.864592
950.091615,133.998066,153.140646,-9418.149754
950.092242,57.427742,95.712904,-9399.007173
950.092869,76.570323,114.855485,-9418.149754
950.093497,95.712904,133.998066,-9360.722011
950.094124,76.570323,114.855485,-9418.149754
950.094752,133.998066,133.998066,-9399.007173
950.095379,38.285162,114.855485,-9418.149754
950.096007,95.712904,114.855485,-9418.149754
950.096634,95.712904,95.712904,-9399.007173
950.097261,95.712904,95.712904,-9399.007173
950.097889,95.712904,133.998066,-9360.722011
950.098516,76.570323,133.998066,-9360.722011
950.099144,76.570323,153.140646,-9418.149754
950.099771,95.712904,172.283227,-9418.149754
950.100398,153.140646,133.998066,-9399.007173
950.101026,38.285162,114.855485,-9456.434915
950.101653,95.712904,133.998066,-9418.149754
950.102281,133.998066,153.140646,-9418.149754
950.102908,133.998066,114.855485,-9418.149754
950.103535,153.140646,172.283227,-9399.007173
950.104163,153.140646,133.998066,-9399.007173
950.104790,76.570323,153.140646,-9418.149754
950.105418,95.712904,114.855485,-9437.292334
950.106045,133.998066,114.855485,-9418.149754
950.106672,114.855485,172.283227,-9360.722011
950.107300,95.712904,114.855485,-9399.007173
950.107927,95.712904,114.855485,-9456.434915
950.108555,76.570323,191.425808,-9418.149754
950.109182,133.998066,153.140646,-9418.149754
950.109809,95.712904,95.712904,-9379.864592
950.110437,133.998066,114.855485,-9418.149754
950.111064,76.570323,114.855485,-9418.149754
950.111692,76.570323,114.855485,-9456.434915
950.112319,133.998066,172.283227,-9418.149754
950.112947,38.285162,114.855485,-9418.149754
950.113574,133.998066,114.855485,-9418.149754
950.114201,133.998066,153.140646,-9418.149754
950.114829,95.712904,114.855485,-9437.292334
950.115456,76.570323,114.855485,-9418.149754
950.116084,76.570323,114.855485,-9418.149754
950.116711,76.570323,114.855485,-9437.292334
950.117338,76.570323,114.855485,-9418.149754
950.117966,57.427742,95.712904,-9399.007173
950.118593,76.570323,172.283227,-9418.149754
950.119221,114.855485,133.998066,-9360.722011
950.119848,76.570323,114.855485,-9418.149754
950.120475,133.998066,153.140646,-9360.722011
950.121103,38.285162,114.855485,-9418.149754
950.121730,76.570323,114.855485,-9360.722011
950.122358,38.285162,114.855485,-9418.149754
950.122985,95.712904,172.283227,-9418.149754
950.123612,76.570323,114.855485,-9418.149754
950.124240,133.998066,114.855485,-9418.149754
950.124867,76.570323,153.140646,-9418.149754
950.125495,76.570323,191.425808,-9418.149754
950.126122,76.570323,114.855485,-9418.149754
950.126749,76.570323,172.283227,-9360.722011
950.127377,76.570323,172.283227,-9418.149754
950.128004,38.285162,114.855485,-9418.149754
950.128632,76.570323,95.712904,-9399.007173
950.129259,38.285162,114.855485,-9418.149754
950.129887,95.712904,172.283227,-9360.722011
950.130514,133.998066,172.283227,-9418.149754
950.131141,133.998066,114.855485,-9418.149754
950.131769,133.998066,172.283227,-9437.292334
950.132396,133.998066,114.855485,-9418.149754
950.133024,210.568389,153.140646,-9399.007173
950.133651,133.998066,114.855485,-9418.149754
950.134278,76.570323,153.140646,-9437.292334
950.134906,133.998066,229.710970,-9418.149754
950.135533,95.712904,133.998066,-9360.722011
950.136161,172.283227,210.568389,-9322.436850
950.136788,76.570323,114.855485,-9418.149754
950.137415,95.712904,153.140646,-9418.149754
950.138043,153.140646,153.140646,-9399.007173
950.138670,133.998066,153.140646,-9418.149754
950.139298,76.570323,114.855485,-9418.149754
950.139925,114.855485,95.712904,-9399.007173
950.140552,76.570323,114.855485,-9418.149754
950.141180,133.998066,114.855485,-9456.434915
950.141807,133.998066,114.855485,-9418.149754
950.142435,114.855485,133.998066,-9360.722011
950.143062,76.570323,114.855485,-9418.149754
950.143689,95.712904,95.712904,-9399.007173
950.144317,38.285162,153.140646,-9418.149754
950.144944,38.285162,153.140646,-9418.149754
950.145572,76.570323,172.283227,-9437.292334
950.146199,57.427742,172.283227,-9360.722011
950.146826,76.570323,114.855485,-9418.149754
950.147454,76.570323,153.140646,-9418.149754
950.148081,38.285162,172.283227,-9418.149754
950.148709,38.285162,114.855485,-9418.149754
950.149336,95.712904,95.712904,-9399.007173
950.149964,57.427742,95.712904,-9456.434915
950.150591,76.570323,114.855485,-9456.434915
950.151218,76.570323,114.855485,-9418.149754
950.151846,95.712904,114.855485,-9418.149754
950.152473,76.570323,153.140646,-9418.149754
950.153101,76.570323,114.855485,-9418.149754
950.153728,133.998066,133.998066,-9456.434915
950.154355,133.998066,114.855485,-9360.722011
950.154983,95.712904,210.568389,-9418.149754
950.155610,133.998066,153.140646,-9418.149754
950.156238,76.570323,153.140646,-9418.149754
950.156865,76.570323,114.855485,-9418.149754
950.157492,76.570323,153.140646,-9418.149754
950.158120,76.570323,153.140646,-9418.149754
950.158747,133.998066,114.855485,-9418.149754
950.159375,133.998066,114.855485,-9418.149754
950.160002,133.998066,210.568389,-9418.149754
950.160629,133.998066,172.283227,-9456.434915
950.161257,133.998066,172.283227,-9418.149754
950.161884,38.285162,114.855485,-9418.149754
950.162512,133.998066,210.568389,-9418.149754
950.163139,153.140646,133.998066,-9399.007173
950.163766,76.570323,114.855485,-9418.149754
950.164394,76.570323,153.140646,-9456.434915
950.165021,0.000000,114.855485,-9379.864592
950.165649,133.998066,114.855485,-9418.149754
950.166276,38.285162,114.855485,-9418.149754
950.166904,95.712904,210.568389,-9418.149754
950.167531,114.855485,172.283227,-9360.722011
950.168158,76.570323,114.855485,-9418.149754
950.168786,95.712904,133.998066,-9360.722011
950.169413,76.570323,114.855485,-9418.149754
950.170041,76.570323,172.283227,-9360.722011
950.170668,133.998066,153.140646,-9418.149754
950.171295,133.998066,114.855485,-9418.149754
950.171923,133.998066,114.855485,-9360.722011
950.172550,172.283227,191.425808,-9360.722011
950.173178,133.998066,172.283227,-9399.007173
950.173805,133.998066,114.855485,-9418.149754
950.174432,57.427742,133.998066,-9360.722011
950.175060,57.427742,133.998066,-9360.722011
950.175687,76.570323,114.855485,-9418.149754
950.176315,114.855485,95.712904,-9399.007173
950.176942,76.570323,114.855485,-9418.149754
950.177569,76.570323,114.855485,-9437.292334
950.178197,95.712904,172.283227,-9360.722011
950.178824,133.998066,172.283227,-9418.149754
950.179452,133.998066,114.855485,-9418.149754
950.180079,57.427742,114.855485,-9437.292334
950.180706,133.998066,153.140646,-9418.149754
950.181334,38.285162,153.140646,-9456.434915
950.181961,133.998066,153.140646,-9418.149754
950.182589,76.570323,114.855485,-9418.149754
950.183216,76.570323,114.855485,-9418.149754
950.183844,133.998066,172.283227,-9418.149754
950.184471,153.140646,172.283227,-9399.007173
950.185098,76.570323,114.855485,-9418.149754
950.185726,95.712904,95.712904,-9399.007173
950.186353,133.998066,172.283227,-9456.434915
950.186980,38.285162,114.855485,-9418.149754
950.187608,114.855485,95.712904,-9437.292334
950.188235,153.140646,133.998066,-9399.007173
950.188863,76.570323,172.283227,-9418.149754
950.189490,133.998066,114.855485,-9418.149754
950.190117,76.570323,114.855485,-9360.722011
950.190745,95.712904,133.998066,-9360.722011
950.191372,38.285162,114.855485,-9418.149754
950.192000,133.998066,114.855485,-9418.149754
950.192627,76.570323,153.140646,-9456.434915
950.193254,38.285162,114.855485,-9418.149754
950.193882,153.140646,133.998066,-9399.007173
950.194509,153.140646,172.283227,-9399.007173
950.195137,95.712904,114.855485,-9437.292334
950.195764,76.570323,172.283227,-9418.149754
950.196391,76.570323,210.568389,-9418.149754
950.197019,95.712904,114.855485,-9418.149754
950.197646,76.570323,114.855485,-9418.149754
950.198273,153.140646,114.855485,-9418.149754
950.198901,76.570323,114.855485,-9533.005238
950.199528,38.285162,114.855485,-9418.149754
950.200156,133.998066,153.140646,-9418.149754
950.200783,95.712904,133.998066,-9360.722011
950.201410,133.998066,114.855485,-9418.149754
950.202038,172.283227,76.570323,-9418.149754
950.202665,114.855485,133.998066,-9360.722011
950.203293,76.570323,114.855485,-9418.149754
950.203920,76.570323,172.283227,-9418.149754
950.204547,76.570323,114.855485,-9418.149754
950.205175,38.285162,153.140646,-9418.149754
950.205802,76.570323,191.425808,-9418.149754
950.206430,95.712904,153.140646,-9418.149754
950.207057,76.570323,114.855485,-9437.292334
950.207684,76.570323,114.855485,-9418.149754
950.208312,133.998066,153.140646,-9418.149754
950.208939,133.998066,114.855485,-9456.434915
950.209567,95.712904,114.855485,-9456.434915
950.210194,153.140646,133.998066,-9399.007173
950.210821,76.570323,114.855485,-9437.292334
950.211449,95.712904,114.855485,-9418.149754
950.212076,38.285162,114.855485,-9418.149754
950.212703,133.998066,114.855485,-9437.292334
950.213331,38.285162,153.140646,-9456.434915
950.213958,95.712904,114.855485,-9418.149754
950.214586,38.285162,210.568389,-9418.149754
950.215213,133.998066,114.855485,-9418.149754
950.215840,76.570323,114.855485,-9418.149754
950.216468,76.570323,114.855485,-9360.722011
950.217095,76.570323,114.855485,-9418.149754
950.217723,38.285162,172.283227,-9418.149754
950.218350,19.142581,133.998066,-9399.007173
950.218977,133.998066,172.283227,-9418.149754
950.219605,153.140646,172.283227,-9437.292334
950.220232,76.570323,172.283227,-9418.149754
950.220860,133.998066,114.855485,-9418.149754
950.221487,76.570323,172.283227,-9418.149754
950.222114,76.570323,172.283227,-9418.149754
950.222742,133.998066,172.283227,-9418.149754
950.223369,133.998066,114.855485,-9418.149754
950.223996,76.570323,172.283227,-9418.149754
950.224624,133.998066,153.140646,-9399.007173
950.225251,153.140646,191.425808,-9399.007173
950.225879,95.712904,172.283227,-9360.722011
950.226506,133.998066,153.140646,-9418.149754
950.227133,76.570323,114.855485,-9418.149754
950.227761,153.140646,133.998066,-9399.007173
950.228388,133.998066,114.855485,-9418.149754
950.229016,133.998066,172.283227,-9418.149754
950.229643,76.570323,114.855485,-9418.149754
950.230270,76.570323,114.855485,-9418.149754
950.230898,76.570323,172.283227,-9418.149754
950.231525,114.855485,153.140646,-9341.579430
950.232153,95.712904,114.855485,-9437.292334
950.232780,133.998066,172.283227,-9418.149754
950.233407,76.570323,210.568389,-9418.149754
950.234035,133.998066,114.855485,-9418.149754
950.234662,133.998066,172.283227,-9418.149754
950.235289,133.998066,153.140646,-9418.149754
950.235917,133.998066,114.855485,-9418.149754
950.236544,153.140646,133.998066,-9456.434915
950.237172,133.998066,153.140646,-9399.007173
950.237799,76.570323,114.855485,-9418.149754
950.238426,57.427742,95.712904,-9399.007173
950.239054,76.570323,114.855485,-9418.149754
950.239681,76.570323,153.140646,-9456.434915
950.240309,76.570323,191.425808,-9418.149754
950.240936,133.998066,153.140646,-9418.149754
950.241563,38.285162,95.712904,-9418.149754
950.242191,0.000000,95.712904,-9399.007173
950.242818,76.570323,172.283227,-9418.149754
950.243446,38.285162,172.283227,-9418.149754
950.244073,95.712904,172.283227,-9360.722011
950.244700,76.570323,210.568389,-9418.149754
950.245328,114.855485,133.998066,-9341.579430
950.245955,133.998066,172.283227,-9418.149754
950.246582,133.998066,153.140646,-9418.149754
950.247210,153.140646,133.998066,-9399.007173
950.247837,95.712904,114.855485,-9456.434915
950.248465,133.998066,172.283227,-9456.434915
950.249092,76.570323,114.855485,-9418.149754
950.249719,133.998066,114.855485,-9418.149754
950.250347,76.570323,76.570323,-9379.864592
950.250974,76.570323,114.855485,-9418.149754
950.251602,76.570323,210.568389,-9418.149754
950.252229,114.855485,153.140646,-9379.864592
950.252856,76.570323,133.998066,-9360.722011
950.253484,153.140646,133.998066,-9399.007173
950.254111,133.998066,133.998066,-9399.007173
950.254739,133.998066,172.283227,-9418.149754
950.255366,76.570323,114.855485,-9418.149754
950.255993,38.285162,114.855485,-9437.292334
950.256621,76.570323,114.855485,-9360.722011
950.257248,95.712904,133.998066,-9360.722011
950.257876,76.570323,114.855485,-9418.149754
950.258503,76.570323,172.283227,-9437.292334
950.259130,76.570323,114.855485,-9418.149754
950.259758,153.140646,191.425808,-9418.149754
950.260385,153.140646,153.140646,-9399.007173
950.261012,76.570323,114.855485,-9456.434915
950.261640,95.712904,95.712904,-9399.007173
950.262267,76.570323,210.568389,-9418.149754
950.262895,76.570323,153.140646,-9437.292334
950.263522,38.285162,210.568389,-9418.149754
950.264149,76.570323,114.855485,-9418.149754
950.264777,76.570323,114.855485,-9418.149754
950.265404,95.712904,210.568389,-9456.434915
950.266032,114.855485,172.283227,-9379.864592
950.266659,153.140646,172.283227,-9399.007173
950.267286,114.855485,153.140646,-9360.722011
950.267914,114.855485,153.140646,-9360.722011
950.268541,133.998066,133.998066,-9399.007173
950.269169,76.570323,114.855485,-9456.434915
950.269796,38.285162,114.855485,-9456.434915
950.270423,76.570323,172.283227,-9418.149754
950.271051,76.570323,172.283227,-9418.149754
950.271678,57.427742,172.283227,-9360.722011
950.272305,133.998066,210.568389,-9418.149754
950.272933,76.570323,114.855485,-9418.149754
950.273560,114.855485,95.712904,-9399.007173
950.274188,76.570323,114.855485,-9418.149754
950.274815,95.712904,95.712904,-9399.007173
950.275442,153.140646,153.140646,-9399.007173
950.276070,38.285162,114.855485,-9456.434915
950.276697,38.285162,153.140646,-9418.149754
950.277325,76.570323,114.855485,-9418.149754
950.277952,95.712904,95.712904,-9399.007173
950.278579,133.998066,114.855485,-9418.149754
950.279207,76.570323,191.425808,-9456.434915
950.279834,133.998066,172.283227,-9437.292334
950.280462,114.855485,114.855485,-9379.864592
950.281089,76.570323,210.568389,-9418.149754
950.281716,38.285162,114.855485,-9418.149754
950.282344,76.570323,114.855485,-9399.007173
950.282971,95.712904,114.855485,-9418.149754
950.283598,38.285162,114.855485,-9418.149754
950.284226,76.570323,114.855485,-9418.149754
950.284853,133.998066,114.855485,-9418.149754
950.285481,57.427742,133.998066,-9360.722011
950.286108,19.142581,172.283227,-9399.007173
950.286735,95.712904,133.998066,-9360.722011
950.287363,133.998066,114.855485,-9418.149754
950.287990,133.998066,114.855485,-9418.149754
950.288618,57.427742,133.998066,-9360.722011
950.289245,76.570323,114.855485,-9418.149754
950.289873,76.570323,172.283227,-9418.149754
950.290500,95.712904,133.998066,-9360.722011
950.291128,95.712904,153.140646,-9475.577496
950.291755,76.570323,114.855485,-9456.434915
950.292383,95.712904,114.855485,-9418.149754
950.293010,76.570323,114.855485,-9418.149754
950.293638,114.855485,133.998066,-9360.722011
950.294265,76.570323,114.855485,-9437.292334
950.294893,38.285162,153.140646,-9418.149754
950.295520,38.285162,114.855485,-9418.149754
950.296148,76.570323,114.855485,-9418.149754
950.296775,95.712904,172.283227,-9418.149754
950.297403,76.570323,210.568389,-9418.149754
950.298030,133.998066,153.140646,-9418.149754
950.298658,95.712904,95.712904,-9399.007173
950.299285,38.285162,114.855485,-9418.149754
950.299913,76.570323,114.855485,-9418.149754
950.300540,133.998066,114.855485,-9418.149754
950.301168,133.998066,76.570323,-9379.864592
950.301795,57.427742,172.283227,-9360.722011
950.302423,114.855485,95.712904,-9399.007173
950.303050,76.570323,153.140646,-9418.149754
950.303678,57.427742,114.855485,-9418.149754
950.304305,38.285162,114.855485,-9418.149754
950.304933,57.427742,114.855485,-9456.434915
950.305560,153.140646,133.998066,-9456.434915
950.306188,76.570323,114.855485,-9456.434915
950.306815,76.570323,172.283227,-9418.149754
950.307443,38.285162,114.855485,-9418.149754
950.308070,133.998066,133.998066,-9399.007173
950.308698,133.998066,114.855485,-9418.149754
950.309325,95.712904,95.712904,-9399.007173
950.309953,76.570323,114.855485,-9418.149754
950.310580,153.140646,133.998066,-9399.007173
950.311208,133.998066,210.568389,-9437.292334
950.311835,133.998066,153.140646,-9418.149754
950.312463,133.998066,153.140646,-9418.149754
950.313090,76.570323,114.855485,-9475.577496
950.313718,76.570323,172.283227,-9418.149754
950.314345,95.712904,172.283227,-9475.577496
950.314973,95.712904,153.140646,-9418.149754
950.315600,76.570323,114.855485,-9418.149754
950.316228,133.998066,153.140646,-9418.149754
950.316855,76.570323,114.855485,-9418.149754
950.317483,95.712904,153.140646,-9360.722011
950.318110,76.570323,153.140646,-9437.292334
950.318738,76.570323,114.855485,-9418.149754
950.319365,153.140646,133.998066,-9399.007173
950.319993,153.140646,133.998066,-9379.864592
950.320620,114.855485,133.998066,-9437.292334
950.321248,76.570323,114.855485,-9418.149754
950.321875,76.570323,172.283227,-9437.292334
950.322503,133.998066,153.140646,-9418.149754
950.323130,76.570323,114.855485,-9418.149754
950.323758,114.855485,133.998066,-9360.722011
950.324385,38.285162,114.855485,-9418.149754
950.325013,38.285162,153.140646,-9418.149754
950.325640,38.285162,114.855485,-9418.149754
950.326268,114.855485,95.712904,-9399.007173
950.326895,172.283227,76.570323,-9437.292334
950.327523,133.998066,229.710970,-9418.149754
950.328150,76.570323,172.283227,-9418.149754
950.328778,76.570323,210.568389,-9418.149754
950.329405,133.998066,172.283227,-9399.007173
950.330033,133.998066,114.855485,-9418.149754
950.330660,76.570323,114.855485,-9418.149754
950.331288,76.570323,114.855485,-9418.149754
950.331915,57.427742,95.712904,-9399.007173
950.332543,76.570323,114.855485,-9418.149754
950.333170,133.998066,172.283227,-9418.149754
950.333798,76.570323,210.568389,-9418.149754
950.334425,133.998066,172.283227,-9418.149754
950.335053,38.285162,114.855485,-9437.292334
950.335680,153.140646,133.998066,-9399.007173
950.336308,153.140646,114.855485,-9418.149754
950.336935,133.998066,114.855485,-9418.149754
950.337563,133.998066,114.855485,-9418.149754
950.338190,114.855485,95.712904,-9399.007173
950.338818,133.998066,114.855485,-9437.292334
950.339445,172.283227,114.855485,-9379.864592
950.340073,153.140646,133.998066,-9399.007173
950.340700,95.712904,114.855485,-9418.149754
950.341328,133.998066,114.855485,-9418.149754
950.341955,76.570323,172.283227,-9418.149754
950.342583,95.712904,133.998066,-9360.722011
950.343210,95.712904,114.855485,-9418.149754
950.343838,76.570323,114.855485,-9456.434915
950.344465,133.998066,172.283227,-9456.434915
950.345093,76.570323,172.283227,-9418.149754
950.345720,76.570323,114.855485,-9418.149754
950.346348,76.570323,172.283227,-9418.149754
950.346975,153.140646,133.998066,-9399.007173
950.347603,133.998066,153.140646,-9418.149754
950.348230,76.570323,114.855485,-9437.292334
950.348858,133.998066,172.283227,-9418.149754
950.349485,76.570323,153.140646,-9418.149754
950.350113,38.285162,114.855485,-9418.149754
950.350740,38.285162,153.140646,-9418.149754
950.351368,76.570323,172.283227,-9418.149754
950.351995,76.570323,172.283227,-9456.434915
950.352623,133.998066,133.998066,-9399.007173
950.353250,133.998066,114.855485,-9418.149754
950.353878,114.855485,95.712904,-9399.007173
950.354505,133.998066,210.568389,-9418.149754
950.355133,153.140646,133.998066,-9399.007173
950.355760,76.570323,153.140646,-9418.149754
950.356388,76.570323,95.712904,-9399.007173
950.357015,114.855485,57.427742,-9456.434915
950.357643,153.140646,133.998066,-9399.007173
950.358270,133.998066,114.855485,-9418.149754
950.358898,95.712904,114.855485,-9418.149754
950.359525,57.427742,153.140646,-9360.722011
950.360153,38.285162,172.283227,-9418.149754
950.360780,95.712904,114.855485,-9456.434915
950.361408,76.570323,114.855485,-9456.434915
950.362035,153.140646,133.998066,-9399.007173
950.362663,76.570323,114.855485,-9418.149754
950.363290,76.570323,229.710970,-9418.149754
950.363918,76.570323,153.140646,-9456.434915
950.364545,133.998066,114.855485,-9418.149754
950.365173,76.570323,172.283227,-9418.149754
950.365800,76.570323,114.855485,-9418.149754
950.366428,76.570323,114.855485,-9418.149754
950.367055,76.570323,172.283227,-9418.149754
950.367683,76.570323,153.140646,-9418.149754
950.368310,38.285162,114.855485,-9418.149754
950.368938,76.570323,153.140646,-9418.149754
950.369565,133.998066,191.425808,-9418.149754
950.370193,38.285162,114.855485,-9418.149754
950.370820,76.570323,95.712904,-9399.007173
950.371448,114.855485,133.998066,-9360.722011
950.372075,76.570323,229.710970,-9456.434915
950.372703,133.998066,210.568389,-9456.434915
950.373330,76.570323,153.140646,-9418.149754
950.373958,76.570323,114.855485,-9418.149754
950.374585,95.712904,191.425808,-9418.149754
950.375213,114.855485,133.998066,-9360.722011
950.375840,95.712904,172.283227,-9360.722011
950.376468,38.285162,172.283227,-9418.149754
950.377095,133.998066,153.140646,-9399.007173
950.377723,76.570323,114.855485,-9418.149754
950.378350,38.285162,114.855485,-9418.149754
950.378977,95.712904,95.712904,-9399.007173
950.379605,76.570323,95.712904,-9399.007173
950.380232,38.285162,114.855485,-9418.149754
950.380860,38.285162,133.998066,-9360.722011
950.381487,95.712904,114.855485,-9418.149754
950.382115,95.712904,114.855485,-9360.722011
950.382742,133.998066,114.855485,-9418.149754
950.383370,133.998066,114.855485,-9437.292334
950.383997,76.570323,114.855485,-9418.149754
950.384625,133.998066,172.283227,-9418.149754
950.385252,133.998066,114.855485,-9418.149754
950.385880,38.285162,114.855485,-9418.149754
950.386507,133.998066,133.998066,-9399.007173
950.387135,57.427742,172.283227,-9418.149754
