#time,accel_x,accel_y,accel_z
956.142001,76.570323,114.855485,-9418.149754
956.142628,76.570323,114.855485,-9418.149754
956.143255,95.712904,133.998066,-9360.722011
956.143882,76.570323,210.568389,-9418.149754
956.144510,76.570323,114.855485,-9418.149754
956.145137,114.855485,133.998066,-9360.722011
956.145764,133.998066,114.855485,-9418.149754
956.146391,133.998066,133.998066,-9399.007173
956.147018,76.570323,114.855485,-9418.149754
956.147645,38.285162,114.855485,-9418.149754
956.148272,38.285162,114.855485,-9418.149754
956.148899,76.570323,114.855485,-9418.149754
956.149526,153.140646,133.998066,-9437.292334
956.150153,114.855485,95.712904,-9399.007173
956.150780,95.712904,133.998066,-9360.722011
956.151407,76.570323,114.855485,-9360.722011
956.152034,76.570323,114.855485,-9437.292334
956.152661,133.998066,114.855485,-9418.149754
956.153288,114.855485,95.712904,-9399.007173
956.153915,76.570323,172.283227,-9418.149754
956.154542,76.570323,153.140646,-9456.434915
956.155169,76.570323,114.855485,-9437.292334
956.155796,133.998066,133.998066,-9399.007173
956.156423,133.998066,172.283227,-9418.149754
956.157050,114.855485,133.998066,-9360.722011
956.157677,153.140646,153.140646,-9456.434915
956.158304,133.998066,114.855485,-9418.149754
956.158931,95.712904,172.283227,-9418.149754
956.159558,133.998066,114.855485,-9418.149754
956.160185,114.855485,191.425808,-9360.722011
956.160812,38.285162,172.283227,-9418.149754
956.161439,95.712904,114.855485,-9418.149754
956.162066,38.285162,114.855485,-9418.149754
956.162693,57.427742,95.712904,-9399.007173
956.163320,95.712904,95.712904,-9399.007173
956.163947,133.998066,172.283227,-9418.149754
956.164574,76.570323,114.855485,-9418.149754
956.165201,133.998066,114.855485,-9418.149754
956.165828,153.140646,114.855485,-9418.149754
956.166455,76.570323,114.855485,-9418.149754
956.167082,133.998066,95.712904,-9360.722011
956.167709,76.570323,114.855485,-9456.434915
956.168336,95.712904,114.855485,-9418.149754
956.168963,133.998066,153.140646,-9418.149754
956.169590,76.570323,153.140646,-9456.434915
956.170217,133.998066,172.283227,-9418.149754
956.170844,76.570323,114.855485,-9475.577496
956.171471,76.570323,229.710970,-9418.149754
956.172098,114.855485,133.998066,-9360.722011
956.172725,95.712904,114.855485,-9418.149754
956.173352,76.570323,210.568389,-9456.434915
956.173979,76.570323,114.855485,-9494.720077
956.174607,57.427742,153.140646,-9418.149754
956.175234,133.998066,191.425808,-9437.292334
956.175861,133.998066,191.425808,-9399.007173
956.176488,133.998066,153.140646,-9418.149754
956.177115,133.998066,172.283227,-9475.577496
956.177742,133.998066,153.140646,-9418.149754
956.178369,95.712904,133.998066,-9341.579430
956.178996,95.712904,114.855485,-9418.149754
956.179623,38.285162,114.855485,-9456.434915
956.180250,153.140646,133.998066,-9399.007173
956.180877,133.998066,172.283227,-9418.149754
956.181504,76.570323,210.568389,-9456.434915
956.182131,76.570323,114.855485,-9437.292334
956.182758,95.712904,114.855485,-9418.149754
956.183385,38.285162,114.855485,-9418.149754
956.184012,38.285162,172.283227,-9418.149754
956.184639,114.855485,153.140646,-9360.722011
956.185266,133.998066,133.998066,-9399.007173
956.185893,95.712904,153.140646,-9360.722011
956.186520,38.285162,114.855485,-9437.292334
956.187147,133.998066,153.140646,-9418.149754
956.187774,133.998066,172.283227,-9418.149754
956.188401,38.285162,114.855485,-9418.149754
956.189028,133.998066,114.855485,-9418.149754
956.189655,76.570323,76.570323,-9379.864592
956.190282,38.285162,153.140646,-9418.149754
956.190909,95.712904,153.140646,-9418.149754
956.191536,133.998066,210.568389,-9418.149754
956.192163,133.998066,172.283227,-9437.292334
956.192790,133.998066,153.140646,-9418.149754
956.193417,76.570323,114.855485,-9418.149754
956.194044,38.285162,133.998066,-9360.722011
956.194671,172.283227,114.855485,-9379.864592
956.195298,114.855485,133.998066,-9360.722011
956.195925,133.998066,114.855485,-9418.149754
956.196552,133.998066,114.855485,-9418.149754
956.197179,76.570323,114.855485,-9437.292334
956.197806,114.855485,114.855485,-9418.149754
956.198433,76.570323,172.283227,-9418.149754
956.199060,133.998066,133.998066,-9399.007173
956.199687,76.570323,114.855485,-9418.149754
956.200314,76.570323,172.283227,-9456.434915
956.200942,57.427742,153.140646,-9418.149754
956.201570,76.570323,114.855485,-9418.149754
956.202197,95.712904,114.855485,-9437.292334
956.202825,76.570323,114.855485,-9456.434915
956.203452,133.998066,172.283227,-9418.149754
956.204080,76.570323,153.140646,-9418.149754
956.204708,133.998066,210.568389,-9418.149754
956.205335,153.140646,133.998066,-9399.007173
956.205963,133.998066,114.855485,-9418.149754
956.206590,76.570323,114.855485,-9437.292334
956.207218,114.855485,210.568389,-9379.864592
956.207846,133.998066,153.140646,-9418.149754
956.208473,76.570323,114.855485,-9418.149754
956.209101,76.570323,210.568389,-9418.149754
956.209729,133.998066,114.855485,-9418.149754
956.210356,133.998066,153.140646,-9437.292334
956.210984,172.283227,76.570323,-9418.149754
956.211611,133.998066,114.855485,-9418.149754
956.212239,76.570323,114.855485,-9456.434915
956.212867,76.570323,114.855485,-9418.149754
956.213494,153.140646,172.283227,-9418.149754
956.214122,133.998066,114.855485,-9418.149754
956.214749,133.998066,153.140646,-9437.292334
956.215377,153.140646,133.998066,-9494.720077
956.216005,133.998066,210.568389,-9418.149754
956.216632,76.570323,114.855485,-9418.149754
956.217260,0.000000,133.998066,-9360.722011
956.217887,38.285162,114.855485,-9437.292334
956.218515,38.285162,114.855485,-9418.149754
956.219143,133.998066,114.855485,-9437.292334
956.219770,76.570323,172.283227,-9418.149754
956.220398,76.570323,172.283227,-9418.149754
956.221025,57.427742,191.425808,-9360.722011
956.221653,57.427742,153.140646,-9341.579430
956.222281,133.998066,172.283227,-9418.149754
956.222908,76.570323,114.855485,-9418.149754
956.223536,114.855485,133.998066,-9360.722011
956.224164,76.570323,172.283227,-9418.149754
956.224791,133.998066,114.855485,-9418.149754
956.225419,133.998066,114.855485,-9360.722011
956.226046,114.855485,76.570323,-9418.149754
956.226674,133.998066,114.855485,-9418.149754
956.227302,114.855485,114.855485,-9379.864592
956.227929,76.570323,172.283227,-9475.577496
956.228557,133.998066,133.998066,-9399.007173
956.229184,76.570323,153.140646,-9418.149754
956.229812,57.427742,133.998066,-9360.722011
956.230440,95.712904,210.568389,-9399.007173
956.231067,95.712904,95.712904,-9437.292334
956.231695,38.285162,114.855485,-9418.149754
956.232322,133.998066,153.140646,-9360.722011
956.232950,95.712904,133.998066,-9360.722011
956.233578,76.570323,153.140646,-9418.149754
956.234205,95.712904,153.140646,-9418.149754
956.234833,76.570323,114.855485,-9360.722011
956.235461,38.285162,114.855485,-9418.149754
956.236088,114.855485,133.998066,-9360.722011
956.236716,133.998066,114.855485,-9418.149754
956.237343,76.570323,153.140646,-9437.292334
956.237971,133.998066,191.425808,-9456.434915
956.238599,95.712904,114.855485,-9437.292334
956.239226,76.570323,153.140646,-9456.434915
956.239854,76.570323,153.140646,-9418.149754
956.240481,38.285162,114.855485,-9418.149754
956.241109,38.285162,133.998066,-9360.722011
956.241737,76.570323,114.855485,-9418.149754
956.242364,76.570323,114.855485,-9418.149754
956.242992,133.998066,172.283227,-9418.149754
956.243619,133.998066,172.283227,-9360.722011
956.244247,114.855485,133.998066,-9360.722011
956.244875,38.285162,114.855485,-9437.292334
956.245502,133.998066,153.140646,-9418.149754
956.246130,76.570323,114.855485,-9437.292334
956.246757,95.712904,133.998066,-9418.149754
956.247385,76.570323,114.855485,-9475.577496
956.248013,95.712904,114.855485,-9399.007173
956.248640,76.570323,172.283227,-9418.149754
956.249268,76.570323,153.140646,-9456.434915
956.249896,133.998066,172.283227,-9437.292334
956.250523,38.285162,114.855485,-9418.149754
956.251151,38.285162,153.140646,-9418.149754
956.251778,76.570323,114.855485,-9456.434915
956.252406,76.570323,191.425808,-9418.149754
956.253034,76.570323,114.855485,-9418.149754
956.253661,133.998066,172.283227,-9399.007173
956.254289,38.285162,153.140646,-9418.149754
956.254916,133.998066,114.855485,-9418.149754
956.255544,153.140646,133.998066,-9399.007173
956.256172,38.285162,114.855485,-9418.149754
956.256799,76.570323,114.855485,-9418.149754
956.257427,76.570323,114.855485,-9418.149754
956.258054,57.427742,114.855485,-9418.149754
956.258682,57.427742,95.712904,-9399.007173
956.259310,76.570323,153.140646,-9437.292334
956.259937,76.570323,153.140646,-9418.149754
956.260565,95.712904,133.998066,-9360.722011
956.261193,114.855485,133.998066,-9360.722011
956.261820,114.855485,133.998066,-9360.722011
956.262448,38.285162,153.140646,-9418.149754
956.263075,95.712904,133.998066,-9360.722011
956.263703,114.855485,191.425808,-9379.864592
956.264331,133.998066,172.283227,-9418.149754
956.264958,133.998066,114.855485,-9418.149754
956.265586,114.855485,95.712904,-9399.007173
956.266213,95.712904,133.998066,-9360.722011
956.266841,133.998066,210.568389,-9418.149754
956.267469,133.998066,172.283227,-9418.149754
956.268096,95.712904,153.140646,-9360.722011
956.268724,153.140646,191.425808,-9399.007173
956.269351,133.998066,114.855485,-9418.149754
956.269979,153.140646,133.998066,-9456.434915
956.270607,133.998066,153.140646,-9418.149754
956.271234,95.712904,95.712904,-9399.007173
956.271862,153.140646,133.998066,-9399.007173
956.272489,114.855485,95.712904,-9399.007173
956.273117,76.570323,172.283227,-9437.292334
956.273745,114.855485,95.712904,-9399.007173
956.274372,133.998066,172.283227,-9418.149754
956.275000,76.570323,114.855485,-9418.149754
956.275628,38.285162,114.855485,-9437.292334
956.276255,153.140646,153.140646,-9399.007173
956.276883,153.140646,172.283227,-9437.292334
956.277510,153.140646,153.140646,-9437.292334
956.278138,133.998066,114.855485,-9418.149754
956.278766,114.855485,133.998066,-9360.722011
956.279393,114.855485,114.855485,-9379.864592
956.280021,133.998066,133.998066,-9399.007173
956.280648,153.140646,133.998066,-9399.007173
956.281276,95.712904,95.712904,-9399.007173
956.281904,95.712904,153.140646,-9360.722011
956.282531,57.427742,95.712904,-9399.007173
956.283159,114.855485,133.998066,-9437.292334
956.283786,76.570323,114.855485,-9437.292334
956.284414,76.570323,114.855485,-9437.292334
956.285042,114.855485,114.855485,-9399.007173
956.285669,57.427742,153.140646,-9418.149754
956.286297,57.427742,133.998066,-9360.722011
956.286924,95.712904,95.712904,-9399.007173
956.287552,38.285162,114.855485,-9456.434915
956.288180,133.998066,114.855485,-9475.577496
956.288807,95.712904,114.855485,-9418.149754
956.289435,95.712904,114.855485,-9418.149754
956.290063,133.998066,114.855485,-9418.149754
956.290690,133.998066,191.425808,-9456.434915
956.291318,114.855485,133.998066,-9360.722011
956.291945,76.570323,114.855485,-9418.149754
956.292573,133.998066,114.855485,-9418.149754
956.293201,76.570323,172.283227,-9418.149754
956.293828,57.427742,172.283227,-9456.434915
956.294456,57.427742,191.425808,-9360.722011
956.295083,133.998066,210.568389,-9418.149754
956.295711,133.998066,172.283227,-9399.007173
956.296339,76.570323,153.140646,-9456.434915
956.296966,76.570323,172.283227,-9418.149754
956.297594,133.998066,172.283227,-9456.434915
956.298221,133.998066,153.140646,-9418.149754
956.298849,133.998066,114.855485,-9437.292334
956.299477,133.998066,153.140646,-9456.434915
956.300104,133.998066,114.855485,-9418.149754
956.300732,76.570323,114.855485,-9418.149754
956.301359,133.998066,114.855485,-9418.149754
956.301986,133.998066,114.855485,-9418.149754
956.302614,114.855485,133.998066,-9360.722011
956.303241,0.000000,133.998066,-9360.722011
956.303868,76.570323,172.283227,-9418.149754
956.304495,133.998066,114.855485,-9418.149754
956.305123,153.140646,133.998066,-9399.007173
956.305750,76.570323,210.568389,-9418.149754
956.306377,76.570323,114.855485,-9418.149754
956.307005,57.427742,95.712904,-9399.007173
956.307632,95.712904,133.998066,-9360.722011
956.308259,114.855485,133.998066,-9360.722011
956.308886,133.998066,114.855485,-9437.292334
956.309514,95.712904,133.998066,-9360.722011
956.310141,114.855485,133.998066,-9418.149754
956.310768,38.285162,114.855485,-9437.292334
956.311395,133.998066,153.140646,-9475.577496
956.312023,153.140646,153.140646,-9437.292334
956.312650,76.570323,114.855485,-9418.149754
956.313277,76.570323,114.855485,-9399.007173
956.313904,95.712904,210.568389,-9418.149754
956.314532,114.855485,95.712904,-9399.007173
956.315159,153.140646,172.283227,-9399.007173
956.315786,76.570323,114.855485,-9418.149754
956.316413,133.998066,172.283227,-9437.292334
956.317041,210.568389,133.998066,-9399.007173
956.317668,76.570323,114.855485,-9418.149754
956.318295,133.998066,114.855485,-9418.149754
956.318923,76.570323,114.855485,-9437.292334
956.319550,38.285162,114.855485,-9418.149754
956.320177,38.285162,114.855485,-9418.149754
956.320804,133.998066,172.283227,-9418.149754
956.321432,133.998066,114.855485,-9418.149754
956.322059,95.712904,191.425808,-9360.722011
956.322686,133.998066,153.140646,-9418.149754
956.323313,133.998066,172.283227,-9399.007173
956.323941,133.998066,114.855485,-9418.149754
956.324568,38.285162,114.855485,-9437.292334
956.325195,76.570323,153.140646,-9418.149754
956.325822,95.712904,114.855485,-9418.149754
956.326450,133.998066,76.570323,-9322.436850
956.327077,95.712904,133.998066,-9360.722011
956.327704,133.998066,114.855485,-9418.149754
956.328331,95.712904,114.855485,-9418.149754
956.328959,95.712904,133.998066,-9360.722011
956.329586,76.570323,114.855485,-9418.149754
956.330213,76.570323,114.855485,-9418.149754
956.330841,76.570323,114.855485,-9456.434915
956.331468,153.140646,133.998066,-9456.434915
956.332095,76.570323,172.283227,-9418.149754
956.332722,133.998066,172.283227,-9418.149754
956.333350,76.570323,114.855485,-9418.149754
956.333977,114.855485,133.998066,-9341.579430
956.334604,57.427742,133.998066,-9360.722011
956.335231,114.855485,133.998066,-9360.722011
956.335859,38.285162,114.855485,-9418.149754
956.336486,76.570323,76.570323,-9379.864592
956.337113,153.140646,133.998066,-9399.007173
956.337740,95.712904,95.712904,-9399.007173
956.338368,76.570323,114.855485,-9418.149754
956.338995,153.140646,133.998066,-9399.007173
956.339622,76.570323,114.855485,-9418.149754
956.340249,76.570323,114.855485,-9418.149754
956.340877,76.570323,114.855485,-9418.149754
956.341504,133.998066,172.283227,-9418.149754
956.342131,76.570323,114.855485,-9360.722011
956.342759,95.712904,76.570323,-9379.864592
956.343386,95.712904,114.855485,-9418.149754
956.344013,76.570323,114.855485,-9418.149754
956.344640,95.712904,172.283227,-9437.292334
956.345268,153.140646,133.998066,-9437.292334
956.345895,133.998066,114.855485,-9494.720077
956.346522,76.570323,114.855485,-9418.149754
956.347149,76.570323,114.855485,-9456.434915
956.347777,133.998066,114.855485,-9360.722011
956.348404,76.570323,153.140646,-9437.292334
956.349031,95.712904,133.998066,-9360.722011
956.349658,95.712904,172.283227,-9418.149754
956.350286,57.427742,95.712904,-9399.007173
956.350913,38.285162,114.855485,-9418.149754
956.351540,19.142581,191.425808,-9418.149754
956.352167,95.712904,191.425808,-9437.292334
956.352795,76.570323,114.855485,-9456.434915
956.353422,19.142581,153.140646,-9456.434915
956.354049,57.427742,133.998066,-9341.579430
956.354677,57.427742,114.855485,-9418.149754
956.355304,76.570323,153.140646,-9418.149754
956.355931,38.285162,172.283227,-9418.149754
956.356558,133.998066,114.855485,-9418.149754
956.357186,76.570323,172.283227,-9418.149754
956.357813,133.998066,114.855485,-9418.149754
956.358440,95.712904,114.855485,-9379.864592
956.359067,38.285162,153.140646,-9418.149754
956.359695,153.140646,153.140646,-9399.007173
956.360322,114.855485,133.998066,-9360.722011
956.360949,76.570323,153.140646,-9418.149754
956.361576,57.427742,114.855485,-9494.720077
956.362204,76.570323,191.425808,-9437.292334
956.362831,210.568389,153.140646,-9399.007173
956.363458,76.570323,114.855485,-9418.149754
956.364085,153.140646,153.140646,-9399.007173
956.364713,153.140646,133.998066,-9399.007173
956.365340,76.570323,172.283227,-9418.149754
956.365967,133.998066,210.568389,-9418.149754
956.366595,133.998066,172.283227,-9437.292334
956.367222,114.855485,172.283227,-9437.292334
956.367849,95.712904,133.998066,-9360.722011
956.368476,38.285162,172.283227,-9418.149754
956.369104,133.998066,210.568389,-9418.149754
956.369731,76.570323,114.855485,-9418.149754
956.370358,114.855485,210.568389,-9418.149754
956.370985,133.998066,114.855485,-9418.149754
956.371613,95.712904,95.712904,-9418.149754
956.372240,76.570323,114.855485,-9418.149754
956.372867,38.285162,114.855485,-9418.149754
956.373494,76.570323,114.855485,-9418.149754
956.374122,38.285162,114.855485,-9456.434915
956.374749,76.570323,172.283227,-9418.149754
956.375376,133.998066,172.283227,-9418.149754
956.376003,133.998066,114.855485,-9418.149754
956.376631,76.570323,114.855485,-9418.149754
956.377258,95.712904,210.568389,-9494.720077
956.377885,57.427742,172.283227,-9418.149754
956.378513,76.570323,172.283227,-9418.149754
956.379140,153.140646,114.855485,-9418.149754
956.379767,153.140646,133.998066,-9379.864592
956.380394,153.140646,172.283227,-9399.007173
956.381022,38.285162,172.283227,-9418.149754
956.381649,76.570323,114.855485,-9475.577496
956.382276,38.285162,172.283227,-9418.149754
956.382903,76.570323,114.855485,-9418.149754
956.383531,76.570323,172.283227,-9418.149754
956.384158,76.570323,114.855485,-9418.149754
956.384785,153.140646,133.998066,-9456.434915
956.385412,133.998066,172.283227,-9418.149754
956.386040,38.285162,114.855485,-9456.434915
956.386667,95.712904,95.712904,-9399.007173
956.387294,133.998066,210.568389,-9437.292334
956.387921,133.998066,114.855485,-9437.292334
956.388549,133.998066,172.283227,-9399.007173
956.389176,38.285162,210.568389,-9418.149754
956.389803,76.570323,114.855485,-9437.292334
956.390431,133.998066,114.855485,-9418.149754
956.391058,76.570323,172.283227,-9418.149754
956.391685,133.998066,191.425808,-9399.007173
956.392312,76.570323,210.568389,-9418.149754
956.392940,76.570323,114.855485,-9437.292334
956.393567,133.998066,172.283227,-9418.149754
956.394194,133.998066,133.998066,-9399.007173
956.394821,57.427742,133.998066,-9360.722011
956.395449,38.285162,153.140646,-9437.292334
956.396076,133.998066,114.855485,-9418.149754
956.396703,95.712904,133.998066,-9360.722011
956.397330,133.998066,191.425808,-9399.007173
956.397958,95.712904,114.855485,-9418.149754
956.398585,133.998066,114.855485,-9418.149754
956.399212,153.140646,191.425808,-9437.292334
956.399839,76.570323,114.855485,-9475.577496
956.400467,76.570323,114.855485,-9418.149754
956.401094,95.712904,95.712904,-9399.007173
956.401721,76.570323,114.855485,-9456.434915
956.402349,76.570323,172.283227,-9418.149754
956.402976,95.712904,153.140646,-9437.292334
956.403603,133.998066,114.855485,-9418.149754
956.404231,133.998066,133.998066,-9399.007173
956.404858,57.427742,172.283227,-9360.722011
956.405485,76.570323,153.140646,-9360.722011
956.406113,95.712904,114.855485,-9418.149754
956.406740,57.427742,114.855485,-9418.149754
956.407367,133.998066,114.855485,-9437.292334
956.407994,133.998066,153.140646,-9399.007173
956.408622,76.570323,153.140646,-9418.149754
956.409249,133.998066,114.855485,-9418.149754
956.409876,133.998066,153.140646,-9437.292334
956.410504,172.283227,114.855485,-9379.864592
956.411131,114.855485,133.998066,-9360.722011
956.411758,114.855485,133.998066,-9360.722011
956.412386,133.998066,133.998066,-9399.007173
956.413013,133.998066,114.855485,-9418.149754
956.413640,76.570323,114.855485,-9418.149754
956.414268,133.998066,114.855485,-9418.149754
956.414895,133.998066,114.855485,-9418.149754
956.415522,76.570323,114.855485,-9418.149754
956.416150,95.712904,133.998066,-9341.579430
956.416777,133.998066,114.855485,-9418.149754
956.417404,95.712904,95.712904,-9399.007173
956.418032,133.998066,210.568389,-9418.149754
956.418659,38.285162,114.855485,-9437.292334
956.419286,38.285162,210.568389,-9418.149754
956.419913,38.285162,114.855485,-9418.149754
956.420541,133.998066,172.283227,-9418.149754
956.421168,153.140646,133.998066,-9456.434915
956.421795,153.140646,153.140646,-9399.007173
956.422423,76.570323,172.283227,-9418.149754
956.423050,38.285162,172.283227,-9418.149754
956.423677,76.570323,153.140646,-9418.149754
956.424305,76.570323,114.855485,-9418.149754
956.424932,133.998066,172.283227,-9475.577496
956.425559,76.570323,172.283227,-9437.292334
956.426187,95.712904,172.283227,-9418.149754
956.426814,76.570323,153.140646,-9494.720077
956.427441,76.570323,210.568389,-9456.434915
956.428069,133.998066,114.855485,-9418.149754
956.428696,95.712904,133.998066,-9360.722011
956.429323,133.998066,114.855485,-9418.149754
956.429950,133.998066,172.283227,-9360.722011
956.430578,153.140646,133.998066,-9399.007173
956.431205,76.570323,153.140646,-9456.434915
956.431832,57.427742,153.140646,-9418.149754
956.432460,114.855485,153.140646,-9360.722011
956.433087,133.998066,153.140646,-9418.149754
956.433714,133.998066,114.855485,-9418.149754
956.434342,76.570323,95.712904,-9399.007173
956.434969,57.427742,114.855485,-9418.149754
956.435596,38.285162,114.855485,-9418.149754
956.436224,114.855485,172.283227,-9360.722011
956.436851,95.712904,114.855485,-9418.149754
956.437478,76.570323,153.140646,-9418.149754
956.438106,76.570323,114.855485,-9418.149754
956.438733,38.285162,76.570323,-9399.007173
956.439360,133.998066,114.855485,-9418.149754
956.439988,133.998066,114.855485,-9418.149754
956.440615,95.712904,76.570323,-9341.579430
956.441242,95.712904,133.998066,-9360.722011
956.441869,95.712904,133.998066,-9360.722011
956.442497,133.998066,172.283227,-9418.149754
956.443124,38.285162,114.855485,-9418.149754
956.443751,95.712904,133.998066,-9341.579430
956.444379,95.712904,95.712904,-9399.007173
956.445006,76.570323,172.283227,-9418.149754
956.445633,76.570323,210.568389,-9418.149754
956.446261,133.998066,153.140646,-9418.149754
956.446888,76.570323,114.855485,-9418.149754
956.447515,76.570323,210.568389,-9418.149754
956.448143,153.140646,133.998066,-9399.007173
956.448770,57.427742,95.712904,-9399.007173
956.449397,57.427742,133.998066,-9360.722011
956.450025,38.285162,114.855485,-9418.149754
956.450652,133.998066,172.283227,-9418.149754
956.451279,153.140646,114.855485,-9418.149754
956.451907,133.998066,114.855485,-9418.149754
956.452534,114.855485,95.712904,-9399.007173
956.453161,114.855485,191.425808,-9360.722011
956.453788,76.570323,114.855485,-9437.292334
956.454416,133.998066,153.140646,-9399.007173
956.455043,38.285162,172.283227,-9418.149754
956.455670,153.140646,133.998066,-9399.007173
956.456298,76.570323,153.140646,-9437.292334
956.456925,153.140646,172.283227,-9437.292334
956.457552,133.998066,114.855485,-9418.149754
956.458180,133.998066,114.855485,-9418.149754
956.458807,76.570323,172.283227,-9418.149754
956.459434,133.998066,114.855485,-9418.149754
956.460062,38.285162,114.855485,-9360.722011
956.460689,133.998066,114.855485,-9418.149754
956.461316,76.570323,153.140646,-9418.149754
956.461944,76.570323,153.140646,-9437.292334
956.462571,38.285162,172.283227,-9418.149754
956.463198,95.712904,95.712904,-9379.864592
956.463826,95.712904,133.998066,-9360.722011
956.464453,76.570323,210.568389,-9418.149754
956.465080,76.570323,114.855485,-9456.434915
956.465707,133.998066,153.140646,-9437.292334
956.466335,114.855485,95.712904,-9456.434915
956.466962,133.998066,114.855485,-9437.292334
956.467589,57.427742,114.855485,-9418.149754
956.468217,76.570323,153.140646,-9418.149754
956.468844,76.570323,172.283227,-9418.149754
956.469471,76.570323,114.855485,-9418.149754
956.470099,76.570323,172.283227,-9418.149754
956.470726,76.570323,114.855485,-9418.149754
956.471353,76.570323,153.140646,-9360.722011
956.471981,76.570323,172.283227,-9360.722011
956.472608,38.285162,153.140646,-9418.149754
956.473235,76.570323,210.568389,-9418.149754
956.473863,114.855485,114.855485,-9399.007173
956.474490,133.998066,114.855485,-9418.149754
956.475117,114.855485,133.998066,-9360.722011
956.475744,76.570323,172.283227,-9437.292334
956.476372,95.712904,172.283227,-9456.434915
956.476999,95.712904,114.855485,-9418.149754
956.477626,38.285162,133.998066,-9360.722011
956.478254,114.855485,95.712904,-9399.007173
956.478881,153.140646,153.140646,-9399.007173
956.479508,76.570323,210.568389,-9418.149754
956.480136,76.570323,153.140646,-9418.149754
956.480763,76.570323,229.710970,-9418.149754
956.481390,38.285162,153.140646,-9418.149754
956.482018,133.998066,114.855485,-9360.722011
956.482645,76.570323,114.855485,-9418.149754
956.483272,76.570323,114.855485,-9418.149754
956.483900,114.855485,95.712904,-9399.007173
956.484527,133.998066,114.855485,-9418.149754
956.485154,133.998066,114.855485,-9360.722011
956.485782,76.570323,172.283227,-9418.149754
956.486409,38.285162,172.283227,-9360.722011
956.487036,38.285162,172.283227,-9418.149754
956.487663,95.712904,248.853550,-9360.722011
956.488291,114.855485,153.140646,-9360.722011
956.488918,76.570323,172.283227,-9456.434915
956.489545,57.427742,133.998066,-9360.722011
956.490173,76.570323,210.568389,-9418.149754
956.490800,114.855485,133.998066,-9360.722011
956.491427,95.712904,114.855485,-9418.149754
956.492055,95.712904,133.998066,-9360.722011
956.492682,133.998066,114.855485,-9456.434915
956.493309,133.998066,114.855485,-9418.149754
956.493937,76.570323,114.855485,-9418.149754
956.494564,76.570323,114.855485,-9418.149754
956.495191,133.998066,210.568389,-9437.292334
956.495819,133.998066,153.140646,-9399.007173
956.496446,153.140646,172.283227,-9399.007173
956.497073,114.855485,114.855485,-9379.864592
956.497701,76.570323,114.855485,-9418.149754
956.498328,114.855485,114.855485,-9379.864592
956.498955,76.570323,191.425808,-9437.292334
956.499582,57.427742,95.712904,-9437.292334
956.500210,76.570323,133.998066,-9360.722011
956.500837,95.712904,133.998066,-9360.722011
956.501464,76.570323,76.570323,-9379.864592
956.502092,57.427742,114.855485,-9418.149754
956.502719,95.712904,133.998066,-9360.722011
956.503347,133.998066,172.283227,-9418.149754
956.503974,153.140646,172.283227,-9399.007173
956.504602,133.998066,76.570323,-9379.864592
956.505229,76.570323,114.855485,-9418.149754
956.505856,38.285162,114.855485,-9418.149754
956.506484,114.855485,95.712904,-9399.007173
956.507111,133.998066,114.855485,-9418.149754
956.507739,95.712904,153.140646,-9360.722011
956.508366,133.998066,153.140646,-9399.007173
956.508994,114.855485,191.425808,-9322.436850
956.509621,133.998066,133.998066,-9399.007173
956.510248,133.998066,114.855485,-9418.149754
956.510876,95.712904,95.712904,-9399.007173
956.511503,133.998066,153.140646,-9418.149754
956.512131,114.855485,191.425808,-9360.722011
956.512758,114.855485,133.998066,-9360.722011
956.513385,76.570323,172.283227,-9418.149754
956.514013,76.570323,76.570323,-9379.864592
956.514640,57.427742,95.712904,-9399.007173
956.515268,95.712904,114.855485,-9418.149754
956.515895,133.998066,114.855485,-9418.149754
956.516523,133.998066,76.570323,-9379.864592
956.517150,57.427742,153.140646,-9456.434915
956.517777,133.998066,172.283227,-9418.149754
956.518405,153.140646,133.998066,-9399.007173
956.519032,210.568389,95.712904,-9360.722011
956.519660,133.998066,114.855485,-9437.292334
956.520287,76.570323,172.283227,-9418.149754
956.520915,95.712904,153.140646,-9418.149754
956.521542,95.712904,95.712904,-9399.007173
956.522169,114.855485,133.998066,-9418.149754
956.522797,114.855485,133.998066,-9360.722011
956.523424,95.712904,133.998066,-9360.722011
956.524052,76.570323,172.283227,-9360.722011
956.524679,76.570323,114.855485,-9418.149754
956.525307,133.998066,210.568389,-9418.149754
956.525934,76.570323,172.283227,-9418.149754
956.526561,133.998066,172.283227,-9418.149754
956.527189,76.570323,114.855485,-9418.149754
956.527816,76.570323,153.140646,-9418.149754
956.528444,133.998066,114.855485,-9418.149754
956.529071,38.285162,133.998066,-9360.722011
956.529699,114.855485,95.712904,-9399.007173
956.530326,133.998066,172.283227,-9418.149754
956.530953,76.570323,114.855485,-9475.577496
956.531581,76.570323,114.855485,-9418.149754
956.532208,133.998066,133.998066,-9399.007173
956.532836,76.570323,133.998066,-9399.007173
956.533463,38.285162,114.855485,-9418.149754
956.534090,57.427742,95.712904,-9399.007173
956.534718,76.570323,172.283227,-9418.149754
956.535345,76.570323,153.140646,-9418.149754
956.535973,133.998066,114.855485,-9418.149754
956.536600,114.855485,133.998066,-9360.722011
956.537228,95.712904,172.283227,-9418.149754
956.537855,95.712904,229.710970,-9418.149754
956.538482,114.855485,133.998066,-9418.149754
956.539110,114.855485,95.712904,-9399.007173
956.539737,114.855485,76.570323,-9418.149754
956.540365,133.998066,172.283227,-9360.722011
956.540992,133.998066,114.855485,-9418.149754
956.541620,114.855485,114.855485,-9456.434915
956.542247,95.712904,248.853550,-9360.722011
956.542874,133.998066,153.140646,-9418.149754
956.543502,133.998066,114.855485,-9418.149754
956.544129,95.712904,133.998066,-9360.722011
956.544757,57.427742,95.712904,-9399.007173
956.545384,76.570323,114.855485,-9418.149754
956.546012,76.570323,95.712904,-9399.007173
956.546639,95.712904,114.855485,-9418.149754
956.547266,133.998066,133.998066,-9379.864592
956.547894,153.140646,153.140646,-9418.149754
956.548521,76.570323,114.855485,-9456.434915
956.549149,76.570323,153.140646,-9456.434915
956.549776,95.712904,172.283227,-9437.292334
956.550404,95.712904,114.855485,-9418.149754
956.551031,57.427742,153.140646,-9360.722011
956.551658,133.998066,153.140646,-9418.149754
956.552286,133.998066,172.283227,-9399.007173
956.552913,133.998066,172.283227,-9437.292334
956.553541,76.570323,153.140646,-9456.434915
956.554168,76.570323,114.855485,-9418.149754
956.554796,95.712904,114.855485,-9418.149754
956.555423,95.712904,133.998066,-9360.722011
956.556050,114.855485,133.998066,-9360.722011
956.556678,76.570323,114.855485,-9437.292334
956.557305,76.570323,114.855485,-9418.149754
956.557933,133.998066,172.283227,-9437.292334
956.558560,133.998066,172.283227,-9418.149754
956.559187,38.285162,114.855485,-9418.149754
956.559815,76.570323,172.283227,-9418.149754
956.560442,57.427742,114.855485,-9418.149754
956.561070,95.712904,172.283227,-9418.149754
956.561697,95.712904,95.712904,-9399.007173
956.562325,57.427742,133.998066,-9360.722011
956.562952,95.712904,153.140646,-9418.149754
956.563579,133.998066,114.855485,-9437.292334
956.564207,76.570323,114.855485,-9418.149754
956.564834,76.570323,114.855485,-9437.292334
956.565462,95.712904,114.855485,-9418.149754
956.566089,76.570323,114.855485,-9418.149754
956.566717,114.855485,133.998066,-9360.722011
956.567344,133.998066,153.140646,-9418.149754
956.567971,153.140646,210.568389,-9399.007173
956.568599,76.570323,172.283227,-9418.149754
956.569226,76.570323,114.855485,-9418.149754
956.569854,133.998066,153.140646,-9418.149754
956.570481,133.998066,114.855485,-9418.149754
956.571109,95.712904,133.998066,-9360.722011
956.571736,76.570323,114.855485,-9456.434915
956.572363,133.998066,191.425808,-9418.149754
956.572991,76.570323,114.855485,-9418.149754
956.573618,38.285162,153.140646,-9418.149754
956.574246,76.570323,153.140646,-9418.149754
956.574873,76.570323,153.140646,-9418.149754
956.575501,76.570323,172.283227,-9418.149754
956.576128,153.140646,133.998066,-9399.007173
956.576755,38.285162,153.140646,-9418.149754
956.577383,172.283227,76.570323,-9418.149754
956.578010,76.570323,95.712904,-9399.007173
956.578638,114.855485,172.283227,-9360.722011
956.579265,133.998066,114.855485,-9418.149754
956.579893,76.570323,95.712904,-9437.292334
956.580520,114.855485,133.998066,-9360.722011
956.581147,95.712904,172.283227,-9437.292334
956.581775,76.570323,114.855485,-9418.149754
956.582402,114.855485,76.570323,-9437.292334
956.583030,114.855485,76.570323,-9418.149754
956.583657,57.427742,133.998066,-9360.722011
956.584284,38.285162,114.855485,-9418.149754
956.584912,38.285162,95.712904,-9418.149754
956.585539,133.998066,114.855485,-9418.149754
956.586167,95.712904,95.712904,-9399.007173
956.586794,76.570323,114.855485,-9418.149754
956.587422,114.855485,76.570323,-9418.149754
956.588049,95.712904,95.712904,-9437.292334
956.588676,76.570323,114.855485,-9418.149754
956.589304,133.998066,172.283227,-9418.149754
956.589931,38.285162,172.283227,-9418.149754
956.590559,133.998066,114.855485,-9418.149754
956.591186,76.570323,114.855485,-9418.149754
956.591814,95.712904,153.140646,-9360.722011
956.592441,133.998066,114.855485,-9418.149754
956.593068,133.998066,172.283227,-9437.292334
956.593696,133.998066,172.283227,-9399.007173
956.594323,76.570323,114.855485,-9418.149754
956.594951,153.140646,153.140646,-9418.149754
956.595578,114.855485,133.998066,-9360.722011
956.596206,133.998066,114.855485,-9418.149754
956.596833,133.998066,114.855485,-9418.149754
956.597460,133.998066,172.283227,-9418.149754
956.598088,153.140646,210.568389,-9418.149754
956.598715,153.140646,133.998066,-9399.007173
956.599343,76.570323,114.855485,-9418.149754
956.599970,76.570323,114.855485,-9418.149754
956.600598,76.570323,114.855485,-9418.149754
956.601225,57.427742,153.140646,-9418.149754
956.601852,38.285162,153.140646,-9418.149754
956.602480,38.285162,114.855485,-9437.292334
956.603107,133.998066,172.283227,-9418.149754
956.603734,133.998066,114.855485,-9418.149754
956.604361,133.998066,172.283227,-9418.149754
956.604988,133.998066,114.855485,-9418.149754
956.605615,114.855485,210.568389,-9360.722011
956.606242,76.570323,114.855485,-9456.434915
956.606869,57.427742,114.855485,-9494.720077
956.607496,133.998066,153.140646,-9418.149754
956.608124,38.285162,76.570323,-9322.436850
956.608751,114.855485,133.998066,-9360.722011
956.609378,95.712904,133.998066,-9360.722011
956.610005,133.998066,153.140646,-9418.149754
956.610632,95.712904,172.283227,-9360.722011
956.611259,114.855485,133.998066,-9456.434915
956.611886,38.285162,114.855485,-9456.434915
956.612513,76.570323,114.855485,-9418.149754
956.613141,76.570323,210.568389,-9418.149754
956.613768,153.140646,133.998066,-9399.007173
956.614395,76.570323,114.855485,-9418.149754
956.615022,133.998066,114.855485,-9418.149754
956.615649,95.712904,95.712904,-9475.577496
956.616276,114.855485,76.570323,-9418.149754
956.616903,133.998066,114.855485,-9456.434915
956.617530,133.998066,153.140646,-9418.149754
956.618158,95.712904,95.712904,-9437.292334
956.618785,76.570323,153.140646,-9418.149754
956.619412,133.998066,153.140646,-9418.149754
956.620039,95.712904,114.855485,-9494.720077
956.620666,153.140646,191.425808,-9399.007173
956.621293,76.570323,114.855485,-9418.149754
956.621920,76.570323,114.855485,-9418.149754
956.622547,133.998066,172.283227,-9418.149754
956.623175,76.570323,172.283227,-9360.722011
956.623802,133.998066,153.140646,-9418.149754
956.624429,133.998066,133.998066,-9399.007173
956.625056,114.855485,114.855485,-9399.007173
956.625683,133.998066,210.568389,-9437.292334
956.626310,95.712904,114.855485,-9456.434915
956.626937,153.140646,133.998066,-9456.434915
956.627564,76.570323,114.855485,-9418.149754
956.628192,76.570323,172.283227,-9418.149754
956.628819,76.570323,114.855485,-9418.149754
956.629446,153.140646,172.283227,-9399.007173
956.630073,133.998066,114.855485,-9418.149754
956.630700,76.570323,114.855485,-9418.149754
956.631327,133.998066,172.283227,-9399.007173
956.631954,38.285162,114.855485,-9418.149754
956.632581,95.712904,95.712904,-9399.007173
956.633209,133.998066,114.855485,-9533.005238
956.633836,95.712904,172.283227,-9456.434915
956.634463,133.998066,114.855485,-9456.434915
956.635090,114.855485,114.855485,-9379.864592
956.635717,76.570323,172.283227,-9437.292334
956.636344,95.712904,114.855485,-9418.149754
956.636971,133.998066,114.855485,-9437.292334
956.637598,38.285162,172.283227,-9418.149754
956.638226,19.142581,153.140646,-9437.292334
956.638853,38.285162,210.568389,-9475.577496
956.639480,95.712904,95.712904,-9399.007173
956.640107,76.570323,153.140646,-9418.149754
956.640734,76.570323,114.855485,-9418.149754
956.641361,133.998066,76.570323,-9379.864592
956.641988,76.570323,153.140646,-9360.722011
956.642615,76.570323,114.855485,-9418.149754
956.643242,76.570323,114.855485,-9418.149754
956.643870,76.570323,114.855485,-9418.149754
956.644497,76.570323,133.998066,-9418.149754
956.645124,95.712904,114.855485,-9418.149754
956.645751,76.570323,76.570323,-9379.864592
956.646378,57.427742,95.712904,-9399.007173
956.647005,76.570323,114.855485,-9418.149754
956.647632,76.570323,114.855485,-9418.149754
956.648259,133.998066,133.998066,-9399.007173
956.648887,57.427742,133.998066,-9360.722011
956.649514,38.285162,114.855485,-9437.292334
956.650141,76.570323,114.855485,-9418.149754
956.650768,57.427742,133.998066,-9360.722011
956.651395,38.285162,114.855485,-9360.722011
956.652022,76.570323,114.855485,-9418.149754
956.652649,76.570323,114.855485,-9418.149754
956.653276,38.285162,114.855485,-9418.149754
956.653904,76.570323,153.140646,-9418.149754
956.654531,95.712904,95.712904,-9399.007173
956.655158,95.712904,95.712904,-9437.292334
956.655785,76.570323,153.140646,-9418.149754
956.656412,76.570323,153.140646,-9437.292334
956.657039,95.712904,114.855485,-9418.149754
956.657666,57.427742,172.283227,-9360.722011
956.658293,76.570323,114.855485,-9418.149754
956.658921,172.283227,153.140646,-9379.864592
956.659548,114.855485,95.712904,-9399.007173
956.660175,95.712904,191.425808,-9418.149754
956.660802,19.142581,114.855485,-9418.149754
956.661429,133.998066,114.855485,-9360.722011
956.662056,38.285162,153.140646,-9418.149754
956.662683,133.998066,114.855485,-9456.434915
956.663310,153.140646,133.998066,-9399.007173
956.663938,76.570323,153.140646,-9418.149754
956.664565,76.570323,133.998066,-9399.007173
956.665192,95.712904,153.140646,-9418.149754
956.665819,76.570323,172.283227,-9360.722011
956.666446,76.570323,114.855485,-9418.149754
956.667073,133.998066,114.855485,-9437.292334
956.667700,133.998066,172.283227,-9418.149754
956.668327,114.855485,133.998066,-9360.722011
956.668955,114.855485,133.998066,-9360.722011
956.669582,133.998066,133.998066,-9399.007173
956.670209,95.712904,133.998066,-9360.722011
956.670836,38.285162,114.855485,-9418.149754
956.671463,133.998066,114.855485,-9437.292334
956.672090,76.570323,114.855485,-9437.292334
956.672717,153.140646,153.140646,-9399.007173
956.673344,172.283227,153.140646,-9379.864592
956.673972,95.712904,153.140646,-9360.722011
956.674599,114.855485,133.998066,-9360.722011
956.675226,95.712904,133.998066,-9360.722011
956.675853,95.712904,172.283227,-9360.722011
956.676480,38.285162,114.855485,-9418.149754
956.677107,76.570323,114.855485,-9437.292334
956.677734,76.570323,153.140646,-9418.149754
956.678361,95.712904,95.712904,-9399.007173
956.678989,76.570323,114.855485,-9418.149754
956.679616,57.427742,133.998066,-9360.722011
956.680243,153.140646,133.998066,-9399.007173
956.680870,210.568389,172.283227,-9399.007173
956.681497,172.283227,114.855485,-9379.864592
956.682124,114.855485,95.712904,-9399.007173
956.682751,153.140646,133.998066,-9456.434915
956.683378,76.570323,114.855485,-9475.577496
956.684005,38.285162,114.855485,-9456.434915
956.684633,133.998066,114.855485,-9418.149754
956.685260,76.570323,153.140646,-9418.149754
956.685887,95.712904,133.998066,-9341.579430
956.686514,133.998066,114.855485,-9418.149754
956.687141,133.998066,133.998066,-9456.434915
956.687768,133.998066,172.283227,-9418.149754
956.688395,95.712904,153.140646,-9360.722011
956.689022,114.855485,133.998066,-9360.722011
956.689650,76.570323,114.855485,-9418.149754
956.690277,76.570323,114.855485,-9418.149754
956.690904,57.427742,133.998066,-9360.722011
956.691531,38.285162,114.855485,-9456.434915
956.692158,57.427742,133.998066,-9360.722011
956.692785,95.712904,133.998066,-9360.722011
956.693412,153.140646,114.855485,-9418.149754
956.694039,133.998066,114.855485,-9360.722011
956.694667,172.283227,114.855485,-9379.864592
956.695294,133.998066,114.855485,-9437.292334
956.695921,133.998066,114.855485,-9418.149754
956.696548,133.998066,114.855485,-9418.149754
956.697175,133.998066,153.140646,-9418.149754
956.697802,153.140646,133.998066,-9399.007173
956.698429,76.570323,114.855485,-9437.292334
956.699056,76.570323,172.283227,-9418.149754
956.699684,95.712904,153.140646,-9418.149754
956.700311,95.712904,133.998066,-9360.722011
956.700938,76.570323,172.283227,-9418.149754
956.701565,57.427742,133.998066,-9360.722011
956.702192,133.998066,114.855485,-9475.577496
956.702819,133.998066,153.140646,-9399.007173
956.703447,133.998066,114.855485,-9418.149754
956.704074,114.855485,76.570323,-9418.149754
956.704701,95.712904,114.855485,-9418.149754
956.705329,133.998066,114.855485,-9418.149754
956.705956,76.570323,229.710970,-9456.434915
956.706583,76.570323,210.568389,-9418.149754
956.707210,76.570323,210.568389,-9437.292334
956.707838,76.570323,114.855485,-9418.149754
956.708465,95.712904,95.712904,-9399.007173
956.709092,133.998066,153.140646,-9399.007173
956.709720,95.712904,114.855485,-9437.292334
956.710347,133.998066,114.855485,-9456.434915
956.710974,76.570323,114.855485,-9418.149754
956.711602,133.998066,114.855485,-9418.149754
956.712229,57.427742,210.568389,-9418.149754
956.712856,57.427742,114.855485,-9418.149754
956.713483,133.998066,114.855485,-9418.149754
956.714111,114.855485,191.425808,-9360.722011
956.714738,19.142581,153.140646,-9418.149754
956.715365,95.712904,114.855485,-9418.149754
956.715993,133.998066,114.855485,-9418.149754
956.716620,76.570323,153.140646,-9437.292334
956.717247,76.570323,153.140646,-9456.434915
956.717875,76.570323,153.140646,-9418.149754
956.718502,133.998066,153.140646,-9437.292334
956.719129,133.998066,114.855485,-9437.292334
956.719756,153.140646,133.998066,-9399.007173
956.720384,133.998066,114.855485,-9418.149754
956.721011,76.570323,153.140646,-9360.722011
956.721638,133.998066,172.283227,-9418.149754
956.722266,133.998066,114.855485,-9418.149754
956.722893,38.285162,114.855485,-9437.292334
956.723520,95.712904,133.998066,-9360.722011
956.724148,133.998066,172.283227,-9418.149754
956.724775,133.998066,114.855485,-9418.149754
956.725402,114.855485,95.712904,-9399.007173
956.726029,133.998066,114.855485,-9418.149754
956.726657,172.283227,95.712904,-9379.864592
956.727284,76.570323,114.855485,-9418.149754
956.727911,95.712904,133.998066,-9360.722011
956.728539,133.998066,153.140646,-9418.149754
956.729166,133.998066,210.568389,-9418.149754
956.729793,76.570323,114.855485,-9418.149754
956.730421,76.570323,172.283227,-9418.149754
956.731048,76.570323,172.283227,-9418.149754
956.731675,133.998066,133.998066,-9399.007173
956.732302,133.998066,133.998066,-9399.007173
956.732930,76.570323,172.283227,-9437.292334
956.733557,153.140646,114.855485,-9418.149754
956.734184,133.998066,153.140646,-9399.007173
956.734812,76.570323,153.140646,-9418.149754
956.735439,114.855485,95.712904,-9399.007173
956.736066,153.140646,133.998066,-9399.007173
956.736694,133.998066,153.140646,-9418.149754
956.737321,210.568389,133.998066,-9399.007173
956.737948,153.140646,133.998066,-9399.007173
956.738575,133.998066,153.140646,-9418.149754
956.739203,133.998066,172.283227,-9399.007173
956.739830,133.998066,114.855485,-9418.149754
956.740457,76.570323,114.855485,-9360.722011
956.741085,172.283227,172.283227,-9360.722011
956.741712,76.570323,210.568389,-9418.149754
956.742339,57.427742,133.998066,-9360.722011
956.742967,114.855485,95.712904,-9399.007173
956.743594,133.998066,172.283227,-9418.149754
956.744221,153.140646,133.998066,-9399.007173
956.744848,172.283227,114.855485,-9379.864592
956.745476,172.283227,114.855485,-9379.864592
956.746103,153.140646,133.998066,-9399.007173
956.746730,133.998066,133.998066,-9456.434915
956.747358,76.570323,172.283227,-9418.149754
956.747985,76.570323,114.855485,-9418.149754
956.748612,133.998066,210.568389,-9456.434915
956.749240,133.998066,153.140646,-9418.149754
956.749867,133.998066,133.998066,-9456.434915
956.750494,133.998066,114.855485,-9475.577496
956.751122,76.570323,191.425808,-9418.149754
956.751749,95.712904,172.283227,-9360.722011
956.752376,76.570323,114.855485,-9418.149754
956.753003,57.427742,133.998066,-9360.722011
956.753631,114.855485,114.855485,-9399.007173
956.754258,133.998066,114.855485,-9437.292334
956.754885,76.570323,114.855485,-9418.149754
956.755513,133.998066,114.855485,-9418.149754
956.756140,114.855485,95.712904,-9399.007173
956.756767,38.285162,153.140646,-9341.579430
956.757395,133.998066,153.140646,-9360.722011
956.758022,95.712904,133.998066,-9360.722011
956.758649,38.285162,172.283227,-9418.149754
956.759276,133.998066,172.283227,-9418.149754
956.759904,38.285162,210.568389,-9418.149754
956.760531,114.855485,114.855485,-9379.864592
956.761158,114.855485,133.998066,-9360.722011
956.761786,38.285162,172.283227,-9437.292334
956.762413,76.570323,114.855485,-9418.149754
956.763040,95.712904,76.570323,-9322.436850
956.763668,133.998066,133.998066,-9399.007173
956.764295,114.855485,172.283227,-9399.007173
956.764922,114.855485,133.998066,-9360.722011
956.765549,133.998066,114.855485,-9418.149754
956.766177,153.140646,133.998066,-9399.007173
956.766804,153.140646,248.853550,-9456.434915
956.767431,76.570323,229.710970,-9418.149754
956.768059,153.140646,133.998066,-9399.007173
956.768686,76.570323,114.855485,-9418.149754
956.769313,95.712904,95.712904,-9399.007173
956.769941,95.712904,191.425808,-9360.722011
956.770568,76.570323,172.283227,-9437.292334
956.771195,153.140646,172.283227,-9399.007173
956.771822,153.140646,191.425808,-9399.007173
956.772450,95.712904,114.855485,-9418.149754
956.773077,133.998066,76.570323,-9379.864592
956.773704,38.285162,172.283227,-9437.292334
956.774332,133.998066,114.855485,-9418.149754
956.774959,95.712904,114.855485,-9475.577496
956.775586,76.570323,114.855485,-9494.720077
956.776214,76.570323,229.710970,-9418.149754
956.776841,133.998066,114.855485,-9418.149754
956.777468,76.570323,114.855485,-9418.149754
956.778095,153.140646,133.998066,-9437.292334
956.778723,95.712904,95.712904,-9399.007173
956.779350,76.570323,210.568389,-9418.149754
956.779977,153.140646,153.140646,-9456.434915
956.780605,76.570323,114.855485,-9437.292334
956.781232,76.570323,153.140646,-9437.292334
956.781859,76.570323,114.855485,-9418.149754
956.782487,76.570323,114.855485,-9418.149754
956.783114,114.855485,133.998066,-9341.579430
956.783741,153.140646,153.140646,-9456.434915
956.784368,95.712904,210.568389,-9437.292334
956.784996,133.998066,114.855485,-9418.149754
956.785623,114.855485,133.998066,-9341.579430
956.786250,76.570323,114.855485,-9360.722011
956.786878,57.427742,95.712904,-9456.434915
956.787505,114.855485,133.998066,-9360.722011
956.788132,76.570323,210.568389,-9418.149754
956.788760,95.712904,133.998066,-9360.722011
956.789387,133.998066,133.998066,-9399.007173
956.790014,133.998066,153.140646,-9418.149754
956.790641,76.570323,114.855485,-9418.149754
956.791269,76.570323,114.855485,-9418.149754
956.791896,133.998066,210.568389,-9418.149754
956.792523,76.570323,114.855485,-9418.149754
956.793151,76.570323,133.998066,-9360.722011
956.793778,153.140646,172.283227,-9399.007173
956.794405,76.570323,114.855485,-9418.149754
956.795033,76.570323,114.855485,-9437.292334
956.795660,76.570323,153.140646,-9418.149754
956.796287,133.998066,95.712904,-9418.149754
956.796914,133.998066,114.855485,-9418.149754
956.797542,38.285162,114.855485,-9418.149754
956.798169,38.285162,172.283227,-9418.149754
956.798796,76.570323,114.855485,-9418.149754
956.799424,76.570323,210.568389,-9418.149754
956.800051,38.285162,114.855485,-9456.434915
956.800678,95.712904,172.283227,-9418.149754
956.801306,133.998066,210.568389,-9418.149754
956.801933,114.855485,153.140646,-9360.722011
956.802560,38.285162,210.568389,-9418.149754
956.803188,133.998066,114.855485,-9418.149754
956.803815,76.570323,153.140646,-9418.149754
956.804442,76.570323,114.855485,-9437.292334
956.805070,76.570323,229.710970,-9418.149754
956.805697,76.570323,114.855485,-9418.149754
956.806325,76.570323,114.855485,-9418.149754
956.806952,76.570323,153.140646,-9418.149754
956.807579,133.998066,114.855485,-9418.149754
956.808207,153.140646,133.998066,-9456.434915
956.808834,95.712904,210.568389,-9360.722011
956.809461,133.998066,153.140646,-9399.007173
956.810089,95.712904,133.998066,-9360.722011
956.810716,133.998066,210.568389,-9418.149754
956.811344,76.570323,114.855485,-9418.149754
956.811971,76.570323,114.855485,-9418.149754
956.812598,38.285162,114.855485,-9437.292334
956.813226,133.998066,172.283227,-9418.149754
956.813853,95.712904,210.568389,-9418.149754
956.814481,114.855485,172.283227,-9360.722011
956.815108,114.855485,248.853550,-9360.722011
956.815735,133.998066,172.283227,-9418.149754
956.816363,133.998066,114.855485,-9418.149754
956.816990,172.283227,76.570323,-9418.149754
956.817618,76.570323,153.140646,-9456.434915
956.818245,76.570323,229.710970,-9437.292334
956.818872,57.427742,133.998066,-9360.722011
956.819500,95.712904,133.998066,-9360.722011
956.820127,133.998066,114.855485,-9437.292334
956.820755,133.998066,114.855485,-9456.434915
956.821382,57.427742,76.570323,-9475.577496
956.822009,38.285162,114.855485,-9418.149754
956.822637,95.712904,114.855485,-9437.292334
956.823264,153.140646,191.425808,-9399.007173
956.823892,133.998066,114.855485,-9456.434915
956.824519,153.140646,191.425808,-9399.007173
956.825146,133.998066,172.283227,-9418.149754
956.825774,133.998066,191.425808,-9418.149754
956.826401,114.855485,248.853550,-9360.722011
956.827029,133.998066,229.710970,-9418.149754
956.827656,38.285162,172.283227,-9418.149754
956.828283,133.998066,114.855485,-9418.149754
956.828911,57.427742,133.998066,-9360.722011
956.829538,153.140646,172.283227,-9399.007173
956.830166,133.998066,153.140646,-9399.007173
956.830793,133.998066,114.855485,-9418.149754
956.831420,133.998066,114.855485,-9418.149754
956.832048,95.712904,114.855485,-9399.007173
956.832675,76.570323,210.568389,-9437.292334
956.833302,76.570323,114.855485,-9418.149754
956.833930,38.285162,114.855485,-9437.292334
956.834557,133.998066,153.140646,-9418.149754
956.835185,133.998066,114.855485,-9418.149754
956.835812,172.283227,76.570323,-9418.149754
956.836439,95.712904,95.712904,-9399.007173
956.837067,76.570323,114.855485,-9418.149754
956.837694,95.712904,95.712904,-9399.007173
956.838322,114.855485,76.570323,-9437.292334
956.838949,38.285162,114.855485,-9456.434915
956.839576,76.570323,114.855485,-9418.149754
956.840204,114.855485,95.712904,-9399.007173
956.840831,114.855485,133.998066,-9360.722011
956.841459,133.998066,114.855485,-9437.292334
956.842086,133.998066,114.855485,-9418.149754
956.842713,133.998066,114.855485,-9418.149754
956.843341,153.140646,153.140646,-9456.434915
956.843968,133.998066,114.855485,-9418.149754
956.844596,153.140646,133.998066,-9437.292334
956.845223,114.855485,172.283227,-9360.722011
956.845850,133.998066,153.140646,-9437.292334
956.846478,133.998066,153.140646,-9399.007173
956.847105,95.712904,95.712904,-9379.864592
956.847733,114.855485,95.712904,-9399.007173
956.848360,76.570323,172.283227,-9418.149754
956.848987,153.140646,191.425808,-9399.007173
956.849615,76.570323,210.568389,-9437.292334
956.850242,76.570323,153.140646,-9418.149754
956.850870,19.142581,172.283227,-9399.007173
956.851497,133.998066,172.283227,-9418.149754
956.852124,95.712904,172.283227,-9418.149754
956.852752,133.998066,172.283227,-9456.434915
956.853379,57.427742,114.855485,-9418.149754
956.854007,57.427742,172.283227,-9418.149754
956.854634,76.570323,172.283227,-9418.149754
956.855261,76.570323,114.855485,-9418.149754
956.855889,76.570323,153.140646,-9456.434915
956.856516,38.285162,210.568389,-9418.149754
956.857143,76.570323,172.283227,-9418.149754
956.857771,133.998066,114.855485,-9456.434915
956.858398,76.570323,172.283227,-9418.149754
956.859026,133.998066,153.140646,-9360.722011
956.859653,133.998066,172.283227,-9418.149754
956.860280,153.140646,133.998066,-9399.007173
956.860908,76.570323,114.855485,-9437.292334
956.861535,114.855485,133.998066,-9360.722011
956.862163,133.998066,172.283227,-9418.149754
956.862790,133.998066,153.140646,-9418.149754
956.863417,133.998066,172.283227,-9418.149754
956.864045,76.570323,114.855485,-9418.149754
956.864672,95.712904,172.283227,-9360.722011
956.865300,95.712904,114.855485,-9418.149754
956.865927,57.427742,133.998066,-9360.722011
956.866554,76.570323,114.855485,-9418.149754
956.867182,95.712904,210.568389,-9418.149754
956.867809,133.998066,153.140646,-9437.292334
956.868437,95.712904,95.712904,-9437.292334
956.869064,114.855485,95.712904,-9437.292334
956.869691,133.998066,172.283227,-9418.149754
956.870319,133.998066,114.855485,-9418.149754
956.870946,38.285162,114.855485,-9418.149754
956.871574,95.712904,133.998066,-9360.722011
956.872201,76.570323,210.568389,-9418.149754
956.872828,95.712904,95.712904,-9399.007173
956.873456,133.998066,153.140646,-9418.149754
956.874083,76.570323,114.855485,-9418.149754
956.874711,133.998066,114.855485,-9418.149754
956.875338,153.140646,172.283227,-9399.007173
956.875965,133.998066,172.283227,-9399.007173
956.876593,76.570323,153.140646,-9418.149754
956.877220,76.570323,172.283227,-9418.149754
956.877848,38.285162,114.855485,-9418.149754
956.878475,38.285162,153.140646,-9418.149754
956.879102,57.427742,133.998066,-9360.722011
956.879730,133.998066,76.570323,-9379.864592
956.880357,38.285162,172.283227,-9418.149754
956.880984,133.998066,172.283227,-9418.149754
956.881612,76.570323,114.855485,-9437.292334
956.882239,76.570323,114.855485,-9475.577496
956.882867,76.570323,114.855485,-9418.149754
956.883494,95.712904,95.712904,-9399.007173
956.884121,76.570323,153.140646,-9418.149754
956.884749,133.998066,114.855485,-9418.149754
956.885376,133.998066,172.283227,-9418.149754
956.886004,114.855485,133.998066,-9418.149754
956.886631,76.570323,153.140646,-9456.434915
956.887258,76.570323,210.568389,-9418.149754
956.887886,133.998066,172.283227,-9418.149754
956.888513,38.285162,153.140646,-9437.292334
956.889141,133.998066,172.283227,-9418.149754
956.889768,76.570323,133.998066,-9418.149754
956.890395,153.140646,133.998066,-9399.007173
956.891023,172.283227,114.855485,-9379.864592
956.891650,76.570323,114.855485,-9437.292334
956.892278,95.712904,95.712904,-9399.007173
956.892905,76.570323,114.855485,-9418.149754
956.893532,133.998066,133.998066,-9399.007173
956.894160,76.570323,114.855485,-9418.149754
956.894787,114.855485,172.283227,-9360.722011
956.895415,95.712904,95.712904,-9399.007173
956.896042,133.998066,114.855485,-9418.149754
956.896669,133.998066,172.283227,-9418.149754
956.897297,172.283227,172.283227,-9379.864592
956.897924,57.427742,172.283227,-9360.722011
956.898552,133.998066,114.855485,-9418.149754
956.899179,133.998066,172.283227,-9418.149754
956.899806,133.998066,114.855485,-9418.149754
956.900434,76.570323,114.855485,-9360.722011
956.901061,76.570323,114.855485,-9418.149754
956.901689,76.570323,114.855485,-9418.149754
956.902316,38.285162,114.855485,-9418.149754
956.902943,133.998066,114.855485,-9360.722011
956.903571,76.570323,114.855485,-9418.149754
956.904198,38.285162,153.140646,-9418.149754
956.904825,76.570323,153.140646,-9437.292334
956.905453,133.998066,114.855485,-9418.149754
956.906080,76.570323,191.425808,-9360.722011
956.906707,76.570323,114.855485,-9418.149754
956.907335,76.570323,210.568389,-9418.149754
956.907962,76.570323,114.855485,-9418.149754
956.908589,95.712904,114.855485,-9418.149754
956.909217,114.855485,95.712904,-9399.007173
956.909844,38.285162,114.855485,-9418.149754
956.910471,76.570323,210.568389,-9418.149754
956.911099,38.285162,172.283227,-9418.149754
956.911726,133.998066,114.855485,-9418.149754
956.912354,76.570323,114.855485,-9418.149754
956.912981,76.570323,114.855485,-9418.149754
956.913608,95.712904,114.855485,-9418.149754
956.914236,57.427742,133.998066,-9418.149754
956.914863,95.712904,114.855485,-9418.149754
956.915490,38.285162,172.283227,-9418.149754
956.916118,38.285162,153.140646,-9418.149754
956.916745,57.427742,95.712904,-9399.007173
956.917372,133.998066,114.855485,-9456.434915
956.918000,76.570323,172.283227,-9418.149754
956.918627,210.568389,172.283227,-9494.720077
956.919254,76.570323,114.855485,-9418.149754
956.919882,57.427742,114.855485,-9418.149754
956.920509,95.712904,133.998066,-9418.149754
956.921136,133.998066,191.425808,-9418.149754
956.921764,76.570323,133.998066,-9360.722011
956.922391,38.285162,210.568389,-9418.149754
956.923018,76.570323,114.855485,-9475.577496
956.923646,133.998066,114.855485,-9418.149754
956.924273,76.570323,133.998066,-9360.722011
956.924900,76.570323,114.855485,-9418.149754
956.925528,0.000000,191.425808,-9360.722011
956.926155,76.570323,114.855485,-9418.149754
956.926783,133.998066,172.283227,-9399.007173
956.927410,95.712904,133.998066,-9360.722011
956.928037,76.570323,114.855485,-9418.149754
956.928665,133.998066,114.855485,-9418.149754
956.929292,95.712904,95.712904,-9437.292334
956.929919,95.712904,133.998066,-9360.722011
956.930547,114.855485,133.998066,-9360.722011
956.931174,133.998066,114.855485,-9418.149754
956.931801,133.998066,191.425808,-9399.007173
956.932429,114.855485,191.425808,-9360.722011
956.933056,76.570323,172.283227,-9418.149754
956.933683,76.570323,114.855485,-9418.149754
956.934311,38.285162,172.283227,-9418.149754
956.934938,76.570323,114.855485,-9456.434915
956.935565,38.285162,114.855485,-9360.722011
956.936193,76.570323,191.425808,-9360.722011
956.936820,95.712904,95.712904,-9399.007173
956.937447,57.427742,114.855485,-9399.007173
956.938075,133.998066,114.855485,-9437.292334
956.938702,133.998066,153.140646,-9418.149754
956.939330,76.570323,210.568389,-9418.149754
956.939957,95.712904,210.568389,-9418.149754
956.940584,133.998066,153.140646,-9399.007173
956.941212,38.285162,114.855485,-9418.149754
956.941839,76.570323,76.570323,-9379.864592
956.942466,133.998066,114.855485,-9418.149754
956.943094,114.855485,95.712904,-9437.292334
956.943721,153.140646,172.283227,-9418.149754
956.944348,95.712904,133.998066,-9360.722011
956.944976,76.570323,114.855485,-9418.149754
956.945603,153.140646,133.998066,-9399.007173
956.946230,76.570323,210.568389,-9437.292334
956.946858,76.570323,133.998066,-9399.007173
956.947485,133.998066,114.855485,-9360.722011
956.948112,57.427742,248.853550,-9360.722011
956.948740,133.998066,114.855485,-9418.149754
956.949367,76.570323,114.855485,-9418.149754
956.949994,133.998066,133.998066,-9399.007173
956.950622,76.570323,95.712904,-9399.007173
956.951249,153.140646,133.998066,-9399.007173
956.951876,76.570323,114.855485,-9437.292334
956.952504,133.998066,172.283227,-9418.149754
956.953131,153.140646,153.140646,-9399.007173
956.953759,114.855485,172.283227,-9360.722011
956.954386,114.855485,172.283227,-9360.722011
956.955013,95.712904,191.425808,-9418.149754
956.955641,153.140646,191.425808,-9437.292334
956.956268,76.570323,210.568389,-9437.292334
956.956895,38.285162,114.855485,-9418.149754
956.957523,76.570323,210.568389,-9456.434915
956.958150,76.570323,153.140646,-9418.149754
956.958777,114.855485,114.855485,-9456.434915
956.959405,133.998066,114.855485,-9437.292334
956.960032,153.140646,191.425808,-9379.864592
956.960659,38.285162,153.140646,-9418.149754
956.961287,38.285162,114.855485,-9418.149754
956.961914,95.712904,114.855485,-9418.149754
956.962541,76.570323,114.855485,-9418.149754
956.963169,95.712904,153.140646,-9418.149754
956.963796,114.855485,133.998066,-9360.722011
956.964423,191.425808,114.855485,-9379.864592
956.965051,153.140646,133.998066,-9456.434915
956.965678,133.998066,153.140646,-9418.149754
956.966305,76.570323,172.283227,-9437.292334
956.966933,133.998066,172.283227,-9437.292334
956.967560,95.712904,114.855485,-9418.149754
956.968188,133.998066,172.283227,-9418.149754
956.968815,133.998066,172.283227,-9418.149754
956.969442,95.712904,114.855485,-9418.149754
956.970070,76.570323,114.855485,-9418.149754
956.970697,76.570323,114.855485,-9456.434915
956.971324,133.998066,114.855485,-9418.149754
956.971952,133.998066,153.140646,-9418.149754
956.972579,95.712904,114.855485,-9418.149754
956.973206,76.570323,172.283227,-9360.722011
956.973834,38.285162,153.140646,-9360.722011
956.974461,133.998066,172.283227,-9418.149754
956.975088,133.998066,114.855485,-9456.434915
956.975716,76.570323,114.855485,-9418.149754
956.976343,76.570323,114.855485,-9418.149754
956.976970,153.140646,172.283227,-9399.007173
956.977598,114.855485,95.712904,-9437.292334
956.978225,76.570323,133.998066,-9360.722011
956.978852,133.998066,114.855485,-9360.722011
956.979480,95.712904,133.998066,-9360.722011
956.980107,57.427742,172.283227,-9360.722011
956.980735,38.285162,153.140646,-9437.292334
956.981362,133.998066,114.855485,-9418.149754
956.981989,133.998066,133.998066,-9399.007173
956.982617,114.855485,95.712904,-9399.007173
956.983244,133.998066,114.855485,-9418.149754
956.983871,57.427742,133.998066,-9360.722011
956.984499,114.855485,210.568389,-9399.007173
956.985126,76.570323,95.712904,-9399.007173
956.985753,114.855485,114.855485,-9456.434915
956.986381,76.570323,114.855485,-9418.149754
956.987008,133.998066,172.283227,-9418.149754
956.987635,76.570323,172.283227,-9418.149754
956.988263,133.998066,114.855485,-9418.149754
956.988890,133.998066,114.855485,-9418.149754
956.989517,38.285162,114.855485,-9418.149754
956.990145,172.283227,210.568389,-9360.722011
956.990772,76.570323,114.855485,-9418.149754
956.991399,76.570323,153.140646,-9418.149754
956.992027,95.712904,95.712904,-9399.007173
956.992654,133.998066,114.855485,-9418.149754
956.993281,133.998066,114.855485,-9437.292334
956.993909,133.998066,114.855485,-9418.149754
956.994536,95.712904,191.425808,-9341.579430
956.995164,153.140646,153.140646,-9399.007173
956.995791,114.855485,95.712904,-9379.864592
956.996418,133.998066,114.855485,-9418.149754
956.997046,76.570323,114.855485,-9418.149754
956.997673,76.570323,114.855485,-9418.149754
956.998300,114.855485,133.998066,-9360.722011
956.998928,133.998066,114.855485,-9418.149754
956.999555,95.712904,153.140646,-9360.722011
957.000182,133.998066,114.855485,-9418.149754
957.000810,133.998066,114.855485,-9418.149754
957.001437,76.570323,172.283227,-9418.149754
957.002064,57.427742,191.425808,-9360.722011
957.002692,76.570323,114.855485,-9418.149754
957.003319,76.570323,114.855485,-9418.149754
957.003947,133.998066,114.855485,-9418.149754
957.004574,95.712904,133.998066,-9360.722011
957.005202,38.285162,172.283227,-9437.292334
957.005830,76.570323,114.855485,-9418.149754
957.006457,114.855485,95.712904,-9437.292334
957.007085,76.570323,95.712904,-9399.007173
957.007713,76.570323,210.568389,-9418.149754
957.008340,95.712904,172.283227,-9456.434915
957.008968,57.427742,172.283227,-9360.722011
957.009596,76.570323,114.855485,-9418.149754
957.010223,38.285162,210.568389,-9418.149754
957.010851,153.140646,133.998066,-9399.007173
957.011479,38.285162,114.855485,-9418.149754
957.012106,153.140646,133.998066,-9399.007173
957.012734,133.998066,172.283227,-9494.720077
957.013362,76.570323,153.140646,-9456.434915
957.013989,76.570323,172.283227,-9456.434915
957.014617,57.427742,133.998066,-9360.722011
957.015245,133.998066,133.998066,-9399.007173
957.015872,95.712904,114.855485,-9418.149754
957.016500,133.998066,172.283227,-9418.149754
957.017128,133.998066,133.998066,-9399.007173
957.017755,57.427742,95.712904,-9399.007173
957.018383,38.285162,114.855485,-9456.434915
957.019011,76.570323,114.855485,-9418.149754
957.019638,76.570323,114.855485,-9456.434915
957.020266,133.998066,114.855485,-9418.149754
957.020894,133.998066,114.855485,-9418.149754
957.021521,114.855485,133.998066,-9360.722011
957.022149,133.998066,114.855485,-9360.722011
957.022777,133.998066,153.140646,-9399.007173
957.023404,76.570323,114.855485,-9418.149754
957.024032,114.855485,133.998066,-9360.722011
957.024660,133.998066,114.855485,-9456.434915
957.025287,76.570323,114.855485,-9418.149754
957.025915,76.570323,153.140646,-9418.149754
957.026543,133.998066,210.568389,-9418.149754
957.027170,133.998066,210.568389,-9437.292334
957.027798,76.570323,114.855485,-9360.722011
957.028426,133.998066,153.140646,-9399.007173
957.029053,133.998066,191.425808,-9456.434915
957.029681,114.855485,114.855485,-9399.007173
957.030309,95.712904,114.855485,-9418.149754
957.030936,133.998066,172.283227,-9418.149754
957.031564,133.998066,114.855485,-9437.292334
957.032191,114.855485,133.998066,-9418.149754
957.032819,133.998066,114.855485,-9418.149754
957.033447,95.712904,133.998066,-9360.722011
957.034074,38.285162,172.283227,-9418.149754
957.034702,76.570323,114.855485,-9418.149754
957.035330,133.998066,114.855485,-9418.149754
957.035957,114.855485,210.568389,-9379.864592
957.036585,133.998066,153.140646,-9418.149754
957.037213,76.570323,114.855485,-9418.149754
957.037840,133.998066,114.855485,-9418.149754
957.038468,95.712904,172.283227,-9418.149754
957.039096,76.570323,114.855485,-9456.434915
957.039723,133.998066,153.140646,-9418.149754
957.040351,38.285162,172.283227,-9475.577496
957.040979,76.570323,153.140646,-9437.292334
957.041606,76.570323,114.855485,-9418.149754
957.042234,95.712904,95.712904,-9399.007173
957.042862,133.998066,172.283227,-9399.007173
957.043489,153.140646,133.998066,-9399.007173
957.044117,76.570323,153.140646,-9418.149754
957.044745,38.285162,114.855485,-9418.149754
957.045372,76.570323,153.140646,-9418.149754
957.046000,114.855485,76.570323,-9418.149754
957.046628,133.998066,133.998066,-9399.007173
957.047255,76.570323,153.140646,-9418.149754
957.047883,95.712904,210.568389,-9437.292334
957.048511,76.570323,114.855485,-9456.434915
957.049138,76.570323,114.855485,-9418.149754
957.049766,133.998066,133.998066,-9399.007173
957.050394,76.570323,114.855485,-9418.149754
957.051021,76.570323,114.855485,-9418.149754
957.051649,95.712904,133.998066,-9360.722011
957.052277,38.285162,114.855485,-9418.149754
957.052904,133.998066,114.855485,-9418.149754
957.053532,38.285162,114.855485,-9418.149754
957.054160,133.998066,210.568389,-9456.434915
957.054787,76.570323,210.568389,-9418.149754
957.055415,76.570323,191.425808,-9418.149754
957.056043,133.998066,153.140646,-9399.007173
957.056670,133.998066,133.998066,-9399.007173
957.057298,76.570323,114.855485,-9418.149754
957.057926,38.285162,76.570323,-9379.864592
957.058553,76.570323,95.712904,-9399.007173
957.059181,38.285162,114.855485,-9437.292334
957.059809,172.283227,133.998066,-9360.722011
957.060436,114.855485,95.712904,-9437.292334
957.061064,133.998066,153.140646,-9437.292334
957.061692,133.998066,210.568389,-9399.007173
957.062319,38.285162,153.140646,-9418.149754
957.062947,210.568389,133.998066,-9399.007173
957.063575,76.570323,114.855485,-9456.434915
957.064202,76.570323,114.855485,-9418.149754
957.064830,114.855485,133.998066,-9360.722011
957.065458,133.998066,172.283227,-9456.434915
957.066085,172.283227,114.855485,-9379.864592
957.066713,114.855485,95.712904,-9399.007173
957.067341,76.570323,114.855485,-9437.292334
957.067968,76.570323,172.283227,-9418.149754
957.068596,133.998066,114.855485,-9418.149754
957.069224,76.570323,95.712904,-9456.434915
957.069851,76.570323,114.855485,-9418.149754
957.070479,76.570323,172.283227,-9418.149754
957.071107,76.570323,114.855485,-9418.149754
957.071734,133.998066,172.283227,-9418.149754
957.072362,76.570323,191.425808,-9418.149754
957.072990,76.570323,114.855485,-9418.149754
957.073617,133.998066,153.140646,-9456.434915
957.074245,38.285162,153.140646,-9418.149754
957.074872,76.570323,114.855485,-9418.149754
957.075500,76.570323,153.140646,-9437.292334
957.076128,95.712904,95.712904,-9437.292334
957.076755,38.285162,153.140646,-9418.149754
957.077383,153.140646,153.140646,-9399.007173
957.078011,76.570323,153.140646,-9418.149754
957.078638,76.570323,114.855485,-9418.149754
957.079266,19.142581,114.855485,-9494.720077
957.079894,76.570323,76.570323,-9379.864592
957.080521,76.570323,114.855485,-9456.434915
957.081149,133.998066,153.140646,-9437.292334
957.081777,95.712904,95.712904,-9399.007173
957.082404,114.855485,133.998066,-9322.436850
957.083032,133.998066,114.855485,-9456.434915
957.083660,133.998066,114.855485,-9418.149754
957.084287,133.998066,133.998066,-9437.292334
957.084915,114.855485,95.712904,-9399.007173
957.085543,76.570323,114.855485,-9494.720077
957.086170,76.570323,114.855485,-9456.434915
957.086798,57.427742,114.855485,-9418.149754
957.087426,95.712904,95.712904,-9399.007173
957.088053,38.285162,114.855485,-9494.720077
957.088681,57.427742,114.855485,-9418.149754
957.089309,38.285162,114.855485,-9418.149754
957.089936,76.570323,114.855485,-9418.149754
957.090564,76.570323,114.855485,-9418.149754
957.091192,76.570323,153.140646,-9418.149754
957.091819,133.998066,95.712904,-9399.007173
957.092447,133.998066,114.855485,-9456.434915
957.093075,76.570323,95.712904,-9399.007173
957.093702,133.998066,114.855485,-9418.149754
957.094330,133.998066,210.568389,-9360.722011
957.094958,114.855485,133.998066,-9360.722011
957.095585,95.712904,153.140646,-9360.722011
957.096213,133.998066,133.998066,-9399.007173
957.096841,114.855485,95.712904,-9399.007173
957.097468,76.570323,172.283227,-9418.149754
957.098096,38.285162,114.855485,-9418.149754
957.098724,38.285162,210.568389,-9360.722011
957.099351,210.568389,133.998066,-9399.007173
957.099979,133.998066,114.855485,-9456.434915
957.100607,76.570323,114.855485,-9418.149754
957.101234,76.570323,114.855485,-9456.434915
957.101862,133.998066,191.425808,-9418.149754
957.102490,133.998066,114.855485,-9418.149754
957.103117,95.712904,210.568389,-9437.292334
957.103745,153.140646,133.998066,-9399.007173
957.104372,38.285162,172.283227,-9456.434915
957.105000,95.712904,172.283227,-9360.722011
957.105628,76.570323,114.855485,-9418.149754
957.106255,57.427742,133.998066,-9360.722011
957.106883,76.570323,114.855485,-9437.292334
957.107510,133.998066,114.855485,-9418.149754
957.108138,114.855485,133.998066,-9360.722011
957.108765,76.570323,114.855485,-9437.292334
957.109393,76.570323,153.140646,-9418.149754
957.110020,76.570323,76.570323,-9379.864592
957.110648,133.998066,114.855485,-9418.149754
957.111276,38.285162,114.855485,-9418.149754
957.111903,153.140646,248.853550,-9456.434915
957.112531,133.998066,172.283227,-9475.577496
957.113158,76.570323,114.855485,-9418.149754
957.113786,95.712904,153.140646,-9360.722011
957.114413,76.570323,114.855485,-9418.149754
957.115041,133.998066,114.855485,-9418.149754
957.115668,114.855485,114.855485,-9379.864592
957.116296,153.140646,133.998066,-9399.007173
957.116924,38.285162,153.140646,-9418.149754
957.117551,76.570323,114.855485,-9418.149754
957.118179,114.855485,133.998066,-9360.722011
957.118806,76.570323,210.568389,-9418.149754
957.119434,172.283227,153.140646,-9379.864592
957.120061,76.570323,114.855485,-9418.149754
957.120689,114.855485,172.283227,-9360.722011
957.121316,133.998066,210.568389,-9418.149754
957.121944,76.570323,172.283227,-9418.149754
957.122572,133.998066,172.283227,-9418.149754
957.123199,172.283227,114.855485,-9322.436850
957.123827,114.855485,133.998066,-9360.722011
957.124454,95.712904,133.998066,-9360.722011
957.125082,76.570323,114.855485,-9437.292334
957.125709,76.570323,114.855485,-9418.149754
957.126337,153.140646,114.855485,-9418.149754
957.126964,114.855485,133.998066,-9360.722011
957.127592,95.712904,114.855485,-9418.149754
957.128220,76.570323,210.568389,-9418.149754
957.128847,172.283227,114.855485,-9379.864592
957.129475,133.998066,172.283227,-9437.292334
957.130102,133.998066,172.283227,-9456.434915
957.130730,95.712904,210.568389,-9418.149754
957.131357,133.998066,114.855485,-9475.577496
957.131985,133.998066,114.855485,-9437.292334
957.132612,76.570323,114.855485,-9418.149754
957.133240,133.998066,210.568389,-9418.149754
957.133868,114.855485,153.140646,-9360.722011
957.134495,76.570323,114.855485,-9456.434915
957.135123,172.283227,76.570323,-9418.149754
957.135750,95.712904,95.712904,-9399.007173
957.136378,153.140646,153.140646,-9399.007173
957.137005,95.712904,172.283227,-9360.722011
957.137633,95.712904,95.712904,-9399.007173
957.138260,133.998066,153.140646,-9456.434915
957.138888,133.998066,172.283227,-9360.722011
957.139516,133.998066,172.283227,-9418.149754
957.140143,114.855485,210.568389,-9360.722011
957.140771,38.285162,114.855485,-9418.149754
957.141398,95.712904,153.140646,-9418.149754
957.142026,114.855485,133.998066,-9360.722011
957.142653,95.712904,95.712904,-9399.007173
957.143281,95.712904,95.712904,-9399.007173
957.143908,38.285162,114.855485,-9475.577496
957.144536,95.712904,95.712904,-9399.007173
957.145164,76.570323,114.855485,-9475.577496
957.145791,133.998066,114.855485,-9437.292334
957.146419,153.140646,191.425808,-9399.007173
957.147046,38.285162,114.855485,-9437.292334
957.147674,76.570323,114.855485,-9418.149754
957.148301,57.427742,133.998066,-9360.722011
957.148929,133.998066,133.998066,-9475.577496
957.149556,76.570323,153.140646,-9418.149754
957.150184,133.998066,114.855485,-9360.722011
957.150812,38.285162,172.283227,-9418.149754
957.151439,76.570323,210.568389,-9418.149754
957.152067,57.427742,210.568389,-9360.722011
957.152694,76.570323,172.283227,-9456.434915
957.153322,76.570323,114.855485,-9475.577496
957.153949,38.285162,114.855485,-9437.292334
957.154577,57.427742,114.855485,-9418.149754
957.155204,76.570323,114.855485,-9418.149754
957.155832,38.285162,114.855485,-9418.149754
957.156460,76.570323,153.140646,-9418.149754
957.157087,76.570323,114.855485,-9418.149754
957.157715,133.998066,114.855485,-9360.722011
957.158342,76.570323,114.855485,-9418.149754
957.158970,38.285162,114.855485,-9475.577496
957.159597,76.570323,114.855485,-9418.149754
957.160225,114.855485,114.855485,-9399.007173
957.160852,95.712904,172.283227,-9360.722011
957.161480,95.712904,114.855485,-9437.292334
957.162108,95.712904,210.568389,-9418.149754
957.162735,76.570323,172.283227,-9475.577496
957.163363,133.998066,172.283227,-9456.434915
957.163990,95.712904,133.998066,-9341.579430
957.164618,38.285162,172.283227,-9418.149754
957.165245,76.570323,114.855485,-9456.434915
957.165873,76.570323,153.140646,-9418.149754
957.166500,38.285162,172.283227,-9418.149754
957.167128,95.712904,153.140646,-9360.722011
957.167756,57.427742,95.712904,-9456.434915
957.168383,57.427742,133.998066,-9360.722011
957.169011,114.855485,133.998066,-9360.722011
957.169638,95.712904,114.855485,-9456.434915
957.170266,114.855485,114.855485,-9399.007173
957.170893,133.998066,114.855485,-9418.149754
957.171521,133.998066,133.998066,-9437.292334
957.172148,38.285162,114.855485,-9418.149754
957.172776,76.570323,172.283227,-9418.149754
957.173404,133.998066,114.855485,-9418.149754
957.174031,133.998066,114.855485,-9437.292334
957.174659,76.570323,153.140646,-9418.149754
957.175286,76.570323,191.425808,-9418.149754
957.175914,38.285162,114.855485,-9418.149754
957.176541,38.285162,114.855485,-9533.005238
957.177169,38.285162,153.140646,-9456.434915
957.177796,133.998066,210.568389,-9418.149754
957.178424,95.712904,133.998066,-9360.722011
957.179052,76.570323,114.855485,-9418.149754
957.179679,114.855485,95.712904,-9456.434915
957.180307,133.998066,172.283227,-9437.292334
957.180934,133.998066,153.140646,-9418.149754
957.181562,38.285162,172.283227,-9418.149754
957.182189,114.855485,76.570323,-9360.722011
957.182817,114.855485,133.998066,-9360.722011
957.183444,133.998066,172.283227,-9399.007173
957.184072,76.570323,114.855485,-9456.434915
957.184700,76.570323,114.855485,-9418.149754
957.185327,133.998066,114.855485,-9456.434915
957.185955,76.570323,114.855485,-9418.149754
957.186582,57.427742,95.712904,-9399.007173
957.187210,95.712904,210.568389,-9418.149754
957.187837,38.285162,153.140646,-9437.292334
957.188465,95.712904,153.140646,-9418.149754
957.189092,76.570323,114.855485,-9418.149754
957.189720,153.140646,133.998066,-9399.007173
957.190348,95.712904,95.712904,-9379.864592
957.190975,38.285162,114.855485,-9418.149754
957.191603,38.285162,114.855485,-9418.149754
957.192230,76.570323,114.855485,-9437.292334
957.192858,153.140646,133.998066,-9399.007173
957.193485,153.140646,191.425808,-9399.007173
957.194113,153.140646,95.712904,-9360.722011
957.194740,133.998066,210.568389,-9418.149754
957.195368,76.570323,172.283227,-9418.149754
957.195996,76.570323,210.568389,-9418.149754
957.196623,38.285162,114.855485,-9418.149754
957.197251,133.998066,114.855485,-9437.292334
957.197878,76.570323,172.283227,-9418.149754
957.198506,76.570323,114.855485,-9456.434915
957.199133,95.712904,172.283227,-9322.436850
957.199761,76.570323,114.855485,-9418.149754
957.200388,133.998066,172.283227,-9418.149754
957.201016,172.283227,114.855485,-9379.864592
957.201644,133.998066,172.283227,-9418.149754
957.202271,133.998066,172.283227,-9437.292334
957.202899,114.855485,133.998066,-9360.722011
957.203526,153.140646,114.855485,-9456.434915
957.204154,114.855485,133.998066,-9360.722011
957.204781,76.570323,172.283227,-9418.149754
957.205409,95.712904,210.568389,-9418.149754
957.206036,76.570323,95.712904,-9399.007173
957.206664,133.998066,114.855485,-9418.149754
957.207292,133.998066,114.855485,-9418.149754
957.207919,153.140646,133.998066,-9399.007173
957.208547,114.855485,95.712904,-9399.007173
957.209174,153.140646,133.998066,-9399.007173
957.209802,133.998066,114.855485,-9437.292334
957.210429,76.570323,114.855485,-9418.149754
957.211057,76.570323,114.855485,-9418.149754
957.211684,133.998066,114.855485,-9418.149754
957.212312,95.712904,114.855485,-9418.149754
957.212940,76.570323,114.855485,-9418.149754
957.213567,95.712904,133.998066,-9360.722011
957.214195,133.998066,114.855485,-9418.149754
957.214822,38.285162,114.855485,-9456.434915
957.215450,76.570323,114.855485,-9418.149754
957.216077,114.855485,133.998066,-9360.722011
957.216705,76.570323,114.855485,-9418.149754
957.217332,133.998066,172.283227,-9456.434915
957.217960,133.998066,114.855485,-9418.149754
957.218588,76.570323,114.855485,-9360.722011
957.219215,38.285162,114.855485,-9360.722011
957.219843,114.855485,153.140646,-9418.149754
957.220470,133.998066,172.283227,-9418.149754
957.221098,133.998066,172.283227,-9399.007173
957.221725,57.427742,114.855485,-9437.292334
957.222353,76.570323,153.140646,-9418.149754
957.222980,95.712904,133.998066,-9360.722011
957.223608,95.712904,172.283227,-9418.149754
957.224236,76.570323,172.283227,-9418.149754
957.224863,95.712904,133.998066,-9360.722011
957.225491,76.570323,114.855485,-9437.292334
957.226118,76.570323,172.283227,-9418.149754
957.226746,133.998066,153.140646,-9418.149754
957.227373,76.570323,114.855485,-9418.149754
957.228001,76.570323,172.283227,-9418.149754
957.228628,95.712904,133.998066,-9360.722011
957.229256,38.285162,172.283227,-9418.149754
957.229884,95.712904,114.855485,-9418.149754
957.230511,114.855485,114.855485,-9437.292334
957.231139,95.712904,114.855485,-9418.149754
957.231766,95.712904,114.855485,-9418.149754
957.232394,153.140646,153.140646,-9399.007173
957.233021,133.998066,114.855485,-9456.434915
957.233649,76.570323,114.855485,-9456.434915
957.234277,57.427742,133.998066,-9360.722011
957.234904,38.285162,114.855485,-9418.149754
957.235532,38.285162,172.283227,-9437.292334
957.236159,76.570323,153.140646,-9418.149754
957.236787,153.140646,133.998066,-9399.007173
957.237414,133.998066,114.855485,-9437.292334
957.238042,153.140646,133.998066,-9399.007173
957.238669,76.570323,133.998066,-9379.864592
957.239297,76.570323,133.998066,-9360.722011
957.239925,114.855485,172.283227,-9360.722011
957.240552,76.570323,114.855485,-9399.007173
957.241180,133.998066,114.855485,-9437.292334
957.241807,76.570323,114.855485,-9399.007173
957.242435,57.427742,76.570323,-9418.149754
957.243062,38.285162,114.855485,-9418.149754
957.243690,114.855485,133.998066,-9360.722011
957.244317,172.283227,76.570323,-9418.149754
957.244945,76.570323,114.855485,-9418.149754
957.245573,76.570323,172.283227,-9418.149754
957.246200,76.570323,76.570323,-9379.864592
957.246828,133.998066,114.855485,-9418.149754
957.247455,133.998066,114.855485,-9533.005238
957.248083,114.855485,95.712904,-9399.007173
957.248710,76.570323,172.283227,-9418.149754
957.249338,76.570323,95.712904,-9399.007173
957.249965,76.570323,153.140646,-9418.149754
957.250593,76.570323,172.283227,-9437.292334
957.251221,95.712904,133.998066,-9360.722011
957.251848,76.570323,114.855485,-9418.149754
957.252476,133.998066,172.283227,-9418.149754
957.253103,133.998066,114.855485,-9418.149754
957.253731,76.570323,172.283227,-9418.149754
957.254358,133.998066,114.855485,-9418.149754
957.254986,114.855485,133.998066,-9341.579430
957.255613,76.570323,153.140646,-9418.149754
957.256241,153.140646,153.140646,-9399.007173
957.256869,114.855485,133.998066,-9360.722011
957.257496,76.570323,153.140646,-9418.149754
957.258124,133.998066,114.855485,-9418.149754
957.258751,191.425808,114.855485,-9379.864592
957.259379,114.855485,153.140646,-9360.722011
957.260006,38.285162,114.855485,-9494.720077
957.260634,57.427742,114.855485,-9418.149754
957.261261,76.570323,95.712904,-9399.007173
957.261889,133.998066,114.855485,-9418.149754
957.262517,133.998066,114.855485,-9418.149754
957.263144,114.855485,95.712904,-9399.007173
957.263772,133.998066,76.570323,-9379.864592
957.264399,38.285162,114.855485,-9418.149754
957.265027,76.570323,172.283227,-9418.149754
957.265654,133.998066,153.140646,-9418.149754
957.266282,153.140646,172.283227,-9399.007173
957.266909,153.140646,153.140646,-9399.007173
957.267537,153.140646,153.140646,-9399.007173
957.268165,95.712904,95.712904,-9399.007173
957.268792,95.712904,114.855485,-9418.149754
957.269420,133.998066,172.283227,-9475.577496
957.270047,133.998066,172.283227,-9475.577496
957.270675,76.570323,114.855485,-9418.149754
957.271302,133.998066,114.855485,-9360.722011
957.271930,133.998066,114.855485,-9418.149754
957.272557,133.998066,153.140646,-9418.149754
957.273185,95.712904,114.855485,-9418.149754
957.273813,133.998066,172.283227,-9418.149754
957.274440,57.427742,133.998066,-9360.722011
957.275068,133.998066,114.855485,-9418.149754
957.275695,114.855485,133.998066,-9360.722011
957.276323,133.998066,114.855485,-9418.149754
957.276950,76.570323,114.855485,-9418.149754
957.277578,114.855485,133.998066,-9360.722011
957.278205,133.998066,114.855485,-9418.149754
957.278833,0.000000,133.998066,-9360.722011
957.279461,76.570323,153.140646,-9418.149754
957.280088,76.570323,114.855485,-9437.292334
957.280716,76.570323,76.570323,-9379.864592
957.281343,38.285162,172.283227,-9418.149754
957.281971,76.570323,210.568389,-9437.292334
957.282598,76.570323,114.855485,-9456.434915
957.283226,114.855485,133.998066,-9360.722011
957.283853,133.998066,114.855485,-9418.149754
957.284481,114.855485,95.712904,-9399.007173
957.285109,95.712904,114.855485,-9399.007173
957.285736,38.285162,114.855485,-9418.149754
957.286364,133.998066,114.855485,-9418.149754
957.286991,76.570323,172.283227,-9418.149754
957.287619,38.285162,210.568389,-9418.149754
957.288246,95.712904,133.998066,-9360.722011
957.288874,38.285162,114.855485,-9494.720077
957.289501,95.712904,133.998066,-9360.722011
957.290129,133.998066,114.855485,-9437.292334
957.290757,95.712904,114.855485,-9418.149754
957.291384,95.712904,172.283227,-9360.722011
957.292012,38.285162,114.855485,-9418.149754
957.292639,114.855485,172.283227,-9360.722011
957.293267,95.712904,95.712904,-9437.292334
957.293894,133.998066,153.140646,-9437.292334
957.294522,114.855485,172.283227,-9360.722011
957.295149,133.998066,153.140646,-9418.149754
957.295777,95.712904,114.855485,-9418.149754
957.296405,133.998066,153.140646,-9418.149754
957.297032,95.712904,114.855485,-9418.149754
957.297660,133.998066,133.998066,-9399.007173
957.298287,76.570323,172.283227,-9418.149754
957.298915,133.998066,114.855485,-9437.292334
957.299542,133.998066,172.283227,-9418.149754
957.300170,133.998066,114.855485,-9456.434915
957.300797,57.427742,95.712904,-9399.007173
957.301425,76.570323,114.855485,-9418.149754
957.302053,76.570323,153.140646,-9418.149754
957.302680,95.712904,133.998066,-9360.722011
957.303308,76.570323,172.283227,-9418.149754
957.303935,76.570323,114.855485,-9437.292334
957.304563,114.855485,153.140646,-9360.722011
957.305190,133.998066,114.855485,-9418.149754
957.305818,95.712904,133.998066,-9360.722011
957.306446,76.570323,114.855485,-9418.149754
957.307073,76.570323,114.855485,-9418.149754
957.307701,95.712904,95.712904,-9399.007173
957.308328,133.998066,172.283227,-9418.149754
957.308956,38.285162,153.140646,-9418.149754
957.309584,76.570323,114.855485,-9418.149754
957.310211,95.712904,133.998066,-9360.722011
957.310839,153.140646,172.283227,-9456.434915
957.311466,76.570323,114.855485,-9418.149754
957.312094,95.712904,153.140646,-9360.722011
957.312722,38.285162,172.283227,-9418.149754
957.313349,114.855485,133.998066,-9360.722011
957.313977,95.712904,133.998066,-9360.722011
957.314604,95.712904,95.712904,-9399.007173
957.315232,133.998066,114.855485,-9418.149754
957.315860,114.855485,95.712904,-9399.007173
957.316487,133.998066,172.283227,-9418.149754
957.317115,76.570323,114.855485,-9418.149754
957.317742,133.998066,114.855485,-9437.292334
957.318370,133.998066,210.568389,-9456.434915
957.318998,76.570323,153.140646,-9418.149754
957.319625,76.570323,114.855485,-9437.292334
957.320253,57.427742,95.712904,-9399.007173
957.320881,76.570323,114.855485,-9418.149754
957.321508,133.998066,114.855485,-9418.149754
957.322136,133.998066,172.283227,-9399.007173
957.322763,76.570323,114.855485,-9418.149754
957.323391,133.998066,191.425808,-9437.292334
957.324019,57.427742,172.283227,-9418.149754
957.324646,38.285162,153.140646,-9456.434915
957.325274,76.570323,114.855485,-9418.149754
957.325901,38.285162,172.283227,-9437.292334
957.326529,153.140646,172.283227,-9399.007173
957.327157,114.855485,153.140646,-9360.722011
957.327784,133.998066,114.855485,-9418.149754
957.328412,133.998066,114.855485,-9456.434915
957.329039,76.570323,172.283227,-9418.149754
957.329667,38.285162,114.855485,-9456.434915
957.330295,38.285162,210.568389,-9418.149754
957.330922,38.285162,191.425808,-9418.149754
957.331550,76.570323,153.140646,-9418.149754
957.332177,57.427742,133.998066,-9360.722011
957.332805,153.140646,191.425808,-9399.007173
957.333433,133.998066,114.855485,-9475.577496
957.334060,114.855485,153.140646,-9360.722011
957.334688,133.998066,114.855485,-9418.149754
957.335315,76.570323,114.855485,-9418.149754
957.335943,133.998066,172.283227,-9418.149754
957.336571,95.712904,153.140646,-9360.722011
957.337198,38.285162,153.140646,-9418.149754
957.337826,153.140646,133.998066,-9399.007173
957.338453,133.998066,172.283227,-9418.149754
957.339081,76.570323,114.855485,-9418.149754
957.339709,19.142581,114.855485,-9418.149754
957.340336,76.570323,114.855485,-9418.149754
957.340964,57.427742,95.712904,-9399.007173
957.341591,76.570323,114.855485,-9418.149754
957.342219,133.998066,210.568389,-9418.149754
957.342847,76.570323,114.855485,-9418.149754
957.343474,76.570323,153.140646,-9360.722011
957.344102,76.570323,114.855485,-9418.149754
957.344730,57.427742,95.712904,-9456.434915
957.345357,76.570323,114.855485,-9418.149754
957.345985,76.570323,114.855485,-9418.149754
957.346612,133.998066,76.570323,-9379.864592
957.347240,95.712904,95.712904,-9456.434915
957.347868,38.285162,114.855485,-9437.292334
957.348495,76.570323,153.140646,-9437.292334
957.349123,76.570323,210.568389,-9418.149754
957.349750,76.570323,114.855485,-9418.149754
957.350378,76.570323,76.570323,-9379.864592
957.351006,114.855485,133.998066,-9418.149754
957.351633,76.570323,191.425808,-9418.149754
957.352261,76.570323,114.855485,-9418.149754
957.352888,153.140646,133.998066,-9399.007173
957.353516,133.998066,114.855485,-9418.149754
957.354144,133.998066,114.855485,-9418.149754
957.354771,133.998066,153.140646,-9399.007173
957.355399,133.998066,172.283227,-9399.007173
957.356026,95.712904,114.855485,-9418.149754
957.356654,133.998066,114.855485,-9418.149754
957.357282,76.570323,114.855485,-9418.149754
957.357909,133.998066,114.855485,-9418.149754
957.358537,76.570323,114.855485,-9418.149754
957.359164,38.285162,153.140646,-9418.149754
957.359792,95.712904,153.140646,-9360.722011
957.360420,133.998066,114.855485,-9418.149754
957.361047,133.998066,114.855485,-9360.722011
957.361675,57.427742,114.855485,-9399.007173
957.362302,133.998066,114.855485,-9456.434915
957.362930,133.998066,133.998066,-9418.149754
957.363558,76.570323,114.855485,-9475.577496
957.364185,133.998066,114.855485,-9418.149754
957.364813,76.570323,114.855485,-9418.149754
957.365441,57.427742,133.998066,-9360.722011
957.366068,76.570323,172.283227,-9418.149754
957.366696,95.712904,95.712904,-9399.007173
957.367323,76.570323,114.855485,-9418.149754
957.367951,95.712904,172.283227,-9360.722011
957.368579,114.855485,114.855485,-9379.864592
957.369206,133.998066,114.855485,-9418.149754
957.369834,76.570323,114.855485,-9418.149754
957.370461,95.712904,133.998066,-9341.579430
957.371089,76.570323,153.140646,-9456.434915
957.371717,133.998066,114.855485,-9418.149754
957.372344,114.855485,114.855485,-9399.007173
957.372972,133.998066,114.855485,-9437.292334
957.373599,133.998066,114.855485,-9418.149754
957.374227,76.570323,172.283227,-9418.149754
957.374855,76.570323,210.568389,-9418.149754
957.375482,76.570323,114.855485,-9418.149754
957.376110,95.712904,133.998066,-9360.722011
957.376737,76.570323,172.283227,-9418.149754
957.377365,133.998066,114.855485,-9456.434915
957.377993,76.570323,114.855485,-9418.149754
957.378620,76.570323,114.855485,-9418.149754
957.379248,76.570323,114.855485,-9399.007173
957.379875,133.998066,114.855485,-9456.434915
957.380503,76.570323,114.855485,-9418.149754
957.381131,133.998066,114.855485,-9418.149754
957.381758,153.140646,95.712904,-9360.722011
957.382386,172.283227,114.855485,-9379.864592
957.383013,76.570323,76.570323,-9379.864592
957.383641,133.998066,114.855485,-9418.149754
957.384269,38.285162,114.855485,-9418.149754
957.384896,57.427742,191.425808,-9341.579430
957.385524,76.570323,114.855485,-9437.292334
957.386152,76.570323,172.283227,-9418.149754
957.386779,76.570323,114.855485,-9418.149754
957.387407,76.570323,114.855485,-9418.149754
957.388034,57.427742,114.855485,-9475.577496
957.388662,133.998066,114.855485,-9418.149754
957.389290,133.998066,114.855485,-9418.149754
957.389917,76.570323,114.855485,-9475.577496
957.390545,76.570323,172.283227,-9475.577496
957.391172,76.570323,114.855485,-9418.149754
957.391800,133.998066,114.855485,-9418.149754
957.392428,133.998066,114.855485,-9418.149754
957.393055,38.285162,133.998066,-9360.722011
957.393683,95.712904,133.998066,-9360.722011
957.394310,95.712904,210.568389,-9475.577496
957.394938,133.998066,153.140646,-9418.149754
957.395566,76.570323,172.283227,-9475.577496
957.396193,76.570323,210.568389,-9418.149754
957.396821,114.855485,172.283227,-9360.722011
957.397448,76.570323,229.710970,-9418.149754
957.398076,95.712904,172.283227,-9418.149754
957.398704,38.285162,210.568389,-9418.149754
957.399331,76.570323,114.855485,-9418.149754
957.399959,76.570323,191.425808,-9418.149754
957.400586,133.998066,153.140646,-9418.149754
957.401214,95.712904,133.998066,-9360.722011
957.401842,172.283227,76.570323,-9456.434915
957.402469,76.570323,114.855485,-9418.149754
957.403097,76.570323,172.283227,-9418.149754
957.403724,76.570323,114.855485,-9418.149754
957.404352,95.712904,133.998066,-9360.722011
957.404980,114.855485,133.998066,-9360.722011
957.405607,76.570323,153.140646,-9437.292334
957.406235,133.998066,114.855485,-9437.292334
957.406862,114.855485,95.712904,-9399.007173
957.407490,114.855485,95.712904,-9456.434915
957.408117,95.712904,76.570323,-9379.864592
957.408745,95.712904,114.855485,-9418.149754
957.409372,95.712904,248.853550,-9360.722011
957.410000,95.712904,172.283227,-9360.722011
957.410627,133.998066,172.283227,-9399.007173
957.411255,76.570323,191.425808,-9418.149754
957.411882,76.570323,172.283227,-9418.149754
957.412510,133.998066,153.140646,-9399.007173
957.413138,133.998066,114.855485,-9418.149754
957.413765,95.712904,114.855485,-9399.007173
957.414393,133.998066,114.855485,-9418.149754
957.415020,133.998066,153.140646,-9456.434915
957.415648,133.998066,114.855485,-9418.149754
957.416275,38.285162,114.855485,-9437.292334
957.416903,133.998066,172.283227,-9456.434915
957.417530,95.712904,114.855485,-9418.149754
957.418158,133.998066,153.140646,-9418.149754
957.418785,76.570323,114.855485,-9456.434915
957.419413,114.855485,133.998066,-9360.722011
957.420040,153.140646,172.283227,-9399.007173
957.420668,133.998066,210.568389,-9418.149754
957.421295,133.998066,210.568389,-9360.722011
957.421923,114.855485,191.425808,-9360.722011
957.422550,57.427742,153.140646,-9418.149754
957.423178,133.998066,114.855485,-9456.434915
957.423805,76.570323,114.855485,-9437.292334
957.424433,76.570323,172.283227,-9418.149754
957.425061,76.570323,114.855485,-9418.149754
957.425688,76.570323,114.855485,-9418.149754
957.426316,57.427742,133.998066,-9418.149754
957.426943,133.998066,172.283227,-9418.149754
957.427571,95.712904,114.855485,-9418.149754
957.428198,76.570323,114.855485,-9418.149754
957.428826,133.998066,210.568389,-9418.149754
957.429453,95.712904,248.853550,-9360.722011
957.430081,153.140646,133.998066,-9399.007173
957.430708,153.140646,133.998066,-9437.292334
957.431336,95.712904,133.998066,-9360.722011
957.431963,95.712904,133.998066,-9360.722011
957.432591,38.285162,114.855485,-9418.149754
957.433218,95.712904,191.425808,-9360.722011
957.433846,38.285162,95.712904,-9399.007173
957.434473,38.285162,191.425808,-9418.149754
957.435101,153.140646,191.425808,-9456.434915
957.435728,76.570323,153.140646,-9418.149754
957.436356,114.855485,191.425808,-9360.722011
957.436984,95.712904,114.855485,-9418.149754
957.437611,76.570323,114.855485,-9418.149754
957.438239,114.855485,133.998066,-9418.149754
957.438866,76.570323,172.283227,-9418.149754
957.439494,19.142581,191.425808,-9437.292334
957.440121,133.998066,210.568389,-9437.292334
957.440749,76.570323,210.568389,-9418.149754
957.441376,95.712904,172.283227,-9418.149754
957.442004,133.998066,172.283227,-9399.007173
957.442631,133.998066,114.855485,-9418.149754
957.443259,76.570323,114.855485,-9437.292334
957.443886,76.570323,114.855485,-9456.434915
957.444514,38.285162,153.140646,-9418.149754
957.445141,95.712904,95.712904,-9399.007173
957.445769,95.712904,95.712904,-9399.007173
957.446396,95.712904,153.140646,-9418.149754
957.447024,95.712904,95.712904,-9399.007173
957.447651,133.998066,172.283227,-9418.149754
957.448279,76.570323,210.568389,-9418.149754
957.448907,57.427742,210.568389,-9418.149754
957.449534,76.570323,114.855485,-9475.577496
957.450162,133.998066,114.855485,-9418.149754
957.450789,133.998066,153.140646,-9399.007173
957.451417,133.998066,114.855485,-9418.149754
957.452044,114.855485,153.140646,-9322.436850
957.452672,38.285162,114.855485,-9437.292334
957.453299,76.570323,114.855485,-9360.722011
957.453927,133.998066,114.855485,-9418.149754
957.454554,133.998066,114.855485,-9418.149754
957.455182,133.998066,153.140646,-9418.149754
957.455809,153.140646,114.855485,-9418.149754
957.456437,76.570323,114.855485,-9418.149754
957.457064,133.998066,114.855485,-9418.149754
957.457692,133.998066,114.855485,-9418.149754
957.458319,172.283227,153.140646,-9379.864592
957.458947,114.855485,95.712904,-9437.292334
957.459574,76.570323,153.140646,-9418.149754
957.460202,76.570323,114.855485,-9418.149754
957.460830,76.570323,153.140646,-9418.149754
957.461457,95.712904,191.425808,-9418.149754
957.462085,153.140646,133.998066,-9399.007173
957.462712,76.570323,172.283227,-9494.720077
957.463340,133.998066,210.568389,-9418.149754
957.463967,76.570323,114.855485,-9437.292334
957.464595,133.998066,114.855485,-9418.149754
957.465222,38.285162,114.855485,-9437.292334
957.465850,76.570323,153.140646,-9418.149754
957.466477,114.855485,133.998066,-9360.722011
957.467105,114.855485,133.998066,-9360.722011
957.467732,133.998066,114.855485,-9418.149754
957.468360,153.140646,133.998066,-9399.007173
957.468987,133.998066,114.855485,-9418.149754
957.469615,133.998066,114.855485,-9418.149754
957.470242,76.570323,153.140646,-9418.149754
957.470870,38.285162,114.855485,-9418.149754
957.471497,133.998066,114.855485,-9418.149754
957.472125,76.570323,114.855485,-9418.149754
957.472753,76.570323,172.283227,-9418.149754
957.473380,76.570323,114.855485,-9437.292334
957.474008,133.998066,114.855485,-9418.149754
957.474635,57.427742,153.140646,-9418.149754
957.475263,38.285162,114.855485,-9418.149754
957.475890,95.712904,114.855485,-9399.007173
957.476518,95.712904,114.855485,-9437.292334
957.477145,114.855485,172.283227,-9360.722011
957.477773,114.855485,133.998066,-9533.005238
957.478400,133.998066,153.140646,-9418.149754
957.479028,76.570323,153.140646,-9437.292334
957.479655,38.285162,114.855485,-9456.434915
957.480283,114.855485,133.998066,-9360.722011
957.480910,57.427742,133.998066,-9418.149754
957.481538,114.855485,133.998066,-9360.722011
957.482165,76.570323,114.855485,-9418.149754
957.482793,133.998066,114.855485,-9418.149754
957.483420,76.570323,114.855485,-9418.149754
957.484048,57.427742,114.855485,-9437.292334
957.484676,38.285162,114.855485,-9418.149754
957.485303,114.855485,95.712904,-9399.007173
957.485931,95.712904,38.285162,-9399.007173
957.486558,19.142581,114.855485,-9418.149754
957.487186,76.570323,172.283227,-9360.722011
957.487813,114.855485,153.140646,-9360.722011
957.488441,76.570323,114.855485,-9418.149754
957.489068,133.998066,114.855485,-9418.149754
957.489696,133.998066,172.283227,-9418.149754
957.490323,76.570323,114.855485,-9494.720077
957.490951,114.855485,153.140646,-9360.722011
957.491578,133.998066,191.425808,-9437.292334
957.492206,76.570323,114.855485,-9418.149754
957.492833,133.998066,172.283227,-9418.149754
957.493461,95.712904,133.998066,-9341.579430
957.494088,133.998066,172.283227,-9399.007173
957.494716,114.855485,210.568389,-9360.722011
957.495343,38.285162,153.140646,-9418.149754
957.495971,76.570323,114.855485,-9456.434915
957.496599,114.855485,133.998066,-9341.579430
957.497226,133.998066,95.712904,-9437.292334
957.497854,38.285162,114.855485,-9437.292334
957.498481,95.712904,95.712904,-9437.292334
957.499109,95.712904,114.855485,-9456.434915
957.499736,153.140646,153.140646,-9418.149754
957.500364,76.570323,114.855485,-9456.434915
957.500991,95.712904,95.712904,-9399.007173
957.501619,76.570323,114.855485,-9437.292334
957.502246,133.998066,153.140646,-9456.434915
957.502874,133.998066,191.425808,-9418.149754
957.503501,38.285162,114.855485,-9418.149754
957.504129,38.285162,229.710970,-9418.149754
957.504756,95.712904,114.855485,-9399.007173
957.505384,133.998066,114.855485,-9418.149754
957.506011,38.285162,114.855485,-9418.149754
957.506639,95.712904,172.283227,-9360.722011
957.507266,38.285162,114.855485,-9418.149754
957.507894,76.570323,114.855485,-9418.149754
957.508521,95.712904,172.283227,-9418.149754
957.509149,133.998066,133.998066,-9399.007173
957.509776,133.998066,114.855485,-9418.149754
957.510404,133.998066,114.855485,-9418.149754
957.511031,76.570323,114.855485,-9418.149754
957.511658,153.140646,133.998066,-9399.007173
957.512286,133.998066,114.855485,-9418.149754
957.512913,38.285162,114.855485,-9418.149754
957.513541,95.712904,114.855485,-9418.149754
957.514168,133.998066,114.855485,-9418.149754
957.514796,76.570323,114.855485,-9437.292334
957.515423,76.570323,114.855485,-9418.149754
957.516051,38.285162,172.283227,-9456.434915
957.516678,133.998066,153.140646,-9418.149754
957.517305,95.712904,133.998066,-9360.722011
957.517933,38.285162,114.855485,-9418.149754
957.518560,76.570323,114.855485,-9418.149754
957.519188,76.570323,133.998066,-9360.722011
957.519815,76.570323,153.140646,-9418.149754
957.520443,76.570323,172.283227,-9418.149754
957.521070,76.570323,172.283227,-9475.577496
957.521698,95.712904,153.140646,-9360.722011
957.522325,133.998066,153.140646,-9494.720077
957.522953,76.570323,114.855485,-9418.149754
957.523580,95.712904,95.712904,-9399.007173
957.524207,133.998066,114.855485,-9437.292334
957.524835,76.570323,114.855485,-9418.149754
957.525462,133.998066,172.283227,-9456.434915
957.526090,133.998066,114.855485,-9418.149754
957.526717,57.427742,114.855485,-9437.292334
957.527345,57.427742,133.998066,-9360.722011
957.527972,95.712904,153.140646,-9418.149754
957.528600,153.140646,114.855485,-9418.149754
957.529227,133.998066,210.568389,-9418.149754
957.529855,114.855485,133.998066,-9360.722011
957.530482,95.712904,172.283227,-9341.579430
957.531109,76.570323,133.998066,-9360.722011
957.531737,133.998066,114.855485,-9475.577496
957.532364,76.570323,172.283227,-9418.149754
957.532992,133.998066,153.140646,-9418.149754
957.533619,76.570323,210.568389,-9456.434915
957.534247,95.712904,95.712904,-9399.007173
957.534874,76.570323,114.855485,-9418.149754
957.535502,95.712904,153.140646,-9360.722011
957.536129,76.570323,114.855485,-9418.149754
957.536757,76.570323,114.855485,-9360.722011
957.537384,95.712904,133.998066,-9360.722011
957.538011,76.570323,76.570323,-9379.864592
957.538639,76.570323,114.855485,-9437.292334
957.539266,153.140646,153.140646,-9418.149754
957.539894,76.570323,153.140646,-9418.149754
957.540521,133.998066,114.855485,-9418.149754
957.541149,153.140646,133.998066,-9399.007173
957.541776,76.570323,114.855485,-9437.292334
957.542404,76.570323,95.712904,-9418.149754
957.543031,133.998066,114.855485,-9418.149754
957.543658,133.998066,191.425808,-9418.149754
957.544286,114.855485,133.998066,-9360.722011
957.544913,76.570323,172.283227,-9360.722011
957.545541,76.570323,114.855485,-9418.149754
957.546168,133.998066,114.855485,-9456.434915
957.546796,153.140646,172.283227,-9399.007173
957.547423,114.855485,114.855485,-9379.864592
957.548051,133.998066,191.425808,-9437.292334
957.548678,76.570323,114.855485,-9418.149754
957.549306,19.142581,114.855485,-9418.149754
957.549933,38.285162,172.283227,-9418.149754
957.550560,133.998066,210.568389,-9418.149754
957.551188,76.570323,153.140646,-9418.149754
957.551815,76.570323,153.140646,-9360.722011
957.552443,133.998066,153.140646,-9418.149754
957.553070,153.140646,133.998066,-9399.007173
957.553698,76.570323,210.568389,-9418.149754
957.554325,38.285162,153.140646,-9418.149754
957.554953,133.998066,114.855485,-9437.292334
957.555580,95.712904,133.998066,-9360.722011
957.556208,95.712904,172.283227,-9360.722011
957.556835,133.998066,133.998066,-9437.292334
957.557462,76.570323,172.283227,-9418.149754
957.558090,76.570323,114.855485,-9418.149754
957.558717,133.998066,114.855485,-9418.149754
957.559345,133.998066,133.998066,-9399.007173
957.559972,76.570323,114.855485,-9418.149754
957.560600,133.998066,172.283227,-9418.149754
957.561227,76.570323,114.855485,-9418.149754
957.561855,76.570323,114.855485,-9418.149754
957.562482,114.855485,133.998066,-9360.722011
957.563110,133.998066,114.855485,-9475.577496
957.563737,38.285162,114.855485,-9437.292334
957.564364,57.427742,95.712904,-9399.007173
957.564992,76.570323,114.855485,-9418.149754
957.565619,57.427742,114.855485,-9456.434915
957.566247,114.855485,133.998066,-9360.722011
957.566874,76.570323,172.283227,-9418.149754
957.567502,76.570323,114.855485,-9418.149754
957.568129,76.570323,172.283227,-9418.149754
957.568757,133.998066,133.998066,-9399.007173
957.569384,95.712904,95.712904,-9399.007173
957.570012,76.570323,114.855485,-9418.149754
957.570639,38.285162,114.855485,-9418.149754
957.571266,133.998066,114.855485,-9456.434915
957.571894,76.570323,114.855485,-9418.149754
957.572521,95.712904,95.712904,-9399.007173
957.573149,76.570323,133.998066,-9360.722011
957.573776,38.285162,114.855485,-9418.149754
957.574404,133.998066,114.855485,-9360.722011
957.575031,114.855485,133.998066,-9360.722011
957.575659,153.140646,210.568389,-9399.007173
957.576286,114.855485,133.998066,-9360.722011
957.576913,133.998066,114.855485,-9418.149754
957.577541,114.855485,95.712904,-9399.007173
957.578168,133.998066,114.855485,-9437.292334
957.578796,38.285162,114.855485,-9360.722011
957.579423,76.570323,172.283227,-9418.149754
957.580051,38.285162,172.283227,-9418.149754
957.580678,76.570323,210.568389,-9418.149754
957.581306,210.568389,133.998066,-9399.007173
957.581933,133.998066,114.855485,-9437.292334
957.582561,133.998066,153.140646,-9437.292334
957.583188,133.998066,133.998066,-9456.434915
957.583815,133.998066,114.855485,-9418.149754
957.584443,114.855485,95.712904,-9494.720077
957.585070,133.998066,114.855485,-9418.149754
957.585698,153.140646,133.998066,-9399.007173
957.586325,153.140646,114.855485,-9456.434915
957.586953,133.998066,133.998066,-9399.007173
957.587580,38.285162,114.855485,-9418.149754
957.588208,76.570323,172.283227,-9418.149754
957.588835,38.285162,114.855485,-9360.722011
957.589463,153.140646,133.998066,-9399.007173
957.590090,133.998066,133.998066,-9399.007173
957.590717,133.998066,114.855485,-9418.149754
957.591345,133.998066,114.855485,-9360.722011
957.591972,95.712904,114.855485,-9418.149754
957.592600,133.998066,114.855485,-9456.434915
957.593227,153.140646,133.998066,-9437.292334
957.593855,153.140646,172.283227,-9437.292334
957.594482,133.998066,210.568389,-9418.149754
957.595110,95.712904,191.425808,-9360.722011
957.595737,76.570323,114.855485,-9418.149754
957.596365,95.712904,95.712904,-9437.292334
957.596992,38.285162,76.570323,-9379.864592
957.597619,95.712904,153.140646,-9360.722011
957.598247,95.712904,114.855485,-9418.149754
957.598874,133.998066,114.855485,-9418.149754
957.599502,38.285162,114.855485,-9418.149754
957.600129,133.998066,114.855485,-9437.292334
957.600757,133.998066,114.855485,-9418.149754
957.601384,38.285162,114.855485,-9418.149754
957.602012,95.712904,114.855485,-9475.577496
957.602639,133.998066,114.855485,-9418.149754
957.603266,76.570323,114.855485,-9418.149754
957.603894,95.712904,114.855485,-9418.149754
957.604521,153.140646,114.855485,-9418.149754
957.605149,133.998066,114.855485,-9360.722011
957.605776,133.998066,172.283227,-9418.149754
957.606404,38.285162,114.855485,-9418.149754
957.607031,57.427742,172.283227,-9360.722011
957.607658,38.285162,133.998066,-9360.722011
957.608286,133.998066,76.570323,-9379.864592
957.608913,38.285162,95.712904,-9418.149754
957.609540,133.998066,114.855485,-9418.149754
957.610168,38.285162,76.570323,-9379.864592
957.610795,76.570323,210.568389,-9418.149754
957.611423,38.285162,172.283227,-9418.149754
957.612050,76.570323,114.855485,-9475.577496
957.612677,95.712904,114.855485,-9418.149754
957.613305,76.570323,114.855485,-9418.149754
957.613932,76.570323,153.140646,-9418.149754
957.614559,133.998066,210.568389,-9418.149754
957.615187,133.998066,153.140646,-9437.292334
957.615814,76.570323,114.855485,-9418.149754
957.616441,76.570323,172.283227,-9418.149754
957.617069,76.570323,114.855485,-9456.434915
957.617696,76.570323,133.998066,-9360.722011
957.618324,76.570323,172.283227,-9418.149754
957.618951,133.998066,153.140646,-9399.007173
957.619578,153.140646,172.283227,-9399.007173
957.620206,133.998066,114.855485,-9418.149754
957.620833,95.712904,114.855485,-9399.007173
957.621460,76.570323,210.568389,-9437.292334
957.622088,38.285162,153.140646,-9418.149754
957.622715,133.998066,153.140646,-9418.149754
957.623342,114.855485,153.140646,-9379.864592
957.623970,114.855485,172.283227,-9360.722011
957.624597,133.998066,114.855485,-9418.149754
957.625225,133.998066,114.855485,-9418.149754
957.625852,76.570323,210.568389,-9418.149754
957.626479,76.570323,114.855485,-9418.149754
957.627107,38.285162,114.855485,-9418.149754
957.627734,172.283227,76.570323,-9437.292334
957.628361,76.570323,57.427742,-9399.007173
957.628989,76.570323,114.855485,-9437.292334
957.629616,133.998066,172.283227,-9418.149754
957.630243,76.570323,114.855485,-9437.292334
957.630871,133.998066,114.855485,-9360.722011
957.631498,133.998066,114.855485,-9418.149754
957.632126,76.570323,172.283227,-9418.149754
957.632753,95.712904,114.855485,-9418.149754
957.633380,153.140646,133.998066,-9456.434915
957.634008,76.570323,114.855485,-9418.149754
957.634635,133.998066,153.140646,-9418.149754
957.635262,114.855485,95.712904,-9399.007173
957.635890,76.570323,153.140646,-9418.149754
957.636517,153.140646,153.140646,-9399.007173
957.637144,38.285162,114.855485,-9418.149754
957.637772,38.285162,114.855485,-9418.149754
957.638399,38.285162,114.855485,-9418.149754
957.639027,38.285162,114.855485,-9418.149754
957.639654,57.427742,172.283227,-9418.149754
957.640281,133.998066,114.855485,-9418.149754
957.640909,76.570323,114.855485,-9418.149754
957.641536,76.570323,153.140646,-9418.149754
957.642163,95.712904,153.140646,-9360.722011
957.642791,133.998066,191.425808,-9379.864592
957.643418,133.998066,210.568389,-9418.149754
957.644045,95.712904,153.140646,-9360.722011
957.644673,133.998066,172.283227,-9418.149754
957.645300,95.712904,95.712904,-9399.007173
957.645928,133.998066,114.855485,-9360.722011
957.646555,133.998066,76.570323,-9379.864592
957.647182,133.998066,114.855485,-9418.149754
957.647810,76.570323,114.855485,-9418.149754
957.648437,153.140646,210.568389,-9399.007173
957.649064,114.855485,133.998066,-9360.722011
957.649692,133.998066,172.283227,-9418.149754
957.650319,133.998066,133.998066,-9360.722011
957.650946,95.712904,95.712904,-9437.292334
957.651574,133.998066,153.140646,-9418.149754
957.652201,76.570323,153.140646,-9418.149754
957.652829,133.998066,114.855485,-9418.149754
957.653456,133.998066,114.855485,-9418.149754
957.654083,133.998066,76.570323,-9379.864592
957.654711,172.283227,76.570323,-9456.434915
957.655338,76.570323,114.855485,-9418.149754
957.655965,95.712904,95.712904,-9456.434915
957.656593,76.570323,114.855485,-9437.292334
957.657220,76.570323,153.140646,-9418.149754
957.657847,95.712904,95.712904,-9456.434915
957.658475,95.712904,114.855485,-9418.149754
957.659102,95.712904,95.712904,-9399.007173
957.659730,114.855485,95.712904,-9399.007173
957.660357,114.855485,172.283227,-9360.722011
957.660984,95.712904,133.998066,-9360.722011
957.661612,76.570323,114.855485,-9418.149754
957.662239,95.712904,133.998066,-9360.722011
957.662866,38.285162,153.140646,-9418.149754
957.663494,153.140646,133.998066,-9437.292334
957.664121,133.998066,153.140646,-9418.149754
957.664748,57.427742,133.998066,-9360.722011
957.665376,57.427742,133.998066,-9360.722011
957.666003,76.570323,76.570323,-9379.864592
957.666631,133.998066,114.855485,-9418.149754
957.667258,133.998066,114.855485,-9418.149754
957.667885,76.570323,153.140646,-9418.149754
957.668513,57.427742,172.283227,-9360.722011
957.669140,38.285162,114.855485,-9418.149754
957.669767,76.570323,114.855485,-9418.149754
957.670395,76.570323,191.425808,-9494.720077
957.671022,153.140646,191.425808,-9475.577496
957.671649,76.570323,114.855485,-9418.149754
957.672277,133.998066,114.855485,-9494.720077
957.672904,76.570323,153.140646,-9418.149754
957.673532,57.427742,248.853550,-9360.722011
957.674159,133.998066,114.855485,-9418.149754
957.674786,133.998066,210.568389,-9360.722011
957.675414,114.855485,229.710970,-9379.864592
957.676041,133.998066,133.998066,-9399.007173
957.676668,76.570323,114.855485,-9418.149754
957.677296,95.712904,172.283227,-9418.149754
957.677923,38.285162,210.568389,-9418.149754
957.678550,38.285162,229.710970,-9418.149754
957.679178,38.285162,114.855485,-9418.149754
957.679805,76.570323,114.855485,-9418.149754
957.680433,76.570323,114.855485,-9418.149754
957.681060,38.285162,114.855485,-9418.149754
957.681687,38.285162,114.855485,-9456.434915
957.682315,114.855485,95.712904,-9456.434915
957.682942,76.570323,114.855485,-9418.149754
957.683569,76.570323,114.855485,-9418.149754
957.684197,114.855485,95.712904,-9437.292334
957.684824,76.570323,114.855485,-9418.149754
957.685451,133.998066,133.998066,-9437.292334
957.686079,76.570323,191.425808,-9456.434915
957.686706,76.570323,191.425808,-9418.149754
957.687334,114.855485,133.998066,-9360.722011
957.687961,133.998066,76.570323,-9379.864592
957.688588,153.140646,153.140646,-9418.149754
957.689216,76.570323,153.140646,-9418.149754
957.689843,38.285162,114.855485,-9418.149754
957.690470,95.712904,114.855485,-9418.149754
957.691098,76.570323,229.710970,-9418.149754
957.691725,38.285162,114.855485,-9418.149754
957.692352,38.285162,153.140646,-9418.149754
957.692980,38.285162,153.140646,-9418.149754
957.693607,76.570323,191.425808,-9418.149754
957.694235,133.998066,114.855485,-9418.149754
957.694862,114.855485,133.998066,-9360.722011
957.695489,133.998066,172.283227,-9418.149754
957.696117,57.427742,133.998066,-9360.722011
957.696744,133.998066,114.855485,-9418.149754
957.697371,153.140646,133.998066,-9399.007173
957.697999,38.285162,114.855485,-9418.149754
957.698626,114.855485,95.712904,-9399.007173
957.699253,76.570323,114.855485,-9418.149754
957.699881,38.285162,191.425808,-9418.149754
957.700508,114.855485,133.998066,-9360.722011
957.701136,133.998066,114.855485,-9456.434915
957.701763,133.998066,153.140646,-9418.149754
957.702390,95.712904,133.998066,-9360.722011
957.703018,57.427742,133.998066,-9341.579430
957.703645,57.427742,133.998066,-9360.722011
957.704272,114.855485,248.853550,-9360.722011
957.704900,114.855485,191.425808,-9379.864592
957.705527,172.283227,76.570323,-9418.149754
957.706154,133.998066,114.855485,-9418.149754
957.706782,76.570323,114.855485,-9418.149754
957.707409,76.570323,114.855485,-9418.149754
957.708037,114.855485,95.712904,-9399.007173
957.708664,76.570323,114.855485,-9418.149754
957.709291,57.427742,76.570323,-9379.864592
957.709919,76.570323,172.283227,-9360.722011
957.710546,95.712904,191.425808,-9360.722011
957.711173,153.140646,191.425808,-9399.007173
957.711801,76.570323,229.710970,-9437.292334
957.712428,133.998066,153.140646,-9418.149754
957.713055,133.998066,114.855485,-9418.149754
957.713683,133.998066,133.998066,-9379.864592
957.714310,76.570323,114.855485,-9418.149754
957.714938,38.285162,114.855485,-9418.149754
957.715565,114.855485,95.712904,-9399.007173
957.716192,76.570323,114.855485,-9418.149754
957.716820,95.712904,172.283227,-9360.722011
957.717447,76.570323,133.998066,-9360.722011
957.718074,38.285162,114.855485,-9418.149754
957.718702,76.570323,95.712904,-9456.434915
957.719329,38.285162,172.283227,-9418.149754
957.719956,76.570323,172.283227,-9418.149754
957.720584,76.570323,153.140646,-9418.149754
957.721211,76.570323,153.140646,-9437.292334
957.721839,38.285162,210.568389,-9437.292334
957.722466,76.570323,172.283227,-9456.434915
957.723093,133.998066,114.855485,-9418.149754
957.723721,114.855485,133.998066,-9418.149754
957.724348,76.570323,114.855485,-9418.149754
957.724975,210.568389,191.425808,-9399.007173
957.725603,133.998066,210.568389,-9418.149754
957.726230,153.140646,172.283227,-9494.720077
957.726857,133.998066,133.998066,-9456.434915
957.727485,76.570323,114.855485,-9456.434915
957.728112,76.570323,153.140646,-9418.149754
957.728740,114.855485,95.712904,-9437.292334
957.729367,133.998066,191.425808,-9399.007173
957.729994,76.570323,191.425808,-9418.149754
957.730622,133.998066,114.855485,-9418.149754
957.731249,153.140646,153.140646,-9399.007173
957.731876,114.855485,133.998066,-9303.294269
957.732504,133.998066,172.283227,-9418.149754
957.733131,153.140646,133.998066,-9437.292334
957.733758,133.998066,114.855485,-9418.149754
957.734386,133.998066,172.283227,-9418.149754
957.735013,38.285162,210.568389,-9418.149754
957.735641,38.285162,172.283227,-9360.722011
957.736268,76.570323,172.283227,-9418.149754
957.736895,133.998066,114.855485,-9418.149754
957.737523,95.712904,114.855485,-9418.149754
957.738150,95.712904,114.855485,-9418.149754
957.738777,76.570323,172.283227,-9418.149754
957.739405,76.570323,114.855485,-9437.292334
957.740032,133.998066,172.283227,-9456.434915
957.740659,133.998066,133.998066,-9437.292334
957.741287,114.855485,153.140646,-9360.722011
957.741914,114.855485,133.998066,-9360.722011
957.742542,76.570323,114.855485,-9418.149754
957.743169,76.570323,95.712904,-9418.149754
957.743796,19.142581,133.998066,-9360.722011
957.744424,38.285162,76.570323,-9379.864592
957.745051,76.570323,114.855485,-9418.149754
957.745678,133.998066,114.855485,-9456.434915
957.746306,172.283227,76.570323,-9418.149754
957.746933,95.712904,114.855485,-9418.149754
957.747560,133.998066,114.855485,-9418.149754
957.748188,153.140646,153.140646,-9399.007173
957.748815,95.712904,153.140646,-9418.149754
957.749443,114.855485,114.855485,-9399.007173
957.750070,114.855485,133.998066,-9360.722011
957.750697,133.998066,153.140646,-9456.434915
957.751325,133.998066,172.283227,-9418.149754
957.751952,114.855485,172.283227,-9360.722011
957.752579,76.570323,153.140646,-9418.149754
957.753207,133.998066,114.855485,-9360.722011
957.753834,95.712904,133.998066,-9360.722011
957.754461,95.712904,172.283227,-9360.722011
957.755089,95.712904,191.425808,-9360.722011
957.755716,76.570323,114.855485,-9418.149754
957.756344,133.998066,133.998066,-9399.007173
957.756971,38.285162,114.855485,-9418.149754
957.757598,114.855485,133.998066,-9360.722011
957.758226,76.570323,114.855485,-9418.149754
957.758853,57.427742,95.712904,-9379.864592
957.759480,114.855485,133.998066,-9341.579430
957.760108,57.427742,172.283227,-9360.722011
957.760735,38.285162,114.855485,-9418.149754
957.761362,133.998066,114.855485,-9456.434915
957.761990,153.140646,153.140646,-9437.292334
957.762617,76.570323,210.568389,-9418.149754
957.763245,95.712904,153.140646,-9360.722011
957.763872,76.570323,114.855485,-9437.292334
957.764499,76.570323,153.140646,-9418.149754
957.765127,57.427742,133.998066,-9360.722011
957.765754,133.998066,172.283227,-9399.007173
957.766381,133.998066,114.855485,-9418.149754
957.767009,38.285162,172.283227,-9437.292334
957.767636,76.570323,95.712904,-9399.007173
957.768263,57.427742,95.712904,-9399.007173
957.768891,133.998066,153.140646,-9399.007173
957.769518,76.570323,133.998066,-9360.722011
957.770146,38.285162,114.855485,-9418.149754
957.770773,76.570323,114.855485,-9456.434915
957.771400,133.998066,210.568389,-9418.149754
957.772028,76.570323,153.140646,-9437.292334
957.772655,57.427742,114.855485,-9399.007173
957.773282,57.427742,133.998066,-9322.436850
957.773910,95.712904,114.855485,-9418.149754
957.774537,133.998066,114.855485,-9418.149754
957.775164,76.570323,114.855485,-9418.149754
957.775792,153.140646,133.998066,-9456.434915
957.776419,38.285162,114.855485,-9418.149754
957.777047,133.998066,153.140646,-9418.149754
957.777674,76.570323,114.855485,-9418.149754
957.778301,76.570323,114.855485,-9360.722011
957.778929,133.998066,114.855485,-9418.149754
957.779556,76.570323,153.140646,-9418.149754
957.780183,114.855485,114.855485,-9399.007173
957.780811,114.855485,133.998066,-9360.722011
957.781438,57.427742,95.712904,-9399.007173
957.782065,114.855485,191.425808,-9360.722011
957.782693,133.998066,76.570323,-9379.864592
957.783320,76.570323,153.140646,-9418.149754
957.783948,172.283227,114.855485,-9379.864592
957.784575,76.570323,114.855485,-9418.149754
957.785202,133.998066,172.283227,-9418.149754
957.785830,76.570323,114.855485,-9360.722011
957.786457,133.998066,114.855485,-9418.149754
957.787084,133.998066,153.140646,-9418.149754
957.787712,133.998066,210.568389,-9418.149754
957.788339,114.855485,172.283227,-9360.722011
957.788966,76.570323,153.140646,-9418.149754
957.789594,76.570323,95.712904,-9399.007173
957.790221,76.570323,172.283227,-9437.292334
957.790849,76.570323,172.283227,-9418.149754
957.791476,114.855485,133.998066,-9360.722011
957.792103,114.855485,95.712904,-9399.007173
957.792731,76.570323,114.855485,-9418.149754
957.793358,95.712904,95.712904,-9379.864592
957.793985,95.712904,95.712904,-9456.434915
957.794613,133.998066,114.855485,-9418.149754
957.795240,38.285162,153.140646,-9437.292334
957.795867,114.855485,95.712904,-9399.007173
957.796495,153.140646,133.998066,-9399.007173
957.797122,38.285162,114.855485,-9418.149754
957.797750,76.570323,114.855485,-9418.149754
957.798377,76.570323,114.855485,-9437.292334
957.799004,95.712904,114.855485,-9437.292334
957.799632,76.570323,114.855485,-9418.149754
957.800259,95.712904,114.855485,-9456.434915
957.800886,76.570323,114.855485,-9437.292334
957.801514,153.140646,153.140646,-9399.007173
957.802141,133.998066,191.425808,-9456.434915
957.802768,133.998066,210.568389,-9418.149754
957.803396,133.998066,172.283227,-9418.149754
957.804023,95.712904,95.712904,-9494.720077
957.804650,133.998066,172.283227,-9456.434915
957.805278,57.427742,172.283227,-9360.722011
957.805905,95.712904,95.712904,-9399.007173
957.806533,38.285162,114.855485,-9360.722011
957.807160,95.712904,172.283227,-9418.149754
957.807787,95.712904,210.568389,-9418.149754
957.808415,76.570323,114.855485,-9418.149754
957.809042,38.285162,114.855485,-9418.149754
957.809669,76.570323,114.855485,-9418.149754
957.810297,76.570323,172.283227,-9456.434915
957.810924,76.570323,114.855485,-9360.722011
957.811551,38.285162,114.855485,-9418.149754
957.812179,57.427742,114.855485,-9418.149754
957.812806,38.285162,114.855485,-9418.149754
957.813434,76.570323,95.712904,-9399.007173
957.814061,133.998066,133.998066,-9399.007173
957.814689,76.570323,153.140646,-9418.149754
957.815316,133.998066,114.855485,-9437.292334
957.815944,95.712904,114.855485,-9418.149754
957.816571,114.855485,172.283227,-9322.436850
957.817198,95.712904,133.998066,-9360.722011
957.817826,38.285162,114.855485,-9418.149754
957.818453,133.998066,114.855485,-9418.149754
957.819081,133.998066,153.140646,-9418.149754
957.819708,76.570323,114.855485,-9437.292334
957.820336,133.998066,114.855485,-9437.292334
957.820963,95.712904,153.140646,-9456.434915
957.821590,153.140646,172.283227,-9494.720077
957.822218,76.570323,210.568389,-9418.149754
957.822845,95.712904,114.855485,-9418.149754
957.823473,95.712904,153.140646,-9360.722011
957.824100,38.285162,153.140646,-9418.149754
957.824728,76.570323,114.855485,-9456.434915
957.825355,95.712904,133.998066,-9360.722011
957.825982,76.570323,114.855485,-9418.149754
957.826610,95.712904,95.712904,-9399.007173
957.827237,76.570323,172.283227,-9418.149754
957.827865,133.998066,114.855485,-9418.149754
957.828492,133.998066,114.855485,-9418.149754
957.829120,133.998066,114.855485,-9418.149754
957.829747,133.998066,133.998066,-9399.007173
957.830374,38.285162,114.855485,-9418.149754
957.831002,76.570323,114.855485,-9418.149754
957.831629,38.285162,114.855485,-9418.149754
957.832257,38.285162,114.855485,-9418.149754
957.832884,95.712904,114.855485,-9418.149754
957.833512,133.998066,114.855485,-9437.292334
957.834139,95.712904,172.283227,-9360.722011
957.834766,133.998066,133.998066,-9399.007173
957.835394,76.570323,172.283227,-9418.149754
957.836021,38.285162,133.998066,-9360.722011
957.836649,95.712904,133.998066,-9360.722011
957.837276,95.712904,172.283227,-9360.722011
957.837904,76.570323,114.855485,-9418.149754
957.838531,95.712904,114.855485,-9418.149754
957.839158,133.998066,172.283227,-9418.149754
957.839786,133.998066,153.140646,-9437.292334
957.840413,114.855485,95.712904,-9399.007173
957.841041,76.570323,172.283227,-9418.149754
957.841668,153.140646,133.998066,-9399.007173
957.842296,76.570323,210.568389,-9418.149754
957.842923,114.855485,210.568389,-9379.864592
957.843550,133.998066,172.283227,-9418.149754
957.844178,57.427742,172.283227,-9418.149754
957.844805,95.712904,153.140646,-9456.434915
957.845433,38.285162,153.140646,-9418.149754
957.846060,114.855485,133.998066,-9360.722011
957.846688,133.998066,114.855485,-9437.292334
957.847315,153.140646,153.140646,-9399.007173
957.847942,133.998066,114.855485,-9418.149754
957.848570,76.570323,114.855485,-9418.149754
957.849197,114.855485,133.998066,-9360.722011
957.849825,76.570323,114.855485,-9418.149754
957.850452,76.570323,153.140646,-9418.149754
957.851080,95.712904,172.283227,-9437.292334
957.851707,76.570323,153.140646,-9437.292334
957.852334,133.998066,153.140646,-9418.149754
957.852962,153.140646,133.998066,-9399.007173
957.853589,153.140646,153.140646,-9399.007173
957.854217,76.570323,114.855485,-9418.149754
957.854844,57.427742,133.998066,-9360.722011
957.855472,76.570323,172.283227,-9360.722011
957.856099,38.285162,210.568389,-9418.149754
957.856726,153.140646,153.140646,-9399.007173
957.857354,133.998066,114.855485,-9418.149754
957.857981,76.570323,114.855485,-9418.149754
957.858609,95.712904,172.283227,-9360.722011
957.859236,76.570323,153.140646,-9418.149754
957.859864,114.855485,95.712904,-9399.007173
957.860491,76.570323,114.855485,-9418.149754
957.861118,133.998066,114.855485,-9341.579430
957.861746,95.712904,95.712904,-9399.007173
957.862373,153.140646,133.998066,-9456.434915
957.863001,133.998066,133.998066,-9399.007173
957.863628,38.285162,114.855485,-9418.149754
957.864256,133.998066,172.283227,-9418.149754
957.864883,153.140646,191.425808,-9399.007173
957.865510,133.998066,210.568389,-9418.149754
957.866138,114.855485,133.998066,-9360.722011
957.866765,114.855485,210.568389,-9379.864592
957.867393,76.570323,114.855485,-9418.149754
957.868020,76.570323,76.570323,-9379.864592
957.868648,76.570323,172.283227,-9418.149754
957.869275,76.570323,114.855485,-9418.149754
957.869902,38.285162,114.855485,-9418.149754
957.870530,114.855485,133.998066,-9360.722011
957.871157,95.712904,114.855485,-9418.149754
957.871785,95.712904,95.712904,-9399.007173
957.872412,153.140646,153.140646,-9399.007173
957.873040,76.570323,153.140646,-9418.149754
957.873667,95.712904,133.998066,-9360.722011
957.874294,95.712904,133.998066,-9360.722011
957.874922,95.712904,153.140646,-9418.149754
957.875549,95.712904,172.283227,-9437.292334
957.876177,76.570323,114.855485,-9418.149754
957.876804,133.998066,210.568389,-9399.007173
957.877432,76.570323,153.140646,-9360.722011
957.878059,38.285162,114.855485,-9418.149754
957.878686,153.140646,133.998066,-9456.434915
957.879314,133.998066,133.998066,-9399.007173
957.879941,76.570323,114.855485,-9418.149754
957.880569,38.285162,114.855485,-9418.149754
957.881196,38.285162,153.140646,-9418.149754
957.881824,76.570323,172.283227,-9418.149754
957.882451,95.712904,95.712904,-9399.007173
957.883078,133.998066,114.855485,-9418.149754
957.883706,95.712904,114.855485,-9399.007173
957.884333,76.570323,153.140646,-9418.149754
957.884961,133.998066,153.140646,-9418.149754
957.885588,95.712904,133.998066,-9360.722011
957.886216,76.570323,153.140646,-9418.149754
957.886843,76.570323,114.855485,-9418.149754
957.887470,133.998066,153.140646,-9437.292334
957.888098,38.285162,114.855485,-9418.149754
957.888725,76.570323,114.855485,-9418.149754
957.889353,133.998066,114.855485,-9456.434915
957.889980,38.285162,153.140646,-9418.149754
957.890608,76.570323,114.855485,-9437.292334
957.891235,76.570323,114.855485,-9456.434915
957.891862,76.570323,114.855485,-9437.292334
957.892490,133.998066,153.140646,-9418.149754
957.893117,133.998066,210.568389,-9456.434915
957.893745,133.998066,172.283227,-9399.007173
957.894372,95.712904,95.712904,-9456.434915
957.895000,76.570323,114.855485,-9418.149754
957.895627,76.570323,114.855485,-9418.149754
957.896254,76.570323,210.568389,-9418.149754
957.896882,38.285162,114.855485,-9437.292334
957.897509,133.998066,114.855485,-9418.149754
957.898137,133.998066,172.283227,-9437.292334
957.898764,153.140646,114.855485,-9418.149754
957.899392,76.570323,114.855485,-9418.149754
957.900019,38.285162,153.140646,-9418.149754
957.900647,133.998066,133.998066,-9456.434915
957.901274,38.285162,95.712904,-9437.292334
957.901901,133.998066,114.855485,-9418.149754
957.902529,95.712904,133.998066,-9360.722011
957.903156,133.998066,76.570323,-9379.864592
957.903784,95.712904,114.855485,-9418.149754
957.904411,153.140646,153.140646,-9399.007173
957.905039,133.998066,133.998066,-9399.007173
957.905666,57.427742,95.712904,-9399.007173
957.906293,133.998066,114.855485,-9418.149754
957.906921,76.570323,114.855485,-9475.577496
957.907548,38.285162,114.855485,-9418.149754
957.908176,95.712904,114.855485,-9418.149754
957.908803,76.570323,114.855485,-9418.149754
957.909431,133.998066,153.140646,-9418.149754
957.910058,76.570323,210.568389,-9418.149754
957.910685,95.712904,153.140646,-9360.722011
957.911313,153.140646,114.855485,-9418.149754
957.911940,76.570323,172.283227,-9437.292334
957.912568,76.570323,114.855485,-9418.149754
957.913195,76.570323,95.712904,-9437.292334
957.913822,95.712904,153.140646,-9418.149754
957.914450,133.998066,114.855485,-9418.149754
957.915077,76.570323,172.283227,-9418.149754
957.915704,19.142581,114.855485,-9418.149754
957.916332,133.998066,76.570323,-9379.864592
957.916959,38.285162,153.140646,-9418.149754
957.917586,133.998066,114.855485,-9418.149754
957.918214,133.998066,114.855485,-9418.149754
957.918841,95.712904,172.283227,-9418.149754
957.919468,76.570323,172.283227,-9418.149754
957.920096,76.570323,153.140646,-9418.149754
957.920723,57.427742,133.998066,-9360.722011
957.921351,133.998066,114.855485,-9418.149754
957.921978,133.998066,133.998066,-9399.007173
957.922605,133.998066,153.140646,-9418.149754
957.923233,153.140646,172.283227,-9399.007173
957.923860,133.998066,172.283227,-9418.149754
957.924487,114.855485,172.283227,-9360.722011
957.925115,114.855485,172.283227,-9360.722011
957.925742,76.570323,114.855485,-9418.149754
957.926369,38.285162,76.570323,-9379.864592
957.926997,133.998066,114.855485,-9456.434915
957.927624,76.570323,114.855485,-9418.149754
957.928251,95.712904,153.140646,-9360.722011
957.928879,133.998066,114.855485,-9437.292334
957.929506,95.712904,153.140646,-9418.149754
957.930134,133.998066,114.855485,-9456.434915
957.930761,76.570323,191.425808,-9418.149754
957.931388,38.285162,153.140646,-9418.149754
957.932016,133.998066,114.855485,-9418.149754
957.932643,95.712904,172.283227,-9360.722011
957.933270,114.855485,248.853550,-9360.722011
957.933898,133.998066,133.998066,-9399.007173
957.934525,133.998066,114.855485,-9418.149754
957.935152,133.998066,153.140646,-9418.149754
957.935780,95.712904,114.855485,-9418.149754
957.936407,133.998066,114.855485,-9418.149754
957.937034,76.570323,114.855485,-9418.149754
957.937662,153.140646,133.998066,-9399.007173
957.938289,172.283227,76.570323,-9418.149754
957.938916,133.998066,114.855485,-9418.149754
957.939544,153.140646,133.998066,-9399.007173
957.940171,38.285162,114.855485,-9437.292334
957.940799,95.712904,114.855485,-9475.577496
957.941426,76.570323,114.855485,-9437.292334
957.942053,76.570323,114.855485,-9418.149754
957.942681,57.427742,114.855485,-9418.149754
957.943308,76.570323,172.283227,-9418.149754
957.943935,57.427742,95.712904,-9399.007173
957.944563,114.855485,114.855485,-9418.149754
957.945190,114.855485,133.998066,-9360.722011
957.945817,133.998066,153.140646,-9399.007173
957.946445,133.998066,153.140646,-9399.007173
957.947072,57.427742,133.998066,-9360.722011
957.947699,114.855485,229.710970,-9399.007173
957.948327,114.855485,191.425808,-9360.722011
957.948954,76.570323,95.712904,-9399.007173
957.949582,133.998066,114.855485,-9418.149754
957.950209,153.140646,133.998066,-9456.434915
957.950836,76.570323,114.855485,-9418.149754
957.951464,76.570323,114.855485,-9418.149754
957.952091,133.998066,114.855485,-9418.149754
957.952718,95.712904,172.283227,-9360.722011
957.953346,38.285162,114.855485,-9418.149754
957.953973,95.712904,114.855485,-9418.149754
957.954600,133.998066,210.568389,-9418.149754
957.955228,95.712904,114.855485,-9418.149754
957.955855,95.712904,172.283227,-9418.149754
957.956482,76.570323,153.140646,-9418.149754
957.957110,95.712904,133.998066,-9360.722011
957.957737,76.570323,210.568389,-9418.149754
957.958364,76.570323,114.855485,-9418.149754
957.958992,95.712904,133.998066,-9360.722011
957.959619,76.570323,210.568389,-9418.149754
957.960247,95.712904,114.855485,-9418.149754
957.960874,76.570323,114.855485,-9360.722011
957.961501,133.998066,210.568389,-9418.149754
957.962129,114.855485,172.283227,-9360.722011
957.962756,76.570323,114.855485,-9494.720077
957.963383,95.712904,133.998066,-9360.722011
957.964011,114.855485,95.712904,-9399.007173
957.964638,114.855485,76.570323,-9418.149754
957.965265,114.855485,95.712904,-9399.007173
957.965893,76.570323,114.855485,-9418.149754
957.966520,95.712904,172.283227,-9360.722011
957.967147,76.570323,172.283227,-9418.149754
957.967775,38.285162,153.140646,-9437.292334
957.968402,76.570323,114.855485,-9418.149754
957.969030,76.570323,153.140646,-9418.149754
957.969657,38.285162,133.998066,-9360.722011
957.970284,114.855485,76.570323,-9418.149754
957.970912,76.570323,153.140646,-9418.149754
957.971539,133.998066,133.998066,-9437.292334
957.972166,133.998066,114.855485,-9475.577496
957.972794,95.712904,95.712904,-9437.292334
957.973421,38.285162,114.855485,-9418.149754
957.974048,76.570323,114.855485,-9418.149754
957.974676,95.712904,133.998066,-9360.722011
957.975303,133.998066,114.855485,-9418.149754
957.975930,76.570323,153.140646,-9418.149754
957.976558,76.570323,114.855485,-9418.149754
957.977185,76.570323,114.855485,-9418.149754
957.977812,76.570323,153.140646,-9418.149754
957.978440,76.570323,133.998066,-9360.722011
957.979067,76.570323,114.855485,-9456.434915
957.979695,76.570323,153.140646,-9418.149754
957.980322,133.998066,210.568389,-9456.434915
957.980949,38.285162,114.855485,-9418.149754
957.981577,95.712904,133.998066,-9360.722011
957.982204,95.712904,133.998066,-9360.722011
957.982831,133.998066,133.998066,-9437.292334
957.983459,76.570323,153.140646,-9475.577496
957.984086,76.570323,172.283227,-9456.434915
957.984713,153.140646,114.855485,-9437.292334
957.985341,95.712904,95.712904,-9456.434915
957.985968,153.140646,153.140646,-9399.007173
957.986595,76.570323,114.855485,-9456.434915
957.987223,114.855485,153.140646,-9322.436850
957.987850,76.570323,172.283227,-9418.149754
957.988478,76.570323,172.283227,-9418.149754
957.989105,76.570323,114.855485,-9418.149754
957.989732,133.998066,210.568389,-9418.149754
957.990360,76.570323,114.855485,-9437.292334
957.990987,114.855485,76.570323,-9418.149754
957.991614,76.570323,114.855485,-9418.149754
957.992242,133.998066,114.855485,-9418.149754
957.992869,133.998066,114.855485,-9418.149754
957.993496,133.998066,114.855485,-9418.149754
957.994124,133.998066,133.998066,-9379.864592
957.994751,172.283227,153.140646,-9379.864592
957.995378,95.712904,76.570323,-9379.864592
957.996006,76.570323,114.855485,-9418.149754
957.996633,95.712904,172.283227,-9360.722011
957.997260,133.998066,133.998066,-9513.862658
957.997888,76.570323,114.855485,-9456.434915
957.998515,133.998066,210.568389,-9418.149754
957.999143,76.570323,133.998066,-9437.292334
957.999770,133.998066,114.855485,-9418.149754
958.000397,153.140646,133.998066,-9399.007173
958.001025,133.998066,114.855485,-9418.149754
958.001652,133.998066,114.855485,-9418.149754
958.002279,76.570323,114.855485,-9418.149754
958.002907,38.285162,114.855485,-9418.149754
958.003534,114.855485,133.998066,-9322.436850
958.004161,76.570323,114.855485,-9418.149754
958.004789,133.998066,114.855485,-9360.722011
958.005416,76.570323,114.855485,-9456.434915
958.006043,38.285162,133.998066,-9360.722011
958.006671,114.855485,191.425808,-9341.579430
958.007298,76.570323,153.140646,-9360.722011
958.007926,95.712904,95.712904,-9399.007173
958.008553,133.998066,133.998066,-9399.007173
958.009180,76.570323,114.855485,-9437.292334
958.009808,133.998066,114.855485,-9418.149754
958.010435,38.285162,153.140646,-9418.149754
958.011062,76.570323,114.855485,-9418.149754
958.011690,95.712904,114.855485,-9418.149754
958.012317,38.285162,114.855485,-9475.577496
958.012944,76.570323,153.140646,-9418.149754
958.013572,114.855485,95.712904,-9437.292334
958.014199,76.570323,153.140646,-9418.149754
958.014827,133.998066,114.855485,-9418.149754
958.015454,133.998066,114.855485,-9418.149754
958.016082,153.140646,191.425808,-9399.007173
958.016709,76.570323,114.855485,-9418.149754
958.017336,133.998066,114.855485,-9418.149754
958.017964,76.570323,153.140646,-9418.149754
958.018591,38.285162,114.855485,-9418.149754
958.019219,76.570323,114.855485,-9418.149754
958.019846,76.570323,210.568389,-9418.149754
958.020474,76.570323,114.855485,-9456.434915
958.021101,133.998066,172.283227,-9418.149754
958.021729,95.712904,191.425808,-9360.722011
958.022356,95.712904,191.425808,-9360.722011
958.022983,114.855485,133.998066,-9360.722011
958.023611,114.855485,133.998066,-9341.579430
958.024238,133.998066,172.283227,-9437.292334
958.024866,133.998066,114.855485,-9360.722011
958.025493,76.570323,153.140646,-9418.149754
958.026121,57.427742,153.140646,-9360.722011
958.026748,38.285162,114.855485,-9418.149754
958.027375,133.998066,229.710970,-9418.149754
958.028003,57.427742,172.283227,-9360.722011
958.028630,76.570323,114.855485,-9418.149754
958.029258,38.285162,114.855485,-9418.149754
958.029885,57.427742,114.855485,-9418.149754
958.030513,95.712904,95.712904,-9399.007173
958.031140,38.285162,114.855485,-9494.720077
958.031768,114.855485,95.712904,-9399.007173
958.032395,133.998066,153.140646,-9418.149754
958.033022,114.855485,153.140646,-9379.864592
958.033650,76.570323,114.855485,-9418.149754
958.034277,114.855485,133.998066,-9360.722011
958.034905,38.285162,229.710970,-9360.722011
958.035532,38.285162,153.140646,-9418.149754
958.036160,133.998066,114.855485,-9418.149754
958.036787,133.998066,153.140646,-9418.149754
958.037414,133.998066,229.710970,-9418.149754
958.038042,133.998066,153.140646,-9437.292334
958.038669,133.998066,172.283227,-9360.722011
958.039297,153.140646,114.855485,-9418.149754
958.039924,133.998066,153.140646,-9418.149754
958.040552,114.855485,191.425808,-9418.149754
958.041179,133.998066,210.568389,-9456.434915
958.041806,76.570323,153.140646,-9360.722011
958.042434,76.570323,114.855485,-9475.577496
958.043061,57.427742,133.998066,-9360.722011
958.043689,114.855485,172.283227,-9360.722011
958.044316,133.998066,114.855485,-9418.149754
958.044944,76.570323,114.855485,-9418.149754
958.045571,95.712904,114.855485,-9418.149754
958.046199,133.998066,191.425808,-9418.149754
958.046826,76.570323,172.283227,-9418.149754
958.047453,38.285162,172.283227,-9418.149754
958.048081,76.570323,114.855485,-9418.149754
958.048708,76.570323,153.140646,-9418.149754
958.049336,76.570323,114.855485,-9456.434915
958.049963,38.285162,153.140646,-9418.149754
958.050591,133.998066,114.855485,-9456.434915
958.051218,133.998066,114.855485,-9418.149754
958.051845,114.855485,133.998066,-9341.579430
958.052473,76.570323,114.855485,-9418.149754
958.053100,133.998066,114.855485,-9437.292334
958.053728,57.427742,114.855485,-9456.434915
958.054355,133.998066,114.855485,-9418.149754
958.054983,133.998066,153.140646,-9418.149754
958.055610,95.712904,114.855485,-9418.149754
958.056238,114.855485,133.998066,-9360.722011
958.056865,95.712904,114.855485,-9418.149754
958.057492,95.712904,114.855485,-9418.149754
958.058120,133.998066,114.855485,-9418.149754
958.058747,76.570323,95.712904,-9399.007173
958.059375,95.712904,95.712904,-9437.292334
958.060002,133.998066,133.998066,-9399.007173
958.060630,95.712904,153.140646,-9418.149754
958.061257,153.140646,191.425808,-9399.007173
958.061884,76.570323,114.855485,-9418.149754
958.062512,133.998066,114.855485,-9418.149754
958.063139,133.998066,210.568389,-9418.149754
958.063767,57.427742,95.712904,-9494.720077
958.064394,76.570323,172.283227,-9418.149754
958.065022,133.998066,114.855485,-9456.434915
958.065649,76.570323,153.140646,-9418.149754
958.066277,133.998066,172.283227,-9399.007173
958.066904,76.570323,114.855485,-9418.149754
958.067531,76.570323,114.855485,-9418.149754
958.068159,76.570323,114.855485,-9418.149754
958.068786,38.285162,114.855485,-9437.292334
958.069414,133.998066,114.855485,-9418.149754
958.070041,133.998066,114.855485,-9418.149754
958.070669,76.570323,153.140646,-9418.149754
958.071296,95.712904,114.855485,-9418.149754
958.071923,153.140646,133.998066,-9379.864592
958.072551,76.570323,114.855485,-9418.149754
958.073178,38.285162,153.140646,-9418.149754
958.073806,114.855485,95.712904,-9399.007173
958.074433,114.855485,172.283227,-9360.722011
958.075061,76.570323,172.283227,-9418.149754
958.075688,133.998066,172.283227,-9437.292334
958.076316,95.712904,153.140646,-9418.149754
958.076943,114.855485,133.998066,-9341.579430
958.077570,76.570323,76.570323,-9379.864592
958.078198,133.998066,153.140646,-9418.149754
958.078825,76.570323,95.712904,-9399.007173
958.079453,133.998066,172.283227,-9418.149754
958.080080,38.285162,114.855485,-9437.292334
958.080708,38.285162,114.855485,-9456.434915
958.081335,153.140646,133.998066,-9399.007173
958.081962,133.998066,153.140646,-9399.007173
958.082590,76.570323,114.855485,-9437.292334
958.083217,133.998066,133.998066,-9399.007173
958.083845,76.570323,114.855485,-9418.149754
958.084472,114.855485,133.998066,-9418.149754
958.085100,38.285162,153.140646,-9475.577496
958.085727,95.712904,114.855485,-9418.149754
958.086354,76.570323,114.855485,-9418.149754
958.086982,76.570323,153.140646,-9418.149754
958.087609,76.570323,114.855485,-9456.434915
958.088237,133.998066,191.425808,-9360.722011
958.088864,76.570323,210.568389,-9418.149754
958.089492,38.285162,172.283227,-9456.434915
958.090119,133.998066,153.140646,-9456.434915
958.090747,38.285162,114.855485,-9456.434915
958.091374,76.570323,114.855485,-9360.722011
958.092001,38.285162,153.140646,-9418.149754
958.092629,95.712904,95.712904,-9399.007173
958.093256,133.998066,210.568389,-9418.149754
958.093884,76.570323,153.140646,-9379.864592
958.094511,133.998066,114.855485,-9418.149754
958.095139,57.427742,133.998066,-9360.722011
958.095766,133.998066,114.855485,-9418.149754
958.096393,133.998066,153.140646,-9437.292334
958.097021,133.998066,133.998066,-9399.007173
958.097648,114.855485,153.140646,-9360.722011
958.098276,153.140646,133.998066,-9399.007173
958.098903,38.285162,153.140646,-9418.149754
958.099531,76.570323,153.140646,-9418.149754
958.100158,76.570323,114.855485,-9418.149754
958.100786,76.570323,133.998066,-9360.722011
958.101413,114.855485,133.998066,-9360.722011
958.102040,76.570323,133.998066,-9399.007173
958.102668,95.712904,210.568389,-9418.149754
958.103295,95.712904,114.855485,-9399.007173
958.103923,57.427742,191.425808,-9341.579430
958.104550,76.570323,114.855485,-9418.149754
958.105178,133.998066,114.855485,-9418.149754
958.105805,76.570323,114.855485,-9418.149754
958.106432,153.140646,133.998066,-9399.007173
958.107060,114.855485,95.712904,-9399.007173
958.107687,133.998066,114.855485,-9418.149754
958.108315,95.712904,172.283227,-9399.007173
958.108942,76.570323,114.855485,-9418.149754
958.109570,95.712904,172.283227,-9360.722011
958.110197,76.570323,133.998066,-9360.722011
958.110825,172.283227,153.140646,-9379.864592
958.111452,76.570323,153.140646,-9360.722011
958.112079,133.998066,114.855485,-9418.149754
958.112707,76.570323,210.568389,-9418.149754
958.113334,76.570323,114.855485,-9418.149754
958.113961,57.427742,95.712904,-9399.007173
958.114589,76.570323,114.855485,-9418.149754
958.115216,76.570323,114.855485,-9437.292334
958.115843,95.712904,114.855485,-9437.292334
958.116471,76.570323,114.855485,-9437.292334
958.117098,95.712904,114.855485,-9533.005238
958.117725,153.140646,172.283227,-9399.007173
958.118353,133.998066,210.568389,-9418.149754
958.118980,133.998066,172.283227,-9399.007173
958.119607,153.140646,172.283227,-9456.434915
958.120235,38.285162,114.855485,-9418.149754
958.120862,133.998066,114.855485,-9456.434915
958.121489,133.998066,114.855485,-9418.149754
958.122117,95.712904,191.425808,-9341.579430
958.122744,57.427742,191.425808,-9341.579430
958.123371,76.570323,153.140646,-9360.722011
958.123999,76.570323,114.855485,-9418.149754
958.124626,114.855485,95.712904,-9399.007173
958.125253,76.570323,153.140646,-9418.149754
958.125881,133.998066,210.568389,-9418.149754
958.126508,95.712904,133.998066,-9360.722011
958.127135,76.570323,114.855485,-9418.149754
958.127763,76.570323,172.283227,-9456.434915
958.128390,57.427742,114.855485,-9360.722011
958.129017,133.998066,114.855485,-9437.292334
958.129644,133.998066,133.998066,-9399.007173
958.130272,38.285162,114.855485,-9418.149754
958.130899,38.285162,114.855485,-9418.149754
958.131526,76.570323,114.855485,-9418.149754
958.132154,76.570323,76.570323,-9379.864592
958.132781,76.570323,153.140646,-9418.149754
958.133408,76.570323,114.855485,-9418.149754
958.134036,57.427742,95.712904,-9399.007173
958.134663,133.998066,114.855485,-9418.149754
958.135290,38.285162,153.140646,-9418.149754
958.135918,38.285162,114.855485,-9437.292334
958.136545,133.998066,114.855485,-9418.149754
958.137172,133.998066,114.855485,-9418.149754
958.137800,76.570323,172.283227,-9456.434915
958.138427,133.998066,114.855485,-9418.149754
958.139054,76.570323,114.855485,-9418.149754
958.139682,95.712904,114.855485,-9418.149754
958.140309,57.427742,95.712904,-9399.007173
958.140936,57.427742,172.283227,-9437.292334
958.141564,38.285162,76.570323,-9379.864592
958.142191,95.712904,133.998066,-9360.722011
958.142818,133.998066,114.855485,-9418.149754
958.143446,133.998066,133.998066,-9379.864592
958.144073,95.712904,172.283227,-9418.149754
958.144700,76.570323,114.855485,-9418.149754
958.145327,133.998066,114.855485,-9418.149754
958.145955,133.998066,153.140646,-9418.149754
958.146582,95.712904,133.998066,-9360.722011
958.147209,114.855485,114.855485,-9379.864592
958.147837,95.712904,133.998066,-9360.722011
958.148464,114.855485,76.570323,-9418.149754
958.149091,38.285162,114.855485,-9418.149754
958.149719,114.855485,95.712904,-9399.007173
958.150346,133.998066,114.855485,-9418.149754
958.150973,76.570323,210.568389,-9418.149754
958.151601,76.570323,172.283227,-9418.149754
958.152228,153.140646,133.998066,-9399.007173
958.152855,133.998066,153.140646,-9418.149754
958.153483,76.570323,172.283227,-9418.149754
958.154110,133.998066,133.998066,-9399.007173
958.154737,38.285162,114.855485,-9418.149754
958.155365,76.570323,114.855485,-9418.149754
958.155992,133.998066,133.998066,-9399.007173
958.156619,95.712904,153.140646,-9418.149754
958.157247,114.855485,114.855485,-9399.007173
958.157874,114.855485,76.570323,-9418.149754
958.158501,133.998066,210.568389,-9418.149754
958.159129,76.570323,114.855485,-9418.149754
958.159756,76.570323,114.855485,-9418.149754
958.160383,38.285162,172.283227,-9418.149754
958.161011,38.285162,114.855485,-9418.149754
958.161638,133.998066,76.570323,-9379.864592
958.162265,76.570323,114.855485,-9456.434915
958.162892,133.998066,114.855485,-9475.577496
958.163520,133.998066,114.855485,-9494.720077
958.164147,76.570323,114.855485,-9418.149754
958.164774,76.570323,210.568389,-9418.149754
958.165402,76.570323,172.283227,-9418.149754
958.166029,133.998066,172.283227,-9360.722011
958.166656,76.570323,114.855485,-9418.149754
958.167284,133.998066,114.855485,-9418.149754
958.167911,76.570323,114.855485,-9418.149754
958.168538,95.712904,95.712904,-9399.007173
958.169166,133.998066,114.855485,-9456.434915
958.169793,133.998066,114.855485,-9418.149754
958.170420,133.998066,172.283227,-9418.149754
958.171048,114.855485,76.570323,-9418.149754
958.171675,38.285162,114.855485,-9418.149754
958.172302,153.140646,172.283227,-9399.007173
958.172930,153.140646,172.283227,-9399.007173
958.173557,76.570323,191.425808,-9418.149754
958.174184,133.998066,114.855485,-9456.434915
958.174812,76.570323,153.140646,-9418.149754
958.175439,76.570323,114.855485,-9418.149754
958.176066,153.140646,153.140646,-9399.007173
958.176694,153.140646,153.140646,-9513.862658
958.177321,133.998066,172.283227,-9399.007173
958.177948,133.998066,114.855485,-9418.149754
958.178575,95.712904,114.855485,-9418.149754
958.179203,76.570323,210.568389,-9418.149754
958.179830,76.570323,114.855485,-9456.434915
958.180457,76.570323,172.283227,-9418.149754
958.181085,38.285162,210.568389,-9418.149754
958.181712,38.285162,172.283227,-9418.149754
958.182339,95.712904,114.855485,-9360.722011
958.182967,95.712904,114.855485,-9418.149754
958.183594,114.855485,95.712904,-9399.007173
958.184221,95.712904,95.712904,-9399.007173
958.184849,95.712904,114.855485,-9437.292334
958.185476,38.285162,210.568389,-9418.149754
958.186103,76.570323,133.998066,-9360.722011
958.186731,133.998066,114.855485,-9418.149754
958.187358,133.998066,210.568389,-9418.149754
958.187985,38.285162,172.283227,-9418.149754
958.188613,76.570323,210.568389,-9418.149754
958.189240,114.855485,133.998066,-9360.722011
958.189867,95.712904,114.855485,-9418.149754
958.190495,95.712904,76.570323,-9379.864592
958.191122,133.998066,114.855485,-9418.149754
958.191749,76.570323,153.140646,-9456.434915
958.192377,95.712904,114.855485,-9399.007173
958.193004,57.427742,172.283227,-9418.149754
958.193631,133.998066,229.710970,-9418.149754
958.194259,38.285162,210.568389,-9418.149754
958.194886,76.570323,114.855485,-9418.149754
958.195513,133.998066,172.283227,-9418.149754
958.196140,153.140646,133.998066,-9399.007173
958.196768,133.998066,191.425808,-9418.149754
958.197395,114.855485,172.283227,-9360.722011
958.198022,76.570323,114.855485,-9418.149754
958.198650,114.855485,114.855485,-9379.864592
958.199277,76.570323,133.998066,-9379.864592
958.199904,95.712904,210.568389,-9418.149754
958.200532,95.712904,153.140646,-9437.292334
958.201159,95.712904,133.998066,-9360.722011
958.201786,153.140646,133.998066,-9399.007173
958.202414,76.570323,114.855485,-9418.149754
958.203041,76.570323,114.855485,-9437.292334
958.203668,38.285162,172.283227,-9418.149754
958.204296,133.998066,153.140646,-9437.292334
958.204923,76.570323,114.855485,-9437.292334
958.205550,133.998066,114.855485,-9437.292334
958.206178,95.712904,172.283227,-9418.149754
958.206805,95.712904,172.283227,-9418.149754
958.207432,114.855485,191.425808,-9360.722011
958.208060,133.998066,133.998066,-9399.007173
958.208687,38.285162,114.855485,-9418.149754
958.209314,133.998066,114.855485,-9418.149754
958.209942,210.568389,172.283227,-9399.007173
958.210569,133.998066,153.140646,-9418.149754
958.211196,76.570323,153.140646,-9494.720077
958.211823,153.140646,153.140646,-9399.007173
958.212451,133.998066,153.140646,-9437.292334
958.213078,133.998066,114.855485,-9418.149754
958.213706,133.998066,153.140646,-9418.149754
958.214333,133.998066,114.855485,-9418.149754
958.214960,95.712904,114.855485,-9379.864592
958.215588,172.283227,172.283227,-9379.864592
958.216215,95.712904,172.283227,-9360.722011
958.216842,38.285162,153.140646,-9418.149754
958.217470,76.570323,114.855485,-9418.149754
958.218097,114.855485,133.998066,-9360.722011
958.218724,153.140646,133.998066,-9379.864592
958.219352,114.855485,76.570323,-9418.149754
958.219979,114.855485,133.998066,-9360.722011
958.220607,38.285162,114.855485,-9418.149754
958.221234,76.570323,153.140646,-9418.149754
958.221861,133.998066,114.855485,-9418.149754
958.222489,38.285162,114.855485,-9418.149754
958.223116,133.998066,114.855485,-9418.149754
958.223743,38.285162,153.140646,-9360.722011
958.224371,76.570323,153.140646,-9418.149754
958.224998,95.712904,95.712904,-9399.007173
958.225626,76.570323,172.283227,-9418.149754
958.226253,95.712904,172.283227,-9418.149754
958.226880,153.140646,172.283227,-9437.292334
958.227508,153.140646,133.998066,-9399.007173
958.228135,95.712904,133.998066,-9360.722011
958.228762,76.570323,172.283227,-9418.149754
958.229390,114.855485,133.998066,-9360.722011
958.230017,133.998066,114.855485,-9418.149754
958.230645,76.570323,114.855485,-9418.149754
958.231272,133.998066,172.283227,-9418.149754
958.231899,114.855485,133.998066,-9360.722011
958.232527,133.998066,114.855485,-9418.149754
958.233154,38.285162,114.855485,-9437.292334
958.233781,76.570323,114.855485,-9418.149754
958.234409,95.712904,114.855485,-9418.149754
958.235036,172.283227,76.570323,-9418.149754
958.235663,76.570323,114.855485,-9418.149754
958.236291,76.570323,114.855485,-9437.292334
958.236918,38.285162,229.710970,-9418.149754
958.237546,76.570323,153.140646,-9456.434915
958.238173,76.570323,133.998066,-9360.722011
958.238800,95.712904,95.712904,-9456.434915
958.239428,133.998066,114.855485,-9437.292334
958.240055,133.998066,210.568389,-9418.149754
958.240682,95.712904,133.998066,-9341.579430
958.241310,114.855485,95.712904,-9399.007173
958.241937,133.998066,172.283227,-9418.149754
958.242565,114.855485,133.998066,-9360.722011
958.243192,114.855485,95.712904,-9399.007173
958.243819,76.570323,76.570323,-9379.864592
958.244447,133.998066,114.855485,-9360.722011
958.245074,57.427742,133.998066,-9360.722011
958.245701,133.998066,267.996131,-9399.007173
958.246329,76.570323,153.140646,-9418.149754
958.246956,153.140646,172.283227,-9437.292334
958.247584,76.570323,114.855485,-9418.149754
958.248211,95.712904,133.998066,-9360.722011
958.248838,0.000000,172.283227,-9360.722011
958.249466,114.855485,133.998066,-9341.579430
958.250093,114.855485,76.570323,-9437.292334
958.250720,133.998066,229.710970,-9418.149754
958.251348,133.998066,210.568389,-9418.149754
958.251975,133.998066,229.710970,-9418.149754
958.252603,153.140646,172.283227,-9399.007173
958.253230,114.855485,133.998066,-9360.722011
958.253857,133.998066,114.855485,-9437.292334
958.254485,95.712904,172.283227,-9437.292334
958.255112,95.712904,133.998066,-9360.722011
958.255739,133.998066,229.710970,-9418.149754
958.256367,38.285162,114.855485,-9418.149754
958.256994,114.855485,114.855485,-9379.864592
958.257621,57.427742,172.283227,-9418.149754
958.258249,38.285162,191.425808,-9418.149754
958.258876,76.570323,95.712904,-9399.007173
958.259504,95.712904,133.998066,-9360.722011
958.260131,95.712904,95.712904,-9399.007173
958.260758,76.570323,114.855485,-9418.149754
958.261386,38.285162,133.998066,-9418.149754
958.262013,133.998066,114.855485,-9418.149754
958.262640,172.283227,95.712904,-9456.434915
958.263268,114.855485,133.998066,-9418.149754
958.263895,76.570323,114.855485,-9418.149754
958.264523,38.285162,114.855485,-9360.722011
958.265150,133.998066,210.568389,-9418.149754
958.265777,95.712904,114.855485,-9418.149754
958.266405,38.285162,76.570323,-9379.864592
958.267032,153.140646,133.998066,-9399.007173
958.267659,95.712904,153.140646,-9418.149754
958.268287,38.285162,172.283227,-9418.149754
958.268914,114.855485,133.998066,-9360.722011
958.269542,76.570323,114.855485,-9418.149754
958.270169,76.570323,95.712904,-9418.149754
958.270796,57.427742,95.712904,-9399.007173
958.271424,153.140646,133.998066,-9399.007173
958.272051,76.570323,114.855485,-9437.292334
958.272678,38.285162,172.283227,-9418.149754
958.273306,95.712904,153.140646,-9418.149754
958.273933,76.570323,114.855485,-9437.292334
958.274560,114.855485,133.998066,-9360.722011
958.275188,133.998066,114.855485,-9418.149754
958.275815,57.427742,133.998066,-9360.722011
958.276443,95.712904,95.712904,-9475.577496
958.277070,133.998066,172.283227,-9437.292334
958.277697,133.998066,114.855485,-9418.149754
958.278325,76.570323,114.855485,-9418.149754
958.278952,133.998066,114.855485,-9418.149754
958.279579,95.712904,95.712904,-9399.007173
958.280207,95.712904,114.855485,-9437.292334
958.280834,133.998066,172.283227,-9418.149754
958.281462,76.570323,114.855485,-9418.149754
958.282089,133.998066,114.855485,-9418.149754
958.282716,133.998066,114.855485,-9418.149754
958.283344,114.855485,133.998066,-9360.722011
958.283971,114.855485,133.998066,-9360.722011
958.284598,95.712904,172.283227,-9360.722011
958.285226,57.427742,133.998066,-9360.722011
958.285853,95.712904,172.283227,-9322.436850
958.286481,133.998066,172.283227,-9418.149754
958.287108,76.570323,210.568389,-9418.149754
958.287735,57.427742,153.140646,-9418.149754
958.288363,76.570323,191.425808,-9360.722011
958.288990,76.570323,172.283227,-9418.149754
958.289617,95.712904,153.140646,-9360.722011
958.290245,76.570323,114.855485,-9418.149754
958.290872,76.570323,114.855485,-9418.149754
958.291500,133.998066,133.998066,-9399.007173
958.292127,76.570323,153.140646,-9418.149754
958.292754,153.140646,153.140646,-9379.864592
958.293382,114.855485,114.855485,-9399.007173
958.294009,76.570323,153.140646,-9418.149754
958.294636,57.427742,95.712904,-9437.292334
958.295264,153.140646,133.998066,-9399.007173
958.295891,76.570323,114.855485,-9418.149754
958.296518,133.998066,172.283227,-9418.149754
958.297146,133.998066,114.855485,-9418.149754
958.297773,153.140646,133.998066,-9456.434915
958.298401,133.998066,114.855485,-9418.149754
958.299028,76.570323,114.855485,-9418.149754
958.299655,153.140646,133.998066,-9399.007173
958.300283,38.285162,114.855485,-9418.149754
958.300910,76.570323,114.855485,-9418.149754
958.301537,95.712904,172.283227,-9341.579430
958.302165,133.998066,114.855485,-9418.149754
958.302792,133.998066,172.283227,-9418.149754
958.303420,76.570323,114.855485,-9437.292334
958.304047,76.570323,95.712904,-9399.007173
958.304674,95.712904,191.425808,-9360.722011
958.305302,57.427742,114.855485,-9418.149754
958.305929,76.570323,114.855485,-9418.149754
958.306556,172.283227,76.570323,-9418.149754
958.307184,133.998066,114.855485,-9418.149754
958.307811,76.570323,172.283227,-9418.149754
958.308439,114.855485,114.855485,-9437.292334
958.309066,114.855485,133.998066,-9360.722011
958.309693,114.855485,172.283227,-9360.722011
958.310321,114.855485,153.140646,-9379.864592
958.310948,76.570323,114.855485,-9456.434915
958.311575,133.998066,153.140646,-9494.720077
958.312203,76.570323,114.855485,-9418.149754
958.312830,95.712904,133.998066,-9360.722011
958.313457,57.427742,114.855485,-9399.007173
958.314085,76.570323,114.855485,-9418.149754
958.314713,38.285162,114.855485,-9418.149754
958.315340,76.570323,114.855485,-9360.722011
958.315968,38.285162,210.568389,-9456.434915
958.316595,76.570323,114.855485,-9418.149754
958.317223,76.570323,114.855485,-9418.149754
958.317850,133.998066,133.998066,-9399.007173
958.318478,76.570323,172.283227,-9456.434915
958.319105,38.285162,114.855485,-9437.292334
958.319733,76.570323,153.140646,-9418.149754
958.320360,95.712904,133.998066,-9360.722011
958.320988,133.998066,114.855485,-9418.149754
958.321616,133.998066,114.855485,-9418.149754
958.322243,133.998066,114.855485,-9456.434915
958.322871,76.570323,114.855485,-9418.149754
958.323498,114.855485,191.425808,-9360.722011
958.324126,153.140646,172.283227,-9399.007173
958.324753,95.712904,153.140646,-9418.149754
958.325381,38.285162,114.855485,-9418.149754
958.326008,133.998066,172.283227,-9418.149754
958.326636,76.570323,153.140646,-9418.149754
958.327263,76.570323,153.140646,-9437.292334
958.327891,95.712904,95.712904,-9437.292334
958.328519,133.998066,114.855485,-9418.149754
958.329146,38.285162,114.855485,-9418.149754
958.329774,95.712904,114.855485,-9418.149754
958.330401,133.998066,133.998066,-9399.007173
958.331029,38.285162,210.568389,-9494.720077
958.331656,38.285162,114.855485,-9418.149754
958.332284,133.998066,114.855485,-9456.434915
958.332911,57.427742,95.712904,-9399.007173
958.333539,153.140646,133.998066,-9399.007173
958.334166,133.998066,133.998066,-9379.864592
958.334794,95.712904,153.140646,-9418.149754
958.335421,57.427742,153.140646,-9360.722011
958.336049,133.998066,114.855485,-9418.149754
958.336677,210.568389,153.140646,-9399.007173
958.337304,133.998066,114.855485,-9418.149754
958.337932,38.285162,114.855485,-9418.149754
958.338559,133.998066,114.855485,-9418.149754
958.339187,114.855485,76.570323,-9418.149754
958.339814,38.285162,95.712904,-9399.007173
958.340442,38.285162,114.855485,-9418.149754
958.341069,114.855485,95.712904,-9379.864592
958.341697,95.712904,133.998066,-9360.722011
958.342324,114.855485,133.998066,-9360.722011
958.342952,76.570323,114.855485,-9437.292334
958.343580,133.998066,114.855485,-9418.149754
958.344207,95.712904,172.283227,-9341.579430
958.344835,133.998066,172.283227,-9418.149754
958.345462,76.570323,191.425808,-9418.149754
958.346090,95.712904,153.140646,-9418.149754
958.346717,76.570323,114.855485,-9456.434915
958.347345,76.570323,210.568389,-9418.149754
958.347972,133.998066,153.140646,-9418.149754
958.348600,95.712904,133.998066,-9360.722011
958.349227,114.855485,95.712904,-9399.007173
958.349855,95.712904,114.855485,-9418.149754
958.350482,38.285162,114.855485,-9418.149754
958.351110,133.998066,114.855485,-9418.149754
958.351738,76.570323,153.140646,-9360.722011
958.352365,95.712904,133.998066,-9360.722011
958.352993,133.998066,153.140646,-9418.149754
958.353620,133.998066,172.283227,-9418.149754
958.354248,114.855485,114.855485,-9418.149754
958.354875,133.998066,153.140646,-9399.007173
958.355503,76.570323,114.855485,-9418.149754
958.356130,114.855485,95.712904,-9456.434915
958.356758,133.998066,153.140646,-9437.292334
958.357385,114.855485,172.283227,-9399.007173
958.358013,153.140646,133.998066,-9494.720077
958.358641,114.855485,95.712904,-9399.007173
958.359268,76.570323,114.855485,-9418.149754
958.359896,76.570323,172.283227,-9418.149754
958.360523,76.570323,153.140646,-9418.149754
958.361151,76.570323,114.855485,-9418.149754
958.361778,95.712904,114.855485,-9418.149754
958.362406,76.570323,114.855485,-9418.149754
958.363033,76.570323,114.855485,-9494.720077
958.363661,76.570323,114.855485,-9437.292334
958.364288,76.570323,172.283227,-9456.434915
958.364916,19.142581,114.855485,-9418.149754
958.365543,76.570323,114.855485,-9456.434915
958.366171,76.570323,191.425808,-9418.149754
958.366799,95.712904,172.283227,-9418.149754
958.367426,114.855485,133.998066,-9360.722011
958.368054,95.712904,114.855485,-9418.149754
958.368681,38.285162,114.855485,-9418.149754
958.369309,114.855485,76.570323,-9418.149754
958.369936,114.855485,133.998066,-9360.722011
958.370564,133.998066,114.855485,-9418.149754
958.371191,76.570323,210.568389,-9418.149754
958.371819,153.140646,133.998066,-9379.864592
958.372446,114.855485,133.998066,-9360.722011
958.373074,38.285162,114.855485,-9418.149754
958.373702,76.570323,114.855485,-9418.149754
958.374329,76.570323,114.855485,-9418.149754
958.374957,57.427742,133.998066,-9360.722011
958.375584,38.285162,114.855485,-9418.149754
958.376212,38.285162,114.855485,-9418.149754
958.376839,153.140646,153.140646,-9399.007173
958.377467,76.570323,172.283227,-9418.149754
958.378094,76.570323,210.568389,-9456.434915
958.378722,95.712904,191.425808,-9418.149754
958.379349,76.570323,153.140646,-9418.149754
958.379977,76.570323,114.855485,-9437.292334
958.380604,76.570323,114.855485,-9494.720077
958.381232,95.712904,114.855485,-9418.149754
958.381860,153.140646,114.855485,-9418.149754
958.382487,38.285162,114.855485,-9418.149754
958.383115,133.998066,172.283227,-9418.149754
958.383742,76.570323,114.855485,-9418.149754
958.384370,114.855485,95.712904,-9399.007173
958.384997,133.998066,114.855485,-9418.149754
958.385625,38.285162,114.855485,-9418.149754
958.386252,114.855485,95.712904,-9399.007173
958.386880,133.998066,114.855485,-9418.149754
958.387507,76.570323,153.140646,-9456.434915
958.388135,0.000000,133.998066,-9360.722011
958.388763,114.855485,191.425808,-9360.722011
958.389390,133.998066,210.568389,-9456.434915
958.390018,38.285162,172.283227,-9360.722011
958.390645,133.998066,114.855485,-9418.149754
958.391273,38.285162,114.855485,-9418.149754
958.391900,76.570323,210.568389,-9418.149754
958.392528,133.998066,114.855485,-9418.149754
958.393155,133.998066,172.283227,-9418.149754
958.393783,133.998066,114.855485,-9418.149754
958.394410,114.855485,114.855485,-9379.864592
958.395038,133.998066,153.140646,-9418.149754
958.395665,133.998066,172.283227,-9437.292334
958.396293,76.570323,153.140646,-9418.149754
958.396921,133.998066,172.283227,-9418.149754
958.397548,76.570323,172.283227,-9437.292334
958.398176,133.998066,172.283227,-9360.722011
958.398803,172.283227,133.998066,-9360.722011
958.399431,95.712904,114.855485,-9418.149754
958.400058,76.570323,114.855485,-9437.292334
958.400686,95.712904,114.855485,-9418.149754
958.401313,95.712904,114.855485,-9418.149754
958.401941,133.998066,114.855485,-9418.149754
958.402568,133.998066,114.855485,-9456.434915
958.403196,95.712904,153.140646,-9360.722011
958.403824,95.712904,114.855485,-9418.149754
958.404451,133.998066,114.855485,-9418.149754
958.405079,133.998066,191.425808,-9399.007173
958.405706,76.570323,172.283227,-9418.149754
958.406334,38.285162,229.710970,-9418.149754
958.406961,57.427742,114.855485,-9399.007173
958.407589,76.570323,153.140646,-9418.149754
958.408216,76.570323,133.998066,-9360.722011
958.408844,38.285162,114.855485,-9418.149754
958.409471,133.998066,133.998066,-9399.007173
958.410099,133.998066,114.855485,-9475.577496
958.410726,133.998066,114.855485,-9418.149754
958.411354,95.712904,191.425808,-9360.722011
958.411982,153.140646,172.283227,-9456.434915
958.412609,57.427742,95.712904,-9437.292334
958.413237,114.855485,95.712904,-9399.007173
958.413864,38.285162,172.283227,-9437.292334
958.414492,76.570323,153.140646,-9360.722011
958.415119,153.140646,172.283227,-9399.007173
958.415746,38.285162,153.140646,-9418.149754
958.416374,76.570323,114.855485,-9418.149754
958.417001,76.570323,172.283227,-9418.149754
958.417629,95.712904,133.998066,-9360.722011
958.418256,76.570323,114.855485,-9418.149754
958.418883,95.712904,76.570323,-9379.864592
958.419511,57.427742,95.712904,-9399.007173
958.420138,133.998066,114.855485,-9418.149754
958.420766,133.998066,114.855485,-9418.149754
958.421393,76.570323,172.283227,-9418.149754
958.422021,38.285162,172.283227,-9418.149754
958.422648,95.712904,133.998066,-9360.722011
958.423275,57.427742,153.140646,-9360.722011
958.423903,76.570323,153.140646,-9456.434915
958.424530,114.855485,133.998066,-9360.722011
958.425158,153.140646,133.998066,-9399.007173
958.425785,153.140646,133.998066,-9399.007173
958.426412,114.855485,133.998066,-9418.149754
958.427040,114.855485,133.998066,-9360.722011
958.427667,76.570323,172.283227,-9437.292334
958.428295,172.283227,76.570323,-9456.434915
958.428922,133.998066,114.855485,-9418.149754
958.429549,76.570323,114.855485,-9418.149754
958.430177,76.570323,153.140646,-9418.149754
958.430804,76.570323,114.855485,-9418.149754
958.431432,76.570323,210.568389,-9437.292334
958.432059,133.998066,210.568389,-9418.149754
958.432686,114.855485,172.283227,-9360.722011
958.433314,38.285162,114.855485,-9418.149754
958.433941,133.998066,114.855485,-9418.149754
958.434569,95.712904,95.712904,-9399.007173
958.435196,76.570323,114.855485,-9437.292334
958.435824,76.570323,114.855485,-9475.577496
958.436451,133.998066,114.855485,-9456.434915
958.437078,114.855485,114.855485,-9399.007173
958.437706,133.998066,210.568389,-9418.149754
958.438333,114.855485,153.140646,-9418.149754
958.438961,172.283227,114.855485,-9379.864592
958.439588,133.998066,172.283227,-9418.149754
958.440215,153.140646,153.140646,-9399.007173
958.440843,133.998066,114.855485,-9418.149754
958.441470,76.570323,210.568389,-9418.149754
958.442098,172.283227,114.855485,-9379.864592
958.442725,95.712904,114.855485,-9418.149754
958.443352,76.570323,133.998066,-9360.722011
958.443980,95.712904,95.712904,-9399.007173
958.444607,133.998066,153.140646,-9418.149754
958.445235,76.570323,114.855485,-9418.149754
958.445862,133.998066,172.283227,-9418.149754
958.446489,95.712904,191.425808,-9360.722011
958.447117,95.712904,114.855485,-9418.149754
958.447744,76.570323,114.855485,-9418.149754
958.448372,133.998066,210.568389,-9418.149754
958.448999,114.855485,153.140646,-9360.722011
958.449627,76.570323,210.568389,-9418.149754
958.450254,114.855485,172.283227,-9360.722011
958.450881,133.998066,153.140646,-9456.434915
958.451509,95.712904,172.283227,-9418.149754
958.452136,38.285162,172.283227,-9360.722011
958.452764,133.998066,172.283227,-9418.149754
958.453391,133.998066,114.855485,-9456.434915
958.454018,133.998066,76.570323,-9379.864592
958.454646,114.855485,133.998066,-9341.579430
958.455273,114.855485,133.998066,-9360.722011
958.455901,76.570323,133.998066,-9360.722011
958.456528,133.998066,172.283227,-9418.149754
958.457155,95.712904,133.998066,-9360.722011
958.457783,95.712904,133.998066,-9360.722011
958.458410,133.998066,153.140646,-9418.149754
958.459038,172.283227,210.568389,-9379.864592
958.459665,76.570323,191.425808,-9379.864592
958.460292,57.427742,210.568389,-9399.007173
958.460920,95.712904,114.855485,-9399.007173
958.461547,76.570323,153.140646,-9418.149754
958.462175,57.427742,133.998066,-9360.722011
958.462802,38.285162,172.283227,-9418.149754
958.463430,76.570323,153.140646,-9418.149754
958.464057,133.998066,114.855485,-9418.149754
958.464684,95.712904,133.998066,-9360.722011
958.465312,153.140646,114.855485,-9418.149754
958.465939,76.570323,114.855485,-9418.149754
958.466567,76.570323,133.998066,-9379.864592
958.467194,38.285162,114.855485,-9418.149754
958.467821,95.712904,95.712904,-9399.007173
958.468449,133.998066,114.855485,-9418.149754
958.469076,95.712904,95.712904,-9399.007173
958.469704,76.570323,114.855485,-9418.149754
958.470331,76.570323,114.855485,-9418.149754
958.470958,76.570323,153.140646,-9418.149754
958.471586,133.998066,114.855485,-9475.577496
958.472213,19.142581,76.570323,-9379.864592
958.472841,114.855485,133.998066,-9360.722011
958.473468,153.140646,133.998066,-9399.007173
958.474095,76.570323,114.855485,-9418.149754
958.474723,133.998066,114.855485,-9418.149754
958.475350,38.285162,114.855485,-9418.149754
958.475978,76.570323,172.283227,-9437.292334
958.476605,95.712904,95.712904,-9399.007173
958.477233,38.285162,114.855485,-9418.149754
958.477860,133.998066,114.855485,-9418.149754
958.478487,76.570323,172.283227,-9418.149754
958.479115,76.570323,114.855485,-9418.149754
958.479742,133.998066,153.140646,-9418.149754
958.480370,133.998066,114.855485,-9418.149754
958.480997,133.998066,114.855485,-9437.292334
958.481624,38.285162,210.568389,-9418.149754
958.482252,95.712904,210.568389,-9437.292334
958.482879,38.285162,153.140646,-9418.149754
958.483507,95.712904,210.568389,-9456.434915
958.484134,38.285162,153.140646,-9418.149754
958.484761,57.427742,172.283227,-9418.149754
958.485389,133.998066,133.998066,-9399.007173
958.486016,95.712904,114.855485,-9418.149754
958.486644,76.570323,114.855485,-9418.149754
958.487271,57.427742,172.283227,-9418.149754
958.487898,95.712904,172.283227,-9360.722011
958.488526,76.570323,172.283227,-9360.722011
958.489153,133.998066,114.855485,-9418.149754
958.489781,133.998066,114.855485,-9418.149754
958.490408,76.570323,210.568389,-9418.149754
958.491036,57.427742,191.425808,-9437.292334
958.491663,133.998066,172.283227,-9437.292334
958.492290,133.998066,114.855485,-9418.149754
958.492918,133.998066,114.855485,-9360.722011
958.493545,114.855485,95.712904,-9399.007173
958.494173,76.570323,114.855485,-9418.149754
958.494800,133.998066,114.855485,-9418.149754
958.495427,153.140646,172.283227,-9399.007173
958.496055,133.998066,172.283227,-9418.149754
958.496682,76.570323,114.855485,-9418.149754
958.497310,133.998066,114.855485,-9418.149754
958.497937,38.285162,172.283227,-9418.149754
958.498564,76.570323,172.283227,-9418.149754
958.499192,114.855485,95.712904,-9494.720077
958.499819,76.570323,114.855485,-9418.149754
958.500447,114.855485,95.712904,-9399.007173
958.501074,114.855485,95.712904,-9399.007173
958.501701,95.712904,95.712904,-9399.007173
958.502329,76.570323,210.568389,-9418.149754
958.502956,38.285162,172.283227,-9418.149754
958.503584,95.712904,114.855485,-9418.149754
958.504211,76.570323,210.568389,-9360.722011
958.504839,114.855485,191.425808,-9360.722011
958.505466,133.998066,153.140646,-9418.149754
958.506093,76.570323,114.855485,-9418.149754
958.506721,76.570323,229.710970,-9456.434915
958.507348,38.285162,114.855485,-9456.434915
958.507976,133.998066,172.283227,-9418.149754
958.508603,38.285162,114.855485,-9418.149754
958.509230,76.570323,153.140646,-9437.292334
958.509858,133.998066,114.855485,-9360.722011
958.510485,76.570323,114.855485,-9418.149754
958.511113,19.142581,114.855485,-9418.149754
958.511740,76.570323,210.568389,-9418.149754
958.512367,76.570323,172.283227,-9418.149754
958.512995,76.570323,114.855485,-9437.292334
958.513622,38.285162,114.855485,-9418.149754
958.514250,114.855485,95.712904,-9456.434915
958.514877,133.998066,133.998066,-9456.434915
958.515505,133.998066,114.855485,-9418.149754
958.516132,95.712904,133.998066,-9360.722011
958.516760,114.855485,153.140646,-9360.722011
958.517388,76.570323,172.283227,-9418.149754
958.518015,38.285162,114.855485,-9418.149754
958.518643,38.285162,172.283227,-9418.149754
958.519270,133.998066,172.283227,-9418.149754
958.519898,133.998066,191.425808,-9399.007173
958.520526,38.285162,153.140646,-9418.149754
958.521153,76.570323,114.855485,-9418.149754
958.521781,38.285162,172.283227,-9418.149754
958.522408,172.283227,172.283227,-9379.864592
958.523036,76.570323,153.140646,-9418.149754
958.523664,76.570323,153.140646,-9418.149754
958.524291,76.570323,114.855485,-9437.292334
958.524919,95.712904,114.855485,-9418.149754
958.525546,153.140646,133.998066,-9399.007173
958.526174,133.998066,153.140646,-9437.292334
958.526802,95.712904,95.712904,-9437.292334
958.527429,76.570323,172.283227,-9437.292334
958.528057,133.998066,210.568389,-9418.149754
958.528684,76.570323,229.710970,-9418.149754
958.529312,76.570323,172.283227,-9418.149754
958.529940,133.998066,114.855485,-9418.149754
958.530567,153.140646,172.283227,-9399.007173
958.531195,133.998066,114.855485,-9418.149754
958.531822,95.712904,95.712904,-9437.292334
958.532450,114.855485,76.570323,-9418.149754
958.533078,38.285162,76.570323,-9303.294269
958.533705,95.712904,172.283227,-9360.722011
958.534333,133.998066,114.855485,-9418.149754
958.534960,133.998066,153.140646,-9418.149754
958.535588,133.998066,172.283227,-9399.007173
958.536216,133.998066,153.140646,-9399.007173
958.536843,57.427742,133.998066,-9341.579430
958.537471,114.855485,95.712904,-9399.007173
958.538098,133.998066,114.855485,-9418.149754
958.538726,114.855485,95.712904,-9399.007173
958.539353,76.570323,76.570323,-9341.579430
958.539981,76.570323,133.998066,-9360.722011
958.540609,38.285162,114.855485,-9418.149754
958.541236,76.570323,172.283227,-9418.149754
958.541864,76.570323,114.855485,-9418.149754
958.542491,153.140646,133.998066,-9399.007173
958.543119,133.998066,114.855485,-9418.149754
958.543747,76.570323,114.855485,-9456.434915
958.544374,133.998066,114.855485,-9418.149754
958.545002,76.570323,114.855485,-9418.149754
958.545629,76.570323,114.855485,-9437.292334
958.546257,38.285162,114.855485,-9418.149754
958.546885,95.712904,114.855485,-9418.149754
958.547512,38.285162,95.712904,-9399.007173
958.548140,114.855485,153.140646,-9360.722011
958.548767,133.998066,172.283227,-9360.722011
958.549395,153.140646,191.425808,-9399.007173
958.550023,95.712904,153.140646,-9360.722011
958.550650,133.998066,153.140646,-9418.149754
958.551278,153.140646,172.283227,-9399.007173
958.551905,114.855485,133.998066,-9360.722011
958.552533,57.427742,172.283227,-9379.864592
958.553161,133.998066,153.140646,-9418.149754
958.553788,76.570323,114.855485,-9418.149754
958.554416,133.998066,133.998066,-9399.007173
958.555043,38.285162,172.283227,-9418.149754
958.555671,76.570323,153.140646,-9418.149754
958.556299,133.998066,114.855485,-9494.720077
958.556926,133.998066,210.568389,-9418.149754
958.557554,172.283227,172.283227,-9379.864592
958.558181,38.285162,114.855485,-9418.149754
958.558809,76.570323,114.855485,-9456.434915
958.559437,38.285162,114.855485,-9418.149754
958.560064,76.570323,114.855485,-9418.149754
958.560692,133.998066,114.855485,-9418.149754
958.561319,38.285162,172.283227,-9418.149754
958.561947,133.998066,114.855485,-9437.292334
958.562575,76.570323,172.283227,-9418.149754
958.563202,76.570323,153.140646,-9437.292334
958.563830,38.285162,114.855485,-9418.149754
958.564457,95.712904,114.855485,-9360.722011
958.565085,38.285162,114.855485,-9418.149754
958.565713,133.998066,114.855485,-9418.149754
958.566340,76.570323,153.140646,-9418.149754
958.566968,38.285162,114.855485,-9418.149754
958.567595,95.712904,95.712904,-9399.007173
958.568223,133.998066,114.855485,-9418.149754
958.568851,95.712904,133.998066,-9341.579430
958.569478,95.712904,95.712904,-9399.007173
958.570106,133.998066,210.568389,-9418.149754
958.570733,76.570323,172.283227,-9418.149754
958.571361,38.285162,210.568389,-9418.149754
958.571988,76.570323,153.140646,-9418.149754
958.572616,133.998066,210.568389,-9418.149754
958.573244,76.570323,172.283227,-9418.149754
958.573871,76.570323,114.855485,-9418.149754
958.574499,76.570323,114.855485,-9437.292334
958.575126,95.712904,114.855485,-9437.292334
958.575754,76.570323,172.283227,-9360.722011
958.576382,114.855485,133.998066,-9360.722011
958.577009,172.283227,76.570323,-9418.149754
958.577637,76.570323,153.140646,-9418.149754
958.578264,76.570323,114.855485,-9418.149754
958.578892,76.570323,172.283227,-9418.149754
958.579520,133.998066,114.855485,-9418.149754
958.580147,153.140646,133.998066,-9399.007173
958.580775,76.570323,210.568389,-9418.149754
958.581402,76.570323,114.855485,-9418.149754
958.582030,133.998066,210.568389,-9418.149754
958.582658,133.998066,133.998066,-9399.007173
958.583285,133.998066,114.855485,-9418.149754
958.583913,76.570323,114.855485,-9437.292334
958.584540,76.570323,153.140646,-9494.720077
958.585168,38.285162,114.855485,-9456.434915
958.585796,76.570323,172.283227,-9437.292334
958.586423,38.285162,114.855485,-9418.149754
958.587051,133.998066,114.855485,-9360.722011
958.587678,153.140646,172.283227,-9399.007173
958.588306,76.570323,114.855485,-9418.149754
958.588934,95.712904,95.712904,-9399.007173
958.589561,95.712904,114.855485,-9456.434915
958.590189,133.998066,133.998066,-9379.864592
958.590816,172.283227,114.855485,-9379.864592
958.591444,133.998066,114.855485,-9418.149754
958.592072,76.570323,210.568389,-9418.149754
958.592699,133.998066,153.140646,-9399.007173
958.593327,133.998066,229.710970,-9418.149754
958.593954,133.998066,172.283227,-9418.149754
958.594582,95.712904,153.140646,-9360.722011
958.595210,76.570323,114.855485,-9456.434915
958.595837,38.285162,114.855485,-9418.149754
958.596465,114.855485,133.998066,-9360.722011
958.597092,133.998066,114.855485,-9418.149754
958.597720,76.570323,114.855485,-9418.149754
958.598348,57.427742,133.998066,-9360.722011
958.598975,133.998066,114.855485,-9418.149754
958.599603,38.285162,172.283227,-9418.149754
958.600230,95.712904,114.855485,-9418.149754
958.600858,153.140646,133.998066,-9399.007173
958.601486,76.570323,114.855485,-9418.149754
958.602113,76.570323,153.140646,-9418.149754
958.602741,19.142581,114.855485,-9418.149754
958.603368,95.712904,95.712904,-9399.007173
958.603996,114.855485,133.998066,-9360.722011
958.604623,76.570323,172.283227,-9418.149754
958.605251,133.998066,153.140646,-9399.007173
958.605879,133.998066,133.998066,-9399.007173
958.606506,133.998066,114.855485,-9418.149754
958.607134,76.570323,153.140646,-9418.149754
958.607761,57.427742,95.712904,-9399.007173
958.608389,95.712904,153.140646,-9360.722011
958.609017,76.570323,114.855485,-9418.149754
958.609644,133.998066,114.855485,-9437.292334
958.610272,76.570323,95.712904,-9399.007173
958.610899,76.570323,210.568389,-9418.149754
958.611527,133.998066,133.998066,-9399.007173
958.612155,95.712904,229.710970,-9399.007173
958.612782,114.855485,114.855485,-9379.864592
958.613410,76.570323,153.140646,-9418.149754
958.614037,76.570323,153.140646,-9418.149754
958.614665,76.570323,114.855485,-9418.149754
958.615292,133.998066,172.283227,-9418.149754
958.615920,76.570323,153.140646,-9418.149754
958.616547,133.998066,114.855485,-9418.149754
958.617174,133.998066,191.425808,-9418.149754
958.617802,133.998066,153.140646,-9418.149754
958.618429,76.570323,210.568389,-9418.149754
958.619056,76.570323,114.855485,-9418.149754
958.619684,133.998066,153.140646,-9456.434915
958.620311,57.427742,153.140646,-9360.722011
958.620939,38.285162,114.855485,-9456.434915
958.621566,133.998066,114.855485,-9418.149754
958.622193,57.427742,114.855485,-9418.149754
958.622821,133.998066,114.855485,-9418.149754
958.623448,95.712904,95.712904,-9399.007173
958.624075,114.855485,76.570323,-9437.292334
958.624703,76.570323,114.855485,-9418.149754
958.625330,38.285162,153.140646,-9360.722011
958.625957,76.570323,114.855485,-9418.149754
958.626585,95.712904,114.855485,-9418.149754
958.627212,114.855485,172.283227,-9360.722011
958.627839,133.998066,114.855485,-9418.149754
958.628467,76.570323,210.568389,-9418.149754
958.629094,76.570323,153.140646,-9437.292334
958.629722,76.570323,114.855485,-9418.149754
958.630349,133.998066,114.855485,-9437.292334
958.630976,95.712904,172.283227,-9360.722011
958.631604,76.570323,114.855485,-9418.149754
958.632231,57.427742,114.855485,-9418.149754
958.632858,114.855485,133.998066,-9360.722011
958.633486,76.570323,114.855485,-9418.149754
958.634113,38.285162,114.855485,-9456.434915
958.634740,153.140646,153.140646,-9418.149754
958.635368,76.570323,114.855485,-9456.434915
958.635995,76.570323,172.283227,-9418.149754
958.636622,76.570323,210.568389,-9418.149754
958.637250,133.998066,114.855485,-9418.149754
958.637877,133.998066,114.855485,-9418.149754
958.638504,76.570323,114.855485,-9418.149754
958.639132,38.285162,114.855485,-9456.434915
958.639759,95.712904,114.855485,-9437.292334
958.640387,76.570323,114.855485,-9418.149754
958.641014,114.855485,95.712904,-9399.007173
958.641641,95.712904,95.712904,-9399.007173
958.642269,133.998066,114.855485,-9418.149754
958.642896,95.712904,153.140646,-9437.292334
958.643523,153.140646,133.998066,-9399.007173
958.644151,76.570323,172.283227,-9418.149754
958.644778,38.285162,172.283227,-9456.434915
958.645405,133.998066,153.140646,-9418.149754
958.646033,133.998066,153.140646,-9360.722011
958.646660,76.570323,172.283227,-9418.149754
958.647287,38.285162,114.855485,-9418.149754
958.647915,38.285162,114.855485,-9418.149754
958.648542,133.998066,114.855485,-9418.149754
958.649169,76.570323,114.855485,-9418.149754
958.649797,133.998066,114.855485,-9418.149754
958.650424,153.140646,133.998066,-9399.007173
958.651052,76.570323,153.140646,-9418.149754
958.651679,38.285162,114.855485,-9341.579430
958.652306,76.570323,210.568389,-9418.149754
958.652934,76.570323,172.283227,-9418.149754
958.653561,114.855485,153.140646,-9437.292334
958.654188,95.712904,133.998066,-9360.722011
958.654816,95.712904,95.712904,-9379.864592
958.655443,76.570323,114.855485,-9418.149754
958.656070,95.712904,133.998066,-9360.722011
958.656698,38.285162,229.710970,-9418.149754
958.657325,133.998066,114.855485,-9418.149754
958.657952,172.283227,172.283227,-9379.864592
958.658580,133.998066,133.998066,-9399.007173
958.659207,133.998066,153.140646,-9418.149754
958.659834,133.998066,153.140646,-9418.149754
958.660462,95.712904,133.998066,-9360.722011
958.661089,76.570323,114.855485,-9418.149754
958.661717,133.998066,114.855485,-9418.149754
958.662344,114.855485,133.998066,-9360.722011
958.662971,133.998066,210.568389,-9399.007173
958.663599,95.712904,114.855485,-9437.292334
958.664226,133.998066,114.855485,-9418.149754
958.664853,76.570323,172.283227,-9418.149754
958.665481,114.855485,210.568389,-9399.007173
958.666108,95.712904,210.568389,-9360.722011
958.666735,133.998066,210.568389,-9418.149754
958.667363,76.570323,153.140646,-9437.292334
958.667990,57.427742,95.712904,-9399.007173
958.668617,172.283227,76.570323,-9418.149754
958.669245,76.570323,114.855485,-9418.149754
958.669872,95.712904,95.712904,-9399.007173
958.670499,76.570323,114.855485,-9418.149754
958.671127,76.570323,153.140646,-9418.149754
958.671754,76.570323,114.855485,-9494.720077
958.672382,76.570323,210.568389,-9456.434915
958.673009,76.570323,133.998066,-9360.722011
958.673636,153.140646,133.998066,-9399.007173
958.674264,76.570323,114.855485,-9418.149754
958.674891,95.712904,133.998066,-9418.149754
958.675518,38.285162,229.710970,-9456.434915
958.676146,133.998066,114.855485,-9418.149754
958.676773,133.998066,114.855485,-9418.149754
958.677400,133.998066,153.140646,-9418.149754
958.678028,114.855485,133.998066,-9360.722011
958.678655,95.712904,153.140646,-9322.436850
958.679282,76.570323,114.855485,-9418.149754
958.679910,133.998066,114.855485,-9418.149754
958.680537,76.570323,114.855485,-9418.149754
958.681164,76.570323,114.855485,-9418.149754
958.681792,95.712904,191.425808,-9360.722011
958.682419,133.998066,172.283227,-9418.149754
958.683047,76.570323,210.568389,-9418.149754
958.683674,76.570323,114.855485,-9418.149754
958.684301,38.285162,153.140646,-9437.292334
958.684929,38.285162,114.855485,-9418.149754
958.685556,114.855485,133.998066,-9418.149754
958.686183,76.570323,114.855485,-9437.292334
958.686811,95.712904,153.140646,-9418.149754
958.687438,133.998066,153.140646,-9418.149754
958.688065,133.998066,114.855485,-9475.577496
958.688693,76.570323,114.855485,-9437.292334
958.689320,76.570323,210.568389,-9475.577496
958.689947,133.998066,172.283227,-9399.007173
958.690575,76.570323,172.283227,-9418.149754
958.691202,76.570323,153.140646,-9418.149754
958.691829,133.998066,210.568389,-9437.292334
958.692457,76.570323,114.855485,-9437.292334
958.693084,95.712904,95.712904,-9399.007173
958.693712,38.285162,114.855485,-9418.149754
958.694339,133.998066,114.855485,-9418.149754
958.694966,172.283227,153.140646,-9360.722011
958.695594,76.570323,114.855485,-9437.292334
958.696221,76.570323,153.140646,-9437.292334
958.696848,76.570323,172.283227,-9418.149754
958.697476,38.285162,172.283227,-9437.292334
958.698103,57.427742,114.855485,-9494.720077
958.698730,38.285162,114.855485,-9418.149754
958.699358,76.570323,114.855485,-9456.434915
958.699985,38.285162,172.283227,-9418.149754
958.700612,95.712904,153.140646,-9341.579430
958.701240,57.427742,172.283227,-9360.722011
958.701867,38.285162,114.855485,-9437.292334
958.702495,76.570323,133.998066,-9360.722011
958.703122,95.712904,153.140646,-9418.149754
958.703749,95.712904,133.998066,-9360.722011
958.704377,114.855485,191.425808,-9379.864592
958.705004,57.427742,172.283227,-9418.149754
958.705631,57.427742,153.140646,-9341.579430
958.706259,133.998066,153.140646,-9418.149754
958.706886,76.570323,114.855485,-9456.434915
958.707513,133.998066,133.998066,-9399.007173
958.708141,133.998066,114.855485,-9456.434915
958.708768,133.998066,114.855485,-9418.149754
958.709395,210.568389,133.998066,-9399.007173
958.710023,133.998066,210.568389,-9456.434915
958.710650,38.285162,114.855485,-9418.149754
958.711277,95.712904,172.283227,-9418.149754
958.711905,153.140646,114.855485,-9437.292334
958.712532,76.570323,114.855485,-9418.149754
958.713160,133.998066,114.855485,-9418.149754
958.713787,114.855485,153.140646,-9322.436850
958.714414,133.998066,114.855485,-9437.292334
958.715042,76.570323,114.855485,-9418.149754
958.715669,133.998066,114.855485,-9418.149754
958.716296,95.712904,153.140646,-9360.722011
958.716924,76.570323,172.283227,-9418.149754
958.717551,76.570323,153.140646,-9418.149754
958.718178,133.998066,172.283227,-9418.149754
958.718806,133.998066,114.855485,-9418.149754
958.719433,153.140646,172.283227,-9456.434915
958.720060,172.283227,114.855485,-9322.436850
958.720687,133.998066,114.855485,-9418.149754
958.721315,57.427742,133.998066,-9360.722011
958.721942,76.570323,153.140646,-9418.149754
958.722569,133.998066,114.855485,-9418.149754
958.723197,95.712904,153.140646,-9418.149754
958.723824,114.855485,172.283227,-9379.864592
958.724451,133.998066,114.855485,-9418.149754
958.725079,76.570323,114.855485,-9418.149754
958.725706,133.998066,191.425808,-9418.149754
958.726333,133.998066,172.283227,-9418.149754
958.726961,57.427742,95.712904,-9399.007173
958.727588,95.712904,153.140646,-9360.722011
958.728215,95.712904,172.283227,-9437.292334
958.728843,172.283227,133.998066,-9360.722011
958.729470,133.998066,114.855485,-9418.149754
958.730097,76.570323,114.855485,-9418.149754
958.730725,76.570323,114.855485,-9418.149754
958.731352,57.427742,172.283227,-9360.722011
958.731979,38.285162,172.283227,-9418.149754
958.732607,57.427742,114.855485,-9418.149754
958.733234,38.285162,114.855485,-9418.149754
958.733861,38.285162,153.140646,-9418.149754
958.734489,38.285162,76.570323,-9322.436850
958.735116,57.427742,133.998066,-9360.722011
958.735743,76.570323,153.140646,-9456.434915
958.736370,114.855485,191.425808,-9360.722011
958.736998,114.855485,172.283227,-9360.722011
958.737625,38.285162,114.855485,-9437.292334
958.738252,38.285162,114.855485,-9456.434915
958.738880,133.998066,153.140646,-9418.149754
958.739507,76.570323,114.855485,-9418.149754
958.740134,38.285162,114.855485,-9418.149754
958.740762,76.570323,114.855485,-9418.149754
958.741389,133.998066,153.140646,-9456.434915
958.742016,172.283227,172.283227,-9379.864592
958.742644,153.140646,153.140646,-9399.007173
958.743271,153.140646,133.998066,-9456.434915
958.743898,133.998066,172.283227,-9379.864592
958.744526,133.998066,172.283227,-9418.149754
958.745153,133.998066,114.855485,-9418.149754
958.745780,114.855485,95.712904,-9399.007173
958.746408,76.570323,114.855485,-9418.149754
958.747035,38.285162,153.140646,-9437.292334
958.747662,76.570323,153.140646,-9418.149754
958.748290,133.998066,114.855485,-9418.149754
958.748917,76.570323,76.570323,-9379.864592
958.749544,76.570323,191.425808,-9418.149754
958.750172,133.998066,210.568389,-9360.722011
958.750799,133.998066,114.855485,-9418.149754
958.751426,133.998066,210.568389,-9399.007173
958.752053,133.998066,114.855485,-9418.149754
958.752681,133.998066,153.140646,-9418.149754
958.753308,38.285162,172.283227,-9456.434915
958.753935,76.570323,114.855485,-9418.149754
958.754563,57.427742,95.712904,-9513.862658
958.755190,76.570323,114.855485,-9418.149754
958.755817,133.998066,114.855485,-9418.149754
958.756445,95.712904,114.855485,-9437.292334
958.757072,76.570323,114.855485,-9418.149754
958.757699,95.712904,114.855485,-9456.434915
958.758327,95.712904,76.570323,-9379.864592
958.758954,95.712904,133.998066,-9360.722011
958.759581,114.855485,114.855485,-9399.007173
958.760209,76.570323,114.855485,-9437.292334
958.760836,153.140646,153.140646,-9418.149754
958.761463,76.570323,172.283227,-9437.292334
958.762091,76.570323,229.710970,-9418.149754
958.762718,133.998066,133.998066,-9379.864592
958.763345,133.998066,114.855485,-9418.149754
958.763973,95.712904,95.712904,-9399.007173
958.764600,153.140646,133.998066,-9399.007173
958.765227,76.570323,114.855485,-9437.292334
958.765855,76.570323,114.855485,-9418.149754
958.766482,57.427742,153.140646,-9360.722011
958.767109,57.427742,133.998066,-9360.722011
958.767737,153.140646,133.998066,-9399.007173
958.768364,76.570323,114.855485,-9418.149754
958.768991,95.712904,95.712904,-9399.007173
958.769618,114.855485,95.712904,-9399.007173
958.770246,133.998066,114.855485,-9418.149754
958.770873,133.998066,114.855485,-9418.149754
958.771500,133.998066,210.568389,-9456.434915
958.772128,133.998066,114.855485,-9456.434915
958.772755,76.570323,172.283227,-9418.149754
958.773382,38.285162,114.855485,-9418.149754
958.774010,76.570323,114.855485,-9418.149754
958.774637,95.712904,95.712904,-9399.007173
958.775264,76.570323,229.710970,-9418.149754
958.775892,114.855485,133.998066,-9360.722011
958.776519,153.140646,172.283227,-9399.007173
958.777146,76.570323,210.568389,-9456.434915
958.777774,133.998066,114.855485,-9418.149754
958.778401,133.998066,114.855485,-9418.149754
958.779028,133.998066,133.998066,-9399.007173
958.779656,76.570323,114.855485,-9418.149754
958.780283,133.998066,114.855485,-9418.149754
958.780910,76.570323,133.998066,-9360.722011
958.781538,210.568389,133.998066,-9437.292334
958.782165,95.712904,133.998066,-9360.722011
958.782792,114.855485,133.998066,-9360.722011
958.783420,95.712904,114.855485,-9418.149754
958.784047,76.570323,172.283227,-9456.434915
958.784674,38.285162,172.283227,-9418.149754
958.785301,38.285162,114.855485,-9418.149754
958.785929,133.998066,153.140646,-9437.292334
958.786556,133.998066,153.140646,-9399.007173
958.787183,114.855485,95.712904,-9399.007173
958.787811,133.998066,114.855485,-9418.149754
958.788438,114.855485,133.998066,-9360.722011
958.789065,114.855485,133.998066,-9360.722011
958.789693,76.570323,153.140646,-9418.149754
958.790320,38.285162,210.568389,-9418.149754
958.790947,133.998066,210.568389,-9418.149754
958.791575,95.712904,153.140646,-9418.149754
958.792202,114.855485,133.998066,-9360.722011
958.792829,153.140646,133.998066,-9399.007173
958.793457,57.427742,114.855485,-9456.434915
958.794084,76.570323,114.855485,-9456.434915
958.794711,38.285162,114.855485,-9360.722011
958.795339,153.140646,153.140646,-9399.007173
958.795966,133.998066,172.283227,-9418.149754
958.796593,133.998066,114.855485,-9475.577496
958.797221,133.998066,114.855485,-9360.722011
958.797848,133.998066,172.283227,-9399.007173
958.798475,133.998066,114.855485,-9418.149754
958.799103,76.570323,172.283227,-9437.292334
958.799730,38.285162,114.855485,-9418.149754
958.800357,172.283227,76.570323,-9418.149754
958.800985,133.998066,114.855485,-9418.149754
958.801612,133.998066,133.998066,-9399.007173
958.802239,133.998066,114.855485,-9456.434915
958.802866,133.998066,172.283227,-9418.149754
958.803494,114.855485,191.425808,-9360.722011
958.804121,133.998066,172.283227,-9418.149754
958.804748,133.998066,114.855485,-9456.434915
958.805376,172.283227,210.568389,-9379.864592
958.806003,114.855485,153.140646,-9360.722011
958.806630,57.427742,114.855485,-9418.149754
958.807258,95.712904,153.140646,-9360.722011
958.807885,95.712904,133.998066,-9360.722011
958.808512,38.285162,172.283227,-9418.149754
958.809140,95.712904,95.712904,-9399.007173
958.809767,153.140646,210.568389,-9399.007173
958.810394,76.570323,114.855485,-9418.149754
958.811022,76.570323,114.855485,-9418.149754
958.811649,95.712904,133.998066,-9360.722011
958.812276,133.998066,172.283227,-9418.149754
958.812904,153.140646,133.998066,-9399.007173
958.813531,133.998066,114.855485,-9418.149754
958.814158,133.998066,172.283227,-9418.149754
958.814786,76.570323,114.855485,-9418.149754
958.815413,95.712904,114.855485,-9418.149754
958.816040,153.140646,133.998066,-9437.292334
958.816668,133.998066,153.140646,-9399.007173
958.817295,76.570323,114.855485,-9418.149754
958.817922,114.855485,76.570323,-9494.720077
958.818550,133.998066,114.855485,-9418.149754
958.819177,95.712904,95.712904,-9456.434915
958.819804,133.998066,114.855485,-9418.149754
958.820432,76.570323,114.855485,-9418.149754
958.821059,76.570323,114.855485,-9418.149754
958.821686,76.570323,114.855485,-9418.149754
958.822314,76.570323,114.855485,-9418.149754
958.822941,76.570323,114.855485,-9418.149754
958.823568,38.285162,114.855485,-9418.149754
958.824196,76.570323,114.855485,-9418.149754
958.824823,133.998066,133.998066,-9399.007173
958.825450,133.998066,133.998066,-9456.434915
958.826078,95.712904,95.712904,-9513.862658
958.826705,38.285162,114.855485,-9456.434915
958.827332,38.285162,114.855485,-9418.149754
958.827960,172.283227,76.570323,-9418.149754
958.828587,133.998066,114.855485,-9437.292334
958.829214,133.998066,114.855485,-9418.149754
958.829842,133.998066,133.998066,-9399.007173
958.830469,76.570323,114.855485,-9418.149754
958.831096,133.998066,133.998066,-9399.007173
958.831724,153.140646,114.855485,-9418.149754
958.832351,133.998066,114.855485,-9418.149754
958.832978,76.570323,114.855485,-9418.149754
958.833606,76.570323,114.855485,-9418.149754
958.834233,95.712904,133.998066,-9360.722011
958.834860,95.712904,172.283227,-9360.722011
958.835488,76.570323,172.283227,-9418.149754
958.836115,133.998066,114.855485,-9418.149754
958.836742,114.855485,95.712904,-9399.007173
958.837370,133.998066,172.283227,-9399.007173
958.837997,76.570323,114.855485,-9418.149754
958.838624,133.998066,114.855485,-9437.292334
958.839252,114.855485,133.998066,-9360.722011
958.839879,133.998066,114.855485,-9418.149754
958.840506,38.285162,153.140646,-9418.149754
958.841134,76.570323,210.568389,-9418.149754
958.841761,76.570323,153.140646,-9418.149754
958.842389,76.570323,114.855485,-9456.434915
958.843016,76.570323,114.855485,-9360.722011
958.843643,114.855485,133.998066,-9360.722011
958.844271,95.712904,153.140646,-9437.292334
958.844898,133.998066,133.998066,-9399.007173
958.845525,38.285162,114.855485,-9418.149754
958.846153,95.712904,95.712904,-9437.292334
958.846780,114.855485,38.285162,-9379.864592
958.847407,38.285162,95.712904,-9399.007173
958.848035,133.998066,172.283227,-9418.149754
958.848662,95.712904,133.998066,-9360.722011
958.849289,133.998066,172.283227,-9418.149754
958.849917,95.712904,153.140646,-9360.722011
958.850544,38.285162,114.855485,-9437.292334
958.851171,76.570323,114.855485,-9437.292334
958.851799,133.998066,114.855485,-9418.149754
958.852426,133.998066,191.425808,-9418.149754
958.853053,133.998066,210.568389,-9494.720077
958.853681,57.427742,229.710970,-9494.720077
958.854308,38.285162,210.568389,-9456.434915
958.854935,133.998066,114.855485,-9418.149754
958.855563,95.712904,133.998066,-9418.149754
958.856190,76.570323,114.855485,-9437.292334
958.856817,76.570323,172.283227,-9437.292334
958.857445,95.712904,229.710970,-9456.434915
958.858072,133.998066,153.140646,-9418.149754
958.858699,57.427742,172.283227,-9418.149754
958.859327,133.998066,114.855485,-9437.292334
958.859954,76.570323,114.855485,-9418.149754
958.860581,76.570323,114.855485,-9399.007173
958.861209,133.998066,133.998066,-9399.007173
958.861836,153.140646,172.283227,-9456.434915
958.862463,95.712904,229.710970,-9437.292334
958.863091,38.285162,229.710970,-9418.149754
958.863718,76.570323,210.568389,-9418.149754
958.864345,133.998066,172.283227,-9379.864592
958.864973,76.570323,172.283227,-9456.434915
958.865600,95.712904,172.283227,-9360.722011
958.866227,38.285162,210.568389,-9456.434915
958.866855,76.570323,114.855485,-9418.149754
958.867482,114.855485,229.710970,-9399.007173
958.868109,76.570323,210.568389,-9418.149754
958.868737,76.570323,114.855485,-9437.292334
958.869364,133.998066,114.855485,-9418.149754
958.869991,95.712904,172.283227,-9437.292334
958.870619,133.998066,172.283227,-9418.149754
958.871246,133.998066,229.710970,-9418.149754
958.871874,76.570323,210.568389,-9418.149754
958.872501,76.570323,114.855485,-9418.149754
958.873128,133.998066,76.570323,-9379.864592
958.873756,95.712904,95.712904,-9399.007173
958.874383,95.712904,95.712904,-9456.434915
958.875010,133.998066,172.283227,-9418.149754
958.875638,57.427742,114.855485,-9418.149754
958.876265,95.712904,172.283227,-9360.722011
958.876892,76.570323,76.570323,-9379.864592
958.877520,76.570323,210.568389,-9418.149754
958.878147,38.285162,114.855485,-9418.149754
958.878774,95.712904,153.140646,-9418.149754
958.879402,57.427742,133.998066,-9360.722011
958.880029,114.855485,95.712904,-9379.864592
958.880656,76.570323,114.855485,-9418.149754
958.881284,133.998066,133.998066,-9399.007173
958.881911,95.712904,133.998066,-9360.722011
958.882538,133.998066,114.855485,-9418.149754
958.883166,114.855485,191.425808,-9360.722011
958.883793,38.285162,114.855485,-9418.149754
958.884420,38.285162,114.855485,-9437.292334
958.885048,95.712904,114.855485,-9456.434915
958.885675,38.285162,114.855485,-9418.149754
958.886302,133.998066,114.855485,-9418.149754
958.886930,133.998066,114.855485,-9418.149754
958.887557,76.570323,114.855485,-9418.149754
958.888184,133.998066,153.140646,-9399.007173
958.888812,76.570323,114.855485,-9360.722011
958.889439,114.855485,114.855485,-9379.864592
958.890066,38.285162,172.283227,-9418.149754
958.890694,95.712904,95.712904,-9399.007173
958.891321,38.285162,153.140646,-9418.149754
958.891948,38.285162,114.855485,-9360.722011
958.892576,57.427742,133.998066,-9360.722011
958.893203,95.712904,153.140646,-9360.722011
958.893830,38.285162,114.855485,-9437.292334
958.894458,38.285162,153.140646,-9437.292334
958.895085,76.570323,133.998066,-9360.722011
958.895712,133.998066,114.855485,-9418.149754
958.896340,76.570323,210.568389,-9418.149754
958.896967,133.998066,114.855485,-9418.149754
958.897594,76.570323,114.855485,-9456.434915
958.898222,133.998066,172.283227,-9418.149754
958.898849,114.855485,133.998066,-9360.722011
958.899476,95.712904,95.712904,-9399.007173
958.900104,76.570323,133.998066,-9360.722011
958.900731,76.570323,153.140646,-9418.149754
958.901358,38.285162,153.140646,-9418.149754
958.901986,133.998066,172.283227,-9456.434915
958.902613,133.998066,114.855485,-9418.149754
958.903241,57.427742,133.998066,-9341.579430
958.903868,133.998066,114.855485,-9418.149754
958.904495,95.712904,191.425808,-9360.722011
958.905123,133.998066,114.855485,-9418.149754
958.905750,153.140646,191.425808,-9456.434915
958.906377,95.712904,210.568389,-9418.149754
958.907005,76.570323,153.140646,-9418.149754
958.907632,95.712904,133.998066,-9418.149754
958.908259,38.285162,114.855485,-9418.149754
958.908887,76.570323,114.855485,-9418.149754
958.909514,38.285162,114.855485,-9418.149754
958.910141,95.712904,191.425808,-9360.722011
958.910769,76.570323,229.710970,-9418.149754
958.911396,76.570323,210.568389,-9418.149754
958.912023,57.427742,114.855485,-9399.007173
958.912651,114.855485,95.712904,-9399.007173
958.913278,76.570323,114.855485,-9418.149754
958.913905,95.712904,210.568389,-9475.577496
958.914533,76.570323,172.283227,-9456.434915
958.915160,38.285162,172.283227,-9418.149754
958.915787,76.570323,153.140646,-9456.434915
958.916415,95.712904,133.998066,-9360.722011
958.917042,114.855485,153.140646,-9360.722011
958.917669,133.998066,153.140646,-9456.434915
958.918297,76.570323,114.855485,-9475.577496
958.918924,76.570323,114.855485,-9418.149754
958.919552,38.285162,210.568389,-9437.292334
958.920179,38.285162,172.283227,-9418.149754
958.920806,95.712904,153.140646,-9360.722011
958.921434,172.283227,114.855485,-9379.864592
958.922061,76.570323,172.283227,-9456.434915
958.922688,76.570323,114.855485,-9418.149754
958.923316,133.998066,153.140646,-9360.722011
958.923943,133.998066,114.855485,-9418.149754
958.924571,114.855485,95.712904,-9399.007173
958.925198,38.285162,153.140646,-9437.292334
958.925825,76.570323,172.283227,-9418.149754
958.926453,76.570323,76.570323,-9379.864592
958.927080,114.855485,133.998066,-9360.722011
958.927707,38.285162,114.855485,-9418.149754
958.928335,38.285162,114.855485,-9418.149754
958.928962,76.570323,172.283227,-9437.292334
958.929590,172.283227,191.425808,-9494.720077
958.930217,38.285162,210.568389,-9418.149754
958.930844,76.570323,153.140646,-9418.149754
958.931472,76.570323,114.855485,-9418.149754
958.932099,76.570323,114.855485,-9456.434915
958.932726,153.140646,114.855485,-9456.434915
958.933354,76.570323,153.140646,-9456.434915
958.933981,133.998066,191.425808,-9418.149754
958.934609,153.140646,153.140646,-9399.007173
958.935236,76.570323,114.855485,-9418.149754
958.935863,114.855485,95.712904,-9379.864592
958.936491,133.998066,76.570323,-9379.864592
958.937118,133.998066,153.140646,-9418.149754
958.937745,133.998066,172.283227,-9456.434915
958.938373,95.712904,95.712904,-9399.007173
958.939000,57.427742,114.855485,-9379.864592
958.939628,153.140646,172.283227,-9437.292334
958.940255,76.570323,172.283227,-9418.149754
958.940882,57.427742,114.855485,-9418.149754
958.941510,76.570323,172.283227,-9418.149754
958.942137,76.570323,114.855485,-9418.149754
958.942764,38.285162,172.283227,-9418.149754
958.943392,38.285162,172.283227,-9418.149754
958.944019,95.712904,153.140646,-9418.149754
958.944647,76.570323,114.855485,-9418.149754
958.945274,76.570323,153.140646,-9437.292334
958.945901,114.855485,76.570323,-9418.149754
958.946529,114.855485,114.855485,-9379.864592
958.947156,133.998066,114.855485,-9418.149754
958.947783,114.855485,133.998066,-9360.722011
958.948411,76.570323,114.855485,-9494.720077
958.949038,76.570323,172.283227,-9437.292334
958.949665,76.570323,153.140646,-9475.577496
958.950293,133.998066,114.855485,-9418.149754
958.950920,114.855485,133.998066,-9360.722011
958.951548,133.998066,114.855485,-9418.149754
958.952175,76.570323,210.568389,-9418.149754
958.952802,95.712904,153.140646,-9418.149754
958.953430,133.998066,172.283227,-9437.292334
958.954057,76.570323,153.140646,-9418.149754
958.954684,57.427742,114.855485,-9418.149754
958.955312,95.712904,114.855485,-9418.149754
958.955939,95.712904,172.283227,-9360.722011
958.956567,76.570323,114.855485,-9418.149754
958.957194,95.712904,172.283227,-9360.722011
958.957821,38.285162,114.855485,-9418.149754
958.958449,57.427742,114.855485,-9418.149754
958.959076,114.855485,172.283227,-9360.722011
958.959703,114.855485,133.998066,-9341.579430
958.960331,133.998066,153.140646,-9418.149754
958.960958,0.000000,95.712904,-9399.007173
958.961586,38.285162,172.283227,-9418.149754
958.962213,76.570323,172.283227,-9418.149754
958.962840,76.570323,114.855485,-9418.149754
958.963468,114.855485,133.998066,-9418.149754
958.964095,76.570323,114.855485,-9418.149754
958.964722,114.855485,114.855485,-9379.864592
958.965350,133.998066,76.570323,-9379.864592
958.965977,95.712904,114.855485,-9418.149754
958.966605,133.998066,76.570323,-9379.864592
958.967232,38.285162,114.855485,-9418.149754
958.967859,114.855485,133.998066,-9360.722011
958.968487,95.712904,133.998066,-9418.149754
958.969114,133.998066,153.140646,-9418.149754
958.969741,114.855485,133.998066,-9360.722011
958.970369,95.712904,114.855485,-9418.149754
958.970996,153.140646,153.140646,-9399.007173
958.971624,114.855485,133.998066,-9341.579430
958.972251,172.283227,172.283227,-9379.864592
958.972878,133.998066,114.855485,-9437.292334
958.973506,76.570323,114.855485,-9456.434915
958.974133,76.570323,114.855485,-9418.149754
958.974760,76.570323,114.855485,-9456.434915
958.975388,114.855485,76.570323,-9418.149754
958.976015,38.285162,172.283227,-9456.434915
958.976643,153.140646,172.283227,-9399.007173
958.977270,76.570323,153.140646,-9418.149754
958.977897,114.855485,133.998066,-9360.722011
958.978525,133.998066,114.855485,-9360.722011
958.979152,95.712904,114.855485,-9418.149754
958.979779,133.998066,114.855485,-9437.292334
958.980407,133.998066,114.855485,-9418.149754
958.981034,133.998066,172.283227,-9437.292334
958.981662,133.998066,114.855485,-9418.149754
958.982289,95.712904,95.712904,-9399.007173
958.982916,133.998066,172.283227,-9418.149754
958.983544,133.998066,153.140646,-9456.434915
958.984171,76.570323,191.425808,-9456.434915
958.984798,114.855485,172.283227,-9360.722011
958.985426,95.712904,172.283227,-9360.722011
958.986053,38.285162,210.568389,-9418.149754
958.986681,38.285162,153.140646,-9418.149754
958.987308,38.285162,114.855485,-9418.149754
958.987935,95.712904,95.712904,-9379.864592
958.988563,95.712904,95.712904,-9399.007173
958.989190,76.570323,114.855485,-9418.149754
958.989817,95.712904,76.570323,-9322.436850
958.990445,114.855485,95.712904,-9437.292334
958.991072,153.140646,133.998066,-9399.007173
958.991700,133.998066,229.710970,-9418.149754
958.992327,133.998066,229.710970,-9418.149754
958.992954,133.998066,114.855485,-9418.149754
958.993582,57.427742,133.998066,-9360.722011
958.994209,133.998066,153.140646,-9418.149754
958.994836,153.140646,172.283227,-9399.007173
958.995464,114.855485,133.998066,-9360.722011
958.996091,114.855485,172.283227,-9360.722011
958.996718,76.570323,153.140646,-9418.149754
958.997346,133.998066,172.283227,-9418.149754
958.997973,153.140646,191.425808,-9437.292334
958.998601,76.570323,114.855485,-9418.149754
958.999228,95.712904,191.425808,-9360.722011
958.999855,95.712904,114.855485,-9418.149754
959.000483,76.570323,153.140646,-9456.434915
959.001110,76.570323,114.855485,-9437.292334
959.001737,76.570323,172.283227,-9456.434915
959.002365,133.998066,133.998066,-9399.007173
959.002992,133.998066,153.140646,-9418.149754
959.003620,133.998066,114.855485,-9418.149754
959.004247,133.998066,114.855485,-9418.149754
959.004874,133.998066,133.998066,-9399.007173
959.005502,133.998066,153.140646,-9437.292334
959.006129,38.285162,114.855485,-9418.149754
959.006756,133.998066,114.855485,-9418.149754
959.007384,95.712904,172.283227,-9360.722011
959.008011,133.998066,172.283227,-9418.149754
959.008639,114.855485,172.283227,-9379.864592
959.009266,57.427742,172.283227,-9360.722011
959.009893,95.712904,172.283227,-9360.722011
959.010521,38.285162,114.855485,-9418.149754
959.011148,172.283227,76.570323,-9418.149754
959.011775,114.855485,133.998066,-9418.149754
959.012403,76.570323,114.855485,-9456.434915
959.013030,95.712904,114.855485,-9418.149754
959.013658,38.285162,114.855485,-9437.292334
959.014285,76.570323,229.710970,-9418.149754
959.014912,76.570323,114.855485,-9418.149754
959.015540,57.427742,114.855485,-9418.149754
959.016167,57.427742,114.855485,-9399.007173
959.016794,114.855485,133.998066,-9360.722011
959.017422,57.427742,95.712904,-9399.007173
959.018049,114.855485,95.712904,-9399.007173
959.018677,95.712904,114.855485,-9399.007173
959.019304,76.570323,153.140646,-9437.292334
959.019932,76.570323,114.855485,-9456.434915
959.020559,133.998066,114.855485,-9418.149754
959.021186,114.855485,95.712904,-9399.007173
959.021814,133.998066,114.855485,-9437.292334
959.022441,133.998066,114.855485,-9437.292334
959.023069,153.140646,133.998066,-9399.007173
959.023696,95.712904,153.140646,-9418.149754
959.024324,95.712904,114.855485,-9418.149754
959.024951,76.570323,153.140646,-9418.149754
959.025578,114.855485,133.998066,-9360.722011
959.026206,95.712904,133.998066,-9437.292334
959.026833,76.570323,210.568389,-9475.577496
959.027461,133.998066,114.855485,-9418.149754
959.028088,57.427742,153.140646,-9418.149754
959.028715,76.570323,114.855485,-9437.292334
959.029343,114.855485,95.712904,-9456.434915
959.029970,153.140646,133.998066,-9399.007173
959.030598,133.998066,153.140646,-9418.149754
959.031225,38.285162,95.712904,-9399.007173
959.031853,38.285162,114.855485,-9437.292334
959.032480,95.712904,133.998066,-9341.579430
959.033107,95.712904,133.998066,-9360.722011
959.033735,76.570323,114.855485,-9418.149754
959.034362,76.570323,114.855485,-9418.149754
959.034990,95.712904,133.998066,-9360.722011
959.035617,95.712904,114.855485,-9418.149754
959.036244,172.283227,114.855485,-9379.864592
959.036872,76.570323,153.140646,-9494.720077
959.037499,76.570323,114.855485,-9456.434915
959.038127,133.998066,153.140646,-9418.149754
959.038754,76.570323,114.855485,-9456.434915
959.039382,133.998066,114.855485,-9456.434915
959.040009,57.427742,153.140646,-9360.722011
959.040636,133.998066,114.855485,-9418.149754
959.041264,95.712904,114.855485,-9360.722011
959.041891,76.570323,76.570323,-9379.864592
959.042519,95.712904,133.998066,-9360.722011
959.043146,153.140646,133.998066,-9399.007173
959.043773,76.570323,114.855485,-9418.149754
959.044401,38.285162,172.283227,-9418.149754
959.045028,76.570323,191.425808,-9341.579430
959.045656,95.712904,133.998066,-9303.294269
959.046283,76.570323,210.568389,-9418.149754
959.046911,95.712904,133.998066,-9360.722011
959.047538,76.570323,153.140646,-9418.149754
959.048165,76.570323,114.855485,-9418.149754
959.048793,133.998066,114.855485,-9418.149754
959.049420,76.570323,210.568389,-9437.292334
959.050048,95.712904,133.998066,-9360.722011
959.050675,57.427742,114.855485,-9418.149754
959.051302,38.285162,114.855485,-9360.722011
959.051930,38.285162,153.140646,-9418.149754
959.052557,19.142581,114.855485,-9456.434915
959.053185,57.427742,95.712904,-9494.720077
959.053812,133.998066,114.855485,-9418.149754
959.054440,76.570323,172.283227,-9418.149754
959.055067,153.140646,133.998066,-9399.007173
959.055694,133.998066,114.855485,-9456.434915
959.056322,76.570323,172.283227,-9418.149754
959.056949,95.712904,153.140646,-9418.149754
959.057577,95.712904,114.855485,-9456.434915
959.058204,76.570323,114.855485,-9456.434915
959.058831,133.998066,153.140646,-9399.007173
959.059459,76.570323,172.283227,-9399.007173
959.060086,57.427742,95.712904,-9399.007173
959.060714,133.998066,172.283227,-9418.149754
959.061341,133.998066,114.855485,-9418.149754
959.061969,172.283227,172.283227,-9379.864592
959.062596,133.998066,172.283227,-9418.149754
959.063223,76.570323,114.855485,-9418.149754
959.063851,76.570323,114.855485,-9418.149754
959.064478,114.855485,133.998066,-9456.434915
959.065106,153.140646,172.283227,-9399.007173
959.065733,114.855485,248.853550,-9418.149754
959.066360,133.998066,114.855485,-9418.149754
959.066988,76.570323,114.855485,-9418.149754
959.067615,76.570323,172.283227,-9456.434915
959.068243,38.285162,172.283227,-9418.149754
959.068870,95.712904,114.855485,-9418.149754
959.069498,153.140646,133.998066,-9399.007173
959.070125,76.570323,210.568389,-9418.149754
959.070752,133.998066,172.283227,-9437.292334
959.071380,133.998066,114.855485,-9437.292334
959.072007,153.140646,133.998066,-9399.007173
959.072635,38.285162,210.568389,-9360.722011
959.073262,133.998066,114.855485,-9418.149754
959.073889,153.140646,114.855485,-9456.434915
959.074517,76.570323,172.283227,-9418.149754
959.075144,76.570323,153.140646,-9418.149754
959.075772,95.712904,133.998066,-9360.722011
959.076399,76.570323,76.570323,-9379.864592
959.077027,153.140646,133.998066,-9399.007173
959.077654,76.570323,153.140646,-9456.434915
959.078281,95.712904,114.855485,-9418.149754
959.078909,95.712904,114.855485,-9418.149754
959.079536,76.570323,114.855485,-9418.149754
959.080164,76.570323,153.140646,-9418.149754
959.080791,133.998066,114.855485,-9418.149754
959.081419,19.142581,133.998066,-9399.007173
959.082046,38.285162,114.855485,-9418.149754
959.082673,76.570323,153.140646,-9418.149754
959.083301,95.712904,114.855485,-9418.149754
959.083928,76.570323,114.855485,-9418.149754
959.084556,76.570323,114.855485,-9437.292334
959.085183,76.570323,114.855485,-9418.149754
959.085810,133.998066,114.855485,-9418.149754
959.086438,57.427742,95.712904,-9399.007173
959.087065,114.855485,95.712904,-9379.864592
959.087693,76.570323,114.855485,-9418.149754
959.088320,76.570323,114.855485,-9475.577496
959.088948,133.998066,114.855485,-9437.292334
959.089575,76.570323,114.855485,-9418.149754
959.090202,76.570323,114.855485,-9475.577496
959.090830,95.712904,114.855485,-9399.007173
959.091457,133.998066,114.855485,-9418.149754
959.092085,95.712904,172.283227,-9418.149754
959.092712,95.712904,114.855485,-9418.149754
959.093339,133.998066,114.855485,-9494.720077
959.093967,76.570323,153.140646,-9418.149754
959.094594,133.998066,153.140646,-9418.149754
959.095222,133.998066,114.855485,-9418.149754
959.095849,133.998066,153.140646,-9418.149754
959.096477,76.570323,153.140646,-9437.292334
959.097104,133.998066,114.855485,-9418.149754
959.097731,133.998066,114.855485,-9418.149754
959.098359,133.998066,172.283227,-9456.434915
959.098986,95.712904,133.998066,-9360.722011
959.099614,95.712904,210.568389,-9418.149754
959.100241,153.140646,133.998066,-9399.007173
959.100868,133.998066,210.568389,-9456.434915
959.101496,114.855485,133.998066,-9360.722011
959.102123,153.140646,153.140646,-9399.007173
959.102751,133.998066,114.855485,-9418.149754
959.103378,133.998066,191.425808,-9418.149754
959.104006,76.570323,153.140646,-9418.149754
959.104633,38.285162,114.855485,-9418.149754
959.105260,76.570323,114.855485,-9418.149754
959.105888,76.570323,114.855485,-9456.434915
959.106515,153.140646,133.998066,-9399.007173
959.107143,114.855485,95.712904,-9399.007173
959.107770,114.855485,114.855485,-9379.864592
959.108397,133.998066,114.855485,-9418.149754
959.109025,95.712904,153.140646,-9437.292334
959.109652,133.998066,114.855485,-9418.149754
959.110280,133.998066,153.140646,-9437.292334
959.110907,133.998066,114.855485,-9437.292334
959.111535,57.427742,95.712904,-9399.007173
959.112162,114.855485,76.570323,-9494.720077
959.112789,76.570323,210.568389,-9418.149754
959.113417,133.998066,133.998066,-9399.007173
959.114044,133.998066,172.283227,-9418.149754
959.114672,76.570323,114.855485,-9418.149754
959.115299,133.998066,172.283227,-9418.149754
959.115926,133.998066,153.140646,-9418.149754
959.116554,114.855485,191.425808,-9360.722011
959.117181,95.712904,114.855485,-9437.292334
959.117809,76.570323,114.855485,-9418.149754
959.118436,133.998066,114.855485,-9418.149754
959.119064,133.998066,114.855485,-9418.149754
959.119691,76.570323,114.855485,-9360.722011
959.120318,133.998066,114.855485,-9418.149754
959.120946,76.570323,114.855485,-9418.149754
959.121573,95.712904,95.712904,-9399.007173
959.122201,38.285162,172.283227,-9418.149754
959.122828,133.998066,114.855485,-9418.149754
959.123456,114.855485,153.140646,-9360.722011
959.124083,133.998066,114.855485,-9418.149754
959.124710,114.855485,153.140646,-9360.722011
959.125338,76.570323,153.140646,-9418.149754
959.125965,133.998066,114.855485,-9456.434915
959.126593,76.570323,172.283227,-9437.292334
959.127220,95.712904,114.855485,-9437.292334
959.127848,133.998066,114.855485,-9456.434915
959.128475,153.140646,133.998066,-9456.434915
959.129102,114.855485,95.712904,-9399.007173
959.129730,95.712904,133.998066,-9360.722011
959.130357,38.285162,114.855485,-9418.149754
959.130985,38.285162,172.283227,-9418.149754
959.131612,133.998066,114.855485,-9418.149754
959.132240,133.998066,210.568389,-9437.292334
959.132867,133.998066,114.855485,-9418.149754
959.133494,38.285162,114.855485,-9418.149754
959.134122,57.427742,95.712904,-9399.007173
959.134749,76.570323,114.855485,-9418.149754
959.135377,76.570323,114.855485,-9437.292334
959.136004,76.570323,210.568389,-9418.149754
959.136632,114.855485,95.712904,-9399.007173
959.137259,57.427742,153.140646,-9360.722011
959.137886,114.855485,133.998066,-9341.579430
959.138514,133.998066,172.283227,-9418.149754
959.139141,76.570323,210.568389,-9418.149754
959.139769,95.712904,133.998066,-9360.722011
959.140396,133.998066,153.140646,-9418.149754
959.141024,133.998066,76.570323,-9379.864592
959.141651,76.570323,114.855485,-9475.577496
959.142278,95.712904,133.998066,-9418.149754
959.142906,76.570323,153.140646,-9418.149754
959.143533,133.998066,172.283227,-9418.149754
959.144161,172.283227,114.855485,-9379.864592
959.144788,76.570323,229.710970,-9360.722011
959.145415,76.570323,172.283227,-9418.149754
959.146043,95.712904,210.568389,-9418.149754
959.146670,114.855485,153.140646,-9360.722011
959.147298,133.998066,172.283227,-9418.149754
959.147925,76.570323,229.710970,-9418.149754
959.148553,153.140646,133.998066,-9399.007173
959.149180,133.998066,114.855485,-9360.722011
959.149807,38.285162,172.283227,-9418.149754
959.150435,38.285162,172.283227,-9494.720077
959.151062,76.570323,114.855485,-9418.149754
959.151690,133.998066,133.998066,-9399.007173
959.152317,133.998066,191.425808,-9456.434915
959.152945,114.855485,153.140646,-9360.722011
959.153572,76.570323,153.140646,-9418.149754
959.154199,76.570323,114.855485,-9418.149754
959.154827,133.998066,210.568389,-9418.149754
959.155454,133.998066,153.140646,-9418.149754
959.156082,133.998066,114.855485,-9418.149754
959.156709,133.998066,172.283227,-9418.149754
959.157337,114.855485,153.140646,-9418.149754
959.157964,76.570323,114.855485,-9418.149754
959.158591,172.283227,133.998066,-9437.292334
959.159219,76.570323,114.855485,-9418.149754
959.159846,153.140646,172.283227,-9418.149754
959.160474,133.998066,133.998066,-9399.007173
959.161101,76.570323,114.855485,-9418.149754
959.161729,114.855485,133.998066,-9418.149754
959.162356,133.998066,153.140646,-9418.149754
959.162983,114.855485,95.712904,-9456.434915
959.163611,76.570323,114.855485,-9437.292334
959.164238,133.998066,133.998066,-9399.007173
959.164866,133.998066,114.855485,-9418.149754
959.165493,76.570323,172.283227,-9456.434915
959.166121,114.855485,191.425808,-9360.722011
959.166748,38.285162,153.140646,-9418.149754
959.167375,38.285162,153.140646,-9456.434915
959.168003,76.570323,114.855485,-9418.149754
959.168630,95.712904,172.283227,-9418.149754
959.169258,38.285162,114.855485,-9418.149754
959.169885,57.427742,133.998066,-9360.722011
959.170513,76.570323,133.998066,-9379.864592
959.171140,76.570323,114.855485,-9418.149754
959.171767,133.998066,114.855485,-9418.149754
959.172395,76.570323,114.855485,-9437.292334
959.173022,76.570323,114.855485,-9418.149754
959.173650,133.998066,153.140646,-9418.149754
959.174277,133.998066,114.855485,-9437.292334
959.174905,95.712904,114.855485,-9418.149754
959.175532,133.998066,153.140646,-9418.149754
959.176159,38.285162,133.998066,-9360.722011
959.176787,38.285162,114.855485,-9418.149754
959.177414,95.712904,172.283227,-9399.007173
959.178042,76.570323,153.140646,-9360.722011
959.178669,76.570323,114.855485,-9456.434915
959.179297,133.998066,114.855485,-9418.149754
959.179924,114.855485,133.998066,-9360.722011
959.180551,114.855485,172.283227,-9379.864592
959.181179,38.285162,172.283227,-9418.149754
959.181806,76.570323,114.855485,-9437.292334
959.182434,76.570323,133.998066,-9360.722011
959.183061,133.998066,172.283227,-9418.149754
959.183688,76.570323,114.855485,-9418.149754
959.184316,114.855485,114.855485,-9399.007173
959.184943,38.285162,114.855485,-9418.149754
959.185571,133.998066,133.998066,-9399.007173
959.186198,95.712904,133.998066,-9360.722011
959.186826,76.570323,114.855485,-9418.149754
959.187453,95.712904,95.712904,-9399.007173
959.188080,133.998066,114.855485,-9418.149754
959.188708,153.140646,133.998066,-9399.007173
959.189335,153.140646,133.998066,-9456.434915
959.189963,76.570323,114.855485,-9418.149754
959.190590,95.712904,95.712904,-9399.007173
959.191218,95.712904,133.998066,-9360.722011
959.191845,76.570323,153.140646,-9360.722011
959.192472,76.570323,153.140646,-9360.722011
959.193100,133.998066,153.140646,-9418.149754
959.193727,210.568389,133.998066,-9399.007173
959.194355,133.998066,172.283227,-9418.149754
959.194982,153.140646,191.425808,-9399.007173
959.195610,76.570323,210.568389,-9494.720077
959.196237,133.998066,172.283227,-9418.149754
959.196864,133.998066,114.855485,-9418.149754
959.197492,153.140646,210.568389,-9379.864592
959.198119,38.285162,210.568389,-9418.149754
959.198747,95.712904,133.998066,-9360.722011
959.199374,95.712904,172.283227,-9418.149754
959.200002,133.998066,172.283227,-9418.149754
959.200629,95.712904,153.140646,-9418.149754
959.201256,57.427742,95.712904,-9399.007173
959.201884,76.570323,114.855485,-9418.149754
959.202511,95.712904,191.425808,-9360.722011
959.203139,76.570323,191.425808,-9437.292334
959.203766,153.140646,191.425808,-9456.434915
959.204394,133.998066,153.140646,-9437.292334
959.205021,133.998066,133.998066,-9399.007173
959.205648,76.570323,114.855485,-9418.149754
959.206276,114.855485,114.855485,-9379.864592
959.206903,95.712904,76.570323,-9379.864592
959.207531,38.285162,114.855485,-9418.149754
959.208158,133.998066,210.568389,-9418.149754
959.208786,133.998066,114.855485,-9418.149754
959.209413,57.427742,114.855485,-9418.149754
959.210040,38.285162,114.855485,-9418.149754
959.210668,95.712904,114.855485,-9399.007173
959.211295,76.570323,114.855485,-9418.149754
959.211923,38.285162,114.855485,-9456.434915
959.212550,95.712904,95.712904,-9399.007173
959.213178,133.998066,210.568389,-9418.149754
959.213805,133.998066,114.855485,-9418.149754
959.214432,76.570323,114.855485,-9418.149754
959.215060,76.570323,191.425808,-9437.292334
959.215687,114.855485,95.712904,-9494.720077
959.216315,153.140646,133.998066,-9399.007173
959.216942,95.712904,95.712904,-9399.007173
959.217570,114.855485,133.998066,-9360.722011
959.218197,76.570323,172.283227,-9418.149754
959.218824,57.427742,95.712904,-9399.007173
959.219452,95.712904,114.855485,-9418.149754
959.220079,114.855485,114.855485,-9399.007173
959.220707,114.855485,133.998066,-9360.722011
959.221334,133.998066,114.855485,-9418.149754
959.221961,114.855485,191.425808,-9360.722011
959.222589,133.998066,133.998066,-9399.007173
959.223216,95.712904,153.140646,-9418.149754
959.223843,114.855485,133.998066,-9360.722011
959.224471,133.998066,133.998066,-9399.007173
959.225098,153.140646,133.998066,-9399.007173
959.225725,133.998066,133.998066,-9399.007173
959.226353,172.283227,114.855485,-9379.864592
959.226980,133.998066,114.855485,-9456.434915
959.227608,76.570323,172.283227,-9456.434915
959.228235,133.998066,114.855485,-9456.434915
959.228862,95.712904,133.998066,-9418.149754
959.229490,153.140646,172.283227,-9418.149754
959.230117,76.570323,153.140646,-9418.149754
959.230744,133.998066,114.855485,-9418.149754
959.231372,133.998066,114.855485,-9456.434915
959.231999,114.855485,172.283227,-9341.579430
959.232626,114.855485,114.855485,-9399.007173
959.233254,95.712904,133.998066,-9360.722011
959.233881,153.140646,133.998066,-9456.434915
959.234508,153.140646,133.998066,-9399.007173
959.235136,114.855485,133.998066,-9360.722011
959.235763,76.570323,95.712904,-9399.007173
959.236390,95.712904,133.998066,-9360.722011
959.237018,38.285162,114.855485,-9418.149754
959.237645,133.998066,172.283227,-9494.720077
959.238273,153.140646,133.998066,-9399.007173
959.238900,76.570323,114.855485,-9418.149754
959.239527,133.998066,95.712904,-9360.722011
959.240155,76.570323,114.855485,-9456.434915
959.240782,133.998066,153.140646,-9418.149754
959.241409,38.285162,229.710970,-9418.149754
959.242037,133.998066,133.998066,-9399.007173
959.242664,76.570323,114.855485,-9418.149754
959.243291,76.570323,114.855485,-9418.149754
959.243919,38.285162,114.855485,-9418.149754
959.244546,76.570323,76.570323,-9399.007173
959.245173,114.855485,133.998066,-9360.722011
959.245801,76.570323,153.140646,-9437.292334
959.246428,133.998066,114.855485,-9418.149754
959.247055,38.285162,114.855485,-9418.149754
959.247683,76.570323,114.855485,-9418.149754
959.248310,133.998066,114.855485,-9437.292334
959.248938,133.998066,153.140646,-9456.434915
959.249565,38.285162,114.855485,-9418.149754
959.250192,114.855485,133.998066,-9360.722011
959.250820,76.570323,114.855485,-9418.149754
959.251447,57.427742,95.712904,-9399.007173
959.252074,76.570323,76.570323,-9379.864592
959.252702,76.570323,153.140646,-9360.722011
959.253329,76.570323,153.140646,-9437.292334
959.253956,95.712904,95.712904,-9399.007173
959.254584,76.570323,114.855485,-9418.149754
959.255211,38.285162,172.283227,-9360.722011
959.255838,76.570323,210.568389,-9456.434915
959.256466,76.570323,114.855485,-9418.149754
959.257093,38.285162,172.283227,-9418.149754
959.257721,76.570323,114.855485,-9360.722011
959.258348,133.998066,114.855485,-9418.149754
959.258975,133.998066,114.855485,-9418.149754
959.259603,57.427742,133.998066,-9360.722011
959.260230,76.570323,95.712904,-9399.007173
959.260857,76.570323,114.855485,-9418.149754
959.261485,95.712904,114.855485,-9418.149754
959.262112,76.570323,172.283227,-9437.292334
959.262739,76.570323,229.710970,-9418.149754
959.263367,114.855485,133.998066,-9341.579430
959.263994,172.283227,114.855485,-9379.864592
959.264621,133.998066,153.140646,-9418.149754
959.265249,76.570323,114.855485,-9418.149754
959.265876,76.570323,114.855485,-9418.149754
959.266503,133.998066,114.855485,-9418.149754
959.267131,95.712904,133.998066,-9360.722011
959.267758,133.998066,172.283227,-9418.149754
959.268386,95.712904,114.855485,-9418.149754
959.269013,76.570323,114.855485,-9418.149754
959.269640,133.998066,172.283227,-9494.720077
959.270268,114.855485,153.140646,-9360.722011
959.270895,133.998066,172.283227,-9418.149754
959.271522,133.998066,114.855485,-9437.292334
959.272150,133.998066,114.855485,-9456.434915
959.272777,133.998066,133.998066,-9399.007173
959.273404,172.283227,172.283227,-9379.864592
959.274032,153.140646,153.140646,-9456.434915
959.274659,114.855485,95.712904,-9399.007173
959.275286,133.998066,114.855485,-9456.434915
959.275914,153.140646,133.998066,-9399.007173
959.276541,133.998066,95.712904,-9418.149754
959.277168,133.998066,114.855485,-9360.722011
959.277796,76.570323,114.855485,-9494.720077
959.278423,76.570323,172.283227,-9418.149754
959.279051,114.855485,248.853550,-9360.722011
959.279678,95.712904,153.140646,-9418.149754
959.280305,133.998066,114.855485,-9418.149754
959.280933,95.712904,114.855485,-9418.149754
959.281560,133.998066,114.855485,-9418.149754
959.282187,114.855485,153.140646,-9341.579430
959.282815,76.570323,114.855485,-9418.149754
959.283442,38.285162,172.283227,-9418.149754
959.284069,76.570323,153.140646,-9437.292334
959.284697,153.140646,114.855485,-9456.434915
959.285324,133.998066,114.855485,-9418.149754
959.285951,95.712904,114.855485,-9418.149754
959.286579,133.998066,153.140646,-9418.149754
959.287206,95.712904,76.570323,-9418.149754
959.287833,114.855485,95.712904,-9399.007173
959.288461,114.855485,172.283227,-9360.722011
959.289088,133.998066,172.283227,-9418.149754
959.289716,76.570323,153.140646,-9418.149754
959.290343,76.570323,172.283227,-9418.149754
959.290970,133.998066,133.998066,-9456.434915
959.291598,133.998066,153.140646,-9418.149754
959.292225,76.570323,153.140646,-9456.434915
959.292852,76.570323,114.855485,-9456.434915
959.293480,57.427742,172.283227,-9418.149754
959.294107,95.712904,133.998066,-9360.722011
959.294734,38.285162,172.283227,-9360.722011
959.295362,76.570323,114.855485,-9418.149754
959.295989,114.855485,153.140646,-9418.149754
959.296616,76.570323,191.425808,-9418.149754
959.297244,95.712904,172.283227,-9360.722011
959.297871,114.855485,114.855485,-9379.864592
959.298498,133.998066,114.855485,-9418.149754
959.299126,153.140646,133.998066,-9399.007173
959.299753,133.998066,114.855485,-9437.292334
959.300381,153.140646,153.140646,-9399.007173
959.301008,133.998066,210.568389,-9418.149754
959.301635,133.998066,210.568389,-9418.149754
959.302263,133.998066,210.568389,-9418.149754
959.302890,76.570323,114.855485,-9418.149754
959.303517,38.285162,114.855485,-9418.149754
959.304145,76.570323,114.855485,-9456.434915
959.304772,114.855485,95.712904,-9399.007173
959.305399,76.570323,114.855485,-9360.722011
959.306027,133.998066,114.855485,-9418.149754
959.306654,133.998066,172.283227,-9399.007173
959.307281,76.570323,114.855485,-9418.149754
959.307909,133.998066,133.998066,-9399.007173
959.308536,76.570323,153.140646,-9418.149754
959.309163,114.855485,133.998066,-9360.722011
959.309791,95.712904,172.283227,-9418.149754
959.310418,76.570323,114.855485,-9418.149754
959.311046,95.712904,133.998066,-9360.722011
959.311673,172.283227,114.855485,-9379.864592
959.312300,133.998066,172.283227,-9399.007173
959.312928,76.570323,153.140646,-9418.149754
959.313555,133.998066,133.998066,-9399.007173
959.314182,133.998066,153.140646,-9418.149754
959.314810,76.570323,153.140646,-9418.149754
959.315437,95.712904,133.998066,-9360.722011
959.316064,95.712904,133.998066,-9360.722011
959.316692,38.285162,210.568389,-9418.149754
959.317319,133.998066,210.568389,-9360.722011
959.317946,38.285162,191.425808,-9418.149754
959.318574,57.427742,95.712904,-9399.007173
959.319201,76.570323,172.283227,-9360.722011
959.319829,76.570323,114.855485,-9437.292334
959.320456,95.712904,172.283227,-9379.864592
959.321083,133.998066,114.855485,-9418.149754
959.321711,133.998066,191.425808,-9418.149754
959.322338,95.712904,133.998066,-9341.579430
959.322965,114.855485,114.855485,-9379.864592
959.323593,57.427742,95.712904,-9399.007173
959.324220,114.855485,114.855485,-9379.864592
959.324848,38.285162,172.283227,-9418.149754
959.325475,133.998066,153.140646,-9360.722011
959.326102,133.998066,114.855485,-9418.149754
959.326730,76.570323,172.283227,-9418.149754
959.327357,38.285162,172.283227,-9475.577496
959.327985,133.998066,114.855485,-9418.149754
959.328612,38.285162,191.425808,-9360.722011
959.329239,38.285162,210.568389,-9418.149754
959.329867,76.570323,114.855485,-9418.149754
959.330494,133.998066,191.425808,-9418.149754
959.331122,95.712904,153.140646,-9360.722011
959.331749,38.285162,191.425808,-9360.722011
959.332377,133.998066,210.568389,-9418.149754
959.333004,172.283227,210.568389,-9379.864592
959.333631,76.570323,210.568389,-9418.149754
959.334259,95.712904,153.140646,-9360.722011
959.334886,153.140646,153.140646,-9418.149754
959.335514,95.712904,133.998066,-9360.722011
959.336141,38.285162,153.140646,-9418.149754
959.336768,133.998066,210.568389,-9418.149754
959.337396,38.285162,172.283227,-9437.292334
959.338023,76.570323,153.140646,-9418.149754
959.338651,133.998066,133.998066,-9399.007173
959.339278,114.855485,95.712904,-9399.007173
959.339905,95.712904,95.712904,-9437.292334
959.340533,76.570323,114.855485,-9418.149754
959.341160,76.570323,114.855485,-9418.149754
959.341788,153.140646,114.855485,-9418.149754
959.342415,172.283227,114.855485,-9379.864592
959.343043,76.570323,114.855485,-9418.149754
959.343670,114.855485,95.712904,-9399.007173
959.344297,76.570323,172.283227,-9418.149754
959.344925,76.570323,153.140646,-9418.149754
959.345552,95.712904,114.855485,-9418.149754
959.346180,133.998066,133.998066,-9399.007173
959.346807,133.998066,153.140646,-9418.149754
959.347434,76.570323,172.283227,-9418.149754
959.348062,172.283227,114.855485,-9379.864592
959.348689,57.427742,133.998066,-9418.149754
959.349317,95.712904,95.712904,-9437.292334
959.349944,95.712904,114.855485,-9437.292334
959.350571,95.712904,95.712904,-9399.007173
959.351199,114.855485,210.568389,-9360.722011
959.351826,114.855485,172.283227,-9360.722011
959.352454,114.855485,133.998066,-9360.722011
959.353081,95.712904,114.855485,-9418.149754
959.353709,38.285162,114.855485,-9418.149754
959.354336,133.998066,153.140646,-9437.292334
959.354963,114.855485,114.855485,-9399.007173
959.355591,133.998066,172.283227,-9418.149754
959.356218,76.570323,95.712904,-9399.007173
959.356846,114.855485,133.998066,-9341.579430
959.357473,95.712904,95.712904,-9437.292334
959.358100,76.570323,114.855485,-9475.577496
959.358728,38.285162,153.140646,-9418.149754
959.359355,95.712904,172.283227,-9399.007173
959.359983,95.712904,114.855485,-9418.149754
959.360610,133.998066,114.855485,-9418.149754
959.361237,95.712904,114.855485,-9418.149754
959.361865,95.712904,114.855485,-9418.149754
959.362492,76.570323,114.855485,-9456.434915
959.363120,133.998066,114.855485,-9418.149754
959.363747,76.570323,114.855485,-9418.149754
959.364375,133.998066,114.855485,-9418.149754
959.365002,133.998066,114.855485,-9418.149754
959.365629,95.712904,153.140646,-9418.149754
959.366257,133.998066,114.855485,-9418.149754
959.366884,95.712904,172.283227,-9437.292334
959.367512,38.285162,210.568389,-9418.149754
959.368139,114.855485,133.998066,-9360.722011
959.368766,133.998066,114.855485,-9418.149754
959.369394,133.998066,153.140646,-9418.149754
959.370021,76.570323,172.283227,-9418.149754
959.370649,95.712904,133.998066,-9360.722011
959.371276,57.427742,133.998066,-9341.579430
959.371903,95.712904,114.855485,-9418.149754
959.372531,76.570323,133.998066,-9360.722011
959.373158,153.140646,172.283227,-9437.292334
959.373786,133.998066,76.570323,-9399.007173
959.374413,133.998066,172.283227,-9418.149754
959.375041,133.998066,133.998066,-9399.007173
959.375668,133.998066,114.855485,-9418.149754
959.376295,76.570323,153.140646,-9418.149754
959.376923,76.570323,172.283227,-9418.149754
959.377550,133.998066,153.140646,-9418.149754
959.378178,95.712904,153.140646,-9418.149754
959.378805,133.998066,153.140646,-9418.149754
959.379432,133.998066,114.855485,-9418.149754
959.380060,133.998066,114.855485,-9418.149754
959.380687,133.998066,114.855485,-9418.149754
959.381315,76.570323,114.855485,-9418.149754
959.381942,76.570323,114.855485,-9418.149754
959.382569,133.998066,114.855485,-9418.149754
959.383197,95.712904,95.712904,-9399.007173
959.383824,76.570323,153.140646,-9418.149754
959.384452,38.285162,114.855485,-9456.434915
959.385079,76.570323,172.283227,-9418.149754
959.385707,133.998066,114.855485,-9418.149754
959.386334,133.998066,114.855485,-9418.149754
959.386961,57.427742,95.712904,-9399.007173
959.387589,76.570323,114.855485,-9418.149754
959.388216,38.285162,114.855485,-9418.149754
959.388844,76.570323,153.140646,-9418.149754
959.389471,76.570323,114.855485,-9418.149754
959.390098,114.855485,153.140646,-9360.722011
959.390726,76.570323,153.140646,-9418.149754
959.391353,76.570323,172.283227,-9418.149754
959.391981,95.712904,210.568389,-9418.149754
959.392608,114.855485,114.855485,-9418.149754
959.393235,95.712904,133.998066,-9360.722011
959.393863,95.712904,133.998066,-9360.722011
959.394490,57.427742,133.998066,-9418.149754
959.395118,38.285162,114.855485,-9418.149754
959.395745,38.285162,153.140646,-9456.434915
959.396373,153.140646,133.998066,-9399.007173
959.397000,114.855485,95.712904,-9399.007173
959.397627,153.140646,114.855485,-9418.149754
959.398255,153.140646,172.283227,-9360.722011
959.398882,133.998066,114.855485,-9418.149754
959.399510,133.998066,114.855485,-9475.577496
959.400137,133.998066,133.998066,-9494.720077
959.400764,76.570323,172.283227,-9418.149754
959.401392,133.998066,153.140646,-9418.149754
959.402019,76.570323,114.855485,-9418.149754
959.402647,76.570323,153.140646,-9418.149754
959.403274,153.140646,191.425808,-9399.007173
959.403902,153.140646,172.283227,-9341.579430
959.404529,133.998066,172.283227,-9418.149754
959.405156,114.855485,172.283227,-9360.722011
959.405784,76.570323,114.855485,-9418.149754
959.406411,76.570323,153.140646,-9418.149754
959.407039,133.998066,114.855485,-9437.292334
959.407666,153.140646,172.283227,-9399.007173
959.408293,133.998066,191.425808,-9418.149754
959.408921,133.998066,191.425808,-9475.577496
959.409548,133.998066,172.283227,-9399.007173
959.410176,76.570323,114.855485,-9418.149754
959.410803,76.570323,210.568389,-9418.149754
959.411430,153.140646,133.998066,-9399.007173
959.412058,114.855485,114.855485,-9399.007173
959.412685,133.998066,191.425808,-9418.149754
959.413313,114.855485,95.712904,-9399.007173
959.413940,133.998066,114.855485,-9418.149754
959.414568,76.570323,114.855485,-9418.149754
959.415195,95.712904,133.998066,-9418.149754
959.415822,76.570323,210.568389,-9418.149754
959.416450,76.570323,114.855485,-9456.434915
959.417077,76.570323,114.855485,-9360.722011
959.417705,95.712904,95.712904,-9399.007173
959.418332,76.570323,172.283227,-9418.149754
959.418959,76.570323,114.855485,-9437.292334
959.419587,76.570323,172.283227,-9418.149754
959.420214,133.998066,153.140646,-9418.149754
959.420842,172.283227,210.568389,-9379.864592
959.421469,76.570323,210.568389,-9437.292334
959.422096,38.285162,153.140646,-9418.149754
959.422724,38.285162,114.855485,-9360.722011
959.423351,133.998066,210.568389,-9418.149754
959.423979,114.855485,172.283227,-9360.722011
959.424606,38.285162,153.140646,-9418.149754
959.425234,76.570323,153.140646,-9456.434915
959.425861,76.570323,114.855485,-9418.149754
959.426488,95.712904,114.855485,-9418.149754
959.427116,76.570323,114.855485,-9418.149754
959.427743,153.140646,114.855485,-9437.292334
959.428371,133.998066,114.855485,-9437.292334
959.428998,153.140646,133.998066,-9456.434915
959.429626,133.998066,114.855485,-9437.292334
959.430253,76.570323,114.855485,-9418.149754
959.430880,76.570323,153.140646,-9418.149754
959.431508,133.998066,114.855485,-9418.149754
959.432135,133.998066,114.855485,-9418.149754
959.432763,133.998066,114.855485,-9360.722011
959.433390,76.570323,114.855485,-9418.149754
959.434018,76.570323,114.855485,-9418.149754
959.434645,76.570323,210.568389,-9418.149754
959.435272,133.998066,133.998066,-9437.292334
959.435900,153.140646,172.283227,-9437.292334
959.436527,76.570323,114.855485,-9399.007173
959.437155,38.285162,114.855485,-9418.149754
959.437782,95.712904,153.140646,-9360.722011
959.438410,95.712904,172.283227,-9360.722011
959.439037,153.140646,172.283227,-9456.434915
959.439664,133.998066,133.998066,-9399.007173
959.440292,133.998066,114.855485,-9437.292334
959.440919,38.285162,114.855485,-9418.149754
959.441547,95.712904,95.712904,-9494.720077
959.442174,76.570323,114.855485,-9418.149754
959.442802,38.285162,114.855485,-9418.149754
959.443429,114.855485,114.855485,-9399.007173
959.444056,133.998066,114.855485,-9418.149754
959.444684,133.998066,191.425808,-9418.149754
959.445311,76.570323,114.855485,-9418.149754
959.445939,76.570323,153.140646,-9418.149754
959.446566,133.998066,114.855485,-9418.149754
959.447194,153.140646,153.140646,-9399.007173
959.447821,76.570323,114.855485,-9456.434915
959.448448,76.570323,114.855485,-9418.149754
959.449076,95.712904,95.712904,-9399.007173
959.449703,133.998066,172.283227,-9418.149754
959.450331,38.285162,114.855485,-9418.149754
959.450958,133.998066,172.283227,-9418.149754
959.451586,95.712904,114.855485,-9437.292334
959.452213,133.998066,210.568389,-9437.292334
959.452840,76.570323,114.855485,-9418.149754
959.453468,133.998066,114.855485,-9456.434915
959.454095,133.998066,114.855485,-9418.149754
959.454723,153.140646,133.998066,-9399.007173
959.455350,76.570323,114.855485,-9418.149754
959.455978,38.285162,114.855485,-9418.149754
959.456605,57.427742,153.140646,-9418.149754
959.457232,95.712904,95.712904,-9399.007173
959.457860,76.570323,133.998066,-9360.722011
959.458487,95.712904,114.855485,-9418.149754
959.459115,76.570323,114.855485,-9418.149754
959.459742,153.140646,172.283227,-9399.007173
959.460370,38.285162,172.283227,-9418.149754
959.460997,76.570323,76.570323,-9360.722011
959.461624,114.855485,133.998066,-9360.722011
959.462252,114.855485,133.998066,-9360.722011
959.462879,76.570323,114.855485,-9456.434915
959.463507,76.570323,114.855485,-9437.292334
959.464134,76.570323,153.140646,-9418.149754
959.464762,76.570323,114.855485,-9437.292334
959.465389,38.285162,114.855485,-9437.292334
959.466016,114.855485,95.712904,-9399.007173
959.466644,95.712904,95.712904,-9437.292334
959.467271,95.712904,114.855485,-9475.577496
959.467899,153.140646,153.140646,-9475.577496
959.468526,153.140646,133.998066,-9399.007173
959.469154,133.998066,114.855485,-9418.149754
959.469781,76.570323,153.140646,-9418.149754
959.470408,57.427742,210.568389,-9418.149754
959.471036,133.998066,114.855485,-9418.149754
959.471663,114.855485,95.712904,-9399.007173
959.472291,76.570323,210.568389,-9418.149754
959.472918,76.570323,114.855485,-9418.149754
959.473546,76.570323,153.140646,-9418.149754
959.474173,133.998066,153.140646,-9418.149754
959.474800,95.712904,76.570323,-9379.864592
959.475428,95.712904,95.712904,-9399.007173
959.476055,38.285162,114.855485,-9418.149754
959.476683,38.285162,114.855485,-9494.720077
959.477310,153.140646,210.568389,-9399.007173
959.477938,38.285162,210.568389,-9418.149754
959.478565,38.285162,153.140646,-9418.149754
959.479192,114.855485,95.712904,-9399.007173
959.479820,95.712904,114.855485,-9418.149754
959.480447,76.570323,172.283227,-9437.292334
959.481075,133.998066,172.283227,-9418.149754
959.481702,153.140646,153.140646,-9399.007173
959.482330,38.285162,172.283227,-9360.722011
959.482957,95.712904,133.998066,-9322.436850
959.483584,153.140646,133.998066,-9399.007173
959.484212,172.283227,114.855485,-9322.436850
959.484839,114.855485,114.855485,-9379.864592
959.485467,76.570323,153.140646,-9360.722011
959.486094,38.285162,114.855485,-9418.149754
959.486722,133.998066,114.855485,-9418.149754
959.487349,133.998066,133.998066,-9399.007173
959.487976,133.998066,153.140646,-9418.149754
959.488604,133.998066,153.140646,-9418.149754
959.489231,153.140646,114.855485,-9418.149754
959.489859,114.855485,133.998066,-9418.149754
959.490486,38.285162,114.855485,-9437.292334
959.491114,133.998066,114.855485,-9418.149754
959.491741,38.285162,114.855485,-9418.149754
959.492368,133.998066,114.855485,-9418.149754
959.492996,153.140646,133.998066,-9399.007173
959.493623,76.570323,133.998066,-9418.149754
959.494251,76.570323,210.568389,-9360.722011
959.494878,95.712904,114.855485,-9418.149754
959.495506,95.712904,114.855485,-9399.007173
959.496133,114.855485,95.712904,-9399.007173
959.496760,114.855485,153.140646,-9418.149754
959.497388,153.140646,153.140646,-9399.007173
959.498015,133.998066,114.855485,-9418.149754
959.498643,133.998066,114.855485,-9418.149754
959.499270,133.998066,114.855485,-9418.149754
959.499898,95.712904,114.855485,-9418.149754
959.500525,133.998066,172.283227,-9418.149754
959.501152,76.570323,172.283227,-9418.149754
959.501780,57.427742,95.712904,-9399.007173
959.502407,38.285162,114.855485,-9437.292334
959.503035,38.285162,172.283227,-9418.149754
959.503662,114.855485,133.998066,-9341.579430
959.504290,95.712904,172.283227,-9418.149754
959.504917,95.712904,172.283227,-9418.149754
959.505544,133.998066,172.283227,-9399.007173
959.506172,133.998066,153.140646,-9418.149754
959.506799,95.712904,95.712904,-9399.007173
959.507427,76.570323,114.855485,-9418.149754
959.508054,38.285162,114.855485,-9418.149754
959.508682,133.998066,114.855485,-9418.149754
959.509309,38.285162,172.283227,-9418.149754
959.509936,95.712904,95.712904,-9399.007173
959.510564,95.712904,114.855485,-9418.149754
959.511191,153.140646,133.998066,-9399.007173
959.511819,133.998066,114.855485,-9456.434915
959.512446,133.998066,114.855485,-9418.149754
959.513074,76.570323,114.855485,-9418.149754
959.513701,76.570323,114.855485,-9418.149754
959.514328,133.998066,114.855485,-9418.149754
959.514956,114.855485,95.712904,-9399.007173
959.515583,114.855485,133.998066,-9360.722011
959.516211,38.285162,153.140646,-9456.434915
959.516838,76.570323,172.283227,-9418.149754
959.517466,133.998066,153.140646,-9418.149754
959.518093,95.712904,153.140646,-9456.434915
959.518720,172.283227,210.568389,-9379.864592
959.519348,153.140646,172.283227,-9399.007173
959.519975,133.998066,114.855485,-9418.149754
959.520603,133.998066,172.283227,-9418.149754
959.521230,153.140646,153.140646,-9399.007173
959.521858,133.998066,172.283227,-9360.722011
959.522485,38.285162,114.855485,-9418.149754
959.523112,133.998066,114.855485,-9418.149754
959.523740,133.998066,114.855485,-9418.149754
959.524367,76.570323,172.283227,-9418.149754
959.524995,95.712904,210.568389,-9360.722011
959.525622,133.998066,153.140646,-9418.149754
959.526250,57.427742,133.998066,-9360.722011
959.526877,95.712904,114.855485,-9456.434915
959.527505,38.285162,172.283227,-9418.149754
959.528132,133.998066,114.855485,-9418.149754
959.528760,38.285162,210.568389,-9418.149754
959.529387,133.998066,114.855485,-9437.292334
959.530015,133.998066,153.140646,-9418.149754
959.530642,153.140646,133.998066,-9399.007173
959.531270,76.570323,153.140646,-9418.149754
959.531897,153.140646,133.998066,-9399.007173
959.532525,153.140646,172.283227,-9399.007173
959.533152,76.570323,114.855485,-9418.149754
959.533780,153.140646,133.998066,-9399.007173
959.534407,133.998066,114.855485,-9418.149754
959.535035,153.140646,172.283227,-9399.007173
959.535662,76.570323,114.855485,-9418.149754
959.536290,38.285162,153.140646,-9418.149754
959.536917,133.998066,114.855485,-9418.149754
959.537545,114.855485,133.998066,-9360.722011
959.538172,114.855485,133.998066,-9360.722011
959.538800,95.712904,153.140646,-9360.722011
959.539427,133.998066,172.283227,-9418.149754
959.540055,19.142581,210.568389,-9418.149754
959.540682,153.140646,191.425808,-9399.007173
959.541310,57.427742,133.998066,-9360.722011
959.541937,133.998066,210.568389,-9418.149754
959.542565,76.570323,153.140646,-9456.434915
959.543192,76.570323,114.855485,-9418.149754
959.543820,95.712904,172.283227,-9418.149754
959.544447,57.427742,114.855485,-9418.149754
959.545075,76.570323,114.855485,-9418.149754
959.545702,133.998066,114.855485,-9418.149754
959.546330,95.712904,95.712904,-9399.007173
959.546957,133.998066,114.855485,-9418.149754
959.547584,133.998066,114.855485,-9437.292334
959.548212,114.855485,133.998066,-9360.722011
959.548839,133.998066,114.855485,-9418.149754
959.549467,95.712904,114.855485,-9437.292334
959.550094,153.140646,133.998066,-9437.292334
959.550722,76.570323,172.283227,-9418.149754
959.551349,133.998066,114.855485,-9437.292334
959.551977,133.998066,114.855485,-9418.149754
959.552604,76.570323,114.855485,-9456.434915
959.553232,76.570323,114.855485,-9418.149754
959.553859,76.570323,114.855485,-9418.149754
959.554487,38.285162,153.140646,-9418.149754
959.555114,114.855485,133.998066,-9360.722011
959.555742,133.998066,114.855485,-9418.149754
959.556369,38.285162,153.140646,-9418.149754
959.556997,133.998066,153.140646,-9418.149754
959.557624,153.140646,172.283227,-9399.007173
959.558252,133.998066,172.283227,-9379.864592
959.558879,133.998066,114.855485,-9418.149754
959.559507,172.283227,153.140646,-9379.864592
959.560134,153.140646,133.998066,-9399.007173
959.560762,153.140646,133.998066,-9399.007173
959.561389,76.570323,153.140646,-9418.149754
959.562017,76.570323,114.855485,-9418.149754
959.562644,95.712904,133.998066,-9360.722011
959.563272,57.427742,191.425808,-9360.722011
959.563899,57.427742,114.855485,-9418.149754
959.564527,76.570323,114.855485,-9418.149754
959.565154,38.285162,172.283227,-9418.149754
959.565782,133.998066,114.855485,-9418.149754
959.566409,76.570323,114.855485,-9418.149754
959.567037,38.285162,114.855485,-9418.149754
959.567664,38.285162,114.855485,-9418.149754
959.568292,57.427742,95.712904,-9399.007173
959.568919,57.427742,133.998066,-9418.149754
959.569547,95.712904,114.855485,-9437.292334
959.570174,133.998066,114.855485,-9437.292334
959.570802,133.998066,153.140646,-9475.577496
959.571429,95.712904,114.855485,-9418.149754
959.572057,133.998066,153.140646,-9418.149754
959.572684,76.570323,114.855485,-9418.149754
959.573311,133.998066,172.283227,-9437.292334
959.573939,76.570323,95.712904,-9399.007173
959.574566,76.570323,153.140646,-9494.720077
959.575194,133.998066,114.855485,-9418.149754
959.575821,76.570323,210.568389,-9437.292334
959.576449,153.140646,191.425808,-9456.434915
959.577076,133.998066,153.140646,-9418.149754
959.577704,76.570323,210.568389,-9456.434915
959.578331,95.712904,114.855485,-9418.149754
959.578959,133.998066,210.568389,-9418.149754
959.579586,76.570323,114.855485,-9418.149754
959.580214,38.285162,153.140646,-9418.149754
959.580841,153.140646,172.283227,-9399.007173
959.581469,76.570323,114.855485,-9456.434915
959.582096,133.998066,172.283227,-9418.149754
959.582724,114.855485,172.283227,-9360.722011
959.583351,114.855485,133.998066,-9360.722011
959.583979,95.712904,114.855485,-9399.007173
959.584606,133.998066,172.283227,-9418.149754
959.585234,76.570323,172.283227,-9418.149754
959.585861,133.998066,114.855485,-9418.149754
959.586489,76.570323,114.855485,-9418.149754
959.587116,76.570323,114.855485,-9418.149754
959.587744,133.998066,114.855485,-9475.577496
959.588371,133.998066,153.140646,-9418.149754
959.588999,133.998066,114.855485,-9418.149754
959.589626,114.855485,133.998066,-9360.722011
959.590254,57.427742,133.998066,-9360.722011
959.590881,76.570323,114.855485,-9418.149754
959.591509,38.285162,210.568389,-9418.149754
959.592136,38.285162,210.568389,-9418.149754
959.592764,114.855485,133.998066,-9360.722011
959.593391,153.140646,133.998066,-9494.720077
959.594019,57.427742,153.140646,-9379.864592
959.594646,76.570323,114.855485,-9418.149754
959.595274,133.998066,114.855485,-9475.577496
959.595901,76.570323,153.140646,-9475.577496
959.596529,133.998066,76.570323,-9379.864592
959.597156,133.998066,114.855485,-9418.149754
959.597783,153.140646,114.855485,-9475.577496
959.598411,133.998066,172.283227,-9418.149754
959.599038,76.570323,114.855485,-9418.149754
959.599666,76.570323,114.855485,-9360.722011
959.600293,95.712904,172.283227,-9418.149754
959.600921,57.427742,95.712904,-9399.007173
959.601548,38.285162,210.568389,-9360.722011
959.602176,114.855485,133.998066,-9360.722011
959.602803,76.570323,172.283227,-9418.149754
959.603431,95.712904,133.998066,-9360.722011
959.604058,57.427742,95.712904,-9379.864592
959.604686,76.570323,76.570323,-9379.864592
959.605313,133.998066,114.855485,-9418.149754
959.605941,76.570323,114.855485,-9418.149754
959.606568,38.285162,114.855485,-9456.434915
959.607196,57.427742,153.140646,-9475.577496
959.607823,38.285162,114.855485,-9418.149754
959.608451,95.712904,133.998066,-9418.149754
959.609078,153.140646,172.283227,-9399.007173
959.609706,76.570323,114.855485,-9418.149754
959.610333,153.140646,114.855485,-9437.292334
959.610961,133.998066,114.855485,-9418.149754
959.611588,76.570323,153.140646,-9418.149754
959.612216,114.855485,172.283227,-9360.722011
959.612843,133.998066,191.425808,-9418.149754
959.613471,76.570323,172.283227,-9418.149754
959.614098,95.712904,172.283227,-9360.722011
959.614726,133.998066,153.140646,-9494.720077
959.615353,95.712904,95.712904,-9379.864592
959.615981,172.283227,76.570323,-9418.149754
959.616608,57.427742,191.425808,-9360.722011
959.617236,19.142581,172.283227,-9418.149754
959.617863,38.285162,114.855485,-9418.149754
959.618491,76.570323,114.855485,-9418.149754
959.619118,76.570323,210.568389,-9418.149754
959.619746,95.712904,172.283227,-9360.722011
959.620373,76.570323,172.283227,-9418.149754
959.621001,95.712904,114.855485,-9418.149754
959.621628,76.570323,76.570323,-9379.864592
959.622255,114.855485,95.712904,-9399.007173
959.622883,57.427742,95.712904,-9437.292334
959.623510,133.998066,114.855485,-9418.149754
959.624138,114.855485,95.712904,-9399.007173
959.624765,133.998066,114.855485,-9360.722011
959.625393,76.570323,114.855485,-9418.149754
959.626020,153.140646,133.998066,-9399.007173
959.626648,76.570323,114.855485,-9418.149754
959.627275,57.427742,95.712904,-9399.007173
959.627903,95.712904,114.855485,-9418.149754
959.628530,133.998066,114.855485,-9418.149754
959.629158,133.998066,133.998066,-9456.434915
959.629785,133.998066,114.855485,-9418.149754
959.630413,133.998066,114.855485,-9475.577496
959.631040,76.570323,114.855485,-9456.434915
959.631668,76.570323,114.855485,-9456.434915
959.632295,38.285162,114.855485,-9418.149754
959.632923,95.712904,172.283227,-9418.149754
959.633550,133.998066,114.855485,-9456.434915
959.634178,76.570323,114.855485,-9418.149754
959.634805,76.570323,114.855485,-9418.149754
959.635433,133.998066,114.855485,-9418.149754
959.636060,76.570323,172.283227,-9418.149754
959.636688,38.285162,114.855485,-9418.149754
959.637316,95.712904,153.140646,-9418.149754
959.637943,38.285162,114.855485,-9418.149754
959.638571,76.570323,114.855485,-9418.149754
959.639198,114.855485,95.712904,-9456.434915
959.639826,133.998066,114.855485,-9418.149754
959.640453,133.998066,133.998066,-9399.007173
959.641081,133.998066,153.140646,-9418.149754
959.641708,133.998066,114.855485,-9456.434915
959.642336,153.140646,133.998066,-9437.292334
959.642963,133.998066,114.855485,-9418.149754
959.643591,76.570323,210.568389,-9418.149754
959.644218,114.855485,114.855485,-9494.720077
959.644846,95.712904,172.283227,-9418.149754
959.645473,76.570323,172.283227,-9418.149754
959.646101,76.570323,172.283227,-9437.292334
959.646728,76.570323,210.568389,-9418.149754
959.647356,133.998066,114.855485,-9418.149754
959.647983,76.570323,114.855485,-9418.149754
959.648611,133.998066,114.855485,-9418.149754
959.649238,95.712904,76.570323,-9379.864592
959.649866,76.570323,172.283227,-9418.149754
959.650493,133.998066,114.855485,-9418.149754
959.651121,153.140646,133.998066,-9399.007173
959.651748,133.998066,210.568389,-9418.149754
959.652376,38.285162,153.140646,-9456.434915
959.653003,133.998066,114.855485,-9418.149754
959.653631,95.712904,114.855485,-9418.149754
959.654258,38.285162,114.855485,-9456.434915
959.654886,76.570323,114.855485,-9437.292334
959.655513,133.998066,133.998066,-9456.434915
959.656141,38.285162,114.855485,-9418.149754
959.656768,76.570323,172.283227,-9418.149754
959.657396,133.998066,210.568389,-9418.149754
959.658023,133.998066,114.855485,-9437.292334
959.658651,76.570323,153.140646,-9418.149754
959.659278,133.998066,76.570323,-9379.864592
959.659906,76.570323,153.140646,-9418.149754
959.660533,76.570323,172.283227,-9360.722011
959.661161,114.855485,191.425808,-9360.722011
959.661788,95.712904,133.998066,-9360.722011
959.662416,76.570323,172.283227,-9418.149754
959.663043,133.998066,153.140646,-9418.149754
959.663671,76.570323,172.283227,-9418.149754
959.664298,38.285162,114.855485,-9418.149754
959.664926,76.570323,114.855485,-9456.434915
959.665553,133.998066,172.283227,-9418.149754
959.666181,114.855485,172.283227,-9360.722011
959.666808,172.283227,210.568389,-9379.864592
959.667436,114.855485,133.998066,-9360.722011
959.668063,76.570323,210.568389,-9418.149754
959.668691,76.570323,114.855485,-9418.149754
959.669318,38.285162,172.283227,-9418.149754
959.669946,38.285162,114.855485,-9418.149754
959.670573,95.712904,114.855485,-9418.149754
959.671201,133.998066,172.283227,-9418.149754
959.671828,76.570323,114.855485,-9418.149754
959.672456,114.855485,153.140646,-9360.722011
959.673083,114.855485,95.712904,-9399.007173
959.673711,133.998066,114.855485,-9360.722011
959.674338,76.570323,114.855485,-9418.149754
959.674966,133.998066,153.140646,-9418.149754
959.675593,38.285162,172.283227,-9437.292334
959.676221,133.998066,210.568389,-9418.149754
959.676848,76.570323,191.425808,-9418.149754
959.677476,133.998066,114.855485,-9418.149754
959.678103,76.570323,114.855485,-9418.149754
959.678731,76.570323,153.140646,-9437.292334
959.679358,76.570323,114.855485,-9418.149754
959.679986,172.283227,76.570323,-9418.149754
959.680613,114.855485,95.712904,-9437.292334
959.681241,76.570323,172.283227,-9418.149754
959.681868,133.998066,114.855485,-9437.292334
959.682496,76.570323,114.855485,-9475.577496
959.683123,153.140646,114.855485,-9418.149754
959.683751,133.998066,210.568389,-9418.149754
959.684378,57.427742,172.283227,-9418.149754
959.685006,38.285162,172.283227,-9418.149754
959.685633,95.712904,114.855485,-9418.149754
959.686261,38.285162,114.855485,-9418.149754
959.686888,95.712904,114.855485,-9418.149754
959.687516,114.855485,95.712904,-9399.007173
959.688143,95.712904,95.712904,-9399.007173
959.688771,133.998066,153.140646,-9399.007173
959.689398,95.712904,172.283227,-9418.149754
959.690026,76.570323,114.855485,-9418.149754
959.690653,76.570323,229.710970,-9418.149754
959.691281,76.570323,172.283227,-9418.149754
959.691908,38.285162,114.855485,-9418.149754
959.692536,38.285162,172.283227,-9418.149754
959.693163,76.570323,172.283227,-9418.149754
959.693791,76.570323,114.855485,-9418.149754
959.694418,133.998066,114.855485,-9456.434915
959.695046,114.855485,210.568389,-9322.436850
959.695673,133.998066,114.855485,-9418.149754
959.696301,19.142581,114.855485,-9418.149754
959.696928,76.570323,153.140646,-9456.434915
959.697556,95.712904,95.712904,-9399.007173
959.698183,57.427742,95.712904,-9399.007173
959.698811,133.998066,114.855485,-9418.149754
959.699438,76.570323,114.855485,-9418.149754
959.700066,76.570323,114.855485,-9418.149754
959.700693,133.998066,114.855485,-9418.149754
959.701321,57.427742,95.712904,-9399.007173
959.701948,133.998066,153.140646,-9399.007173
959.702576,133.998066,153.140646,-9418.149754
959.703203,76.570323,114.855485,-9418.149754
959.703831,38.285162,114.855485,-9418.149754
959.704458,57.427742,95.712904,-9399.007173
959.705086,76.570323,172.283227,-9418.149754
959.705713,76.570323,114.855485,-9418.149754
959.706341,133.998066,114.855485,-9437.292334
959.706968,76.570323,114.855485,-9437.292334
959.707596,133.998066,114.855485,-9437.292334
959.708223,76.570323,114.855485,-9418.149754
959.708851,95.712904,229.710970,-9418.149754
959.709478,133.998066,114.855485,-9418.149754
959.710106,114.855485,133.998066,-9360.722011
959.710733,133.998066,114.855485,-9418.149754
959.711361,38.285162,172.283227,-9418.149754
959.711988,76.570323,172.283227,-9418.149754
959.712616,133.998066,172.283227,-9456.434915
959.713243,133.998066,172.283227,-9418.149754
959.713871,153.140646,210.568389,-9418.149754
959.714498,114.855485,172.283227,-9418.149754
959.715126,38.285162,114.855485,-9456.434915
959.715753,95.712904,133.998066,-9360.722011
959.716381,76.570323,114.855485,-9418.149754
959.717008,153.140646,133.998066,-9399.007173
959.717636,133.998066,114.855485,-9456.434915
959.718263,95.712904,114.855485,-9418.149754
959.718891,76.570323,114.855485,-9418.149754
959.719518,114.855485,133.998066,-9360.722011
959.720146,153.140646,133.998066,-9494.720077
959.720773,133.998066,114.855485,-9418.149754
959.721401,76.570323,114.855485,-9418.149754
959.722028,76.570323,114.855485,-9418.149754
959.722656,153.140646,133.998066,-9399.007173
959.723283,57.427742,133.998066,-9360.722011
959.723911,133.998066,153.140646,-9456.434915
959.724538,133.998066,153.140646,-9418.149754
959.725166,133.998066,153.140646,-9418.149754
959.725794,76.570323,76.570323,-9379.864592
959.726421,114.855485,153.140646,-9360.722011
959.727049,133.998066,172.283227,-9360.722011
959.727676,76.570323,95.712904,-9437.292334
959.728304,133.998066,114.855485,-9418.149754
959.728931,133.998066,133.998066,-9456.434915
959.729559,133.998066,210.568389,-9418.149754
959.730187,38.285162,153.140646,-9418.149754
959.730814,76.570323,153.140646,-9418.149754
959.731442,133.998066,114.855485,-9418.149754
959.732069,172.283227,76.570323,-9418.149754
959.732697,57.427742,114.855485,-9418.149754
959.733325,133.998066,114.855485,-9360.722011
959.733952,153.140646,133.998066,-9379.864592
959.734580,76.570323,210.568389,-9418.149754
959.735207,133.998066,114.855485,-9418.149754
959.735835,133.998066,76.570323,-9379.864592
959.736462,0.000000,114.855485,-9379.864592
959.737090,95.712904,153.140646,-9437.292334
959.737718,38.285162,172.283227,-9418.149754
959.738345,95.712904,153.140646,-9418.149754
959.738973,95.712904,133.998066,-9360.722011
959.739600,57.427742,153.140646,-9360.722011
959.740228,57.427742,153.140646,-9360.722011
959.740856,57.427742,133.998066,-9418.149754
959.741483,153.140646,133.998066,-9399.007173
959.742111,153.140646,172.283227,-9399.007173
959.742738,133.998066,114.855485,-9418.149754
959.743366,133.998066,114.855485,-9418.149754
959.743993,95.712904,153.140646,-9360.722011
959.744621,38.285162,114.855485,-9437.292334
959.745249,57.427742,133.998066,-9360.722011
959.745876,114.855485,133.998066,-9360.722011
959.746504,95.712904,172.283227,-9360.722011
959.747131,76.570323,114.855485,-9418.149754
959.747759,76.570323,114.855485,-9456.434915
959.748387,133.998066,114.855485,-9418.149754
959.749014,114.855485,133.998066,-9360.722011
959.749642,76.570323,114.855485,-9418.149754
959.750269,76.570323,210.568389,-9418.149754
959.750897,76.570323,114.855485,-9437.292334
959.751524,133.998066,114.855485,-9418.149754
959.752152,133.998066,133.998066,-9379.864592
959.752780,38.285162,114.855485,-9418.149754
959.753407,191.425808,114.855485,-9379.864592
959.754035,172.283227,76.570323,-9418.149754
959.754662,95.712904,133.998066,-9360.722011
959.755290,76.570323,114.855485,-9399.007173
959.755918,57.427742,133.998066,-9360.722011
959.756545,153.140646,133.998066,-9399.007173
959.757173,114.855485,95.712904,-9379.864592
959.757800,95.712904,95.712904,-9399.007173
959.758428,76.570323,153.140646,-9456.434915
959.759055,38.285162,153.140646,-9418.149754
959.759683,38.285162,210.568389,-9418.149754
959.760311,57.427742,114.855485,-9418.149754
959.760938,133.998066,210.568389,-9437.292334
959.761566,38.285162,114.855485,-9418.149754
959.762193,76.570323,114.855485,-9418.149754
959.762821,57.427742,95.712904,-9399.007173
959.763449,114.855485,114.855485,-9399.007173
959.764076,133.998066,172.283227,-9456.434915
959.764704,133.998066,114.855485,-9418.149754
959.765331,76.570323,133.998066,-9379.864592
959.765959,133.998066,153.140646,-9399.007173
959.766586,76.570323,114.855485,-9418.149754
959.767214,95.712904,114.855485,-9418.149754
959.767842,57.427742,133.998066,-9360.722011
959.768469,38.285162,210.568389,-9418.149754
959.769097,76.570323,172.283227,-9418.149754
959.769724,133.998066,114.855485,-9418.149754
959.770352,76.570323,76.570323,-9379.864592
959.770980,38.285162,114.855485,-9418.149754
959.771607,76.570323,172.283227,-9418.149754
959.772235,133.998066,114.855485,-9418.149754
959.772862,133.998066,153.140646,-9456.434915
959.773490,76.570323,172.283227,-9456.434915
959.774117,95.712904,133.998066,-9360.722011
959.774745,76.570323,172.283227,-9418.149754
959.775373,133.998066,114.855485,-9418.149754
959.776000,133.998066,114.855485,-9418.149754
959.776628,76.570323,114.855485,-9418.149754
959.777255,133.998066,114.855485,-9418.149754
959.777883,95.712904,114.855485,-9418.149754
959.778511,114.855485,95.712904,-9399.007173
959.779138,133.998066,114.855485,-9418.149754
959.779766,76.570323,114.855485,-9418.149754
959.780393,76.570323,114.855485,-9437.292334
959.781021,114.855485,95.712904,-9399.007173
959.781648,133.998066,114.855485,-9418.149754
959.782276,114.855485,133.998066,-9360.722011
959.782904,76.570323,172.283227,-9418.149754
959.783531,95.712904,114.855485,-9418.149754
959.784159,38.285162,210.568389,-9456.434915
959.784786,19.142581,210.568389,-9418.149754
959.785414,38.285162,114.855485,-9418.149754
959.786042,133.998066,114.855485,-9418.149754
959.786669,133.998066,191.425808,-9418.149754
959.787297,153.140646,172.283227,-9399.007173
959.787924,114.855485,133.998066,-9360.722011
959.788552,76.570323,172.283227,-9418.149754
959.789179,76.570323,210.568389,-9360.722011
959.789807,76.570323,114.855485,-9418.149754
959.790435,133.998066,153.140646,-9418.149754
959.791062,76.570323,114.855485,-9418.149754
959.791690,76.570323,114.855485,-9418.149754
959.792317,114.855485,95.712904,-9399.007173
959.792945,76.570323,172.283227,-9360.722011
959.793573,76.570323,114.855485,-9418.149754
959.794200,133.998066,114.855485,-9437.292334
959.794828,76.570323,114.855485,-9456.434915
959.795455,133.998066,210.568389,-9418.149754
959.796083,38.285162,114.855485,-9418.149754
959.796710,76.570323,114.855485,-9418.149754
959.797338,133.998066,114.855485,-9418.149754
959.797966,153.140646,153.140646,-9399.007173
959.798593,133.998066,114.855485,-9418.149754
959.799221,133.998066,153.140646,-9418.149754
959.799848,153.140646,153.140646,-9399.007173
959.800476,76.570323,114.855485,-9418.149754
959.801104,76.570323,153.140646,-9475.577496
959.801731,95.712904,172.283227,-9437.292334
959.802359,38.285162,153.140646,-9418.149754
959.802986,133.998066,114.855485,-9418.149754
959.803614,76.570323,114.855485,-9418.149754
959.804241,133.998066,114.855485,-9418.149754
959.804869,133.998066,114.855485,-9418.149754
959.805497,133.998066,172.283227,-9360.722011
959.806124,57.427742,133.998066,-9322.436850
959.806752,133.998066,172.283227,-9399.007173
959.807379,95.712904,229.710970,-9418.149754
959.808007,76.570323,153.140646,-9418.149754
959.808635,133.998066,172.283227,-9418.149754
959.809262,76.570323,153.140646,-9418.149754
959.809890,114.855485,95.712904,-9399.007173
959.810517,76.570323,153.140646,-9418.149754
959.811145,133.998066,114.855485,-9418.149754
959.811772,76.570323,114.855485,-9437.292334
959.812400,133.998066,210.568389,-9418.149754
959.813028,114.855485,229.710970,-9456.434915
959.813655,133.998066,210.568389,-9418.149754
959.814283,114.855485,133.998066,-9360.722011
959.814910,95.712904,95.712904,-9399.007173
959.815538,133.998066,191.425808,-9399.007173
959.816166,76.570323,114.855485,-9360.722011
959.816793,57.427742,133.998066,-9360.722011
959.817421,95.712904,114.855485,-9418.149754
959.818048,153.140646,153.140646,-9399.007173
959.818676,133.998066,172.283227,-9399.007173
959.819303,133.998066,172.283227,-9418.149754
959.819931,76.570323,114.855485,-9418.149754
959.820559,133.998066,114.855485,-9418.149754
959.821186,95.712904,133.998066,-9341.579430
959.821814,76.570323,114.855485,-9418.149754
959.822441,76.570323,114.855485,-9437.292334
959.823069,38.285162,172.283227,-9418.149754
959.823697,133.998066,153.140646,-9437.292334
959.824324,133.998066,172.283227,-9418.149754
959.824952,133.998066,191.425808,-9456.434915
959.825579,133.998066,133.998066,-9399.007173
959.826207,153.140646,133.998066,-9399.007173
959.826835,133.998066,114.855485,-9418.149754
959.827462,76.570323,133.998066,-9379.864592
959.828090,95.712904,114.855485,-9456.434915
959.828717,114.855485,133.998066,-9360.722011
959.829345,95.712904,114.855485,-9456.434915
959.829973,76.570323,114.855485,-9418.149754
959.830600,133.998066,114.855485,-9418.149754
959.831228,114.855485,191.425808,-9360.722011
959.831856,76.570323,210.568389,-9418.149754
959.832483,133.998066,172.283227,-9437.292334
959.833111,76.570323,153.140646,-9456.434915
959.833738,114.855485,172.283227,-9341.579430
959.834366,172.283227,76.570323,-9418.149754
959.834994,133.998066,114.855485,-9418.149754
959.835621,133.998066,114.855485,-9437.292334
959.836249,76.570323,114.855485,-9360.722011
959.836876,57.427742,133.998066,-9360.722011
959.837504,153.140646,133.998066,-9399.007173
959.838132,133.998066,153.140646,-9418.149754
959.838759,76.570323,114.855485,-9418.149754
959.839387,153.140646,133.998066,-9399.007173
959.840015,95.712904,133.998066,-9360.722011
959.840642,95.712904,133.998066,-9360.722011
959.841270,57.427742,114.855485,-9418.149754
959.841897,95.712904,114.855485,-9418.149754
959.842525,76.570323,114.855485,-9418.149754
959.843153,95.712904,133.998066,-9360.722011
959.843780,133.998066,114.855485,-9418.149754
959.844408,133.998066,114.855485,-9418.149754
959.845036,172.283227,76.570323,-9418.149754
959.845663,133.998066,210.568389,-9418.149754
959.846291,95.712904,172.283227,-9360.722011
959.846918,76.570323,172.283227,-9418.149754
959.847546,133.998066,114.855485,-9418.149754
959.848174,76.570323,172.283227,-9418.149754
959.848801,38.285162,210.568389,-9418.149754
959.849429,76.570323,172.283227,-9437.292334
959.850056,76.570323,153.140646,-9437.292334
959.850684,76.570323,153.140646,-9418.149754
959.851312,114.855485,133.998066,-9360.722011
959.851939,76.570323,172.283227,-9418.149754
959.852567,153.140646,133.998066,-9399.007173
959.853195,76.570323,172.283227,-9418.149754
959.853822,76.570323,153.140646,-9418.149754
959.854450,114.855485,133.998066,-9360.722011
959.855077,76.570323,114.855485,-9456.434915
959.855705,95.712904,95.712904,-9399.007173
959.856333,76.570323,114.855485,-9418.149754
959.856960,57.427742,95.712904,-9399.007173
959.857588,95.712904,114.855485,-9418.149754
959.858216,95.712904,133.998066,-9360.722011
959.858843,76.570323,114.855485,-9418.149754
959.859471,133.998066,114.855485,-9437.292334
959.860098,38.285162,114.855485,-9418.149754
959.860726,133.998066,114.855485,-9418.149754
959.861354,133.998066,133.998066,-9437.292334
959.861981,133.998066,210.568389,-9494.720077
959.862609,95.712904,153.140646,-9437.292334
959.863236,76.570323,114.855485,-9437.292334
959.863864,133.998066,114.855485,-9418.149754
959.864492,76.570323,114.855485,-9418.149754
959.865119,95.712904,114.855485,-9456.434915
959.865747,76.570323,114.855485,-9418.149754
959.866375,57.427742,172.283227,-9494.720077
959.867002,76.570323,172.283227,-9418.149754
959.867630,76.570323,191.425808,-9360.722011
959.868257,133.998066,153.140646,-9418.149754
959.868885,133.998066,114.855485,-9456.434915
959.869513,133.998066,153.140646,-9418.149754
959.870140,133.998066,210.568389,-9456.434915
959.870768,76.570323,172.283227,-9418.149754
959.871396,76.570323,114.855485,-9437.292334
959.872023,76.570323,114.855485,-9437.292334
959.872651,76.570323,153.140646,-9437.292334
959.873278,95.712904,114.855485,-9418.149754
959.873906,133.998066,114.855485,-9418.149754
959.874534,57.427742,133.998066,-9360.722011
959.875161,95.712904,172.283227,-9418.149754
959.875789,133.998066,172.283227,-9456.434915
959.876416,95.712904,133.998066,-9360.722011
959.877044,38.285162,114.855485,-9418.149754
959.877672,38.285162,114.855485,-9418.149754
959.878299,57.427742,114.855485,-9418.149754
959.878927,114.855485,133.998066,-9360.722011
959.879555,38.285162,114.855485,-9418.149754
959.880182,38.285162,153.140646,-9437.292334
959.880810,133.998066,114.855485,-9418.149754
959.881437,57.427742,133.998066,-9360.722011
959.882065,76.570323,114.855485,-9360.722011
959.882693,114.855485,191.425808,-9360.722011
959.883320,95.712904,153.140646,-9437.292334
959.883948,76.570323,114.855485,-9418.149754
959.884575,76.570323,114.855485,-9418.149754
959.885203,95.712904,114.855485,-9418.149754
959.885831,133.998066,114.855485,-9418.149754
959.886458,133.998066,114.855485,-9418.149754
959.887086,38.285162,114.855485,-9418.149754
959.887714,76.570323,114.855485,-9418.149754
959.888341,38.285162,114.855485,-9437.292334
959.888969,95.712904,133.998066,-9360.722011
959.889596,133.998066,114.855485,-9418.149754
959.890224,95.712904,210.568389,-9418.149754
959.890852,133.998066,114.855485,-9437.292334
959.891479,153.140646,210.568389,-9399.007173
959.892107,133.998066,153.140646,-9418.149754
959.892735,76.570323,114.855485,-9437.292334
959.893362,38.285162,114.855485,-9437.292334
959.893990,57.427742,114.855485,-9418.149754
959.894617,95.712904,114.855485,-9418.149754
959.895245,95.712904,172.283227,-9437.292334
959.895873,172.283227,172.283227,-9418.149754
959.896500,95.712904,133.998066,-9360.722011
959.897128,76.570323,114.855485,-9437.292334
959.897755,76.570323,153.140646,-9418.149754
959.898383,76.570323,76.570323,-9322.436850
959.899011,76.570323,133.998066,-9360.722011
959.899638,57.427742,172.283227,-9456.434915
959.900266,38.285162,229.710970,-9456.434915
959.900894,38.285162,153.140646,-9418.149754
959.901521,153.140646,114.855485,-9418.149754
959.902149,76.570323,114.855485,-9418.149754
959.902776,95.712904,133.998066,-9360.722011
959.903404,95.712904,172.283227,-9418.149754
959.904032,114.855485,114.855485,-9379.864592
959.904659,133.998066,114.855485,-9418.149754
959.905287,133.998066,153.140646,-9418.149754
959.905915,133.998066,114.855485,-9418.149754
959.906542,172.283227,172.283227,-9379.864592
959.907170,133.998066,114.855485,-9418.149754
959.907797,76.570323,114.855485,-9418.149754
959.908425,38.285162,114.855485,-9418.149754
959.909053,76.570323,114.855485,-9418.149754
959.909680,76.570323,114.855485,-9360.722011
959.910308,114.855485,191.425808,-9360.722011
959.910935,76.570323,114.855485,-9418.149754
959.911563,133.998066,114.855485,-9418.149754
959.912191,114.855485,153.140646,-9360.722011
959.912818,114.855485,153.140646,-9379.864592
959.913446,76.570323,114.855485,-9418.149754
959.914074,114.855485,133.998066,-9360.722011
959.914701,76.570323,133.998066,-9360.722011
959.915329,38.285162,172.283227,-9418.149754
959.915956,133.998066,153.140646,-9418.149754
959.916584,133.998066,210.568389,-9418.149754
959.917212,76.570323,172.283227,-9418.149754
959.917839,133.998066,114.855485,-9456.434915
959.918467,153.140646,133.998066,-9456.434915
959.919095,38.285162,114.855485,-9456.434915
959.919722,133.998066,172.283227,-9456.434915
959.920350,133.998066,172.283227,-9456.434915
959.920977,114.855485,133.998066,-9360.722011
959.921605,133.998066,76.570323,-9379.864592
959.922233,153.140646,210.568389,-9399.007173
959.922860,114.855485,172.283227,-9360.722011
959.923488,57.427742,172.283227,-9360.722011
959.924115,133.998066,114.855485,-9437.292334
959.924743,133.998066,153.140646,-9418.149754
959.925371,133.998066,172.283227,-9437.292334
959.925998,133.998066,114.855485,-9437.292334
959.926626,95.712904,114.855485,-9418.149754
959.927253,133.998066,153.140646,-9418.149754
959.927881,76.570323,114.855485,-9418.149754
959.928509,133.998066,172.283227,-9418.149754
959.929136,95.712904,153.140646,-9360.722011
959.929764,57.427742,172.283227,-9360.722011
959.930392,76.570323,153.140646,-9418.149754
959.931019,133.998066,114.855485,-9360.722011
959.931647,95.712904,172.283227,-9418.149754
959.932274,38.285162,172.283227,-9418.149754
959.932902,95.712904,210.568389,-9418.149754
959.933530,114.855485,153.140646,-9379.864592
959.934157,38.285162,114.855485,-9418.149754
959.934785,76.570323,191.425808,-9360.722011
959.935412,76.570323,210.568389,-9418.149754
959.936040,133.998066,114.855485,-9494.720077
959.936668,76.570323,210.568389,-9437.292334
959.937295,133.998066,114.855485,-9437.292334
959.937923,76.570323,153.140646,-9418.149754
959.938550,76.570323,172.283227,-9418.149754
959.939178,133.998066,172.283227,-9418.149754
959.939806,57.427742,153.140646,-9418.149754
959.940433,57.427742,95.712904,-9399.007173
959.941061,38.285162,229.710970,-9418.149754
959.941688,114.855485,153.140646,-9341.579430
959.942316,76.570323,153.140646,-9418.149754
959.942944,133.998066,210.568389,-9418.149754
959.943571,76.570323,153.140646,-9437.292334
959.944199,95.712904,133.998066,-9341.579430
959.944826,210.568389,133.998066,-9399.007173
959.945454,95.712904,133.998066,-9360.722011
959.946082,76.570323,172.283227,-9360.722011
959.946709,38.285162,114.855485,-9418.149754
959.947337,133.998066,114.855485,-9418.149754
959.947964,133.998066,114.855485,-9418.149754
959.948592,133.998066,114.855485,-9418.149754
959.949220,76.570323,114.855485,-9418.149754
959.949847,76.570323,153.140646,-9418.149754
959.950475,95.712904,114.855485,-9418.149754
959.951102,76.570323,114.855485,-9418.149754
959.951730,57.427742,153.140646,-9418.149754
959.952358,38.285162,114.855485,-9418.149754
959.952985,133.998066,114.855485,-9418.149754
959.953613,76.570323,114.855485,-9456.434915
959.954241,153.140646,248.853550,-9399.007173
959.954868,76.570323,153.140646,-9418.149754
959.955496,133.998066,114.855485,-9418.149754
959.956123,57.427742,95.712904,-9399.007173
959.956751,38.285162,114.855485,-9360.722011
959.957379,114.855485,133.998066,-9360.722011
959.958006,76.570323,153.140646,-9418.149754
959.958634,76.570323,114.855485,-9418.149754
959.959261,133.998066,172.283227,-9418.149754
959.959889,76.570323,172.283227,-9418.149754
959.960517,76.570323,133.998066,-9360.722011
959.961144,76.570323,114.855485,-9418.149754
959.961772,76.570323,114.855485,-9418.149754
959.962399,76.570323,114.855485,-9418.149754
959.963027,95.712904,172.283227,-9418.149754
959.963655,114.855485,114.855485,-9399.007173
959.964282,76.570323,153.140646,-9475.577496
959.964910,38.285162,172.283227,-9418.149754
959.965537,95.712904,114.855485,-9418.149754
959.966165,95.712904,95.712904,-9399.007173
959.966793,95.712904,114.855485,-9418.149754
959.967420,95.712904,114.855485,-9418.149754
959.968048,95.712904,114.855485,-9418.149754
959.968675,95.712904,95.712904,-9399.007173
959.969303,76.570323,114.855485,-9418.149754
959.969931,153.140646,133.998066,-9399.007173
959.970558,114.855485,133.998066,-9360.722011
959.971186,38.285162,172.283227,-9418.149754
959.971813,76.570323,133.998066,-9341.579430
959.972441,76.570323,114.855485,-9418.149754
959.973069,172.283227,114.855485,-9379.864592
959.973696,95.712904,133.998066,-9360.722011
959.974324,95.712904,229.710970,-9399.007173
959.974951,76.570323,114.855485,-9418.149754
959.975579,133.998066,114.855485,-9418.149754
959.976207,95.712904,191.425808,-9360.722011
959.976834,133.998066,114.855485,-9437.292334
959.977462,133.998066,191.425808,-9456.434915
959.978089,133.998066,114.855485,-9418.149754
959.978717,95.712904,133.998066,-9360.722011
959.979345,133.998066,153.140646,-9418.149754
959.979972,76.570323,114.855485,-9418.149754
959.980600,76.570323,114.855485,-9418.149754
959.981228,114.855485,133.998066,-9360.722011
959.981855,76.570323,153.140646,-9418.149754
959.982483,133.998066,153.140646,-9418.149754
959.983110,76.570323,114.855485,-9418.149754
959.983738,76.570323,114.855485,-9418.149754
959.984366,133.998066,210.568389,-9418.149754
959.984993,76.570323,114.855485,-9418.149754
959.985621,133.998066,172.283227,-9437.292334
959.986248,153.140646,133.998066,-9399.007173
959.986876,210.568389,133.998066,-9399.007173
959.987504,76.570323,114.855485,-9456.434915
959.988131,38.285162,172.283227,-9418.149754
959.988759,133.998066,114.855485,-9418.149754
959.989386,76.570323,210.568389,-9437.292334
959.990014,76.570323,210.568389,-9418.149754
959.990642,38.285162,114.855485,-9418.149754
959.991269,76.570323,153.140646,-9418.149754
959.991897,76.570323,114.855485,-9418.149754
959.992524,153.140646,133.998066,-9399.007173
959.993152,76.570323,114.855485,-9437.292334
959.993780,95.712904,95.712904,-9494.720077
959.994407,114.855485,172.283227,-9360.722011
959.995035,76.570323,229.710970,-9418.149754
959.995662,76.570323,172.283227,-9437.292334
959.996290,57.427742,95.712904,-9399.007173
959.996918,38.285162,114.855485,-9418.149754
959.997545,57.427742,172.283227,-9360.722011
959.998173,76.570323,114.855485,-9418.149754
959.998800,38.285162,114.855485,-9418.149754
959.999428,38.285162,114.855485,-9418.149754
960.000056,38.285162,172.283227,-9418.149754
960.000683,76.570323,114.855485,-9418.149754
960.001311,76.570323,153.140646,-9418.149754
960.001938,210.568389,133.998066,-9399.007173
960.002566,114.855485,114.855485,-9456.434915
960.003194,76.570323,114.855485,-9418.149754
960.003821,76.570323,114.855485,-9418.149754
960.004449,133.998066,153.140646,-9418.149754
960.005077,76.570323,153.140646,-9418.149754
960.005704,133.998066,210.568389,-9418.149754
960.006332,133.998066,153.140646,-9418.149754
960.006959,114.855485,210.568389,-9360.722011
960.007587,172.283227,76.570323,-9418.149754
960.008215,133.998066,114.855485,-9418.149754
960.008842,114.855485,133.998066,-9360.722011
960.009470,76.570323,114.855485,-9418.149754
960.010097,76.570323,114.855485,-9418.149754
960.010725,38.285162,114.855485,-9418.149754
960.011353,76.570323,172.283227,-9418.149754
960.011980,95.712904,114.855485,-9418.149754
960.012608,133.998066,114.855485,-9418.149754
960.013235,114.855485,133.998066,-9418.149754
960.013863,19.142581,114.855485,-9418.149754
960.014491,57.427742,133.998066,-9360.722011
960.015118,133.998066,153.140646,-9418.149754
960.015746,114.855485,133.998066,-9360.722011
960.016373,133.998066,133.998066,-9399.007173
960.017001,133.998066,172.283227,-9399.007173
960.017629,76.570323,153.140646,-9418.149754
960.018256,76.570323,191.425808,-9418.149754
960.018884,76.570323,114.855485,-9418.149754
960.019511,38.285162,114.855485,-9418.149754
960.020139,133.998066,133.998066,-9399.007173
960.020767,95.712904,133.998066,-9360.722011
960.021394,133.998066,114.855485,-9418.149754
960.022022,38.285162,248.853550,-9360.722011
960.022649,76.570323,191.425808,-9418.149754
960.023277,133.998066,114.855485,-9418.149754
960.023905,133.998066,172.283227,-9418.149754
960.024532,153.140646,210.568389,-9379.864592
960.025160,133.998066,114.855485,-9418.149754
960.025787,114.855485,95.712904,-9399.007173
960.026415,76.570323,153.140646,-9418.149754
960.027042,95.712904,114.855485,-9437.292334
960.027670,95.712904,153.140646,-9437.292334
960.028297,133.998066,114.855485,-9418.149754
960.028925,76.570323,114.855485,-9360.722011
960.029552,76.570323,114.855485,-9418.149754
960.030180,76.570323,229.710970,-9418.149754
960.030807,133.998066,153.140646,-9437.292334
960.031435,76.570323,172.283227,-9418.149754
960.032062,76.570323,114.855485,-9418.149754
960.032690,133.998066,114.855485,-9437.292334
960.033317,133.998066,210.568389,-9418.149754
960.033945,114.855485,133.998066,-9341.579430
960.034572,76.570323,172.283227,-9418.149754
960.035200,95.712904,133.998066,-9360.722011
960.035827,76.570323,114.855485,-9437.292334
960.036455,76.570323,114.855485,-9418.149754
960.037082,133.998066,153.140646,-9399.007173
960.037710,133.998066,114.855485,-9418.149754
960.038337,133.998066,114.855485,-9418.149754
960.038965,76.570323,114.855485,-9418.149754
960.039592,38.285162,114.855485,-9418.149754
960.040220,133.998066,114.855485,-9418.149754
960.040847,114.855485,172.283227,-9360.722011
960.041475,38.285162,114.855485,-9437.292334
960.042102,76.570323,114.855485,-9456.434915
960.042730,114.855485,153.140646,-9341.579430
960.043357,95.712904,133.998066,-9360.722011
960.043985,153.140646,114.855485,-9418.149754
960.044612,153.140646,95.712904,-9360.722011
960.045240,153.140646,133.998066,-9399.007173
960.045867,114.855485,153.140646,-9360.722011
960.046495,133.998066,114.855485,-9418.149754
960.047122,133.998066,114.855485,-9360.722011
960.047750,153.140646,153.140646,-9399.007173
960.048377,133.998066,133.998066,-9399.007173
960.049005,76.570323,114.855485,-9418.149754
960.049632,114.855485,133.998066,-9360.722011
960.050260,76.570323,114.855485,-9418.149754
960.050887,133.998066,210.568389,-9418.149754
960.051515,76.570323,153.140646,-9418.149754
960.052142,133.998066,114.855485,-9418.149754
960.052770,76.570323,114.855485,-9437.292334
960.053397,133.998066,172.283227,-9418.149754
960.054025,76.570323,172.283227,-9418.149754
960.054652,133.998066,133.998066,-9399.007173
960.055280,38.285162,114.855485,-9437.292334
960.055907,76.570323,114.855485,-9456.434915
960.056535,114.855485,95.712904,-9399.007173
960.057162,133.998066,114.855485,-9418.149754
960.057790,133.998066,172.283227,-9418.149754
960.058417,76.570323,114.855485,-9360.722011
960.059045,76.570323,114.855485,-9418.149754
960.059672,133.998066,133.998066,-9399.007173
960.060300,133.998066,153.140646,-9418.149754
960.060927,114.855485,172.283227,-9360.722011
960.061555,76.570323,114.855485,-9418.149754
960.062182,95.712904,133.998066,-9360.722011
960.062810,57.427742,95.712904,-9379.864592
960.063437,57.427742,95.712904,-9399.007173
960.064065,95.712904,191.425808,-9360.722011
960.064692,133.998066,114.855485,-9418.149754
960.065319,95.712904,114.855485,-9418.149754
960.065947,133.998066,114.855485,-9418.149754
960.066574,76.570323,114.855485,-9418.149754
960.067202,95.712904,76.570323,-9379.864592
960.067829,114.855485,76.570323,-9437.292334
960.068457,95.712904,133.998066,-9360.722011
960.069084,95.712904,153.140646,-9360.722011
960.069712,38.285162,210.568389,-9437.292334
960.070339,133.998066,191.425808,-9399.007173
960.070967,133.998066,133.998066,-9399.007173
960.071594,38.285162,114.855485,-9418.149754
960.072222,76.570323,114.855485,-9418.149754
960.072849,76.570323,114.855485,-9418.149754
960.073477,76.570323,191.425808,-9456.434915
960.074104,76.570323,114.855485,-9418.149754
960.074732,114.855485,133.998066,-9360.722011
960.075359,114.855485,76.570323,-9418.149754
960.075987,133.998066,114.855485,-9418.149754
960.076614,133.998066,114.855485,-9418.149754
960.077242,38.285162,153.140646,-9418.149754
960.077869,76.570323,133.998066,-9360.722011
960.078497,172.283227,114.855485,-9379.864592
960.079124,133.998066,114.855485,-9418.149754
960.079752,172.283227,114.855485,-9379.864592
960.080379,133.998066,153.140646,-9418.149754
960.081007,172.283227,153.140646,-9379.864592
960.081634,95.712904,172.283227,-9360.722011
960.082262,38.285162,114.855485,-9418.149754
960.082889,95.712904,172.283227,-9418.149754
960.083517,76.570323,114.855485,-9418.149754
960.084144,95.712904,133.998066,-9360.722011
960.084772,172.283227,114.855485,-9379.864592
960.085399,57.427742,95.712904,-9399.007173
960.086027,76.570323,76.570323,-9379.864592
960.086654,133.998066,114.855485,-9456.434915
960.087282,38.285162,114.855485,-9456.434915
960.087909,114.855485,95.712904,-9399.007173
960.088537,95.712904,95.712904,-9456.434915
960.089164,133.998066,153.140646,-9418.149754
960.089792,133.998066,191.425808,-9418.149754
960.090419,114.855485,95.712904,-9437.292334
960.091047,38.285162,114.855485,-9418.149754
960.091674,95.712904,133.998066,-9341.579430
960.092302,114.855485,133.998066,-9360.722011
960.092929,172.283227,153.140646,-9379.864592
960.093557,133.998066,114.855485,-9418.149754
960.094184,76.570323,114.855485,-9418.149754
960.094812,57.427742,133.998066,-9360.722011
960.095439,114.855485,133.998066,-9360.722011
960.096067,76.570323,210.568389,-9418.149754
960.096694,133.998066,172.283227,-9418.149754
960.097322,76.570323,153.140646,-9437.292334
960.097949,114.855485,172.283227,-9341.579430
960.098577,76.570323,114.855485,-9418.149754
960.099204,38.285162,114.855485,-9418.149754
960.099832,133.998066,114.855485,-9418.149754
960.100459,38.285162,76.570323,-9379.864592
960.101087,133.998066,153.140646,-9418.149754
960.101714,76.570323,172.283227,-9418.149754
960.102342,38.285162,153.140646,-9418.149754
960.102969,133.998066,153.140646,-9418.149754
960.103597,153.140646,114.855485,-9418.149754
960.104224,133.998066,114.855485,-9418.149754
960.104852,133.998066,114.855485,-9418.149754
960.105479,76.570323,114.855485,-9418.149754
960.106107,76.570323,114.855485,-9418.149754
960.106734,38.285162,114.855485,-9418.149754
960.107362,76.570323,114.855485,-9418.149754
960.107989,133.998066,114.855485,-9437.292334
960.108617,76.570323,114.855485,-9418.149754
960.109244,76.570323,153.140646,-9418.149754
960.109872,95.712904,191.425808,-9475.577496
960.110499,133.998066,114.855485,-9418.149754
960.111127,114.855485,95.712904,-9399.007173
960.111754,76.570323,114.855485,-9360.722011
960.112382,76.570323,153.140646,-9418.149754
960.113009,76.570323,114.855485,-9418.149754
960.113637,38.285162,172.283227,-9418.149754
960.114264,95.712904,114.855485,-9399.007173
960.114892,114.855485,133.998066,-9360.722011
960.115519,153.140646,172.283227,-9399.007173
960.116147,133.998066,114.855485,-9360.722011
960.116774,133.998066,114.855485,-9475.577496
960.117402,114.855485,133.998066,-9341.579430
960.118029,153.140646,95.712904,-9360.722011
960.118656,38.285162,114.855485,-9418.149754
960.119284,76.570323,153.140646,-9418.149754
960.119911,38.285162,153.140646,-9418.149754
960.120539,76.570323,210.568389,-9437.292334
960.121166,76.570323,114.855485,-9418.149754
960.121794,38.285162,153.140646,-9418.149754
960.122421,57.427742,153.140646,-9418.149754
960.123049,133.998066,114.855485,-9418.149754
960.123676,76.570323,153.140646,-9418.149754
960.124304,57.427742,133.998066,-9360.722011
960.124931,95.712904,153.140646,-9360.722011
960.125559,76.570323,153.140646,-9360.722011
960.126186,95.712904,133.998066,-9360.722011
960.126814,153.140646,133.998066,-9456.434915
960.127441,133.998066,114.855485,-9456.434915
960.128069,76.570323,153.140646,-9533.005238
960.128696,133.998066,172.283227,-9418.149754
960.129324,133.998066,114.855485,-9418.149754
960.129951,95.712904,95.712904,-9399.007173
960.130579,76.570323,114.855485,-9418.149754
960.131206,133.998066,114.855485,-9437.292334
960.131834,76.570323,114.855485,-9418.149754
960.132461,133.998066,114.855485,-9418.149754
960.133089,153.140646,133.998066,-9399.007173
960.133716,133.998066,114.855485,-9437.292334
960.134344,76.570323,114.855485,-9418.149754
960.134971,133.998066,210.568389,-9475.577496
960.135599,133.998066,172.283227,-9418.149754
960.136226,95.712904,114.855485,-9418.149754
960.136854,57.427742,153.140646,-9360.722011
960.137481,38.285162,114.855485,-9418.149754
960.138109,76.570323,172.283227,-9437.292334
960.138736,153.140646,133.998066,-9399.007173
960.139364,114.855485,76.570323,-9418.149754
960.139991,76.570323,114.855485,-9456.434915
960.140619,114.855485,114.855485,-9399.007173
960.141246,95.712904,172.283227,-9360.722011
960.141874,133.998066,114.855485,-9418.149754
960.142501,76.570323,172.283227,-9418.149754
960.143129,76.570323,153.140646,-9418.149754
960.143756,133.998066,114.855485,-9418.149754
960.144384,133.998066,114.855485,-9360.722011
960.145011,76.570323,114.855485,-9418.149754
960.145639,133.998066,114.855485,-9418.149754
960.146266,133.998066,114.855485,-9418.149754
960.146894,114.855485,76.570323,-9418.149754
960.147521,133.998066,114.855485,-9418.149754
960.148149,133.998066,172.283227,-9399.007173
960.148776,133.998066,114.855485,-9418.149754
960.149404,38.285162,210.568389,-9418.149754
960.150031,76.570323,153.140646,-9418.149754
960.150659,133.998066,172.283227,-9437.292334
960.151286,38.285162,114.855485,-9418.149754
960.151914,133.998066,153.140646,-9437.292334
960.152541,76.570323,172.283227,-9418.149754
960.153169,38.285162,153.140646,-9475.577496
960.153796,133.998066,172.283227,-9418.149754
960.154424,38.285162,153.140646,-9437.292334
960.155051,57.427742,153.140646,-9360.722011
960.155679,57.427742,172.283227,-9360.722011
960.156306,95.712904,133.998066,-9360.722011
960.156934,76.570323,114.855485,-9418.149754
960.157561,57.427742,133.998066,-9360.722011
960.158189,38.285162,172.283227,-9418.149754
960.158816,57.427742,95.712904,-9399.007173
960.159444,76.570323,114.855485,-9418.149754
960.160071,95.712904,114.855485,-9399.007173
960.160698,95.712904,153.140646,-9494.720077
960.161326,133.998066,172.283227,-9475.577496
960.161953,153.140646,172.283227,-9533.005238
960.162581,133.998066,114.855485,-9418.149754
960.163208,133.998066,114.855485,-9418.149754
960.163836,95.712904,95.712904,-9399.007173
960.164463,76.570323,191.425808,-9475.577496
960.165091,133.998066,114.855485,-9418.149754
960.165718,95.712904,133.998066,-9360.722011
960.166346,76.570323,133.998066,-9360.722011
960.166973,95.712904,133.998066,-9360.722011
960.167601,38.285162,153.140646,-9418.149754
960.168228,38.285162,114.855485,-9418.149754
960.168856,57.427742,191.425808,-9360.722011
960.169483,38.285162,153.140646,-9418.149754
960.170111,133.998066,114.855485,-9437.292334
960.170738,76.570323,172.283227,-9456.434915
960.171366,76.570323,153.140646,-9418.149754
960.171993,76.570323,114.855485,-9418.149754
960.172621,95.712904,114.855485,-9437.292334
960.173248,133.998066,153.140646,-9418.149754
960.173876,76.570323,153.140646,-9418.149754
960.174503,76.570323,172.283227,-9418.149754
960.175131,133.998066,114.855485,-9418.149754
960.175758,95.712904,114.855485,-9437.292334
960.176386,133.998066,114.855485,-9437.292334
960.177013,76.570323,114.855485,-9418.149754
960.177641,95.712904,95.712904,-9399.007173
960.178268,76.570323,114.855485,-9494.720077
960.178896,95.712904,114.855485,-9418.149754
960.179523,133.998066,114.855485,-9418.149754
960.180151,153.140646,133.998066,-9399.007173
960.180778,133.998066,191.425808,-9418.149754
960.181406,95.712904,95.712904,-9399.007173
960.182033,95.712904,153.140646,-9360.722011
960.182661,133.998066,172.283227,-9418.149754
960.183288,114.855485,114.855485,-9379.864592
960.183916,133.998066,114.855485,-9418.149754
960.184543,76.570323,114.855485,-9418.149754
960.185171,95.712904,153.140646,-9418.149754
960.185798,153.140646,114.855485,-9360.722011
960.186426,133.998066,172.283227,-9399.007173
960.187053,76.570323,114.855485,-9418.149754
960.187681,76.570323,76.570323,-9379.864592
960.188308,76.570323,114.855485,-9418.149754
960.188936,38.285162,114.855485,-9418.149754
960.189563,95.712904,95.712904,-9399.007173
960.190191,133.998066,114.855485,-9418.149754
960.190818,153.140646,95.712904,-9360.722011
960.191446,95.712904,133.998066,-9360.722011
960.192073,133.998066,114.855485,-9418.149754
960.192701,76.570323,114.855485,-9418.149754
960.193328,76.570323,191.425808,-9418.149754
960.193956,133.998066,133.998066,-9399.007173
960.194583,76.570323,114.855485,-9418.149754
960.195211,133.998066,76.570323,-9379.864592
960.195838,38.285162,114.855485,-9418.149754
960.196466,172.283227,95.712904,-9399.007173
960.197093,133.998066,114.855485,-9418.149754
960.197721,95.712904,114.855485,-9418.149754
960.198348,76.570323,133.998066,-9360.722011
960.198975,133.998066,172.283227,-9437.292334
960.199603,76.570323,114.855485,-9437.292334
960.200230,133.998066,153.140646,-9399.007173
960.200858,133.998066,172.283227,-9418.149754
960.201485,133.998066,114.855485,-9418.149754
960.202113,153.140646,172.283227,-9379.864592
960.202740,76.570323,114.855485,-9418.149754
960.203368,133.998066,172.283227,-9418.149754
960.203995,114.855485,133.998066,-9418.149754
960.204623,76.570323,172.283227,-9437.292334
960.205250,133.998066,114.855485,-9437.292334
960.205878,133.998066,133.998066,-9399.007173
960.206505,76.570323,210.568389,-9418.149754
960.207133,114.855485,133.998066,-9341.579430
960.207760,133.998066,114.855485,-9418.149754
960.208388,76.570323,114.855485,-9418.149754
960.209015,133.998066,153.140646,-9418.149754
960.209643,133.998066,191.425808,-9418.149754
960.210270,133.998066,114.855485,-9360.722011
960.210898,114.855485,133.998066,-9360.722011
960.211525,133.998066,172.283227,-9418.149754
960.212153,38.285162,153.140646,-9437.292334
960.212780,133.998066,114.855485,-9418.149754
960.213408,95.712904,95.712904,-9399.007173
960.214035,133.998066,114.855485,-9418.149754
960.214663,133.998066,114.855485,-9437.292334
960.215290,38.285162,95.712904,-9437.292334
960.215918,76.570323,114.855485,-9418.149754
960.216545,76.570323,114.855485,-9360.722011
960.217173,133.998066,114.855485,-9456.434915
960.217800,153.140646,133.998066,-9399.007173
960.218428,153.140646,133.998066,-9399.007173
960.219055,95.712904,114.855485,-9399.007173
960.219683,114.855485,114.855485,-9418.149754
960.220310,133.998066,114.855485,-9418.149754
960.220938,38.285162,229.710970,-9475.577496
960.221565,133.998066,153.140646,-9418.149754
960.222193,76.570323,153.140646,-9418.149754
960.222820,133.998066,133.998066,-9456.434915
960.223448,95.712904,95.712904,-9399.007173
960.224075,95.712904,114.855485,-9418.149754
960.224703,133.998066,172.283227,-9418.149754
960.225330,76.570323,114.855485,-9418.149754
960.225958,95.712904,114.855485,-9418.149754
960.226585,95.712904,95.712904,-9399.007173
960.227212,76.570323,114.855485,-9418.149754
960.227840,133.998066,172.283227,-9399.007173
960.228467,95.712904,114.855485,-9418.149754
960.229095,76.570323,172.283227,-9418.149754
960.229722,57.427742,95.712904,-9399.007173
960.230349,38.285162,153.140646,-9418.149754
960.230977,95.712904,172.283227,-9360.722011
960.231604,95.712904,172.283227,-9360.722011
960.232231,76.570323,172.283227,-9418.149754
960.232859,133.998066,114.855485,-9418.149754
960.233486,95.712904,172.283227,-9418.149754
960.234114,133.998066,153.140646,-9418.149754
960.234741,76.570323,114.855485,-9437.292334
960.235368,76.570323,153.140646,-9475.577496
960.235996,76.570323,114.855485,-9418.149754
960.236623,133.998066,210.568389,-9418.149754
960.237250,95.712904,133.998066,-9360.722011
960.237878,38.285162,114.855485,-9418.149754
960.238505,57.427742,76.570323,-9456.434915
960.239133,133.998066,153.140646,-9437.292334
960.239760,114.855485,114.855485,-9399.007173
960.240387,76.570323,153.140646,-9418.149754
960.241015,133.998066,114.855485,-9418.149754
960.241642,153.140646,133.998066,-9418.149754
960.242269,95.712904,95.712904,-9456.434915
960.242897,95.712904,95.712904,-9437.292334
960.243524,95.712904,114.855485,-9399.007173
960.244152,95.712904,172.283227,-9360.722011
960.244779,76.570323,114.855485,-9418.149754
960.245406,133.998066,114.855485,-9437.292334
960.246034,38.285162,210.568389,-9418.149754
960.246661,95.712904,95.712904,-9399.007173
960.247288,76.570323,114.855485,-9418.149754
960.247916,133.998066,210.568389,-9418.149754
960.248543,133.998066,114.855485,-9418.149754
960.249171,133.998066,114.855485,-9418.149754
960.249798,133.998066,172.283227,-9418.149754
960.250425,95.712904,172.283227,-9475.577496
960.251053,57.427742,153.140646,-9456.434915
960.251680,76.570323,114.855485,-9418.149754
960.252307,57.427742,95.712904,-9437.292334
960.252935,133.998066,114.855485,-9418.149754
960.253562,133.998066,114.855485,-9437.292334
960.254190,133.998066,229.710970,-9418.149754
960.254817,133.998066,153.140646,-9437.292334
960.255444,38.285162,210.568389,-9418.149754
960.256072,95.712904,114.855485,-9418.149754
960.256699,76.570323,172.283227,-9418.149754
960.257326,38.285162,210.568389,-9456.434915
960.257954,38.285162,114.855485,-9418.149754
960.258581,38.285162,114.855485,-9418.149754
960.259209,133.998066,114.855485,-9360.722011
960.259836,133.998066,153.140646,-9418.149754
960.260463,133.998066,114.855485,-9418.149754
960.261091,95.712904,114.855485,-9418.149754
960.261718,114.855485,76.570323,-9418.149754
960.262345,76.570323,114.855485,-9418.149754
960.262973,95.712904,172.283227,-9360.722011
960.263600,95.712904,133.998066,-9360.722011
960.264228,114.855485,133.998066,-9360.722011
960.264855,76.570323,114.855485,-9418.149754
960.265482,76.570323,114.855485,-9418.149754
960.266110,133.998066,153.140646,-9418.149754
960.266737,133.998066,114.855485,-9418.149754
960.267364,133.998066,114.855485,-9418.149754
960.267992,76.570323,114.855485,-9418.149754
960.268619,133.998066,114.855485,-9418.149754
960.269247,76.570323,76.570323,-9379.864592
960.269874,38.285162,114.855485,-9418.149754
960.270501,133.998066,114.855485,-9418.149754
960.271129,95.712904,114.855485,-9418.149754
960.271756,76.570323,172.283227,-9418.149754
960.272383,133.998066,114.855485,-9418.149754
960.273011,38.285162,153.140646,-9418.149754
960.273638,76.570323,153.140646,-9360.722011
960.274266,95.712904,153.140646,-9418.149754
960.274893,133.998066,114.855485,-9418.149754
960.275520,114.855485,114.855485,-9437.292334
960.276148,57.427742,95.712904,-9399.007173
960.276775,95.712904,172.283227,-9360.722011
960.277402,76.570323,153.140646,-9418.149754
960.278030,38.285162,114.855485,-9418.149754
960.278657,95.712904,95.712904,-9399.007173
960.279285,133.998066,114.855485,-9475.577496
960.279912,153.140646,133.998066,-9399.007173
960.280539,114.855485,172.283227,-9341.579430
960.281167,95.712904,133.998066,-9360.722011
960.281794,38.285162,114.855485,-9418.149754
960.282421,95.712904,191.425808,-9418.149754
960.283049,172.283227,76.570323,-9418.149754
960.283676,133.998066,210.568389,-9399.007173
960.284304,133.998066,114.855485,-9418.149754
960.284931,95.712904,133.998066,-9360.722011
960.285558,133.998066,153.140646,-9456.434915
960.286186,95.712904,133.998066,-9360.722011
960.286813,95.712904,133.998066,-9418.149754
960.287440,95.712904,133.998066,-9360.722011
960.288068,95.712904,133.998066,-9360.722011
960.288695,76.570323,114.855485,-9418.149754
960.289323,114.855485,133.998066,-9360.722011
960.289950,76.570323,114.855485,-9418.149754
960.290577,133.998066,172.283227,-9399.007173
960.291205,133.998066,153.140646,-9399.007173
960.291832,76.570323,114.855485,-9418.149754
960.292459,76.570323,210.568389,-9418.149754
960.293087,133.998066,172.283227,-9437.292334
960.293714,133.998066,191.425808,-9418.149754
960.294342,153.140646,133.998066,-9399.007173
960.294969,95.712904,95.712904,-9399.007173
960.295596,133.998066,114.855485,-9456.434915
960.296224,153.140646,95.712904,-9360.722011
960.296851,95.712904,95.712904,-9399.007173
960.297478,133.998066,114.855485,-9418.149754
960.298106,38.285162,114.855485,-9418.149754
960.298733,133.998066,114.855485,-9475.577496
960.299361,133.998066,114.855485,-9418.149754
960.299988,76.570323,172.283227,-9418.149754
960.300615,38.285162,172.283227,-9418.149754
960.301243,76.570323,114.855485,-9418.149754
960.301870,76.570323,114.855485,-9418.149754
960.302497,57.427742,114.855485,-9399.007173
960.303125,76.570323,210.568389,-9418.149754
960.303752,95.712904,133.998066,-9360.722011
960.304380,153.140646,133.998066,-9399.007173
960.305007,153.140646,133.998066,-9399.007173
960.305634,114.855485,133.998066,-9360.722011
960.306262,114.855485,114.855485,-9379.864592
960.306889,76.570323,114.855485,-9437.292334
960.307516,133.998066,172.283227,-9418.149754
960.308144,76.570323,153.140646,-9418.149754
960.308771,133.998066,114.855485,-9418.149754
960.309399,76.570323,114.855485,-9437.292334
960.310026,95.712904,95.712904,-9456.434915
960.310653,153.140646,133.998066,-9399.007173
960.311281,153.140646,191.425808,-9379.864592
960.311908,153.140646,191.425808,-9399.007173
960.312535,133.998066,153.140646,-9418.149754
960.313163,95.712904,210.568389,-9418.149754
960.313790,95.712904,172.283227,-9418.149754
960.314418,95.712904,229.710970,-9399.007173
960.315045,95.712904,133.998066,-9360.722011
960.315672,38.285162,114.855485,-9418.149754
960.316300,133.998066,229.710970,-9418.149754
960.316927,76.570323,229.710970,-9418.149754
960.317554,133.998066,153.140646,-9418.149754
960.318182,133.998066,172.283227,-9418.149754
960.318809,76.570323,114.855485,-9418.149754
960.319437,38.285162,114.855485,-9418.149754
960.320064,76.570323,172.283227,-9437.292334
960.320691,76.570323,153.140646,-9418.149754
960.321319,133.998066,114.855485,-9437.292334
960.321946,95.712904,133.998066,-9360.722011
960.322573,133.998066,114.855485,-9437.292334
960.323201,133.998066,114.855485,-9418.149754
960.323828,95.712904,114.855485,-9399.007173
960.324456,95.712904,210.568389,-9418.149754
960.325083,133.998066,114.855485,-9418.149754
960.325710,133.998066,114.855485,-9418.149754
960.326338,114.855485,114.855485,-9379.864592
960.326965,76.570323,114.855485,-9418.149754
960.327592,57.427742,153.140646,-9341.579430
960.328220,133.998066,210.568389,-9360.722011
960.328847,133.998066,114.855485,-9437.292334
960.329475,95.712904,191.425808,-9341.579430
960.330102,114.855485,229.710970,-9379.864592
960.330730,57.427742,191.425808,-9360.722011
960.331357,76.570323,114.855485,-9418.149754
960.331985,153.140646,153.140646,-9399.007173
960.332612,153.140646,95.712904,-9360.722011
960.333239,76.570323,172.283227,-9418.149754
960.333867,133.998066,153.140646,-9418.149754
960.334494,114.855485,133.998066,-9360.722011
960.335122,210.568389,172.283227,-9399.007173
960.335749,133.998066,114.855485,-9418.149754
960.336377,114.855485,133.998066,-9360.722011
960.337004,133.998066,114.855485,-9418.149754
960.337631,95.712904,114.855485,-9418.149754
960.338259,57.427742,95.712904,-9399.007173
960.338886,133.998066,172.283227,-9456.434915
960.339514,95.712904,95.712904,-9456.434915
960.340141,38.285162,172.283227,-9418.149754
960.340769,76.570323,114.855485,-9418.149754
960.341396,57.427742,95.712904,-9456.434915
960.342023,57.427742,95.712904,-9399.007173
960.342651,57.427742,95.712904,-9456.434915
960.343278,133.998066,210.568389,-9418.149754
960.343906,153.140646,172.283227,-9399.007173
960.344533,76.570323,95.712904,-9399.007173
960.345161,95.712904,133.998066,-9360.722011
960.345788,114.855485,95.712904,-9399.007173
960.346415,38.285162,153.140646,-9418.149754
960.347043,133.998066,114.855485,-9418.149754
960.347670,57.427742,133.998066,-9418.149754
960.348298,114.855485,133.998066,-9360.722011
960.348925,76.570323,172.283227,-9418.149754
960.349553,114.855485,95.712904,-9399.007173
960.350180,133.998066,114.855485,-9418.149754
960.350807,133.998066,114.855485,-9418.149754
960.351435,76.570323,172.283227,-9418.149754
960.352062,38.285162,172.283227,-9437.292334
960.352690,57.427742,172.283227,-9475.577496
960.353317,76.570323,153.140646,-9418.149754
960.353945,133.998066,133.998066,-9399.007173
960.354572,38.285162,114.855485,-9418.149754
960.355199,76.570323,114.855485,-9456.434915
960.355827,76.570323,133.998066,-9360.722011
960.356454,172.283227,114.855485,-9379.864592
960.357082,57.427742,95.712904,-9399.007173
960.357709,57.427742,114.855485,-9418.149754
960.358337,133.998066,172.283227,-9399.007173
960.358964,95.712904,133.998066,-9360.722011
960.359591,133.998066,133.998066,-9399.007173
960.360219,133.998066,114.855485,-9418.149754
960.360846,133.998066,191.425808,-9418.149754
960.361474,76.570323,114.855485,-9418.149754
960.362101,133.998066,114.855485,-9437.292334
960.362729,38.285162,114.855485,-9418.149754
960.363356,76.570323,172.283227,-9418.149754
960.363983,114.855485,133.998066,-9360.722011
960.364611,210.568389,133.998066,-9399.007173
960.365238,153.140646,153.140646,-9456.434915
960.365866,95.712904,172.283227,-9418.149754
960.366493,38.285162,114.855485,-9418.149754
960.367121,133.998066,153.140646,-9399.007173
960.367748,76.570323,114.855485,-9437.292334
960.368375,133.998066,114.855485,-9418.149754
960.369003,57.427742,133.998066,-9360.722011
960.369630,95.712904,133.998066,-9360.722011
960.370258,76.570323,133.998066,-9360.722011
960.370885,95.712904,133.998066,-9360.722011
960.371513,95.712904,114.855485,-9418.149754
960.372140,76.570323,114.855485,-9418.149754
960.372767,95.712904,114.855485,-9418.149754
960.373395,38.285162,210.568389,-9418.149754
960.374022,76.570323,229.710970,-9494.720077
960.374650,76.570323,153.140646,-9418.149754
960.375277,133.998066,114.855485,-9418.149754
960.375905,133.998066,153.140646,-9418.149754
960.376532,76.570323,153.140646,-9360.722011
960.377159,76.570323,153.140646,-9418.149754
960.377787,76.570323,153.140646,-9456.434915
960.378414,76.570323,210.568389,-9437.292334
960.379042,95.712904,210.568389,-9418.149754
960.379669,95.712904,153.140646,-9360.722011
960.380297,95.712904,95.712904,-9399.007173
960.380924,133.998066,114.855485,-9437.292334
960.381551,133.998066,114.855485,-9418.149754
960.382179,76.570323,133.998066,-9360.722011
960.382806,133.998066,114.855485,-9437.292334
960.383434,76.570323,191.425808,-9437.292334
960.384061,153.140646,133.998066,-9399.007173
960.384689,95.712904,248.853550,-9360.722011
960.385316,153.140646,172.283227,-9399.007173
960.385943,133.998066,210.568389,-9360.722011
960.386571,133.998066,133.998066,-9399.007173
960.387198,133.998066,114.855485,-9418.149754
960.387826,133.998066,114.855485,-9418.149754
960.388453,153.140646,114.855485,-9418.149754
960.389081,38.285162,114.855485,-9418.149754
960.389708,133.998066,114.855485,-9418.149754
960.390336,38.285162,153.140646,-9418.149754
960.390963,57.427742,153.140646,-9360.722011
960.391590,133.998066,153.140646,-9418.149754
960.392218,133.998066,114.855485,-9418.149754
960.392845,133.998066,153.140646,-9418.149754
960.393473,38.285162,114.855485,-9418.149754
960.394100,95.712904,133.998066,-9360.722011
960.394728,76.570323,114.855485,-9418.149754
960.395355,76.570323,114.855485,-9418.149754
960.395982,133.998066,76.570323,-9379.864592
960.396610,133.998066,133.998066,-9399.007173
960.397237,133.998066,114.855485,-9437.292334
960.397865,76.570323,95.712904,-9379.864592
960.398492,133.998066,172.283227,-9418.149754
960.399120,76.570323,229.710970,-9456.434915
960.399747,133.998066,172.283227,-9418.149754
960.400374,0.000000,133.998066,-9341.579430
960.401002,95.712904,133.998066,-9360.722011
960.401629,95.712904,114.855485,-9418.149754
960.402257,114.855485,133.998066,-9360.722011
960.402884,133.998066,133.998066,-9399.007173
960.403512,76.570323,153.140646,-9418.149754
960.404139,38.285162,114.855485,-9475.577496
960.404766,133.998066,114.855485,-9418.149754
960.405394,133.998066,114.855485,-9418.149754
960.406021,76.570323,114.855485,-9475.577496
960.406649,57.427742,95.712904,-9399.007173
960.407276,133.998066,114.855485,-9418.149754
960.407904,133.998066,114.855485,-9418.149754
960.408531,57.427742,153.140646,-9360.722011
960.409158,95.712904,114.855485,-9418.149754
960.409786,76.570323,229.710970,-9494.720077
960.410413,133.998066,114.855485,-9418.149754
960.411041,172.283227,95.712904,-9399.007173
960.411668,133.998066,114.855485,-9437.292334
960.412296,133.998066,153.140646,-9418.149754
960.412923,210.568389,133.998066,-9399.007173
960.413550,76.570323,114.855485,-9437.292334
960.414178,153.140646,210.568389,-9399.007173
960.414805,76.570323,210.568389,-9437.292334
960.415433,19.142581,153.140646,-9437.292334
960.416060,76.570323,114.855485,-9418.149754
960.416688,76.570323,153.140646,-9418.149754
960.417315,95.712904,95.712904,-9437.292334
960.417942,133.998066,191.425808,-9418.149754
960.418570,38.285162,114.855485,-9494.720077
960.419197,57.427742,95.712904,-9437.292334
960.419825,76.570323,114.855485,-9456.434915
960.420452,76.570323,114.855485,-9437.292334
960.421080,76.570323,114.855485,-9418.149754
960.421707,95.712904,191.425808,-9360.722011
960.422334,95.712904,172.283227,-9360.722011
960.422962,76.570323,114.855485,-9418.149754
960.423589,133.998066,210.568389,-9418.149754
960.424217,133.998066,172.283227,-9418.149754
960.424844,95.712904,114.855485,-9418.149754
960.425472,95.712904,38.285162,-9399.007173
960.426099,76.570323,172.283227,-9418.149754
960.426726,57.427742,133.998066,-9418.149754
960.427354,76.570323,172.283227,-9418.149754
960.427981,133.998066,114.855485,-9418.149754
960.428609,57.427742,133.998066,-9360.722011
960.429236,114.855485,95.712904,-9399.007173
960.429863,133.998066,153.140646,-9418.149754
960.430491,172.283227,114.855485,-9379.864592
960.431118,95.712904,95.712904,-9399.007173
960.431745,57.427742,114.855485,-9456.434915
960.432373,76.570323,153.140646,-9418.149754
960.433000,133.998066,153.140646,-9418.149754
960.433627,153.140646,172.283227,-9418.149754
960.434255,76.570323,95.712904,-9437.292334
960.434882,95.712904,95.712904,-9399.007173
960.435509,133.998066,133.998066,-9399.007173
960.436137,57.427742,133.998066,-9360.722011
960.436764,57.427742,153.140646,-9360.722011
960.437391,38.285162,153.140646,-9456.434915
960.438019,95.712904,133.998066,-9360.722011
960.438646,76.570323,172.283227,-9418.149754
960.439274,95.712904,172.283227,-9418.149754
960.439901,76.570323,114.855485,-9418.149754
960.440528,76.570323,210.568389,-9456.434915
960.441156,76.570323,153.140646,-9418.149754
960.441783,95.712904,172.283227,-9418.149754
960.442410,38.285162,114.855485,-9418.149754
960.443038,95.712904,95.712904,-9437.292334
960.443665,133.998066,172.283227,-9418.149754
960.444292,133.998066,114.855485,-9437.292334
960.444920,38.285162,114.855485,-9418.149754
960.445547,76.570323,210.568389,-9418.149754
960.446174,76.570323,153.140646,-9456.434915
960.446802,76.570323,95.712904,-9399.007173
960.447429,114.855485,191.425808,-9360.722011
960.448056,95.712904,133.998066,-9360.722011
960.448684,76.570323,191.425808,-9360.722011
960.449311,133.998066,210.568389,-9456.434915
960.449939,76.570323,153.140646,-9418.149754
960.450566,38.285162,153.140646,-9418.149754
960.451193,38.285162,114.855485,-9418.149754
960.451821,38.285162,114.855485,-9437.292334
960.452448,76.570323,114.855485,-9418.149754
960.453075,57.427742,114.855485,-9418.149754
960.453703,76.570323,229.710970,-9418.149754
960.454330,153.140646,153.140646,-9399.007173
960.454957,76.570323,153.140646,-9418.149754
960.455585,153.140646,133.998066,-9456.434915
960.456212,57.427742,95.712904,-9399.007173
960.456839,95.712904,153.140646,-9437.292334
960.457467,133.998066,114.855485,-9437.292334
960.458094,133.998066,172.283227,-9418.149754
960.458721,38.285162,229.710970,-9418.149754
960.459349,76.570323,153.140646,-9360.722011
960.459976,76.570323,153.140646,-9418.149754
960.460604,76.570323,172.283227,-9437.292334
960.461231,95.712904,153.140646,-9418.149754
960.461858,76.570323,153.140646,-9418.149754
960.462486,114.855485,95.712904,-9494.720077
960.463113,76.570323,114.855485,-9418.149754
960.463740,76.570323,153.140646,-9437.292334
960.464368,114.855485,95.712904,-9399.007173
960.464995,76.570323,114.855485,-9418.149754
960.465622,38.285162,114.855485,-9418.149754
960.466250,133.998066,172.283227,-9418.149754
960.466877,133.998066,114.855485,-9437.292334
960.467504,153.140646,133.998066,-9437.292334
960.468132,133.998066,114.855485,-9418.149754
960.468759,76.570323,172.283227,-9437.292334
960.469386,76.570323,114.855485,-9418.149754
960.470014,133.998066,153.140646,-9418.149754
960.470641,133.998066,114.855485,-9418.149754
960.471269,153.140646,133.998066,-9399.007173
960.471896,95.712904,133.998066,-9418.149754
960.472523,76.570323,114.855485,-9418.149754
960.473151,76.570323,114.855485,-9437.292334
960.473778,153.140646,133.998066,-9399.007173
960.474405,133.998066,114.855485,-9418.149754
960.475033,133.998066,114.855485,-9418.149754
960.475660,153.140646,172.283227,-9475.577496
960.476287,133.998066,229.710970,-9418.149754
960.476915,133.998066,210.568389,-9418.149754
960.477542,133.998066,114.855485,-9418.149754
960.478169,153.140646,133.998066,-9399.007173
960.478797,76.570323,172.283227,-9418.149754
960.479424,57.427742,133.998066,-9360.722011
960.480051,95.712904,210.568389,-9418.149754
960.480679,76.570323,114.855485,-9360.722011
960.481306,114.855485,95.712904,-9399.007173
960.481934,76.570323,114.855485,-9360.722011
960.482561,76.570323,76.570323,-9322.436850
960.483188,76.570323,76.570323,-9379.864592
960.483816,153.140646,133.998066,-9399.007173
960.484443,133.998066,114.855485,-9418.149754
960.485070,38.285162,114.855485,-9418.149754
960.485698,95.712904,153.140646,-9418.149754
960.486325,76.570323,114.855485,-9418.149754
960.486952,133.998066,153.140646,-9437.292334
960.487580,76.570323,133.998066,-9360.722011
960.488207,133.998066,229.710970,-9418.149754
960.488834,38.285162,114.855485,-9418.149754
960.489462,133.998066,114.855485,-9360.722011
960.490089,133.998066,114.855485,-9418.149754
960.490716,114.855485,133.998066,-9341.579430
960.491344,114.855485,153.140646,-9360.722011
960.491971,76.570323,153.140646,-9418.149754
960.492599,95.712904,95.712904,-9399.007173
960.493226,133.998066,153.140646,-9418.149754
960.493853,95.712904,133.998066,-9360.722011
960.494481,114.855485,133.998066,-9360.722011
960.495108,95.712904,172.283227,-9360.722011
960.495735,95.712904,191.425808,-9360.722011
960.496363,38.285162,172.283227,-9456.434915
960.496990,76.570323,133.998066,-9360.722011
960.497617,114.855485,133.998066,-9360.722011
960.498245,95.712904,114.855485,-9437.292334
960.498872,38.285162,114.855485,-9418.149754
960.499499,133.998066,133.998066,-9399.007173
960.500127,76.570323,153.140646,-9418.149754
960.500754,76.570323,114.855485,-9418.149754
960.501381,114.855485,95.712904,-9399.007173
960.502009,114.855485,153.140646,-9341.579430
960.502636,172.283227,114.855485,-9379.864592
960.503264,133.998066,114.855485,-9418.149754
960.503891,57.427742,114.855485,-9418.149754
960.504518,95.712904,114.855485,-9418.149754
960.505146,76.570323,172.283227,-9418.149754
960.505773,95.712904,133.998066,-9360.722011
960.506400,153.140646,133.998066,-9399.007173
960.507028,76.570323,172.283227,-9418.149754
960.507655,133.998066,114.855485,-9418.149754
960.508282,76.570323,114.855485,-9418.149754
960.508910,95.712904,95.712904,-9456.434915
960.509537,133.998066,114.855485,-9418.149754
960.510164,19.142581,229.710970,-9418.149754
960.510792,76.570323,191.425808,-9418.149754
960.511419,38.285162,191.425808,-9456.434915
960.512047,76.570323,153.140646,-9456.434915
960.512674,153.140646,172.283227,-9399.007173
960.513301,95.712904,153.140646,-9418.149754
960.513929,133.998066,114.855485,-9418.149754
960.514556,76.570323,172.283227,-9418.149754
960.515183,133.998066,229.710970,-9418.149754
960.515811,133.998066,114.855485,-9418.149754
960.516438,133.998066,114.855485,-9418.149754
960.517065,76.570323,114.855485,-9418.149754
960.517693,38.285162,172.283227,-9418.149754
960.518320,133.998066,153.140646,-9418.149754
960.518947,95.712904,114.855485,-9456.434915
960.519575,95.712904,153.140646,-9360.722011
960.520202,153.140646,133.998066,-9399.007173
960.520829,95.712904,172.283227,-9418.149754
960.521457,38.285162,172.283227,-9418.149754
960.522084,38.285162,114.855485,-9418.149754
960.522712,133.998066,210.568389,-9437.292334
960.523339,95.712904,210.568389,-9418.149754
960.523966,114.855485,172.283227,-9360.722011
960.524594,76.570323,114.855485,-9399.007173
960.525221,76.570323,114.855485,-9456.434915
960.525848,153.140646,114.855485,-9418.149754
960.526476,133.998066,114.855485,-9418.149754
960.527103,114.855485,95.712904,-9456.434915
960.527730,76.570323,114.855485,-9437.292334
960.528358,133.998066,114.855485,-9418.149754
960.528985,133.998066,114.855485,-9418.149754
960.529612,95.712904,95.712904,-9399.007173
960.530240,57.427742,114.855485,-9399.007173
960.530867,95.712904,172.283227,-9360.722011
960.531494,133.998066,114.855485,-9360.722011
960.532122,76.570323,114.855485,-9418.149754
960.532749,76.570323,229.710970,-9418.149754
960.533377,38.285162,114.855485,-9399.007173
960.534004,38.285162,153.140646,-9418.149754
960.534631,114.855485,133.998066,-9341.579430
960.535259,133.998066,153.140646,-9399.007173
960.535886,76.570323,114.855485,-9418.149754
960.536513,114.855485,133.998066,-9360.722011
960.537141,38.285162,172.283227,-9418.149754
960.537768,95.712904,95.712904,-9399.007173
960.538395,76.570323,114.855485,-9418.149754
960.539023,76.570323,133.998066,-9379.864592
960.539650,133.998066,153.140646,-9418.149754
960.540278,95.712904,133.998066,-9360.722011
960.540905,76.570323,114.855485,-9437.292334
960.541532,114.855485,114.855485,-9399.007173
960.542160,95.712904,114.855485,-9418.149754
960.542787,114.855485,133.998066,-9360.722011
960.543414,133.998066,114.855485,-9418.149754
960.544042,133.998066,114.855485,-9418.149754
960.544669,76.570323,210.568389,-9494.720077
960.545296,38.285162,153.140646,-9437.292334
960.545924,76.570323,114.855485,-9456.434915
960.546551,76.570323,114.855485,-9418.149754
960.547178,76.570323,172.283227,-9418.149754
960.547806,133.998066,172.283227,-9456.434915
960.548433,38.285162,114.855485,-9418.149754
960.549061,0.000000,95.712904,-9399.007173
960.549688,57.427742,95.712904,-9399.007173
960.550315,133.998066,210.568389,-9418.149754
960.550943,133.998066,133.998066,-9456.434915
960.551570,133.998066,153.140646,-9437.292334
960.552197,57.427742,133.998066,-9360.722011
960.552825,95.712904,114.855485,-9418.149754
960.553452,95.712904,133.998066,-9360.722011
960.554079,76.570323,153.140646,-9418.149754
960.554707,95.712904,95.712904,-9399.007173
960.555334,153.140646,153.140646,-9437.292334
960.555961,133.998066,153.140646,-9418.149754
960.556589,76.570323,114.855485,-9418.149754
960.557216,133.998066,114.855485,-9418.149754
960.557844,133.998066,172.283227,-9456.434915
960.558471,76.570323,191.425808,-9418.149754
960.559098,95.712904,153.140646,-9418.149754
960.559726,133.998066,172.283227,-9437.292334
960.560353,133.998066,153.140646,-9418.149754
960.560980,133.998066,114.855485,-9418.149754
960.561608,153.140646,114.855485,-9418.149754
960.562235,95.712904,153.140646,-9418.149754
960.562862,95.712904,133.998066,-9360.722011
960.563490,95.712904,95.712904,-9399.007173
960.564117,153.140646,172.283227,-9399.007173
960.564744,38.285162,172.283227,-9418.149754
960.565372,95.712904,95.712904,-9437.292334
960.565999,57.427742,133.998066,-9341.579430
960.566627,172.283227,114.855485,-9379.864592
960.567254,38.285162,114.855485,-9418.149754
960.567881,76.570323,76.570323,-9379.864592
960.568509,95.712904,76.570323,-9379.864592
960.569136,76.570323,172.283227,-9418.149754
960.569763,76.570323,210.568389,-9418.149754
960.570391,133.998066,210.568389,-9418.149754
960.571018,153.140646,133.998066,-9399.007173
960.571645,114.855485,153.140646,-9360.722011
960.572273,133.998066,114.855485,-9418.149754
960.572900,191.425808,153.140646,-9379.864592
960.573528,114.855485,133.998066,-9360.722011
960.574155,38.285162,210.568389,-9418.149754
960.574782,95.712904,133.998066,-9360.722011
960.575410,153.140646,191.425808,-9399.007173
960.576037,133.998066,114.855485,-9418.149754
960.576664,95.712904,114.855485,-9418.149754
960.577292,95.712904,114.855485,-9418.149754
960.577919,172.283227,153.140646,-9379.864592
960.578546,114.855485,95.712904,-9399.007173
960.579174,95.712904,114.855485,-9437.292334
960.579801,38.285162,114.855485,-9418.149754
960.580428,95.712904,133.998066,-9360.722011
960.581056,76.570323,153.140646,-9437.292334
960.581683,95.712904,133.998066,-9360.722011
960.582311,95.712904,114.855485,-9418.149754
960.582938,133.998066,172.283227,-9418.149754
960.583565,76.570323,153.140646,-9418.149754
960.584193,76.570323,172.283227,-9418.149754
960.584820,38.285162,153.140646,-9418.149754
960.585447,76.570323,114.855485,-9418.149754
960.586075,95.712904,153.140646,-9360.722011
960.586702,76.570323,172.283227,-9418.149754
960.587329,133.998066,153.140646,-9437.292334
960.587957,133.998066,114.855485,-9418.149754
960.588584,95.712904,133.998066,-9360.722011
960.589211,114.855485,133.998066,-9418.149754
960.589839,76.570323,114.855485,-9475.577496
960.590466,95.712904,172.283227,-9360.722011
960.591094,76.570323,172.283227,-9437.292334
960.591721,133.998066,114.855485,-9418.149754
960.592348,114.855485,172.283227,-9360.722011
960.592976,95.712904,133.998066,-9360.722011
960.593603,95.712904,133.998066,-9418.149754
960.594230,133.998066,76.570323,-9379.864592
960.594858,95.712904,153.140646,-9418.149754
960.595485,133.998066,172.283227,-9418.149754
960.596112,38.285162,191.425808,-9418.149754
960.596740,133.998066,229.710970,-9418.149754
960.597367,133.998066,114.855485,-9418.149754
960.597994,76.570323,114.855485,-9418.149754
960.598622,133.998066,133.998066,-9456.434915
960.599249,38.285162,114.855485,-9418.149754
960.599877,76.570323,114.855485,-9418.149754
960.600504,133.998066,114.855485,-9418.149754
960.601131,133.998066,76.570323,-9494.720077
960.601759,133.998066,210.568389,-9418.149754
960.602386,76.570323,153.140646,-9418.149754
960.603013,76.570323,210.568389,-9418.149754
960.603641,95.712904,153.140646,-9360.722011
960.604268,133.998066,114.855485,-9418.149754
960.604895,76.570323,114.855485,-9418.149754
960.605523,172.283227,133.998066,-9341.579430
960.606150,95.712904,133.998066,-9360.722011
960.606778,95.712904,172.283227,-9418.149754
960.607405,133.998066,172.283227,-9418.149754
960.608032,38.285162,114.855485,-9418.149754
960.608660,76.570323,114.855485,-9418.149754
960.609287,38.285162,172.283227,-9456.434915
960.609914,95.712904,114.855485,-9418.149754
960.610542,153.140646,133.998066,-9399.007173
960.611169,133.998066,114.855485,-9418.149754
960.611796,133.998066,95.712904,-9360.722011
960.612424,76.570323,114.855485,-9418.149754
960.613051,95.712904,133.998066,-9360.722011
960.613678,38.285162,114.855485,-9418.149754
960.614306,95.712904,95.712904,-9399.007173
960.614933,133.998066,114.855485,-9456.434915
960.615561,76.570323,114.855485,-9418.149754
960.616188,76.570323,114.855485,-9418.149754
960.616815,153.140646,114.855485,-9418.149754
960.617443,133.998066,153.140646,-9456.434915
960.618070,114.855485,114.855485,-9379.864592
960.618697,153.140646,153.140646,-9399.007173
960.619325,172.283227,114.855485,-9379.864592
960.619952,114.855485,95.712904,-9456.434915
960.620579,76.570323,172.283227,-9418.149754
960.621207,76.570323,114.855485,-9418.149754
960.621834,76.570323,114.855485,-9418.149754
960.622461,114.855485,191.425808,-9418.149754
960.623089,133.998066,114.855485,-9418.149754
960.623716,153.140646,191.425808,-9399.007173
960.624344,76.570323,172.283227,-9418.149754
960.624971,38.285162,76.570323,-9379.864592
960.625598,133.998066,114.855485,-9418.149754
960.626226,114.855485,95.712904,-9399.007173
960.626853,76.570323,153.140646,-9418.149754
960.627480,133.998066,133.998066,-9437.292334
960.628108,38.285162,191.425808,-9418.149754
960.628735,133.998066,153.140646,-9418.149754
960.629362,133.998066,172.283227,-9418.149754
960.629990,133.998066,114.855485,-9418.149754
960.630617,38.285162,76.570323,-9379.864592
960.631245,76.570323,114.855485,-9418.149754
960.631872,76.570323,172.283227,-9456.434915
960.632499,38.285162,114.855485,-9418.149754
960.633127,76.570323,133.998066,-9360.722011
960.633754,38.285162,191.425808,-9341.579430
960.634381,19.142581,114.855485,-9418.149754
960.635009,38.285162,114.855485,-9418.149754
960.635636,38.285162,172.283227,-9418.149754
960.636264,38.285162,114.855485,-9418.149754
960.636891,76.570323,172.283227,-9418.149754
960.637518,38.285162,114.855485,-9456.434915
960.638146,76.570323,153.140646,-9418.149754
960.638773,133.998066,172.283227,-9399.007173
960.639400,38.285162,114.855485,-9418.149754
960.640028,38.285162,114.855485,-9418.149754
960.640655,76.570323,172.283227,-9418.149754
960.641283,57.427742,210.568389,-9418.149754
960.641910,133.998066,114.855485,-9418.149754
960.642537,133.998066,114.855485,-9418.149754
960.643165,76.570323,114.855485,-9418.149754
960.643792,114.855485,133.998066,-9360.722011
960.644420,76.570323,172.283227,-9437.292334
960.645047,153.140646,133.998066,-9399.007173
960.645674,114.855485,133.998066,-9360.722011
960.646302,172.283227,114.855485,-9379.864592
960.646929,76.570323,153.140646,-9418.149754
960.647556,95.712904,133.998066,-9360.722011
960.648184,76.570323,172.283227,-9418.149754
960.648811,133.998066,210.568389,-9418.149754
960.649439,153.140646,133.998066,-9399.007173
960.650066,95.712904,153.140646,-9322.436850
960.650693,76.570323,114.855485,-9437.292334
960.651321,76.570323,153.140646,-9360.722011
960.651948,133.998066,153.140646,-9418.149754
960.652576,76.570323,172.283227,-9418.149754
960.653203,38.285162,114.855485,-9418.149754
960.653830,95.712904,114.855485,-9418.149754
960.654458,76.570323,114.855485,-9418.149754
960.655085,57.427742,95.712904,-9399.007173
960.655713,76.570323,114.855485,-9418.149754
960.656340,76.570323,114.855485,-9418.149754
960.656967,38.285162,114.855485,-9418.149754
960.657595,114.855485,95.712904,-9399.007173
960.658222,76.570323,191.425808,-9418.149754
960.658849,57.427742,172.283227,-9360.722011
960.659477,76.570323,191.425808,-9418.149754
960.660104,38.285162,153.140646,-9418.149754
960.660732,76.570323,114.855485,-9418.149754
960.661359,38.285162,114.855485,-9418.149754
960.661986,76.570323,76.570323,-9379.864592
960.662614,133.998066,114.855485,-9418.149754
960.663241,76.570323,114.855485,-9360.722011
960.663869,57.427742,133.998066,-9341.579430
960.664496,38.285162,172.283227,-9418.149754
960.665123,95.712904,172.283227,-9418.149754
960.665751,76.570323,114.855485,-9418.149754
960.666378,95.712904,114.855485,-9418.149754
960.667005,114.855485,133.998066,-9360.722011
960.667633,76.570323,172.283227,-9418.149754
960.668260,76.570323,172.283227,-9418.149754
960.668888,38.285162,114.855485,-9475.577496
960.669515,95.712904,114.855485,-9418.149754
960.670142,133.998066,153.140646,-9399.007173
960.670770,38.285162,114.855485,-9418.149754
960.671397,76.570323,153.140646,-9418.149754
960.672025,133.998066,153.140646,-9418.149754
960.672652,95.712904,114.855485,-9418.149754
960.673279,76.570323,172.283227,-9418.149754
960.673907,76.570323,153.140646,-9456.434915
960.674534,133.998066,114.855485,-9418.149754
960.675161,76.570323,114.855485,-9418.149754
960.675789,133.998066,114.855485,-9437.292334
960.676416,76.570323,114.855485,-9418.149754
960.677044,95.712904,210.568389,-9360.722011
960.677671,133.998066,229.710970,-9418.149754
960.678298,133.998066,114.855485,-9437.292334
960.678926,172.283227,114.855485,-9379.864592
960.679553,153.140646,133.998066,-9399.007173
960.680181,153.140646,133.998066,-9399.007173
960.680808,133.998066,114.855485,-9418.149754
960.681435,133.998066,114.855485,-9418.149754
960.682063,95.712904,248.853550,-9418.149754
960.682690,133.998066,114.855485,-9418.149754
960.683317,133.998066,133.998066,-9399.007173
960.683945,95.712904,95.712904,-9399.007173
960.684572,76.570323,114.855485,-9418.149754
960.685200,76.570323,114.855485,-9418.149754
960.685827,153.140646,172.283227,-9399.007173
960.686454,95.712904,76.570323,-9379.864592
960.687082,57.427742,95.712904,-9399.007173
960.687709,76.570323,114.855485,-9418.149754
960.688337,76.570323,114.855485,-9418.149754
960.688964,114.855485,153.140646,-9360.722011
960.689591,76.570323,114.855485,-9418.149754
960.690219,38.285162,172.283227,-9418.149754
960.690846,76.570323,114.855485,-9418.149754
960.691474,76.570323,172.283227,-9456.434915
960.692101,38.285162,172.283227,-9418.149754
960.692728,133.998066,114.855485,-9418.149754
960.693356,76.570323,114.855485,-9418.149754
960.693983,76.570323,114.855485,-9418.149754
960.694610,76.570323,114.855485,-9418.149754
960.695238,133.998066,172.283227,-9456.434915
960.695865,133.998066,172.283227,-9418.149754
960.696493,76.570323,114.855485,-9418.149754
960.697120,133.998066,133.998066,-9456.434915
960.697747,133.998066,153.140646,-9418.149754
960.698375,153.140646,133.998066,-9399.007173
960.699002,133.998066,114.855485,-9418.149754
960.699630,76.570323,114.855485,-9418.149754
960.700257,0.000000,133.998066,-9360.722011
960.700884,95.712904,172.283227,-9418.149754
960.701512,76.570323,114.855485,-9418.149754
960.702139,57.427742,114.855485,-9418.149754
960.702766,76.570323,153.140646,-9437.292334
960.703394,76.570323,229.710970,-9418.149754
960.704021,95.712904,172.283227,-9437.292334
960.704649,76.570323,114.855485,-9437.292334
960.705276,76.570323,210.568389,-9418.149754
960.705903,133.998066,153.140646,-9418.149754
960.706531,57.427742,133.998066,-9360.722011
960.707158,133.998066,114.855485,-9418.149754
960.707786,114.855485,114.855485,-9379.864592
960.708413,133.998066,114.855485,-9418.149754
960.709040,76.570323,114.855485,-9437.292334
960.709668,76.570323,114.855485,-9418.149754
960.710295,76.570323,133.998066,-9360.722011
960.710922,133.998066,114.855485,-9418.149754
960.711550,133.998066,172.283227,-9418.149754
960.712177,153.140646,133.998066,-9399.007173
960.712805,95.712904,191.425808,-9360.722011
960.713432,38.285162,114.855485,-9418.149754
960.714059,76.570323,95.712904,-9399.007173
960.714687,95.712904,133.998066,-9360.722011
960.715314,76.570323,114.855485,-9418.149754
960.715942,76.570323,133.998066,-9360.722011
960.716569,133.998066,133.998066,-9379.864592
960.717196,76.570323,172.283227,-9418.149754
960.717824,57.427742,133.998066,-9341.579430
960.718451,133.998066,114.855485,-9360.722011
960.719078,133.998066,191.425808,-9418.149754
960.719706,76.570323,153.140646,-9437.292334
960.720333,95.712904,133.998066,-9360.722011
960.720961,38.285162,114.855485,-9437.292334
960.721588,133.998066,114.855485,-9418.149754
960.722215,76.570323,114.855485,-9418.149754
960.722843,95.712904,114.855485,-9418.149754
960.723470,76.570323,114.855485,-9418.149754
960.724098,114.855485,153.140646,-9360.722011
960.724725,133.998066,114.855485,-9418.149754
960.725352,133.998066,133.998066,-9437.292334
960.725980,76.570323,153.140646,-9418.149754
960.726607,133.998066,114.855485,-9456.434915
960.727235,114.855485,133.998066,-9360.722011
960.727862,114.855485,133.998066,-9360.722011
960.728489,133.998066,172.283227,-9399.007173
960.729117,133.998066,114.855485,-9418.149754
960.729744,76.570323,114.855485,-9418.149754
960.730371,95.712904,114.855485,-9418.149754
960.730999,38.285162,191.425808,-9418.149754
960.731626,38.285162,153.140646,-9418.149754
960.732254,95.712904,133.998066,-9360.722011
960.732881,95.712904,114.855485,-9418.149754
960.733508,114.855485,95.712904,-9475.577496
960.734136,133.998066,114.855485,-9418.149754
960.734763,57.427742,133.998066,-9360.722011
960.735391,133.998066,210.568389,-9418.149754
960.736018,76.570323,153.140646,-9418.149754
960.736646,38.285162,172.283227,-9418.149754
960.737273,133.998066,114.855485,-9418.149754
960.737900,133.998066,76.570323,-9379.864592
960.738528,95.712904,133.998066,-9341.579430
960.739155,38.285162,153.140646,-9418.149754
960.739783,38.285162,172.283227,-9418.149754
960.740410,133.998066,114.855485,-9418.149754
960.741038,153.140646,153.140646,-9399.007173
960.741665,133.998066,229.710970,-9418.149754
960.742292,133.998066,114.855485,-9418.149754
960.742920,76.570323,114.855485,-9418.149754
960.743547,38.285162,114.855485,-9437.292334
960.744175,76.570323,114.855485,-9418.149754
960.744802,76.570323,114.855485,-9418.149754
960.745429,133.998066,114.855485,-9418.149754
960.746057,133.998066,114.855485,-9418.149754
960.746684,76.570323,210.568389,-9418.149754
960.747312,133.998066,114.855485,-9418.149754
960.747939,57.427742,114.855485,-9418.149754
960.748567,38.285162,210.568389,-9456.434915
960.749194,38.285162,153.140646,-9418.149754
960.749821,95.712904,114.855485,-9437.292334
960.750449,76.570323,114.855485,-9418.149754
960.751076,38.285162,114.855485,-9475.577496
960.751704,76.570323,210.568389,-9418.149754
960.752331,38.285162,114.855485,-9418.149754
960.752959,38.285162,133.998066,-9360.722011
960.753586,57.427742,95.712904,-9399.007173
960.754213,95.712904,95.712904,-9399.007173
960.754841,76.570323,114.855485,-9418.149754
960.755468,133.998066,114.855485,-9418.149754
960.756096,38.285162,114.855485,-9418.149754
960.756723,76.570323,153.140646,-9418.149754
960.757351,133.998066,114.855485,-9418.149754
960.757978,76.570323,114.855485,-9418.149754
960.758605,76.570323,114.855485,-9418.149754
960.759233,153.140646,114.855485,-9418.149754
960.759860,76.570323,133.998066,-9360.722011
960.760488,133.998066,114.855485,-9475.577496
960.761115,76.570323,114.855485,-9437.292334
960.761742,38.285162,172.283227,-9418.149754
960.762370,114.855485,210.568389,-9379.864592
960.762997,76.570323,172.283227,-9418.149754
960.763625,153.140646,133.998066,-9399.007173
960.764252,133.998066,114.855485,-9418.149754
960.764880,133.998066,133.998066,-9399.007173
960.765507,114.855485,95.712904,-9399.007173
960.766134,76.570323,114.855485,-9418.149754
960.766762,76.570323,114.855485,-9418.149754
960.767389,38.285162,114.855485,-9418.149754
960.768017,95.712904,114.855485,-9418.149754
960.768644,114.855485,172.283227,-9360.722011
960.769272,38.285162,114.855485,-9418.149754
960.769899,76.570323,210.568389,-9456.434915
960.770526,76.570323,172.283227,-9418.149754
960.771154,133.998066,153.140646,-9418.149754
960.771781,133.998066,114.855485,-9418.149754
960.772409,76.570323,114.855485,-9475.577496
960.773036,76.570323,229.710970,-9418.149754
960.773664,19.142581,153.140646,-9418.149754
960.774291,57.427742,95.712904,-9399.007173
960.774918,95.712904,95.712904,-9399.007173
960.775546,95.712904,114.855485,-9418.149754
960.776173,95.712904,133.998066,-9360.722011
960.776801,95.712904,153.140646,-9360.722011
960.777428,133.998066,210.568389,-9418.149754
960.778056,114.855485,172.283227,-9322.436850
960.778683,95.712904,114.855485,-9418.149754
960.779310,57.427742,153.140646,-9418.149754
960.779938,133.998066,114.855485,-9418.149754
960.780565,95.712904,153.140646,-9456.434915
960.781193,76.570323,114.855485,-9418.149754
960.781820,114.855485,133.998066,-9360.722011
960.782447,133.998066,114.855485,-9360.722011
960.783075,133.998066,114.855485,-9418.149754
960.783702,76.570323,76.570323,-9379.864592
960.784330,95.712904,210.568389,-9418.149754
960.784957,114.855485,191.425808,-9360.722011
960.785585,76.570323,172.283227,-9418.149754
960.786212,133.998066,172.283227,-9418.149754
960.786839,114.855485,133.998066,-9360.722011
960.787467,153.140646,133.998066,-9456.434915
960.788094,153.140646,191.425808,-9399.007173
960.788722,38.285162,114.855485,-9418.149754
960.789349,95.712904,133.998066,-9360.722011
960.789977,38.285162,153.140646,-9418.149754
960.790604,95.712904,133.998066,-9360.722011
960.791231,133.998066,172.283227,-9437.292334
960.791859,114.855485,172.283227,-9360.722011
960.792486,133.998066,114.855485,-9418.149754
960.793114,95.712904,114.855485,-9360.722011
960.793741,153.140646,133.998066,-9399.007173
960.794369,133.998066,133.998066,-9399.007173
960.794996,133.998066,172.283227,-9418.149754
960.795623,133.998066,114.855485,-9418.149754
960.796251,114.855485,114.855485,-9379.864592
960.796878,133.998066,133.998066,-9399.007173
960.797506,76.570323,133.998066,-9360.722011
960.798133,133.998066,76.570323,-9379.864592
960.798761,95.712904,95.712904,-9399.007173
960.799388,114.855485,133.998066,-9360.722011
960.800015,38.285162,172.283227,-9437.292334
960.800643,133.998066,114.855485,-9418.149754
960.801270,95.712904,133.998066,-9418.149754
960.801898,76.570323,114.855485,-9418.149754
960.802525,57.427742,153.140646,-9360.722011
960.803152,76.570323,153.140646,-9360.722011
960.803780,76.570323,133.998066,-9360.722011
960.804407,114.855485,95.712904,-9399.007173
960.805035,133.998066,172.283227,-9456.434915
960.805662,38.285162,153.140646,-9418.149754
960.806290,133.998066,172.283227,-9418.149754
960.806917,172.283227,153.140646,-9379.864592
960.807544,76.570323,210.568389,-9418.149754
960.808172,57.427742,191.425808,-9341.579430
960.808799,57.427742,133.998066,-9360.722011
960.809427,76.570323,114.855485,-9418.149754
960.810054,133.998066,114.855485,-9418.149754
960.810682,95.712904,114.855485,-9418.149754
960.811309,133.998066,210.568389,-9437.292334
960.811936,95.712904,153.140646,-9418.149754
960.812564,76.570323,153.140646,-9418.149754
960.813191,76.570323,114.855485,-9418.149754
960.813819,38.285162,153.140646,-9418.149754
960.814446,38.285162,114.855485,-9437.292334
960.815074,38.285162,114.855485,-9418.149754
960.815701,133.998066,153.140646,-9418.149754
960.816328,76.570323,114.855485,-9418.149754
960.816956,76.570323,114.855485,-9360.722011
960.817583,172.283227,172.283227,-9322.436850
960.818211,76.570323,153.140646,-9418.149754
960.818838,76.570323,172.283227,-9418.149754
960.819465,76.570323,172.283227,-9418.149754
960.820093,95.712904,133.998066,-9360.722011
960.820720,95.712904,114.855485,-9418.149754
960.821348,133.998066,114.855485,-9437.292334
960.821975,133.998066,114.855485,-9418.149754
960.822603,76.570323,172.283227,-9418.149754
960.823230,76.570323,210.568389,-9418.149754
960.823857,76.570323,210.568389,-9437.292334
960.824485,38.285162,114.855485,-9418.149754
960.825112,133.998066,114.855485,-9418.149754
960.825740,76.570323,114.855485,-9418.149754
960.826367,76.570323,76.570323,-9379.864592
960.826995,57.427742,133.998066,-9360.722011
960.827622,133.998066,114.855485,-9418.149754
960.828249,133.998066,114.855485,-9418.149754
960.828877,76.570323,114.855485,-9418.149754
960.829504,133.998066,133.998066,-9399.007173
960.830132,153.140646,153.140646,-9379.864592
960.830759,153.140646,172.283227,-9437.292334
960.831387,153.140646,153.140646,-9399.007173
960.832014,133.998066,114.855485,-9418.149754
960.832641,114.855485,191.425808,-9360.722011
960.833269,76.570323,114.855485,-9418.149754
960.833896,76.570323,153.140646,-9418.149754
960.834524,133.998066,172.283227,-9418.149754
960.835151,95.712904,95.712904,-9437.292334
960.835779,38.285162,172.283227,-9418.149754
960.836406,57.427742,95.712904,-9399.007173
960.837033,114.855485,133.998066,-9360.722011
960.837661,114.855485,95.712904,-9399.007173
960.838288,76.570323,153.140646,-9418.149754
960.838916,133.998066,133.998066,-9456.434915
960.839543,153.140646,133.998066,-9399.007173
960.840171,133.998066,210.568389,-9418.149754
960.840798,95.712904,95.712904,-9399.007173
960.841426,114.855485,95.712904,-9437.292334
960.842053,133.998066,172.283227,-9437.292334
960.842680,76.570323,153.140646,-9418.149754
960.843308,76.570323,114.855485,-9418.149754
960.843935,133.998066,114.855485,-9437.292334
960.844563,133.998066,114.855485,-9437.292334
960.845190,133.998066,76.570323,-9379.864592
960.845818,114.855485,114.855485,-9456.434915
960.846445,133.998066,76.570323,-9379.864592
960.847073,133.998066,210.568389,-9418.149754
960.847700,76.570323,153.140646,-9418.149754
960.848327,133.998066,133.998066,-9399.007173
960.848955,172.283227,76.570323,-9418.149754
960.849582,133.998066,153.140646,-9475.577496
960.850210,133.998066,114.855485,-9418.149754
960.850837,133.998066,114.855485,-9418.149754
960.851465,76.570323,114.855485,-9399.007173
960.852092,153.140646,133.998066,-9399.007173
960.852720,76.570323,153.140646,-9418.149754
960.853347,114.855485,133.998066,-9418.149754
960.853974,95.712904,210.568389,-9360.722011
960.854602,38.285162,172.283227,-9418.149754
960.855229,153.140646,172.283227,-9399.007173
960.855857,76.570323,114.855485,-9418.149754
960.856484,38.285162,114.855485,-9418.149754
960.857112,133.998066,172.283227,-9418.149754
960.857739,153.140646,114.855485,-9418.149754
960.858367,153.140646,133.998066,-9399.007173
960.858994,133.998066,133.998066,-9322.436850
960.859621,114.855485,172.283227,-9379.864592
960.860249,38.285162,229.710970,-9418.149754
960.860876,19.142581,210.568389,-9418.149754
960.861504,76.570323,114.855485,-9418.149754
960.862131,95.712904,210.568389,-9418.149754
960.862759,133.998066,114.855485,-9437.292334
960.863386,133.998066,114.855485,-9418.149754
960.864014,114.855485,133.998066,-9322.436850
960.864641,95.712904,114.855485,-9418.149754
960.865268,133.998066,191.425808,-9437.292334
960.865896,76.570323,114.855485,-9418.149754
960.866523,114.855485,95.712904,-9399.007173
960.867151,57.427742,153.140646,-9418.149754
960.867778,133.998066,114.855485,-9437.292334
960.868406,133.998066,133.998066,-9399.007173
960.869033,114.855485,114.855485,-9399.007173
960.869661,57.427742,133.998066,-9360.722011
960.870288,76.570323,114.855485,-9456.434915
960.870915,95.712904,191.425808,-9360.722011
960.871543,153.140646,133.998066,-9399.007173
960.872170,95.712904,153.140646,-9360.722011
960.872798,95.712904,95.712904,-9399.007173
960.873425,114.855485,95.712904,-9456.434915
960.874053,76.570323,133.998066,-9456.434915
960.874680,114.855485,172.283227,-9360.722011
960.875308,114.855485,133.998066,-9322.436850
960.875935,133.998066,153.140646,-9437.292334
960.876562,76.570323,153.140646,-9418.149754
960.877190,133.998066,114.855485,-9418.149754
960.877817,133.998066,114.855485,-9418.149754
960.878445,133.998066,172.283227,-9418.149754
960.879072,76.570323,210.568389,-9418.149754
960.879700,95.712904,153.140646,-9418.149754
960.880327,172.283227,95.712904,-9399.007173
960.880955,76.570323,114.855485,-9418.149754
960.881582,76.570323,114.855485,-9418.149754
960.882209,114.855485,210.568389,-9379.864592
960.882837,76.570323,114.855485,-9418.149754
960.883464,57.427742,95.712904,-9399.007173
960.884092,76.570323,114.855485,-9418.149754
960.884719,133.998066,133.998066,-9379.864592
960.885347,114.855485,133.998066,-9360.722011
960.885974,114.855485,133.998066,-9360.722011
960.886602,76.570323,114.855485,-9418.149754
960.887229,133.998066,114.855485,-9418.149754
960.887856,153.140646,133.998066,-9456.434915
960.888484,95.712904,114.855485,-9418.149754
960.889111,76.570323,114.855485,-9418.149754
960.889739,76.570323,172.283227,-9418.149754
960.890366,76.570323,114.855485,-9418.149754
960.890994,76.570323,172.283227,-9418.149754
960.891621,76.570323,133.998066,-9360.722011
960.892248,133.998066,210.568389,-9418.149754
960.892876,133.998066,114.855485,-9418.149754
960.893503,76.570323,114.855485,-9418.149754
960.894131,133.998066,172.283227,-9418.149754
960.894758,133.998066,153.140646,-9418.149754
960.895386,133.998066,133.998066,-9399.007173
960.896013,133.998066,172.283227,-9475.577496
960.896641,76.570323,114.855485,-9418.149754
960.897268,38.285162,114.855485,-9418.149754
960.897895,95.712904,95.712904,-9456.434915
960.898523,38.285162,172.283227,-9360.722011
960.899150,76.570323,153.140646,-9360.722011
960.899778,95.712904,133.998066,-9341.579430
960.900405,38.285162,114.855485,-9418.149754
960.901033,133.998066,153.140646,-9418.149754
960.901660,76.570323,114.855485,-9418.149754
960.902288,95.712904,172.283227,-9418.149754
960.902915,57.427742,133.998066,-9360.722011
960.903542,133.998066,114.855485,-9418.149754
960.904170,133.998066,153.140646,-9418.149754
960.904797,133.998066,114.855485,-9418.149754
960.905425,133.998066,133.998066,-9456.434915
960.906052,114.855485,153.140646,-9360.722011
960.906680,76.570323,114.855485,-9418.149754
960.907307,76.570323,114.855485,-9437.292334
960.907935,76.570323,172.283227,-9418.149754
960.908562,76.570323,191.425808,-9437.292334
960.909189,95.712904,172.283227,-9341.579430
960.909817,76.570323,114.855485,-9418.149754
960.910444,133.998066,114.855485,-9418.149754
960.911072,76.570323,114.855485,-9456.434915
960.911699,133.998066,172.283227,-9418.149754
960.912327,133.998066,210.568389,-9418.149754
960.912954,95.712904,210.568389,-9418.149754
960.913582,57.427742,172.283227,-9456.434915
960.914209,133.998066,172.283227,-9418.149754
960.914836,38.285162,172.283227,-9418.149754
960.915464,76.570323,114.855485,-9418.149754
960.916091,95.712904,133.998066,-9360.722011
960.916719,133.998066,114.855485,-9418.149754
960.917346,76.570323,114.855485,-9418.149754
960.917974,133.998066,210.568389,-9437.292334
960.918601,76.570323,114.855485,-9437.292334
960.919229,76.570323,172.283227,-9456.434915
960.919856,76.570323,153.140646,-9418.149754
960.920483,38.285162,172.283227,-9418.149754
960.921111,133.998066,114.855485,-9418.149754
960.921738,38.285162,153.140646,-9360.722011
960.922366,95.712904,114.855485,-9418.149754
960.922993,76.570323,153.140646,-9418.149754
960.923621,38.285162,114.855485,-9437.292334
960.924248,76.570323,114.855485,-9418.149754
960.924876,95.712904,114.855485,-9399.007173
960.925503,133.998066,133.998066,-9399.007173
960.926130,76.570323,172.283227,-9360.722011
960.926758,133.998066,114.855485,-9418.149754
960.927385,133.998066,114.855485,-9418.149754
960.928013,153.140646,153.140646,-9399.007173
960.928640,38.285162,114.855485,-9418.149754
960.929268,38.285162,114.855485,-9418.149754
960.929895,95.712904,133.998066,-9360.722011
960.930523,133.998066,153.140646,-9437.292334
960.931150,95.712904,95.712904,-9399.007173
960.931777,76.570323,114.855485,-9418.149754
960.932405,133.998066,76.570323,-9379.864592
960.933032,95.712904,133.998066,-9360.722011
960.933660,57.427742,172.283227,-9418.149754
960.934287,38.285162,114.855485,-9437.292334
960.934915,114.855485,153.140646,-9360.722011
960.935542,133.998066,229.710970,-9437.292334
960.936170,133.998066,114.855485,-9418.149754
960.936797,76.570323,172.283227,-9418.149754
960.937424,76.570323,172.283227,-9418.149754
960.938052,38.285162,114.855485,-9418.149754
960.938679,38.285162,172.283227,-9418.149754
960.939307,133.998066,114.855485,-9418.149754
960.939934,114.855485,133.998066,-9360.722011
960.940562,133.998066,114.855485,-9475.577496
960.941189,114.855485,95.712904,-9437.292334
960.941817,133.998066,172.283227,-9418.149754
960.942444,95.712904,95.712904,-9399.007173
960.943071,114.855485,133.998066,-9418.149754
960.943699,133.998066,153.140646,-9437.292334
960.944326,76.570323,114.855485,-9437.292334
960.944954,133.998066,153.140646,-9418.149754
960.945581,133.998066,114.855485,-9437.292334
960.946209,76.570323,153.140646,-9418.149754
960.946836,76.570323,210.568389,-9437.292334
960.947464,133.998066,114.855485,-9418.149754
960.948091,114.855485,76.570323,-9418.149754
960.948718,76.570323,95.712904,-9456.434915
960.949346,76.570323,114.855485,-9456.434915
960.949973,133.998066,114.855485,-9418.149754
960.950601,95.712904,95.712904,-9399.007173
960.951228,133.998066,191.425808,-9494.720077
960.951856,133.998066,114.855485,-9418.149754
960.952483,95.712904,114.855485,-9418.149754
960.953111,133.998066,172.283227,-9399.007173
960.953738,114.855485,133.998066,-9360.722011
960.954366,114.855485,95.712904,-9456.434915
960.954993,114.855485,133.998066,-9360.722011
960.955620,76.570323,133.998066,-9341.579430
960.956248,133.998066,210.568389,-9494.720077
960.956875,114.855485,133.998066,-9360.722011
960.957503,38.285162,210.568389,-9418.149754
960.958130,38.285162,172.283227,-9418.149754
960.958758,76.570323,114.855485,-9418.149754
960.959385,114.855485,95.712904,-9399.007173
960.960013,133.998066,172.283227,-9418.149754
960.960640,76.570323,114.855485,-9418.149754
960.961267,76.570323,191.425808,-9418.149754
960.961895,38.285162,153.140646,-9418.149754
960.962522,95.712904,133.998066,-9360.722011
960.963150,76.570323,114.855485,-9418.149754
960.963777,133.998066,114.855485,-9418.149754
960.964405,133.998066,191.425808,-9399.007173
960.965032,38.285162,114.855485,-9418.149754
960.965660,133.998066,172.283227,-9437.292334
960.966287,76.570323,172.283227,-9418.149754
960.966914,95.712904,191.425808,-9360.722011
960.967542,133.998066,153.140646,-9399.007173
960.968169,76.570323,153.140646,-9418.149754
960.968797,133.998066,172.283227,-9456.434915
960.969424,38.285162,114.855485,-9437.292334
960.970052,133.998066,172.283227,-9437.292334
960.970679,133.998066,172.283227,-9399.007173
960.971307,133.998066,114.855485,-9418.149754
960.971934,133.998066,172.283227,-9437.292334
960.972562,133.998066,172.283227,-9418.149754
960.973189,76.570323,153.140646,-9418.149754
960.973816,95.712904,210.568389,-9456.434915
960.974444,133.998066,114.855485,-9418.149754
960.975071,95.712904,153.140646,-9360.722011
960.975699,95.712904,133.998066,-9360.722011
960.976326,172.283227,76.570323,-9418.149754
960.976954,133.998066,114.855485,-9418.149754
960.977581,133.998066,114.855485,-9418.149754
960.978209,76.570323,172.283227,-9418.149754
960.978836,153.140646,133.998066,-9379.864592
960.979463,95.712904,133.998066,-9360.722011
960.980091,133.998066,153.140646,-9418.149754
960.980718,76.570323,153.140646,-9418.149754
960.981346,133.998066,114.855485,-9418.149754
960.981973,57.427742,114.855485,-9418.149754
960.982601,57.427742,133.998066,-9360.722011
960.983228,114.855485,133.998066,-9322.436850
960.983856,114.855485,153.140646,-9360.722011
960.984483,133.998066,114.855485,-9418.149754
960.985110,153.140646,133.998066,-9379.864592
960.985738,76.570323,114.855485,-9418.149754
960.986365,38.285162,114.855485,-9418.149754
960.986993,76.570323,114.855485,-9418.149754
960.987620,153.140646,172.283227,-9437.292334
960.988248,133.998066,191.425808,-9399.007173
960.988875,38.285162,153.140646,-9437.292334
960.989503,133.998066,114.855485,-9418.149754
960.990130,76.570323,229.710970,-9360.722011
960.990757,114.855485,114.855485,-9379.864592
960.991385,95.712904,133.998066,-9360.722011
960.992012,133.998066,133.998066,-9399.007173
960.992640,95.712904,153.140646,-9418.149754
960.993267,133.998066,133.998066,-9399.007173
960.993895,114.855485,95.712904,-9456.434915
960.994522,95.712904,95.712904,-9399.007173
960.995150,76.570323,210.568389,-9418.149754
960.995777,95.712904,114.855485,-9418.149754
960.996405,133.998066,172.283227,-9399.007173
960.997032,133.998066,114.855485,-9418.149754
960.997659,95.712904,114.855485,-9418.149754
960.998287,153.140646,153.140646,-9437.292334
960.998914,114.855485,133.998066,-9360.722011
960.999542,38.285162,114.855485,-9418.149754
961.000169,133.998066,114.855485,-9437.292334
961.000797,76.570323,114.855485,-9360.722011
961.001424,76.570323,172.283227,-9418.149754
961.002052,76.570323,114.855485,-9418.149754
961.002679,114.855485,133.998066,-9418.149754
961.003306,95.712904,133.998066,-9360.722011
961.003934,133.998066,210.568389,-9437.292334
961.004561,76.570323,229.710970,-9418.149754
961.005189,95.712904,114.855485,-9437.292334
961.005816,76.570323,153.140646,-9418.149754
961.006444,153.140646,191.425808,-9399.007173
961.007071,133.998066,210.568389,-9418.149754
961.007699,76.570323,153.140646,-9360.722011
961.008326,133.998066,114.855485,-9418.149754
961.008953,76.570323,153.140646,-9418.149754
961.009581,133.998066,114.855485,-9456.434915
961.010208,38.285162,210.568389,-9418.149754
961.010836,19.142581,210.568389,-9437.292334
961.011463,133.998066,153.140646,-9418.149754
961.012091,133.998066,210.568389,-9418.149754
961.012718,95.712904,172.283227,-9360.722011
961.013346,95.712904,153.140646,-9360.722011
961.013973,133.998066,133.998066,-9399.007173
961.014600,114.855485,95.712904,-9399.007173
961.015228,38.285162,114.855485,-9360.722011
961.015855,133.998066,114.855485,-9418.149754
961.016483,57.427742,133.998066,-9360.722011
961.017110,76.570323,114.855485,-9360.722011
961.017738,95.712904,114.855485,-9418.149754
961.018365,76.570323,229.710970,-9418.149754
961.018993,76.570323,153.140646,-9437.292334
961.019620,133.998066,114.855485,-9418.149754
961.020248,76.570323,172.283227,-9418.149754
961.020875,57.427742,133.998066,-9360.722011
961.021502,76.570323,172.283227,-9418.149754
961.022130,76.570323,114.855485,-9418.149754
961.022757,57.427742,95.712904,-9399.007173
961.023385,133.998066,114.855485,-9418.149754
961.024012,76.570323,114.855485,-9418.149754
961.024640,133.998066,172.283227,-9418.149754
961.025267,95.712904,172.283227,-9418.149754
961.025895,133.998066,153.140646,-9418.149754
961.026522,172.283227,172.283227,-9456.434915
961.027149,76.570323,114.855485,-9475.577496
961.027777,76.570323,114.855485,-9418.149754
961.028404,38.285162,114.855485,-9456.434915
961.029032,38.285162,114.855485,-9418.149754
961.029659,95.712904,95.712904,-9399.007173
961.030287,76.570323,153.140646,-9418.149754
961.030914,76.570323,114.855485,-9418.149754
961.031542,95.712904,95.712904,-9399.007173
961.032169,114.855485,210.568389,-9399.007173
961.032796,76.570323,114.855485,-9437.292334
961.033424,38.285162,114.855485,-9456.434915
961.034051,172.283227,153.140646,-9379.864592
961.034679,76.570323,114.855485,-9418.149754
961.035306,76.570323,114.855485,-9418.149754
961.035934,95.712904,153.140646,-9360.722011
961.036561,153.140646,172.283227,-9399.007173
961.037189,114.855485,133.998066,-9360.722011
961.037816,76.570323,172.283227,-9418.149754
961.038444,114.855485,133.998066,-9360.722011
961.039071,76.570323,153.140646,-9418.149754
961.039698,153.140646,172.283227,-9399.007173
961.040326,133.998066,114.855485,-9418.149754
961.040953,114.855485,76.570323,-9418.149754
961.041581,76.570323,76.570323,-9379.864592
961.042208,95.712904,114.855485,-9418.149754
961.042836,38.285162,153.140646,-9418.149754
961.043463,76.570323,114.855485,-9418.149754
961.044091,76.570323,114.855485,-9418.149754
961.044718,114.855485,153.140646,-9360.722011
961.045345,133.998066,191.425808,-9399.007173
961.045973,133.998066,114.855485,-9418.149754
961.046600,76.570323,153.140646,-9418.149754
961.047228,172.283227,191.425808,-9322.436850
961.047855,76.570323,114.855485,-9437.292334
961.048483,95.712904,95.712904,-9437.292334
961.049110,133.998066,153.140646,-9437.292334
961.049738,76.570323,114.855485,-9456.434915
961.050365,133.998066,114.855485,-9360.722011
961.050993,76.570323,172.283227,-9418.149754
961.051620,114.855485,95.712904,-9399.007173
961.052247,133.998066,114.855485,-9418.149754
961.052875,76.570323,172.283227,-9418.149754
961.053502,76.570323,114.855485,-9437.292334
961.054130,133.998066,114.855485,-9418.149754
961.054757,133.998066,114.855485,-9456.434915
961.055385,38.285162,153.140646,-9418.149754
961.056012,133.998066,76.570323,-9379.864592
961.056640,133.998066,191.425808,-9437.292334
961.057267,76.570323,114.855485,-9418.149754
961.057894,133.998066,210.568389,-9418.149754
961.058522,133.998066,114.855485,-9418.149754
961.059149,76.570323,172.283227,-9494.720077
961.059777,76.570323,114.855485,-9418.149754
961.060404,95.712904,95.712904,-9399.007173
961.061032,76.570323,114.855485,-9418.149754
961.061659,172.283227,114.855485,-9379.864592
961.062287,95.712904,133.998066,-9360.722011
961.062914,76.570323,210.568389,-9456.434915
961.063542,57.427742,95.712904,-9437.292334
961.064169,76.570323,114.855485,-9418.149754
961.064796,76.570323,172.283227,-9418.149754
961.065424,95.712904,133.998066,-9360.722011
961.066051,76.570323,114.855485,-9418.149754
961.066679,114.855485,172.283227,-9360.722011
961.067306,95.712904,153.140646,-9360.722011
961.067934,95.712904,114.855485,-9418.149754
961.068561,95.712904,95.712904,-9456.434915
961.069189,76.570323,172.283227,-9418.149754
961.069816,76.570323,153.140646,-9418.149754
961.070443,95.712904,95.712904,-9399.007173
961.071071,133.998066,153.140646,-9437.292334
961.071698,76.570323,114.855485,-9437.292334
961.072326,76.570323,114.855485,-9418.149754
961.072953,57.427742,95.712904,-9399.007173
961.073581,38.285162,114.855485,-9418.149754
961.074208,38.285162,114.855485,-9360.722011
961.074836,133.998066,133.998066,-9399.007173
961.075463,133.998066,114.855485,-9437.292334
961.076091,76.570323,172.283227,-9418.149754
961.076718,133.998066,114.855485,-9418.149754
961.077345,133.998066,114.855485,-9418.149754
961.077973,133.998066,114.855485,-9456.434915
961.078600,133.998066,153.140646,-9418.149754
961.079228,172.283227,114.855485,-9379.864592
961.079855,133.998066,172.283227,-9418.149754
961.080483,133.998066,114.855485,-9418.149754
961.081110,76.570323,172.283227,-9418.149754
961.081738,95.712904,114.855485,-9418.149754
961.082365,76.570323,114.855485,-9418.149754
961.082992,133.998066,114.855485,-9437.292334
961.083620,133.998066,114.855485,-9437.292334
961.084247,133.998066,172.283227,-9475.577496
961.084875,76.570323,114.855485,-9418.149754
961.085502,76.570323,114.855485,-9418.149754
961.086130,76.570323,114.855485,-9418.149754
961.086757,76.570323,76.570323,-9379.864592
961.087385,114.855485,133.998066,-9360.722011
961.088012,38.285162,229.710970,-9437.292334
961.088639,133.998066,172.283227,-9418.149754
961.089267,153.140646,153.140646,-9399.007173
961.089894,76.570323,172.283227,-9418.149754
961.090522,133.998066,153.140646,-9418.149754
961.091149,133.998066,172.283227,-9418.149754
961.091777,76.570323,114.855485,-9418.149754
961.092404,76.570323,114.855485,-9418.149754
961.093032,76.570323,114.855485,-9418.149754
961.093659,76.570323,210.568389,-9456.434915
961.094287,95.712904,133.998066,-9360.722011
961.094914,57.427742,114.855485,-9456.434915
961.095541,95.712904,114.855485,-9437.292334
961.096169,76.570323,114.855485,-9437.292334
961.096796,210.568389,133.998066,-9399.007173
961.097424,76.570323,114.855485,-9456.434915
961.098051,153.140646,172.283227,-9456.434915
961.098679,76.570323,114.855485,-9418.149754
961.099306,76.570323,172.283227,-9360.722011
961.099934,133.998066,114.855485,-9418.149754
961.100561,133.998066,114.855485,-9418.149754
961.101188,95.712904,95.712904,-9399.007173
961.101816,133.998066,114.855485,-9418.149754
961.102443,76.570323,210.568389,-9418.149754
961.103071,76.570323,172.283227,-9437.292334
961.103698,133.998066,210.568389,-9418.149754
961.104326,57.427742,95.712904,-9399.007173
961.104953,38.285162,153.140646,-9418.149754
961.105581,38.285162,114.855485,-9418.149754
961.106208,133.998066,114.855485,-9418.149754
961.106836,114.855485,95.712904,-9399.007173
961.107463,153.140646,133.998066,-9399.007173
961.108090,76.570323,114.855485,-9418.149754
961.108718,76.570323,95.712904,-9399.007173
961.109345,76.570323,114.855485,-9418.149754
961.109973,133.998066,114.855485,-9418.149754
961.110600,57.427742,95.712904,-9399.007173
961.111228,76.570323,95.712904,-9399.007173
961.111855,153.140646,95.712904,-9341.579430
961.112483,114.855485,153.140646,-9360.722011
961.113110,114.855485,133.998066,-9360.722011
961.113737,133.998066,153.140646,-9418.149754
961.114365,76.570323,153.140646,-9418.149754
961.114992,133.998066,172.283227,-9418.149754
961.115620,172.283227,76.570323,-9418.149754
961.116247,76.570323,172.283227,-9360.722011
961.116875,95.712904,153.140646,-9360.722011
961.117502,76.570323,210.568389,-9418.149754
961.118130,38.285162,153.140646,-9456.434915
961.118757,57.427742,95.712904,-9399.007173
961.119385,95.712904,114.855485,-9437.292334
961.120012,95.712904,133.998066,-9360.722011
961.120639,114.855485,172.283227,-9360.722011
961.121267,114.855485,76.570323,-9418.149754
961.121894,76.570323,153.140646,-9360.722011
961.122522,76.570323,114.855485,-9418.149754
961.123149,95.712904,95.712904,-9399.007173
961.123777,76.570323,114.855485,-9418.149754
961.124404,95.712904,95.712904,-9456.434915
961.125032,95.712904,95.712904,-9399.007173
961.125659,76.570323,172.283227,-9418.149754
961.126286,95.712904,133.998066,-9437.292334
961.126914,76.570323,153.140646,-9456.434915
961.127541,133.998066,95.712904,-9399.007173
961.128169,114.855485,38.285162,-9456.434915
961.128796,133.998066,114.855485,-9437.292334
961.129424,38.285162,172.283227,-9418.149754
961.130051,133.998066,153.140646,-9456.434915
961.130679,38.285162,114.855485,-9418.149754
961.131306,76.570323,172.283227,-9418.149754
961.131934,95.712904,153.140646,-9418.149754
961.132561,133.998066,191.425808,-9418.149754
961.133188,0.000000,133.998066,-9341.579430
961.133816,133.998066,114.855485,-9418.149754
961.134443,76.570323,229.710970,-9418.149754
961.135071,76.570323,153.140646,-9418.149754
961.135698,76.570323,210.568389,-9437.292334
961.136326,153.140646,153.140646,-9399.007173
961.136953,133.998066,229.710970,-9418.149754
961.137581,76.570323,210.568389,-9418.149754
961.138208,133.998066,114.855485,-9437.292334
961.138835,95.712904,133.998066,-9360.722011
961.139463,95.712904,95.712904,-9399.007173
961.140090,172.283227,191.425808,-9360.722011
961.140718,153.140646,133.998066,-9399.007173
961.141346,38.285162,76.570323,-9379.864592
961.141973,38.285162,229.710970,-9418.149754
961.142601,76.570323,153.140646,-9418.149754
961.143228,133.998066,172.283227,-9418.149754
961.143856,76.570323,114.855485,-9418.149754
961.144483,76.570323,114.855485,-9418.149754
961.145111,172.283227,76.570323,-9437.292334
961.145738,76.570323,114.855485,-9456.434915
961.146366,95.712904,114.855485,-9399.007173
961.146993,114.855485,133.998066,-9360.722011
961.147621,153.140646,172.283227,-9494.720077
961.148249,114.855485,133.998066,-9418.149754
961.148876,76.570323,114.855485,-9399.007173
961.149504,76.570323,114.855485,-9456.434915
961.150131,76.570323,76.570323,-9379.864592
961.150759,133.998066,114.855485,-9418.149754
961.151386,133.998066,153.140646,-9418.149754
961.152014,133.998066,114.855485,-9437.292334
961.152641,95.712904,133.998066,-9360.722011
961.153269,76.570323,172.283227,-9418.149754
961.153896,133.998066,153.140646,-9456.434915
961.154524,133.998066,153.140646,-9418.149754
961.155152,95.712904,95.712904,-9437.292334
961.155779,114.855485,133.998066,-9360.722011
961.156407,133.998066,153.140646,-9437.292334
961.157034,133.998066,191.425808,-9437.292334
961.157662,38.285162,114.855485,-9418.149754
961.158289,114.855485,133.998066,-9360.722011
961.158917,133.998066,76.570323,-9379.864592
961.159544,95.712904,76.570323,-9379.864592
961.160172,153.140646,133.998066,-9399.007173
961.160799,133.998066,76.570323,-9322.436850
961.161427,95.712904,172.283227,-9418.149754
961.162055,76.570323,153.140646,-9418.149754
961.162682,38.285162,172.283227,-9418.149754
961.163310,133.998066,114.855485,-9418.149754
961.163937,76.570323,114.855485,-9418.149754
961.164565,76.570323,76.570323,-9379.864592
961.165192,133.998066,114.855485,-9418.149754
961.165820,76.570323,172.283227,-9418.149754
961.166447,76.570323,114.855485,-9456.434915
961.167075,95.712904,153.140646,-9456.434915
961.167702,95.712904,153.140646,-9418.149754
961.168330,38.285162,114.855485,-9418.149754
961.168958,95.712904,76.570323,-9322.436850
961.169585,95.712904,114.855485,-9418.149754
961.170213,133.998066,114.855485,-9418.149754
961.170840,114.855485,191.425808,-9360.722011
961.171468,76.570323,153.140646,-9418.149754
961.172095,133.998066,153.140646,-9399.007173
961.172723,133.998066,153.140646,-9418.149754
961.173350,38.285162,172.283227,-9418.149754
961.173978,76.570323,114.855485,-9418.149754
961.174605,114.855485,133.998066,-9360.722011
961.175233,76.570323,114.855485,-9418.149754
961.175861,114.855485,114.855485,-9379.864592
961.176488,95.712904,95.712904,-9399.007173
961.177116,76.570323,114.855485,-9418.149754
961.177743,38.285162,114.855485,-9418.149754
961.178371,114.855485,76.570323,-9418.149754
961.178998,57.427742,95.712904,-9399.007173
961.179626,57.427742,153.140646,-9360.722011
961.180253,38.285162,153.140646,-9360.722011
961.180881,76.570323,153.140646,-9418.149754
961.181508,76.570323,114.855485,-9418.149754
961.182136,153.140646,133.998066,-9399.007173
961.182764,76.570323,210.568389,-9418.149754
961.183391,172.283227,76.570323,-9437.292334
961.184019,133.998066,114.855485,-9437.292334
961.184646,76.570323,172.283227,-9418.149754
961.185274,76.570323,172.283227,-9418.149754
961.185901,57.427742,95.712904,-9399.007173
961.186529,76.570323,114.855485,-9399.007173
961.187156,133.998066,114.855485,-9418.149754
961.187784,57.427742,153.140646,-9360.722011
961.188411,95.712904,133.998066,-9360.722011
961.189039,95.712904,95.712904,-9418.149754
961.189667,95.712904,172.283227,-9418.149754
961.190294,133.998066,210.568389,-9418.149754
961.190922,76.570323,210.568389,-9418.149754
961.191549,76.570323,133.998066,-9360.722011
961.192177,38.285162,172.283227,-9437.292334
961.192804,76.570323,114.855485,-9418.149754
961.193432,95.712904,153.140646,-9418.149754
961.194059,133.998066,114.855485,-9418.149754
961.194687,95.712904,210.568389,-9456.434915
961.195314,95.712904,95.712904,-9399.007173
961.195942,57.427742,133.998066,-9360.722011
961.196570,57.427742,133.998066,-9360.722011
961.197197,133.998066,114.855485,-9418.149754
961.197825,76.570323,114.855485,-9418.149754
961.198452,76.570323,172.283227,-9418.149754
961.199080,76.570323,114.855485,-9437.292334
961.199707,76.570323,114.855485,-9437.292334
961.200335,114.855485,95.712904,-9437.292334
961.200962,133.998066,133.998066,-9399.007173
961.201590,95.712904,114.855485,-9399.007173
961.202217,76.570323,172.283227,-9418.149754
961.202845,76.570323,210.568389,-9418.149754
961.203473,95.712904,153.140646,-9437.292334
961.204100,38.285162,133.998066,-9360.722011
961.204728,95.712904,114.855485,-9418.149754
961.205355,95.712904,114.855485,-9418.149754
961.205983,76.570323,114.855485,-9418.149754
961.206610,57.427742,95.712904,-9399.007173
961.207238,38.285162,114.855485,-9418.149754
961.207865,57.427742,133.998066,-9360.722011
961.208493,57.427742,95.712904,-9399.007173
961.209120,114.855485,114.855485,-9475.577496
961.209748,133.998066,153.140646,-9437.292334
961.210376,76.570323,191.425808,-9418.149754
961.211003,153.140646,210.568389,-9456.434915
961.211631,133.998066,191.425808,-9418.149754
961.212258,57.427742,114.855485,-9418.149754
961.212886,133.998066,172.283227,-9437.292334
961.213513,153.140646,133.998066,-9399.007173
961.214141,76.570323,172.283227,-9418.149754
961.214768,114.855485,133.998066,-9360.722011
961.215396,153.140646,191.425808,-9399.007173
961.216023,153.140646,133.998066,-9456.434915
961.216651,95.712904,133.998066,-9360.722011
961.217279,76.570323,191.425808,-9418.149754
961.217906,76.570323,172.283227,-9418.149754
961.218534,95.712904,133.998066,-9360.722011
961.219161,38.285162,153.140646,-9418.149754
961.219789,133.998066,191.425808,-9360.722011
961.220416,76.570323,210.568389,-9418.149754
961.221044,57.427742,95.712904,-9399.007173
961.221671,38.285162,114.855485,-9418.149754
961.222299,57.427742,114.855485,-9475.577496
961.222926,76.570323,172.283227,-9437.292334
961.223554,153.140646,172.283227,-9399.007173
961.224182,95.712904,114.855485,-9456.434915
961.224809,114.855485,133.998066,-9360.722011
961.225437,133.998066,172.283227,-9418.149754
961.226064,95.712904,153.140646,-9418.149754
961.226692,76.570323,114.855485,-9418.149754
961.227319,95.712904,172.283227,-9360.722011
961.227947,133.998066,114.855485,-9418.149754
961.228574,133.998066,114.855485,-9418.149754
961.229202,38.285162,114.855485,-9418.149754
961.229829,95.712904,133.998066,-9360.722011
961.230457,95.712904,95.712904,-9399.007173
961.231085,76.570323,172.283227,-9418.149754
961.231712,38.285162,114.855485,-9418.149754
961.232340,57.427742,95.712904,-9399.007173
961.232967,76.570323,114.855485,-9360.722011
961.233595,114.855485,95.712904,-9399.007173
961.234222,114.855485,133.998066,-9360.722011
961.234850,114.855485,133.998066,-9341.579430
961.235477,95.712904,95.712904,-9399.007173
961.236105,76.570323,172.283227,-9418.149754
961.236732,76.570323,210.568389,-9418.149754
961.237360,76.570323,114.855485,-9418.149754
961.237988,57.427742,229.710970,-9418.149754
961.238615,38.285162,153.140646,-9418.149754
961.239243,38.285162,191.425808,-9418.149754
961.239870,133.998066,172.283227,-9418.149754
961.240498,133.998066,172.283227,-9418.149754
961.241125,38.285162,153.140646,-9418.149754
961.241753,38.285162,114.855485,-9418.149754
961.242381,38.285162,114.855485,-9418.149754
961.243008,76.570323,114.855485,-9418.149754
961.243636,114.855485,133.998066,-9418.149754
961.244263,76.570323,172.283227,-9418.149754
961.244891,38.285162,114.855485,-9418.149754
961.245519,57.427742,172.283227,-9360.722011
961.246146,114.855485,133.998066,-9360.722011
961.246774,114.855485,191.425808,-9418.149754
961.247401,38.285162,114.855485,-9418.149754
961.248029,57.427742,172.283227,-9418.149754
961.248657,0.000000,153.140646,-9360.722011
961.249284,95.712904,133.998066,-9360.722011
961.249912,133.998066,172.283227,-9456.434915
961.250539,95.712904,172.283227,-9360.722011
961.251167,76.570323,114.855485,-9456.434915
961.251795,76.570323,172.283227,-9418.149754
961.252422,57.427742,191.425808,-9360.722011
961.253050,76.570323,133.998066,-9360.722011
961.253677,76.570323,133.998066,-9456.434915
961.254305,172.283227,114.855485,-9322.436850
961.254933,76.570323,114.855485,-9418.149754
961.255560,38.285162,114.855485,-9418.149754
961.256188,76.570323,114.855485,-9418.149754
961.256815,76.570323,172.283227,-9418.149754
961.257443,133.998066,153.140646,-9418.149754
961.258071,153.140646,133.998066,-9456.434915
961.258698,76.570323,172.283227,-9456.434915
961.259326,57.427742,172.283227,-9418.149754
961.259953,57.427742,95.712904,-9399.007173
961.260581,95.712904,133.998066,-9360.722011
961.261209,153.140646,133.998066,-9399.007173
961.261836,76.570323,114.855485,-9418.149754
961.262464,95.712904,114.855485,-9399.007173
961.263091,95.712904,172.283227,-9418.149754
961.263719,133.998066,172.283227,-9418.149754
961.264347,38.285162,153.140646,-9456.434915
961.264974,133.998066,172.283227,-9399.007173
961.265602,76.570323,114.855485,-9475.577496
961.266229,57.427742,133.998066,-9360.722011
961.266857,95.712904,153.140646,-9437.292334
961.267485,76.570323,76.570323,-9379.864592
961.268112,76.570323,172.283227,-9418.149754
961.268740,76.570323,114.855485,-9418.149754
961.269367,133.998066,172.283227,-9456.434915
961.269995,133.998066,172.283227,-9418.149754
961.270623,76.570323,191.425808,-9341.579430
961.271250,153.140646,133.998066,-9399.007173
961.271878,38.285162,114.855485,-9456.434915
961.272505,133.998066,114.855485,-9418.149754
961.273133,133.998066,114.855485,-9494.720077
961.273761,76.570323,153.140646,-9418.149754
961.274388,133.998066,172.283227,-9418.149754
961.275016,133.998066,172.283227,-9437.292334
961.275643,38.285162,172.283227,-9418.149754
961.276271,76.570323,153.140646,-9418.149754
961.276899,19.142581,153.140646,-9418.149754
961.277526,76.570323,114.855485,-9437.292334
961.278154,38.285162,114.855485,-9533.005238
961.278781,76.570323,114.855485,-9456.434915
961.279409,133.998066,114.855485,-9418.149754
961.280037,76.570323,114.855485,-9418.149754
961.280664,133.998066,172.283227,-9418.149754
961.281292,114.855485,95.712904,-9399.007173
961.281920,76.570323,210.568389,-9418.149754
961.282547,76.570323,172.283227,-9418.149754
961.283175,38.285162,114.855485,-9418.149754
961.283802,133.998066,114.855485,-9418.149754
961.284430,153.140646,172.283227,-9399.007173
961.285058,76.570323,114.855485,-9418.149754
961.285685,133.998066,114.855485,-9418.149754
961.286313,172.283227,114.855485,-9379.864592
961.286940,133.998066,172.283227,-9399.007173
961.287568,38.285162,153.140646,-9418.149754
961.288196,133.998066,114.855485,-9418.149754
961.288823,172.283227,153.140646,-9360.722011
961.289451,133.998066,114.855485,-9418.149754
961.290078,114.855485,95.712904,-9399.007173
961.290706,153.140646,133.998066,-9399.007173
961.291334,133.998066,153.140646,-9437.292334
961.291961,95.712904,133.998066,-9341.579430
961.292589,38.285162,153.140646,-9437.292334
961.293216,133.998066,172.283227,-9418.149754
961.293844,76.570323,133.998066,-9399.007173
961.294472,133.998066,114.855485,-9418.149754
961.295099,133.998066,133.998066,-9399.007173
961.295727,114.855485,172.283227,-9341.579430
961.296354,76.570323,114.855485,-9418.149754
961.296982,76.570323,172.283227,-9437.292334
961.297610,76.570323,210.568389,-9418.149754
961.298237,76.570323,114.855485,-9456.434915
961.298865,95.712904,153.140646,-9456.434915
961.299492,57.427742,114.855485,-9418.149754
961.300120,95.712904,95.712904,-9399.007173
961.300748,95.712904,95.712904,-9399.007173
961.301375,38.285162,210.568389,-9418.149754
961.302003,38.285162,153.140646,-9475.577496
961.302630,38.285162,153.140646,-9418.149754
961.303258,114.855485,133.998066,-9360.722011
961.303886,76.570323,114.855485,-9418.149754
961.304513,114.855485,133.998066,-9360.722011
961.305141,76.570323,76.570323,-9379.864592
961.305768,76.570323,114.855485,-9418.149754
961.306396,95.712904,95.712904,-9399.007173
961.307024,38.285162,114.855485,-9418.149754
961.307651,76.570323,172.283227,-9437.292334
961.308279,133.998066,114.855485,-9494.720077
961.308906,76.570323,114.855485,-9418.149754
961.309534,76.570323,229.710970,-9437.292334
961.310162,0.000000,153.140646,-9360.722011
961.310789,76.570323,153.140646,-9418.149754
961.311417,76.570323,191.425808,-9418.149754
961.312044,133.998066,114.855485,-9418.149754
961.312672,153.140646,133.998066,-9399.007173
961.313300,133.998066,114.855485,-9418.149754
961.313927,133.998066,172.283227,-9418.149754
961.314555,133.998066,210.568389,-9418.149754
961.315182,38.285162,114.855485,-9418.149754
961.315810,153.140646,133.998066,-9456.434915
961.316438,133.998066,172.283227,-9456.434915
961.317065,114.855485,133.998066,-9360.722011
961.317693,114.855485,133.998066,-9341.579430
961.318320,133.998066,153.140646,-9399.007173
961.318948,38.285162,114.855485,-9418.149754
961.319576,95.712904,114.855485,-9418.149754
961.320203,38.285162,191.425808,-9437.292334
961.320831,114.855485,133.998066,-9360.722011
961.321458,95.712904,114.855485,-9418.149754
961.322086,76.570323,114.855485,-9418.149754
961.322714,133.998066,172.283227,-9418.149754
961.323341,38.285162,114.855485,-9437.292334
961.323969,38.285162,153.140646,-9418.149754
961.324596,57.427742,95.712904,-9399.007173
961.325224,76.570323,114.855485,-9456.434915
961.325852,38.285162,153.140646,-9418.149754
961.326479,133.998066,153.140646,-9418.149754
961.327107,114.855485,133.998066,-9360.722011
961.327734,95.712904,133.998066,-9360.722011
961.328362,76.570323,114.855485,-9418.149754
961.328990,95.712904,153.140646,-9360.722011
961.329617,76.570323,153.140646,-9418.149754
961.330245,114.855485,133.998066,-9418.149754
961.330872,76.570323,114.855485,-9418.149754
961.331500,95.712904,153.140646,-9360.722011
961.332128,133.998066,114.855485,-9418.149754
961.332755,76.570323,114.855485,-9418.149754
961.333383,38.285162,172.283227,-9322.436850
961.334010,133.998066,114.855485,-9418.149754
961.334638,76.570323,114.855485,-9418.149754
961.335266,76.570323,153.140646,-9437.292334
961.335893,133.998066,114.855485,-9418.149754
961.336521,76.570323,153.140646,-9418.149754
961.337148,76.570323,172.283227,-9418.149754
961.337776,76.570323,153.140646,-9360.722011
961.338404,38.285162,114.855485,-9418.149754
961.339031,76.570323,133.998066,-9360.722011
961.339659,114.855485,133.998066,-9360.722011
961.340286,133.998066,172.283227,-9418.149754
961.340914,114.855485,172.283227,-9360.722011
961.341542,95.712904,153.140646,-9341.579430
961.342169,57.427742,153.140646,-9360.722011
961.342797,38.285162,114.855485,-9437.292334
961.343425,76.570323,172.283227,-9456.434915
961.344052,38.285162,172.283227,-9418.149754
961.344680,38.285162,114.855485,-9418.149754
961.345308,57.427742,95.712904,-9399.007173
961.345935,114.855485,133.998066,-9360.722011
961.346563,95.712904,114.855485,-9418.149754
961.347191,76.570323,114.855485,-9418.149754
961.347818,133.998066,114.855485,-9418.149754
961.348446,153.140646,191.425808,-9399.007173
961.349074,133.998066,133.998066,-9399.007173
961.349701,57.427742,95.712904,-9399.007173
961.350329,114.855485,114.855485,-9360.722011
961.350957,38.285162,172.283227,-9418.149754
961.351584,95.712904,172.283227,-9360.722011
961.352212,57.427742,95.712904,-9399.007173
961.352840,38.285162,114.855485,-9418.149754
961.353467,95.712904,172.283227,-9418.149754
961.354095,57.427742,114.855485,-9418.149754
961.354723,114.855485,133.998066,-9360.722011
961.355350,76.570323,172.283227,-9418.149754
961.355978,76.570323,114.855485,-9456.434915
961.356606,114.855485,95.712904,-9437.292334
961.357233,172.283227,114.855485,-9322.436850
961.357861,95.712904,133.998066,-9360.722011
961.358489,133.998066,114.855485,-9418.149754
961.359116,114.855485,133.998066,-9360.722011
961.359744,76.570323,172.283227,-9418.149754
961.360372,95.712904,153.140646,-9360.722011
961.360999,133.998066,114.855485,-9418.149754
961.361627,76.570323,114.855485,-9418.149754
961.362255,95.712904,172.283227,-9360.722011
961.362882,76.570323,114.855485,-9418.149754
961.363510,95.712904,114.855485,-9418.149754
961.364138,133.998066,114.855485,-9456.434915
961.364765,95.712904,114.855485,-9418.149754
961.365393,76.570323,153.140646,-9360.722011
961.366021,133.998066,133.998066,-9399.007173
961.366648,76.570323,172.283227,-9418.149754
961.367276,133.998066,172.283227,-9418.149754
961.367904,133.998066,191.425808,-9418.149754
961.368531,95.712904,229.710970,-9418.149754
961.369159,95.712904,114.855485,-9475.577496
961.369786,172.283227,76.570323,-9418.149754
961.370414,76.570323,114.855485,-9418.149754
961.371042,38.285162,114.855485,-9418.149754
961.371669,95.712904,210.568389,-9399.007173
961.372297,76.570323,114.855485,-9418.149754
961.372925,76.570323,153.140646,-9418.149754
961.373552,95.712904,133.998066,-9360.722011
961.374180,76.570323,153.140646,-9437.292334
961.374808,133.998066,114.855485,-9418.149754
961.375435,76.570323,153.140646,-9418.149754
961.376063,133.998066,114.855485,-9437.292334
961.376691,133.998066,210.568389,-9418.149754
961.377318,153.140646,133.998066,-9399.007173
961.377946,172.283227,114.855485,-9379.864592
961.378574,95.712904,114.855485,-9456.434915
961.379201,133.998066,114.855485,-9418.149754
961.379829,57.427742,133.998066,-9418.149754
961.380457,76.570323,95.712904,-9437.292334
961.381084,76.570323,114.855485,-9418.149754
961.381712,95.712904,95.712904,-9437.292334
961.382340,133.998066,114.855485,-9360.722011
961.382967,95.712904,153.140646,-9418.149754
961.383595,76.570323,114.855485,-9418.149754
961.384223,133.998066,172.283227,-9379.864592
961.384850,38.285162,114.855485,-9418.149754
961.385478,38.285162,114.855485,-9418.149754
961.386106,95.712904,153.140646,-9437.292334
961.386733,133.998066,133.998066,-9437.292334
961.387361,133.998066,114.855485,-9418.149754
961.387989,0.000000,153.140646,-9360.722011
961.388616,76.570323,114.855485,-9360.722011
961.389244,133.998066,172.283227,-9418.149754
961.389872,95.712904,95.712904,-9399.007173
961.390499,95.712904,191.425808,-9360.722011
961.391127,114.855485,114.855485,-9399.007173
961.391755,57.427742,114.855485,-9418.149754
961.392382,76.570323,76.570323,-9379.864592
961.393010,95.712904,114.855485,-9418.149754
961.393638,133.998066,191.425808,-9399.007173
961.394265,133.998066,114.855485,-9418.149754
961.394893,76.570323,210.568389,-9418.149754
961.395521,76.570323,153.140646,-9418.149754
961.396148,114.855485,133.998066,-9360.722011
961.396776,76.570323,114.855485,-9418.149754
961.397404,133.998066,191.425808,-9418.149754
961.398031,133.998066,172.283227,-9418.149754
961.398659,153.140646,191.425808,-9399.007173
961.399287,76.570323,210.568389,-9418.149754
961.399914,76.570323,153.140646,-9418.149754
961.400542,153.140646,153.140646,-9399.007173
961.401170,76.570323,153.140646,-9418.149754
961.401797,133.998066,114.855485,-9456.434915
961.402425,76.570323,114.855485,-9418.149754
961.403053,76.570323,153.140646,-9456.434915
961.403680,133.998066,114.855485,-9360.722011
961.404308,38.285162,114.855485,-9418.149754
961.404936,38.285162,114.855485,-9418.149754
961.405563,114.855485,172.283227,-9360.722011
961.406191,57.427742,114.855485,-9418.149754
961.406819,76.570323,172.283227,-9418.149754
961.407446,153.140646,210.568389,-9418.149754
961.408074,76.570323,153.140646,-9418.149754
961.408702,76.570323,114.855485,-9418.149754
961.409329,38.285162,114.855485,-9418.149754
961.409957,95.712904,172.283227,-9437.292334
961.410585,76.570323,114.855485,-9418.149754
961.411212,76.570323,210.568389,-9418.149754
961.411840,57.427742,133.998066,-9360.722011
961.412468,114.855485,133.998066,-9360.722011
961.413095,38.285162,114.855485,-9418.149754
961.413723,76.570323,114.855485,-9418.149754
961.414351,76.570323,172.283227,-9418.149754
961.414978,76.570323,153.140646,-9437.292334
961.415606,133.998066,114.855485,-9418.149754
961.416234,133.998066,114.855485,-9418.149754
961.416861,133.998066,114.855485,-9360.722011
961.417489,76.570323,172.283227,-9418.149754
961.418116,76.570323,114.855485,-9418.149754
961.418744,76.570323,114.855485,-9418.149754
961.419372,133.998066,172.283227,-9456.434915
961.419999,95.712904,248.853550,-9360.722011
961.420627,133.998066,153.140646,-9418.149754
961.421255,133.998066,153.140646,-9437.292334
961.421882,95.712904,95.712904,-9456.434915
961.422510,76.570323,114.855485,-9437.292334
961.423138,114.855485,153.140646,-9379.864592
961.423765,76.570323,114.855485,-9418.149754
961.424393,76.570323,114.855485,-9533.005238
961.425021,38.285162,114.855485,-9456.434915
961.425648,76.570323,114.855485,-9418.149754
961.426276,76.570323,76.570323,-9379.864592
961.426904,76.570323,114.855485,-9418.149754
961.427531,133.998066,153.140646,-9456.434915
961.428159,76.570323,114.855485,-9418.149754
961.428787,95.712904,153.140646,-9360.722011
961.429414,57.427742,114.855485,-9418.149754
961.430042,76.570323,114.855485,-9418.149754
961.430670,76.570323,172.283227,-9418.149754
961.431297,133.998066,114.855485,-9418.149754
961.431925,76.570323,153.140646,-9456.434915
961.432553,57.427742,95.712904,-9399.007173
961.433180,133.998066,114.855485,-9418.149754
961.433808,38.285162,172.283227,-9418.149754
961.434436,57.427742,95.712904,-9456.434915
961.435063,95.712904,114.855485,-9418.149754
961.435691,76.570323,114.855485,-9456.434915
961.436319,133.998066,133.998066,-9399.007173
961.436946,38.285162,229.710970,-9418.149754
961.437574,133.998066,153.140646,-9418.149754
961.438202,133.998066,133.998066,-9399.007173
961.438829,133.998066,114.855485,-9418.149754
961.439457,95.712904,133.998066,-9360.722011
961.440085,76.570323,153.140646,-9418.149754
961.440712,114.855485,172.283227,-9360.722011
961.441340,76.570323,114.855485,-9418.149754
961.441967,95.712904,133.998066,-9360.722011
961.442595,76.570323,114.855485,-9418.149754
961.443222,38.285162,76.570323,-9379.864592
961.443850,133.998066,114.855485,-9437.292334
961.444477,153.140646,133.998066,-9379.864592
961.445105,76.570323,133.998066,-9379.864592
961.445732,95.712904,95.712904,-9456.434915
961.446360,95.712904,95.712904,-9399.007173
961.446987,76.570323,114.855485,-9418.149754
961.447615,95.712904,95.712904,-9399.007173
961.448242,76.570323,114.855485,-9418.149754
961.448870,133.998066,133.998066,-9399.007173
961.449497,76.570323,114.855485,-9418.149754
961.450125,76.570323,114.855485,-9418.149754
961.450752,76.570323,114.855485,-9456.434915
961.451380,76.570323,172.283227,-9418.149754
961.452007,133.998066,114.855485,-9437.292334
961.452635,95.712904,95.712904,-9399.007173
961.453262,133.998066,114.855485,-9418.149754
961.453890,76.570323,153.140646,-9418.149754
961.454517,153.140646,133.998066,-9399.007173
961.455145,76.570323,153.140646,-9418.149754
961.455772,57.427742,172.283227,-9360.722011
961.456400,76.570323,172.283227,-9437.292334
961.457027,114.855485,133.998066,-9360.722011
961.457654,95.712904,95.712904,-9399.007173
961.458282,95.712904,114.855485,-9418.149754
961.458909,95.712904,114.855485,-9418.149754
961.459537,133.998066,114.855485,-9418.149754
961.460164,133.998066,114.855485,-9418.149754
961.460792,114.855485,210.568389,-9399.007173
961.461419,133.998066,153.140646,-9418.149754
961.462047,133.998066,114.855485,-9418.149754
961.462674,133.998066,210.568389,-9456.434915
961.463302,133.998066,114.855485,-9418.149754
961.463929,76.570323,114.855485,-9418.149754
961.464557,133.998066,153.140646,-9418.149754
961.465184,114.855485,95.712904,-9399.007173
961.465812,57.427742,153.140646,-9418.149754
961.466439,95.712904,114.855485,-9418.149754
961.467067,133.998066,114.855485,-9437.292334
961.467694,133.998066,114.855485,-9418.149754
961.468322,76.570323,95.712904,-9456.434915
961.468949,133.998066,114.855485,-9456.434915
961.469577,57.427742,191.425808,-9360.722011
961.470204,57.427742,191.425808,-9360.722011
961.470832,95.712904,172.283227,-9360.722011
961.471459,76.570323,114.855485,-9418.149754
961.472087,76.570323,172.283227,-9418.149754
961.472714,76.570323,114.855485,-9418.149754
961.473342,38.285162,153.140646,-9418.149754
961.473969,38.285162,114.855485,-9418.149754
961.474597,76.570323,191.425808,-9360.722011
961.475224,95.712904,172.283227,-9418.149754
961.475852,95.712904,133.998066,-9360.722011
961.476479,95.712904,95.712904,-9399.007173
961.477107,172.283227,114.855485,-9379.864592
961.477734,95.712904,95.712904,-9399.007173
961.478362,76.570323,153.140646,-9437.292334
961.478989,133.998066,114.855485,-9418.149754
961.479617,133.998066,114.855485,-9437.292334
961.480244,76.570323,114.855485,-9360.722011
961.480872,133.998066,153.140646,-9418.149754
961.481499,38.285162,114.855485,-9418.149754
961.482127,38.285162,153.140646,-9418.149754
961.482754,76.570323,172.283227,-9437.292334
961.483381,95.712904,133.998066,-9360.722011
961.484009,76.570323,210.568389,-9437.292334
961.484636,95.712904,248.853550,-9360.722011
961.485264,133.998066,153.140646,-9399.007173
961.485891,133.998066,153.140646,-9418.149754
961.486519,133.998066,114.855485,-9418.149754
961.487146,133.998066,210.568389,-9418.149754
961.487774,76.570323,114.855485,-9418.149754
961.488401,114.855485,133.998066,-9360.722011
961.489029,95.712904,114.855485,-9456.434915
961.489656,133.998066,114.855485,-9418.149754
961.490284,114.855485,153.140646,-9360.722011
961.490911,133.998066,172.283227,-9418.149754
961.491539,76.570323,191.425808,-9360.722011
961.492166,133.998066,191.425808,-9418.149754
961.492794,95.712904,172.283227,-9418.149754
961.493421,95.712904,114.855485,-9418.149754
961.494049,38.285162,172.283227,-9418.149754
961.494676,133.998066,210.568389,-9418.149754
961.495304,133.998066,133.998066,-9437.292334
961.495931,133.998066,114.855485,-9418.149754
961.496559,57.427742,133.998066,-9360.722011
961.497186,76.570323,172.283227,-9437.292334
961.497814,95.712904,172.283227,-9360.722011
961.498441,76.570323,114.855485,-9418.149754
961.499069,57.427742,133.998066,-9360.722011
961.499696,76.570323,114.855485,-9418.149754
961.500324,76.570323,210.568389,-9456.434915
961.500951,76.570323,114.855485,-9418.149754
961.501579,76.570323,210.568389,-9456.434915
961.502206,76.570323,191.425808,-9360.722011
961.502834,133.998066,191.425808,-9418.149754
961.503461,76.570323,114.855485,-9360.722011
961.504089,76.570323,114.855485,-9418.149754
961.504716,57.427742,95.712904,-9399.007173
961.505344,133.998066,114.855485,-9456.434915
961.505971,153.140646,133.998066,-9399.007173
961.506599,76.570323,114.855485,-9475.577496
961.507226,133.998066,114.855485,-9418.149754
961.507853,153.140646,114.855485,-9418.149754
961.508481,95.712904,133.998066,-9360.722011
961.509108,133.998066,153.140646,-9418.149754
961.509736,133.998066,76.570323,-9379.864592
961.510363,133.998066,114.855485,-9437.292334
961.510991,76.570323,114.855485,-9418.149754
961.511618,76.570323,114.855485,-9475.577496
961.512246,133.998066,114.855485,-9437.292334
961.512873,133.998066,114.855485,-9475.577496
961.513501,133.998066,114.855485,-9418.149754
961.514128,57.427742,172.283227,-9418.149754
961.514756,95.712904,172.283227,-9360.722011
961.515383,76.570323,210.568389,-9418.149754
961.516011,133.998066,114.855485,-9418.149754
961.516638,95.712904,133.998066,-9360.722011
961.517266,133.998066,210.568389,-9437.292334
961.517893,133.998066,172.283227,-9418.149754
961.518521,95.712904,95.712904,-9399.007173
961.519148,133.998066,114.855485,-9418.149754
961.519776,76.570323,114.855485,-9418.149754
961.520403,57.427742,153.140646,-9360.722011
961.521031,76.570323,114.855485,-9437.292334
961.521658,38.285162,114.855485,-9475.577496
961.522286,133.998066,114.855485,-9456.434915
961.522913,76.570323,114.855485,-9418.149754
961.523541,95.712904,95.712904,-9399.007173
961.524168,133.998066,114.855485,-9418.149754
961.524796,114.855485,95.712904,-9399.007173
961.525423,114.855485,114.855485,-9379.864592
961.526051,133.998066,153.140646,-9418.149754
961.526678,133.998066,114.855485,-9418.149754
961.527306,133.998066,114.855485,-9418.149754
961.527933,153.140646,133.998066,-9399.007173
961.528561,76.570323,114.855485,-9418.149754
961.529188,153.140646,133.998066,-9399.007173
961.529816,76.570323,153.140646,-9418.149754
961.530443,95.712904,133.998066,-9360.722011
961.531071,133.998066,114.855485,-9475.577496
961.531698,133.998066,114.855485,-9456.434915
961.532325,172.283227,114.855485,-9379.864592
961.532953,95.712904,133.998066,-9360.722011
961.533580,114.855485,248.853550,-9360.722011
961.534208,38.285162,114.855485,-9418.149754
961.534835,172.283227,153.140646,-9418.149754
961.535463,133.998066,153.140646,-9418.149754
961.536090,133.998066,95.712904,-9360.722011
961.536718,76.570323,114.855485,-9418.149754
961.537345,133.998066,172.283227,-9494.720077
961.537973,133.998066,114.855485,-9418.149754
961.538600,114.855485,153.140646,-9341.579430
961.539228,76.570323,114.855485,-9418.149754
961.539855,76.570323,153.140646,-9437.292334
961.540483,38.285162,172.283227,-9418.149754
961.541110,95.712904,172.283227,-9360.722011
961.541738,133.998066,153.140646,-9418.149754
961.542365,95.712904,153.140646,-9418.149754
961.542992,38.285162,153.140646,-9418.149754
961.543620,133.998066,153.140646,-9418.149754
961.544247,133.998066,114.855485,-9418.149754
961.544875,133.998066,114.855485,-9437.292334
961.545502,133.998066,114.855485,-9418.149754
961.546129,133.998066,114.855485,-9418.149754
961.546757,114.855485,95.712904,-9399.007173
961.547384,95.712904,133.998066,-9418.149754
961.548012,133.998066,172.283227,-9418.149754
961.548639,95.712904,153.140646,-9360.722011
961.549266,114.855485,133.998066,-9360.722011
961.549894,133.998066,172.283227,-9418.149754
961.550521,76.570323,114.855485,-9418.149754
961.551148,133.998066,114.855485,-9475.577496
961.551776,76.570323,153.140646,-9418.149754
961.552403,76.570323,114.855485,-9437.292334
961.553031,95.712904,172.283227,-9418.149754
961.553658,76.570323,114.855485,-9456.434915
961.554285,76.570323,172.283227,-9475.577496
961.554913,133.998066,114.855485,-9418.149754
961.555540,95.712904,191.425808,-9360.722011
961.556167,38.285162,114.855485,-9418.149754
961.556795,133.998066,114.855485,-9418.149754
961.557422,76.570323,114.855485,-9418.149754
961.558050,76.570323,114.855485,-9456.434915
961.558677,133.998066,172.283227,-9533.005238
961.559304,133.998066,114.855485,-9456.434915
961.559932,133.998066,114.855485,-9456.434915
961.560559,114.855485,95.712904,-9399.007173
961.561187,133.998066,114.855485,-9418.149754
961.561814,133.998066,153.140646,-9418.149754
961.562441,76.570323,172.283227,-9418.149754
961.563069,95.712904,172.283227,-9418.149754
961.563696,133.998066,172.283227,-9437.292334
961.564323,76.570323,95.712904,-9399.007173
961.564951,76.570323,210.568389,-9418.149754
961.565578,76.570323,114.855485,-9360.722011
961.566206,76.570323,114.855485,-9418.149754
961.566833,76.570323,172.283227,-9437.292334
961.567460,133.998066,210.568389,-9437.292334
961.568088,95.712904,210.568389,-9418.149754
961.568715,76.570323,114.855485,-9418.149754
961.569342,76.570323,114.855485,-9437.292334
961.569970,114.855485,76.570323,-9418.149754
961.570597,114.855485,95.712904,-9399.007173
961.571225,133.998066,172.283227,-9418.149754
961.571852,133.998066,114.855485,-9360.722011
961.572479,172.283227,114.855485,-9379.864592
961.573107,76.570323,153.140646,-9418.149754
961.573734,133.998066,114.855485,-9418.149754
961.574362,133.998066,172.283227,-9418.149754
961.574989,133.998066,114.855485,-9360.722011
961.575616,38.285162,114.855485,-9418.149754
961.576244,38.285162,114.855485,-9418.149754
961.576871,172.283227,76.570323,-9418.149754
961.577498,95.712904,133.998066,-9360.722011
961.578126,76.570323,114.855485,-9418.149754
961.578753,76.570323,114.855485,-9360.722011
961.579381,114.855485,114.855485,-9379.864592
961.580008,133.998066,114.855485,-9437.292334
961.580635,38.285162,114.855485,-9418.149754
961.581263,133.998066,114.855485,-9437.292334
961.581890,133.998066,114.855485,-9418.149754
961.582518,76.570323,114.855485,-9418.149754
961.583145,114.855485,172.283227,-9418.149754
961.583772,114.855485,114.855485,-9456.434915
961.584400,114.855485,133.998066,-9360.722011
961.585027,133.998066,114.855485,-9418.149754
961.585654,38.285162,114.855485,-9418.149754
961.586282,95.712904,95.712904,-9399.007173
961.586909,133.998066,172.283227,-9418.149754
961.587537,95.712904,95.712904,-9437.292334
961.588164,76.570323,114.855485,-9456.434915
961.588791,95.712904,153.140646,-9360.722011
961.589419,133.998066,76.570323,-9379.864592
961.590046,76.570323,114.855485,-9418.149754
961.590673,76.570323,114.855485,-9456.434915
961.591301,133.998066,95.712904,-9418.149754
961.591928,114.855485,133.998066,-9360.722011
961.592556,76.570323,153.140646,-9418.149754
961.593183,133.998066,172.283227,-9456.434915
961.593810,95.712904,114.855485,-9418.149754
961.594438,153.140646,133.998066,-9437.292334
961.595065,38.285162,76.570323,-9379.864592
961.595693,38.285162,114.855485,-9418.149754
961.596320,76.570323,133.998066,-9360.722011
961.596947,114.855485,172.283227,-9341.579430
961.597575,38.285162,114.855485,-9418.149754
961.598202,76.570323,153.140646,-9418.149754
961.598829,133.998066,114.855485,-9418.149754
961.599457,133.998066,114.855485,-9418.149754
961.600084,172.283227,153.140646,-9418.149754
961.600712,76.570323,210.568389,-9418.149754
961.601339,76.570323,114.855485,-9418.149754
961.601966,38.285162,114.855485,-9456.434915
961.602594,76.570323,210.568389,-9418.149754
961.603221,133.998066,114.855485,-9437.292334
961.603848,95.712904,153.140646,-9418.149754
961.604476,95.712904,114.855485,-9456.434915
961.605103,57.427742,95.712904,-9437.292334
961.605731,76.570323,114.855485,-9418.149754
961.606358,114.855485,133.998066,-9360.722011
961.606985,76.570323,114.855485,-9418.149754
961.607613,133.998066,210.568389,-9418.149754
961.608240,76.570323,210.568389,-9418.149754
961.608868,114.855485,114.855485,-9379.864592
961.609495,76.570323,95.712904,-9399.007173
961.610122,38.285162,114.855485,-9456.434915
961.610750,38.285162,114.855485,-9418.149754
961.611377,76.570323,114.855485,-9418.149754
961.612004,133.998066,114.855485,-9418.149754
961.612632,76.570323,114.855485,-9418.149754
961.613259,95.712904,95.712904,-9399.007173
961.613887,57.427742,172.283227,-9360.722011
961.614514,133.998066,153.140646,-9418.149754
961.615141,114.855485,95.712904,-9399.007173
961.615769,153.140646,210.568389,-9418.149754
961.616396,114.855485,172.283227,-9379.864592
961.617024,133.998066,172.283227,-9418.149754
961.617651,114.855485,114.855485,-9399.007173
961.618278,114.855485,95.712904,-9456.434915
961.618906,76.570323,114.855485,-9418.149754
961.619533,133.998066,114.855485,-9437.292334
961.620160,76.570323,114.855485,-9456.434915
961.620788,76.570323,114.855485,-9418.149754
961.621415,57.427742,95.712904,-9399.007173
961.622043,76.570323,114.855485,-9418.149754
961.622670,76.570323,114.855485,-9418.149754
961.623297,133.998066,114.855485,-9418.149754
961.623925,76.570323,114.855485,-9418.149754
961.624552,114.855485,95.712904,-9399.007173
961.625179,210.568389,191.425808,-9399.007173
961.625807,133.998066,114.855485,-9418.149754
961.626434,114.855485,114.855485,-9399.007173
961.627062,76.570323,114.855485,-9456.434915
961.627689,38.285162,114.855485,-9418.149754
961.628316,95.712904,172.283227,-9418.149754
961.628944,133.998066,153.140646,-9418.149754
961.629571,76.570323,114.855485,-9494.720077
961.630199,133.998066,114.855485,-9418.149754
961.630826,76.570323,153.140646,-9437.292334
961.631453,114.855485,133.998066,-9360.722011
961.632081,133.998066,114.855485,-9418.149754
961.632708,133.998066,114.855485,-9418.149754
961.633335,76.570323,114.855485,-9437.292334
961.633963,114.855485,95.712904,-9399.007173
961.634590,153.140646,133.998066,-9399.007173
961.635218,114.855485,172.283227,-9360.722011
961.635845,95.712904,133.998066,-9360.722011
961.636472,133.998066,114.855485,-9418.149754
961.637100,133.998066,114.855485,-9360.722011
961.637727,76.570323,114.855485,-9418.149754
961.638354,95.712904,133.998066,-9360.722011
961.638982,114.855485,133.998066,-9360.722011
961.639609,153.140646,153.140646,-9399.007173
961.640237,76.570323,153.140646,-9456.434915
961.640864,95.712904,191.425808,-9360.722011
961.641491,153.140646,172.283227,-9399.007173
961.642119,153.140646,172.283227,-9456.434915
961.642746,76.570323,114.855485,-9418.149754
961.643374,133.998066,172.283227,-9418.149754
961.644001,114.855485,172.283227,-9360.722011
961.644628,172.283227,114.855485,-9379.864592
961.645256,76.570323,114.855485,-9456.434915
961.645883,76.570323,114.855485,-9418.149754
961.646510,76.570323,153.140646,-9494.720077
961.647138,76.570323,114.855485,-9418.149754
961.647765,133.998066,114.855485,-9418.149754
961.648393,38.285162,153.140646,-9418.149754
961.649020,38.285162,172.283227,-9418.149754
961.649647,38.285162,114.855485,-9418.149754
961.650275,95.712904,172.283227,-9418.149754
961.650902,76.570323,114.855485,-9456.434915
961.651530,114.855485,133.998066,-9418.149754
961.652157,95.712904,133.998066,-9418.149754
961.652784,76.570323,114.855485,-9418.149754
961.653412,133.998066,114.855485,-9418.149754
961.654039,95.712904,133.998066,-9360.722011
961.654666,76.570323,114.855485,-9418.149754
961.655294,133.998066,153.140646,-9418.149754
961.655921,133.998066,114.855485,-9418.149754
961.656549,133.998066,114.855485,-9418.149754
961.657176,76.570323,114.855485,-9475.577496
961.657803,76.570323,76.570323,-9379.864592
961.658431,76.570323,172.283227,-9418.149754
961.659058,95.712904,133.998066,-9418.149754
961.659685,76.570323,114.855485,-9418.149754
961.660313,114.855485,95.712904,-9399.007173
961.660940,114.855485,172.283227,-9360.722011
961.661568,133.998066,172.283227,-9418.149754
961.662195,76.570323,114.855485,-9418.149754
961.662822,76.570323,95.712904,-9437.292334
961.663450,57.427742,114.855485,-9418.149754
961.664077,-38.285162,172.283227,-9456.434915
961.664705,38.285162,172.283227,-9418.149754
961.665332,76.570323,210.568389,-9418.149754
961.665959,57.427742,95.712904,-9399.007173
961.666587,133.998066,114.855485,-9456.434915
961.667214,133.998066,133.998066,-9399.007173
961.667841,133.998066,114.855485,-9418.149754
961.668469,153.140646,114.855485,-9418.149754
961.669096,76.570323,76.570323,-9379.864592
961.669724,133.998066,114.855485,-9437.292334
961.670351,76.570323,114.855485,-9418.149754
961.670978,76.570323,114.855485,-9475.577496
961.671606,133.998066,133.998066,-9456.434915
961.672233,76.570323,114.855485,-9418.149754
961.672861,133.998066,114.855485,-9437.292334
961.673488,153.140646,133.998066,-9437.292334
961.674115,133.998066,114.855485,-9418.149754
961.674743,114.855485,114.855485,-9379.864592
961.675370,153.140646,133.998066,-9399.007173
961.675997,95.712904,114.855485,-9418.149754
961.676625,76.570323,114.855485,-9418.149754
961.677252,133.998066,114.855485,-9418.149754
961.677880,114.855485,133.998066,-9360.722011
961.678507,95.712904,114.855485,-9418.149754
961.679134,76.570323,114.855485,-9437.292334
961.679762,76.570323,114.855485,-9418.149754
961.680389,76.570323,114.855485,-9418.149754
961.681016,76.570323,153.140646,-9456.434915
961.681644,76.570323,114.855485,-9437.292334
961.682271,153.140646,133.998066,-9399.007173
961.682899,133.998066,133.998066,-9399.007173
961.683526,0.000000,133.998066,-9360.722011
961.684153,57.427742,133.998066,-9360.722011
961.684781,95.712904,172.283227,-9360.722011
961.685408,95.712904,133.998066,-9341.579430
961.686036,76.570323,114.855485,-9360.722011
961.686663,76.570323,114.855485,-9418.149754
961.687290,38.285162,153.140646,-9418.149754
961.687918,76.570323,114.855485,-9418.149754
961.688545,172.283227,76.570323,-9456.434915
961.689172,76.570323,153.140646,-9456.434915
961.689800,95.712904,95.712904,-9399.007173
961.690427,76.570323,114.855485,-9418.149754
961.691055,95.712904,114.855485,-9418.149754
961.691682,133.998066,114.855485,-9418.149754
961.692309,133.998066,114.855485,-9418.149754
961.692937,114.855485,133.998066,-9360.722011
961.693564,153.140646,133.998066,-9399.007173
961.694192,114.855485,76.570323,-9418.149754
961.694819,95.712904,114.855485,-9418.149754
961.695446,76.570323,114.855485,-9418.149754
961.696074,114.855485,95.712904,-9399.007173
961.696701,76.570323,172.283227,-9456.434915
961.697328,133.998066,114.855485,-9418.149754
961.697956,114.855485,133.998066,-9360.722011
961.698583,114.855485,95.712904,-9399.007173
961.699211,38.285162,76.570323,-9379.864592
961.699838,76.570323,172.283227,-9437.292334
961.700465,38.285162,114.855485,-9418.149754
961.701093,38.285162,114.855485,-9418.149754
961.701720,57.427742,114.855485,-9418.149754
961.702347,95.712904,172.283227,-9360.722011
961.702975,76.570323,172.283227,-9418.149754
961.703602,153.140646,153.140646,-9456.434915
961.704230,38.285162,153.140646,-9418.149754
961.704857,133.998066,114.855485,-9418.149754
961.705484,95.712904,172.283227,-9360.722011
961.706112,38.285162,191.425808,-9418.149754
961.706739,38.285162,191.425808,-9418.149754
961.707367,76.570323,172.283227,-9418.149754
961.707994,133.998066,114.855485,-9418.149754
961.708621,133.998066,114.855485,-9418.149754
961.709249,76.570323,172.283227,-9418.149754
961.709876,76.570323,210.568389,-9418.149754
961.710503,133.998066,210.568389,-9418.149754
961.711131,76.570323,210.568389,-9418.149754
961.711758,133.998066,172.283227,-9418.149754
961.712386,57.427742,172.283227,-9437.292334
961.713013,95.712904,172.283227,-9360.722011
961.713640,133.998066,153.140646,-9418.149754
961.714268,76.570323,172.283227,-9418.149754
961.714895,76.570323,172.283227,-9418.149754
961.715523,95.712904,191.425808,-9418.149754
961.716150,133.998066,172.283227,-9437.292334
961.716777,95.712904,95.712904,-9399.007173
961.717405,95.712904,153.140646,-9418.149754
961.718032,19.142581,191.425808,-9456.434915
961.718659,76.570323,153.140646,-9456.434915
961.719287,133.998066,114.855485,-9418.149754
961.719914,57.427742,133.998066,-9360.722011
961.720542,76.570323,114.855485,-9418.149754
961.721169,76.570323,114.855485,-9456.434915
961.721796,38.285162,153.140646,-9418.149754
961.722424,95.712904,95.712904,-9399.007173
961.723051,114.855485,133.998066,-9418.149754
961.723678,133.998066,153.140646,-9418.149754
961.724306,133.998066,210.568389,-9418.149754
961.724933,38.285162,114.855485,-9418.149754
961.725561,57.427742,114.855485,-9418.149754
961.726188,76.570323,114.855485,-9418.149754
961.726815,133.998066,153.140646,-9418.149754
961.727443,133.998066,114.855485,-9418.149754
961.728070,76.570323,153.140646,-9494.720077
961.728698,38.285162,210.568389,-9418.149754
961.729325,133.998066,172.283227,-9399.007173
961.729952,95.712904,95.712904,-9456.434915
961.730580,133.998066,114.855485,-9418.149754
961.731207,76.570323,153.140646,-9418.149754
961.731834,76.570323,172.283227,-9418.149754
961.732462,114.855485,95.712904,-9399.007173
961.733089,114.855485,172.283227,-9360.722011
961.733717,133.998066,114.855485,-9456.434915
961.734344,133.998066,114.855485,-9418.149754
961.734971,76.570323,114.855485,-9418.149754
961.735599,76.570323,114.855485,-9418.149754
961.736226,114.855485,191.425808,-9360.722011
961.736854,76.570323,114.855485,-9418.149754
961.737481,95.712904,172.283227,-9418.149754
961.738108,76.570323,114.855485,-9475.577496
961.738736,95.712904,133.998066,-9360.722011
961.739363,95.712904,114.855485,-9418.149754
961.739990,133.998066,114.855485,-9437.292334
961.740618,76.570323,95.712904,-9399.007173
961.741245,57.427742,133.998066,-9360.722011
961.741873,76.570323,210.568389,-9418.149754
961.742500,38.285162,172.283227,-9437.292334
961.743128,76.570323,153.140646,-9418.149754
961.743755,76.570323,114.855485,-9418.149754
961.744383,19.142581,172.283227,-9418.149754
961.745010,57.427742,133.998066,-9341.579430
961.745638,76.570323,172.283227,-9418.149754
961.746265,95.712904,248.853550,-9360.722011
961.746893,76.570323,172.283227,-9418.149754
961.747520,38.285162,114.855485,-9418.149754
961.748148,57.427742,95.712904,-9437.292334
961.748776,76.570323,172.283227,-9456.434915
961.749403,114.855485,76.570323,-9360.722011
961.750031,114.855485,133.998066,-9360.722011
961.750658,133.998066,114.855485,-9418.149754
961.751286,38.285162,114.855485,-9475.577496
961.751913,133.998066,114.855485,-9418.149754
961.752541,95.712904,114.855485,-9418.149754
961.753168,76.570323,95.712904,-9399.007173
961.753796,76.570323,210.568389,-9418.149754
961.754423,38.285162,114.855485,-9418.149754
961.755051,76.570323,114.855485,-9418.149754
961.755678,95.712904,172.283227,-9418.149754
961.756306,76.570323,114.855485,-9437.292334
961.756934,76.570323,172.283227,-9418.149754
961.757561,114.855485,133.998066,-9360.722011
961.758189,38.285162,114.855485,-9360.722011
961.758816,133.998066,133.998066,-9399.007173
961.759444,95.712904,153.140646,-9360.722011
961.760071,133.998066,114.855485,-9418.149754
961.760699,153.140646,133.998066,-9399.007173
961.761326,76.570323,114.855485,-9418.149754
961.761954,76.570323,153.140646,-9418.149754
961.762581,76.570323,172.283227,-9418.149754
961.763209,133.998066,114.855485,-9418.149754
961.763837,133.998066,114.855485,-9418.149754
961.764464,114.855485,95.712904,-9399.007173
961.765092,133.998066,153.140646,-9399.007173
961.765719,133.998066,172.283227,-9418.149754
961.766347,133.998066,172.283227,-9418.149754
961.766974,114.855485,95.712904,-9379.864592
961.767602,133.998066,210.568389,-9418.149754
961.768229,76.570323,172.283227,-9418.149754
961.768857,114.855485,133.998066,-9322.436850
961.769484,38.285162,114.855485,-9418.149754
961.770112,57.427742,95.712904,-9399.007173
961.770739,95.712904,133.998066,-9360.722011
961.771367,38.285162,210.568389,-9418.149754
961.771995,38.285162,172.283227,-9418.149754
961.772622,76.570323,114.855485,-9418.149754
961.773250,57.427742,114.855485,-9437.292334
961.773877,133.998066,172.283227,-9418.149754
961.774505,76.570323,114.855485,-9418.149754
961.775132,38.285162,172.283227,-9360.722011
961.775760,95.712904,229.710970,-9399.007173
961.776387,95.712904,114.855485,-9418.149754
961.777015,76.570323,114.855485,-9418.149754
961.777642,38.285162,114.855485,-9437.292334
961.778270,76.570323,153.140646,-9437.292334
961.778897,153.140646,133.998066,-9399.007173
961.779525,38.285162,172.283227,-9418.149754
961.780153,76.570323,114.855485,-9418.149754
961.780780,95.712904,210.568389,-9341.579430
961.781408,133.998066,114.855485,-9418.149754
961.782035,153.140646,133.998066,-9399.007173
961.782663,133.998066,172.283227,-9437.292334
961.783290,95.712904,114.855485,-9494.720077
961.783918,153.140646,153.140646,-9399.007173
961.784545,76.570323,172.283227,-9418.149754
961.785173,38.285162,153.140646,-9418.149754
961.785800,57.427742,153.140646,-9418.149754
961.786428,133.998066,114.855485,-9418.149754
961.787056,133.998066,114.855485,-9456.434915
961.787683,95.712904,133.998066,-9552.147819
961.788311,76.570323,114.855485,-9418.149754
961.788938,57.427742,133.998066,-9360.722011
961.789566,133.998066,114.855485,-9418.149754
961.790193,76.570323,95.712904,-9399.007173
961.790821,76.570323,153.140646,-9341.579430
961.791448,114.855485,133.998066,-9360.722011
961.792076,76.570323,114.855485,-9418.149754
961.792703,76.570323,114.855485,-9418.149754
961.793331,76.570323,153.140646,-9418.149754
961.793958,76.570323,114.855485,-9418.149754
961.794586,76.570323,114.855485,-9418.149754
961.795214,133.998066,114.855485,-9418.149754
961.795841,95.712904,133.998066,-9341.579430
961.796469,133.998066,191.425808,-9399.007173
961.797096,76.570323,153.140646,-9456.434915
961.797724,95.712904,114.855485,-9418.149754
961.798351,38.285162,114.855485,-9418.149754
961.798979,153.140646,114.855485,-9418.149754
961.799606,57.427742,95.712904,-9399.007173
961.800234,133.998066,114.855485,-9418.149754
961.800861,133.998066,210.568389,-9475.577496
961.801489,95.712904,114.855485,-9418.149754
961.802116,133.998066,114.855485,-9418.149754
961.802744,95.712904,133.998066,-9360.722011
961.803372,76.570323,114.855485,-9418.149754
961.803999,133.998066,172.283227,-9418.149754
961.804627,76.570323,153.140646,-9418.149754
961.805254,38.285162,114.855485,-9418.149754
961.805882,133.998066,133.998066,-9399.007173
961.806509,76.570323,191.425808,-9418.149754
961.807137,133.998066,172.283227,-9437.292334
961.807764,95.712904,153.140646,-9360.722011
961.808392,76.570323,114.855485,-9418.149754
961.809019,133.998066,172.283227,-9418.149754
961.809647,133.998066,172.283227,-9399.007173
961.810275,76.570323,114.855485,-9418.149754
961.810902,76.570323,114.855485,-9418.149754
961.811530,76.570323,153.140646,-9418.149754
961.812157,76.570323,114.855485,-9418.149754
961.812785,95.712904,95.712904,-9437.292334
961.813412,76.570323,172.283227,-9418.149754
961.814040,133.998066,172.283227,-9418.149754
961.814667,76.570323,153.140646,-9418.149754
961.815295,133.998066,114.855485,-9437.292334
961.815922,76.570323,114.855485,-9418.149754
961.816550,76.570323,172.283227,-9418.149754
961.817177,76.570323,153.140646,-9437.292334
961.817805,76.570323,114.855485,-9418.149754
961.818433,76.570323,172.283227,-9418.149754
961.819060,76.570323,114.855485,-9456.434915
961.819688,114.855485,133.998066,-9360.722011
961.820315,95.712904,133.998066,-9360.722011
961.820943,76.570323,114.855485,-9418.149754
961.821570,133.998066,229.710970,-9418.149754
961.822198,76.570323,114.855485,-9418.149754
961.822825,133.998066,153.140646,-9437.292334
961.823453,133.998066,210.568389,-9418.149754
961.824080,76.570323,210.568389,-9418.149754
961.824708,76.570323,114.855485,-9418.149754
961.825336,57.427742,114.855485,-9399.007173
961.825963,38.285162,153.140646,-9418.149754
961.826591,38.285162,114.855485,-9418.149754
961.827218,76.570323,133.998066,-9360.722011
961.827846,133.998066,114.855485,-9418.149754
961.828473,114.855485,95.712904,-9399.007173
961.829101,114.855485,133.998066,-9360.722011
961.829728,95.712904,114.855485,-9475.577496
961.830356,76.570323,172.283227,-9418.149754
961.830983,172.283227,114.855485,-9379.864592
961.831611,133.998066,76.570323,-9379.864592
961.832238,153.140646,133.998066,-9399.007173
961.832866,153.140646,133.998066,-9399.007173
961.833494,95.712904,95.712904,-9399.007173
961.834121,76.570323,114.855485,-9418.149754
961.834749,76.570323,76.570323,-9379.864592
961.835376,95.712904,133.998066,-9360.722011
961.836004,133.998066,114.855485,-9456.434915
961.836631,38.285162,153.140646,-9418.149754
961.837259,133.998066,172.283227,-9418.149754
961.837886,153.140646,114.855485,-9437.292334
961.838514,76.570323,114.855485,-9437.292334
961.839141,114.855485,95.712904,-9399.007173
961.839769,38.285162,114.855485,-9418.149754
961.840396,57.427742,133.998066,-9360.722011
961.841024,95.712904,133.998066,-9360.722011
961.841652,57.427742,153.140646,-9418.149754
961.842279,153.140646,133.998066,-9399.007173
961.842907,133.998066,114.855485,-9418.149754
961.843534,38.285162,114.855485,-9418.149754
961.844162,133.998066,114.855485,-9437.292334
961.844789,76.570323,114.855485,-9418.149754
961.845417,76.570323,114.855485,-9456.434915
961.846044,153.140646,133.998066,-9399.007173
961.846672,76.570323,95.712904,-9399.007173
961.847299,57.427742,153.140646,-9360.722011
961.847927,76.570323,114.855485,-9418.149754
961.848555,114.855485,76.570323,-9418.149754
961.849182,76.570323,76.570323,-9379.864592
961.849810,38.285162,114.855485,-9418.149754
961.850437,133.998066,114.855485,-9418.149754
961.851065,95.712904,114.855485,-9418.149754
961.851693,133.998066,114.855485,-9418.149754
961.852320,133.998066,153.140646,-9418.149754
961.852948,114.855485,229.710970,-9399.007173
961.853575,76.570323,114.855485,-9418.149754
961.854203,172.283227,76.570323,-9418.149754
961.854831,172.283227,76.570323,-9418.149754
961.855458,95.712904,95.712904,-9399.007173
961.856086,76.570323,153.140646,-9418.149754
961.856713,133.998066,153.140646,-9418.149754
961.857341,76.570323,153.140646,-9418.149754
961.857969,133.998066,133.998066,-9399.007173
961.858596,153.140646,191.425808,-9379.864592
961.859224,153.140646,172.283227,-9437.292334
961.859851,76.570323,210.568389,-9418.149754
961.860479,153.140646,133.998066,-9399.007173
961.861107,133.998066,210.568389,-9418.149754
961.861734,133.998066,133.998066,-9399.007173
961.862362,133.998066,172.283227,-9418.149754
961.862989,76.570323,114.855485,-9418.149754
961.863617,76.570323,210.568389,-9418.149754
961.864245,172.283227,95.712904,-9399.007173
961.864872,114.855485,133.998066,-9360.722011
961.865500,76.570323,153.140646,-9418.149754
961.866128,95.712904,57.427742,-9399.007173
961.866755,76.570323,114.855485,-9437.292334
961.867383,38.285162,114.855485,-9418.149754
961.868010,133.998066,114.855485,-9437.292334
961.868638,76.570323,114.855485,-9418.149754
961.869266,114.855485,153.140646,-9360.722011
961.869893,114.855485,210.568389,-9379.864592
961.870521,76.570323,172.283227,-9494.720077
961.871148,76.570323,114.855485,-9418.149754
961.871776,38.285162,210.568389,-9456.434915
961.872404,95.712904,114.855485,-9418.149754
961.873031,38.285162,114.855485,-9418.149754
961.873659,133.998066,191.425808,-9418.149754
961.874286,76.570323,114.855485,-9437.292334
961.874914,114.855485,133.998066,-9360.722011
961.875542,38.285162,114.855485,-9418.149754
961.876169,191.425808,191.425808,-9399.007173
961.876797,76.570323,191.425808,-9437.292334
961.877424,76.570323,153.140646,-9418.149754
961.878052,76.570323,114.855485,-9418.149754
961.878680,76.570323,114.855485,-9456.434915
961.879307,76.570323,114.855485,-9418.149754
961.879935,133.998066,133.998066,-9399.007173
961.880562,38.285162,210.568389,-9418.149754
961.881190,76.570323,114.855485,-9418.149754
961.881818,133.998066,133.998066,-9379.864592
961.882445,76.570323,114.855485,-9418.149754
961.883073,133.998066,133.998066,-9399.007173
961.883700,38.285162,191.425808,-9456.434915
961.884328,133.998066,133.998066,-9437.292334
961.884956,95.712904,95.712904,-9399.007173
961.885583,133.998066,172.283227,-9418.149754
961.886211,76.570323,114.855485,-9418.149754
961.886838,95.712904,133.998066,-9379.864592
961.887466,133.998066,172.283227,-9418.149754
961.888094,153.140646,133.998066,-9399.007173
961.888721,172.283227,114.855485,-9379.864592
961.889349,76.570323,191.425808,-9418.149754
961.889976,133.998066,210.568389,-9418.149754
961.890604,76.570323,114.855485,-9418.149754
961.891232,95.712904,153.140646,-9418.149754
961.891859,76.570323,114.855485,-9418.149754
961.892487,133.998066,114.855485,-9418.149754
961.893114,76.570323,114.855485,-9418.149754
961.893742,38.285162,114.855485,-9418.149754
961.894370,76.570323,114.855485,-9494.720077
961.894997,76.570323,153.140646,-9418.149754
961.895625,76.570323,114.855485,-9437.292334
961.896252,133.998066,114.855485,-9475.577496
961.896880,19.142581,114.855485,-9418.149754
961.897508,38.285162,114.855485,-9418.149754
961.898135,114.855485,114.855485,-9379.864592
961.898763,38.285162,153.140646,-9418.149754
961.899390,133.998066,114.855485,-9418.149754
961.900018,76.570323,114.855485,-9418.149754
961.900646,76.570323,172.283227,-9437.292334
961.901273,95.712904,210.568389,-9360.722011
961.901901,133.998066,114.855485,-9418.149754
961.902528,153.140646,133.998066,-9399.007173
961.903156,76.570323,114.855485,-9418.149754
961.903784,38.285162,114.855485,-9418.149754
961.904411,95.712904,114.855485,-9418.149754
961.905039,76.570323,114.855485,-9418.149754
961.905666,133.998066,153.140646,-9418.149754
961.906294,133.998066,153.140646,-9418.149754
961.906922,76.570323,210.568389,-9418.149754
961.907549,76.570323,153.140646,-9418.149754
961.908177,172.283227,76.570323,-9418.149754
961.908804,114.855485,114.855485,-9379.864592
961.909432,76.570323,114.855485,-9418.149754
961.910060,133.998066,114.855485,-9418.149754
961.910687,114.855485,95.712904,-9494.720077
961.911315,57.427742,114.855485,-9437.292334
961.911942,38.285162,114.855485,-9418.149754
961.912570,76.570323,114.855485,-9418.149754
961.913198,19.142581,114.855485,-9418.149754
961.913825,38.285162,153.140646,-9418.149754
961.914453,153.140646,172.283227,-9399.007173
961.915081,38.285162,153.140646,-9418.149754
961.915708,76.570323,114.855485,-9456.434915
961.916336,38.285162,114.855485,-9475.577496
961.916963,95.712904,172.283227,-9437.292334
961.917591,133.998066,114.855485,-9418.149754
961.918219,114.855485,133.998066,-9360.722011
961.918846,76.570323,114.855485,-9418.149754
961.919474,76.570323,153.140646,-9418.149754
961.920101,153.140646,133.998066,-9399.007173
961.920729,95.712904,133.998066,-9360.722011
961.921357,76.570323,114.855485,-9437.292334
961.921984,38.285162,210.568389,-9418.149754
961.922612,133.998066,114.855485,-9418.149754
961.923239,133.998066,133.998066,-9399.007173
961.923867,114.855485,95.712904,-9437.292334
961.924495,95.712904,153.140646,-9418.149754
961.925122,76.570323,191.425808,-9418.149754
961.925750,95.712904,172.283227,-9360.722011
961.926377,133.998066,114.855485,-9418.149754
961.927005,76.570323,114.855485,-9418.149754
961.927633,95.712904,133.998066,-9284.151688
961.928260,95.712904,133.998066,-9360.722011
961.928888,76.570323,114.855485,-9418.149754
961.929515,133.998066,114.855485,-9418.149754
961.930143,76.570323,114.855485,-9418.149754
961.930771,76.570323,114.855485,-9418.149754
961.931398,133.998066,114.855485,-9418.149754
961.932026,153.140646,153.140646,-9399.007173
961.932653,76.570323,210.568389,-9418.149754
961.933281,76.570323,210.568389,-9418.149754
961.933909,95.712904,153.140646,-9456.434915
961.934536,133.998066,114.855485,-9418.149754
961.935164,114.855485,114.855485,-9322.436850
961.935791,38.285162,114.855485,-9475.577496
961.936419,95.712904,114.855485,-9418.149754
961.937047,76.570323,172.283227,-9456.434915
961.937674,153.140646,133.998066,-9399.007173
961.938302,133.998066,114.855485,-9418.149754
961.938929,153.140646,133.998066,-9399.007173
961.939557,133.998066,114.855485,-9418.149754
961.940185,95.712904,114.855485,-9360.722011
961.940812,133.998066,114.855485,-9418.149754
961.941440,38.285162,114.855485,-9437.292334
961.942067,76.570323,210.568389,-9360.722011
961.942695,133.998066,191.425808,-9399.007173
961.943323,76.570323,172.283227,-9418.149754
961.943950,95.712904,153.140646,-9418.149754
961.944578,95.712904,95.712904,-9399.007173
961.945205,172.283227,153.140646,-9360.722011
961.945833,133.998066,153.140646,-9418.149754
961.946461,172.283227,114.855485,-9379.864592
961.947088,133.998066,114.855485,-9418.149754
961.947716,114.855485,133.998066,-9360.722011
961.948343,76.570323,172.283227,-9418.149754
961.948971,76.570323,114.855485,-9456.434915
961.949599,95.712904,248.853550,-9360.722011
961.950226,38.285162,153.140646,-9418.149754
961.950854,76.570323,114.855485,-9437.292334
961.951482,95.712904,172.283227,-9418.149754
961.952109,133.998066,210.568389,-9418.149754
961.952737,133.998066,114.855485,-9418.149754
961.953364,38.285162,114.855485,-9418.149754
961.953992,153.140646,133.998066,-9379.864592
961.954620,76.570323,114.855485,-9418.149754
961.955247,57.427742,133.998066,-9418.149754
961.955875,38.285162,172.283227,-9437.292334
961.956502,133.998066,153.140646,-9418.149754
961.957130,76.570323,114.855485,-9418.149754
961.957758,19.142581,114.855485,-9475.577496
961.958385,76.570323,210.568389,-9456.434915
961.959013,76.570323,114.855485,-9418.149754
961.959640,57.427742,95.712904,-9399.007173
961.960268,76.570323,114.855485,-9418.149754
961.960896,114.855485,95.712904,-9399.007173
961.961523,95.712904,95.712904,-9399.007173
961.962151,76.570323,114.855485,-9418.149754
961.962779,114.855485,95.712904,-9399.007173
961.963406,133.998066,191.425808,-9456.434915
961.964034,153.140646,153.140646,-9399.007173
961.964661,133.998066,114.855485,-9418.149754
961.965289,76.570323,114.855485,-9418.149754
961.965917,57.427742,133.998066,-9360.722011
961.966544,114.855485,191.425808,-9360.722011
961.967172,76.570323,210.568389,-9418.149754
961.967799,76.570323,210.568389,-9418.149754
961.968427,133.998066,153.140646,-9399.007173
961.969055,133.998066,172.283227,-9456.434915
961.969682,76.570323,153.140646,-9418.149754
961.970310,114.855485,172.283227,-9360.722011
961.970938,76.570323,114.855485,-9418.149754
961.971565,153.140646,133.998066,-9399.007173
961.972193,76.570323,114.855485,-9418.149754
961.972820,38.285162,114.855485,-9418.149754
961.973448,76.570323,172.283227,-9418.149754
961.974076,76.570323,114.855485,-9418.149754
961.974703,114.855485,133.998066,-9360.722011
961.975331,57.427742,133.998066,-9360.722011
961.975958,76.570323,172.283227,-9418.149754
961.976586,57.427742,95.712904,-9399.007173
961.977214,95.712904,114.855485,-9418.149754
961.977841,153.140646,172.283227,-9399.007173
961.978469,133.998066,114.855485,-9418.149754
961.979097,133.998066,172.283227,-9418.149754
961.979724,133.998066,172.283227,-9418.149754
961.980352,133.998066,153.140646,-9418.149754
961.980979,38.285162,210.568389,-9418.149754
961.981607,133.998066,114.855485,-9418.149754
961.982235,76.570323,210.568389,-9418.149754
961.982862,38.285162,153.140646,-9379.864592
961.983490,133.998066,172.283227,-9418.149754
961.984117,95.712904,133.998066,-9360.722011
961.984745,57.427742,133.998066,-9360.722011
961.985373,95.712904,95.712904,-9399.007173
961.986000,133.998066,153.140646,-9456.434915
961.986628,133.998066,153.140646,-9399.007173
961.987255,133.998066,210.568389,-9418.149754
961.987883,133.998066,114.855485,-9418.149754
961.988511,95.712904,210.568389,-9418.149754
961.989138,153.140646,133.998066,-9399.007173
961.989766,76.570323,172.283227,-9418.149754
961.990394,95.712904,153.140646,-9360.722011
961.991021,133.998066,191.425808,-9418.149754
961.991649,76.570323,114.855485,-9418.149754
961.992276,38.285162,114.855485,-9418.149754
961.992904,38.285162,210.568389,-9418.149754
961.993532,133.998066,153.140646,-9418.149754
961.994159,133.998066,172.283227,-9418.149754
961.994787,76.570323,114.855485,-9418.149754
961.995414,95.712904,95.712904,-9399.007173
961.996042,95.712904,172.283227,-9418.149754
961.996670,95.712904,153.140646,-9360.722011
961.997297,95.712904,95.712904,-9399.007173
961.997925,38.285162,172.283227,-9418.149754
961.998553,57.427742,133.998066,-9360.722011
961.999180,57.427742,133.998066,-9360.722011
961.999808,133.998066,114.855485,-9418.149754
962.000435,95.712904,95.712904,-9399.007173
962.001063,153.140646,133.998066,-9399.007173
962.001691,76.570323,114.855485,-9418.149754
962.002318,76.570323,153.140646,-9418.149754
962.002946,133.998066,172.283227,-9418.149754
962.003573,153.140646,153.140646,-9399.007173
962.004201,38.285162,210.568389,-9360.722011
962.004829,76.570323,153.140646,-9418.149754
962.005456,76.570323,95.712904,-9399.007173
962.006084,76.570323,172.283227,-9418.149754
962.006712,153.140646,133.998066,-9399.007173
962.007339,95.712904,114.855485,-9418.149754
962.007967,76.570323,114.855485,-9418.149754
962.008594,133.998066,153.140646,-9399.007173
962.009222,76.570323,172.283227,-9418.149754
962.009850,133.998066,114.855485,-9418.149754
962.010477,76.570323,114.855485,-9418.149754
962.011105,76.570323,114.855485,-9418.149754
962.011732,133.998066,114.855485,-9418.149754
962.012360,76.570323,153.140646,-9418.149754
962.012988,38.285162,153.140646,-9418.149754
962.013615,76.570323,114.855485,-9418.149754
962.014243,133.998066,172.283227,-9418.149754
962.014870,114.855485,153.140646,-9360.722011
962.015498,76.570323,153.140646,-9341.579430
962.016126,133.998066,133.998066,-9399.007173
962.016753,95.712904,153.140646,-9341.579430
962.017381,133.998066,114.855485,-9418.149754
962.018009,95.712904,210.568389,-9418.149754
962.018636,95.712904,133.998066,-9360.722011
962.019264,133.998066,153.140646,-9418.149754
962.019891,76.570323,172.283227,-9418.149754
962.020519,95.712904,133.998066,-9360.722011
962.021147,133.998066,210.568389,-9418.149754
962.021774,95.712904,172.283227,-9360.722011
962.022402,114.855485,133.998066,-9360.722011
962.023029,76.570323,114.855485,-9437.292334
962.023657,153.140646,153.140646,-9399.007173
962.024285,114.855485,172.283227,-9360.722011
962.024912,114.855485,133.998066,-9418.149754
962.025540,76.570323,114.855485,-9360.722011
962.026168,57.427742,191.425808,-9360.722011
962.026795,114.855485,133.998066,-9360.722011
962.027423,76.570323,153.140646,-9418.149754
962.028050,133.998066,114.855485,-9360.722011
962.028678,114.855485,172.283227,-9360.722011
962.029306,133.998066,114.855485,-9360.722011
962.029933,133.998066,114.855485,-9360.722011
962.030561,114.855485,133.998066,-9360.722011
962.031188,57.427742,133.998066,-9360.722011
962.031816,76.570323,172.283227,-9418.149754
962.032444,114.855485,133.998066,-9360.722011
962.033071,95.712904,114.855485,-9418.149754
962.033699,133.998066,153.140646,-9418.149754
962.034327,133.998066,153.140646,-9399.007173
962.034954,76.570323,114.855485,-9418.149754
962.035582,76.570323,114.855485,-9360.722011
962.036209,114.855485,191.425808,-9360.722011
962.036837,38.285162,153.140646,-9418.149754
962.037465,76.570323,133.998066,-9360.722011
962.038092,57.427742,133.998066,-9360.722011
962.038720,38.285162,153.140646,-9418.149754
962.039347,57.427742,95.712904,-9399.007173
962.039975,172.283227,76.570323,-9418.149754
962.040603,114.855485,133.998066,-9418.149754
962.041230,38.285162,114.855485,-9456.434915
962.041858,133.998066,172.283227,-9437.292334
962.042485,76.570323,114.855485,-9418.149754
962.043113,76.570323,114.855485,-9437.292334
962.043741,114.855485,95.712904,-9456.434915
962.044368,133.998066,114.855485,-9418.149754
962.044996,133.998066,133.998066,-9399.007173
962.045624,76.570323,210.568389,-9360.722011
962.046251,133.998066,114.855485,-9418.149754
962.046879,76.570323,153.140646,-9418.149754
962.047506,57.427742,133.998066,-9360.722011
962.048134,133.998066,172.283227,-9399.007173
962.048762,38.285162,172.283227,-9418.149754
962.049389,38.285162,114.855485,-9418.149754
962.050017,114.855485,95.712904,-9399.007173
962.050644,133.998066,172.283227,-9399.007173
962.051272,38.285162,153.140646,-9418.149754
962.051900,38.285162,114.855485,-9456.434915
962.052527,76.570323,114.855485,-9418.149754
962.053155,57.427742,172.283227,-9360.722011
962.053783,114.855485,133.998066,-9360.722011
962.054410,76.570323,114.855485,-9418.149754
962.055038,133.998066,153.140646,-9418.149754
962.055665,172.283227,76.570323,-9418.149754
962.056293,38.285162,153.140646,-9418.149754
962.056921,76.570323,114.855485,-9418.149754
962.057548,38.285162,153.140646,-9360.722011
962.058176,114.855485,172.283227,-9360.722011
962.058803,114.855485,133.998066,-9360.722011
962.059431,76.570323,172.283227,-9475.577496
962.060059,57.427742,95.712904,-9456.434915
962.060686,38.285162,114.855485,-9456.434915
962.061314,133.998066,114.855485,-9418.149754
962.061942,95.712904,114.855485,-9418.149754
962.062569,133.998066,153.140646,-9418.149754
962.063197,95.712904,114.855485,-9418.149754
962.063824,133.998066,210.568389,-9418.149754
962.064452,76.570323,229.710970,-9418.149754
962.065080,76.570323,153.140646,-9418.149754
962.065707,38.285162,114.855485,-9418.149754
962.066335,76.570323,114.855485,-9418.149754
962.066962,95.712904,114.855485,-9418.149754
962.067590,114.855485,133.998066,-9360.722011
962.068218,153.140646,153.140646,-9456.434915
962.068845,76.570323,172.283227,-9418.149754
962.069473,38.285162,210.568389,-9418.149754
962.070100,76.570323,114.855485,-9418.149754
962.070728,38.285162,172.283227,-9360.722011
962.071356,57.427742,153.140646,-9360.722011
962.071983,133.998066,133.998066,-9399.007173
962.072611,133.998066,210.568389,-9418.149754
962.073239,76.570323,153.140646,-9437.292334
962.073866,76.570323,210.568389,-9418.149754
962.074494,133.998066,114.855485,-9418.149754
962.075121,76.570323,114.855485,-9418.149754
962.075749,114.855485,153.140646,-9379.864592
962.076377,76.570323,114.855485,-9418.149754
962.077004,76.570323,133.998066,-9360.722011
962.077632,76.570323,114.855485,-9418.149754
962.078259,38.285162,114.855485,-9418.149754
962.078887,76.570323,210.568389,-9437.292334
962.079515,133.998066,114.855485,-9360.722011
962.080142,133.998066,114.855485,-9418.149754
962.080770,95.712904,114.855485,-9418.149754
962.081398,76.570323,114.855485,-9418.149754
962.082025,95.712904,133.998066,-9360.722011
962.082653,57.427742,114.855485,-9418.149754
962.083280,38.285162,153.140646,-9418.149754
962.083908,38.285162,114.855485,-9418.149754
962.084536,76.570323,172.283227,-9437.292334
962.085163,133.998066,114.855485,-9418.149754
962.085791,133.998066,172.283227,-9418.149754
962.086418,76.570323,210.568389,-9418.149754
962.087046,133.998066,114.855485,-9437.292334
962.087674,114.855485,76.570323,-9437.292334
962.088301,76.570323,114.855485,-9437.292334
962.088929,114.855485,76.570323,-9456.434915
962.089556,133.998066,114.855485,-9418.149754
962.090184,76.570323,114.855485,-9418.149754
962.090812,57.427742,191.425808,-9341.579430
962.091439,95.712904,172.283227,-9418.149754
962.092067,95.712904,172.283227,-9360.722011
962.092695,133.998066,114.855485,-9418.149754
962.093322,76.570323,114.855485,-9418.149754
962.093950,133.998066,114.855485,-9418.149754
962.094577,38.285162,114.855485,-9418.149754
962.095205,153.140646,172.283227,-9456.434915
962.095833,76.570323,153.140646,-9418.149754
962.096460,114.855485,133.998066,-9360.722011
962.097088,114.855485,133.998066,-9360.722011
962.097715,114.855485,133.998066,-9360.722011
962.098343,76.570323,153.140646,-9418.149754
962.098971,76.570323,172.283227,-9418.149754
962.099598,0.000000,153.140646,-9379.864592
962.100226,95.712904,153.140646,-9418.149754
962.100854,76.570323,114.855485,-9456.434915
962.101481,133.998066,133.998066,-9399.007173
962.102109,76.570323,114.855485,-9418.149754
962.102736,76.570323,172.283227,-9418.149754
962.103364,133.998066,172.283227,-9418.149754
962.103992,133.998066,153.140646,-9360.722011
962.104619,76.570323,114.855485,-9418.149754
962.105247,133.998066,153.140646,-9456.434915
962.105874,153.140646,153.140646,-9399.007173
962.106502,95.712904,133.998066,-9360.722011
962.107130,153.140646,133.998066,-9399.007173
962.107757,76.570323,114.855485,-9418.149754
962.108385,114.855485,133.998066,-9360.722011
962.109013,38.285162,114.855485,-9418.149754
962.109640,57.427742,114.855485,-9418.149754
962.110268,19.142581,133.998066,-9399.007173
962.110895,95.712904,133.998066,-9360.722011
962.111523,76.570323,172.283227,-9418.149754
962.112151,95.712904,95.712904,-9399.007173
962.112778,76.570323,114.855485,-9418.149754
962.113406,172.283227,172.283227,-9379.864592
962.114033,76.570323,153.140646,-9360.722011
962.114661,95.712904,133.998066,-9360.722011
962.115289,76.570323,114.855485,-9418.149754
962.115916,95.712904,95.712904,-9399.007173
962.116544,38.285162,172.283227,-9418.149754
962.117171,76.570323,210.568389,-9418.149754
962.117799,76.570323,172.283227,-9418.149754
962.118427,76.570323,114.855485,-9418.149754
962.119054,133.998066,114.855485,-9418.149754
962.119682,76.570323,210.568389,-9418.149754
962.120310,76.570323,153.140646,-9418.149754
962.120937,133.998066,153.140646,-9418.149754
962.121565,76.570323,114.855485,-9418.149754
962.122192,133.998066,114.855485,-9418.149754
962.122820,38.285162,153.140646,-9418.149754
962.123448,172.283227,153.140646,-9322.436850
962.124075,133.998066,114.855485,-9418.149754
962.124703,76.570323,172.283227,-9418.149754
962.125330,95.712904,172.283227,-9418.149754
962.125958,76.570323,172.283227,-9418.149754
962.126586,76.570323,114.855485,-9437.292334
962.127213,76.570323,114.855485,-9418.149754
962.127841,133.998066,114.855485,-9418.149754
962.128469,95.712904,153.140646,-9418.149754
962.129096,57.427742,114.855485,-9418.149754
962.129724,57.427742,153.140646,-9341.579430
962.130351,114.855485,153.140646,-9360.722011
962.130979,153.140646,114.855485,-9418.149754
962.131607,133.998066,153.140646,-9418.149754
962.132234,133.998066,114.855485,-9418.149754
962.132862,57.427742,114.855485,-9437.292334
962.133489,95.712904,114.855485,-9418.149754
962.134117,133.998066,133.998066,-9399.007173
962.134745,38.285162,114.855485,-9437.292334
962.135372,153.140646,172.283227,-9399.007173
962.136000,95.712904,114.855485,-9418.149754
962.136627,95.712904,191.425808,-9418.149754
962.137255,133.998066,153.140646,-9418.149754
962.137883,76.570323,114.855485,-9456.434915
962.138510,76.570323,153.140646,-9418.149754
962.139138,76.570323,153.140646,-9418.149754
962.139766,133.998066,210.568389,-9418.149754
962.140393,95.712904,95.712904,-9399.007173
962.141021,95.712904,95.712904,-9399.007173
962.141648,76.570323,114.855485,-9418.149754
962.142276,57.427742,95.712904,-9399.007173
962.142904,76.570323,114.855485,-9456.434915
962.143531,133.998066,114.855485,-9418.149754
962.144159,133.998066,191.425808,-9399.007173
962.144786,153.140646,172.283227,-9399.007173
962.145414,76.570323,114.855485,-9418.149754
962.146042,76.570323,210.568389,-9418.149754
962.146669,133.998066,153.140646,-9418.149754
962.147297,133.998066,172.283227,-9418.149754
962.147925,76.570323,172.283227,-9456.434915
962.148552,76.570323,153.140646,-9418.149754
962.149180,133.998066,114.855485,-9456.434915
962.149807,76.570323,153.140646,-9418.149754
962.150435,114.855485,76.570323,-9418.149754
962.151062,76.570323,114.855485,-9418.149754
962.151690,38.285162,153.140646,-9418.149754
962.152318,95.712904,95.712904,-9399.007173
962.152945,133.998066,95.712904,-9360.722011
962.153573,76.570323,172.283227,-9418.149754
962.154200,95.712904,172.283227,-9360.722011
962.154828,95.712904,133.998066,-9360.722011
962.155456,95.712904,95.712904,-9399.007173
962.156083,95.712904,114.855485,-9437.292334
962.156711,76.570323,114.855485,-9418.149754
962.157338,133.998066,114.855485,-9418.149754
962.157966,57.427742,114.855485,-9418.149754
962.158593,38.285162,76.570323,-9322.436850
962.159221,133.998066,153.140646,-9418.149754
962.159849,38.285162,114.855485,-9418.149754
962.160476,133.998066,114.855485,-9437.292334
962.161104,57.427742,172.283227,-9360.722011
962.161731,114.855485,153.140646,-9360.722011
962.162359,76.570323,114.855485,-9418.149754
962.162987,95.712904,153.140646,-9418.149754
962.163614,38.285162,210.568389,-9418.149754
962.164242,76.570323,191.425808,-9418.149754
962.164869,133.998066,153.140646,-9418.149754
962.165497,133.998066,114.855485,-9418.149754
962.166125,38.285162,153.140646,-9418.149754
962.166752,133.998066,114.855485,-9418.149754
962.167380,38.285162,172.283227,-9418.149754
962.168007,76.570323,153.140646,-9437.292334
962.168635,133.998066,191.425808,-9418.149754
962.169262,95.712904,76.570323,-9399.007173
962.169890,38.285162,114.855485,-9418.149754
962.170518,76.570323,210.568389,-9456.434915
962.171145,76.570323,172.283227,-9475.577496
962.171773,95.712904,114.855485,-9418.149754
962.172400,114.855485,95.712904,-9399.007173
962.173028,114.855485,95.712904,-9399.007173
962.173656,76.570323,114.855485,-9418.149754
962.174283,76.570323,114.855485,-9437.292334
962.174911,133.998066,114.855485,-9418.149754
962.175538,133.998066,114.855485,-9399.007173
962.176166,95.712904,153.140646,-9360.722011
962.176793,76.570323,153.140646,-9418.149754
962.177421,38.285162,114.855485,-9437.292334
962.178049,76.570323,114.855485,-9418.149754
962.178676,19.142581,172.283227,-9360.722011
962.179304,57.427742,95.712904,-9399.007173
962.179931,38.285162,114.855485,-9418.149754
962.180559,133.998066,172.283227,-9418.149754
962.181187,172.283227,210.568389,-9379.864592
962.181814,133.998066,114.855485,-9418.149754
962.182442,76.570323,114.855485,-9437.292334
962.183069,57.427742,153.140646,-9418.149754
962.183697,76.570323,114.855485,-9418.149754
962.184324,133.998066,114.855485,-9456.434915
962.184952,114.855485,95.712904,-9399.007173
962.185580,76.570323,114.855485,-9418.149754
962.186207,76.570323,114.855485,-9418.149754
962.186835,57.427742,172.283227,-9360.722011
962.187462,133.998066,114.855485,-9437.292334
962.188090,114.855485,76.570323,-9418.149754
962.188718,57.427742,95.712904,-9399.007173
962.189345,38.285162,114.855485,-9418.149754
962.189973,114.855485,133.998066,-9418.149754
962.190600,95.712904,76.570323,-9322.436850
962.191228,95.712904,95.712904,-9379.864592
962.191855,114.855485,133.998066,-9341.579430
962.192483,76.570323,114.855485,-9437.292334
962.193111,76.570323,191.425808,-9418.149754
962.193738,76.570323,153.140646,-9418.149754
962.194366,38.285162,114.855485,-9418.149754
962.194993,114.855485,172.283227,-9379.864592
962.195621,95.712904,133.998066,-9360.722011
962.196249,95.712904,172.283227,-9360.722011
962.196876,95.712904,153.140646,-9418.149754
962.197504,133.998066,153.140646,-9418.149754
962.198131,76.570323,153.140646,-9418.149754
962.198759,76.570323,114.855485,-9418.149754
962.199386,95.712904,133.998066,-9360.722011
962.200014,76.570323,114.855485,-9418.149754
962.200642,133.998066,114.855485,-9418.149754
962.201269,114.855485,133.998066,-9341.579430
962.201897,0.000000,172.283227,-9360.722011
962.202524,76.570323,114.855485,-9437.292334
962.203152,76.570323,114.855485,-9456.434915
962.203780,76.570323,153.140646,-9418.149754
962.204407,76.570323,114.855485,-9418.149754
962.205035,133.998066,153.140646,-9418.149754
962.205662,153.140646,153.140646,-9399.007173
962.206290,133.998066,153.140646,-9437.292334
962.206917,133.998066,114.855485,-9418.149754
962.207545,95.712904,114.855485,-9418.149754
962.208173,95.712904,133.998066,-9418.149754
962.208800,38.285162,114.855485,-9418.149754
962.209428,95.712904,133.998066,-9360.722011
962.210055,76.570323,114.855485,-9418.149754
962.210683,95.712904,153.140646,-9418.149754
962.211311,133.998066,114.855485,-9418.149754
962.211938,76.570323,76.570323,-9379.864592
962.212566,76.570323,114.855485,-9418.149754
962.213193,133.998066,114.855485,-9418.149754
962.213821,133.998066,153.140646,-9399.007173
962.214448,95.712904,95.712904,-9399.007173
962.215076,133.998066,114.855485,-9418.149754
962.215704,153.140646,95.712904,-9360.722011
962.216331,153.140646,133.998066,-9399.007173
962.216959,76.570323,114.855485,-9418.149754
962.217586,133.998066,172.283227,-9418.149754
962.218214,38.285162,114.855485,-9418.149754
962.218842,95.712904,133.998066,-9360.722011
962.219469,133.998066,114.855485,-9418.149754
962.220097,57.427742,153.140646,-9360.722011
962.220724,76.570323,153.140646,-9418.149754
962.221352,76.570323,172.283227,-9418.149754
962.221980,38.285162,114.855485,-9437.292334
962.222607,76.570323,114.855485,-9418.149754
962.223235,19.142581,210.568389,-9418.149754
962.223862,38.285162,172.283227,-9418.149754
962.224490,76.570323,114.855485,-9456.434915
962.225117,76.570323,172.283227,-9418.149754
962.225745,76.570323,210.568389,-9418.149754
962.226373,76.570323,153.140646,-9418.149754
962.227000,133.998066,153.140646,-9456.434915
962.227628,38.285162,114.855485,-9418.149754
962.228255,76.570323,153.140646,-9418.149754
962.228883,76.570323,172.283227,-9418.149754
962.229511,133.998066,191.425808,-9399.007173
962.230138,76.570323,210.568389,-9437.292334
962.230766,38.285162,114.855485,-9437.292334
962.231393,76.570323,172.283227,-9418.149754
962.232021,38.285162,114.855485,-9418.149754
962.232648,153.140646,133.998066,-9399.007173
962.233276,133.998066,114.855485,-9418.149754
962.233904,76.570323,172.283227,-9437.292334
962.234531,133.998066,114.855485,-9456.434915
962.235159,114.855485,133.998066,-9360.722011
962.235786,76.570323,114.855485,-9418.149754
962.236414,133.998066,114.855485,-9418.149754
962.237042,133.998066,114.855485,-9418.149754
962.237669,76.570323,114.855485,-9437.292334
962.238297,76.570323,114.855485,-9494.720077
962.238924,133.998066,114.855485,-9456.434915
962.239552,133.998066,133.998066,-9456.434915
962.240179,76.570323,114.855485,-9437.292334
962.240807,133.998066,114.855485,-9418.149754
962.241435,38.285162,114.855485,-9418.149754
962.242062,57.427742,153.140646,-9360.722011
962.242690,76.570323,114.855485,-9418.149754
962.243317,76.570323,133.998066,-9418.149754
962.243945,38.285162,76.570323,-9379.864592
962.244573,76.570323,114.855485,-9418.149754
962.245200,133.998066,114.855485,-9418.149754
962.245828,133.998066,114.855485,-9418.149754
962.246455,114.855485,114.855485,-9399.007173
962.247083,172.283227,114.855485,-9379.864592
962.247710,133.998066,114.855485,-9418.149754
962.248338,133.998066,114.855485,-9418.149754
962.248966,76.570323,114.855485,-9418.149754
962.249593,133.998066,114.855485,-9418.149754
962.250221,76.570323,114.855485,-9418.149754
962.250848,95.712904,172.283227,-9399.007173
962.251476,133.998066,114.855485,-9418.149754
962.252104,76.570323,172.283227,-9418.149754
962.252731,95.712904,133.998066,-9341.579430
962.253359,133.998066,172.283227,-9456.434915
962.253987,76.570323,210.568389,-9418.149754
962.254614,133.998066,114.855485,-9418.149754
962.255242,95.712904,95.712904,-9399.007173
962.255869,133.998066,114.855485,-9418.149754
962.256497,133.998066,172.283227,-9418.149754
962.257125,76.570323,191.425808,-9418.149754
962.257752,133.998066,153.140646,-9418.149754
962.258380,76.570323,172.283227,-9418.149754
962.259008,76.570323,210.568389,-9418.149754
962.259635,76.570323,114.855485,-9418.149754
962.260263,38.285162,114.855485,-9418.149754
962.260890,76.570323,76.570323,-9379.864592
962.261518,114.855485,191.425808,-9360.722011
962.262146,95.712904,114.855485,-9418.149754
962.262773,133.998066,114.855485,-9418.149754
962.263401,95.712904,95.712904,-9399.007173
962.264028,133.998066,114.855485,-9456.434915
962.264656,76.570323,114.855485,-9418.149754
962.265284,38.285162,114.855485,-9456.434915
962.265911,38.285162,153.140646,-9418.149754
962.266539,133.998066,114.855485,-9437.292334
962.267167,76.570323,153.140646,-9418.149754
962.267794,38.285162,114.855485,-9418.149754
962.268422,76.570323,172.283227,-9418.149754
962.269049,133.998066,76.570323,-9379.864592
962.269677,76.570323,248.853550,-9360.722011
962.270305,76.570323,114.855485,-9418.149754
962.270932,133.998066,172.283227,-9418.149754
962.271560,114.855485,133.998066,-9360.722011
962.272187,133.998066,114.855485,-9418.149754
962.272815,76.570323,114.855485,-9456.434915
962.273443,133.998066,114.855485,-9418.149754
962.274070,38.285162,114.855485,-9418.149754
962.274698,76.570323,114.855485,-9418.149754
962.275326,133.998066,114.855485,-9418.149754
962.275953,76.570323,114.855485,-9418.149754
962.276581,57.427742,133.998066,-9360.722011
962.277208,76.570323,76.570323,-9379.864592
962.277836,153.140646,133.998066,-9456.434915
962.278464,114.855485,172.283227,-9360.722011
962.279091,76.570323,114.855485,-9418.149754
962.279719,133.998066,114.855485,-9418.149754
962.280347,114.855485,133.998066,-9360.722011
962.280974,95.712904,114.855485,-9322.436850
962.281602,114.855485,133.998066,-9360.722011
962.282229,133.998066,133.998066,-9399.007173
962.282857,76.570323,133.998066,-9341.579430
962.283485,76.570323,114.855485,-9418.149754
962.284112,38.285162,172.283227,-9418.149754
962.284740,76.570323,114.855485,-9418.149754
962.285367,114.855485,133.998066,-9418.149754
962.285995,76.570323,133.998066,-9360.722011
962.286623,114.855485,133.998066,-9360.722011
962.287250,76.570323,153.140646,-9437.292334
962.287878,76.570323,114.855485,-9418.149754
962.288506,57.427742,114.855485,-9418.149754
962.289133,38.285162,114.855485,-9418.149754
962.289761,76.570323,114.855485,-9437.292334
962.290388,57.427742,114.855485,-9418.149754
962.291016,57.427742,210.568389,-9456.434915
962.291644,95.712904,153.140646,-9456.434915
962.292271,95.712904,191.425808,-9360.722011
962.292899,38.285162,153.140646,-9494.720077
962.293526,133.998066,114.855485,-9418.149754
962.294154,76.570323,114.855485,-9533.005238
962.294782,76.570323,114.855485,-9418.149754
962.295409,76.570323,153.140646,-9418.149754
962.296037,95.712904,172.283227,-9418.149754
962.296665,76.570323,114.855485,-9437.292334
962.297292,133.998066,133.998066,-9399.007173
962.297920,19.142581,172.283227,-9418.149754
962.298547,76.570323,153.140646,-9418.149754
962.299175,76.570323,114.855485,-9418.149754
962.299803,76.570323,153.140646,-9437.292334
962.300430,133.998066,114.855485,-9418.149754
962.301058,57.427742,95.712904,-9456.434915
962.301686,133.998066,114.855485,-9418.149754
962.302313,133.998066,114.855485,-9437.292334
962.302941,76.570323,114.855485,-9418.149754
962.303568,133.998066,114.855485,-9418.149754
962.304196,95.712904,114.855485,-9418.149754
962.304824,133.998066,172.283227,-9418.149754
962.305451,76.570323,172.283227,-9418.149754
962.306079,76.570323,114.855485,-9437.292334
962.306706,76.570323,153.140646,-9418.149754
962.307334,133.998066,114.855485,-9418.149754
962.307962,133.998066,114.855485,-9418.149754
962.308589,95.712904,172.283227,-9360.722011
962.309217,95.712904,153.140646,-9360.722011
962.309845,57.427742,172.283227,-9360.722011
962.310472,133.998066,114.855485,-9418.149754
962.311100,95.712904,114.855485,-9418.149754
962.311727,153.140646,133.998066,-9399.007173
962.312355,95.712904,153.140646,-9418.149754
962.312983,76.570323,114.855485,-9475.577496
962.313610,76.570323,172.283227,-9437.292334
962.314238,76.570323,114.855485,-9418.149754
962.314865,133.998066,153.140646,-9437.292334
962.315493,133.998066,114.855485,-9418.149754
962.316121,76.570323,210.568389,-9418.149754
962.316748,114.855485,191.425808,-9360.722011
962.317376,76.570323,210.568389,-9418.149754
962.318004,76.570323,95.712904,-9399.007173
962.318631,38.285162,114.855485,-9418.149754
962.319259,191.425808,153.140646,-9379.864592
962.319886,95.712904,133.998066,-9360.722011
962.320514,76.570323,114.855485,-9418.149754
962.321142,133.998066,114.855485,-9418.149754
962.321769,133.998066,114.855485,-9418.149754
962.322397,38.285162,114.855485,-9418.149754
962.323025,76.570323,95.712904,-9399.007173
962.323652,95.712904,153.140646,-9360.722011
962.324280,38.285162,114.855485,-9456.434915
962.324907,76.570323,172.283227,-9456.434915
962.325535,76.570323,114.855485,-9418.149754
962.326163,172.283227,114.855485,-9399.007173
962.326790,133.998066,114.855485,-9360.722011
962.327418,133.998066,133.998066,-9399.007173
962.328045,38.285162,114.855485,-9418.149754
962.328673,76.570323,114.855485,-9437.292334
962.329301,114.855485,172.283227,-9360.722011
962.329928,133.998066,172.283227,-9418.149754
962.330556,172.283227,114.855485,-9379.864592
962.331184,133.998066,114.855485,-9418.149754
962.331811,133.998066,114.855485,-9456.434915
962.332439,95.712904,153.140646,-9418.149754
962.333066,95.712904,133.998066,-9360.722011
962.333694,172.283227,133.998066,-9360.722011
962.334322,153.140646,172.283227,-9399.007173
962.334949,76.570323,114.855485,-9418.149754
962.335577,95.712904,133.998066,-9360.722011
962.336204,133.998066,114.855485,-9418.149754
962.336832,38.285162,172.283227,-9418.149754
962.337460,76.570323,114.855485,-9418.149754
962.338087,76.570323,114.855485,-9418.149754
962.338715,76.570323,114.855485,-9418.149754
962.339343,114.855485,95.712904,-9399.007173
962.339970,57.427742,95.712904,-9437.292334
962.340598,76.570323,114.855485,-9418.149754
962.341225,95.712904,172.283227,-9399.007173
962.341853,133.998066,153.140646,-9437.292334
962.342481,76.570323,114.855485,-9437.292334
962.343108,95.712904,95.712904,-9399.007173
962.343736,133.998066,172.283227,-9399.007173
962.344364,76.570323,114.855485,-9437.292334
962.344991,133.998066,114.855485,-9437.292334
962.345619,76.570323,114.855485,-9475.577496
962.346246,76.570323,114.855485,-9418.149754
962.346874,114.855485,133.998066,-9360.722011
962.347502,133.998066,210.568389,-9418.149754
962.348129,153.140646,153.140646,-9418.149754
962.348757,172.283227,133.998066,-9418.149754
962.349384,114.855485,172.283227,-9360.722011
962.350012,76.570323,114.855485,-9360.722011
962.350639,153.140646,153.140646,-9399.007173
962.351267,133.998066,114.855485,-9418.149754
962.351894,95.712904,114.855485,-9418.149754
962.352522,76.570323,114.855485,-9418.149754
962.353149,76.570323,114.855485,-9418.149754
962.353776,38.285162,114.855485,-9418.149754
962.354404,38.285162,114.855485,-9437.292334
962.355031,133.998066,114.855485,-9437.292334
962.355659,0.000000,95.712904,-9437.292334
962.356286,133.998066,114.855485,-9418.149754
962.356914,38.285162,114.855485,-9418.149754
962.357541,38.285162,114.855485,-9418.149754
962.358168,133.998066,114.855485,-9418.149754
962.358796,38.285162,114.855485,-9418.149754
962.359423,38.285162,172.283227,-9418.149754
962.360051,38.285162,153.140646,-9437.292334
962.360678,38.285162,153.140646,-9418.149754
962.361306,95.712904,114.855485,-9418.149754
962.361933,95.712904,95.712904,-9399.007173
962.362560,114.855485,133.998066,-9360.722011
962.363188,133.998066,114.855485,-9418.149754
962.363815,153.140646,114.855485,-9418.149754
962.364443,153.140646,191.425808,-9399.007173
962.365070,76.570323,114.855485,-9418.149754
962.365697,133.998066,153.140646,-9399.007173
962.366325,95.712904,172.283227,-9456.434915
962.366952,76.570323,114.855485,-9456.434915
962.367580,133.998066,114.855485,-9418.149754
962.368207,76.570323,114.855485,-9418.149754
962.368835,38.285162,210.568389,-9418.149754
962.369462,95.712904,133.998066,-9360.722011
962.370089,76.570323,114.855485,-9437.292334
962.370717,133.998066,114.855485,-9418.149754
962.371344,114.855485,172.283227,-9360.722011
962.371972,114.855485,95.712904,-9399.007173
962.372599,153.140646,153.140646,-9437.292334
962.373227,114.855485,133.998066,-9322.436850
962.373854,172.283227,114.855485,-9379.864592
962.374481,133.998066,133.998066,-9399.007173
962.375109,153.140646,133.998066,-9399.007173
962.375736,76.570323,114.855485,-9418.149754
962.376364,133.998066,172.283227,-9418.149754
962.376991,133.998066,172.283227,-9399.007173
962.377619,133.998066,210.568389,-9418.149754
962.378246,133.998066,114.855485,-9437.292334
962.378873,57.427742,153.140646,-9437.292334
962.379501,57.427742,95.712904,-9437.292334
962.380128,114.855485,114.855485,-9379.864592
962.380756,133.998066,172.283227,-9456.434915
962.381383,38.285162,210.568389,-9418.149754
962.382011,153.140646,133.998066,-9399.007173
962.382638,38.285162,114.855485,-9418.149754
962.383265,76.570323,114.855485,-9360.722011
962.383893,38.285162,210.568389,-9418.149754
962.384520,38.285162,114.855485,-9418.149754
962.385148,95.712904,172.283227,-9418.149754
962.385775,133.998066,210.568389,-9418.149754
962.386402,133.998066,191.425808,-9418.149754
962.387030,76.570323,153.140646,-9418.149754
962.387657,38.285162,114.855485,-9418.149754
962.388285,133.998066,114.855485,-9418.149754
962.388912,133.998066,133.998066,-9437.292334
962.389540,95.712904,114.855485,-9418.149754
962.390167,133.998066,210.568389,-9418.149754
962.390794,133.998066,153.140646,-9418.149754
962.391422,76.570323,172.283227,-9418.149754
962.392049,76.570323,153.140646,-9494.720077
962.392677,38.285162,114.855485,-9456.434915
962.393304,114.855485,95.712904,-9399.007173
962.393932,38.285162,95.712904,-9399.007173
962.394559,133.998066,95.712904,-9360.722011
962.395186,114.855485,95.712904,-9399.007173
962.395814,95.712904,133.998066,-9360.722011
962.396441,76.570323,114.855485,-9418.149754
962.397069,76.570323,114.855485,-9418.149754
962.397696,133.998066,172.283227,-9360.722011
962.398324,114.855485,191.425808,-9360.722011
962.398951,133.998066,210.568389,-9418.149754
962.399578,76.570323,114.855485,-9418.149754
962.400206,133.998066,133.998066,-9456.434915
962.400833,133.998066,114.855485,-9418.149754
962.401461,133.998066,114.855485,-9418.149754
962.402088,57.427742,133.998066,-9360.722011
962.402716,57.427742,95.712904,-9399.007173
962.403343,76.570323,172.283227,-9418.149754
962.403970,57.427742,114.855485,-9379.864592
962.404598,57.427742,114.855485,-9456.434915
962.405225,38.285162,133.998066,-9360.722011
962.405853,38.285162,114.855485,-9418.149754
962.406480,153.140646,153.140646,-9456.434915
962.407107,133.998066,114.855485,-9437.292334
962.407735,133.998066,114.855485,-9418.149754
962.408362,133.998066,153.140646,-9418.149754
962.408990,153.140646,95.712904,-9360.722011
962.409617,76.570323,114.855485,-9418.149754
962.410245,133.998066,153.140646,-9437.292334
962.410872,76.570323,95.712904,-9399.007173
962.411499,133.998066,172.283227,-9456.434915
962.412127,133.998066,114.855485,-9475.577496
962.412754,133.998066,114.855485,-9418.149754
962.413382,114.855485,133.998066,-9360.722011
962.414009,76.570323,114.855485,-9418.149754
962.414637,95.712904,153.140646,-9418.149754
962.415264,172.283227,76.570323,-9418.149754
962.415891,114.855485,133.998066,-9360.722011
962.416519,76.570323,114.855485,-9418.149754
962.417146,38.285162,114.855485,-9437.292334
962.417774,57.427742,95.712904,-9399.007173
962.418401,133.998066,114.855485,-9418.149754
962.419029,95.712904,172.283227,-9360.722011
962.419656,133.998066,114.855485,-9418.149754
962.420283,95.712904,133.998066,-9360.722011
962.420911,76.570323,114.855485,-9418.149754
962.421538,95.712904,133.998066,-9360.722011
962.422166,76.570323,172.283227,-9418.149754
962.422793,133.998066,172.283227,-9418.149754
962.423421,38.285162,153.140646,-9360.722011
962.424048,172.283227,133.998066,-9360.722011
962.424675,95.712904,133.998066,-9322.436850
962.425303,114.855485,172.283227,-9360.722011
962.425930,133.998066,172.283227,-9437.292334
962.426558,19.142581,172.283227,-9418.149754
962.427185,133.998066,210.568389,-9418.149754
962.427812,133.998066,114.855485,-9418.149754
962.428440,133.998066,114.855485,-9418.149754
962.429067,76.570323,114.855485,-9418.149754
962.429695,76.570323,153.140646,-9418.149754
962.430322,114.855485,172.283227,-9494.720077
962.430950,133.998066,114.855485,-9418.149754
962.431577,114.855485,133.998066,-9360.722011
962.432204,76.570323,172.283227,-9418.149754
962.432832,114.855485,153.140646,-9360.722011
962.433459,76.570323,95.712904,-9418.149754
962.434087,76.570323,95.712904,-9437.292334
962.434714,76.570323,114.855485,-9418.149754
962.435342,133.998066,114.855485,-9456.434915
962.435969,133.998066,114.855485,-9437.292334
962.436596,76.570323,172.283227,-9418.149754
962.437224,95.712904,114.855485,-9399.007173
962.437851,133.998066,114.855485,-9418.149754
962.438479,114.855485,133.998066,-9360.722011
962.439106,76.570323,210.568389,-9418.149754
962.439734,76.570323,210.568389,-9418.149754
962.440361,133.998066,114.855485,-9418.149754
962.440988,153.140646,133.998066,-9399.007173
962.441616,76.570323,114.855485,-9418.149754
962.442243,76.570323,153.140646,-9418.149754
962.442871,38.285162,95.712904,-9399.007173
962.443498,95.712904,95.712904,-9399.007173
962.444126,95.712904,95.712904,-9399.007173
962.444753,57.427742,95.712904,-9456.434915
962.445380,38.285162,114.855485,-9475.577496
962.446008,76.570323,172.283227,-9437.292334
962.446635,76.570323,153.140646,-9418.149754
962.447263,76.570323,172.283227,-9418.149754
962.447890,76.570323,114.855485,-9437.292334
962.448517,57.427742,114.855485,-9418.149754
962.449145,76.570323,172.283227,-9418.149754
962.449772,38.285162,153.140646,-9418.149754
962.450400,76.570323,114.855485,-9418.149754
962.451027,76.570323,114.855485,-9418.149754
962.451654,38.285162,114.855485,-9475.577496
962.452282,172.283227,76.570323,-9360.722011
962.452909,57.427742,172.283227,-9418.149754
962.453536,133.998066,153.140646,-9418.149754
962.454164,133.998066,210.568389,-9456.434915
962.454791,133.998066,153.140646,-9418.149754
962.455419,57.427742,95.712904,-9399.007173
962.456046,19.142581,172.283227,-9418.149754
962.456673,95.712904,153.140646,-9360.722011
962.457301,95.712904,153.140646,-9437.292334
962.457928,76.570323,153.140646,-9418.149754
962.458555,133.998066,114.855485,-9418.149754
962.459183,133.998066,153.140646,-9475.577496
962.459810,76.570323,153.140646,-9475.577496
962.460437,133.998066,114.855485,-9437.292334
962.461065,133.998066,172.283227,-9456.434915
962.461692,76.570323,114.855485,-9418.149754
962.462319,76.570323,229.710970,-9456.434915
962.462947,76.570323,153.140646,-9418.149754
962.463574,114.855485,153.140646,-9360.722011
962.464201,95.712904,95.712904,-9379.864592
962.464829,57.427742,133.998066,-9341.579430
962.465456,191.425808,114.855485,-9399.007173
962.466083,133.998066,133.998066,-9399.007173
962.466711,133.998066,114.855485,-9418.149754
962.467338,76.570323,114.855485,-9418.149754
962.467966,57.427742,95.712904,-9437.292334
962.468593,133.998066,114.855485,-9418.149754
962.469220,76.570323,76.570323,-9379.864592
962.469848,76.570323,153.140646,-9418.149754
962.470475,95.712904,114.855485,-9418.149754
962.471102,76.570323,153.140646,-9418.149754
962.471730,133.998066,114.855485,-9418.149754
962.472357,95.712904,172.283227,-9418.149754
962.472984,133.998066,172.283227,-9456.434915
962.473612,76.570323,153.140646,-9418.149754
962.474239,76.570323,172.283227,-9418.149754
962.474866,133.998066,153.140646,-9418.149754
962.475494,133.998066,114.855485,-9418.149754
962.476121,95.712904,95.712904,-9456.434915
962.476748,76.570323,114.855485,-9418.149754
962.477376,133.998066,114.855485,-9437.292334
962.478003,38.285162,172.283227,-9418.149754
962.478631,57.427742,95.712904,-9494.720077
962.479258,95.712904,133.998066,-9360.722011
962.479885,95.712904,172.283227,-9360.722011
962.480513,76.570323,114.855485,-9418.149754
962.481140,38.285162,114.855485,-9456.434915
962.481767,38.285162,114.855485,-9456.434915
962.482395,57.427742,114.855485,-9418.149754
962.483022,76.570323,153.140646,-9418.149754
962.483649,210.568389,133.998066,-9399.007173
962.484277,114.855485,133.998066,-9360.722011
962.484904,76.570323,153.140646,-9456.434915
962.485531,133.998066,172.283227,-9399.007173
962.486159,95.712904,153.140646,-9418.149754
962.486786,133.998066,172.283227,-9418.149754
962.487413,153.140646,133.998066,-9399.007173
962.488041,133.998066,114.855485,-9418.149754
962.488668,76.570323,114.855485,-9437.292334
962.489296,76.570323,172.283227,-9437.292334
962.489923,95.712904,191.425808,-9418.149754
962.490550,76.570323,210.568389,-9456.434915
962.491178,95.712904,210.568389,-9418.149754
962.491805,133.998066,172.283227,-9418.149754
962.492432,76.570323,172.283227,-9418.149754
962.493060,133.998066,114.855485,-9418.149754
962.493687,114.855485,172.283227,-9360.722011
962.494314,153.140646,172.283227,-9456.434915
962.494942,133.998066,172.283227,-9418.149754
962.495569,76.570323,114.855485,-9418.149754
962.496196,19.142581,114.855485,-9437.292334
962.496824,57.427742,153.140646,-9456.434915
962.497451,38.285162,172.283227,-9418.149754
962.498078,76.570323,153.140646,-9418.149754
962.498706,76.570323,153.140646,-9418.149754
962.499333,172.283227,172.283227,-9379.864592
962.499961,114.855485,133.998066,-9341.579430
962.500588,19.142581,133.998066,-9379.864592
962.501215,76.570323,76.570323,-9379.864592
962.501843,76.570323,210.568389,-9418.149754
962.502470,76.570323,114.855485,-9418.149754
962.503097,76.570323,172.283227,-9418.149754
962.503725,57.427742,133.998066,-9360.722011
962.504352,133.998066,153.140646,-9418.149754
962.504979,76.570323,153.140646,-9418.149754
962.505607,76.570323,114.855485,-9418.149754
962.506234,95.712904,95.712904,-9437.292334
962.506861,133.998066,114.855485,-9418.149754
962.507489,133.998066,210.568389,-9418.149754
962.508116,133.998066,114.855485,-9418.149754
962.508743,38.285162,114.855485,-9418.149754
962.509371,133.998066,114.855485,-9418.149754
962.509998,76.570323,114.855485,-9418.149754
962.510626,76.570323,114.855485,-9418.149754
962.511253,76.570323,114.855485,-9418.149754
962.511880,57.427742,153.140646,-9360.722011
962.512508,133.998066,114.855485,-9418.149754
962.513135,76.570323,172.283227,-9475.577496
962.513762,133.998066,114.855485,-9418.149754
962.514390,76.570323,172.283227,-9437.292334
962.515017,133.998066,114.855485,-9418.149754
962.515644,95.712904,95.712904,-9399.007173
962.516272,133.998066,153.140646,-9437.292334
962.516899,38.285162,114.855485,-9418.149754
962.517526,133.998066,172.283227,-9418.149754
962.518154,76.570323,114.855485,-9418.149754
962.518781,95.712904,172.283227,-9418.149754
962.519408,76.570323,210.568389,-9418.149754
962.520036,95.712904,133.998066,-9360.722011
962.520663,95.712904,95.712904,-9399.007173
962.521290,38.285162,153.140646,-9418.149754
962.521918,95.712904,210.568389,-9456.434915
962.522545,153.140646,133.998066,-9399.007173
962.523173,76.570323,114.855485,-9418.149754
962.523800,76.570323,191.425808,-9418.149754
962.524427,76.570323,172.283227,-9360.722011
962.525055,76.570323,114.855485,-9418.149754
962.525682,153.140646,191.425808,-9399.007173
962.526309,133.998066,114.855485,-9437.292334
962.526937,76.570323,114.855485,-9494.720077
962.527564,114.855485,133.998066,-9360.722011
962.528191,95.712904,133.998066,-9360.722011
962.528819,133.998066,114.855485,-9418.149754
962.529446,76.570323,114.855485,-9437.292334
962.530073,76.570323,95.712904,-9399.007173
962.530701,76.570323,76.570323,-9379.864592
962.531328,57.427742,133.998066,-9360.722011
962.531955,114.855485,95.712904,-9456.434915
962.532583,133.998066,172.283227,-9418.149754
962.533210,76.570323,153.140646,-9360.722011
962.533838,76.570323,114.855485,-9418.149754
962.534465,38.285162,114.855485,-9360.722011
962.535092,95.712904,95.712904,-9379.864592
962.535720,133.998066,114.855485,-9418.149754
962.536347,95.712904,153.140646,-9360.722011
962.536974,153.140646,114.855485,-9418.149754
962.537602,76.570323,76.570323,-9379.864592
962.538229,133.998066,114.855485,-9418.149754
962.538856,95.712904,210.568389,-9360.722011
962.539484,133.998066,191.425808,-9399.007173
962.540111,114.855485,95.712904,-9399.007173
962.540738,95.712904,133.998066,-9418.149754
962.541366,38.285162,114.855485,-9437.292334
962.541993,76.570323,133.998066,-9379.864592
962.542620,38.285162,172.283227,-9437.292334
962.543248,133.998066,133.998066,-9456.434915
962.543875,133.998066,114.855485,-9418.149754
962.544503,133.998066,114.855485,-9437.292334
962.545130,57.427742,114.855485,-9437.292334
962.545757,133.998066,191.425808,-9418.149754
962.546385,95.712904,210.568389,-9418.149754
962.547012,133.998066,172.283227,-9418.149754
962.547639,76.570323,172.283227,-9418.149754
962.548267,114.855485,133.998066,-9360.722011
962.548894,76.570323,114.855485,-9456.434915
962.549521,133.998066,133.998066,-9399.007173
962.550149,133.998066,114.855485,-9418.149754
962.550776,38.285162,133.998066,-9360.722011
962.551403,114.855485,133.998066,-9360.722011
962.552031,76.570323,114.855485,-9437.292334
962.552658,114.855485,133.998066,-9341.579430
962.553286,153.140646,133.998066,-9456.434915
962.553913,133.998066,153.140646,-9418.149754
962.554541,133.998066,114.855485,-9437.292334
962.555168,133.998066,153.140646,-9418.149754
962.555795,114.855485,114.855485,-9456.434915
962.556423,95.712904,153.140646,-9456.434915
962.557050,38.285162,114.855485,-9437.292334
962.557678,133.998066,153.140646,-9418.149754
962.558305,76.570323,114.855485,-9418.149754
962.558932,133.998066,172.283227,-9437.292334
962.559560,133.998066,114.855485,-9475.577496
962.560187,38.285162,114.855485,-9418.149754
962.560815,76.570323,95.712904,-9379.864592
962.561442,76.570323,114.855485,-9418.149754
962.562069,76.570323,153.140646,-9418.149754
962.562697,76.570323,172.283227,-9437.292334
962.563324,76.570323,210.568389,-9475.577496
962.563952,95.712904,172.283227,-9418.149754
962.564579,153.140646,133.998066,-9456.434915
962.565206,95.712904,95.712904,-9437.292334
962.565834,38.285162,114.855485,-9418.149754
962.566461,76.570323,114.855485,-9418.149754
962.567089,76.570323,114.855485,-9437.292334
962.567716,38.285162,153.140646,-9418.149754
962.568343,76.570323,114.855485,-9456.434915
962.568971,95.712904,133.998066,-9360.722011
962.569598,133.998066,133.998066,-9379.864592
962.570226,133.998066,114.855485,-9437.292334
962.570853,76.570323,210.568389,-9437.292334
962.571480,76.570323,133.998066,-9360.722011
962.572108,76.570323,114.855485,-9418.149754
962.572735,133.998066,114.855485,-9418.149754
962.573363,114.855485,76.570323,-9418.149754
962.573990,76.570323,114.855485,-9418.149754
962.574617,76.570323,172.283227,-9418.149754
962.575245,133.998066,153.140646,-9418.149754
962.575872,153.140646,133.998066,-9399.007173
962.576500,114.855485,172.283227,-9360.722011
962.577127,76.570323,114.855485,-9437.292334
962.577754,57.427742,95.712904,-9456.434915
962.578382,95.712904,114.855485,-9456.434915
962.579009,76.570323,153.140646,-9418.149754
962.579637,133.998066,133.998066,-9437.292334
962.580264,57.427742,114.855485,-9399.007173
962.580891,133.998066,133.998066,-9456.434915
962.581519,114.855485,153.140646,-9360.722011
962.582146,38.285162,114.855485,-9418.149754
962.582774,210.568389,153.140646,-9399.007173
962.583401,76.570323,172.283227,-9418.149754
962.584028,133.998066,114.855485,-9418.149754
962.584656,153.140646,133.998066,-9399.007173
962.585283,133.998066,172.283227,-9437.292334
962.585911,76.570323,114.855485,-9418.149754
962.586538,95.712904,114.855485,-9418.149754
962.587165,76.570323,114.855485,-9418.149754
962.587793,76.570323,172.283227,-9418.149754
962.588420,76.570323,114.855485,-9418.149754
962.589048,133.998066,153.140646,-9418.149754
962.589675,76.570323,114.855485,-9437.292334
962.590302,133.998066,114.855485,-9418.149754
962.590930,133.998066,172.283227,-9399.007173
962.591557,76.570323,210.568389,-9418.149754
962.592185,76.570323,114.855485,-9418.149754
962.592812,76.570323,153.140646,-9418.149754
962.593439,76.570323,114.855485,-9418.149754
962.594067,38.285162,114.855485,-9418.149754
962.594694,76.570323,114.855485,-9418.149754
962.595322,95.712904,153.140646,-9360.722011
962.595949,76.570323,114.855485,-9418.149754
962.596576,76.570323,114.855485,-9418.149754
962.597204,95.712904,95.712904,-9399.007173
962.597831,38.285162,172.283227,-9418.149754
962.598459,133.998066,114.855485,-9418.149754
962.599086,95.712904,133.998066,-9360.722011
962.599713,76.570323,114.855485,-9418.149754
962.600341,95.712904,153.140646,-9418.149754
962.600968,38.285162,153.140646,-9418.149754
962.601596,76.570323,114.855485,-9418.149754
962.602223,133.998066,114.855485,-9437.292334
962.602850,76.570323,114.855485,-9418.149754
962.603478,133.998066,114.855485,-9418.149754
962.604105,95.712904,153.140646,-9360.722011
962.604733,38.285162,133.998066,-9360.722011
962.605360,76.570323,114.855485,-9437.292334
962.605987,38.285162,210.568389,-9437.292334
962.606615,95.712904,114.855485,-9418.149754
962.607242,133.998066,153.140646,-9418.149754
962.607870,133.998066,153.140646,-9437.292334
962.608497,133.998066,172.283227,-9418.149754
962.609124,95.712904,133.998066,-9360.722011
962.609752,133.998066,133.998066,-9399.007173
962.610379,95.712904,133.998066,-9360.722011
962.611007,76.570323,172.283227,-9418.149754
962.611634,133.998066,114.855485,-9418.149754
962.612261,114.855485,95.712904,-9399.007173
962.612889,133.998066,114.855485,-9475.577496
962.613516,114.855485,153.140646,-9360.722011
962.614144,95.712904,95.712904,-9399.007173
962.614771,114.855485,95.712904,-9399.007173
962.615398,133.998066,172.283227,-9399.007173
962.616026,76.570323,114.855485,-9437.292334
962.616653,38.285162,114.855485,-9418.149754
962.617281,133.998066,114.855485,-9418.149754
962.617908,95.712904,114.855485,-9437.292334
962.618535,133.998066,114.855485,-9418.149754
962.619163,38.285162,114.855485,-9418.149754
962.619790,133.998066,172.283227,-9418.149754
962.620418,153.140646,153.140646,-9399.007173
962.621045,133.998066,153.140646,-9399.007173
962.621672,133.998066,114.855485,-9437.292334
962.622300,153.140646,172.283227,-9399.007173
962.622927,76.570323,210.568389,-9437.292334
962.623555,133.998066,153.140646,-9437.292334
962.624182,95.712904,133.998066,-9379.864592
962.624809,153.140646,133.998066,-9399.007173
962.625437,153.140646,133.998066,-9399.007173
962.626064,95.712904,153.140646,-9418.149754
962.626692,76.570323,114.855485,-9437.292334
962.627319,95.712904,95.712904,-9399.007173
962.627946,38.285162,114.855485,-9475.577496
962.628574,38.285162,114.855485,-9418.149754
962.629201,76.570323,114.855485,-9418.149754
962.629829,76.570323,114.855485,-9437.292334
962.630456,95.712904,114.855485,-9418.149754
962.631083,133.998066,172.283227,-9418.149754
962.631711,19.142581,210.568389,-9418.149754
962.632338,114.855485,133.998066,-9360.722011
962.632966,133.998066,114.855485,-9418.149754
962.633593,133.998066,114.855485,-9418.149754
962.634220,153.140646,133.998066,-9399.007173
962.634848,76.570323,114.855485,-9418.149754
962.635475,76.570323,153.140646,-9437.292334
962.636103,38.285162,114.855485,-9418.149754
962.636730,76.570323,114.855485,-9437.292334
962.637357,38.285162,114.855485,-9418.149754
962.637985,172.283227,153.140646,-9379.864592
962.638612,76.570323,114.855485,-9418.149754
962.639240,57.427742,95.712904,-9399.007173
962.639867,133.998066,210.568389,-9418.149754
962.640494,76.570323,210.568389,-9418.149754
962.641122,38.285162,153.140646,-9418.149754
962.641749,76.570323,114.855485,-9418.149754
962.642377,133.998066,114.855485,-9418.149754
962.643004,133.998066,153.140646,-9456.434915
962.643631,57.427742,95.712904,-9379.864592
962.644259,76.570323,114.855485,-9437.292334
962.644886,38.285162,114.855485,-9437.292334
962.645514,76.570323,153.140646,-9418.149754
962.646141,76.570323,114.855485,-9418.149754
962.646768,76.570323,172.283227,-9418.149754
962.647396,133.998066,114.855485,-9418.149754
962.648023,76.570323,114.855485,-9437.292334
962.648651,38.285162,114.855485,-9418.149754
962.649278,95.712904,133.998066,-9360.722011
962.649905,76.570323,114.855485,-9418.149754
962.650533,95.712904,114.855485,-9399.007173
962.651160,76.570323,172.283227,-9418.149754
962.651788,76.570323,210.568389,-9418.149754
962.652415,76.570323,191.425808,-9418.149754
962.653042,114.855485,153.140646,-9360.722011
962.653670,38.285162,114.855485,-9418.149754
962.654297,76.570323,172.283227,-9418.149754
962.654925,76.570323,153.140646,-9418.149754
962.655552,76.570323,172.283227,-9418.149754
962.656179,38.285162,114.855485,-9418.149754
962.656807,133.998066,114.855485,-9418.149754
962.657434,133.998066,172.283227,-9437.292334
962.658062,133.998066,133.998066,-9399.007173
962.658689,76.570323,153.140646,-9418.149754
962.659317,76.570323,114.855485,-9418.149754
962.659944,95.712904,229.710970,-9418.149754
962.660571,95.712904,133.998066,-9360.722011
962.661199,76.570323,114.855485,-9360.722011
962.661826,114.855485,153.140646,-9418.149754
962.662454,76.570323,114.855485,-9418.149754
962.663081,114.855485,95.712904,-9399.007173
962.663708,114.855485,133.998066,-9360.722011
962.664336,76.570323,153.140646,-9418.149754
962.664963,153.140646,133.998066,-9437.292334
962.665591,57.427742,172.283227,-9437.292334
962.666218,38.285162,114.855485,-9418.149754
962.666845,38.285162,114.855485,-9418.149754
962.667473,38.285162,76.570323,-9379.864592
962.668100,153.140646,114.855485,-9418.149754
962.668728,114.855485,114.855485,-9379.864592
962.669355,133.998066,114.855485,-9418.149754
962.669982,76.570323,114.855485,-9418.149754
962.670610,95.712904,133.998066,-9360.722011
962.671237,57.427742,133.998066,-9341.579430
962.671865,76.570323,210.568389,-9418.149754
962.672492,133.998066,172.283227,-9418.149754
962.673119,76.570323,153.140646,-9418.149754
962.673747,76.570323,172.283227,-9437.292334
962.674374,133.998066,114.855485,-9418.149754
962.675002,114.855485,153.140646,-9360.722011
962.675629,76.570323,114.855485,-9437.292334
962.676256,76.570323,114.855485,-9437.292334
962.676884,76.570323,114.855485,-9418.149754
962.677511,38.285162,153.140646,-9399.007173
962.678139,133.998066,114.855485,-9437.292334
962.678766,133.998066,172.283227,-9418.149754
962.679393,153.140646,133.998066,-9399.007173
962.680021,38.285162,114.855485,-9360.722011
962.680648,133.998066,114.855485,-9437.292334
962.681276,114.855485,153.140646,-9360.722011
962.681903,133.998066,114.855485,-9418.149754
962.682530,114.855485,133.998066,-9360.722011
962.683158,133.998066,172.283227,-9418.149754
962.683785,133.998066,114.855485,-9418.149754
962.684413,95.712904,95.712904,-9379.864592
962.685040,76.570323,114.855485,-9418.149754
962.685667,95.712904,133.998066,-9360.722011
962.686295,76.570323,95.712904,-9399.007173
962.686922,133.998066,114.855485,-9418.149754
962.687550,114.855485,153.140646,-9360.722011
962.688177,133.998066,114.855485,-9418.149754
962.688804,114.855485,133.998066,-9360.722011
962.689432,95.712904,95.712904,-9379.864592
962.690059,57.427742,133.998066,-9360.722011
962.690687,19.142581,114.855485,-9418.149754
962.691314,38.285162,172.283227,-9418.149754
962.691941,95.712904,153.140646,-9360.722011
962.692569,172.283227,114.855485,-9379.864592
962.693196,133.998066,114.855485,-9418.149754
962.693824,133.998066,76.570323,-9379.864592
962.694451,95.712904,95.712904,-9456.434915
962.695078,38.285162,114.855485,-9418.149754
962.695706,38.285162,172.283227,-9360.722011
962.696333,76.570323,172.283227,-9418.149754
962.696961,95.712904,172.283227,-9360.722011
962.697588,133.998066,114.855485,-9418.149754
962.698215,76.570323,114.855485,-9456.434915
962.698843,38.285162,114.855485,-9418.149754
962.699470,38.285162,172.283227,-9418.149754
962.700098,133.998066,153.140646,-9418.149754
962.700725,76.570323,210.568389,-9418.149754
962.701353,38.285162,172.283227,-9418.149754
962.701980,95.712904,114.855485,-9418.149754
962.702607,133.998066,133.998066,-9399.007173
962.703235,133.998066,172.283227,-9418.149754
962.703862,76.570323,114.855485,-9437.292334
962.704490,76.570323,114.855485,-9456.434915
962.705117,38.285162,114.855485,-9418.149754
962.705744,38.285162,114.855485,-9418.149754
962.706372,133.998066,172.283227,-9418.149754
962.706999,172.283227,114.855485,-9379.864592
962.707627,76.570323,114.855485,-9418.149754
962.708254,95.712904,114.855485,-9418.149754
962.708881,38.285162,114.855485,-9418.149754
962.709509,57.427742,172.283227,-9360.722011
962.710136,38.285162,114.855485,-9418.149754
962.710764,95.712904,133.998066,-9360.722011
962.711391,95.712904,114.855485,-9418.149754
962.712018,95.712904,114.855485,-9418.149754
962.712646,76.570323,76.570323,-9379.864592
962.713273,133.998066,114.855485,-9418.149754
962.713901,95.712904,172.283227,-9418.149754
962.714528,133.998066,172.283227,-9418.149754
962.715155,133.998066,172.283227,-9399.007173
962.715783,38.285162,114.855485,-9437.292334
962.716410,38.285162,114.855485,-9418.149754
962.717038,76.570323,114.855485,-9360.722011
962.717665,95.712904,133.998066,-9360.722011
962.718292,133.998066,114.855485,-9418.149754
962.718920,133.998066,114.855485,-9418.149754
962.719547,153.140646,133.998066,-9399.007173
962.720175,133.998066,114.855485,-9437.292334
962.720802,133.998066,114.855485,-9437.292334
962.721429,76.570323,114.855485,-9418.149754
962.722057,95.712904,133.998066,-9360.722011
962.722684,76.570323,114.855485,-9418.149754
962.723312,76.570323,114.855485,-9360.722011
962.723939,95.712904,133.998066,-9360.722011
962.724566,95.712904,172.283227,-9360.722011
962.725194,76.570323,114.855485,-9418.149754
962.725821,153.140646,133.998066,-9399.007173
962.726449,114.855485,133.998066,-9360.722011
962.727076,76.570323,153.140646,-9418.149754
962.727703,95.712904,210.568389,-9418.149754
962.728331,95.712904,191.425808,-9360.722011
962.728958,153.140646,133.998066,-9456.434915
962.729586,133.998066,114.855485,-9418.149754
962.730213,57.427742,133.998066,-9418.149754
962.730840,114.855485,95.712904,-9437.292334
962.731468,76.570323,172.283227,-9456.434915
962.732095,95.712904,153.140646,-9418.149754
962.732723,95.712904,133.998066,-9360.722011
962.733350,76.570323,114.855485,-9418.149754
962.733977,76.570323,114.855485,-9418.149754
962.734605,76.570323,114.855485,-9418.149754
962.735232,76.570323,114.855485,-9418.149754
962.735860,95.712904,114.855485,-9418.149754
962.736487,76.570323,114.855485,-9418.149754
962.737114,76.570323,191.425808,-9418.149754
962.737742,76.570323,172.283227,-9437.292334
962.738369,76.570323,114.855485,-9418.149754
962.738997,76.570323,114.855485,-9418.149754
962.739624,76.570323,172.283227,-9418.149754
962.740251,76.570323,153.140646,-9418.149754
962.740879,95.712904,133.998066,-9360.722011
962.741506,57.427742,153.140646,-9360.722011
962.742134,95.712904,114.855485,-9418.149754
962.742761,38.285162,114.855485,-9475.577496
962.743389,76.570323,114.855485,-9437.292334
962.744016,114.855485,95.712904,-9399.007173
962.744643,153.140646,133.998066,-9399.007173
962.745271,114.855485,133.998066,-9341.579430
962.745898,95.712904,114.855485,-9418.149754
962.746526,114.855485,133.998066,-9360.722011
962.747153,133.998066,114.855485,-9418.149754
962.747780,57.427742,95.712904,-9456.434915
962.748408,133.998066,114.855485,-9456.434915
962.749035,153.140646,133.998066,-9437.292334
962.749663,153.140646,133.998066,-9399.007173
962.750290,76.570323,114.855485,-9418.149754
962.750917,76.570323,114.855485,-9418.149754
962.751545,153.140646,133.998066,-9494.720077
962.752172,76.570323,172.283227,-9437.292334
962.752800,38.285162,153.140646,-9456.434915
962.753427,76.570323,210.568389,-9418.149754
962.754055,76.570323,114.855485,-9418.149754
962.754682,210.568389,133.998066,-9399.007173
962.755310,114.855485,133.998066,-9360.722011
962.755937,57.427742,133.998066,-9360.722011
962.756565,95.712904,133.998066,-9341.579430
962.757192,57.427742,95.712904,-9456.434915
962.757820,133.998066,114.855485,-9418.149754
962.758447,76.570323,153.140646,-9418.149754
962.759075,95.712904,133.998066,-9360.722011
962.759702,76.570323,210.568389,-9456.434915
962.760330,38.285162,153.140646,-9418.149754
962.760957,133.998066,76.570323,-9379.864592
962.761585,133.998066,191.425808,-9418.149754
962.762212,133.998066,153.140646,-9418.149754
962.762840,133.998066,153.140646,-9418.149754
962.763467,95.712904,114.855485,-9418.149754
962.764095,114.855485,133.998066,-9418.149754
962.764722,133.998066,153.140646,-9437.292334
962.765349,76.570323,210.568389,-9456.434915
962.765977,76.570323,114.855485,-9418.149754
962.766604,114.855485,95.712904,-9399.007173
962.767232,95.712904,114.855485,-9399.007173
962.767859,133.998066,153.140646,-9418.149754
962.768487,133.998066,153.140646,-9418.149754
962.769114,133.998066,153.140646,-9437.292334
962.769742,133.998066,153.140646,-9456.434915
962.770369,153.140646,114.855485,-9418.149754
962.770997,95.712904,133.998066,-9360.722011
962.771624,114.855485,133.998066,-9360.722011
962.772252,38.285162,172.283227,-9418.149754
962.772879,38.285162,114.855485,-9475.577496
962.773507,95.712904,172.283227,-9360.722011
962.774134,95.712904,114.855485,-9418.149754
962.774762,38.285162,153.140646,-9456.434915
962.775389,76.570323,172.283227,-9418.149754
962.776017,38.285162,76.570323,-9379.864592
962.776644,76.570323,114.855485,-9418.149754
962.777272,114.855485,133.998066,-9360.722011
962.777899,172.283227,114.855485,-9399.007173
962.778527,114.855485,114.855485,-9456.434915
962.779154,133.998066,172.283227,-9437.292334
962.779782,76.570323,210.568389,-9418.149754
962.780409,76.570323,153.140646,-9418.149754
962.781037,133.998066,114.855485,-9456.434915
962.781664,114.855485,95.712904,-9399.007173
962.782292,133.998066,153.140646,-9437.292334
962.782919,114.855485,95.712904,-9399.007173
962.783547,114.855485,191.425808,-9360.722011
962.784174,172.283227,210.568389,-9379.864592
962.784802,76.570323,153.140646,-9418.149754
962.785429,133.998066,95.712904,-9360.722011
962.786056,76.570323,153.140646,-9418.149754
962.786684,76.570323,114.855485,-9418.149754
962.787311,76.570323,114.855485,-9456.434915
962.787939,38.285162,114.855485,-9418.149754
962.788566,76.570323,153.140646,-9418.149754
962.789194,114.855485,114.855485,-9437.292334
962.789821,153.140646,153.140646,-9399.007173
962.790449,76.570323,153.140646,-9418.149754
962.791076,133.998066,153.140646,-9418.149754
962.791704,95.712904,172.283227,-9360.722011
962.792331,133.998066,153.140646,-9418.149754
962.792959,172.283227,114.855485,-9379.864592
962.793586,114.855485,133.998066,-9360.722011
962.794214,38.285162,153.140646,-9418.149754
962.794841,76.570323,172.283227,-9437.292334
962.795469,38.285162,210.568389,-9418.149754
962.796096,57.427742,133.998066,-9360.722011
962.796724,95.712904,133.998066,-9418.149754
962.797351,76.570323,210.568389,-9418.149754
962.797979,76.570323,114.855485,-9418.149754
962.798606,76.570323,153.140646,-9418.149754
962.799234,95.712904,172.283227,-9360.722011
962.799861,38.285162,76.570323,-9379.864592
962.800489,133.998066,114.855485,-9418.149754
962.801116,38.285162,114.855485,-9418.149754
962.801744,38.285162,210.568389,-9418.149754
962.802371,95.712904,153.140646,-9437.292334
962.802999,95.712904,114.855485,-9456.434915
962.803626,76.570323,172.283227,-9418.149754
962.804254,133.998066,114.855485,-9418.149754
962.804881,153.140646,133.998066,-9399.007173
962.805509,38.285162,114.855485,-9418.149754
962.806136,133.998066,172.283227,-9399.007173
962.806763,38.285162,114.855485,-9437.292334
962.807391,76.570323,153.140646,-9456.434915
962.808018,57.427742,133.998066,-9360.722011
962.808646,133.998066,114.855485,-9418.149754
962.809273,95.712904,95.712904,-9399.007173
962.809901,153.140646,153.140646,-9399.007173
962.810528,133.998066,114.855485,-9437.292334
962.811156,76.570323,153.140646,-9437.292334
962.811783,76.570323,172.283227,-9475.577496
962.812411,76.570323,114.855485,-9456.434915
962.813038,76.570323,114.855485,-9418.149754
962.813666,38.285162,114.855485,-9418.149754
962.814293,95.712904,153.140646,-9360.722011
962.814921,95.712904,172.283227,-9360.722011
962.815548,19.142581,114.855485,-9418.149754
962.816176,38.285162,114.855485,-9418.149754
962.816803,76.570323,114.855485,-9418.149754
962.817431,76.570323,114.855485,-9456.434915
962.818058,95.712904,95.712904,-9399.007173
962.818686,133.998066,172.283227,-9437.292334
962.819313,133.998066,114.855485,-9418.149754
962.819941,133.998066,172.283227,-9456.434915
962.820568,38.285162,114.855485,-9418.149754
962.821196,153.140646,133.998066,-9379.864592
962.821823,133.998066,114.855485,-9418.149754
962.822451,95.712904,114.855485,-9418.149754
962.823078,172.283227,76.570323,-9418.149754
962.823706,95.712904,172.283227,-9418.149754
962.824333,133.998066,172.283227,-9418.149754
962.824961,76.570323,191.425808,-9418.149754
962.825588,38.285162,114.855485,-9418.149754
962.826216,76.570323,114.855485,-9418.149754
962.826843,153.140646,133.998066,-9399.007173
962.827470,95.712904,153.140646,-9360.722011
962.828098,114.855485,95.712904,-9399.007173
962.828725,76.570323,114.855485,-9418.149754
962.829353,38.285162,172.283227,-9437.292334
962.829980,76.570323,210.568389,-9456.434915
962.830608,133.998066,114.855485,-9418.149754
962.831235,153.140646,153.140646,-9399.007173
962.831863,210.568389,133.998066,-9399.007173
962.832490,153.140646,153.140646,-9399.007173
962.833118,95.712904,153.140646,-9360.722011
962.833745,95.712904,114.855485,-9437.292334
962.834373,76.570323,153.140646,-9418.149754
962.835000,76.570323,114.855485,-9418.149754
962.835628,95.712904,114.855485,-9437.292334
962.836255,133.998066,114.855485,-9418.149754
962.836883,95.712904,153.140646,-9437.292334
962.837510,57.427742,95.712904,-9456.434915
962.838138,76.570323,114.855485,-9418.149754
962.838765,133.998066,191.425808,-9418.149754
962.839393,133.998066,114.855485,-9418.149754
962.840020,133.998066,172.283227,-9456.434915
962.840648,38.285162,153.140646,-9475.577496
962.841275,38.285162,114.855485,-9418.149754
962.841903,95.712904,114.855485,-9418.149754
962.842530,114.855485,153.140646,-9360.722011
962.843158,95.712904,133.998066,-9360.722011
962.843785,76.570323,153.140646,-9418.149754
962.844413,76.570323,114.855485,-9475.577496
962.845040,133.998066,114.855485,-9418.149754
962.845668,114.855485,191.425808,-9360.722011
962.846295,133.998066,191.425808,-9399.007173
962.846922,76.570323,172.283227,-9418.149754
962.847550,38.285162,153.140646,-9418.149754
962.848177,57.427742,95.712904,-9399.007173
962.848805,95.712904,133.998066,-9360.722011
962.849432,153.140646,153.140646,-9379.864592
962.850060,76.570323,114.855485,-9418.149754
962.850687,76.570323,133.998066,-9360.722011
962.851315,114.855485,172.283227,-9360.722011
962.851942,133.998066,114.855485,-9418.149754
962.852570,76.570323,114.855485,-9418.149754
962.853198,172.283227,114.855485,-9379.864592
962.853825,133.998066,114.855485,-9418.149754
962.854453,133.998066,210.568389,-9418.149754
962.855080,114.855485,191.425808,-9379.864592
962.855708,95.712904,133.998066,-9360.722011
962.856335,76.570323,114.855485,-9418.149754
962.856963,38.285162,76.570323,-9379.864592
962.857590,76.570323,172.283227,-9418.149754
962.858218,76.570323,114.855485,-9418.149754
962.858846,57.427742,95.712904,-9437.292334
962.859473,76.570323,114.855485,-9418.149754
962.860101,76.570323,172.283227,-9418.149754
962.860728,95.712904,153.140646,-9418.149754
962.861356,76.570323,210.568389,-9418.149754
962.861983,38.285162,172.283227,-9360.722011
962.862611,38.285162,210.568389,-9418.149754
962.863238,95.712904,95.712904,-9399.007173
962.863866,76.570323,114.855485,-9418.149754
962.864494,76.570323,153.140646,-9456.434915
962.865121,76.570323,114.855485,-9418.149754
962.865749,153.140646,153.140646,-9399.007173
962.866376,172.283227,153.140646,-9379.864592
962.867004,76.570323,172.283227,-9418.149754
962.867631,76.570323,114.855485,-9418.149754
962.868259,114.855485,133.998066,-9360.722011
962.868886,76.570323,172.283227,-9418.149754
962.869514,38.285162,114.855485,-9437.292334
962.870142,0.000000,114.855485,-9399.007173
962.870769,76.570323,114.855485,-9437.292334
962.871397,95.712904,95.712904,-9399.007173
962.872024,114.855485,95.712904,-9379.864592
962.872652,153.140646,172.283227,-9437.292334
962.873279,172.283227,76.570323,-9418.149754
962.873907,133.998066,153.140646,-9418.149754
962.874534,38.285162,153.140646,-9418.149754
962.875162,38.285162,114.855485,-9437.292334
962.875789,133.998066,114.855485,-9418.149754
962.876417,76.570323,114.855485,-9418.149754
962.877045,95.712904,172.283227,-9418.149754
962.877672,133.998066,114.855485,-9437.292334
962.878300,95.712904,133.998066,-9360.722011
962.878927,38.285162,114.855485,-9418.149754
962.879555,38.285162,191.425808,-9456.434915
962.880182,153.140646,172.283227,-9399.007173
962.880810,133.998066,172.283227,-9418.149754
962.881437,133.998066,153.140646,-9418.149754
962.882065,133.998066,114.855485,-9418.149754
962.882693,133.998066,114.855485,-9418.149754
962.883320,114.855485,95.712904,-9456.434915
962.883948,95.712904,133.998066,-9360.722011
962.884575,76.570323,210.568389,-9418.149754
962.885203,38.285162,114.855485,-9418.149754
962.885830,76.570323,114.855485,-9418.149754
962.886458,76.570323,114.855485,-9418.149754
962.887085,95.712904,95.712904,-9399.007173
962.887713,76.570323,114.855485,-9456.434915
962.888341,76.570323,172.283227,-9418.149754
962.888968,76.570323,114.855485,-9418.149754
962.889596,95.712904,191.425808,-9360.722011
962.890223,172.283227,76.570323,-9456.434915
962.890851,133.998066,114.855485,-9437.292334
962.891478,114.855485,133.998066,-9360.722011
962.892106,133.998066,210.568389,-9418.149754
962.892733,76.570323,114.855485,-9418.149754
962.893361,76.570323,114.855485,-9418.149754
962.893989,114.855485,95.712904,-9456.434915
962.894616,95.712904,95.712904,-9399.007173
962.895244,95.712904,95.712904,-9399.007173
962.895871,95.712904,114.855485,-9437.292334
962.896499,76.570323,172.283227,-9456.434915
962.897126,76.570323,172.283227,-9418.149754
962.897754,38.285162,114.855485,-9437.292334
962.898381,57.427742,114.855485,-9418.149754
962.899009,133.998066,114.855485,-9437.292334
962.899637,38.285162,114.855485,-9456.434915
962.900264,38.285162,95.712904,-9456.434915
962.900892,133.998066,114.855485,-9418.149754
962.901519,133.998066,114.855485,-9418.149754
962.902147,76.570323,114.855485,-9418.149754
962.902774,133.998066,114.855485,-9418.149754
962.903402,76.570323,153.140646,-9418.149754
962.904029,76.570323,114.855485,-9475.577496
962.904657,114.855485,172.283227,-9360.722011
962.905285,38.285162,114.855485,-9418.149754
962.905912,95.712904,114.855485,-9418.149754
962.906540,133.998066,172.283227,-9418.149754
962.907167,133.998066,210.568389,-9475.577496
962.907795,76.570323,229.710970,-9418.149754
962.908422,38.285162,172.283227,-9418.149754
962.909050,38.285162,114.855485,-9437.292334
962.909677,76.570323,114.855485,-9437.292334
962.910305,76.570323,172.283227,-9418.149754
962.910933,114.855485,191.425808,-9360.722011
962.911560,133.998066,114.855485,-9418.149754
962.912188,153.140646,191.425808,-9399.007173
962.912815,153.140646,133.998066,-9399.007173
962.913443,95.712904,95.712904,-9399.007173
962.914070,133.998066,114.855485,-9437.292334
962.914698,38.285162,114.855485,-9418.149754
962.915325,57.427742,95.712904,-9399.007173
962.915953,153.140646,133.998066,-9399.007173
962.916580,76.570323,172.283227,-9418.149754
962.917208,133.998066,114.855485,-9418.149754
962.917836,76.570323,114.855485,-9418.149754
962.918463,114.855485,95.712904,-9399.007173
962.919091,76.570323,114.855485,-9456.434915
962.919718,76.570323,172.283227,-9418.149754
962.920346,133.998066,210.568389,-9418.149754
962.920973,95.712904,191.425808,-9341.579430
962.921601,76.570323,153.140646,-9418.149754
962.922228,38.285162,172.283227,-9418.149754
962.922856,76.570323,172.283227,-9418.149754
962.923484,172.283227,114.855485,-9399.007173
962.924111,133.998066,153.140646,-9437.292334
962.924739,76.570323,172.283227,-9437.292334
962.925366,133.998066,133.998066,-9399.007173
962.925994,76.570323,114.855485,-9418.149754
962.926621,38.285162,114.855485,-9418.149754
962.927249,76.570323,114.855485,-9418.149754
962.927876,76.570323,114.855485,-9418.149754
962.928504,133.998066,172.283227,-9418.149754
962.929132,38.285162,153.140646,-9418.149754
962.929759,76.570323,114.855485,-9418.149754
962.930387,76.570323,114.855485,-9418.149754
962.931014,76.570323,114.855485,-9418.149754
962.931642,95.712904,153.140646,-9360.722011
962.932269,95.712904,133.998066,-9360.722011
962.932897,114.855485,133.998066,-9360.722011
962.933524,19.142581,133.998066,-9399.007173
962.934152,114.855485,153.140646,-9360.722011
962.934780,133.998066,114.855485,-9418.149754
962.935407,38.285162,114.855485,-9418.149754
962.936035,76.570323,114.855485,-9418.149754
962.936662,38.285162,114.855485,-9418.149754
962.937290,95.712904,153.140646,-9418.149754
962.937917,76.570323,172.283227,-9437.292334
962.938545,76.570323,114.855485,-9418.149754
962.939172,38.285162,210.568389,-9437.292334
962.939800,114.855485,76.570323,-9456.434915
962.940428,133.998066,191.425808,-9418.149754
962.941055,153.140646,248.853550,-9399.007173
962.941683,76.570323,229.710970,-9418.149754
962.942310,133.998066,172.283227,-9418.149754
962.942938,38.285162,114.855485,-9418.149754
962.943565,133.998066,114.855485,-9437.292334
962.944193,114.855485,114.855485,-9379.864592
962.944820,95.712904,133.998066,-9322.436850
962.945448,38.285162,210.568389,-9418.149754
962.946076,76.570323,153.140646,-9437.292334
962.946703,133.998066,114.855485,-9437.292334
962.947331,172.283227,114.855485,-9379.864592
962.947958,133.998066,114.855485,-9418.149754
962.948586,133.998066,133.998066,-9399.007173
962.949213,76.570323,172.283227,-9418.149754
962.949841,38.285162,114.855485,-9437.292334
962.950468,38.285162,210.568389,-9418.149754
962.951096,38.285162,153.140646,-9418.149754
962.951724,38.285162,114.855485,-9418.149754
962.952351,133.998066,95.712904,-9418.149754
962.952978,76.570323,172.283227,-9418.149754
962.953606,133.998066,114.855485,-9418.149754
962.954233,133.998066,172.283227,-9418.149754
962.954861,76.570323,153.140646,-9456.434915
962.955488,153.140646,133.998066,-9399.007173
962.956115,133.998066,229.710970,-9418.149754
962.956743,76.570323,114.855485,-9418.149754
962.957370,133.998066,114.855485,-9456.434915
962.957998,76.570323,114.855485,-9418.149754
962.958625,76.570323,114.855485,-9418.149754
962.959252,133.998066,114.855485,-9418.149754
962.959880,133.998066,114.855485,-9418.149754
962.960507,76.570323,114.855485,-9418.149754
962.961135,172.283227,76.570323,-9437.292334
962.961762,76.570323,114.855485,-9437.292334
962.962389,95.712904,172.283227,-9360.722011
962.963017,133.998066,172.283227,-9456.434915
962.963644,133.998066,114.855485,-9418.149754
962.964272,95.712904,114.855485,-9418.149754
962.964899,76.570323,153.140646,-9418.149754
962.965526,57.427742,153.140646,-9437.292334
962.966154,95.712904,114.855485,-9418.149754
962.966781,133.998066,114.855485,-9418.149754
962.967409,133.998066,172.283227,-9418.149754
962.968036,76.570323,114.855485,-9418.149754
962.968663,76.570323,172.283227,-9418.149754
962.969291,95.712904,172.283227,-9418.149754
962.969918,38.285162,172.283227,-9418.149754
962.970546,76.570323,114.855485,-9456.434915
962.971173,133.998066,114.855485,-9418.149754
962.971800,133.998066,114.855485,-9418.149754
962.972428,76.570323,114.855485,-9418.149754
962.973055,133.998066,133.998066,-9399.007173
962.973683,133.998066,210.568389,-9418.149754
962.974310,153.140646,172.283227,-9399.007173
962.974937,172.283227,153.140646,-9284.151688
962.975565,0.000000,172.283227,-9360.722011
962.976192,38.285162,210.568389,-9418.149754
962.976820,19.142581,114.855485,-9418.149754
962.977447,133.998066,114.855485,-9418.149754
962.978074,76.570323,114.855485,-9418.149754
962.978702,95.712904,95.712904,-9456.434915
962.979329,76.570323,172.283227,-9418.149754
962.979957,76.570323,153.140646,-9418.149754
962.980584,114.855485,95.712904,-9475.577496
962.981211,133.998066,114.855485,-9418.149754
962.981839,76.570323,114.855485,-9418.149754
962.982466,38.285162,172.283227,-9418.149754
962.983094,38.285162,114.855485,-9418.149754
962.983721,95.712904,133.998066,-9360.722011
962.984348,114.855485,114.855485,-9456.434915
962.984976,153.140646,133.998066,-9399.007173
962.985603,95.712904,95.712904,-9399.007173
962.986231,76.570323,114.855485,-9418.149754
962.986858,57.427742,153.140646,-9360.722011
962.987485,133.998066,76.570323,-9379.864592
962.988113,76.570323,153.140646,-9418.149754
962.988740,76.570323,153.140646,-9418.149754
962.989368,38.285162,172.283227,-9456.434915
962.989995,38.285162,172.283227,-9418.149754
962.990622,38.285162,153.140646,-9418.149754
962.991250,95.712904,133.998066,-9360.722011
962.991877,114.855485,95.712904,-9456.434915
962.992505,76.570323,114.855485,-9456.434915
962.993132,133.998066,153.140646,-9418.149754
962.993759,95.712904,114.855485,-9437.292334
962.994387,76.570323,114.855485,-9418.149754
962.995014,38.285162,172.283227,-9456.434915
962.995642,57.427742,210.568389,-9437.292334
962.996269,76.570323,153.140646,-9360.722011
962.996896,153.140646,133.998066,-9399.007173
962.997524,76.570323,114.855485,-9418.149754
962.998151,133.998066,114.855485,-9418.149754
962.998779,95.712904,210.568389,-9418.149754
962.999406,133.998066,172.283227,-9437.292334
963.000033,76.570323,114.855485,-9437.292334
963.000661,76.570323,114.855485,-9418.149754
963.001288,133.998066,153.140646,-9418.149754
963.001916,95.712904,133.998066,-9360.722011
963.002543,76.570323,114.855485,-9418.149754
963.003170,38.285162,114.855485,-9456.434915
963.003798,133.998066,133.998066,-9456.434915
963.004425,172.283227,114.855485,-9379.864592
963.005053,76.570323,153.140646,-9418.149754
963.005680,114.855485,133.998066,-9360.722011
963.006307,153.140646,153.140646,-9399.007173
963.006935,133.998066,210.568389,-9437.292334
963.007562,38.285162,114.855485,-9418.149754
963.008190,114.855485,95.712904,-9399.007173
963.008817,114.855485,114.855485,-9399.007173
963.009444,95.712904,95.712904,-9399.007173
963.010072,172.283227,76.570323,-9418.149754
963.010699,76.570323,114.855485,-9437.292334
963.011327,133.998066,114.855485,-9437.292334
963.011954,153.140646,133.998066,-9399.007173
963.012582,133.998066,153.140646,-9418.149754
963.013209,114.855485,191.425808,-9418.149754
963.013836,38.285162,172.283227,-9418.149754
963.014464,76.570323,172.283227,-9360.722011
963.015091,76.570323,114.855485,-9418.149754
963.015719,76.570323,114.855485,-9418.149754
963.016346,133.998066,133.998066,-9399.007173
963.016973,38.285162,229.710970,-9418.149754
963.017601,133.998066,210.568389,-9456.434915
963.018228,153.140646,172.283227,-9399.007173
963.018856,133.998066,114.855485,-9418.149754
963.019483,114.855485,133.998066,-9360.722011
963.020110,76.570323,153.140646,-9418.149754
963.020738,76.570323,114.855485,-9437.292334
963.021365,133.998066,172.283227,-9360.722011
963.021993,153.140646,172.283227,-9399.007173
963.022620,153.140646,153.140646,-9399.007173
963.023247,133.998066,114.855485,-9360.722011
963.023875,76.570323,153.140646,-9418.149754
963.024502,76.570323,114.855485,-9418.149754
963.025130,133.998066,114.855485,-9418.149754
963.025757,95.712904,133.998066,-9360.722011
963.026384,38.285162,153.140646,-9437.292334
963.027012,76.570323,114.855485,-9437.292334
963.027639,114.855485,95.712904,-9399.007173
963.028267,133.998066,114.855485,-9418.149754
963.028894,76.570323,114.855485,-9456.434915
963.029521,114.855485,114.855485,-9379.864592
963.030149,114.855485,76.570323,-9418.149754
963.030776,114.855485,114.855485,-9379.864592
963.031404,133.998066,76.570323,-9379.864592
963.032031,95.712904,153.140646,-9437.292334
963.032658,133.998066,114.855485,-9456.434915
963.033286,95.712904,133.998066,-9360.722011
963.033913,153.140646,133.998066,-9399.007173
963.034541,133.998066,153.140646,-9418.149754
963.035168,133.998066,95.712904,-9360.722011
963.035795,57.427742,210.568389,-9360.722011
963.036423,133.998066,229.710970,-9418.149754
963.037050,38.285162,172.283227,-9418.149754
963.037678,95.712904,133.998066,-9360.722011
963.038305,38.285162,114.855485,-9418.149754
963.038932,76.570323,172.283227,-9456.434915
963.039560,38.285162,210.568389,-9418.149754
963.040187,95.712904,210.568389,-9399.007173
963.040815,76.570323,153.140646,-9399.007173
963.041442,57.427742,95.712904,-9399.007173
963.042069,133.998066,114.855485,-9418.149754
963.042697,95.712904,133.998066,-9360.722011
963.043324,95.712904,133.998066,-9418.149754
963.043952,38.285162,114.855485,-9418.149754
963.044579,95.712904,114.855485,-9418.149754
963.045206,76.570323,114.855485,-9418.149754
963.045834,76.570323,114.855485,-9418.149754
963.046461,76.570323,114.855485,-9456.434915
963.047089,38.285162,153.140646,-9418.149754
963.047716,114.855485,95.712904,-9399.007173
963.048343,114.855485,133.998066,-9360.722011
963.048971,133.998066,172.283227,-9418.149754
963.049598,172.283227,153.140646,-9379.864592
963.050226,133.998066,114.855485,-9437.292334
963.050853,133.998066,210.568389,-9456.434915
963.051480,76.570323,210.568389,-9418.149754
963.052108,57.427742,172.283227,-9418.149754
963.052735,95.712904,95.712904,-9399.007173
963.053363,133.998066,114.855485,-9418.149754
963.053990,114.855485,114.855485,-9418.149754
963.054618,133.998066,114.855485,-9418.149754
963.055245,133.998066,153.140646,-9360.722011
963.055872,133.998066,114.855485,-9475.577496
963.056500,114.855485,172.283227,-9360.722011
963.057127,114.855485,95.712904,-9399.007173
963.057755,95.712904,153.140646,-9360.722011
963.058382,76.570323,153.140646,-9418.149754
963.059010,114.855485,95.712904,-9399.007173
963.059637,133.998066,114.855485,-9418.149754
963.060264,76.570323,114.855485,-9418.149754
963.060892,38.285162,114.855485,-9418.149754
963.061519,133.998066,191.425808,-9418.149754
963.062147,76.570323,114.855485,-9418.149754
963.062774,57.427742,172.283227,-9360.722011
963.063402,38.285162,114.855485,-9418.149754
963.064029,95.712904,133.998066,-9360.722011
963.064657,38.285162,114.855485,-9456.434915
963.065284,95.712904,95.712904,-9475.577496
963.065911,95.712904,95.712904,-9437.292334
963.066539,133.998066,114.855485,-9418.149754
963.067166,133.998066,133.998066,-9399.007173
963.067794,76.570323,114.855485,-9418.149754
963.068421,76.570323,114.855485,-9418.149754
963.069049,114.855485,95.712904,-9399.007173
963.069676,95.712904,114.855485,-9418.149754
963.070303,153.140646,133.998066,-9399.007173
963.070931,133.998066,153.140646,-9418.149754
963.071558,133.998066,114.855485,-9418.149754
963.072186,38.285162,114.855485,-9418.149754
963.072813,57.427742,95.712904,-9379.864592
963.073441,95.712904,114.855485,-9418.149754
963.074068,76.570323,76.570323,-9399.007173
963.074696,114.855485,133.998066,-9360.722011
963.075323,133.998066,114.855485,-9360.722011
963.075950,76.570323,114.855485,-9418.149754
963.076578,133.998066,153.140646,-9437.292334
963.077205,38.285162,153.140646,-9418.149754
963.077833,95.712904,153.140646,-9360.722011
963.078460,76.570323,172.283227,-9437.292334
963.079088,76.570323,172.283227,-9418.149754
963.079715,38.285162,114.855485,-9456.434915
963.080342,76.570323,172.283227,-9418.149754
963.080970,153.140646,133.998066,-9456.434915
963.081597,95.712904,95.712904,-9456.434915
963.082225,133.998066,114.855485,-9418.149754
963.082852,133.998066,133.998066,-9399.007173
963.083480,114.855485,153.140646,-9360.722011
963.084107,133.998066,114.855485,-9475.577496
963.084734,38.285162,114.855485,-9418.149754
963.085362,133.998066,153.140646,-9418.149754
963.085989,172.283227,172.283227,-9379.864592
963.086617,153.140646,153.140646,-9399.007173
963.087244,76.570323,114.855485,-9418.149754
963.087872,76.570323,114.855485,-9418.149754
963.088499,95.712904,172.283227,-9360.722011
963.089127,76.570323,210.568389,-9418.149754
963.089754,76.570323,153.140646,-9418.149754
963.090381,76.570323,153.140646,-9418.149754
963.091009,133.998066,114.855485,-9418.149754
963.091636,133.998066,114.855485,-9437.292334
963.092264,133.998066,114.855485,-9418.149754
963.092891,76.570323,114.855485,-9456.434915
963.093519,114.855485,114.855485,-9399.007173
963.094146,38.285162,114.855485,-9456.434915
963.094773,76.570323,114.855485,-9418.149754
963.095401,133.998066,191.425808,-9360.722011
963.096028,133.998066,95.712904,-9418.149754
963.096656,76.570323,95.712904,-9399.007173
963.097283,172.283227,76.570323,-9399.007173
963.097911,133.998066,191.425808,-9418.149754
963.098538,95.712904,133.998066,-9360.722011
963.099166,76.570323,114.855485,-9418.149754
963.099793,76.570323,114.855485,-9437.292334
963.100420,153.140646,133.998066,-9399.007173
963.101048,133.998066,133.998066,-9399.007173
963.101675,38.285162,114.855485,-9418.149754
963.102303,95.712904,114.855485,-9456.434915
963.102930,133.998066,114.855485,-9418.149754
963.103558,95.712904,114.855485,-9418.149754
963.104185,76.570323,114.855485,-9437.292334
963.104812,76.570323,114.855485,-9456.434915
963.105440,133.998066,114.855485,-9456.434915
963.106067,133.998066,172.283227,-9456.434915
963.106695,133.998066,114.855485,-9418.149754
963.107322,133.998066,210.568389,-9399.007173
963.107950,76.570323,248.853550,-9379.864592
963.108577,57.427742,114.855485,-9418.149754
963.109204,38.285162,153.140646,-9456.434915
963.109832,114.855485,95.712904,-9399.007173
963.110459,133.998066,172.283227,-9418.149754
963.111087,76.570323,114.855485,-9437.292334
963.111714,38.285162,114.855485,-9456.434915
963.112342,38.285162,210.568389,-9399.007173
963.112969,38.285162,153.140646,-9418.149754
963.113597,114.855485,95.712904,-9494.720077
963.114224,57.427742,114.855485,-9418.149754
963.114851,38.285162,153.140646,-9437.292334
963.115479,76.570323,114.855485,-9418.149754
963.116106,38.285162,153.140646,-9418.149754
963.116734,76.570323,114.855485,-9418.149754
963.117361,133.998066,133.998066,-9399.007173
963.117989,76.570323,172.283227,-9418.149754
963.118616,76.570323,114.855485,-9456.434915
963.119243,95.712904,133.998066,-9341.579430
963.119871,133.998066,210.568389,-9475.577496
963.120498,38.285162,114.855485,-9437.292334
963.121126,76.570323,153.140646,-9437.292334
963.121753,153.140646,133.998066,-9399.007173
963.122381,38.285162,153.140646,-9418.149754
963.123008,38.285162,76.570323,-9379.864592
963.123636,76.570323,114.855485,-9418.149754
963.124263,95.712904,114.855485,-9418.149754
963.124890,133.998066,114.855485,-9418.149754
963.125518,76.570323,114.855485,-9360.722011
963.126145,76.570323,114.855485,-9418.149754
963.126773,76.570323,114.855485,-9418.149754
963.127400,133.998066,114.855485,-9418.149754
963.128028,38.285162,114.855485,-9418.149754
963.128655,76.570323,114.855485,-9418.149754
963.129282,95.712904,153.140646,-9360.722011
963.129910,95.712904,114.855485,-9399.007173
963.130537,76.570323,114.855485,-9437.292334
963.131165,95.712904,95.712904,-9399.007173
963.131792,114.855485,95.712904,-9399.007173
963.132420,76.570323,114.855485,-9360.722011
963.133047,153.140646,133.998066,-9399.007173
963.133675,133.998066,172.283227,-9399.007173
963.134302,133.998066,153.140646,-9418.149754
963.134929,114.855485,133.998066,-9360.722011
963.135557,95.712904,133.998066,-9360.722011
963.136184,95.712904,133.998066,-9360.722011
963.136812,76.570323,114.855485,-9418.149754
963.137439,76.570323,153.140646,-9418.149754
963.138067,95.712904,172.283227,-9360.722011
963.138694,133.998066,153.140646,-9418.149754
963.139321,76.570323,114.855485,-9456.434915
963.139949,38.285162,114.855485,-9437.292334
963.140576,76.570323,114.855485,-9437.292334
963.141204,76.570323,114.855485,-9418.149754
963.141831,38.285162,114.855485,-9418.149754
963.142459,95.712904,229.710970,-9399.007173
963.143086,133.998066,114.855485,-9418.149754
963.143713,133.998066,191.425808,-9399.007173
963.144341,76.570323,229.710970,-9418.149754
963.144968,38.285162,153.140646,-9418.149754
963.145596,133.998066,114.855485,-9418.149754
963.146223,133.998066,153.140646,-9418.149754
963.146851,133.998066,95.712904,-9360.722011
963.147478,95.712904,95.712904,-9399.007173
963.148106,153.140646,133.998066,-9399.007173
963.148733,133.998066,114.855485,-9418.149754
963.149360,95.712904,153.140646,-9360.722011
963.149988,133.998066,172.283227,-9475.577496
963.150615,153.140646,172.283227,-9399.007173
963.151243,133.998066,114.855485,-9418.149754
963.151870,76.570323,153.140646,-9418.149754
963.152498,76.570323,172.283227,-9418.149754
963.153125,133.998066,172.283227,-9399.007173
963.153753,76.570323,114.855485,-9418.149754
963.154380,76.570323,133.998066,-9360.722011
963.155007,133.998066,210.568389,-9418.149754
963.155635,153.140646,191.425808,-9456.434915
963.156262,133.998066,153.140646,-9399.007173
963.156890,133.998066,153.140646,-9456.434915
963.157517,133.998066,191.425808,-9399.007173
963.158145,114.855485,133.998066,-9418.149754
963.158772,114.855485,114.855485,-9379.864592
963.159400,133.998066,114.855485,-9418.149754
963.160027,95.712904,95.712904,-9475.577496
963.160655,76.570323,114.855485,-9418.149754
963.161282,38.285162,114.855485,-9418.149754
963.161910,133.998066,210.568389,-9418.149754
963.162537,114.855485,133.998066,-9360.722011
963.163164,57.427742,114.855485,-9418.149754
963.163792,38.285162,114.855485,-9418.149754
963.164419,133.998066,153.140646,-9418.149754
963.165047,95.712904,172.283227,-9418.149754
963.165674,76.570323,153.140646,-9418.149754
963.166302,76.570323,210.568389,-9418.149754
963.166929,76.570323,191.425808,-9418.149754
963.167557,76.570323,210.568389,-9418.149754
963.168184,76.570323,114.855485,-9437.292334
963.168812,95.712904,114.855485,-9418.149754
963.169439,114.855485,95.712904,-9399.007173
963.170067,133.998066,133.998066,-9379.864592
963.170694,76.570323,133.998066,-9360.722011
963.171322,76.570323,153.140646,-9418.149754
963.171949,114.855485,191.425808,-9360.722011
963.172576,76.570323,153.140646,-9418.149754
963.173204,95.712904,153.140646,-9360.722011
963.173831,133.998066,114.855485,-9418.149754
963.174459,133.998066,114.855485,-9418.149754
963.175086,172.283227,133.998066,-9494.720077
963.175714,76.570323,172.283227,-9418.149754
963.176341,38.285162,114.855485,-9437.292334
963.176969,76.570323,210.568389,-9418.149754
963.177596,133.998066,153.140646,-9418.149754
963.178224,76.570323,172.283227,-9418.149754
963.178851,76.570323,95.712904,-9399.007173
963.179479,114.855485,172.283227,-9360.722011
963.180106,76.570323,114.855485,-9418.149754
963.180733,57.427742,95.712904,-9399.007173
963.181361,133.998066,114.855485,-9437.292334
963.181988,133.998066,114.855485,-9418.149754
963.182616,95.712904,95.712904,-9399.007173
963.183243,76.570323,172.283227,-9418.149754
963.183871,133.998066,114.855485,-9418.149754
963.184498,76.570323,172.283227,-9418.149754
963.185126,95.712904,95.712904,-9456.434915
963.185753,153.140646,153.140646,-9399.007173
963.186381,133.998066,172.283227,-9418.149754
963.187008,133.998066,114.855485,-9418.149754
963.187636,76.570323,114.855485,-9418.149754
963.188263,76.570323,114.855485,-9418.149754
963.188891,76.570323,172.283227,-9437.292334
963.189518,38.285162,153.140646,-9418.149754
963.190145,133.998066,114.855485,-9418.149754
963.190773,133.998066,114.855485,-9418.149754
963.191400,133.998066,172.283227,-9418.149754
963.192028,76.570323,172.283227,-9418.149754
963.192655,76.570323,114.855485,-9456.434915
963.193283,38.285162,153.140646,-9418.149754
963.193910,38.285162,114.855485,-9418.149754
963.194538,133.998066,114.855485,-9418.149754
963.195165,76.570323,114.855485,-9418.149754
963.195793,76.570323,114.855485,-9418.149754
963.196420,95.712904,133.998066,-9360.722011
963.197048,76.570323,114.855485,-9418.149754
963.197675,76.570323,76.570323,-9379.864592
963.198302,76.570323,210.568389,-9418.149754
963.198930,95.712904,153.140646,-9360.722011
963.199557,133.998066,114.855485,-9418.149754
963.200185,172.283227,95.712904,-9399.007173
963.200812,76.570323,114.855485,-9418.149754
963.201440,153.140646,133.998066,-9399.007173
963.202067,114.855485,133.998066,-9360.722011
963.202695,133.998066,114.855485,-9418.149754
963.203322,133.998066,114.855485,-9418.149754
963.203950,133.998066,172.283227,-9418.149754
963.204577,76.570323,114.855485,-9418.149754
963.205205,114.855485,210.568389,-9360.722011
963.205832,133.998066,191.425808,-9456.434915
963.206460,114.855485,76.570323,-9456.434915
963.207087,95.712904,133.998066,-9360.722011
963.207714,76.570323,133.998066,-9360.722011
963.208342,133.998066,76.570323,-9379.864592
963.208969,133.998066,153.140646,-9418.149754
963.209597,133.998066,114.855485,-9418.149754
963.210224,133.998066,114.855485,-9437.292334
963.210852,38.285162,172.283227,-9456.434915
963.211479,76.570323,191.425808,-9456.434915
963.212107,76.570323,172.283227,-9475.577496
963.212734,95.712904,95.712904,-9456.434915
963.213362,19.142581,153.140646,-9418.149754
963.213989,133.998066,153.140646,-9418.149754
963.214617,95.712904,133.998066,-9360.722011
963.215244,76.570323,153.140646,-9418.149754
963.215872,38.285162,114.855485,-9418.149754
963.216499,38.285162,114.855485,-9437.292334
963.217126,76.570323,114.855485,-9418.149754
963.217754,76.570323,114.855485,-9456.434915
963.218381,57.427742,133.998066,-9360.722011
963.219009,114.855485,153.140646,-9360.722011
963.219636,95.712904,95.712904,-9399.007173
963.220264,76.570323,114.855485,-9418.149754
963.220891,133.998066,114.855485,-9418.149754
963.221519,76.570323,95.712904,-9399.007173
963.222146,133.998066,76.570323,-9379.864592
963.222774,133.998066,114.855485,-9418.149754
963.223401,133.998066,114.855485,-9418.149754
963.224029,76.570323,210.568389,-9418.149754
963.224656,76.570323,153.140646,-9418.149754
963.225283,38.285162,114.855485,-9418.149754
963.225911,133.998066,114.855485,-9418.149754
963.226538,76.570323,114.855485,-9418.149754
963.227166,76.570323,114.855485,-9418.149754
963.227793,38.285162,133.998066,-9379.864592
963.228421,76.570323,114.855485,-9418.149754
963.229048,76.570323,114.855485,-9418.149754
963.229676,133.998066,114.855485,-9437.292334
963.230303,76.570323,114.855485,-9418.149754
963.230931,38.285162,133.998066,-9360.722011
963.231558,38.285162,114.855485,-9418.149754
963.232186,38.285162,172.283227,-9418.149754
963.232813,38.285162,210.568389,-9418.149754
963.233441,114.855485,133.998066,-9360.722011
963.234068,229.710970,114.855485,-9322.436850
963.234695,76.570323,210.568389,-9418.149754
963.235323,76.570323,191.425808,-9418.149754
963.235950,95.712904,172.283227,-9418.149754
963.236578,114.855485,133.998066,-9360.722011
963.237205,133.998066,114.855485,-9418.149754
963.237833,76.570323,210.568389,-9418.149754
963.238460,133.998066,114.855485,-9418.149754
963.239088,38.285162,114.855485,-9437.292334
963.239715,133.998066,133.998066,-9399.007173
963.240343,133.998066,114.855485,-9418.149754
963.240970,133.998066,172.283227,-9418.149754
963.241598,95.712904,172.283227,-9360.722011
963.242225,76.570323,172.283227,-9418.149754
963.242852,114.855485,95.712904,-9456.434915
963.243480,95.712904,114.855485,-9418.149754
963.244107,38.285162,114.855485,-9475.577496
963.244735,57.427742,95.712904,-9399.007173
963.245362,114.855485,95.712904,-9399.007173
963.245990,114.855485,76.570323,-9360.722011
963.246617,114.855485,172.283227,-9360.722011
963.247245,133.998066,114.855485,-9418.149754
963.247872,95.712904,114.855485,-9399.007173
963.248500,114.855485,133.998066,-9360.722011
963.249127,114.855485,133.998066,-9360.722011
963.249755,133.998066,172.283227,-9418.149754
963.250382,114.855485,114.855485,-9379.864592
963.251010,76.570323,114.855485,-9418.149754
963.251637,114.855485,153.140646,-9437.292334
963.252264,76.570323,229.710970,-9418.149754
963.252892,76.570323,153.140646,-9418.149754
963.253519,38.285162,114.855485,-9418.149754
963.254147,95.712904,133.998066,-9418.149754
963.254774,133.998066,114.855485,-9456.434915
963.255402,76.570323,114.855485,-9456.434915
963.256029,38.285162,114.855485,-9418.149754
963.256657,76.570323,114.855485,-9418.149754
963.257284,153.140646,153.140646,-9437.292334
963.257912,133.998066,114.855485,-9418.149754
963.258539,114.855485,95.712904,-9399.007173
963.259166,76.570323,172.283227,-9418.149754
963.259794,76.570323,153.140646,-9418.149754
963.260421,57.427742,172.283227,-9418.149754
963.261049,76.570323,114.855485,-9475.577496
963.261676,38.285162,153.140646,-9418.149754
963.262304,133.998066,172.283227,-9418.149754
963.262931,153.140646,153.140646,-9399.007173
963.263559,172.283227,133.998066,-9418.149754
963.264186,133.998066,133.998066,-9437.292334
963.264813,133.998066,191.425808,-9399.007173
963.265441,153.140646,133.998066,-9456.434915
963.266068,133.998066,114.855485,-9418.149754
963.266696,114.855485,95.712904,-9399.007173
963.267323,95.712904,133.998066,-9360.722011
963.267951,114.855485,76.570323,-9418.149754
963.268578,57.427742,133.998066,-9360.722011
963.269206,95.712904,133.998066,-9360.722011
963.269833,76.570323,114.855485,-9418.149754
963.270460,38.285162,153.140646,-9456.434915
963.271088,114.855485,191.425808,-9360.722011
963.271715,133.998066,114.855485,-9418.149754
963.272343,38.285162,172.283227,-9418.149754
963.272970,114.855485,133.998066,-9360.722011
963.273598,133.998066,172.283227,-9399.007173
963.274225,76.570323,114.855485,-9418.149754
963.274853,133.998066,114.855485,-9418.149754
963.275480,95.712904,133.998066,-9418.149754
963.276107,38.285162,114.855485,-9418.149754
963.276735,38.285162,76.570323,-9303.294269
963.277362,38.285162,114.855485,-9418.149754
963.277990,76.570323,172.283227,-9418.149754
963.278617,95.712904,133.998066,-9360.722011
963.279245,38.285162,210.568389,-9418.149754
963.279872,76.570323,114.855485,-9437.292334
963.280500,38.285162,153.140646,-9418.149754
963.281127,133.998066,153.140646,-9418.149754
963.281754,95.712904,133.998066,-9360.722011
963.282382,133.998066,172.283227,-9418.149754
963.283009,133.998066,114.855485,-9418.149754
963.283637,95.712904,172.283227,-9360.722011
963.284264,76.570323,114.855485,-9437.292334
963.284892,95.712904,114.855485,-9418.149754
963.285519,76.570323,114.855485,-9418.149754
963.286147,133.998066,153.140646,-9456.434915
963.286774,114.855485,133.998066,-9360.722011
963.287401,133.998066,153.140646,-9418.149754
963.288029,76.570323,95.712904,-9456.434915
963.288656,76.570323,114.855485,-9418.149754
963.289284,133.998066,95.712904,-9437.292334
963.289911,153.140646,172.283227,-9418.149754
963.290539,153.140646,133.998066,-9399.007173
963.291166,76.570323,114.855485,-9418.149754
963.291794,38.285162,95.712904,-9399.007173
963.292421,57.427742,133.998066,-9360.722011
963.293048,76.570323,153.140646,-9418.149754
963.293676,38.285162,114.855485,-9418.149754
963.294303,95.712904,114.855485,-9418.149754
963.294931,153.140646,133.998066,-9475.577496
963.295558,76.570323,114.855485,-9418.149754
963.296186,114.855485,133.998066,-9360.722011
963.296813,133.998066,172.283227,-9418.149754
963.297441,95.712904,114.855485,-9418.149754
963.298068,133.998066,114.855485,-9418.149754
963.298695,133.998066,114.855485,-9418.149754
963.299323,38.285162,210.568389,-9418.149754
963.299950,76.570323,172.283227,-9418.149754
963.300578,95.712904,114.855485,-9437.292334
963.301205,76.570323,114.855485,-9418.149754
963.301833,114.855485,95.712904,-9399.007173
963.302460,38.285162,153.140646,-9418.149754
963.303088,76.570323,114.855485,-9437.292334
963.303715,76.570323,114.855485,-9437.292334
963.304342,76.570323,114.855485,-9418.149754
963.304970,76.570323,114.855485,-9418.149754
963.305597,76.570323,114.855485,-9437.292334
963.306225,133.998066,153.140646,-9456.434915
963.306852,38.285162,172.283227,-9418.149754
963.307480,38.285162,114.855485,-9360.722011
963.308107,38.285162,114.855485,-9418.149754
963.308735,76.570323,191.425808,-9360.722011
963.309362,76.570323,114.855485,-9418.149754
963.309989,133.998066,153.140646,-9418.149754
963.310617,153.140646,133.998066,-9399.007173
963.311244,76.570323,153.140646,-9341.579430
963.311872,76.570323,114.855485,-9418.149754
963.312499,76.570323,114.855485,-9418.149754
963.313127,38.285162,172.283227,-9437.292334
963.313754,38.285162,191.425808,-9418.149754
963.314381,133.998066,114.855485,-9418.149754
963.315009,133.998066,114.855485,-9418.149754
963.315636,76.570323,114.855485,-9418.149754
963.316264,76.570323,114.855485,-9456.434915
963.316891,38.285162,114.855485,-9418.149754
963.317519,114.855485,133.998066,-9360.722011
963.318146,76.570323,114.855485,-9437.292334
963.318774,57.427742,95.712904,-9399.007173
963.319401,95.712904,210.568389,-9418.149754
963.320028,76.570323,114.855485,-9418.149754
963.320656,38.285162,191.425808,-9418.149754
963.321283,76.570323,133.998066,-9360.722011
963.321911,133.998066,114.855485,-9418.149754
963.322538,95.712904,114.855485,-9418.149754
963.323166,133.998066,114.855485,-9418.149754
963.323793,133.998066,114.855485,-9418.149754
963.324421,133.998066,114.855485,-9418.149754
963.325048,133.998066,229.710970,-9418.149754
963.325675,133.998066,114.855485,-9418.149754
963.326303,95.712904,133.998066,-9360.722011
963.326930,114.855485,153.140646,-9360.722011
963.327558,76.570323,76.570323,-9379.864592
963.328185,114.855485,133.998066,-9360.722011
963.328813,133.998066,114.855485,-9475.577496
963.329440,133.998066,114.855485,-9437.292334
963.330068,153.140646,133.998066,-9399.007173
963.330695,133.998066,114.855485,-9418.149754
963.331322,114.855485,95.712904,-9456.434915
963.331950,133.998066,210.568389,-9437.292334
963.332577,76.570323,114.855485,-9437.292334
963.333205,76.570323,114.855485,-9475.577496
963.333832,38.285162,114.855485,-9456.434915
963.334460,114.855485,114.855485,-9418.149754
963.335087,133.998066,114.855485,-9418.149754
963.335715,133.998066,210.568389,-9418.149754
963.336342,133.998066,172.283227,-9456.434915
963.336969,76.570323,210.568389,-9418.149754
963.337597,133.998066,153.140646,-9399.007173
963.338224,95.712904,95.712904,-9456.434915
963.338852,153.140646,133.998066,-9399.007173
963.339479,76.570323,172.283227,-9418.149754
963.340107,19.142581,133.998066,-9399.007173
963.340734,76.570323,114.855485,-9418.149754
963.341362,76.570323,153.140646,-9418.149754
963.341989,38.285162,95.712904,-9399.007173
963.342616,133.998066,114.855485,-9418.149754
963.343244,95.712904,133.998066,-9360.722011
963.343871,57.427742,172.283227,-9360.722011
963.344499,76.570323,114.855485,-9418.149754
963.345126,38.285162,114.855485,-9418.149754
963.345754,114.855485,114.855485,-9399.007173
963.346381,76.570323,95.712904,-9399.007173
963.347009,133.998066,172.283227,-9418.149754
963.347636,133.998066,210.568389,-9360.722011
963.348263,38.285162,114.855485,-9418.149754
963.348891,133.998066,114.855485,-9418.149754
963.349518,76.570323,153.140646,-9456.434915
963.350146,76.570323,114.855485,-9437.292334
963.350773,153.140646,133.998066,-9399.007173
963.351401,38.285162,114.855485,-9456.434915
963.352028,95.712904,95.712904,-9399.007173
963.352656,114.855485,133.998066,-9360.722011
963.353283,95.712904,114.855485,-9418.149754
963.353910,133.998066,114.855485,-9418.149754
963.354538,133.998066,114.855485,-9456.434915
963.355165,172.283227,114.855485,-9322.436850
963.355793,114.855485,191.425808,-9341.579430
963.356420,57.427742,95.712904,-9399.007173
963.357048,38.285162,114.855485,-9418.149754
963.357675,38.285162,114.855485,-9456.434915
963.358303,38.285162,114.855485,-9437.292334
963.358930,153.140646,172.283227,-9399.007173
963.359558,76.570323,114.855485,-9418.149754
963.360185,114.855485,95.712904,-9437.292334
963.360812,76.570323,114.855485,-9475.577496
963.361440,76.570323,95.712904,-9399.007173
963.362067,114.855485,95.712904,-9399.007173
963.362695,153.140646,133.998066,-9399.007173
963.363322,153.140646,133.998066,-9399.007173
963.363950,153.140646,172.283227,-9399.007173
963.364577,133.998066,172.283227,-9418.149754
963.365205,95.712904,114.855485,-9399.007173
963.365832,76.570323,153.140646,-9418.149754
963.366460,38.285162,114.855485,-9360.722011
963.367087,76.570323,114.855485,-9418.149754
963.367715,95.712904,114.855485,-9399.007173
963.368342,76.570323,114.855485,-9418.149754
963.368970,133.998066,114.855485,-9418.149754
963.369597,95.712904,114.855485,-9418.149754
963.370224,76.570323,172.283227,-9418.149754
963.370852,95.712904,172.283227,-9360.722011
963.371479,38.285162,172.283227,-9456.434915
963.372107,76.570323,114.855485,-9418.149754
963.372734,95.712904,95.712904,-9399.007173
963.373362,133.998066,133.998066,-9399.007173
963.373989,95.712904,95.712904,-9399.007173
963.374617,95.712904,133.998066,-9360.722011
963.375244,133.998066,114.855485,-9418.149754
963.375872,76.570323,153.140646,-9418.149754
963.376499,95.712904,114.855485,-9456.434915
963.377127,153.140646,191.425808,-9399.007173
963.377754,133.998066,191.425808,-9399.007173
963.378382,153.140646,172.283227,-9399.007173
963.379009,76.570323,114.855485,-9418.149754
963.379637,95.712904,210.568389,-9360.722011
963.380264,38.285162,114.855485,-9418.149754
963.380891,76.570323,114.855485,-9418.149754
963.381519,76.570323,229.710970,-9418.149754
963.382146,76.570323,229.710970,-9437.292334
963.382774,76.570323,153.140646,-9494.720077
963.383401,38.285162,153.140646,-9418.149754
963.384029,76.570323,153.140646,-9437.292334
963.384656,95.712904,153.140646,-9437.292334
963.385284,76.570323,153.140646,-9418.149754
963.385911,76.570323,114.855485,-9418.149754
963.386539,153.140646,172.283227,-9399.007173
963.387166,38.285162,114.855485,-9418.149754
963.387794,76.570323,114.855485,-9418.149754
963.388421,76.570323,153.140646,-9418.149754
963.389049,38.285162,95.712904,-9399.007173
963.389676,133.998066,153.140646,-9418.149754
963.390303,95.712904,114.855485,-9360.722011
963.390931,76.570323,133.998066,-9360.722011
963.391558,76.570323,172.283227,-9418.149754
963.392186,95.712904,153.140646,-9360.722011
963.392813,76.570323,114.855485,-9418.149754
963.393441,153.140646,133.998066,-9399.007173
963.394068,133.998066,114.855485,-9418.149754
963.394696,38.285162,114.855485,-9418.149754
963.395323,38.285162,153.140646,-9418.149754
963.395951,133.998066,172.283227,-9418.149754
963.396578,133.998066,114.855485,-9418.149754
963.397206,38.285162,210.568389,-9418.149754
963.397833,38.285162,114.855485,-9418.149754
963.398461,133.998066,153.140646,-9418.149754
963.399088,95.712904,210.568389,-9418.149754
963.399716,133.998066,153.140646,-9418.149754
963.400343,95.712904,172.283227,-9418.149754
963.400970,76.570323,172.283227,-9418.149754
963.401598,76.570323,153.140646,-9418.149754
963.402225,114.855485,95.712904,-9399.007173
963.402853,95.712904,229.710970,-9418.149754
963.403480,133.998066,153.140646,-9418.149754
963.404108,133.998066,114.855485,-9418.149754
963.404735,95.712904,95.712904,-9456.434915
963.405363,133.998066,114.855485,-9418.149754
963.405990,95.712904,153.140646,-9418.149754
963.406618,133.998066,133.998066,-9399.007173
963.407245,76.570323,114.855485,-9418.149754
963.407873,95.712904,210.568389,-9399.007173
963.408500,38.285162,114.855485,-9418.149754
963.409128,38.285162,114.855485,-9456.434915
963.409755,133.998066,210.568389,-9418.149754
963.410382,133.998066,133.998066,-9399.007173
963.411010,133.998066,114.855485,-9494.720077
963.411637,114.855485,172.283227,-9379.864592
963.412265,38.285162,153.140646,-9418.149754
963.412892,76.570323,153.140646,-9418.149754
963.413520,76.570323,114.855485,-9475.577496
963.414147,38.285162,114.855485,-9418.149754
963.414775,133.998066,172.283227,-9360.722011
963.415402,114.855485,133.998066,-9360.722011
963.416030,133.998066,114.855485,-9360.722011
963.416657,133.998066,153.140646,-9418.149754
963.417285,153.140646,133.998066,-9399.007173
963.417912,19.142581,114.855485,-9418.149754
963.418540,95.712904,133.998066,-9360.722011
963.419167,76.570323,114.855485,-9418.149754
963.419794,95.712904,114.855485,-9437.292334
963.420422,76.570323,114.855485,-9418.149754
963.421049,38.285162,114.855485,-9418.149754
963.421677,133.998066,76.570323,-9379.864592
963.422304,76.570323,172.283227,-9418.149754
963.422932,114.855485,95.712904,-9399.007173
963.423559,133.998066,114.855485,-9437.292334
963.424187,114.855485,95.712904,-9456.434915
963.424814,95.712904,95.712904,-9456.434915
963.425442,76.570323,114.855485,-9418.149754
963.426069,133.998066,114.855485,-9399.007173
963.426697,76.570323,114.855485,-9418.149754
963.427324,133.998066,114.855485,-9418.149754
963.427952,95.712904,191.425808,-9322.436850
963.428579,95.712904,172.283227,-9360.722011
963.429207,38.285162,114.855485,-9418.149754
963.429834,133.998066,210.568389,-9437.292334
963.430461,133.998066,114.855485,-9456.434915
963.431089,76.570323,114.855485,-9418.149754
963.431716,133.998066,210.568389,-9418.149754
963.432344,76.570323,114.855485,-9418.149754
963.432971,76.570323,172.283227,-9437.292334
963.433599,76.570323,172.283227,-9418.149754
963.434226,133.998066,153.140646,-9494.720077
963.434854,153.140646,133.998066,-9399.007173
963.435481,38.285162,114.855485,-9418.149754
963.436109,133.998066,114.855485,-9360.722011
963.436736,153.140646,114.855485,-9418.149754
963.437364,133.998066,114.855485,-9418.149754
963.437991,76.570323,114.855485,-9418.149754
963.438619,114.855485,172.283227,-9379.864592
963.439246,95.712904,133.998066,-9360.722011
963.439873,133.998066,153.140646,-9418.149754
963.440501,95.712904,114.855485,-9418.149754
963.441128,38.285162,114.855485,-9418.149754
963.441756,76.570323,153.140646,-9418.149754
963.442383,95.712904,114.855485,-9437.292334
963.443011,133.998066,172.283227,-9418.149754
963.443638,153.140646,153.140646,-9437.292334
963.444266,133.998066,153.140646,-9418.149754
963.444893,133.998066,114.855485,-9418.149754
963.445521,153.140646,133.998066,-9437.292334
963.446148,133.998066,114.855485,-9437.292334
963.446776,153.140646,172.283227,-9399.007173
963.447403,76.570323,153.140646,-9418.149754
963.448031,38.285162,114.855485,-9418.149754
963.448658,76.570323,172.283227,-9418.149754
963.449285,95.712904,172.283227,-9418.149754
963.449913,38.285162,114.855485,-9418.149754
963.450540,95.712904,114.855485,-9418.149754
963.451168,38.285162,76.570323,-9399.007173
963.451795,114.855485,133.998066,-9360.722011
963.452423,153.140646,133.998066,-9456.434915
963.453050,153.140646,133.998066,-9494.720077
963.453678,57.427742,172.283227,-9360.722011
963.454305,95.712904,114.855485,-9418.149754
963.454933,95.712904,95.712904,-9399.007173
963.455560,133.998066,114.855485,-9418.149754
963.456188,76.570323,114.855485,-9418.149754
963.456815,76.570323,114.855485,-9418.149754
963.457443,76.570323,133.998066,-9360.722011
963.458070,76.570323,114.855485,-9418.149754
963.458698,153.140646,133.998066,-9456.434915
963.459325,133.998066,153.140646,-9418.149754
963.459953,133.998066,133.998066,-9399.007173
963.460580,153.140646,114.855485,-9418.149754
963.461208,133.998066,210.568389,-9456.434915
963.461835,114.855485,172.283227,-9360.722011
963.462463,133.998066,210.568389,-9418.149754
963.463090,133.998066,114.855485,-9418.149754
963.463718,38.285162,114.855485,-9437.292334
963.464345,76.570323,210.568389,-9418.149754
963.464973,133.998066,114.855485,-9418.149754
963.465600,76.570323,153.140646,-9418.149754
963.466228,114.855485,95.712904,-9475.577496
963.466855,76.570323,172.283227,-9418.149754
963.467483,114.855485,210.568389,-9399.007173
963.468110,114.855485,210.568389,-9399.007173
963.468738,95.712904,114.855485,-9456.434915
963.469365,133.998066,172.283227,-9437.292334
963.469993,133.998066,114.855485,-9418.149754
963.470620,76.570323,114.855485,-9360.722011
963.471248,95.712904,153.140646,-9360.722011
963.471875,153.140646,133.998066,-9399.007173
963.472503,133.998066,210.568389,-9456.434915
963.473130,76.570323,153.140646,-9418.149754
963.473758,38.285162,114.855485,-9418.149754
963.474385,133.998066,172.283227,-9418.149754
963.475013,57.427742,133.998066,-9360.722011
963.475640,76.570323,172.283227,-9437.292334
963.476268,76.570323,114.855485,-9475.577496
963.476895,19.142581,114.855485,-9418.149754
963.477523,-38.285162,133.998066,-9456.434915
963.478150,19.142581,114.855485,-9418.149754
963.478778,38.285162,114.855485,-9418.149754
963.479405,114.855485,76.570323,-9418.149754
963.480033,38.285162,172.283227,-9360.722011
963.480660,172.283227,114.855485,-9379.864592
963.481288,76.570323,114.855485,-9418.149754
963.481915,38.285162,114.855485,-9418.149754
963.482543,38.285162,114.855485,-9418.149754
963.483170,133.998066,172.283227,-9437.292334
963.483798,133.998066,191.425808,-9399.007173
963.484425,133.998066,191.425808,-9456.434915
963.485053,76.570323,114.855485,-9475.577496
963.485680,95.712904,95.712904,-9399.007173
963.486308,114.855485,95.712904,-9399.007173
963.486935,76.570323,114.855485,-9475.577496
963.487563,95.712904,191.425808,-9360.722011
963.488190,95.712904,95.712904,-9456.434915
963.488818,95.712904,114.855485,-9456.434915
963.489445,57.427742,114.855485,-9418.149754
963.490073,76.570323,172.283227,-9418.149754
963.490700,133.998066,210.568389,-9418.149754
963.491328,133.998066,133.998066,-9399.007173
963.491955,133.998066,114.855485,-9418.149754
963.492583,133.998066,133.998066,-9399.007173
963.493210,76.570323,172.283227,-9418.149754
963.493838,95.712904,133.998066,-9360.722011
963.494465,95.712904,133.998066,-9360.722011
963.495093,133.998066,114.855485,-9437.292334
963.495720,76.570323,114.855485,-9418.149754
963.496348,114.855485,133.998066,-9360.722011
963.496975,38.285162,114.855485,-9418.149754
963.497603,133.998066,114.855485,-9418.149754
963.498230,133.998066,114.855485,-9418.149754
963.498858,114.855485,133.998066,-9360.722011
963.499485,95.712904,153.140646,-9418.149754
963.500113,76.570323,114.855485,-9418.149754
963.500740,133.998066,133.998066,-9399.007173
963.501368,76.570323,114.855485,-9418.149754
963.501995,133.998066,153.140646,-9399.007173
963.502623,133.998066,210.568389,-9418.149754
963.503250,76.570323,210.568389,-9456.434915
963.503878,0.000000,133.998066,-9360.722011
963.504505,38.285162,114.855485,-9418.149754
963.505133,76.570323,114.855485,-9418.149754
963.505760,133.998066,114.855485,-9418.149754
963.506388,76.570323,153.140646,-9418.149754
963.507015,133.998066,172.283227,-9418.149754
963.507643,133.998066,153.140646,-9418.149754
963.508270,133.998066,210.568389,-9399.007173
963.508898,95.712904,133.998066,-9360.722011
963.509525,133.998066,153.140646,-9418.149754
963.510153,133.998066,153.140646,-9418.149754
963.510780,76.570323,114.855485,-9456.434915
963.511408,76.570323,114.855485,-9418.149754
963.512035,76.570323,114.855485,-9418.149754
963.512663,153.140646,133.998066,-9399.007173
963.513290,114.855485,153.140646,-9379.864592
963.513918,95.712904,76.570323,-9379.864592
963.514545,133.998066,114.855485,-9418.149754
963.515173,133.998066,114.855485,-9418.149754
963.515800,133.998066,114.855485,-9418.149754
963.516428,133.998066,114.855485,-9437.292334
963.517055,19.142581,172.283227,-9418.149754
963.517683,95.712904,114.855485,-9418.149754
963.518310,76.570323,114.855485,-9418.149754
963.518938,114.855485,133.998066,-9360.722011
963.519565,95.712904,210.568389,-9418.149754
963.520193,133.998066,114.855485,-9418.149754
963.520820,133.998066,114.855485,-9418.149754
963.521448,76.570323,114.855485,-9418.149754
963.522075,133.998066,76.570323,-9379.864592
963.522703,38.285162,114.855485,-9418.149754
963.523330,76.570323,114.855485,-9418.149754
963.523958,95.712904,95.712904,-9399.007173
963.524585,114.855485,133.998066,-9360.722011
963.525213,76.570323,153.140646,-9418.149754
963.525840,76.570323,210.568389,-9418.149754
963.526468,153.140646,153.140646,-9399.007173
963.527095,95.712904,153.140646,-9475.577496
963.527723,38.285162,210.568389,-9437.292334
963.528350,133.998066,153.140646,-9418.149754
963.528978,76.570323,172.283227,-9360.722011
963.529605,57.427742,172.283227,-9418.149754
963.530233,114.855485,95.712904,-9399.007173
963.530860,114.855485,76.570323,-9418.149754
963.531488,114.855485,133.998066,-9341.579430
963.532115,76.570323,153.140646,-9418.149754
963.532743,57.427742,95.712904,-9399.007173
963.533370,76.570323,153.140646,-9437.292334
963.533998,133.998066,153.140646,-9456.434915
963.534625,133.998066,153.140646,-9418.149754
963.535253,57.427742,133.998066,-9360.722011
963.535880,38.285162,172.283227,-9418.149754
963.536508,153.140646,191.425808,-9456.434915
963.537135,133.998066,153.140646,-9418.149754
963.537763,95.712904,114.855485,-9456.434915
963.538390,76.570323,114.855485,-9418.149754
963.539018,76.570323,114.855485,-9418.149754
963.539645,95.712904,191.425808,-9360.722011
963.540273,95.712904,133.998066,-9418.149754
963.540900,19.142581,114.855485,-9418.149754
963.541528,133.998066,153.140646,-9418.149754
963.542155,133.998066,114.855485,-9418.149754
963.542783,133.998066,191.425808,-9418.149754
963.543410,153.140646,133.998066,-9513.862658
963.544038,76.570323,191.425808,-9360.722011
963.544665,38.285162,114.855485,-9418.149754
963.545293,133.998066,114.855485,-9360.722011
963.545920,76.570323,114.855485,-9418.149754
963.546548,114.855485,95.712904,-9399.007173
963.547175,95.712904,133.998066,-9360.722011
963.547803,38.285162,114.855485,-9418.149754
963.548430,38.285162,114.855485,-9360.722011
963.549058,95.712904,172.283227,-9360.722011
963.549685,76.570323,114.855485,-9418.149754
963.550313,133.998066,133.998066,-9399.007173
963.550940,38.285162,114.855485,-9418.149754
963.551568,114.855485,133.998066,-9360.722011
963.552195,133.998066,114.855485,-9418.149754
963.552823,114.855485,95.712904,-9399.007173
963.553450,133.998066,153.140646,-9418.149754
963.554078,76.570323,114.855485,-9418.149754
963.554705,153.140646,133.998066,-9399.007173
963.555333,172.283227,133.998066,-9437.292334
963.555960,114.855485,248.853550,-9360.722011
963.556588,133.998066,210.568389,-9418.149754
963.557215,133.998066,114.855485,-9437.292334
963.557843,76.570323,76.570323,-9379.864592
963.558470,133.998066,114.855485,-9418.149754
963.559098,95.712904,172.283227,-9360.722011
963.559725,133.998066,210.568389,-9418.149754
963.560353,76.570323,114.855485,-9418.149754
963.560980,57.427742,95.712904,-9399.007173
963.561607,76.570323,114.855485,-9418.149754
963.562235,57.427742,95.712904,-9399.007173
963.562862,57.427742,95.712904,-9399.007173
963.563489,95.712904,153.140646,-9418.149754
963.564117,38.285162,172.283227,-9418.149754
963.564744,76.570323,114.855485,-9437.292334
963.565372,76.570323,153.140646,-9418.149754
963.565999,76.570323,114.855485,-9418.149754
963.566626,133.998066,114.855485,-9437.292334
963.567254,76.570323,114.855485,-9418.149754
963.567881,57.427742,172.283227,-9322.436850
963.568508,133.998066,153.140646,-9399.007173
963.569136,76.570323,210.568389,-9360.722011
963.569763,76.570323,172.283227,-9418.149754
963.570390,133.998066,114.855485,-9437.292334
963.571018,76.570323,114.855485,-9418.149754
963.571645,95.712904,76.570323,-9379.864592
963.572273,114.855485,133.998066,-9360.722011
963.572900,133.998066,114.855485,-9456.434915
963.573527,133.998066,172.283227,-9399.007173
963.574155,76.570323,114.855485,-9418.149754
963.574782,133.998066,114.855485,-9418.149754
963.575409,95.712904,114.855485,-9418.149754
963.576037,38.285162,153.140646,-9437.292334
963.576664,133.998066,114.855485,-9418.149754
963.577291,95.712904,114.855485,-9418.149754
963.577919,76.570323,114.855485,-9437.292334
963.578546,76.570323,95.712904,-9399.007173
963.579174,76.570323,229.710970,-9418.149754
963.579801,95.712904,172.283227,-9360.722011
963.580428,133.998066,114.855485,-9418.149754
963.581056,114.855485,133.998066,-9360.722011
963.581683,133.998066,114.855485,-9418.149754
963.582310,153.140646,133.998066,-9399.007173
963.582938,114.855485,114.855485,-9379.864592
963.583565,95.712904,133.998066,-9360.722011
963.584192,76.570323,153.140646,-9360.722011
963.584820,153.140646,172.283227,-9456.434915
963.585447,133.998066,114.855485,-9418.149754
963.586074,133.998066,114.855485,-9475.577496
963.586702,95.712904,133.998066,-9360.722011
963.587329,133.998066,172.283227,-9418.149754
963.587957,133.998066,114.855485,-9418.149754
963.588584,76.570323,191.425808,-9418.149754
963.589211,76.570323,114.855485,-9418.149754
963.589839,95.712904,114.855485,-9418.149754
963.590466,133.998066,114.855485,-9437.292334
963.591093,76.570323,172.283227,-9418.149754
963.591721,133.998066,133.998066,-9399.007173
963.592348,133.998066,114.855485,-9418.149754
963.592975,133.998066,114.855485,-9418.149754
963.593603,76.570323,114.855485,-9437.292334
963.594230,133.998066,153.140646,-9360.722011
963.594858,133.998066,114.855485,-9418.149754
963.595485,76.570323,114.855485,-9418.149754
963.596112,95.712904,153.140646,-9418.149754
963.596740,133.998066,114.855485,-9360.722011
963.597367,172.283227,76.570323,-9418.149754
963.597994,133.998066,114.855485,-9418.149754
963.598622,114.855485,133.998066,-9360.722011
963.599249,95.712904,114.855485,-9418.149754
963.599876,172.283227,153.140646,-9379.864592
963.600504,133.998066,114.855485,-9418.149754
963.601131,95.712904,95.712904,-9399.007173
963.601759,38.285162,153.140646,-9456.434915
963.602386,76.570323,114.855485,-9418.149754
963.603013,76.570323,114.855485,-9418.149754
963.603641,114.855485,133.998066,-9418.149754
963.604268,57.427742,95.712904,-9399.007173
963.604895,95.712904,133.998066,-9360.722011
963.605523,76.570323,114.855485,-9418.149754
963.606150,57.427742,114.855485,-9418.149754
963.606777,95.712904,95.712904,-9399.007173
963.607405,95.712904,114.855485,-9418.149754
963.608032,76.570323,210.568389,-9437.292334
963.608660,153.140646,172.283227,-9399.007173
963.609287,76.570323,114.855485,-9418.149754
963.609914,76.570323,172.283227,-9418.149754
963.610542,133.998066,114.855485,-9418.149754
963.611169,133.998066,114.855485,-9418.149754
963.611796,76.570323,114.855485,-9418.149754
963.612424,133.998066,114.855485,-9418.149754
963.613051,133.998066,172.283227,-9418.149754
963.613678,95.712904,172.283227,-9418.149754
963.614306,38.285162,153.140646,-9418.149754
963.614933,95.712904,172.283227,-9360.722011
963.615561,133.998066,172.283227,-9437.292334
963.616188,76.570323,114.855485,-9418.149754
963.616815,114.855485,95.712904,-9399.007173
963.617443,133.998066,133.998066,-9399.007173
963.618070,95.712904,191.425808,-9360.722011
963.618697,95.712904,114.855485,-9418.149754
963.619325,133.998066,114.855485,-9437.292334
963.619952,114.855485,95.712904,-9456.434915
963.620579,133.998066,114.855485,-9418.149754
963.621207,76.570323,114.855485,-9418.149754
963.621834,0.000000,133.998066,-9360.722011
963.622462,95.712904,172.283227,-9418.149754
963.623089,114.855485,95.712904,-9399.007173
963.623716,133.998066,114.855485,-9456.434915
963.624344,133.998066,114.855485,-9418.149754
963.624971,76.570323,114.855485,-9418.149754
963.625598,76.570323,172.283227,-9418.149754
963.626226,38.285162,153.140646,-9418.149754
963.626853,76.570323,153.140646,-9418.149754
963.627480,57.427742,153.140646,-9360.722011
963.628108,57.427742,172.283227,-9360.722011
963.628735,95.712904,191.425808,-9360.722011
963.629363,76.570323,191.425808,-9341.579430
963.629990,114.855485,133.998066,-9418.149754
963.630617,133.998066,133.998066,-9399.007173
963.631245,114.855485,133.998066,-9360.722011
963.631872,76.570323,76.570323,-9379.864592
963.632499,114.855485,95.712904,-9399.007173
963.633127,114.855485,95.712904,-9437.292334
963.633754,76.570323,114.855485,-9456.434915
963.634381,76.570323,114.855485,-9418.149754
963.635009,172.283227,76.570323,-9418.149754
963.635636,133.998066,114.855485,-9456.434915
963.636264,95.712904,153.140646,-9360.722011
963.636891,95.712904,95.712904,-9399.007173
963.637518,76.570323,114.855485,-9475.577496
963.638146,38.285162,114.855485,-9418.149754
963.638773,76.570323,114.855485,-9418.149754
963.639400,95.712904,114.855485,-9418.149754
963.640028,76.570323,114.855485,-9418.149754
963.640655,57.427742,133.998066,-9360.722011
963.641282,38.285162,114.855485,-9418.149754
963.641910,133.998066,114.855485,-9418.149754
963.642537,114.855485,153.140646,-9379.864592
963.643165,133.998066,114.855485,-9418.149754
963.643792,114.855485,133.998066,-9360.722011
963.644419,76.570323,172.283227,-9456.434915
963.645047,133.998066,133.998066,-9456.434915
963.645674,133.998066,153.140646,-9360.722011
963.646301,133.998066,153.140646,-9456.434915
963.646929,172.283227,114.855485,-9379.864592
963.647556,133.998066,114.855485,-9418.149754
963.648183,133.998066,172.283227,-9418.149754
963.648811,133.998066,172.283227,-9418.149754
963.649438,38.285162,114.855485,-9418.149754
963.650066,153.140646,133.998066,-9379.864592
963.650693,76.570323,114.855485,-9418.149754
963.651320,95.712904,172.283227,-9418.149754
963.651948,114.855485,76.570323,-9456.434915
963.652575,95.712904,114.855485,-9437.292334
963.653202,76.570323,114.855485,-9475.577496
963.653830,38.285162,210.568389,-9418.149754
963.654457,76.570323,114.855485,-9418.149754
963.655084,38.285162,114.855485,-9418.149754
963.655712,133.998066,172.283227,-9456.434915
963.656339,76.570323,114.855485,-9418.149754
963.656966,38.285162,172.283227,-9418.149754
963.657594,95.712904,114.855485,-9360.722011
963.658221,114.855485,57.427742,-9399.007173
963.658849,114.855485,114.855485,-9418.149754
963.659476,133.998066,114.855485,-9418.149754
963.660103,76.570323,114.855485,-9418.149754
963.660731,76.570323,114.855485,-9418.149754
963.661358,95.712904,133.998066,-9360.722011
963.661986,76.570323,133.998066,-9360.722011
963.662613,38.285162,210.568389,-9437.292334
963.663240,38.285162,114.855485,-9418.149754
963.663868,114.855485,153.140646,-9360.722011
963.664495,95.712904,191.425808,-9360.722011
963.665123,133.998066,172.283227,-9418.149754
963.665750,57.427742,95.712904,-9399.007173
963.666377,76.570323,114.855485,-9418.149754
963.667005,133.998066,114.855485,-9418.149754
963.667632,153.140646,153.140646,-9399.007173
963.668260,133.998066,114.855485,-9418.149754
963.668887,172.283227,114.855485,-9379.864592
963.669514,172.283227,114.855485,-9379.864592
963.670142,19.142581,172.283227,-9418.149754
963.670769,76.570323,172.283227,-9418.149754
963.671397,57.427742,133.998066,-9418.149754
963.672024,38.285162,114.855485,-9418.149754
963.672651,38.285162,114.855485,-9418.149754
963.673279,76.570323,210.568389,-9418.149754
963.673906,38.285162,172.283227,-9418.149754
963.674534,133.998066,153.140646,-9418.149754
963.675161,133.998066,191.425808,-9399.007173
963.675788,133.998066,114.855485,-9418.149754
963.676416,133.998066,114.855485,-9418.149754
963.677043,76.570323,114.855485,-9437.292334
963.677671,76.570323,114.855485,-9418.149754
963.678298,76.570323,114.855485,-9418.149754
963.678925,133.998066,229.710970,-9418.149754
963.679553,133.998066,153.140646,-9418.149754
963.680180,95.712904,133.998066,-9475.577496
963.680808,57.427742,133.998066,-9418.149754
963.681435,76.570323,114.855485,-9418.149754
963.682062,172.283227,76.570323,-9418.149754
963.682690,76.570323,114.855485,-9418.149754
963.683317,76.570323,114.855485,-9456.434915
963.683945,95.712904,133.998066,-9360.722011
963.684572,114.855485,95.712904,-9399.007173
963.685199,38.285162,114.855485,-9360.722011
963.685827,76.570323,114.855485,-9418.149754
963.686454,95.712904,210.568389,-9418.149754
963.687082,210.568389,133.998066,-9399.007173
963.687709,114.855485,114.855485,-9418.149754
963.688336,114.855485,76.570323,-9418.149754
963.688964,76.570323,114.855485,-9418.149754
963.689591,114.855485,133.998066,-9360.722011
963.690219,95.712904,95.712904,-9399.007173
963.690846,133.998066,133.998066,-9437.292334
963.691473,76.570323,210.568389,-9418.149754
963.692101,76.570323,114.855485,-9418.149754
963.692728,133.998066,210.568389,-9418.149754
963.693356,76.570323,153.140646,-9418.149754
963.693983,76.570323,153.140646,-9418.149754
963.694610,114.855485,95.712904,-9399.007173
963.695238,38.285162,153.140646,-9418.149754
963.695865,57.427742,153.140646,-9360.722011
963.696493,114.855485,191.425808,-9360.722011
963.697120,95.712904,191.425808,-9360.722011
963.697747,38.285162,172.283227,-9418.149754
963.698375,153.140646,153.140646,-9399.007173
963.699002,38.285162,153.140646,-9418.149754
963.699630,133.998066,114.855485,-9418.149754
963.700257,133.998066,172.283227,-9418.149754
963.700884,133.998066,153.140646,-9437.292334
963.701512,76.570323,153.140646,-9418.149754
963.702139,133.998066,114.855485,-9437.292334
963.702767,133.998066,153.140646,-9360.722011
963.703394,76.570323,114.855485,-9418.149754
963.704021,133.998066,191.425808,-9418.149754
963.704649,133.998066,114.855485,-9418.149754
963.705276,114.855485,191.425808,-9360.722011
963.705904,76.570323,153.140646,-9418.149754
963.706531,95.712904,153.140646,-9360.722011
963.707158,114.855485,210.568389,-9418.149754
963.707786,114.855485,191.425808,-9360.722011
963.708413,38.285162,153.140646,-9418.149754
963.709041,38.285162,153.140646,-9418.149754
963.709668,76.570323,114.855485,-9418.149754
963.710295,76.570323,114.855485,-9399.007173
963.710923,172.283227,153.140646,-9379.864592
963.711550,38.285162,114.855485,-9418.149754
963.712177,95.712904,95.712904,-9399.007173
963.712805,133.998066,114.855485,-9418.149754
963.713432,133.998066,153.140646,-9418.149754
963.714060,95.712904,172.283227,-9418.149754
963.714687,76.570323,114.855485,-9418.149754
963.715314,76.570323,153.140646,-9418.149754
963.715942,76.570323,114.855485,-9418.149754
963.716569,114.855485,133.998066,-9360.722011
963.717197,114.855485,191.425808,-9360.722011
963.717824,133.998066,114.855485,-9418.149754
963.718451,133.998066,114.855485,-9418.149754
963.719079,114.855485,210.568389,-9379.864592
963.719706,114.855485,95.712904,-9456.434915
963.720334,95.712904,133.998066,-9360.722011
963.720961,57.427742,133.998066,-9360.722011
963.721588,38.285162,114.855485,-9475.577496
963.722216,76.570323,172.283227,-9418.149754
963.722843,114.855485,133.998066,-9360.722011
963.723471,76.570323,114.855485,-9437.292334
963.724098,76.570323,114.855485,-9418.149754
963.724725,133.998066,133.998066,-9399.007173
963.725353,76.570323,114.855485,-9360.722011
963.725980,133.998066,210.568389,-9418.149754
963.726608,95.712904,76.570323,-9379.864592
963.727235,57.427742,153.140646,-9360.722011
963.727862,76.570323,172.283227,-9418.149754
963.728490,133.998066,114.855485,-9418.149754
963.729117,95.712904,172.283227,-9360.722011
963.729745,38.285162,114.855485,-9418.149754
963.730372,38.285162,172.283227,-9418.149754
963.730999,76.570323,114.855485,-9418.149754
963.731627,95.712904,133.998066,-9360.722011
963.732254,133.998066,114.855485,-9418.149754
963.732882,95.712904,172.283227,-9360.722011
963.733509,38.285162,153.140646,-9418.149754
963.734136,133.998066,114.855485,-9418.149754
963.734764,38.285162,114.855485,-9418.149754
963.735391,76.570323,172.283227,-9418.149754
963.736019,95.712904,172.283227,-9360.722011
963.736646,38.285162,191.425808,-9418.149754
963.737273,133.998066,153.140646,-9437.292334
963.737901,76.570323,210.568389,-9418.149754
963.738528,114.855485,133.998066,-9360.722011
963.739156,133.998066,153.140646,-9456.434915
963.739783,57.427742,95.712904,-9399.007173
963.740410,95.712904,133.998066,-9360.722011
963.741038,95.712904,95.712904,-9456.434915
963.741665,38.285162,114.855485,-9418.149754
963.742293,76.570323,114.855485,-9418.149754
963.742920,76.570323,229.710970,-9418.149754
963.743547,153.140646,191.425808,-9399.007173
963.744175,38.285162,153.140646,-9437.292334
963.744802,38.285162,114.855485,-9418.149754
963.745430,95.712904,210.568389,-9360.722011
963.746057,153.140646,172.283227,-9437.292334
963.746684,95.712904,153.140646,-9360.722011
963.747312,133.998066,172.283227,-9437.292334
963.747939,95.712904,114.855485,-9418.149754
963.748567,95.712904,95.712904,-9399.007173
963.749194,76.570323,114.855485,-9418.149754
963.749821,95.712904,153.140646,-9418.149754
963.750449,114.855485,133.998066,-9360.722011
963.751076,133.998066,210.568389,-9475.577496
963.751704,153.140646,133.998066,-9437.292334
963.752331,76.570323,153.140646,-9418.149754
963.752958,133.998066,210.568389,-9418.149754
963.753586,57.427742,133.998066,-9360.722011
963.754213,133.998066,172.283227,-9418.149754
963.754841,38.285162,114.855485,-9418.149754
963.755468,172.283227,153.140646,-9418.149754
963.756095,114.855485,248.853550,-9418.149754
963.756723,133.998066,114.855485,-9418.149754
963.757350,95.712904,133.998066,-9360.722011
963.757978,133.998066,153.140646,-9437.292334
963.758605,76.570323,114.855485,-9418.149754
963.759232,114.855485,95.712904,-9456.434915
963.759860,133.998066,172.283227,-9418.149754
963.760487,76.570323,114.855485,-9418.149754
963.761115,57.427742,95.712904,-9399.007173
963.761742,95.712904,114.855485,-9418.149754
963.762369,76.570323,114.855485,-9437.292334
963.762997,133.998066,114.855485,-9418.149754
963.763624,133.998066,114.855485,-9456.434915
963.764251,76.570323,172.283227,-9418.149754
963.764879,38.285162,172.283227,-9418.149754
963.765506,38.285162,114.855485,-9418.149754
963.766133,153.140646,153.140646,-9399.007173
963.766761,76.570323,114.855485,-9418.149754
963.767388,38.285162,172.283227,-9437.292334
963.768016,133.998066,153.140646,-9360.722011
963.768643,57.427742,95.712904,-9418.149754
963.769270,114.855485,95.712904,-9399.007173
963.769898,57.427742,114.855485,-9399.007173
963.770525,133.998066,114.855485,-9418.149754
963.771152,133.998066,248.853550,-9399.007173
963.771780,76.570323,210.568389,-9418.149754
963.772407,114.855485,191.425808,-9360.722011
963.773034,38.285162,114.855485,-9437.292334
963.773662,76.570323,114.855485,-9418.149754
963.774289,38.285162,172.283227,-9418.149754
963.774916,76.570323,172.283227,-9418.149754
963.775544,38.285162,114.855485,-9418.149754
963.776171,133.998066,114.855485,-9418.149754
963.776799,133.998066,229.710970,-9456.434915
963.777426,133.998066,210.568389,-9418.149754
963.778053,95.712904,114.855485,-9418.149754
963.778681,95.712904,95.712904,-9399.007173
963.779308,38.285162,114.855485,-9418.149754
963.779935,76.570323,172.283227,-9418.149754
963.780563,76.570323,114.855485,-9418.149754
963.781190,38.285162,114.855485,-9418.149754
963.781817,133.998066,114.855485,-9418.149754
963.782445,153.140646,114.855485,-9418.149754
963.783072,114.855485,114.855485,-9322.436850
963.783700,95.712904,114.855485,-9399.007173
963.784327,76.570323,153.140646,-9418.149754
963.784954,153.140646,133.998066,-9399.007173
963.785582,76.570323,172.283227,-9418.149754
963.786209,95.712904,133.998066,-9360.722011
963.786836,95.712904,133.998066,-9360.722011
963.787464,133.998066,172.283227,-9418.149754
963.788091,133.998066,76.570323,-9379.864592
963.788718,133.998066,114.855485,-9418.149754
963.789346,133.998066,133.998066,-9399.007173
963.789973,133.998066,172.283227,-9418.149754
963.790600,95.712904,153.140646,-9360.722011
963.791228,76.570323,114.855485,-9418.149754
963.791855,133.998066,114.855485,-9418.149754
963.792483,114.855485,95.712904,-9399.007173
963.793110,95.712904,133.998066,-9360.722011
963.793737,38.285162,114.855485,-9418.149754
963.794365,76.570323,114.855485,-9418.149754
963.794992,76.570323,172.283227,-9418.149754
963.795619,133.998066,114.855485,-9418.149754
963.796247,133.998066,153.140646,-9418.149754
963.796874,133.998066,210.568389,-9418.149754
963.797501,95.712904,133.998066,-9360.722011
963.798129,76.570323,172.283227,-9418.149754
963.798756,133.998066,114.855485,-9418.149754
963.799384,153.140646,153.140646,-9399.007173
963.800011,133.998066,172.283227,-9399.007173
963.800638,95.712904,133.998066,-9360.722011
963.801266,95.712904,153.140646,-9418.149754
963.801893,95.712904,172.283227,-9418.149754
963.802520,133.998066,114.855485,-9418.149754
963.803148,153.140646,210.568389,-9379.864592
963.803775,95.712904,133.998066,-9360.722011
963.804402,95.712904,133.998066,-9360.722011
963.805030,76.570323,172.283227,-9418.149754
963.805657,95.712904,172.283227,-9360.722011
963.806284,172.283227,210.568389,-9379.864592
963.806912,76.570323,229.710970,-9437.292334
963.807539,38.285162,114.855485,-9418.149754
963.808167,38.285162,114.855485,-9418.149754
963.808794,76.570323,172.283227,-9418.149754
963.809421,114.855485,172.283227,-9360.722011
963.810049,57.427742,133.998066,-9341.579430
963.810676,95.712904,95.712904,-9379.864592
963.811303,114.855485,133.998066,-9360.722011
963.811931,133.998066,114.855485,-9456.434915
963.812558,95.712904,95.712904,-9399.007173
963.813185,114.855485,95.712904,-9399.007173
963.813813,133.998066,114.855485,-9418.149754
963.814440,114.855485,172.283227,-9341.579430
963.815068,95.712904,153.140646,-9360.722011
963.815695,133.998066,153.140646,-9418.149754
963.816322,76.570323,210.568389,-9360.722011
963.816950,133.998066,153.140646,-9399.007173
963.817577,76.570323,153.140646,-9418.149754
963.818204,76.570323,172.283227,-9418.149754
963.818832,76.570323,153.140646,-9418.149754
963.819459,133.998066,114.855485,-9437.292334
963.820086,153.140646,133.998066,-9399.007173
963.820714,76.570323,114.855485,-9418.149754
963.821341,57.427742,95.712904,-9399.007173
963.821968,95.712904,133.998066,-9360.722011
963.822596,133.998066,114.855485,-9418.149754
963.823223,76.570323,114.855485,-9418.149754
963.823851,95.712904,95.712904,-9399.007173
963.824478,76.570323,172.283227,-9418.149754
963.825105,153.140646,133.998066,-9494.720077
963.825733,133.998066,133.998066,-9399.007173
963.826360,133.998066,114.855485,-9418.149754
963.826987,114.855485,153.140646,-9322.436850
963.827615,114.855485,133.998066,-9360.722011
963.828242,153.140646,153.140646,-9399.007173
963.828869,95.712904,133.998066,-9360.722011
963.829497,133.998066,153.140646,-9456.434915
963.830124,114.855485,95.712904,-9399.007173
963.830752,95.712904,153.140646,-9360.722011
963.831379,133.998066,153.140646,-9399.007173
963.832006,95.712904,95.712904,-9399.007173
963.832634,57.427742,95.712904,-9399.007173
963.833261,133.998066,153.140646,-9418.149754
963.833888,76.570323,172.283227,-9418.149754
963.834516,76.570323,114.855485,-9418.149754
963.835143,133.998066,153.140646,-9418.149754
963.835770,95.712904,114.855485,-9418.149754
963.836398,38.285162,114.855485,-9418.149754
963.837025,76.570323,172.283227,-9418.149754
963.837652,133.998066,210.568389,-9456.434915
963.838280,38.285162,153.140646,-9418.149754
963.838907,76.570323,210.568389,-9418.149754
963.839535,133.998066,210.568389,-9418.149754
963.840162,38.285162,114.855485,-9475.577496
963.840789,95.712904,95.712904,-9399.007173
963.841417,133.998066,172.283227,-9418.149754
963.842044,76.570323,114.855485,-9437.292334
963.842671,133.998066,172.283227,-9456.434915
963.843299,133.998066,114.855485,-9456.434915
963.843926,76.570323,114.855485,-9437.292334
963.844553,133.998066,153.140646,-9437.292334
963.845181,76.570323,172.283227,-9456.434915
963.845808,133.998066,153.140646,-9418.149754
963.846436,133.998066,133.998066,-9399.007173
963.847063,76.570323,114.855485,-9418.149754
963.847690,76.570323,114.855485,-9418.149754
963.848318,76.570323,114.855485,-9437.292334
963.848945,76.570323,153.140646,-9418.149754
963.849572,38.285162,210.568389,-9418.149754
963.850200,76.570323,114.855485,-9418.149754
963.850827,95.712904,133.998066,-9360.722011
963.851454,76.570323,114.855485,-9418.149754
963.852082,95.712904,95.712904,-9399.007173
963.852709,153.140646,95.712904,-9360.722011
963.853336,95.712904,95.712904,-9399.007173
963.853964,57.427742,95.712904,-9399.007173
963.854591,76.570323,114.855485,-9418.149754
963.855219,76.570323,114.855485,-9418.149754
963.855846,38.285162,172.283227,-9418.149754
963.856473,95.712904,172.283227,-9360.722011
963.857101,38.285162,114.855485,-9418.149754
963.857728,133.998066,172.283227,-9418.149754
963.858355,114.855485,210.568389,-9379.864592
963.858983,76.570323,153.140646,-9418.149754
963.859610,76.570323,153.140646,-9418.149754
963.860237,133.998066,133.998066,-9399.007173
963.860865,76.570323,114.855485,-9437.292334
963.861492,95.712904,76.570323,-9418.149754
963.862120,95.712904,210.568389,-9360.722011
963.862747,76.570323,172.283227,-9418.149754
963.863375,76.570323,114.855485,-9418.149754
963.864002,114.855485,191.425808,-9360.722011
963.864630,38.285162,114.855485,-9418.149754
963.865257,76.570323,210.568389,-9360.722011
963.865885,133.998066,172.283227,-9418.149754
963.866512,133.998066,114.855485,-9418.149754
963.867140,76.570323,114.855485,-9418.149754
963.867768,133.998066,172.283227,-9418.149754
963.868395,38.285162,153.140646,-9418.149754
963.869023,76.570323,114.855485,-9418.149754
963.869650,76.570323,172.283227,-9418.149754
963.870278,95.712904,114.855485,-9418.149754
963.870905,95.712904,153.140646,-9360.722011
963.871533,95.712904,172.283227,-9418.149754
963.872160,76.570323,76.570323,-9379.864592
963.872788,76.570323,114.855485,-9418.149754
963.873415,153.140646,153.140646,-9399.007173
963.874043,95.712904,95.712904,-9399.007173
963.874670,114.855485,172.283227,-9379.864592
963.875298,76.570323,114.855485,-9418.149754
963.875925,76.570323,114.855485,-9418.149754
963.876553,133.998066,114.855485,-9418.149754
963.877180,133.998066,114.855485,-9418.149754
963.877808,114.855485,153.140646,-9360.722011
963.878435,38.285162,114.855485,-9418.149754
963.879063,76.570323,114.855485,-9418.149754
963.879690,133.998066,114.855485,-9437.292334
963.880318,76.570323,210.568389,-9418.149754
963.880945,133.998066,114.855485,-9418.149754
963.881573,76.570323,114.855485,-9418.149754
963.882200,76.570323,114.855485,-9418.149754
963.882828,38.285162,191.425808,-9475.577496
963.883455,133.998066,114.855485,-9418.149754
963.884083,114.855485,153.140646,-9360.722011
963.884710,76.570323,191.425808,-9341.579430
963.885338,133.998066,114.855485,-9418.149754
963.885965,76.570323,114.855485,-9418.149754
963.886593,76.570323,114.855485,-9456.434915
963.887220,133.998066,153.140646,-9360.722011
963.887848,76.570323,210.568389,-9418.149754
963.888475,133.998066,172.283227,-9418.149754
963.889103,76.570323,153.140646,-9418.149754
963.889730,95.712904,229.710970,-9418.149754
963.890358,95.712904,153.140646,-9360.722011
963.890985,95.712904,153.140646,-9360.722011
963.891613,95.712904,95.712904,-9399.007173
963.892240,38.285162,114.855485,-9418.149754
963.892868,38.285162,172.283227,-9418.149754
963.893495,76.570323,114.855485,-9360.722011
963.894123,76.570323,114.855485,-9418.149754
963.894750,57.427742,133.998066,-9360.722011
963.895378,95.712904,95.712904,-9494.720077
963.896005,38.285162,153.140646,-9418.149754
963.896633,133.998066,172.283227,-9360.722011
963.897260,172.283227,191.425808,-9360.722011
963.897888,38.285162,114.855485,-9418.149754
963.898515,133.998066,114.855485,-9437.292334
963.899143,76.570323,95.712904,-9399.007173
963.899770,95.712904,95.712904,-9456.434915
963.900398,95.712904,153.140646,-9360.722011
963.901025,38.285162,210.568389,-9418.149754
963.901653,76.570323,153.140646,-9418.149754
963.902280,114.855485,114.855485,-9456.434915
963.902908,76.570323,114.855485,-9418.149754
963.903535,133.998066,172.283227,-9456.434915
963.904163,133.998066,114.855485,-9418.149754
963.904790,114.855485,210.568389,-9379.864592
963.905418,57.427742,133.998066,-9360.722011
963.906045,133.998066,114.855485,-9418.149754
963.906673,133.998066,210.568389,-9418.149754
963.907300,76.570323,114.855485,-9418.149754
963.907928,76.570323,114.855485,-9418.149754
963.908555,38.285162,172.283227,-9418.149754
963.909183,76.570323,153.140646,-9418.149754
963.909810,38.285162,172.283227,-9418.149754
963.910438,76.570323,210.568389,-9418.149754
963.911065,76.570323,229.710970,-9418.149754
963.911693,133.998066,114.855485,-9418.149754
963.912320,133.998066,114.855485,-9418.149754
963.912948,95.712904,95.712904,-9399.007173
963.913575,95.712904,153.140646,-9437.292334
963.914203,133.998066,153.140646,-9418.149754
963.914830,95.712904,95.712904,-9513.862658
963.915458,38.285162,114.855485,-9418.149754
963.916085,76.570323,172.283227,-9418.149754
963.916713,76.570323,114.855485,-9456.434915
963.917340,133.998066,114.855485,-9418.149754
963.917968,76.570323,172.283227,-9360.722011
963.918595,153.140646,153.140646,-9399.007173
963.919223,76.570323,114.855485,-9418.149754
963.919850,114.855485,133.998066,-9360.722011
963.920478,76.570323,114.855485,-9418.149754
963.921105,76.570323,210.568389,-9418.149754
963.921733,133.998066,172.283227,-9379.864592
963.922360,57.427742,172.283227,-9360.722011
963.922988,95.712904,133.998066,-9360.722011
963.923615,114.855485,191.425808,-9360.722011
963.924243,95.712904,95.712904,-9456.434915
963.924870,133.998066,114.855485,-9418.149754
963.925498,76.570323,210.568389,-9418.149754
963.926125,76.570323,172.283227,-9456.434915
963.926753,153.140646,133.998066,-9399.007173
963.927380,76.570323,133.998066,-9475.577496
963.928008,76.570323,191.425808,-9418.149754
963.928635,95.712904,191.425808,-9418.149754
963.929263,133.998066,210.568389,-9418.149754
963.929890,38.285162,172.283227,-9360.722011
963.930518,38.285162,114.855485,-9418.149754
963.931145,76.570323,210.568389,-9418.149754
963.931773,133.998066,172.283227,-9418.149754
963.932400,133.998066,172.283227,-9437.292334
963.933028,76.570323,114.855485,-9418.149754
963.933655,133.998066,114.855485,-9360.722011
963.934283,133.998066,114.855485,-9418.149754
963.934910,38.285162,210.568389,-9360.722011
963.935538,76.570323,153.140646,-9418.149754
963.936165,38.285162,153.140646,-9418.149754
963.936793,76.570323,114.855485,-9418.149754
963.937420,95.712904,133.998066,-9341.579430
963.938048,76.570323,172.283227,-9437.292334
963.938675,76.570323,153.140646,-9437.292334
963.939303,153.140646,191.425808,-9399.007173
963.939930,76.570323,114.855485,-9418.149754
963.940558,133.998066,210.568389,-9418.149754
963.941185,76.570323,153.140646,-9418.149754
963.941813,38.285162,114.855485,-9418.149754
963.942440,95.712904,153.140646,-9360.722011
963.943068,95.712904,133.998066,-9360.722011
963.943695,95.712904,172.283227,-9360.722011
963.944323,76.570323,172.283227,-9418.149754
963.944950,172.283227,114.855485,-9379.864592
963.945578,76.570323,114.855485,-9418.149754
963.946205,95.712904,114.855485,-9418.149754
963.946833,76.570323,114.855485,-9418.149754
963.947460,76.570323,114.855485,-9418.149754
963.948088,114.855485,210.568389,-9379.864592
963.948715,114.855485,95.712904,-9475.577496
963.949343,76.570323,172.283227,-9418.149754
963.949970,76.570323,210.568389,-9418.149754
963.950598,95.712904,114.855485,-9360.722011
963.951225,133.998066,172.283227,-9418.149754
963.951853,133.998066,114.855485,-9418.149754
963.952480,95.712904,133.998066,-9360.722011
963.953108,114.855485,95.712904,-9399.007173
963.953735,38.285162,114.855485,-9418.149754
963.954363,114.855485,133.998066,-9360.722011
963.954990,76.570323,114.855485,-9418.149754
963.955618,114.855485,153.140646,-9418.149754
963.956245,38.285162,114.855485,-9418.149754
963.956873,76.570323,114.855485,-9418.149754
963.957500,76.570323,114.855485,-9418.149754
963.958128,153.140646,133.998066,-9399.007173
963.958755,76.570323,114.855485,-9418.149754
963.959383,76.570323,114.855485,-9418.149754
963.960010,133.998066,114.855485,-9418.149754
963.960638,38.285162,114.855485,-9418.149754
963.961265,76.570323,114.855485,-9418.149754
963.961893,133.998066,133.998066,-9399.007173
963.962520,133.998066,114.855485,-9475.577496
963.963148,133.998066,114.855485,-9437.292334
963.963775,95.712904,95.712904,-9399.007173
963.964403,38.285162,114.855485,-9418.149754
963.965030,133.998066,210.568389,-9418.149754
963.965658,76.570323,153.140646,-9418.149754
963.966285,76.570323,114.855485,-9456.434915
963.966913,95.712904,133.998066,-9360.722011
963.967540,38.285162,172.283227,-9418.149754
963.968168,76.570323,191.425808,-9341.579430
963.968795,172.283227,114.855485,-9379.864592
963.969423,76.570323,114.855485,-9418.149754
963.970050,76.570323,172.283227,-9418.149754
963.970678,38.285162,172.283227,-9418.149754
963.971305,38.285162,172.283227,-9418.149754
963.971933,95.712904,172.283227,-9437.292334
963.972560,76.570323,172.283227,-9494.720077
963.973188,76.570323,210.568389,-9418.149754
963.973815,38.285162,153.140646,-9456.434915
963.974443,76.570323,210.568389,-9418.149754
963.975070,76.570323,210.568389,-9437.292334
963.975698,76.570323,114.855485,-9418.149754
963.976325,76.570323,153.140646,-9418.149754
963.976953,76.570323,153.140646,-9418.149754
963.977580,133.998066,114.855485,-9456.434915
963.978208,95.712904,153.140646,-9360.722011
963.978835,57.427742,172.283227,-9360.722011
963.979463,57.427742,95.712904,-9399.007173
963.980090,57.427742,114.855485,-9418.149754
963.980718,38.285162,114.855485,-9418.149754
963.981345,95.712904,172.283227,-9418.149754
963.981973,133.998066,114.855485,-9418.149754
963.982600,114.855485,95.712904,-9399.007173
963.983228,114.855485,114.855485,-9379.864592
963.983855,76.570323,114.855485,-9418.149754
963.984483,95.712904,191.425808,-9360.722011
963.985110,76.570323,114.855485,-9418.149754
963.985738,95.712904,114.855485,-9379.864592
963.986365,76.570323,114.855485,-9418.149754
963.986993,76.570323,210.568389,-9418.149754
963.987620,95.712904,172.283227,-9360.722011
963.988248,76.570323,210.568389,-9418.149754
963.988875,133.998066,191.425808,-9399.007173
963.989503,95.712904,172.283227,-9360.722011
963.990130,114.855485,172.283227,-9360.722011
963.990758,133.998066,133.998066,-9399.007173
963.991385,95.712904,133.998066,-9360.722011
963.992013,76.570323,114.855485,-9399.007173
963.992640,76.570323,114.855485,-9360.722011
963.993268,114.855485,95.712904,-9399.007173
963.993895,76.570323,114.855485,-9418.149754
963.994523,95.712904,172.283227,-9456.434915
963.995150,133.998066,114.855485,-9418.149754
963.995778,76.570323,114.855485,-9418.149754
963.996405,76.570323,114.855485,-9418.149754
963.997033,95.712904,133.998066,-9360.722011
963.997660,133.998066,210.568389,-9418.149754
963.998287,114.855485,95.712904,-9399.007173
963.998915,95.712904,172.283227,-9418.149754
963.999542,95.712904,114.855485,-9418.149754
964.000170,133.998066,114.855485,-9418.149754
964.000797,76.570323,191.425808,-9418.149754
964.001425,133.998066,114.855485,-9456.434915
964.002052,76.570323,153.140646,-9360.722011
964.002680,76.570323,172.283227,-9418.149754
964.003307,133.998066,153.140646,-9418.149754
964.003935,76.570323,76.570323,-9379.864592
964.004562,76.570323,114.855485,-9418.149754
964.005190,95.712904,95.712904,-9399.007173
964.005817,57.427742,95.712904,-9399.007173
964.006445,114.855485,133.998066,-9360.722011
964.007072,153.140646,133.998066,-9456.434915
964.007700,133.998066,114.855485,-9418.149754
964.008327,76.570323,172.283227,-9418.149754
964.008955,153.140646,153.140646,-9399.007173
964.009582,76.570323,114.855485,-9418.149754
964.010210,57.427742,133.998066,-9360.722011
964.010837,95.712904,153.140646,-9418.149754
964.011465,133.998066,114.855485,-9418.149754
964.012092,133.998066,114.855485,-9418.149754
964.012720,133.998066,172.283227,-9418.149754
964.013347,133.998066,153.140646,-9399.007173
964.013975,38.285162,114.855485,-9456.434915
964.014602,133.998066,114.855485,-9418.149754
964.015230,38.285162,172.283227,-9418.149754
964.015857,114.855485,248.853550,-9360.722011
964.016485,76.570323,172.283227,-9418.149754
964.017112,76.570323,153.140646,-9418.149754
964.017740,38.285162,153.140646,-9418.149754
964.018367,76.570323,114.855485,-9418.149754
964.018995,95.712904,191.425808,-9360.722011
964.019622,133.998066,153.140646,-9418.149754
964.020250,153.140646,133.998066,-9399.007173
964.020877,95.712904,133.998066,-9360.722011
964.021505,95.712904,114.855485,-9399.007173
964.022132,38.285162,114.855485,-9418.149754
964.022760,76.570323,114.855485,-9418.149754
964.023387,76.570323,114.855485,-9418.149754
964.024015,95.712904,191.425808,-9360.722011
964.024642,38.285162,114.855485,-9418.149754
964.025270,76.570323,114.855485,-9418.149754
964.025897,76.570323,114.855485,-9418.149754
964.026525,114.855485,133.998066,-9360.722011
964.027152,38.285162,153.140646,-9360.722011
964.027780,76.570323,114.855485,-9418.149754
964.028407,95.712904,95.712904,-9399.007173
964.029035,38.285162,153.140646,-9437.292334
964.029662,133.998066,114.855485,-9418.149754
964.030290,133.998066,114.855485,-9456.434915
964.030917,76.570323,114.855485,-9418.149754
964.031545,133.998066,153.140646,-9418.149754
964.032172,76.570323,114.855485,-9418.149754
964.032800,38.285162,172.283227,-9418.149754
964.033427,133.998066,153.140646,-9418.149754
964.034055,153.140646,133.998066,-9456.434915
964.034682,76.570323,114.855485,-9418.149754
964.035310,95.712904,153.140646,-9418.149754
964.035937,38.285162,114.855485,-9418.149754
964.036564,133.998066,172.283227,-9437.292334
964.037192,76.570323,153.140646,-9456.434915
964.037819,76.570323,153.140646,-9418.149754
964.038447,38.285162,172.283227,-9437.292334
964.039074,114.855485,114.855485,-9399.007173
964.039702,114.855485,95.712904,-9399.007173
964.040329,153.140646,133.998066,-9399.007173
964.040957,172.283227,114.855485,-9379.864592
964.041584,114.855485,133.998066,-9360.722011
964.042212,76.570323,114.855485,-9418.149754
964.042839,95.712904,133.998066,-9360.722011
964.043467,76.570323,114.855485,-9418.149754
964.044094,95.712904,172.283227,-9494.720077
964.044722,19.142581,114.855485,-9418.149754
964.045349,38.285162,114.855485,-9418.149754
964.045977,133.998066,172.283227,-9418.149754
964.046604,133.998066,210.568389,-9494.720077
964.047232,76.570323,114.855485,-9418.149754
964.047859,76.570323,114.855485,-9418.149754
964.048487,133.998066,210.568389,-9418.149754
964.049114,153.140646,153.140646,-9399.007173
964.049742,57.427742,248.853550,-9360.722011
964.050369,133.998066,114.855485,-9418.149754
964.050997,76.570323,114.855485,-9418.149754
964.051624,76.570323,114.855485,-9418.149754
964.052252,76.570323,114.855485,-9418.149754
964.052879,114.855485,95.712904,-9437.292334
964.053507,95.712904,153.140646,-9418.149754
964.054134,133.998066,114.855485,-9418.149754
964.054762,133.998066,153.140646,-9418.149754
964.055389,76.570323,114.855485,-9456.434915
964.056017,38.285162,114.855485,-9418.149754
964.056644,95.712904,133.998066,-9360.722011
964.057272,57.427742,133.998066,-9418.149754
964.057899,133.998066,172.283227,-9399.007173
964.058527,76.570323,114.855485,-9418.149754
964.059154,153.140646,133.998066,-9399.007173
964.059782,76.570323,114.855485,-9418.149754
964.060409,76.570323,172.283227,-9456.434915
964.061037,0.000000,95.712904,-9437.292334
964.061664,76.570323,172.283227,-9418.149754
964.062292,114.855485,114.855485,-9399.007173
964.062919,95.712904,133.998066,-9360.722011
964.063547,133.998066,153.140646,-9418.149754
964.064174,114.855485,172.283227,-9360.722011
964.064802,76.570323,114.855485,-9456.434915
964.065429,133.998066,133.998066,-9399.007173
964.066057,38.285162,114.855485,-9418.149754
964.066684,76.570323,153.140646,-9456.434915
964.067312,172.283227,133.998066,-9360.722011
964.067940,133.998066,114.855485,-9418.149754
964.068567,133.998066,172.283227,-9418.149754
964.069195,133.998066,76.570323,-9379.864592
964.069822,76.570323,153.140646,-9418.149754
964.070450,133.998066,153.140646,-9456.434915
964.071077,38.285162,172.283227,-9418.149754
964.071705,38.285162,114.855485,-9418.149754
964.072332,133.998066,114.855485,-9360.722011
964.072960,172.283227,76.570323,-9418.149754
964.073587,76.570323,172.283227,-9456.434915
964.074215,76.570323,153.140646,-9418.149754
964.074842,95.712904,153.140646,-9360.722011
964.075470,133.998066,153.140646,-9437.292334
964.076097,76.570323,153.140646,-9418.149754
964.076725,133.998066,114.855485,-9456.434915
964.077352,57.427742,133.998066,-9360.722011
964.077980,114.855485,76.570323,-9360.722011
964.078608,95.712904,95.712904,-9399.007173
964.079235,95.712904,114.855485,-9418.149754
964.079863,95.712904,133.998066,-9360.722011
964.080490,95.712904,133.998066,-9360.722011
964.081118,133.998066,114.855485,-9418.149754
964.081745,133.998066,133.998066,-9399.007173
964.082373,95.712904,172.283227,-9399.007173
964.083000,133.998066,114.855485,-9418.149754
964.083628,76.570323,114.855485,-9456.434915
964.084255,76.570323,114.855485,-9418.149754
964.084883,133.998066,153.140646,-9456.434915
964.085510,114.855485,76.570323,-9418.149754
964.086138,133.998066,153.140646,-9418.149754
964.086765,95.712904,172.283227,-9418.149754
964.087393,38.285162,114.855485,-9418.149754
964.088021,38.285162,114.855485,-9418.149754
964.088648,95.712904,172.283227,-9456.434915
964.089276,76.570323,172.283227,-9418.149754
964.089903,153.140646,133.998066,-9399.007173
964.090531,57.427742,133.998066,-9360.722011
964.091158,133.998066,133.998066,-9456.434915
964.091786,38.285162,172.283227,-9418.149754
964.092413,95.712904,133.998066,-9360.722011
964.093041,57.427742,191.425808,-9360.722011
964.093668,114.855485,133.998066,-9360.722011
964.094296,133.998066,172.283227,-9418.149754
964.094923,133.998066,172.283227,-9418.149754
964.095551,76.570323,114.855485,-9360.722011
964.096178,133.998066,114.855485,-9418.149754
964.096806,95.712904,153.140646,-9360.722011
964.097433,76.570323,153.140646,-9418.149754
964.098061,114.855485,133.998066,-9360.722011
964.098689,76.570323,114.855485,-9418.149754
964.099316,38.285162,114.855485,-9418.149754
964.099944,95.712904,133.998066,-9360.722011
964.100571,133.998066,114.855485,-9418.149754
964.101199,76.570323,114.855485,-9418.149754
964.101826,133.998066,172.283227,-9418.149754
964.102454,114.855485,191.425808,-9360.722011
964.103081,76.570323,172.283227,-9418.149754
964.103709,114.855485,133.998066,-9360.722011
964.104336,38.285162,210.568389,-9418.149754
964.104964,133.998066,172.283227,-9418.149754
964.105591,19.142581,114.855485,-9456.434915
964.106219,95.712904,95.712904,-9399.007173
964.106846,76.570323,95.712904,-9399.007173
964.107474,76.570323,172.283227,-9418.149754
964.108102,38.285162,191.425808,-9418.149754
964.108729,153.140646,133.998066,-9399.007173
964.109357,76.570323,153.140646,-9418.149754
964.109984,38.285162,114.855485,-9418.149754
964.110612,76.570323,114.855485,-9418.149754
964.111239,76.570323,114.855485,-9418.149754
964.111867,114.855485,133.998066,-9360.722011
964.112494,133.998066,153.140646,-9418.149754
964.113122,133.998066,172.283227,-9418.149754
964.113749,95.712904,133.998066,-9360.722011
964.114377,38.285162,114.855485,-9418.149754
964.115004,95.712904,95.712904,-9456.434915
964.115632,38.285162,114.855485,-9418.149754
964.116259,38.285162,114.855485,-9399.007173
964.116887,76.570323,153.140646,-9418.149754
964.117514,76.570323,114.855485,-9418.149754
964.118142,133.998066,114.855485,-9456.434915
964.118770,133.998066,114.855485,-9418.149754
964.119397,76.570323,114.855485,-9418.149754
964.120025,133.998066,114.855485,-9418.149754
964.120652,57.427742,114.855485,-9418.149754
964.121280,114.855485,133.998066,-9360.722011
964.121907,95.712904,114.855485,-9399.007173
964.122535,57.427742,153.140646,-9418.149754
964.123162,133.998066,153.140646,-9456.434915
964.123790,153.140646,210.568389,-9418.149754
964.124417,114.855485,153.140646,-9360.722011
964.125045,133.998066,153.140646,-9399.007173
964.125672,57.427742,114.855485,-9437.292334
964.126300,76.570323,114.855485,-9418.149754
964.126927,133.998066,153.140646,-9418.149754
964.127555,76.570323,114.855485,-9418.149754
964.128183,38.285162,172.283227,-9456.434915
964.128810,153.140646,133.998066,-9379.864592
964.129438,114.855485,133.998066,-9360.722011
964.130065,38.285162,172.283227,-9418.149754
964.130693,38.285162,210.568389,-9418.149754
964.131320,133.998066,114.855485,-9418.149754
964.131948,153.140646,133.998066,-9399.007173
964.132575,95.712904,153.140646,-9437.292334
964.133203,133.998066,114.855485,-9418.149754
964.133830,133.998066,114.855485,-9418.149754
964.134458,57.427742,114.855485,-9399.007173
964.135085,38.285162,114.855485,-9418.149754
964.135713,76.570323,114.855485,-9418.149754
964.136340,38.285162,172.283227,-9418.149754
964.136968,153.140646,210.568389,-9399.007173
964.137595,133.998066,114.855485,-9437.292334
964.138223,133.998066,172.283227,-9418.149754
964.138851,133.998066,114.855485,-9418.149754
964.139478,57.427742,153.140646,-9360.722011
964.140106,133.998066,153.140646,-9418.149754
964.140733,76.570323,95.712904,-9399.007173
964.141361,114.855485,95.712904,-9399.007173
964.141988,95.712904,95.712904,-9399.007173
964.142616,76.570323,114.855485,-9418.149754
964.143243,57.427742,133.998066,-9360.722011
964.143871,114.855485,133.998066,-9360.722011
964.144498,95.712904,95.712904,-9399.007173
964.145126,133.998066,114.855485,-9437.292334
964.145753,57.427742,114.855485,-9399.007173
964.146381,133.998066,114.855485,-9418.149754
964.147008,133.998066,114.855485,-9418.149754
964.147636,133.998066,114.855485,-9418.149754
964.148264,76.570323,114.855485,-9418.149754
964.148891,114.855485,95.712904,-9399.007173
964.149519,76.570323,114.855485,-9418.149754
964.150146,76.570323,114.855485,-9418.149754
964.150774,95.712904,114.855485,-9437.292334
964.151401,76.570323,191.425808,-9418.149754
964.152029,133.998066,153.140646,-9418.149754
964.152656,133.998066,210.568389,-9418.149754
964.153284,114.855485,133.998066,-9360.722011
964.153911,133.998066,114.855485,-9418.149754
964.154539,133.998066,133.998066,-9456.434915
964.155166,114.855485,133.998066,-9360.722011
964.155794,38.285162,172.283227,-9418.149754
964.156421,76.570323,172.283227,-9437.292334
964.157049,76.570323,114.855485,-9418.149754
964.157676,133.998066,114.855485,-9437.292334
964.158304,95.712904,153.140646,-9456.434915
964.158932,76.570323,114.855485,-9456.434915
964.159559,114.855485,153.140646,-9341.579430
964.160187,133.998066,133.998066,-9399.007173
964.160814,133.998066,172.283227,-9418.149754
964.161442,76.570323,153.140646,-9418.149754
964.162069,95.712904,114.855485,-9418.149754
964.162697,153.140646,133.998066,-9399.007173
964.163324,76.570323,114.855485,-9418.149754
964.163952,95.712904,95.712904,-9399.007173
964.164579,133.998066,191.425808,-9418.149754
964.165207,172.283227,114.855485,-9456.434915
964.165834,133.998066,114.855485,-9418.149754
964.166462,95.712904,114.855485,-9418.149754
964.167089,95.712904,133.998066,-9360.722011
964.167717,133.998066,114.855485,-9418.149754
964.168344,95.712904,172.283227,-9360.722011
964.168972,76.570323,114.855485,-9437.292334
964.169599,133.998066,114.855485,-9437.292334
964.170227,38.285162,210.568389,-9456.434915
964.170855,133.998066,153.140646,-9418.149754
964.171482,95.712904,153.140646,-9360.722011
964.172110,133.998066,114.855485,-9418.149754
964.172737,57.427742,95.712904,-9379.864592
964.173365,76.570323,210.568389,-9360.722011
964.173992,133.998066,172.283227,-9418.149754
964.174620,76.570323,153.140646,-9437.292334
964.175247,38.285162,114.855485,-9456.434915
964.175875,76.570323,114.855485,-9360.722011
964.176502,133.998066,114.855485,-9418.149754
964.177130,133.998066,114.855485,-9437.292334
964.177757,76.570323,114.855485,-9418.149754
964.178385,95.712904,114.855485,-9437.292334
964.179012,114.855485,114.855485,-9379.864592
964.179640,114.855485,95.712904,-9475.577496
964.180267,95.712904,95.712904,-9399.007173
964.180895,153.140646,114.855485,-9456.434915
964.181522,76.570323,114.855485,-9456.434915
964.182150,133.998066,191.425808,-9418.149754
964.182778,76.570323,210.568389,-9418.149754
964.183405,76.570323,114.855485,-9437.292334
964.184033,133.998066,133.998066,-9399.007173
964.184660,95.712904,114.855485,-9399.007173
964.185288,76.570323,114.855485,-9418.149754
964.185915,57.427742,210.568389,-9341.579430
964.186543,38.285162,114.855485,-9437.292334
964.187170,133.998066,153.140646,-9399.007173
964.187798,38.285162,172.283227,-9418.149754
964.188425,76.570323,114.855485,-9418.149754
964.189053,57.427742,133.998066,-9360.722011
964.189680,133.998066,114.855485,-9437.292334
964.190308,133.998066,114.855485,-9418.149754
964.190935,95.712904,95.712904,-9494.720077
964.191563,76.570323,210.568389,-9418.149754
964.192190,76.570323,191.425808,-9360.722011
964.192818,57.427742,172.283227,-9418.149754
964.193445,38.285162,114.855485,-9418.149754
964.194073,95.712904,95.712904,-9399.007173
964.194701,76.570323,114.855485,-9418.149754
964.195328,95.712904,133.998066,-9341.579430
964.195956,133.998066,153.140646,-9418.149754
964.196583,133.998066,114.855485,-9418.149754
964.197211,76.570323,114.855485,-9418.149754
964.197838,133.998066,172.283227,-9418.149754
964.198466,76.570323,114.855485,-9418.149754
964.199093,133.998066,114.855485,-9437.292334
964.199721,114.855485,172.283227,-9360.722011
964.200348,38.285162,114.855485,-9437.292334
964.200976,133.998066,114.855485,-9418.149754
964.201603,57.427742,172.283227,-9418.149754
964.202231,133.998066,114.855485,-9418.149754
964.202858,133.998066,114.855485,-9418.149754
964.203486,76.570323,114.855485,-9360.722011
964.204113,114.855485,95.712904,-9399.007173
964.204741,76.570323,114.855485,-9418.149754
964.205368,76.570323,210.568389,-9418.149754
964.205996,133.998066,172.283227,-9437.292334
964.206623,76.570323,210.568389,-9437.292334
964.207251,114.855485,95.712904,-9399.007173
964.207879,38.285162,153.140646,-9418.149754
964.208506,133.998066,172.283227,-9437.292334
964.209134,133.998066,210.568389,-9418.149754
964.209761,133.998066,153.140646,-9418.149754
964.210389,153.140646,133.998066,-9399.007173
964.211016,133.998066,172.283227,-9418.149754
964.211644,95.712904,172.283227,-9360.722011
964.212271,76.570323,114.855485,-9418.149754
964.212899,133.998066,114.855485,-9418.149754
964.213526,114.855485,114.855485,-9379.864592
964.214154,38.285162,172.283227,-9418.149754
964.214781,95.712904,133.998066,-9360.722011
964.215409,76.570323,114.855485,-9418.149754
964.216036,133.998066,114.855485,-9418.149754
964.216664,95.712904,133.998066,-9360.722011
964.217291,57.427742,133.998066,-9360.722011
964.217919,38.285162,172.283227,-9418.149754
964.218546,95.712904,153.140646,-9418.149754
964.219174,57.427742,153.140646,-9360.722011
964.219802,95.712904,153.140646,-9418.149754
964.220429,57.427742,133.998066,-9360.722011
964.221057,133.998066,191.425808,-9418.149754
964.221684,133.998066,114.855485,-9418.149754
964.222312,76.570323,153.140646,-9418.149754
964.222939,76.570323,114.855485,-9418.149754
964.223567,133.998066,114.855485,-9418.149754
964.224194,76.570323,114.855485,-9456.434915
964.224822,76.570323,229.710970,-9418.149754
964.225449,76.570323,172.283227,-9418.149754
964.226077,114.855485,172.283227,-9360.722011
964.226704,76.570323,114.855485,-9360.722011
964.227332,133.998066,133.998066,-9399.007173
964.227959,95.712904,172.283227,-9418.149754
964.228587,95.712904,114.855485,-9418.149754
964.229214,172.283227,76.570323,-9418.149754
964.229842,76.570323,172.283227,-9360.722011
964.230469,76.570323,114.855485,-9418.149754
964.231097,95.712904,133.998066,-9360.722011
964.231725,95.712904,95.712904,-9456.434915
964.232352,133.998066,153.140646,-9360.722011
964.232980,133.998066,133.998066,-9456.434915
964.233607,133.998066,114.855485,-9418.149754
964.234235,76.570323,172.283227,-9456.434915
964.234862,76.570323,172.283227,-9418.149754
964.235490,76.570323,210.568389,-9418.149754
964.236117,114.855485,191.425808,-9360.722011
964.236745,133.998066,114.855485,-9437.292334
964.237372,133.998066,153.140646,-9418.149754
964.238000,133.998066,114.855485,-9418.149754
964.238627,57.427742,133.998066,-9360.722011
964.239255,133.998066,114.855485,-9418.149754
964.239882,95.712904,172.283227,-9360.722011
964.240510,76.570323,114.855485,-9456.434915
964.241137,95.712904,133.998066,-9360.722011
964.241765,133.998066,153.140646,-9456.434915
964.242392,153.140646,133.998066,-9399.007173
964.243020,76.570323,153.140646,-9437.292334
964.243647,38.285162,191.425808,-9418.149754
964.244275,76.570323,114.855485,-9418.149754
964.244903,95.712904,172.283227,-9418.149754
964.245530,76.570323,114.855485,-9437.292334
964.246158,76.570323,172.283227,-9418.149754
964.246785,133.998066,133.998066,-9399.007173
964.247413,133.998066,114.855485,-9418.149754
964.248040,76.570323,114.855485,-9418.149754
964.248668,133.998066,114.855485,-9456.434915
964.249295,38.285162,133.998066,-9399.007173
964.249923,76.570323,153.140646,-9418.149754
964.250550,57.427742,114.855485,-9418.149754
964.251178,38.285162,114.855485,-9437.292334
964.251805,76.570323,153.140646,-9418.149754
964.252433,133.998066,172.283227,-9437.292334
964.253060,76.570323,114.855485,-9437.292334
964.253688,95.712904,95.712904,-9399.007173
964.254315,76.570323,114.855485,-9418.149754
964.254943,114.855485,114.855485,-9379.864592
964.255570,114.855485,114.855485,-9399.007173
964.256198,76.570323,114.855485,-9418.149754
964.256826,95.712904,133.998066,-9360.722011
964.257453,133.998066,153.140646,-9437.292334
964.258081,114.855485,172.283227,-9360.722011
964.258708,114.855485,153.140646,-9360.722011
964.259336,38.285162,133.998066,-9284.151688
964.259963,57.427742,153.140646,-9360.722011
964.260591,38.285162,114.855485,-9418.149754
964.261218,76.570323,114.855485,-9360.722011
964.261846,114.855485,133.998066,-9360.722011
964.262473,133.998066,153.140646,-9418.149754
964.263101,95.712904,133.998066,-9360.722011
964.263728,114.855485,95.712904,-9399.007173
964.264356,153.140646,133.998066,-9399.007173
964.264983,114.855485,114.855485,-9475.577496
964.265611,38.285162,114.855485,-9533.005238
964.266238,133.998066,210.568389,-9418.149754
964.266866,133.998066,114.855485,-9437.292334
964.267493,57.427742,133.998066,-9360.722011
964.268121,76.570323,153.140646,-9418.149754
964.268748,76.570323,210.568389,-9418.149754
964.269375,38.285162,114.855485,-9456.434915
964.270003,57.427742,114.855485,-9456.434915
964.270630,133.998066,210.568389,-9418.149754
964.271258,210.568389,133.998066,-9399.007173
964.271885,114.855485,191.425808,-9360.722011
964.272513,172.283227,153.140646,-9322.436850
964.273140,76.570323,114.855485,-9418.149754
964.273768,76.570323,172.283227,-9418.149754
964.274395,114.855485,229.710970,-9418.149754
964.275023,133.998066,133.998066,-9399.007173
964.275650,38.285162,153.140646,-9456.434915
964.276278,38.285162,153.140646,-9418.149754
964.276905,114.855485,172.283227,-9360.722011
964.277533,57.427742,172.283227,-9284.151688
964.278160,38.285162,153.140646,-9418.149754
964.278788,95.712904,95.712904,-9399.007173
964.279415,76.570323,153.140646,-9418.149754
964.280043,76.570323,114.855485,-9418.149754
964.280670,76.570323,153.140646,-9418.149754
964.281298,38.285162,114.855485,-9418.149754
964.281925,76.570323,114.855485,-9418.149754
964.282553,38.285162,153.140646,-9360.722011
964.283180,38.285162,153.140646,-9360.722011
964.283808,38.285162,114.855485,-9418.149754
964.284435,57.427742,133.998066,-9360.722011
964.285063,172.283227,76.570323,-9418.149754
964.285690,38.285162,114.855485,-9418.149754
964.286317,95.712904,133.998066,-9360.722011
964.286945,38.285162,114.855485,-9418.149754
964.287572,38.285162,114.855485,-9418.149754
964.288200,38.285162,172.283227,-9418.149754
964.288827,114.855485,133.998066,-9360.722011
964.289455,133.998066,229.710970,-9418.149754
964.290082,76.570323,114.855485,-9456.434915
964.290710,38.285162,153.140646,-9418.149754
964.291337,38.285162,114.855485,-9475.577496
964.291965,76.570323,191.425808,-9533.005238
964.292592,172.283227,95.712904,-9399.007173
964.293220,95.712904,95.712904,-9399.007173
964.293847,76.570323,210.568389,-9418.149754
964.294475,133.998066,172.283227,-9437.292334
964.295102,95.712904,153.140646,-9418.149754
964.295730,38.285162,172.283227,-9418.149754
964.296357,133.998066,114.855485,-9418.149754
964.296985,153.140646,133.998066,-9399.007173
964.297612,76.570323,172.283227,-9418.149754
964.298240,114.855485,191.425808,-9360.722011
964.298867,76.570323,153.140646,-9418.149754
964.299495,76.570323,172.283227,-9418.149754
964.300122,76.570323,114.855485,-9418.149754
964.300750,76.570323,114.855485,-9418.149754
964.301377,0.000000,95.712904,-9399.007173
964.302004,76.570323,172.283227,-9418.149754
964.302632,133.998066,210.568389,-9456.434915
964.303259,114.855485,172.283227,-9456.434915
964.303887,57.427742,133.998066,-9360.722011
964.304514,95.712904,133.998066,-9360.722011
964.305142,114.855485,95.712904,-9399.007173
964.305769,76.570323,172.283227,-9418.149754
964.306397,76.570323,114.855485,-9418.149754
964.307024,76.570323,114.855485,-9418.149754
964.307652,76.570323,172.283227,-9418.149754
964.308279,95.712904,133.998066,-9360.722011
964.308907,76.570323,153.140646,-9418.149754
964.309534,133.998066,114.855485,-9418.149754
964.310162,133.998066,114.855485,-9360.722011
964.310789,57.427742,172.283227,-9360.722011
964.311417,95.712904,114.855485,-9418.149754
964.312044,172.283227,76.570323,-9418.149754
964.312672,133.998066,172.283227,-9437.292334
964.313299,133.998066,114.855485,-9475.577496
964.313927,76.570323,114.855485,-9418.149754
964.314554,95.712904,133.998066,-9341.579430
964.315182,133.998066,153.140646,-9399.007173
964.315809,95.712904,153.140646,-9418.149754
964.316437,114.855485,133.998066,-9360.722011
964.317064,114.855485,153.140646,-9360.722011
964.317692,133.998066,172.283227,-9418.149754
964.318319,57.427742,172.283227,-9360.722011
964.318946,76.570323,114.855485,-9456.434915
964.319574,95.712904,133.998066,-9360.722011
964.320201,133.998066,114.855485,-9418.149754
964.320829,133.998066,133.998066,-9399.007173
964.321456,114.855485,114.855485,-9379.864592
964.322084,38.285162,133.998066,-9379.864592
964.322711,95.712904,191.425808,-9360.722011
964.323339,38.285162,172.283227,-9418.149754
964.323966,76.570323,153.140646,-9437.292334
964.324594,38.285162,114.855485,-9418.149754
964.325221,133.998066,210.568389,-9418.149754
964.325849,95.712904,133.998066,-9360.722011
964.326476,133.998066,153.140646,-9418.149754
964.327104,76.570323,114.855485,-9418.149754
964.327731,19.142581,172.283227,-9475.577496
964.328359,38.285162,210.568389,-9418.149754
964.328986,133.998066,172.283227,-9418.149754
964.329614,114.855485,133.998066,-9360.722011
964.330241,38.285162,114.855485,-9360.722011
964.330869,114.855485,76.570323,-9418.149754
964.331496,76.570323,114.855485,-9437.292334
964.332124,76.570323,114.855485,-9418.149754
964.332751,114.855485,133.998066,-9360.722011
964.333379,133.998066,153.140646,-9418.149754
964.334006,38.285162,114.855485,-9437.292334
964.334634,76.570323,229.710970,-9418.149754
964.335261,76.570323,76.570323,-9379.864592
964.335888,95.712904,172.283227,-9360.722011
964.336516,95.712904,95.712904,-9399.007173
964.337143,57.427742,133.998066,-9360.722011
964.337771,153.140646,114.855485,-9418.149754
964.338398,76.570323,114.855485,-9418.149754
964.339026,38.285162,172.283227,-9437.292334
964.339653,133.998066,172.283227,-9418.149754
964.340281,76.570323,114.855485,-9456.434915
964.340908,38.285162,114.855485,-9418.149754
964.341536,76.570323,114.855485,-9418.149754
964.342163,114.855485,133.998066,-9360.722011
964.342791,153.140646,248.853550,-9399.007173
964.343418,76.570323,153.140646,-9437.292334
964.344046,76.570323,114.855485,-9418.149754
964.344673,133.998066,153.140646,-9418.149754
964.345301,38.285162,114.855485,-9418.149754
964.345928,76.570323,114.855485,-9418.149754
964.346556,153.140646,133.998066,-9399.007173
964.347183,76.570323,114.855485,-9437.292334
964.347811,133.998066,114.855485,-9418.149754
964.348438,95.712904,172.283227,-9418.149754
964.349066,133.998066,133.998066,-9399.007173
964.349693,76.570323,76.570323,-9379.864592
964.350321,57.427742,153.140646,-9418.149754
964.350948,38.285162,114.855485,-9437.292334
964.351575,76.570323,153.140646,-9437.292334
964.352203,133.998066,210.568389,-9418.149754
964.352830,153.140646,191.425808,-9399.007173
964.353458,76.570323,114.855485,-9418.149754
964.354085,76.570323,153.140646,-9418.149754
964.354713,76.570323,114.855485,-9418.149754
964.355340,57.427742,95.712904,-9456.434915
964.355968,76.570323,114.855485,-9418.149754
964.356595,95.712904,114.855485,-9475.577496
964.357223,133.998066,114.855485,-9456.434915
964.357850,95.712904,133.998066,-9360.722011
964.358478,95.712904,114.855485,-9418.149754
964.359105,76.570323,210.568389,-9418.149754
964.359733,95.712904,95.712904,-9399.007173
964.360360,95.712904,172.283227,-9418.149754
964.360988,114.855485,114.855485,-9379.864592
964.361615,114.855485,153.140646,-9379.864592
964.362243,38.285162,114.855485,-9456.434915
964.362870,76.570323,172.283227,-9418.149754
964.363497,38.285162,153.140646,-9418.149754
964.364125,133.998066,153.140646,-9437.292334
964.364752,133.998066,114.855485,-9456.434915
964.365380,133.998066,114.855485,-9418.149754
964.366007,57.427742,172.283227,-9360.722011
964.366634,133.998066,114.855485,-9418.149754
964.367262,76.570323,114.855485,-9418.149754
964.367889,38.285162,114.855485,-9418.149754
964.368517,114.855485,95.712904,-9399.007173
964.369144,133.998066,133.998066,-9399.007173
964.369771,114.855485,95.712904,-9399.007173
964.370399,76.570323,191.425808,-9418.149754
964.371026,133.998066,153.140646,-9418.149754
964.371653,95.712904,114.855485,-9379.864592
964.372281,133.998066,172.283227,-9418.149754
964.372908,76.570323,114.855485,-9418.149754
964.373536,133.998066,287.138712,-9360.722011
964.374163,76.570323,153.140646,-9437.292334
964.374790,76.570323,114.855485,-9437.292334
964.375418,133.998066,172.283227,-9418.149754
964.376045,76.570323,114.855485,-9418.149754
964.376673,133.998066,172.283227,-9418.149754
964.377300,133.998066,133.998066,-9399.007173
964.377927,76.570323,114.855485,-9418.149754
964.378555,133.998066,114.855485,-9418.149754
964.379182,153.140646,114.855485,-9360.722011
964.379809,153.140646,114.855485,-9418.149754
964.380437,95.712904,133.998066,-9360.722011
964.381064,133.998066,133.998066,-9399.007173
964.381692,76.570323,172.283227,-9418.149754
964.382319,76.570323,114.855485,-9360.722011
964.382946,133.998066,210.568389,-9418.149754
964.383574,114.855485,133.998066,-9341.579430
964.384201,76.570323,229.710970,-9418.149754
964.384829,76.570323,114.855485,-9418.149754
964.385456,38.285162,210.568389,-9418.149754
964.386083,76.570323,172.283227,-9360.722011
964.386711,38.285162,114.855485,-9418.149754
964.387338,95.712904,133.998066,-9322.436850
964.387965,114.855485,114.855485,-9379.864592
964.388593,133.998066,153.140646,-9418.149754
964.389220,57.427742,133.998066,-9360.722011
964.389848,114.855485,172.283227,-9360.722011
964.390475,133.998066,114.855485,-9418.149754
964.391102,133.998066,114.855485,-9418.149754
964.391730,114.855485,133.998066,-9360.722011
964.392357,133.998066,114.855485,-9418.149754
964.392985,95.712904,38.285162,-9322.436850
964.393612,76.570323,114.855485,-9418.149754
964.394239,38.285162,114.855485,-9475.577496
964.394867,95.712904,114.855485,-9418.149754
964.395494,95.712904,95.712904,-9399.007173
964.396121,76.570323,114.855485,-9418.149754
964.396749,95.712904,95.712904,-9399.007173
964.397376,95.712904,153.140646,-9418.149754
964.398004,95.712904,133.998066,-9360.722011
964.398631,76.570323,153.140646,-9418.149754
964.399258,114.855485,114.855485,-9456.434915
964.399886,133.998066,114.855485,-9418.149754
964.400513,133.998066,114.855485,-9437.292334
964.401141,133.998066,114.855485,-9418.149754
964.401768,95.712904,114.855485,-9418.149754
964.402395,38.285162,114.855485,-9418.149754
964.403023,114.855485,133.998066,-9360.722011
964.403650,114.855485,133.998066,-9322.436850
964.404277,133.998066,114.855485,-9418.149754
964.404905,153.140646,172.283227,-9418.149754
964.405532,95.712904,133.998066,-9360.722011
964.406160,133.998066,114.855485,-9418.149754
964.406787,38.285162,172.283227,-9418.149754
964.407414,153.140646,172.283227,-9399.007173
964.408042,114.855485,133.998066,-9360.722011
964.408669,133.998066,114.855485,-9418.149754
964.409297,95.712904,114.855485,-9418.149754
964.409924,38.285162,153.140646,-9418.149754
964.410551,114.855485,133.998066,-9360.722011
964.411179,95.712904,95.712904,-9399.007173
964.411806,76.570323,114.855485,-9418.149754
964.412433,38.285162,114.855485,-9399.007173
964.413061,153.140646,133.998066,-9399.007173
964.413688,76.570323,114.855485,-9418.149754
964.414316,76.570323,114.855485,-9418.149754
964.414943,114.855485,267.996131,-9418.149754
964.415570,76.570323,153.140646,-9418.149754
964.416198,57.427742,114.855485,-9399.007173
964.416825,76.570323,172.283227,-9418.149754
964.417453,38.285162,114.855485,-9418.149754
964.418080,133.998066,210.568389,-9399.007173
964.418707,114.855485,172.283227,-9341.579430
964.419335,114.855485,153.140646,-9360.722011
964.419962,76.570323,114.855485,-9418.149754
964.420589,76.570323,153.140646,-9360.722011
964.421217,153.140646,133.998066,-9437.292334
964.421844,76.570323,114.855485,-9418.149754
964.422472,114.855485,114.855485,-9379.864592
964.423099,57.427742,133.998066,-9360.722011
964.423726,57.427742,210.568389,-9418.149754
964.424354,76.570323,153.140646,-9418.149754
964.424981,76.570323,114.855485,-9456.434915
964.425609,76.570323,153.140646,-9418.149754
964.426236,133.998066,114.855485,-9418.149754
964.426863,76.570323,210.568389,-9418.149754
964.427491,95.712904,153.140646,-9360.722011
964.428118,76.570323,229.710970,-9437.292334
964.428745,95.712904,172.283227,-9360.722011
964.429373,76.570323,95.712904,-9399.007173
964.430000,76.570323,114.855485,-9418.149754
964.430628,133.998066,76.570323,-9379.864592
964.431255,114.855485,95.712904,-9494.720077
964.431882,114.855485,95.712904,-9437.292334
964.432510,95.712904,153.140646,-9360.722011
964.433137,76.570323,172.283227,-9456.434915
964.433765,133.998066,153.140646,-9360.722011
964.434392,95.712904,133.998066,-9360.722011
964.435019,76.570323,114.855485,-9418.149754
964.435647,57.427742,95.712904,-9399.007173
964.436274,76.570323,114.855485,-9418.149754
964.436901,133.998066,153.140646,-9418.149754
964.437529,76.570323,114.855485,-9418.149754
964.438156,95.712904,133.998066,-9341.579430
964.438784,114.855485,133.998066,-9360.722011
964.439411,133.998066,76.570323,-9379.864592
964.440038,133.998066,114.855485,-9418.149754
964.440666,114.855485,95.712904,-9399.007173
964.441293,76.570323,153.140646,-9418.149754
964.441921,133.998066,114.855485,-9418.149754
964.442548,38.285162,114.855485,-9418.149754
964.443175,76.570323,114.855485,-9418.149754
964.443803,38.285162,172.283227,-9418.149754
964.444430,95.712904,114.855485,-9418.149754
964.445057,95.712904,114.855485,-9437.292334
964.445685,57.427742,95.712904,-9437.292334
964.446312,172.283227,133.998066,-9360.722011
964.446940,95.712904,133.998066,-9360.722011
964.447567,76.570323,114.855485,-9418.149754
964.448194,153.140646,114.855485,-9418.149754
964.448822,153.140646,133.998066,-9456.434915
964.449449,133.998066,172.283227,-9418.149754
964.450077,95.712904,133.998066,-9341.579430
964.450704,133.998066,114.855485,-9360.722011
964.451331,114.855485,153.140646,-9341.579430
964.451959,133.998066,153.140646,-9418.149754
964.452586,76.570323,153.140646,-9360.722011
964.453213,133.998066,114.855485,-9418.149754
964.453841,153.140646,191.425808,-9399.007173
964.454468,133.998066,172.283227,-9418.149754
964.455096,153.140646,133.998066,-9399.007173
964.455723,95.712904,153.140646,-9360.722011
964.456350,133.998066,114.855485,-9418.149754
964.456978,153.140646,133.998066,-9399.007173
964.457605,133.998066,172.283227,-9418.149754
964.458233,76.570323,114.855485,-9418.149754
964.458860,133.998066,114.855485,-9418.149754
964.459487,133.998066,153.140646,-9418.149754
964.460115,133.998066,114.855485,-9418.149754
964.460742,114.855485,114.855485,-9379.864592
964.461369,114.855485,133.998066,-9341.579430
964.461997,76.570323,210.568389,-9418.149754
964.462624,133.998066,114.855485,-9418.149754
964.463252,95.712904,172.283227,-9360.722011
964.463879,76.570323,172.283227,-9418.149754
964.464506,76.570323,133.998066,-9360.722011
964.465134,76.570323,114.855485,-9418.149754
964.465761,76.570323,114.855485,-9418.149754
964.466388,76.570323,191.425808,-9456.434915
964.467016,95.712904,133.998066,-9360.722011
964.467643,76.570323,133.998066,-9360.722011
964.468271,133.998066,133.998066,-9399.007173
964.468898,95.712904,114.855485,-9418.149754
964.469525,133.998066,153.140646,-9418.149754
964.470153,95.712904,114.855485,-9437.292334
964.470780,76.570323,114.855485,-9418.149754
964.471407,114.855485,133.998066,-9360.722011
964.472035,76.570323,114.855485,-9456.434915
964.472662,95.712904,172.283227,-9475.577496
964.473289,76.570323,210.568389,-9418.149754
964.473917,38.285162,114.855485,-9360.722011
964.474544,57.427742,38.285162,-9399.007173
964.475171,114.855485,133.998066,-9360.722011
964.475799,95.712904,133.998066,-9360.722011
964.476426,76.570323,172.283227,-9418.149754
964.477054,38.285162,172.283227,-9437.292334
964.477681,133.998066,114.855485,-9418.149754
964.478308,153.140646,172.283227,-9399.007173
964.478936,95.712904,95.712904,-9399.007173
964.479563,38.285162,114.855485,-9418.149754
964.480190,76.570323,229.710970,-9418.149754
964.480818,153.140646,153.140646,-9437.292334
964.481445,133.998066,210.568389,-9418.149754
964.482072,76.570323,172.283227,-9418.149754
964.482700,133.998066,133.998066,-9494.720077
964.483327,76.570323,114.855485,-9418.149754
964.483955,76.570323,114.855485,-9475.577496
964.484582,133.998066,191.425808,-9437.292334
964.485209,76.570323,114.855485,-9418.149754
964.485837,114.855485,114.855485,-9418.149754
964.486464,172.283227,76.570323,-9418.149754
964.487091,114.855485,95.712904,-9456.434915
964.487719,133.998066,114.855485,-9418.149754
964.488346,133.998066,210.568389,-9418.149754
964.488973,133.998066,114.855485,-9437.292334
964.489601,38.285162,114.855485,-9418.149754
964.490228,57.427742,95.712904,-9399.007173
964.490856,76.570323,114.855485,-9456.434915
964.491483,133.998066,76.570323,-9379.864592
964.492110,210.568389,133.998066,-9399.007173
964.492738,172.283227,76.570323,-9418.149754
964.493365,133.998066,210.568389,-9418.149754
964.493992,210.568389,191.425808,-9399.007173
964.494620,153.140646,133.998066,-9399.007173
964.495247,133.998066,114.855485,-9437.292334
964.495874,76.570323,210.568389,-9418.149754
964.496502,76.570323,114.855485,-9418.149754
964.497129,133.998066,114.855485,-9418.149754
964.497757,76.570323,172.283227,-9437.292334
964.498384,133.998066,229.710970,-9418.149754
964.499011,76.570323,172.283227,-9418.149754
964.499639,76.570323,114.855485,-9418.149754
964.500266,76.570323,153.140646,-9418.149754
964.500893,133.998066,172.283227,-9399.007173
964.501521,95.712904,133.998066,-9360.722011
964.502148,133.998066,114.855485,-9418.149754
964.502775,76.570323,114.855485,-9418.149754
964.503403,114.855485,133.998066,-9360.722011
964.504030,133.998066,114.855485,-9437.292334
964.504658,95.712904,172.283227,-9360.722011
964.505285,57.427742,114.855485,-9418.149754
964.505912,76.570323,114.855485,-9437.292334
964.506540,76.570323,153.140646,-9418.149754
964.507167,76.570323,153.140646,-9437.292334
964.507794,76.570323,153.140646,-9418.149754
964.508422,114.855485,133.998066,-9360.722011
964.509049,133.998066,172.283227,-9418.149754
964.509676,133.998066,114.855485,-9418.149754
964.510304,76.570323,114.855485,-9456.434915
964.510931,76.570323,172.283227,-9418.149754
964.511559,133.998066,114.855485,-9418.149754
964.512186,133.998066,114.855485,-9418.149754
964.512813,95.712904,114.855485,-9437.292334
964.513441,95.712904,172.283227,-9418.149754
964.514068,133.998066,114.855485,-9475.577496
964.514695,95.712904,114.855485,-9456.434915
964.515323,133.998066,114.855485,-9418.149754
964.515950,76.570323,114.855485,-9418.149754
964.516577,95.712904,95.712904,-9399.007173
964.517205,76.570323,114.855485,-9475.577496
964.517832,133.998066,172.283227,-9418.149754
964.518460,133.998066,114.855485,-9437.292334
964.519087,133.998066,172.283227,-9437.292334
964.519714,95.712904,114.855485,-9399.007173
964.520342,76.570323,114.855485,-9418.149754
964.520969,76.570323,114.855485,-9418.149754
964.521596,38.285162,153.140646,-9418.149754
964.522224,76.570323,114.855485,-9418.149754
964.522851,76.570323,114.855485,-9418.149754
964.523478,95.712904,114.855485,-9418.149754
964.524106,95.712904,95.712904,-9379.864592
964.524733,76.570323,114.855485,-9418.149754
964.525361,133.998066,114.855485,-9418.149754
964.525988,76.570323,114.855485,-9494.720077
964.526615,38.285162,114.855485,-9418.149754
964.527243,133.998066,114.855485,-9418.149754
964.527870,133.998066,114.855485,-9456.434915
964.528497,95.712904,114.855485,-9418.149754
964.529125,76.570323,210.568389,-9418.149754
964.529752,76.570323,114.855485,-9437.292334
964.530379,95.712904,172.283227,-9418.149754
964.531007,133.998066,114.855485,-9437.292334
964.531634,76.570323,114.855485,-9399.007173
964.532262,38.285162,114.855485,-9418.149754
964.532889,95.712904,114.855485,-9418.149754
964.533516,95.712904,133.998066,-9360.722011
964.534144,76.570323,114.855485,-9418.149754
964.534771,76.570323,172.283227,-9418.149754
964.535398,95.712904,95.712904,-9437.292334
964.536026,133.998066,114.855485,-9418.149754
964.536653,76.570323,114.855485,-9418.149754
964.537280,133.998066,172.283227,-9418.149754
964.537908,114.855485,133.998066,-9341.579430
964.538535,114.855485,153.140646,-9360.722011
964.539163,114.855485,153.140646,-9379.864592
964.539790,133.998066,114.855485,-9456.434915
964.540417,133.998066,114.855485,-9418.149754
964.541045,133.998066,133.998066,-9399.007173
964.541672,57.427742,133.998066,-9360.722011
964.542299,133.998066,229.710970,-9418.149754
964.542927,76.570323,114.855485,-9456.434915
964.543554,57.427742,95.712904,-9399.007173
964.544181,38.285162,76.570323,-9379.864592
964.544809,114.855485,153.140646,-9360.722011
964.545436,76.570323,114.855485,-9456.434915
964.546064,38.285162,153.140646,-9437.292334
964.546691,38.285162,153.140646,-9456.434915
964.547318,57.427742,95.712904,-9399.007173
964.547946,57.427742,95.712904,-9399.007173
964.548573,38.285162,114.855485,-9418.149754
964.549200,38.285162,114.855485,-9418.149754
964.549828,76.570323,153.140646,-9418.149754
964.550455,76.570323,114.855485,-9418.149754
964.551082,76.570323,114.855485,-9418.149754
964.551710,76.570323,114.855485,-9418.149754
964.552337,133.998066,172.283227,-9399.007173
964.552964,133.998066,210.568389,-9418.149754
964.553592,133.998066,114.855485,-9418.149754
964.554219,38.285162,172.283227,-9418.149754
964.554847,114.855485,153.140646,-9360.722011
964.555474,133.998066,153.140646,-9399.007173
964.556101,133.998066,172.283227,-9437.292334
964.556729,133.998066,133.998066,-9494.720077
964.557356,76.570323,114.855485,-9437.292334
964.557983,114.855485,172.283227,-9360.722011
964.558611,76.570323,114.855485,-9418.149754
964.559238,133.998066,210.568389,-9360.722011
964.559865,76.570323,191.425808,-9418.149754
964.560493,76.570323,153.140646,-9437.292334
964.561120,76.570323,172.283227,-9418.149754
964.561748,19.142581,114.855485,-9418.149754
964.562375,76.570323,153.140646,-9418.149754
964.563002,38.285162,114.855485,-9437.292334
964.563630,76.570323,114.855485,-9418.149754
964.564257,76.570323,153.140646,-9418.149754
964.564884,95.712904,172.283227,-9360.722011
964.565512,76.570323,114.855485,-9418.149754
964.566139,76.570323,114.855485,-9418.149754
964.566766,38.285162,114.855485,-9418.149754
964.567394,76.570323,114.855485,-9418.149754
964.568021,133.998066,172.283227,-9437.292334
964.568649,76.570323,114.855485,-9418.149754
964.569276,153.140646,133.998066,-9399.007173
964.569903,95.712904,191.425808,-9360.722011
964.570531,133.998066,114.855485,-9418.149754
964.571158,133.998066,153.140646,-9418.149754
964.571786,95.712904,153.140646,-9360.722011
964.572413,76.570323,114.855485,-9418.149754
964.573040,76.570323,114.855485,-9418.149754
964.573668,38.285162,172.283227,-9418.149754
964.574295,133.998066,133.998066,-9399.007173
964.574922,38.285162,191.425808,-9322.436850
964.575550,38.285162,114.855485,-9418.149754
964.576177,95.712904,210.568389,-9418.149754
964.576805,95.712904,114.855485,-9360.722011
964.577432,76.570323,114.855485,-9418.149754
964.578059,76.570323,114.855485,-9418.149754
964.578687,133.998066,229.710970,-9418.149754
964.579314,114.855485,172.283227,-9360.722011
964.579942,133.998066,114.855485,-9418.149754
964.580569,114.855485,95.712904,-9399.007173
964.581196,57.427742,95.712904,-9399.007173
964.581824,57.427742,133.998066,-9360.722011
964.582451,57.427742,114.855485,-9418.149754
964.583078,114.855485,95.712904,-9399.007173
964.583706,57.427742,133.998066,-9360.722011
964.584333,19.142581,114.855485,-9475.577496
964.584961,38.285162,114.855485,-9418.149754
964.585588,95.712904,153.140646,-9360.722011
964.586215,38.285162,172.283227,-9418.149754
964.586843,76.570323,172.283227,-9418.149754
964.587470,76.570323,172.283227,-9418.149754
964.588098,76.570323,114.855485,-9418.149754
964.588725,76.570323,153.140646,-9418.149754
964.589352,133.998066,114.855485,-9418.149754
964.589980,95.712904,191.425808,-9360.722011
964.590607,95.712904,133.998066,-9360.722011
964.591235,114.855485,95.712904,-9399.007173
964.591862,95.712904,191.425808,-9418.149754
964.592489,153.140646,95.712904,-9360.722011
964.593117,133.998066,114.855485,-9418.149754
964.593744,76.570323,114.855485,-9437.292334
964.594371,133.998066,114.855485,-9360.722011
964.594999,153.140646,133.998066,-9399.007173
964.595626,76.570323,76.570323,-9379.864592
964.596254,133.998066,153.140646,-9456.434915
964.596881,95.712904,172.283227,-9418.149754
964.597508,38.285162,172.283227,-9418.149754
964.598136,38.285162,114.855485,-9418.149754
964.598763,76.570323,114.855485,-9418.149754
964.599391,38.285162,76.570323,-9379.864592
964.600018,38.285162,114.855485,-9456.434915
964.600645,38.285162,114.855485,-9418.149754
964.601273,133.998066,76.570323,-9379.864592
964.601900,133.998066,114.855485,-9456.434915
964.602527,133.998066,114.855485,-9418.149754
964.603155,133.998066,114.855485,-9418.149754
964.603782,95.712904,133.998066,-9360.722011
964.604410,133.998066,114.855485,-9418.149754
964.605037,133.998066,153.140646,-9418.149754
964.605664,76.570323,114.855485,-9418.149754
964.606292,38.285162,114.855485,-9418.149754
964.606919,95.712904,133.998066,-9360.722011
964.607547,38.285162,114.855485,-9418.149754
964.608174,133.998066,153.140646,-9437.292334
964.608801,133.998066,172.283227,-9418.149754
964.609429,76.570323,114.855485,-9418.149754
964.610056,133.998066,153.140646,-9418.149754
964.610683,76.570323,114.855485,-9418.149754
964.611311,95.712904,172.283227,-9399.007173
964.611938,76.570323,95.712904,-9456.434915
964.612566,133.998066,114.855485,-9418.149754
964.613193,133.998066,153.140646,-9418.149754
964.613820,76.570323,114.855485,-9418.149754
964.614448,76.570323,133.998066,-9360.722011
964.615075,133.998066,114.855485,-9418.149754
964.615703,76.570323,114.855485,-9418.149754
964.616330,76.570323,133.998066,-9379.864592
964.616957,76.570323,76.570323,-9379.864592
964.617585,133.998066,210.568389,-9418.149754
964.618212,19.142581,114.855485,-9418.149754
964.618839,153.140646,172.283227,-9399.007173
964.619467,95.712904,191.425808,-9360.722011
964.620094,133.998066,114.855485,-9456.434915
964.620722,133.998066,114.855485,-9418.149754
964.621349,76.570323,172.283227,-9456.434915
964.621976,95.712904,95.712904,-9399.007173
964.622604,114.855485,172.283227,-9379.864592
964.623231,76.570323,114.855485,-9418.149754
964.623859,114.855485,133.998066,-9360.722011
964.624486,38.285162,114.855485,-9418.149754
964.625113,38.285162,172.283227,-9418.149754
964.625741,76.570323,153.140646,-9418.149754
964.626368,133.998066,114.855485,-9437.292334
964.626996,76.570323,172.283227,-9456.434915
964.627623,114.855485,153.140646,-9360.722011
964.628250,153.140646,114.855485,-9418.149754
964.628878,76.570323,114.855485,-9418.149754
964.629505,76.570323,114.855485,-9418.149754
964.630132,95.712904,133.998066,-9360.722011
964.630760,95.712904,95.712904,-9456.434915
964.631387,133.998066,114.855485,-9418.149754
964.632015,76.570323,114.855485,-9418.149754
964.632642,76.570323,153.140646,-9418.149754
964.633269,114.855485,172.283227,-9360.722011
964.633897,76.570323,114.855485,-9418.149754
964.634524,76.570323,172.283227,-9418.149754
964.635152,172.283227,153.140646,-9360.722011
964.635779,133.998066,229.710970,-9418.149754
964.636406,153.140646,153.140646,-9456.434915
964.637034,133.998066,114.855485,-9418.149754
964.637661,76.570323,153.140646,-9437.292334
964.638288,76.570323,114.855485,-9418.149754
964.638916,95.712904,133.998066,-9360.722011
964.639543,153.140646,114.855485,-9437.292334
964.640171,114.855485,76.570323,-9437.292334
964.640798,133.998066,172.283227,-9418.149754
964.641425,95.712904,191.425808,-9418.149754
964.642053,76.570323,153.140646,-9418.149754
964.642680,95.712904,95.712904,-9456.434915
964.643308,95.712904,172.283227,-9418.149754
964.643935,95.712904,114.855485,-9399.007173
964.644562,133.998066,153.140646,-9437.292334
964.645190,76.570323,153.140646,-9456.434915
964.645817,114.855485,95.712904,-9399.007173
964.646444,133.998066,114.855485,-9418.149754
964.647072,95.712904,114.855485,-9418.149754
964.647699,133.998066,172.283227,-9456.434915
964.648327,133.998066,114.855485,-9418.149754
964.648954,76.570323,114.855485,-9437.292334
964.649581,133.998066,191.425808,-9456.434915
964.650209,57.427742,153.140646,-9360.722011
964.650836,76.570323,114.855485,-9418.149754
964.651464,114.855485,95.712904,-9399.007173
964.652091,114.855485,133.998066,-9341.579430
964.652718,38.285162,114.855485,-9456.434915
964.653346,114.855485,95.712904,-9399.007173
964.653973,95.712904,95.712904,-9399.007173
964.654601,133.998066,114.855485,-9418.149754
964.655228,133.998066,114.855485,-9418.149754
964.655855,95.712904,191.425808,-9360.722011
964.656483,133.998066,210.568389,-9418.149754
964.657110,153.140646,133.998066,-9456.434915
964.657737,133.998066,114.855485,-9418.149754
964.658365,38.285162,153.140646,-9475.577496
964.658992,133.998066,114.855485,-9418.149754
964.659620,76.570323,114.855485,-9418.149754
964.660247,57.427742,95.712904,-9399.007173
964.660874,114.855485,133.998066,-9360.722011
964.661502,133.998066,114.855485,-9437.292334
964.662129,76.570323,114.855485,-9418.149754
964.662757,76.570323,133.998066,-9360.722011
964.663384,133.998066,229.710970,-9418.149754
964.664011,172.283227,153.140646,-9379.864592
964.664639,114.855485,191.425808,-9360.722011
964.665266,76.570323,114.855485,-9456.434915
964.665893,95.712904,133.998066,-9360.722011
964.666521,76.570323,153.140646,-9360.722011
964.667148,114.855485,95.712904,-9399.007173
964.667776,76.570323,114.855485,-9418.149754
964.668403,57.427742,114.855485,-9418.149754
964.669030,95.712904,114.855485,-9418.149754
964.669658,95.712904,172.283227,-9418.149754
964.670285,133.998066,114.855485,-9418.149754
964.670913,153.140646,133.998066,-9399.007173
964.671540,76.570323,114.855485,-9437.292334
964.672168,38.285162,172.283227,-9418.149754
964.672795,133.998066,114.855485,-9418.149754
964.673423,76.570323,114.855485,-9418.149754
964.674050,76.570323,95.712904,-9437.292334
964.674677,191.425808,114.855485,-9379.864592
964.675305,133.998066,153.140646,-9399.007173
964.675932,38.285162,172.283227,-9418.149754
964.676560,76.570323,114.855485,-9418.149754
964.677187,76.570323,114.855485,-9437.292334
964.677815,38.285162,114.855485,-9418.149754
964.678442,76.570323,114.855485,-9418.149754
964.679070,76.570323,191.425808,-9437.292334
964.679697,95.712904,172.283227,-9418.149754
964.680324,57.427742,172.283227,-9360.722011
964.680952,76.570323,114.855485,-9418.149754
964.681579,76.570323,153.140646,-9475.577496
964.682207,95.712904,172.283227,-9437.292334
964.682834,76.570323,114.855485,-9437.292334
964.683462,76.570323,153.140646,-9418.149754
964.684089,133.998066,114.855485,-9418.149754
964.684717,191.425808,114.855485,-9379.864592
964.685344,76.570323,114.855485,-9418.149754
964.685971,95.712904,95.712904,-9399.007173
964.686599,133.998066,76.570323,-9379.864592
964.687226,76.570323,114.855485,-9418.149754
964.687854,172.283227,172.283227,-9379.864592
964.688481,133.998066,114.855485,-9437.292334
964.689109,133.998066,114.855485,-9437.292334
964.689736,114.855485,95.712904,-9399.007173
964.690364,133.998066,114.855485,-9456.434915
964.690991,76.570323,172.283227,-9418.149754
964.691618,133.998066,114.855485,-9418.149754
964.692246,133.998066,114.855485,-9418.149754
964.692873,153.140646,172.283227,-9418.149754
964.693501,133.998066,153.140646,-9399.007173
964.694128,114.855485,153.140646,-9341.579430
964.694756,57.427742,172.283227,-9360.722011
964.695383,38.285162,114.855485,-9456.434915
964.696011,95.712904,114.855485,-9418.149754
964.696638,133.998066,114.855485,-9418.149754
964.697265,76.570323,114.855485,-9418.149754
964.697893,76.570323,172.283227,-9418.149754
964.698520,76.570323,133.998066,-9399.007173
964.699148,95.712904,114.855485,-9418.149754
964.699775,76.570323,114.855485,-9418.149754
964.700403,76.570323,133.998066,-9360.722011
964.701030,133.998066,114.855485,-9418.149754
964.701658,133.998066,95.712904,-9360.722011
964.702285,38.285162,172.283227,-9456.434915
964.702912,95.712904,114.855485,-9418.149754
964.703540,76.570323,172.283227,-9418.149754
964.704167,76.570323,114.855485,-9418.149754
964.704795,57.427742,133.998066,-9360.722011
964.705422,76.570323,133.998066,-9360.722011
964.706050,95.712904,133.998066,-9322.436850
964.706677,95.712904,153.140646,-9360.722011
964.707305,57.427742,153.140646,-9360.722011
964.707932,114.855485,191.425808,-9418.149754
964.708559,57.427742,172.283227,-9418.149754
964.709187,38.285162,172.283227,-9437.292334
964.709814,76.570323,153.140646,-9418.149754
964.710442,95.712904,133.998066,-9360.722011
964.711069,133.998066,172.283227,-9418.149754
964.711697,95.712904,133.998066,-9360.722011
964.712324,133.998066,114.855485,-9418.149754
964.712952,76.570323,172.283227,-9418.149754
964.713579,95.712904,133.998066,-9360.722011
964.714206,38.285162,210.568389,-9418.149754
964.714834,133.998066,114.855485,-9418.149754
964.715461,95.712904,133.998066,-9360.722011
964.716089,57.427742,114.855485,-9399.007173
964.716716,133.998066,172.283227,-9418.149754
964.717344,38.285162,153.140646,-9437.292334
964.717971,76.570323,153.140646,-9418.149754
964.718599,76.570323,114.855485,-9418.149754
964.719226,95.712904,114.855485,-9418.149754
964.719853,95.712904,114.855485,-9456.434915
964.720481,133.998066,172.283227,-9399.007173
964.721108,114.855485,153.140646,-9341.579430
964.721736,133.998066,114.855485,-9418.149754
964.722363,76.570323,114.855485,-9418.149754
964.722991,76.570323,114.855485,-9418.149754
964.723618,38.285162,114.855485,-9418.149754
964.724246,76.570323,114.855485,-9437.292334
964.724873,57.427742,210.568389,-9418.149754
964.725500,76.570323,172.283227,-9360.722011
964.726128,133.998066,114.855485,-9418.149754
964.726755,133.998066,114.855485,-9418.149754
964.727383,76.570323,114.855485,-9418.149754
964.728010,133.998066,114.855485,-9418.149754
964.728638,57.427742,114.855485,-9418.149754
964.729265,76.570323,153.140646,-9437.292334
964.729893,38.285162,114.855485,-9418.149754
964.730520,114.855485,133.998066,-9360.722011
964.731147,76.570323,114.855485,-9418.149754
964.731775,95.712904,114.855485,-9399.007173
964.732402,133.998066,114.855485,-9418.149754
964.733030,95.712904,95.712904,-9399.007173
964.733657,76.570323,114.855485,-9418.149754
964.734285,38.285162,153.140646,-9418.149754
964.734912,76.570323,114.855485,-9418.149754
964.735540,76.570323,114.855485,-9418.149754
964.736167,133.998066,133.998066,-9437.292334
964.736794,38.285162,114.855485,-9418.149754
964.737422,95.712904,133.998066,-9360.722011
964.738049,133.998066,172.283227,-9456.434915
964.738677,133.998066,172.283227,-9437.292334
964.739304,76.570323,114.855485,-9418.149754
964.739932,76.570323,172.283227,-9418.149754
964.740559,133.998066,210.568389,-9418.149754
964.741187,76.570323,114.855485,-9418.149754
964.741814,153.140646,133.998066,-9456.434915
964.742441,133.998066,114.855485,-9418.149754
964.743069,133.998066,114.855485,-9437.292334
964.743696,76.570323,95.712904,-9456.434915
964.744324,114.855485,133.998066,-9360.722011
964.744951,133.998066,172.283227,-9399.007173
964.745579,76.570323,114.855485,-9418.149754
964.746206,76.570323,114.855485,-9418.149754
964.746834,133.998066,191.425808,-9437.292334
964.747461,38.285162,114.855485,-9418.149754
964.748088,95.712904,114.855485,-9418.149754
964.748716,133.998066,172.283227,-9418.149754
964.749343,153.140646,172.283227,-9399.007173
964.749971,76.570323,114.855485,-9456.434915
964.750598,0.000000,95.712904,-9399.007173
964.751226,57.427742,95.712904,-9399.007173
964.751853,114.855485,133.998066,-9360.722011
964.752481,38.285162,114.855485,-9418.149754
964.753108,133.998066,114.855485,-9418.149754
964.753735,76.570323,153.140646,-9456.434915
964.754363,76.570323,114.855485,-9418.149754
964.754990,114.855485,95.712904,-9399.007173
964.755618,114.855485,76.570323,-9418.149754
964.756245,76.570323,114.855485,-9456.434915
964.756873,38.285162,153.140646,-9418.149754
964.757500,133.998066,114.855485,-9418.149754
964.758128,133.998066,114.855485,-9418.149754
964.758755,133.998066,114.855485,-9418.149754
964.759382,76.570323,114.855485,-9456.434915
964.760010,76.570323,114.855485,-9418.149754
964.760637,76.570323,114.855485,-9437.292334
964.761265,95.712904,133.998066,-9360.722011
964.761892,133.998066,133.998066,-9399.007173
964.762520,57.427742,114.855485,-9418.149754
964.763147,38.285162,133.998066,-9360.722011
964.763775,76.570323,153.140646,-9418.149754
964.764402,114.855485,153.140646,-9360.722011
964.765029,76.570323,210.568389,-9418.149754
964.765657,38.285162,114.855485,-9418.149754
964.766284,114.855485,133.998066,-9360.722011
964.766912,76.570323,114.855485,-9418.149754
964.767539,38.285162,153.140646,-9418.149754
964.768167,38.285162,172.283227,-9456.434915
964.768794,76.570323,114.855485,-9418.149754
964.769422,76.570323,153.140646,-9418.149754
964.770049,38.285162,114.855485,-9418.149754
964.770676,38.285162,114.855485,-9456.434915
964.771304,133.998066,114.855485,-9437.292334
964.771931,95.712904,114.855485,-9456.434915
964.772559,95.712904,114.855485,-9418.149754
964.773186,114.855485,210.568389,-9399.007173
964.773814,76.570323,172.283227,-9418.149754
964.774441,172.283227,153.140646,-9379.864592
964.775069,95.712904,95.712904,-9399.007173
964.775696,76.570323,76.570323,-9379.864592
964.776324,95.712904,153.140646,-9341.579430
964.776951,38.285162,114.855485,-9418.149754
964.777579,133.998066,133.998066,-9399.007173
964.778206,133.998066,114.855485,-9418.149754
964.778833,133.998066,114.855485,-9418.149754
964.779461,114.855485,133.998066,-9360.722011
964.780088,38.285162,114.855485,-9418.149754
964.780716,95.712904,133.998066,-9360.722011
964.781343,38.285162,114.855485,-9418.149754
964.781971,38.285162,114.855485,-9418.149754
964.782598,19.142581,114.855485,-9456.434915
964.783226,76.570323,114.855485,-9437.292334
964.783853,153.140646,172.283227,-9399.007173
964.784481,172.283227,76.570323,-9418.149754
964.785108,153.140646,172.283227,-9399.007173
964.785736,133.998066,210.568389,-9418.149754
964.786363,38.285162,114.855485,-9418.149754
964.786990,76.570323,114.855485,-9418.149754
964.787618,76.570323,172.283227,-9418.149754
964.788245,57.427742,172.283227,-9418.149754
964.788873,153.140646,172.283227,-9399.007173
964.789500,76.570323,114.855485,-9437.292334
964.790128,114.855485,114.855485,-9456.434915
964.790755,133.998066,153.140646,-9399.007173
964.791383,76.570323,210.568389,-9437.292334
964.792010,38.285162,172.283227,-9418.149754
964.792638,38.285162,114.855485,-9437.292334
964.793265,19.142581,114.855485,-9418.149754
964.793893,95.712904,191.425808,-9456.434915
964.794520,95.712904,95.712904,-9399.007173
964.795147,133.998066,133.998066,-9437.292334
964.795775,38.285162,114.855485,-9418.149754
964.796402,38.285162,114.855485,-9418.149754
964.797030,133.998066,172.283227,-9418.149754
964.797657,76.570323,172.283227,-9418.149754
964.798285,95.712904,95.712904,-9399.007173
964.798912,76.570323,114.855485,-9418.149754
964.799540,133.998066,210.568389,-9418.149754
964.800167,38.285162,114.855485,-9418.149754
964.800795,76.570323,114.855485,-9418.149754
964.801422,95.712904,133.998066,-9360.722011
964.802050,133.998066,153.140646,-9437.292334
964.802677,38.285162,114.855485,-9456.434915
964.803304,95.712904,95.712904,-9456.434915
964.803932,95.712904,114.855485,-9399.007173
964.804559,76.570323,114.855485,-9475.577496
964.805187,153.140646,153.140646,-9399.007173
964.805814,76.570323,76.570323,-9379.864592
964.806442,76.570323,210.568389,-9418.149754
964.807069,133.998066,172.283227,-9418.149754
964.807697,95.712904,133.998066,-9360.722011
964.808324,76.570323,172.283227,-9456.434915
964.808952,133.998066,153.140646,-9399.007173
964.809579,38.285162,114.855485,-9456.434915
964.810207,133.998066,153.140646,-9475.577496
964.810834,153.140646,133.998066,-9456.434915
964.811461,133.998066,114.855485,-9418.149754
964.812089,38.285162,114.855485,-9418.149754
964.812716,133.998066,114.855485,-9456.434915
964.813344,38.285162,114.855485,-9418.149754
964.813971,76.570323,210.568389,-9418.149754
964.814599,38.285162,114.855485,-9418.149754
964.815226,95.712904,133.998066,-9360.722011
964.815854,133.998066,133.998066,-9379.864592
964.816481,76.570323,210.568389,-9360.722011
964.817109,133.998066,114.855485,-9418.149754
964.817736,133.998066,114.855485,-9418.149754
964.818364,95.712904,133.998066,-9360.722011
964.818991,114.855485,114.855485,-9379.864592
964.819619,38.285162,114.855485,-9456.434915
964.820246,133.998066,114.855485,-9418.149754
964.820873,95.712904,133.998066,-9360.722011
964.821501,76.570323,114.855485,-9456.434915
964.822128,114.855485,95.712904,-9379.864592
964.822756,153.140646,114.855485,-9437.292334
964.823383,133.998066,114.855485,-9418.149754
964.824011,133.998066,114.855485,-9418.149754
964.824638,95.712904,133.998066,-9360.722011
964.825266,76.570323,114.855485,-9418.149754
964.825893,76.570323,114.855485,-9418.149754
964.826521,153.140646,133.998066,-9456.434915
964.827148,38.285162,114.855485,-9418.149754
964.827776,38.285162,210.568389,-9437.292334
964.828403,38.285162,153.140646,-9418.149754
964.829030,76.570323,172.283227,-9418.149754
964.829658,133.998066,114.855485,-9437.292334
964.830285,133.998066,153.140646,-9418.149754
964.830913,114.855485,133.998066,-9418.149754
964.831540,133.998066,114.855485,-9418.149754
964.832168,133.998066,172.283227,-9360.722011
964.832795,114.855485,191.425808,-9360.722011
964.833423,153.140646,133.998066,-9456.434915
964.834050,153.140646,133.998066,-9399.007173
964.834678,76.570323,191.425808,-9456.434915
964.835305,133.998066,114.855485,-9456.434915
964.835933,153.140646,153.140646,-9456.434915
964.836560,133.998066,114.855485,-9418.149754
964.837187,38.285162,172.283227,-9418.149754
964.837815,57.427742,95.712904,-9399.007173
964.838442,133.998066,153.140646,-9418.149754
964.839070,95.712904,133.998066,-9360.722011
964.839697,133.998066,114.855485,-9437.292334
964.840325,76.570323,172.283227,-9437.292334
964.840952,153.140646,133.998066,-9399.007173
964.841580,172.283227,191.425808,-9379.864592
964.842207,76.570323,114.855485,-9437.292334
964.842835,114.855485,133.998066,-9360.722011
964.843462,133.998066,172.283227,-9418.149754
964.844090,76.570323,153.140646,-9418.149754
964.844717,133.998066,153.140646,-9437.292334
964.845344,76.570323,172.283227,-9494.720077
964.845972,133.998066,114.855485,-9418.149754
964.846599,133.998066,191.425808,-9418.149754
964.847227,57.427742,210.568389,-9418.149754
964.847854,114.855485,133.998066,-9360.722011
964.848482,114.855485,172.283227,-9360.722011
964.849109,133.998066,210.568389,-9418.149754
964.849737,114.855485,172.283227,-9418.149754
964.850364,153.140646,172.283227,-9456.434915
964.850992,133.998066,210.568389,-9360.722011
964.851619,133.998066,114.855485,-9418.149754
964.852247,133.998066,172.283227,-9418.149754
964.852874,133.998066,114.855485,-9418.149754
964.853501,95.712904,95.712904,-9399.007173
964.854129,133.998066,153.140646,-9418.149754
964.854756,76.570323,114.855485,-9418.149754
964.855384,76.570323,114.855485,-9418.149754
964.856011,172.283227,114.855485,-9379.864592
964.856639,114.855485,191.425808,-9360.722011
964.857266,76.570323,153.140646,-9418.149754
964.857894,133.998066,153.140646,-9475.577496
964.858521,114.855485,76.570323,-9456.434915
964.859149,38.285162,114.855485,-9418.149754
964.859776,19.142581,114.855485,-9418.149754
964.860404,57.427742,114.855485,-9418.149754
964.861031,19.142581,114.855485,-9418.149754
964.861658,95.712904,114.855485,-9418.149754
964.862286,133.998066,172.283227,-9418.149754
964.862913,133.998066,114.855485,-9456.434915
964.863541,76.570323,153.140646,-9418.149754
964.864168,95.712904,153.140646,-9418.149754
964.864796,133.998066,191.425808,-9399.007173
964.865423,133.998066,114.855485,-9418.149754
964.866051,133.998066,172.283227,-9418.149754
964.866678,133.998066,172.283227,-9418.149754
964.867306,133.998066,114.855485,-9475.577496
964.867933,133.998066,114.855485,-9437.292334
964.868561,76.570323,114.855485,-9418.149754
964.869188,95.712904,153.140646,-9360.722011
964.869816,153.140646,191.425808,-9456.434915
964.870443,95.712904,133.998066,-9360.722011
964.871071,57.427742,95.712904,-9456.434915
964.871698,114.855485,95.712904,-9456.434915
964.872326,57.427742,133.998066,-9418.149754
964.872953,38.285162,114.855485,-9456.434915
964.873581,95.712904,114.855485,-9456.434915
964.874208,114.855485,95.712904,-9437.292334
964.874836,95.712904,95.712904,-9399.007173
964.875463,95.712904,114.855485,-9437.292334
964.876091,76.570323,114.855485,-9418.149754
964.876718,57.427742,114.855485,-9399.007173
964.877346,76.570323,114.855485,-9418.149754
964.877973,95.712904,114.855485,-9418.149754
964.878601,76.570323,114.855485,-9418.149754
964.879228,76.570323,114.855485,-9456.434915
964.879856,153.140646,172.283227,-9418.149754
964.880483,153.140646,133.998066,-9399.007173
964.881111,95.712904,95.712904,-9399.007173
964.881738,133.998066,172.283227,-9418.149754
964.882366,76.570323,153.140646,-9418.149754
964.882993,76.570323,114.855485,-9437.292334
964.883621,153.140646,153.140646,-9437.292334
964.884248,76.570323,114.855485,-9456.434915
964.884876,76.570323,114.855485,-9418.149754
964.885503,133.998066,114.855485,-9456.434915
964.886131,133.998066,114.855485,-9418.149754
964.886758,133.998066,133.998066,-9399.007173
964.887386,133.998066,114.855485,-9456.434915
964.888013,76.570323,114.855485,-9418.149754
964.888641,76.570323,153.140646,-9418.149754
964.889268,38.285162,114.855485,-9437.292334
964.889896,133.998066,172.283227,-9418.149754
964.890523,38.285162,114.855485,-9418.149754
964.891151,133.998066,210.568389,-9418.149754
964.891778,153.140646,133.998066,-9399.007173
964.892406,133.998066,191.425808,-9418.149754
964.893033,133.998066,114.855485,-9418.149754
964.893661,133.998066,114.855485,-9418.149754
964.894288,133.998066,172.283227,-9437.292334
964.894916,95.712904,229.710970,-9418.149754
964.895543,133.998066,210.568389,-9456.434915
964.896171,114.855485,133.998066,-9360.722011
964.896798,153.140646,172.283227,-9437.292334
964.897426,76.570323,153.140646,-9418.149754
964.898053,95.712904,114.855485,-9418.149754
964.898681,114.855485,172.283227,-9418.149754
964.899308,133.998066,114.855485,-9418.149754
964.899936,114.855485,133.998066,-9360.722011
964.900563,133.998066,172.283227,-9418.149754
964.901191,76.570323,114.855485,-9418.149754
964.901818,133.998066,114.855485,-9360.722011
964.902446,95.712904,172.283227,-9360.722011
964.903073,95.712904,133.998066,-9322.436850
964.903701,76.570323,114.855485,-9437.292334
964.904328,133.998066,153.140646,-9418.149754
964.904956,76.570323,210.568389,-9418.149754
964.905583,133.998066,114.855485,-9418.149754
964.906211,133.998066,114.855485,-9418.149754
964.906838,133.998066,114.855485,-9418.149754
964.907466,114.855485,57.427742,-9418.149754
964.908093,133.998066,114.855485,-9418.149754
964.908721,95.712904,133.998066,-9341.579430
964.909348,38.285162,114.855485,-9437.292334
964.909976,133.998066,114.855485,-9456.434915
964.910603,19.142581,76.570323,-9379.864592
964.911231,133.998066,114.855485,-9418.149754
964.911858,114.855485,114.855485,-9379.864592
964.912486,95.712904,114.855485,-9418.149754
964.913113,133.998066,114.855485,-9418.149754
964.913741,133.998066,153.140646,-9418.149754
964.914368,133.998066,133.998066,-9399.007173
964.914996,76.570323,114.855485,-9418.149754
964.915623,76.570323,114.855485,-9437.292334
964.916251,133.998066,153.140646,-9418.149754
964.916878,95.712904,114.855485,-9418.149754
964.917506,133.998066,172.283227,-9475.577496
964.918133,133.998066,133.998066,-9399.007173
964.918761,76.570323,153.140646,-9418.149754
964.919388,76.570323,191.425808,-9475.577496
964.920016,57.427742,133.998066,-9341.579430
964.920643,95.712904,133.998066,-9360.722011
964.921271,76.570323,172.283227,-9418.149754
964.921898,76.570323,114.855485,-9418.149754
964.922526,133.998066,153.140646,-9418.149754
964.923153,38.285162,153.140646,-9437.292334
964.923781,133.998066,133.998066,-9475.577496
964.924408,133.998066,114.855485,-9360.722011
964.925036,172.283227,172.283227,-9379.864592
964.925663,114.855485,210.568389,-9360.722011
964.926291,133.998066,210.568389,-9418.149754
964.926918,76.570323,114.855485,-9437.292334
964.927546,76.570323,114.855485,-9456.434915
964.928173,95.712904,210.568389,-9418.149754
964.928801,133.998066,114.855485,-9418.149754
964.929428,133.998066,114.855485,-9456.434915
964.930056,133.998066,114.855485,-9418.149754
964.930683,76.570323,114.855485,-9437.292334
964.931311,133.998066,153.140646,-9437.292334
964.931938,76.570323,172.283227,-9456.434915
964.932566,38.285162,172.283227,-9437.292334
964.933193,38.285162,114.855485,-9418.149754
964.933821,38.285162,95.712904,-9399.007173
964.934448,76.570323,153.140646,-9418.149754
964.935076,133.998066,114.855485,-9418.149754
964.935703,76.570323,153.140646,-9418.149754
964.936331,133.998066,153.140646,-9437.292334
964.936958,172.283227,114.855485,-9379.864592
964.937586,76.570323,114.855485,-9437.292334
964.938213,95.712904,95.712904,-9437.292334
964.938841,133.998066,153.140646,-9418.149754
964.939468,76.570323,114.855485,-9418.149754
964.940096,38.285162,114.855485,-9418.149754
964.940723,76.570323,172.283227,-9418.149754
964.941351,133.998066,114.855485,-9456.434915
964.941978,76.570323,153.140646,-9418.149754
964.942606,172.283227,76.570323,-9360.722011
964.943233,153.140646,133.998066,-9399.007173
964.943861,114.855485,95.712904,-9399.007173
964.944488,133.998066,114.855485,-9456.434915
964.945116,76.570323,153.140646,-9418.149754
964.945743,95.712904,133.998066,-9360.722011
964.946371,95.712904,114.855485,-9418.149754
964.946998,76.570323,114.855485,-9418.149754
964.947626,95.712904,95.712904,-9399.007173
964.948253,76.570323,153.140646,-9418.149754
964.948881,133.998066,114.855485,-9437.292334
964.949508,95.712904,229.710970,-9418.149754
964.950136,95.712904,191.425808,-9360.722011
964.950763,76.570323,229.710970,-9418.149754
964.951391,76.570323,153.140646,-9418.149754
964.952018,76.570323,114.855485,-9456.434915
964.952646,76.570323,114.855485,-9418.149754
964.953273,76.570323,172.283227,-9418.149754
964.953901,76.570323,210.568389,-9418.149754
964.954528,38.285162,114.855485,-9418.149754
964.955156,38.285162,210.568389,-9360.722011
964.955783,76.570323,114.855485,-9418.149754
964.956411,76.570323,172.283227,-9418.149754
964.957038,95.712904,172.283227,-9341.579430
964.957666,76.570323,210.568389,-9418.149754
964.958293,57.427742,133.998066,-9360.722011
964.958921,76.570323,114.855485,-9418.149754
964.959548,114.855485,153.140646,-9360.722011
964.960176,133.998066,114.855485,-9418.149754
964.960803,95.712904,133.998066,-9360.722011
964.961431,95.712904,114.855485,-9418.149754
964.962058,76.570323,153.140646,-9418.149754
964.962686,114.855485,153.140646,-9303.294269
964.963313,95.712904,210.568389,-9418.149754
964.963941,133.998066,95.712904,-9341.579430
964.964568,133.998066,114.855485,-9418.149754
964.965196,114.855485,133.998066,-9360.722011
964.965823,57.427742,172.283227,-9456.434915
964.966451,76.570323,114.855485,-9418.149754
964.967078,76.570323,114.855485,-9418.149754
964.967706,153.140646,133.998066,-9399.007173
964.968333,114.855485,95.712904,-9399.007173
964.968961,133.998066,114.855485,-9418.149754
964.969588,76.570323,114.855485,-9437.292334
964.970216,76.570323,172.283227,-9360.722011
964.970843,76.570323,114.855485,-9418.149754
964.971471,76.570323,172.283227,-9418.149754
964.972098,76.570323,210.568389,-9418.149754
964.972726,76.570323,191.425808,-9418.149754
964.973353,95.712904,153.140646,-9418.149754
964.973980,76.570323,114.855485,-9456.434915
964.974608,114.855485,95.712904,-9399.007173
964.975235,95.712904,114.855485,-9418.149754
964.975863,76.570323,114.855485,-9437.292334
964.976490,76.570323,191.425808,-9399.007173
964.977117,114.855485,133.998066,-9360.722011
964.977745,114.855485,153.140646,-9379.864592
964.978372,133.998066,133.998066,-9399.007173
964.979000,38.285162,153.140646,-9418.149754
964.979627,76.570323,114.855485,-9418.149754
964.980255,153.140646,153.140646,-9399.007173
964.980882,76.570323,114.855485,-9437.292334
964.981509,153.140646,172.283227,-9399.007173
964.982137,133.998066,133.998066,-9399.007173
964.982764,95.712904,114.855485,-9418.149754
964.983392,133.998066,172.283227,-9418.149754
964.984019,133.998066,133.998066,-9399.007173
964.984646,76.570323,114.855485,-9418.149754
964.985274,38.285162,114.855485,-9418.149754
964.985901,95.712904,114.855485,-9437.292334
964.986529,133.998066,153.140646,-9399.007173
964.987156,38.285162,114.855485,-9418.149754
964.987784,76.570323,114.855485,-9418.149754
964.988411,38.285162,114.855485,-9418.149754
964.989038,95.712904,95.712904,-9399.007173
964.989666,153.140646,172.283227,-9456.434915
964.990293,133.998066,153.140646,-9418.149754
964.990921,153.140646,172.283227,-9399.007173
964.991548,76.570323,114.855485,-9437.292334
964.992176,95.712904,95.712904,-9399.007173
964.992803,38.285162,133.998066,-9360.722011
964.993430,114.855485,114.855485,-9379.864592
964.994058,76.570323,95.712904,-9456.434915
964.994685,76.570323,114.855485,-9418.149754
964.995313,76.570323,210.568389,-9418.149754
964.995940,19.142581,114.855485,-9418.149754
964.996567,38.285162,153.140646,-9418.149754
964.997195,38.285162,210.568389,-9418.149754
964.997822,133.998066,114.855485,-9418.149754
964.998450,76.570323,153.140646,-9418.149754
964.999077,133.998066,172.283227,-9494.720077
964.999705,38.285162,114.855485,-9437.292334
965.000332,95.712904,133.998066,-9360.722011
965.000959,95.712904,133.998066,-9418.149754
965.001587,95.712904,133.998066,-9360.722011
965.002214,76.570323,153.140646,-9418.149754
965.002842,76.570323,153.140646,-9418.149754
965.003469,76.570323,210.568389,-9418.149754
965.004096,76.570323,114.855485,-9418.149754
965.004724,38.285162,210.568389,-9437.292334
965.005351,133.998066,114.855485,-9418.149754
965.005979,95.712904,57.427742,-9399.007173
965.006606,95.712904,95.712904,-9399.007173
965.007234,95.712904,114.855485,-9475.577496
965.007861,95.712904,114.855485,-9475.577496
965.008488,95.712904,172.283227,-9360.722011
965.009116,76.570323,114.855485,-9418.149754
965.009743,133.998066,114.855485,-9418.149754
965.010371,76.570323,114.855485,-9418.149754
965.010998,38.285162,153.140646,-9418.149754
965.011626,57.427742,95.712904,-9399.007173
965.012253,95.712904,172.283227,-9418.149754
965.012880,0.000000,76.570323,-9418.149754
965.013508,76.570323,114.855485,-9418.149754
965.014135,38.285162,172.283227,-9418.149754
965.014763,133.998066,114.855485,-9418.149754
965.015390,133.998066,153.140646,-9418.149754
965.016017,95.712904,172.283227,-9360.722011
965.016645,76.570323,114.855485,-9418.149754
965.017272,133.998066,153.140646,-9456.434915
965.017900,0.000000,133.998066,-9360.722011
965.018527,38.285162,172.283227,-9437.292334
965.019155,76.570323,153.140646,-9418.149754
965.019782,95.712904,133.998066,-9360.722011
965.020409,133.998066,133.998066,-9399.007173
965.021037,95.712904,133.998066,-9360.722011
965.021664,133.998066,114.855485,-9418.149754
965.022292,57.427742,133.998066,-9360.722011
965.022919,76.570323,114.855485,-9437.292334
965.023547,133.998066,172.283227,-9418.149754
965.024174,95.712904,153.140646,-9360.722011
965.024801,38.285162,114.855485,-9418.149754
965.025429,95.712904,114.855485,-9418.149754
965.026056,38.285162,114.855485,-9456.434915
965.026684,95.712904,95.712904,-9399.007173
965.027311,57.427742,95.712904,-9456.434915
965.027938,133.998066,114.855485,-9418.149754
965.028566,76.570323,172.283227,-9418.149754
965.029193,153.140646,133.998066,-9399.007173
965.029821,38.285162,114.855485,-9418.149754
965.030448,95.712904,114.855485,-9418.149754
965.031076,133.998066,114.855485,-9418.149754
965.031703,133.998066,95.712904,-9360.722011
965.032330,95.712904,95.712904,-9399.007173
965.032958,153.140646,133.998066,-9399.007173
965.033585,95.712904,114.855485,-9456.434915
965.034213,133.998066,172.283227,-9418.149754
965.034840,133.998066,153.140646,-9456.434915
965.035467,172.283227,172.283227,-9360.722011
965.036095,95.712904,133.998066,-9379.864592
965.036722,133.998066,210.568389,-9437.292334
965.037350,133.998066,114.855485,-9418.149754
965.037977,133.998066,191.425808,-9418.149754
965.038605,76.570323,114.855485,-9418.149754
965.039232,38.285162,114.855485,-9437.292334
965.039859,76.570323,153.140646,-9418.149754
965.040487,57.427742,133.998066,-9360.722011
965.041114,133.998066,114.855485,-9437.292334
965.041742,133.998066,172.283227,-9418.149754
965.042369,133.998066,229.710970,-9418.149754
965.042997,114.855485,95.712904,-9456.434915
965.043624,133.998066,172.283227,-9418.149754
965.044251,133.998066,114.855485,-9418.149754
965.044879,114.855485,133.998066,-9360.722011
965.045506,133.998066,153.140646,-9437.292334
965.046134,76.570323,114.855485,-9418.149754
965.046761,76.570323,114.855485,-9418.149754
965.047388,133.998066,114.855485,-9437.292334
965.048016,38.285162,191.425808,-9456.434915
965.048643,133.998066,153.140646,-9418.149754
965.049271,114.855485,133.998066,-9360.722011
965.049898,76.570323,133.998066,-9341.579430
965.050526,133.998066,153.140646,-9418.149754
965.051153,76.570323,114.855485,-9418.149754
965.051780,38.285162,114.855485,-9456.434915
965.052408,38.285162,114.855485,-9418.149754
965.053035,133.998066,114.855485,-9418.149754
965.053663,76.570323,114.855485,-9360.722011
965.054290,76.570323,114.855485,-9418.149754
965.054917,133.998066,95.712904,-9437.292334
965.055545,133.998066,114.855485,-9418.149754
965.056172,38.285162,114.855485,-9418.149754
965.056800,172.283227,133.998066,-9475.577496
965.057427,133.998066,114.855485,-9360.722011
965.058055,95.712904,95.712904,-9399.007173
965.058682,133.998066,172.283227,-9418.149754
965.059309,38.285162,153.140646,-9418.149754
965.059937,38.285162,114.855485,-9418.149754
965.060564,133.998066,153.140646,-9437.292334
965.061192,76.570323,114.855485,-9418.149754
965.061819,76.570323,172.283227,-9418.149754
965.062447,76.570323,114.855485,-9418.149754
965.063074,133.998066,114.855485,-9456.434915
965.063701,95.712904,133.998066,-9360.722011
965.064329,95.712904,153.140646,-9418.149754
965.064956,133.998066,114.855485,-9418.149754
965.065584,76.570323,172.283227,-9418.149754
965.066211,76.570323,114.855485,-9418.149754
965.066838,95.712904,153.140646,-9418.149754
965.067466,76.570323,172.283227,-9418.149754
965.068093,95.712904,172.283227,-9418.149754
965.068721,76.570323,210.568389,-9456.434915
965.069348,114.855485,248.853550,-9360.722011
965.069976,172.283227,114.855485,-9379.864592
965.070603,95.712904,172.283227,-9418.149754
965.071230,95.712904,133.998066,-9360.722011
965.071858,76.570323,210.568389,-9418.149754
965.072485,95.712904,133.998066,-9360.722011
965.073113,133.998066,114.855485,-9456.434915
965.073740,133.998066,57.427742,-9379.864592
965.074367,76.570323,114.855485,-9437.292334
965.074995,76.570323,114.855485,-9418.149754
965.075622,38.285162,114.855485,-9418.149754
965.076250,114.855485,95.712904,-9399.007173
965.076877,133.998066,172.283227,-9418.149754
965.077505,114.855485,95.712904,-9399.007173
965.078132,133.998066,114.855485,-9418.149754
965.078759,95.712904,95.712904,-9399.007173
965.079387,133.998066,153.140646,-9437.292334
965.080014,76.570323,95.712904,-9437.292334
965.080642,76.570323,153.140646,-9418.149754
965.081269,133.998066,114.855485,-9360.722011
965.081897,57.427742,114.855485,-9418.149754
965.082524,76.570323,114.855485,-9418.149754
965.083151,76.570323,114.855485,-9475.577496
965.083779,95.712904,210.568389,-9437.292334
965.084406,153.140646,133.998066,-9399.007173
965.085034,76.570323,153.140646,-9418.149754
965.085661,95.712904,172.283227,-9360.722011
965.086288,76.570323,210.568389,-9418.149754
965.086916,133.998066,153.140646,-9418.149754
965.087543,76.570323,153.140646,-9418.149754
965.088171,95.712904,114.855485,-9418.149754
965.088798,76.570323,114.855485,-9418.149754
965.089426,76.570323,114.855485,-9418.149754
965.090053,133.998066,172.283227,-9418.149754
965.090680,133.998066,172.283227,-9399.007173
965.091308,76.570323,229.710970,-9456.434915
965.091935,95.712904,210.568389,-9437.292334
965.092563,95.712904,172.283227,-9399.007173
965.093190,133.998066,153.140646,-9437.292334
965.093818,76.570323,114.855485,-9418.149754
965.094445,76.570323,114.855485,-9418.149754
965.095072,76.570323,114.855485,-9418.149754
965.095700,95.712904,114.855485,-9418.149754
965.096327,133.998066,114.855485,-9418.149754
965.096955,114.855485,95.712904,-9379.864592
965.097582,95.712904,172.283227,-9360.722011
965.098209,76.570323,114.855485,-9418.149754
965.098837,76.570323,172.283227,-9360.722011
965.099464,114.855485,114.855485,-9418.149754
965.100092,191.425808,153.140646,-9379.864592
965.100719,76.570323,153.140646,-9418.149754
965.101347,76.570323,114.855485,-9418.149754
965.101974,76.570323,114.855485,-9437.292334
965.102601,38.285162,153.140646,-9418.149754
965.103229,76.570323,114.855485,-9437.292334
965.103856,76.570323,76.570323,-9379.864592
965.104484,76.570323,114.855485,-9475.577496
965.105111,95.712904,133.998066,-9360.722011
965.105739,57.427742,191.425808,-9418.149754
965.106366,76.570323,114.855485,-9418.149754
965.106993,95.712904,172.283227,-9418.149754
965.107621,114.855485,153.140646,-9360.722011
965.108248,76.570323,114.855485,-9418.149754
965.108876,38.285162,114.855485,-9418.149754
965.109503,38.285162,114.855485,-9418.149754
965.110130,114.855485,95.712904,-9456.434915
965.110758,95.712904,114.855485,-9418.149754
965.111385,76.570323,172.283227,-9360.722011
965.112013,76.570323,114.855485,-9418.149754
965.112640,76.570323,114.855485,-9418.149754
965.113268,133.998066,172.283227,-9418.149754
965.113895,114.855485,95.712904,-9399.007173
965.114522,76.570323,114.855485,-9418.149754
965.115150,95.712904,172.283227,-9418.149754
965.115777,76.570323,114.855485,-9437.292334
965.116405,133.998066,114.855485,-9456.434915
965.117032,95.712904,95.712904,-9456.434915
965.117659,133.998066,114.855485,-9418.149754
965.118287,95.712904,153.140646,-9418.149754
965.118914,76.570323,191.425808,-9418.149754
965.119542,172.283227,210.568389,-9379.864592
965.120169,38.285162,114.855485,-9418.149754
965.120797,153.140646,172.283227,-9456.434915
965.121424,76.570323,114.855485,-9418.149754
965.122051,38.285162,76.570323,-9379.864592
965.122679,38.285162,172.283227,-9418.149754
965.123306,95.712904,172.283227,-9360.722011
965.123934,38.285162,153.140646,-9418.149754
965.124561,57.427742,95.712904,-9456.434915
965.125189,76.570323,114.855485,-9418.149754
965.125816,57.427742,114.855485,-9456.434915
965.126443,57.427742,133.998066,-9360.722011
965.127071,95.712904,95.712904,-9494.720077
965.127698,95.712904,133.998066,-9360.722011
965.128326,133.998066,114.855485,-9437.292334
965.128953,76.570323,114.855485,-9418.149754
965.129580,76.570323,210.568389,-9418.149754
965.130208,133.998066,153.140646,-9418.149754
965.130835,153.140646,172.283227,-9456.434915
965.131463,153.140646,133.998066,-9399.007173
965.132090,95.712904,38.285162,-9399.007173
965.132718,57.427742,133.998066,-9360.722011
965.133345,133.998066,172.283227,-9418.149754
965.133972,76.570323,153.140646,-9360.722011
965.134600,38.285162,114.855485,-9418.149754
965.135227,38.285162,114.855485,-9418.149754
965.135855,76.570323,114.855485,-9418.149754
965.136482,38.285162,172.283227,-9418.149754
965.137110,76.570323,153.140646,-9418.149754
965.137737,76.570323,114.855485,-9418.149754
965.138364,76.570323,114.855485,-9437.292334
965.138992,114.855485,76.570323,-9494.720077
965.139619,114.855485,95.712904,-9399.007173
965.140247,133.998066,76.570323,-9379.864592
965.140874,133.998066,133.998066,-9399.007173
965.141501,76.570323,153.140646,-9418.149754
965.142129,95.712904,133.998066,-9341.579430
965.142756,114.855485,133.998066,-9360.722011
965.143384,76.570323,114.855485,-9437.292334
965.144011,153.140646,133.998066,-9399.007173
965.144639,38.285162,172.283227,-9456.434915
965.145266,133.998066,133.998066,-9494.720077
965.145893,153.140646,153.140646,-9456.434915
965.146521,133.998066,114.855485,-9418.149754
965.147148,133.998066,114.855485,-9418.149754
965.147776,76.570323,191.425808,-9418.149754
965.148403,95.712904,114.855485,-9437.292334
965.149031,133.998066,114.855485,-9456.434915
965.149658,153.140646,153.140646,-9399.007173
965.150285,133.998066,114.855485,-9418.149754
965.150913,133.998066,172.283227,-9418.149754
965.151540,133.998066,153.140646,-9418.149754
965.152168,133.998066,114.855485,-9418.149754
965.152795,76.570323,114.855485,-9418.149754
965.153422,38.285162,172.283227,-9456.434915
965.154050,38.285162,114.855485,-9418.149754
965.154677,38.285162,114.855485,-9418.149754
965.155305,38.285162,153.140646,-9418.149754
965.155932,95.712904,172.283227,-9418.149754
965.156560,38.285162,114.855485,-9437.292334
965.157187,38.285162,229.710970,-9456.434915
965.157814,76.570323,229.710970,-9418.149754
965.158442,133.998066,114.855485,-9437.292334
965.159069,133.998066,153.140646,-9418.149754
965.159697,133.998066,133.998066,-9399.007173
965.160324,38.285162,114.855485,-9418.149754
965.160952,114.855485,95.712904,-9399.007173
965.161579,153.140646,133.998066,-9456.434915
965.162206,133.998066,172.283227,-9456.434915
965.162834,76.570323,210.568389,-9418.149754
965.163461,76.570323,153.140646,-9456.434915
965.164089,95.712904,95.712904,-9437.292334
965.164716,114.855485,133.998066,-9360.722011
965.165343,133.998066,114.855485,-9360.722011
965.165971,95.712904,95.712904,-9399.007173
965.166598,172.283227,133.998066,-9360.722011
965.167226,133.998066,114.855485,-9437.292334
965.167853,76.570323,153.140646,-9418.149754
965.168481,133.998066,210.568389,-9418.149754
965.169108,76.570323,172.283227,-9418.149754
965.169735,133.998066,114.855485,-9418.149754
965.170363,95.712904,191.425808,-9360.722011
965.170990,76.570323,114.855485,-9437.292334
965.171617,133.998066,133.998066,-9399.007173
965.172245,114.855485,153.140646,-9360.722011
965.172872,76.570323,114.855485,-9418.149754
965.173500,76.570323,210.568389,-9418.149754
965.174127,95.712904,172.283227,-9360.722011
965.174754,76.570323,114.855485,-9475.577496
965.175382,38.285162,114.855485,-9418.149754
965.176009,76.570323,114.855485,-9437.292334
965.176636,76.570323,153.140646,-9418.149754
965.177264,76.570323,114.855485,-9456.434915
965.177891,133.998066,114.855485,-9418.149754
965.178518,133.998066,191.425808,-9399.007173
965.179146,114.855485,133.998066,-9418.149754
965.179773,95.712904,172.283227,-9360.722011
965.180400,133.998066,172.283227,-9437.292334
965.181028,133.998066,114.855485,-9418.149754
965.181655,133.998066,114.855485,-9418.149754
965.182283,38.285162,229.710970,-9418.149754
965.182910,76.570323,191.425808,-9360.722011
965.183537,153.140646,210.568389,-9418.149754
965.184165,172.283227,76.570323,-9418.149754
965.184792,76.570323,114.855485,-9360.722011
965.185419,76.570323,114.855485,-9418.149754
965.186047,76.570323,114.855485,-9418.149754
965.186674,95.712904,95.712904,-9399.007173
965.187301,76.570323,172.283227,-9418.149754
965.187929,95.712904,133.998066,-9360.722011
965.188556,57.427742,133.998066,-9360.722011
965.189183,38.285162,114.855485,-9418.149754
965.189811,133.998066,153.140646,-9418.149754
965.190438,133.998066,114.855485,-9418.149754
965.191066,38.285162,114.855485,-9418.149754
965.191693,76.570323,172.283227,-9418.149754
965.192320,76.570323,191.425808,-9418.149754
965.192948,76.570323,114.855485,-9418.149754
965.193575,133.998066,114.855485,-9418.149754
965.194202,76.570323,172.283227,-9418.149754
965.194830,57.427742,95.712904,-9399.007173
965.195457,95.712904,133.998066,-9360.722011
965.196084,95.712904,114.855485,-9418.149754
965.196712,133.998066,114.855485,-9418.149754
965.197339,114.855485,133.998066,-9418.149754
965.197966,133.998066,114.855485,-9418.149754
965.198594,38.285162,114.855485,-9418.149754
965.199221,114.855485,133.998066,-9360.722011
965.199849,57.427742,172.283227,-9360.722011
965.200476,153.140646,133.998066,-9399.007173
965.201103,76.570323,114.855485,-9418.149754
965.201731,133.998066,114.855485,-9418.149754
965.202358,133.998066,114.855485,-9418.149754
965.202985,133.998066,133.998066,-9437.292334
965.203613,38.285162,114.855485,-9418.149754
965.204240,57.427742,133.998066,-9360.722011
965.204867,95.712904,133.998066,-9322.436850
965.205495,38.285162,114.855485,-9418.149754
965.206122,133.998066,114.855485,-9418.149754
965.206749,114.855485,153.140646,-9360.722011
965.207377,76.570323,172.283227,-9437.292334
965.208004,38.285162,114.855485,-9418.149754
965.208632,38.285162,114.855485,-9418.149754
965.209259,76.570323,191.425808,-9418.149754
965.209886,172.283227,172.283227,-9379.864592
965.210514,172.283227,172.283227,-9379.864592
965.211141,95.712904,210.568389,-9418.149754
965.211768,76.570323,172.283227,-9437.292334
965.212396,133.998066,210.568389,-9494.720077
965.213023,76.570323,114.855485,-9456.434915
965.213650,133.998066,114.855485,-9418.149754
965.214278,76.570323,172.283227,-9437.292334
965.214905,133.998066,153.140646,-9399.007173
965.215532,76.570323,114.855485,-9418.149754
965.216160,76.570323,133.998066,-9360.722011
965.216787,133.998066,114.855485,-9418.149754
965.217415,133.998066,133.998066,-9399.007173
965.218042,76.570323,153.140646,-9418.149754
965.218669,76.570323,172.283227,-9418.149754
965.219297,38.285162,172.283227,-9437.292334
965.219924,76.570323,114.855485,-9418.149754
965.220551,95.712904,133.998066,-9360.722011
965.221179,133.998066,114.855485,-9418.149754
965.221806,133.998066,114.855485,-9437.292334
965.222433,114.855485,191.425808,-9360.722011
965.223061,133.998066,172.283227,-9456.434915
965.223688,133.998066,114.855485,-9418.149754
965.224315,133.998066,153.140646,-9456.434915
965.224943,133.998066,172.283227,-9418.149754
965.225570,133.998066,114.855485,-9418.149754
965.226198,76.570323,172.283227,-9418.149754
965.226825,57.427742,95.712904,-9399.007173
965.227452,133.998066,114.855485,-9456.434915
965.228080,133.998066,114.855485,-9418.149754
965.228707,114.855485,210.568389,-9360.722011
965.229334,133.998066,191.425808,-9418.149754
965.229962,153.140646,172.283227,-9399.007173
965.230589,76.570323,114.855485,-9418.149754
965.231216,38.285162,153.140646,-9418.149754
965.231844,95.712904,172.283227,-9360.722011
965.232471,95.712904,114.855485,-9418.149754
965.233099,95.712904,153.140646,-9360.722011
965.233726,38.285162,153.140646,-9418.149754
965.234353,76.570323,114.855485,-9418.149754
965.234981,133.998066,114.855485,-9456.434915
965.235608,153.140646,133.998066,-9456.434915
965.236235,114.855485,153.140646,-9379.864592
965.236863,133.998066,114.855485,-9418.149754
965.237490,153.140646,172.283227,-9399.007173
965.238117,38.285162,133.998066,-9360.722011
965.238745,95.712904,172.283227,-9418.149754
965.239372,114.855485,114.855485,-9379.864592
965.239999,76.570323,172.283227,-9418.149754
965.240627,133.998066,172.283227,-9437.292334
965.241254,19.142581,114.855485,-9418.149754
965.241882,133.998066,133.998066,-9399.007173
965.242509,133.998066,114.855485,-9418.149754
965.243136,95.712904,153.140646,-9360.722011
965.243764,133.998066,114.855485,-9418.149754
965.244391,114.855485,76.570323,-9456.434915
965.245018,76.570323,114.855485,-9418.149754
965.245646,76.570323,172.283227,-9475.577496
965.246273,57.427742,114.855485,-9379.864592
965.246900,133.998066,114.855485,-9418.149754
965.247528,133.998066,114.855485,-9418.149754
965.248155,76.570323,114.855485,-9360.722011
965.248782,76.570323,114.855485,-9418.149754
965.249410,153.140646,95.712904,-9360.722011
965.250037,114.855485,153.140646,-9418.149754
965.250665,76.570323,153.140646,-9418.149754
965.251292,76.570323,172.283227,-9418.149754
965.251919,76.570323,229.710970,-9418.149754
965.252547,76.570323,153.140646,-9418.149754
965.253174,95.712904,210.568389,-9418.149754
965.253801,76.570323,172.283227,-9418.149754
965.254429,57.427742,172.283227,-9360.722011
965.255056,38.285162,172.283227,-9456.434915
965.255683,95.712904,133.998066,-9418.149754
965.256311,133.998066,114.855485,-9418.149754
965.256938,76.570323,114.855485,-9418.149754
965.257565,76.570323,153.140646,-9437.292334
965.258193,76.570323,114.855485,-9418.149754
965.258820,133.998066,114.855485,-9418.149754
965.259448,133.998066,114.855485,-9418.149754
965.260075,76.570323,172.283227,-9418.149754
965.260702,95.712904,114.855485,-9418.149754
965.261330,133.998066,114.855485,-9437.292334
965.261957,76.570323,114.855485,-9418.149754
965.262584,76.570323,114.855485,-9418.149754
965.263212,133.998066,114.855485,-9418.149754
965.263839,133.998066,114.855485,-9456.434915
965.264466,153.140646,191.425808,-9399.007173
965.265094,133.998066,114.855485,-9437.292334
965.265721,133.998066,153.140646,-9418.149754
965.266348,38.285162,172.283227,-9456.434915
965.266976,76.570323,172.283227,-9437.292334
965.267603,95.712904,95.712904,-9437.292334
965.268231,133.998066,172.283227,-9494.720077
965.268858,133.998066,114.855485,-9456.434915
965.269485,57.427742,95.712904,-9399.007173
965.270113,76.570323,114.855485,-9418.149754
965.270740,133.998066,153.140646,-9418.149754
965.271367,133.998066,114.855485,-9456.434915
965.271995,133.998066,114.855485,-9418.149754
965.272622,95.712904,114.855485,-9399.007173
965.273249,76.570323,210.568389,-9437.292334
965.273877,114.855485,191.425808,-9379.864592
965.274504,133.998066,172.283227,-9399.007173
965.275131,114.855485,153.140646,-9360.722011
965.275759,153.140646,210.568389,-9418.149754
965.276386,57.427742,172.283227,-9418.149754
965.277014,95.712904,153.140646,-9418.149754
965.277641,76.570323,114.855485,-9418.149754
965.278268,76.570323,114.855485,-9418.149754
965.278896,114.855485,153.140646,-9360.722011
965.279523,153.140646,76.570323,-9399.007173
965.280151,76.570323,76.570323,-9379.864592
965.280778,133.998066,114.855485,-9418.149754
965.281405,133.998066,114.855485,-9418.149754
965.282033,76.570323,95.712904,-9399.007173
965.282660,95.712904,114.855485,-9418.149754
965.283288,95.712904,133.998066,-9360.722011
965.283915,153.140646,172.283227,-9475.577496
965.284542,133.998066,114.855485,-9456.434915
965.285170,76.570323,153.140646,-9437.292334
965.285797,133.998066,172.283227,-9418.149754
965.286424,76.570323,153.140646,-9437.292334
965.287052,76.570323,114.855485,-9437.292334
965.287679,76.570323,153.140646,-9437.292334
965.288307,38.285162,153.140646,-9418.149754
965.288934,38.285162,114.855485,-9456.434915
965.289561,76.570323,114.855485,-9418.149754
965.290189,114.855485,133.998066,-9360.722011
965.290816,76.570323,114.855485,-9418.149754
965.291444,133.998066,153.140646,-9418.149754
965.292071,76.570323,114.855485,-9418.149754
965.292698,95.712904,133.998066,-9360.722011
965.293326,133.998066,114.855485,-9418.149754
965.293953,114.855485,76.570323,-9418.149754
965.294581,57.427742,133.998066,-9360.722011
965.295208,76.570323,114.855485,-9418.149754
965.295835,133.998066,114.855485,-9418.149754
965.296463,114.855485,133.998066,-9360.722011
965.297090,153.140646,133.998066,-9399.007173
965.297717,133.998066,153.140646,-9437.292334
965.298345,19.142581,153.140646,-9437.292334
965.298972,133.998066,114.855485,-9418.149754
965.299600,153.140646,133.998066,-9399.007173
965.300227,76.570323,114.855485,-9437.292334
965.300854,38.285162,153.140646,-9437.292334
965.301482,38.285162,114.855485,-9437.292334
965.302109,133.998066,114.855485,-9418.149754
965.302737,153.140646,191.425808,-9399.007173
965.303364,76.570323,114.855485,-9418.149754
965.303991,76.570323,153.140646,-9418.149754
965.304619,133.998066,114.855485,-9418.149754
965.305246,76.570323,153.140646,-9418.149754
965.305874,76.570323,153.140646,-9418.149754
965.306501,76.570323,172.283227,-9418.149754
965.307128,57.427742,172.283227,-9360.722011
965.307756,57.427742,95.712904,-9399.007173
965.308383,76.570323,114.855485,-9418.149754
965.309010,133.998066,153.140646,-9456.434915
965.309638,76.570323,153.140646,-9418.149754
965.310265,76.570323,114.855485,-9418.149754
965.310893,95.712904,133.998066,-9360.722011
965.311520,95.712904,133.998066,-9360.722011
965.312147,76.570323,114.855485,-9418.149754
965.312775,133.998066,114.855485,-9418.149754
965.313402,76.570323,172.283227,-9418.149754
965.314030,153.140646,153.140646,-9456.434915
965.314657,76.570323,133.998066,-9418.149754
965.315284,133.998066,153.140646,-9456.434915
965.315912,76.570323,114.855485,-9456.434915
965.316539,133.998066,114.855485,-9418.149754
965.317167,95.712904,133.998066,-9322.436850
965.317794,38.285162,114.855485,-9418.149754
965.318421,133.998066,153.140646,-9418.149754
965.319049,133.998066,114.855485,-9437.292334
965.319676,76.570323,114.855485,-9437.292334
965.320303,153.140646,133.998066,-9399.007173
965.320931,153.140646,133.998066,-9399.007173
965.321558,76.570323,114.855485,-9418.149754
965.322186,133.998066,172.283227,-9418.149754
965.322813,172.283227,95.712904,-9399.007173
965.323440,76.570323,114.855485,-9437.292334
965.324068,76.570323,153.140646,-9418.149754
965.324695,133.998066,114.855485,-9418.149754
965.325323,133.998066,153.140646,-9418.149754
965.325950,95.712904,95.712904,-9399.007173
965.326577,76.570323,114.855485,-9418.149754
965.327205,38.285162,114.855485,-9418.149754
965.327832,76.570323,114.855485,-9418.149754
965.328460,76.570323,95.712904,-9494.720077
965.329087,172.283227,153.140646,-9379.864592
965.329714,38.285162,114.855485,-9360.722011
965.330342,133.998066,114.855485,-9418.149754
965.330969,114.855485,114.855485,-9399.007173
965.331597,76.570323,114.855485,-9437.292334
965.332224,76.570323,172.283227,-9418.149754
965.332851,95.712904,172.283227,-9360.722011
965.333479,95.712904,248.853550,-9360.722011
965.334106,95.712904,114.855485,-9418.149754
965.334733,76.570323,210.568389,-9418.149754
965.335361,133.998066,114.855485,-9418.149754
965.335988,133.998066,114.855485,-9418.149754
965.336616,76.570323,114.855485,-9437.292334
965.337243,57.427742,153.140646,-9418.149754
965.337870,76.570323,95.712904,-9456.434915
965.338498,38.285162,114.855485,-9418.149754
965.339125,95.712904,172.283227,-9418.149754
965.339753,133.998066,153.140646,-9418.149754
965.340380,76.570323,114.855485,-9418.149754
965.341007,76.570323,114.855485,-9418.149754
965.341635,76.570323,210.568389,-9456.434915
965.342262,95.712904,133.998066,-9360.722011
965.342890,133.998066,210.568389,-9418.149754
965.343517,76.570323,114.855485,-9418.149754
965.344144,153.140646,133.998066,-9456.434915
965.344772,153.140646,191.425808,-9399.007173
965.345399,153.140646,172.283227,-9399.007173
965.346026,76.570323,114.855485,-9418.149754
965.346654,76.570323,114.855485,-9418.149754
965.347281,133.998066,172.283227,-9418.149754
965.347909,38.285162,114.855485,-9475.577496
965.348536,76.570323,114.855485,-9456.434915
965.349163,57.427742,95.712904,-9475.577496
965.349791,133.998066,133.998066,-9399.007173
965.350418,133.998066,133.998066,-9399.007173
965.351046,38.285162,114.855485,-9418.149754
965.351673,153.140646,133.998066,-9399.007173
965.352300,76.570323,172.283227,-9418.149754
965.352928,76.570323,114.855485,-9418.149754
965.353555,76.570323,210.568389,-9418.149754
965.354183,95.712904,153.140646,-9360.722011
965.354810,133.998066,210.568389,-9418.149754
965.355437,76.570323,114.855485,-9418.149754
965.356065,76.570323,153.140646,-9418.149754
965.356692,133.998066,172.283227,-9418.149754
965.357319,133.998066,191.425808,-9437.292334
965.357947,95.712904,287.138712,-9456.434915
965.358574,95.712904,114.855485,-9437.292334
965.359202,38.285162,172.283227,-9418.149754
965.359829,76.570323,114.855485,-9418.149754
965.360456,95.712904,95.712904,-9399.007173
965.361084,76.570323,114.855485,-9437.292334
965.361711,76.570323,172.283227,-9418.149754
965.362339,76.570323,191.425808,-9418.149754
965.362966,76.570323,114.855485,-9456.434915
965.363593,95.712904,172.283227,-9360.722011
965.364221,133.998066,153.140646,-9475.577496
965.364848,76.570323,114.855485,-9418.149754
965.365476,76.570323,114.855485,-9418.149754
965.366103,76.570323,153.140646,-9418.149754
965.366730,76.570323,114.855485,-9418.149754
965.367358,76.570323,114.855485,-9418.149754
965.367985,133.998066,114.855485,-9494.720077
965.368612,76.570323,114.855485,-9456.434915
965.369240,133.998066,114.855485,-9418.149754
965.369867,76.570323,114.855485,-9456.434915
965.370495,38.285162,114.855485,-9360.722011
965.371122,114.855485,133.998066,-9360.722011
965.371749,95.712904,172.283227,-9437.292334
965.372377,57.427742,172.283227,-9418.149754
965.373004,76.570323,114.855485,-9418.149754
965.373632,76.570323,210.568389,-9494.720077
965.374259,95.712904,114.855485,-9418.149754
965.374886,133.998066,114.855485,-9418.149754
965.375514,95.712904,133.998066,-9360.722011
965.376141,38.285162,172.283227,-9418.149754
965.376769,76.570323,210.568389,-9418.149754
965.377396,95.712904,133.998066,-9360.722011
965.378023,172.283227,114.855485,-9379.864592
965.378651,133.998066,153.140646,-9437.292334
965.379278,76.570323,172.283227,-9437.292334
965.379906,95.712904,133.998066,-9360.722011
965.380533,95.712904,114.855485,-9418.149754
965.381160,133.998066,114.855485,-9437.292334
965.381788,133.998066,153.140646,-9399.007173
965.382415,133.998066,153.140646,-9360.722011
965.383043,76.570323,210.568389,-9418.149754
965.383670,114.855485,153.140646,-9379.864592
965.384297,95.712904,95.712904,-9399.007173
965.384925,76.570323,114.855485,-9418.149754
965.385552,133.998066,114.855485,-9418.149754
965.386180,57.427742,114.855485,-9399.007173
965.386807,57.427742,172.283227,-9418.149754
965.387434,133.998066,153.140646,-9418.149754
965.388062,95.712904,95.712904,-9399.007173
965.388689,76.570323,114.855485,-9418.149754
965.389317,114.855485,133.998066,-9360.722011
965.389944,38.285162,172.283227,-9418.149754
965.390571,76.570323,210.568389,-9456.434915
965.391199,76.570323,114.855485,-9494.720077
965.391826,76.570323,210.568389,-9418.149754
965.392454,76.570323,114.855485,-9437.292334
965.393081,76.570323,172.283227,-9437.292334
965.393708,76.570323,114.855485,-9418.149754
965.394336,133.998066,172.283227,-9418.149754
965.394963,95.712904,133.998066,-9360.722011
965.395591,133.998066,172.283227,-9418.149754
965.396218,172.283227,114.855485,-9379.864592
965.396845,114.855485,133.998066,-9360.722011
965.397473,76.570323,172.283227,-9456.434915
965.398100,95.712904,191.425808,-9360.722011
965.398728,76.570323,114.855485,-9418.149754
965.399355,133.998066,153.140646,-9418.149754
965.399982,76.570323,191.425808,-9360.722011
965.400610,76.570323,210.568389,-9418.149754
965.401237,76.570323,114.855485,-9418.149754
965.401865,57.427742,133.998066,-9360.722011
965.402492,95.712904,114.855485,-9437.292334
965.403119,133.998066,172.283227,-9418.149754
965.403747,76.570323,210.568389,-9418.149754
965.404374,76.570323,114.855485,-9418.149754
965.405002,95.712904,95.712904,-9399.007173
965.405629,57.427742,172.283227,-9418.149754
965.406256,38.285162,172.283227,-9418.149754
965.406884,38.285162,114.855485,-9418.149754
965.407511,76.570323,210.568389,-9437.292334
965.408139,133.998066,133.998066,-9399.007173
965.408766,133.998066,172.283227,-9360.722011
965.409393,95.712904,153.140646,-9360.722011
965.410021,133.998066,114.855485,-9418.149754
965.410648,153.140646,153.140646,-9418.149754
965.411276,76.570323,76.570323,-9379.864592
965.411903,76.570323,210.568389,-9418.149754
965.412530,95.712904,133.998066,-9360.722011
965.413158,95.712904,133.998066,-9360.722011
965.413785,114.855485,172.283227,-9360.722011
965.414413,38.285162,191.425808,-9437.292334
965.415040,153.140646,153.140646,-9418.149754
965.415667,76.570323,153.140646,-9456.434915
965.416295,153.140646,133.998066,-9399.007173
965.416922,95.712904,133.998066,-9360.722011
965.417550,95.712904,114.855485,-9360.722011
965.418177,133.998066,153.140646,-9399.007173
965.418804,76.570323,133.998066,-9360.722011
965.419432,38.285162,210.568389,-9418.149754
965.420059,57.427742,248.853550,-9341.579430
965.420687,133.998066,172.283227,-9418.149754
965.421314,95.712904,95.712904,-9399.007173
965.421941,38.285162,76.570323,-9379.864592
965.422569,153.140646,172.283227,-9399.007173
965.423196,153.140646,133.998066,-9456.434915
965.423824,133.998066,114.855485,-9418.149754
965.424451,95.712904,133.998066,-9360.722011
965.425078,76.570323,114.855485,-9418.149754
965.425706,133.998066,133.998066,-9437.292334
965.426333,76.570323,114.855485,-9418.149754
965.426961,38.285162,114.855485,-9418.149754
965.427588,95.712904,114.855485,-9418.149754
965.428215,153.140646,133.998066,-9418.149754
965.428843,76.570323,133.998066,-9360.722011
965.429470,133.998066,114.855485,-9418.149754
965.430098,76.570323,76.570323,-9379.864592
965.430725,95.712904,172.283227,-9418.149754
965.431352,133.998066,210.568389,-9456.434915
965.431980,38.285162,210.568389,-9418.149754
965.432607,133.998066,153.140646,-9418.149754
965.433235,38.285162,114.855485,-9418.149754
965.433862,133.998066,153.140646,-9399.007173
965.434489,133.998066,114.855485,-9418.149754
965.435117,76.570323,114.855485,-9437.292334
965.435744,114.855485,210.568389,-9360.722011
965.436372,76.570323,172.283227,-9418.149754
965.436999,114.855485,133.998066,-9360.722011
965.437626,172.283227,133.998066,-9360.722011
965.438254,38.285162,114.855485,-9418.149754
965.438881,133.998066,114.855485,-9418.149754
965.439509,76.570323,114.855485,-9456.434915
965.440136,76.570323,210.568389,-9418.149754
965.440763,38.285162,114.855485,-9418.149754
965.441391,133.998066,114.855485,-9418.149754
965.442018,76.570323,76.570323,-9322.436850
965.442646,133.998066,133.998066,-9399.007173
965.443273,95.712904,133.998066,-9360.722011
965.443900,95.712904,153.140646,-9341.579430
965.444528,57.427742,133.998066,-9360.722011
965.445155,57.427742,191.425808,-9437.292334
965.445783,95.712904,114.855485,-9418.149754
965.446410,114.855485,191.425808,-9360.722011
965.447037,114.855485,248.853550,-9360.722011
965.447665,38.285162,172.283227,-9418.149754
965.448292,76.570323,114.855485,-9418.149754
965.448920,133.998066,172.283227,-9418.149754
965.449547,133.998066,210.568389,-9418.149754
965.450174,95.712904,153.140646,-9379.864592
965.450802,153.140646,210.568389,-9418.149754
965.451429,76.570323,114.855485,-9418.149754
965.452057,76.570323,133.998066,-9360.722011
965.452684,0.000000,133.998066,-9360.722011
965.453311,95.712904,95.712904,-9399.007173
965.453939,57.427742,95.712904,-9399.007173
965.454566,133.998066,114.855485,-9418.149754
965.455194,38.285162,172.283227,-9418.149754
965.455821,133.998066,114.855485,-9418.149754
965.456448,133.998066,133.998066,-9399.007173
965.457076,38.285162,172.283227,-9418.149754
965.457703,114.855485,210.568389,-9379.864592
965.458331,95.712904,133.998066,-9360.722011
965.458958,76.570323,114.855485,-9418.149754
965.459585,133.998066,114.855485,-9418.149754
965.460213,95.712904,172.283227,-9437.292334
965.460840,76.570323,114.855485,-9418.149754
965.461468,133.998066,172.283227,-9418.149754
965.462095,133.998066,153.140646,-9418.149754
965.462722,210.568389,133.998066,-9399.007173
965.463350,133.998066,172.283227,-9456.434915
965.463977,133.998066,172.283227,-9418.149754
965.464604,38.285162,172.283227,-9418.149754
965.465232,38.285162,114.855485,-9418.149754
965.465859,133.998066,153.140646,-9418.149754
965.466487,153.140646,133.998066,-9494.720077
965.467114,95.712904,172.283227,-9418.149754
965.467741,95.712904,210.568389,-9418.149754
965.468369,76.570323,172.283227,-9418.149754
965.468996,153.140646,191.425808,-9399.007173
965.469624,114.855485,133.998066,-9360.722011
965.470251,133.998066,172.283227,-9418.149754
965.470878,133.998066,172.283227,-9399.007173
965.471506,76.570323,114.855485,-9418.149754
965.472133,57.427742,229.710970,-9418.149754
965.472761,76.570323,153.140646,-9437.292334
965.473388,153.140646,133.998066,-9399.007173
965.474016,133.998066,210.568389,-9418.149754
965.474643,114.855485,172.283227,-9360.722011
965.475270,38.285162,210.568389,-9418.149754
965.475898,153.140646,153.140646,-9399.007173
965.476525,133.998066,172.283227,-9399.007173
965.477153,38.285162,114.855485,-9456.434915
965.477780,133.998066,114.855485,-9418.149754
965.478407,76.570323,114.855485,-9437.292334
965.479035,19.142581,229.710970,-9437.292334
965.479662,76.570323,153.140646,-9418.149754
965.480290,38.285162,114.855485,-9475.577496
965.480917,38.285162,114.855485,-9456.434915
965.481544,57.427742,172.283227,-9360.722011
965.482172,76.570323,114.855485,-9437.292334
965.482799,38.285162,114.855485,-9418.149754
965.483427,95.712904,114.855485,-9437.292334
965.484054,76.570323,114.855485,-9437.292334
965.484681,76.570323,133.998066,-9360.722011
965.485309,95.712904,133.998066,-9360.722011
965.485936,38.285162,114.855485,-9418.149754
965.486564,95.712904,95.712904,-9399.007173
965.487191,133.998066,133.998066,-9399.007173
965.487818,57.427742,95.712904,-9399.007173
965.488446,76.570323,114.855485,-9418.149754
965.489073,95.712904,114.855485,-9418.149754
965.489701,133.998066,114.855485,-9437.292334
965.490328,76.570323,172.283227,-9418.149754
965.490956,76.570323,172.283227,-9418.149754
965.491583,133.998066,153.140646,-9418.149754
965.492210,76.570323,114.855485,-9360.722011
965.492838,38.285162,114.855485,-9418.149754
965.493465,38.285162,114.855485,-9418.149754
965.494093,114.855485,153.140646,-9360.722011
965.494720,76.570323,114.855485,-9418.149754
965.495347,133.998066,172.283227,-9418.149754
965.495975,133.998066,114.855485,-9418.149754
965.496602,76.570323,114.855485,-9418.149754
965.497230,57.427742,95.712904,-9399.007173
965.497857,95.712904,114.855485,-9456.434915
965.498484,38.285162,114.855485,-9418.149754
965.499112,76.570323,210.568389,-9418.149754
965.499739,133.998066,114.855485,-9418.149754
965.500367,114.855485,172.283227,-9360.722011
965.500994,133.998066,172.283227,-9399.007173
965.501621,76.570323,114.855485,-9418.149754
965.502249,153.140646,114.855485,-9418.149754
965.502876,172.283227,76.570323,-9418.149754
965.503504,76.570323,95.712904,-9399.007173
965.504131,153.140646,133.998066,-9399.007173
965.504758,76.570323,114.855485,-9418.149754
965.505386,153.140646,133.998066,-9399.007173
965.506013,153.140646,133.998066,-9399.007173
965.506641,133.998066,114.855485,-9533.005238
965.507268,114.855485,76.570323,-9418.149754
965.507896,76.570323,153.140646,-9437.292334
965.508523,133.998066,153.140646,-9418.149754
965.509150,76.570323,172.283227,-9437.292334
965.509778,95.712904,114.855485,-9418.149754
965.510405,114.855485,95.712904,-9399.007173
965.511033,38.285162,114.855485,-9418.149754
965.511660,76.570323,133.998066,-9360.722011
965.512287,133.998066,114.855485,-9418.149754
965.512915,133.998066,210.568389,-9418.149754
965.513542,133.998066,210.568389,-9418.149754
965.514170,133.998066,191.425808,-9399.007173
965.514797,114.855485,133.998066,-9418.149754
965.515424,133.998066,114.855485,-9418.149754
965.516052,114.855485,133.998066,-9360.722011
965.516679,153.140646,133.998066,-9399.007173
965.517307,133.998066,153.140646,-9418.149754
965.517934,38.285162,153.140646,-9456.434915
965.518561,114.855485,114.855485,-9379.864592
965.519189,38.285162,114.855485,-9418.149754
965.519816,95.712904,153.140646,-9360.722011
965.520444,76.570323,210.568389,-9437.292334
965.521071,38.285162,114.855485,-9437.292334
965.521698,133.998066,114.855485,-9418.149754
965.522326,76.570323,114.855485,-9418.149754
965.522953,133.998066,114.855485,-9418.149754
965.523581,76.570323,172.283227,-9418.149754
965.524208,76.570323,114.855485,-9418.149754
965.524836,133.998066,114.855485,-9418.149754
965.525463,133.998066,172.283227,-9418.149754
965.526090,133.998066,114.855485,-9418.149754
965.526718,133.998066,114.855485,-9418.149754
965.527345,114.855485,114.855485,-9379.864592
965.527973,57.427742,114.855485,-9418.149754
965.528600,76.570323,114.855485,-9437.292334
965.529227,76.570323,114.855485,-9360.722011
965.529855,95.712904,95.712904,-9399.007173
965.530482,38.285162,114.855485,-9418.149754
965.531110,95.712904,114.855485,-9418.149754
965.531737,95.712904,153.140646,-9418.149754
965.532364,133.998066,114.855485,-9418.149754
965.532992,38.285162,153.140646,-9418.149754
965.533619,95.712904,153.140646,-9341.579430
965.534247,76.570323,114.855485,-9418.149754
965.534874,133.998066,210.568389,-9418.149754
965.535501,76.570323,153.140646,-9418.149754
965.536129,76.570323,114.855485,-9418.149754
965.536756,19.142581,114.855485,-9418.149754
965.537384,76.570323,114.855485,-9418.149754
965.538011,95.712904,95.712904,-9399.007173
965.538638,38.285162,153.140646,-9418.149754
965.539266,95.712904,95.712904,-9399.007173
965.539893,76.570323,114.855485,-9418.149754
965.540521,38.285162,172.283227,-9456.434915
965.541148,95.712904,153.140646,-9418.149754
965.541776,133.998066,172.283227,-9418.149754
965.542403,38.285162,172.283227,-9418.149754
965.543030,76.570323,210.568389,-9418.149754
965.543658,76.570323,114.855485,-9418.149754
965.544285,95.712904,133.998066,-9360.722011
965.544913,172.283227,153.140646,-9379.864592
965.545540,57.427742,114.855485,-9399.007173
965.546167,76.570323,191.425808,-9418.149754
965.546795,95.712904,153.140646,-9418.149754
965.547422,114.855485,153.140646,-9360.722011
965.548050,133.998066,172.283227,-9418.149754
965.548677,76.570323,114.855485,-9418.149754
965.549304,95.712904,133.998066,-9360.722011
965.549932,76.570323,114.855485,-9418.149754
965.550559,95.712904,153.140646,-9360.722011
965.551187,57.427742,210.568389,-9360.722011
965.551814,133.998066,172.283227,-9418.149754
965.552441,133.998066,114.855485,-9418.149754
965.553069,76.570323,114.855485,-9418.149754
965.553696,38.285162,210.568389,-9418.149754
965.554324,57.427742,133.998066,-9341.579430
965.554951,95.712904,114.855485,-9418.149754
965.555578,95.712904,153.140646,-9360.722011
965.556206,76.570323,210.568389,-9418.149754
965.556833,76.570323,153.140646,-9418.149754
965.557461,57.427742,114.855485,-9418.149754
965.558088,38.285162,114.855485,-9418.149754
965.558716,76.570323,172.283227,-9418.149754
965.559343,114.855485,172.283227,-9360.722011
965.559970,133.998066,210.568389,-9418.149754
965.560598,133.998066,114.855485,-9418.149754
965.561225,38.285162,114.855485,-9456.434915
965.561853,76.570323,172.283227,-9418.149754
965.562480,76.570323,133.998066,-9360.722011
965.563107,172.283227,76.570323,-9418.149754
965.563735,114.855485,172.283227,-9360.722011
965.564362,133.998066,114.855485,-9418.149754
965.564990,133.998066,191.425808,-9418.149754
965.565617,133.998066,114.855485,-9418.149754
965.566244,38.285162,76.570323,-9399.007173
965.566872,114.855485,95.712904,-9399.007173
965.567499,76.570323,114.855485,-9418.149754
965.568127,76.570323,210.568389,-9437.292334
965.568754,76.570323,114.855485,-9456.434915
965.569381,95.712904,95.712904,-9399.007173
965.570009,95.712904,133.998066,-9360.722011
965.570636,133.998066,210.568389,-9418.149754
965.571264,76.570323,210.568389,-9418.149754
965.571891,95.712904,172.283227,-9360.722011
965.572518,76.570323,114.855485,-9475.577496
965.573146,133.998066,153.140646,-9418.149754
965.573773,38.285162,114.855485,-9418.149754
965.574401,114.855485,153.140646,-9360.722011
965.575028,153.140646,248.853550,-9456.434915
965.575655,95.712904,153.140646,-9418.149754
965.576283,76.570323,153.140646,-9418.149754
965.576910,57.427742,133.998066,-9360.722011
965.577538,95.712904,210.568389,-9418.149754
965.578165,114.855485,172.283227,-9418.149754
965.578792,38.285162,229.710970,-9418.149754
965.579420,133.998066,133.998066,-9399.007173
965.580047,76.570323,133.998066,-9379.864592
965.580675,76.570323,114.855485,-9418.149754
965.581302,133.998066,153.140646,-9418.149754
965.581929,133.998066,114.855485,-9418.149754
965.582557,57.427742,133.998066,-9360.722011
965.583184,172.283227,153.140646,-9437.292334
965.583812,95.712904,95.712904,-9399.007173
965.584439,133.998066,133.998066,-9399.007173
965.585066,57.427742,114.855485,-9418.149754
965.585694,95.712904,95.712904,-9399.007173
965.586321,133.998066,210.568389,-9418.149754
965.586949,133.998066,172.283227,-9418.149754
965.587576,76.570323,172.283227,-9418.149754
965.588203,133.998066,114.855485,-9437.292334
965.588831,38.285162,172.283227,-9418.149754
965.589458,38.285162,172.283227,-9494.720077
965.590086,76.570323,172.283227,-9418.149754
965.590713,76.570323,229.710970,-9418.149754
965.591340,95.712904,191.425808,-9437.292334
965.591968,133.998066,153.140646,-9418.149754
965.592595,133.998066,153.140646,-9418.149754
965.593222,133.998066,153.140646,-9418.149754
965.593850,133.998066,172.283227,-9418.149754
965.594477,133.998066,172.283227,-9456.434915
965.595105,95.712904,210.568389,-9418.149754
965.595732,19.142581,114.855485,-9418.149754
965.596359,95.712904,114.855485,-9418.149754
965.596987,114.855485,133.998066,-9360.722011
965.597614,76.570323,114.855485,-9418.149754
965.598242,76.570323,114.855485,-9418.149754
965.598869,95.712904,153.140646,-9418.149754
965.599496,133.998066,114.855485,-9418.149754
965.600124,133.998066,114.855485,-9418.149754
965.600751,95.712904,133.998066,-9360.722011
965.601379,153.140646,153.140646,-9418.149754
965.602006,76.570323,114.855485,-9418.149754
965.602633,57.427742,114.855485,-9399.007173
965.603261,76.570323,210.568389,-9418.149754
965.603888,153.140646,172.283227,-9399.007173
965.604516,57.427742,133.998066,-9360.722011
965.605143,76.570323,114.855485,-9418.149754
965.605770,114.855485,153.140646,-9360.722011
965.606398,133.998066,153.140646,-9418.149754
965.607025,76.570323,191.425808,-9418.149754
965.607653,153.140646,191.425808,-9379.864592
965.608280,57.427742,133.998066,-9322.436850
965.608907,57.427742,153.140646,-9533.005238
965.609535,133.998066,153.140646,-9399.007173
965.610162,133.998066,172.283227,-9418.149754
965.610789,57.427742,172.283227,-9360.722011
965.611417,95.712904,114.855485,-9437.292334
965.612044,114.855485,95.712904,-9399.007173
965.612672,133.998066,114.855485,-9360.722011
965.613299,76.570323,114.855485,-9418.149754
965.613926,38.285162,172.283227,-9418.149754
965.614554,76.570323,114.855485,-9437.292334
965.615181,76.570323,114.855485,-9418.149754
965.615809,114.855485,153.140646,-9341.579430
965.616436,153.140646,133.998066,-9399.007173
965.617063,114.855485,153.140646,-9341.579430
965.617691,95.712904,133.998066,-9341.579430
965.618318,76.570323,172.283227,-9418.149754
965.618946,95.712904,95.712904,-9399.007173
965.619573,153.140646,133.998066,-9456.434915
965.620200,133.998066,172.283227,-9418.149754
965.620828,133.998066,210.568389,-9456.434915
965.621455,133.998066,153.140646,-9418.149754
965.622083,133.998066,114.855485,-9418.149754
965.622710,95.712904,133.998066,-9360.722011
965.623337,38.285162,114.855485,-9418.149754
965.623965,76.570323,114.855485,-9360.722011
965.624592,133.998066,133.998066,-9399.007173
965.625220,76.570323,153.140646,-9418.149754
965.625847,133.998066,172.283227,-9399.007173
965.626474,76.570323,114.855485,-9418.149754
965.627102,153.140646,114.855485,-9418.149754
965.627729,76.570323,114.855485,-9418.149754
965.628357,133.998066,114.855485,-9456.434915
965.628984,76.570323,114.855485,-9418.149754
965.629611,76.570323,114.855485,-9418.149754
965.630239,76.570323,172.283227,-9418.149754
965.630866,76.570323,172.283227,-9418.149754
965.631493,76.570323,114.855485,-9418.149754
965.632121,133.998066,172.283227,-9418.149754
965.632748,114.855485,133.998066,-9418.149754
965.633376,76.570323,172.283227,-9418.149754
965.634003,57.427742,172.283227,-9360.722011
965.634630,95.712904,95.712904,-9399.007173
965.635258,57.427742,172.283227,-9360.722011
965.635885,76.570323,229.710970,-9418.149754
965.636513,133.998066,153.140646,-9418.149754
965.637140,38.285162,114.855485,-9418.149754
965.637767,95.712904,133.998066,-9360.722011
965.638395,76.570323,172.283227,-9418.149754
965.639022,38.285162,172.283227,-9418.149754
965.639650,133.998066,114.855485,-9437.292334
965.640277,76.570323,172.283227,-9456.434915
965.640904,38.285162,172.283227,-9437.292334
965.641532,76.570323,114.855485,-9456.434915
965.642159,76.570323,153.140646,-9418.149754
965.642787,114.855485,191.425808,-9360.722011
965.643414,38.285162,210.568389,-9418.149754
965.644041,114.855485,172.283227,-9360.722011
965.644669,114.855485,95.712904,-9399.007173
965.645296,133.998066,114.855485,-9418.149754
965.645924,153.140646,133.998066,-9399.007173
965.646551,133.998066,114.855485,-9418.149754
965.647178,57.427742,95.712904,-9399.007173
965.647806,133.998066,172.283227,-9418.149754
965.648433,153.140646,172.283227,-9437.292334
965.649061,133.998066,153.140646,-9379.864592
965.649688,76.570323,153.140646,-9418.149754
965.650315,57.427742,172.283227,-9360.722011
965.650943,76.570323,114.855485,-9418.149754
965.651570,114.855485,95.712904,-9399.007173
965.652197,114.855485,133.998066,-9360.722011
965.652825,114.855485,95.712904,-9399.007173
965.653452,133.998066,114.855485,-9418.149754
965.654080,133.998066,153.140646,-9494.720077
965.654707,133.998066,114.855485,-9418.149754
965.655334,133.998066,153.140646,-9418.149754
965.655962,76.570323,172.283227,-9418.149754
965.656589,76.570323,114.855485,-9418.149754
965.657217,114.855485,172.283227,-9360.722011
965.657844,95.712904,114.855485,-9437.292334
965.658471,153.140646,133.998066,-9494.720077
965.659099,76.570323,114.855485,-9418.149754
965.659726,38.285162,114.855485,-9418.149754
965.660354,95.712904,114.855485,-9418.149754
965.660981,133.998066,114.855485,-9437.292334
965.661608,76.570323,114.855485,-9418.149754
965.662236,76.570323,114.855485,-9418.149754
965.662863,57.427742,95.712904,-9399.007173
965.663491,133.998066,153.140646,-9399.007173
965.664118,95.712904,133.998066,-9360.722011
965.664745,133.998066,133.998066,-9399.007173
965.665373,95.712904,191.425808,-9360.722011
965.666000,57.427742,114.855485,-9418.149754
965.666628,133.998066,114.855485,-9418.149754
965.667255,133.998066,114.855485,-9418.149754
965.667882,172.283227,76.570323,-9418.149754
965.668510,172.283227,76.570323,-9437.292334
965.669137,95.712904,114.855485,-9418.149754
965.669764,76.570323,172.283227,-9418.149754
965.670392,114.855485,133.998066,-9418.149754
965.671019,114.855485,95.712904,-9437.292334
965.671647,95.712904,114.855485,-9418.149754
965.672274,95.712904,248.853550,-9341.579430
965.672901,38.285162,210.568389,-9418.149754
965.673529,76.570323,114.855485,-9418.149754
965.674156,133.998066,172.283227,-9418.149754
965.674784,76.570323,153.140646,-9418.149754
965.675411,95.712904,191.425808,-9418.149754
965.676038,76.570323,172.283227,-9418.149754
965.676666,76.570323,153.140646,-9418.149754
965.677293,57.427742,114.855485,-9418.149754
965.677921,76.570323,114.855485,-9418.149754
965.678548,38.285162,114.855485,-9418.149754
965.679175,133.998066,114.855485,-9418.149754
965.679803,76.570323,153.140646,-9418.149754
965.680430,133.998066,114.855485,-9494.720077
965.681057,38.285162,114.855485,-9418.149754
965.681685,76.570323,153.140646,-9418.149754
965.682312,76.570323,172.283227,-9418.149754
965.682940,95.712904,95.712904,-9399.007173
965.683567,133.998066,153.140646,-9418.149754
965.684194,76.570323,114.855485,-9418.149754
965.684822,114.855485,172.283227,-9360.722011
965.685449,95.712904,172.283227,-9456.434915
965.686077,133.998066,114.855485,-9418.149754
965.686704,95.712904,114.855485,-9456.434915
965.687331,76.570323,114.855485,-9418.149754
965.687959,133.998066,114.855485,-9437.292334
965.688586,76.570323,153.140646,-9418.149754
965.689214,114.855485,133.998066,-9360.722011
965.689841,114.855485,95.712904,-9379.864592
965.690468,76.570323,114.855485,-9418.149754
965.691096,76.570323,114.855485,-9437.292334
965.691723,38.285162,153.140646,-9418.149754
965.692350,76.570323,210.568389,-9418.149754
965.692978,76.570323,210.568389,-9418.149754
965.693605,133.998066,76.570323,-9322.436850
965.694233,172.283227,114.855485,-9379.864592
965.694860,133.998066,133.998066,-9399.007173
965.695487,133.998066,114.855485,-9437.292334
965.696115,95.712904,95.712904,-9399.007173
965.696742,153.140646,133.998066,-9399.007173
965.697370,114.855485,38.285162,-9399.007173
965.697997,133.998066,114.855485,-9418.149754
965.698624,38.285162,114.855485,-9437.292334
965.699252,133.998066,114.855485,-9418.149754
965.699879,133.998066,172.283227,-9399.007173
965.700506,133.998066,114.855485,-9437.292334
965.701134,133.998066,153.140646,-9418.149754
965.701761,133.998066,210.568389,-9418.149754
965.702389,133.998066,114.855485,-9456.434915
965.703016,76.570323,114.855485,-9418.149754
965.703643,133.998066,172.283227,-9360.722011
965.704271,133.998066,114.855485,-9418.149754
965.704898,76.570323,210.568389,-9418.149754
965.705526,76.570323,172.283227,-9437.292334
965.706153,76.570323,133.998066,-9360.722011
965.706780,114.855485,133.998066,-9360.722011
965.707408,153.140646,210.568389,-9399.007173
965.708035,76.570323,153.140646,-9418.149754
965.708663,133.998066,114.855485,-9418.149754
965.709290,76.570323,114.855485,-9494.720077
965.709917,114.855485,153.140646,-9360.722011
965.710545,76.570323,153.140646,-9437.292334
965.711172,95.712904,172.283227,-9418.149754
965.711799,133.998066,172.283227,-9418.149754
965.712427,76.570323,114.855485,-9533.005238
965.713054,133.998066,114.855485,-9418.149754
965.713682,133.998066,153.140646,-9456.434915
965.714309,133.998066,114.855485,-9456.434915
965.714936,133.998066,133.998066,-9399.007173
965.715564,133.998066,114.855485,-9418.149754
965.716191,76.570323,153.140646,-9418.149754
965.716819,133.998066,114.855485,-9418.149754
965.717446,76.570323,114.855485,-9360.722011
965.718073,133.998066,114.855485,-9418.149754
965.718701,76.570323,114.855485,-9418.149754
965.719328,95.712904,153.140646,-9341.579430
965.719955,57.427742,133.998066,-9418.149754
965.720583,133.998066,172.283227,-9418.149754
965.721210,95.712904,114.855485,-9418.149754
965.721838,153.140646,153.140646,-9399.007173
965.722465,172.283227,153.140646,-9418.149754
965.723092,38.285162,172.283227,-9360.722011
965.723720,76.570323,172.283227,-9360.722011
965.724347,38.285162,153.140646,-9418.149754
965.724975,114.855485,95.712904,-9399.007173
965.725602,133.998066,153.140646,-9418.149754
965.726229,76.570323,114.855485,-9418.149754
965.726857,133.998066,114.855485,-9418.149754
965.727484,76.570323,114.855485,-9418.149754
965.728112,95.712904,114.855485,-9456.434915
965.728739,76.570323,114.855485,-9418.149754
965.729366,95.712904,114.855485,-9418.149754
965.729994,133.998066,114.855485,-9418.149754
965.730621,57.427742,114.855485,-9418.149754
965.731248,95.712904,114.855485,-9360.722011
965.731876,114.855485,133.998066,-9360.722011
965.732503,76.570323,172.283227,-9418.149754
965.733131,133.998066,153.140646,-9418.149754
965.733758,133.998066,114.855485,-9418.149754
965.734385,76.570323,133.998066,-9360.722011
965.735013,57.427742,133.998066,-9322.436850
965.735640,133.998066,153.140646,-9360.722011
965.736268,133.998066,172.283227,-9418.149754
965.736895,133.998066,114.855485,-9418.149754
965.737522,38.285162,114.855485,-9418.149754
965.738150,95.712904,133.998066,-9341.579430
965.738777,95.712904,153.140646,-9418.149754
965.739405,76.570323,114.855485,-9418.149754
965.740032,76.570323,172.283227,-9418.149754
965.740659,38.285162,114.855485,-9418.149754
965.741287,76.570323,153.140646,-9418.149754
965.741914,38.285162,153.140646,-9418.149754
965.742541,133.998066,133.998066,-9399.007173
965.743169,133.998066,114.855485,-9418.149754
965.743796,76.570323,210.568389,-9418.149754
965.744424,76.570323,210.568389,-9437.292334
965.745051,133.998066,210.568389,-9418.149754
965.745678,95.712904,114.855485,-9418.149754
965.746306,114.855485,95.712904,-9494.720077
965.746933,172.283227,76.570323,-9418.149754
965.747561,76.570323,153.140646,-9456.434915
965.748188,133.998066,172.283227,-9399.007173
965.748815,133.998066,114.855485,-9418.149754
965.749443,76.570323,114.855485,-9418.149754
965.750070,133.998066,114.855485,-9437.292334
965.750697,114.855485,133.998066,-9360.722011
965.751325,38.285162,114.855485,-9418.149754
965.751952,95.712904,133.998066,-9360.722011
965.752580,38.285162,114.855485,-9418.149754
965.753207,38.285162,114.855485,-9418.149754
965.753834,133.998066,172.283227,-9418.149754
965.754462,95.712904,172.283227,-9418.149754
965.755089,133.998066,153.140646,-9418.149754
965.755717,133.998066,114.855485,-9437.292334
965.756344,114.855485,153.140646,-9379.864592
965.756971,133.998066,172.283227,-9418.149754
965.757599,133.998066,133.998066,-9399.007173
965.758226,114.855485,76.570323,-9456.434915
965.758854,133.998066,133.998066,-9399.007173
965.759481,95.712904,114.855485,-9418.149754
965.760108,76.570323,210.568389,-9418.149754
965.760736,95.712904,133.998066,-9360.722011
965.761363,76.570323,153.140646,-9418.149754
965.761990,95.712904,95.712904,-9399.007173
965.762618,95.712904,172.283227,-9418.149754
965.763245,76.570323,172.283227,-9494.720077
965.763873,133.998066,114.855485,-9418.149754
965.764500,133.998066,153.140646,-9437.292334
965.765127,38.285162,153.140646,-9418.149754
965.765755,38.285162,114.855485,-9418.149754
965.766382,153.140646,133.998066,-9399.007173
965.767010,114.855485,210.568389,-9399.007173
965.767637,76.570323,153.140646,-9360.722011
965.768264,133.998066,114.855485,-9418.149754
965.768892,76.570323,114.855485,-9418.149754
965.769519,57.427742,153.140646,-9360.722011
965.770146,114.855485,133.998066,-9360.722011
965.770774,76.570323,210.568389,-9418.149754
965.771401,95.712904,172.283227,-9418.149754
965.772029,133.998066,114.855485,-9418.149754
965.772656,95.712904,95.712904,-9399.007173
965.773283,76.570323,114.855485,-9456.434915
965.773911,76.570323,114.855485,-9418.149754
965.774538,114.855485,114.855485,-9399.007173
965.775166,95.712904,172.283227,-9418.149754
965.775793,133.998066,153.140646,-9418.149754
965.776420,76.570323,172.283227,-9418.149754
965.777048,114.855485,172.283227,-9360.722011
965.777675,172.283227,114.855485,-9379.864592
965.778302,133.998066,114.855485,-9418.149754
965.778930,133.998066,114.855485,-9418.149754
965.779557,95.712904,153.140646,-9418.149754
965.780185,76.570323,114.855485,-9418.149754
965.780812,95.712904,133.998066,-9360.722011
965.781439,172.283227,210.568389,-9379.864592
965.782067,76.570323,153.140646,-9437.292334
965.782694,76.570323,172.283227,-9418.149754
965.783321,76.570323,114.855485,-9418.149754
965.783949,172.283227,133.998066,-9418.149754
965.784576,133.998066,133.998066,-9399.007173
965.785204,57.427742,172.283227,-9418.149754
965.785831,38.285162,114.855485,-9418.149754
965.786458,76.570323,114.855485,-9418.149754
965.787086,76.570323,114.855485,-9418.149754
965.787713,114.855485,133.998066,-9360.722011
965.788340,133.998066,114.855485,-9418.149754
965.788968,76.570323,114.855485,-9418.149754
965.789595,133.998066,114.855485,-9418.149754
965.790223,95.712904,133.998066,-9360.722011
965.790850,38.285162,172.283227,-9418.149754
965.791477,38.285162,172.283227,-9418.149754
965.792105,76.570323,210.568389,-9418.149754
965.792732,76.570323,153.140646,-9418.149754
965.793359,133.998066,172.283227,-9418.149754
965.793987,76.570323,210.568389,-9418.149754
965.794614,76.570323,114.855485,-9418.149754
965.795242,153.140646,172.283227,-9399.007173
965.795869,76.570323,114.855485,-9456.434915
965.796496,95.712904,248.853550,-9360.722011
965.797124,95.712904,191.425808,-9360.722011
965.797751,76.570323,114.855485,-9418.149754
965.798378,172.283227,114.855485,-9379.864592
965.799006,114.855485,153.140646,-9360.722011
965.799633,172.283227,133.998066,-9418.149754
965.800261,133.998066,153.140646,-9399.007173
965.800888,133.998066,210.568389,-9437.292334
965.801515,133.998066,153.140646,-9456.434915
965.802143,133.998066,114.855485,-9437.292334
965.802770,95.712904,133.998066,-9360.722011
965.803397,133.998066,153.140646,-9437.292334
965.804025,95.712904,95.712904,-9437.292334
965.804652,76.570323,114.855485,-9418.149754
965.805280,95.712904,133.998066,-9418.149754
965.805907,76.570323,114.855485,-9418.149754
965.806534,133.998066,191.425808,-9418.149754
965.807162,133.998066,153.140646,-9418.149754
965.807789,153.140646,153.140646,-9399.007173
965.808416,38.285162,76.570323,-9379.864592
965.809044,95.712904,114.855485,-9399.007173
965.809671,38.285162,114.855485,-9418.149754
965.810299,95.712904,153.140646,-9360.722011
965.810926,76.570323,114.855485,-9418.149754
965.811553,76.570323,210.568389,-9418.149754
965.812181,38.285162,114.855485,-9418.149754
965.812808,38.285162,114.855485,-9418.149754
965.813435,114.855485,95.712904,-9399.007173
965.814063,57.427742,133.998066,-9360.722011
965.814690,76.570323,114.855485,-9418.149754
965.815318,38.285162,114.855485,-9475.577496
965.815945,38.285162,114.855485,-9456.434915
965.816572,76.570323,114.855485,-9475.577496
965.817200,153.140646,210.568389,-9456.434915
965.817827,76.570323,114.855485,-9456.434915
965.818454,38.285162,114.855485,-9418.149754
965.819082,57.427742,133.998066,-9418.149754
965.819709,76.570323,153.140646,-9418.149754
965.820337,57.427742,172.283227,-9418.149754
965.820964,76.570323,114.855485,-9418.149754
965.821591,114.855485,172.283227,-9360.722011
965.822219,153.140646,133.998066,-9399.007173
965.822846,133.998066,172.283227,-9418.149754
965.823473,133.998066,114.855485,-9418.149754
965.824101,133.998066,114.855485,-9418.149754
965.824728,133.998066,172.283227,-9418.149754
965.825356,76.570323,114.855485,-9418.149754
965.825983,114.855485,114.855485,-9399.007173
965.826610,95.712904,191.425808,-9303.294269
965.827238,76.570323,114.855485,-9418.149754
965.827865,133.998066,114.855485,-9418.149754
965.828492,133.998066,172.283227,-9418.149754
965.829120,133.998066,153.140646,-9418.149754
965.829747,133.998066,114.855485,-9418.149754
965.830375,133.998066,114.855485,-9418.149754
965.831002,38.285162,114.855485,-9418.149754
965.831629,95.712904,133.998066,-9360.722011
965.832257,95.712904,133.998066,-9360.722011
965.832884,76.570323,114.855485,-9437.292334
965.833511,76.570323,114.855485,-9418.149754
965.834139,210.568389,133.998066,-9399.007173
965.834766,76.570323,114.855485,-9533.005238
965.835394,133.998066,114.855485,-9418.149754
965.836021,133.998066,114.855485,-9418.149754
965.836648,76.570323,114.855485,-9418.149754
965.837276,76.570323,210.568389,-9418.149754
965.837903,38.285162,153.140646,-9418.149754
965.838530,38.285162,210.568389,-9418.149754
965.839158,38.285162,210.568389,-9418.149754
965.839785,38.285162,172.283227,-9437.292334
965.840413,76.570323,114.855485,-9418.149754
965.841040,153.140646,133.998066,-9456.434915
965.841667,133.998066,172.283227,-9418.149754
965.842295,133.998066,133.998066,-9399.007173
965.842922,133.998066,210.568389,-9399.007173
965.843549,95.712904,210.568389,-9322.436850
965.844177,133.998066,172.283227,-9399.007173
965.844804,133.998066,114.855485,-9418.149754
965.845432,76.570323,114.855485,-9418.149754
965.846059,153.140646,133.998066,-9399.007173
965.846686,76.570323,133.998066,-9399.007173
965.847314,38.285162,114.855485,-9418.149754
965.847941,133.998066,76.570323,-9379.864592
965.848568,153.140646,133.998066,-9456.434915
965.849196,76.570323,114.855485,-9456.434915
965.849823,133.998066,153.140646,-9456.434915
965.850451,133.998066,133.998066,-9399.007173
965.851078,153.140646,191.425808,-9399.007173
965.851705,133.998066,114.855485,-9437.292334
965.852333,114.855485,210.568389,-9322.436850
965.852960,114.855485,172.283227,-9360.722011
965.853587,76.570323,114.855485,-9418.149754
965.854215,38.285162,95.712904,-9418.149754
965.854842,76.570323,114.855485,-9418.149754
965.855470,133.998066,114.855485,-9418.149754
965.856097,38.285162,210.568389,-9418.149754
965.856724,95.712904,114.855485,-9418.149754
965.857352,95.712904,95.712904,-9399.007173
965.857979,153.140646,114.855485,-9418.149754
965.858606,95.712904,153.140646,-9360.722011
965.859234,76.570323,114.855485,-9418.149754
965.859861,57.427742,172.283227,-9418.149754
965.860489,76.570323,153.140646,-9418.149754
965.861116,76.570323,95.712904,-9399.007173
965.861743,133.998066,114.855485,-9418.149754
965.862371,153.140646,133.998066,-9399.007173
965.862998,133.998066,210.568389,-9418.149754
965.863625,133.998066,114.855485,-9418.149754
965.864253,76.570323,114.855485,-9418.149754
965.864880,133.998066,114.855485,-9437.292334
965.865508,76.570323,114.855485,-9418.149754
965.866135,153.140646,172.283227,-9399.007173
965.866762,114.855485,172.283227,-9360.722011
965.867390,38.285162,153.140646,-9418.149754
965.868017,133.998066,114.855485,-9456.434915
965.868644,76.570323,153.140646,-9418.149754
965.869272,76.570323,153.140646,-9360.722011
965.869899,133.998066,153.140646,-9418.149754
965.870527,95.712904,133.998066,-9418.149754
965.871154,57.427742,95.712904,-9399.007173
965.871781,133.998066,172.283227,-9418.149754
965.872409,133.998066,172.283227,-9418.149754
965.873036,76.570323,172.283227,-9418.149754
965.873663,38.285162,153.140646,-9418.149754
965.874291,57.427742,95.712904,-9399.007173
965.874918,133.998066,153.140646,-9418.149754
965.875546,95.712904,114.855485,-9456.434915
965.876173,76.570323,172.283227,-9437.292334
965.876800,133.998066,133.998066,-9399.007173
965.877428,76.570323,76.570323,-9322.436850
965.878055,95.712904,95.712904,-9399.007173
965.878682,133.998066,114.855485,-9437.292334
965.879310,133.998066,172.283227,-9418.149754
965.879937,76.570323,114.855485,-9418.149754
965.880564,76.570323,114.855485,-9456.434915
965.881192,38.285162,114.855485,-9418.149754
965.881819,133.998066,153.140646,-9456.434915
965.882447,76.570323,153.140646,-9437.292334
965.883074,38.285162,114.855485,-9418.149754
965.883701,133.998066,114.855485,-9418.149754
965.884329,153.140646,133.998066,-9399.007173
965.884956,76.570323,114.855485,-9418.149754
965.885583,133.998066,133.998066,-9399.007173
965.886211,38.285162,114.855485,-9418.149754
965.886838,133.998066,153.140646,-9399.007173
965.887465,38.285162,172.283227,-9418.149754
965.888093,133.998066,153.140646,-9418.149754
965.888720,76.570323,114.855485,-9456.434915
965.889347,133.998066,114.855485,-9418.149754
965.889975,114.855485,172.283227,-9341.579430
965.890602,76.570323,172.283227,-9418.149754
965.891229,76.570323,114.855485,-9418.149754
965.891857,133.998066,133.998066,-9456.434915
965.892484,114.855485,95.712904,-9437.292334
965.893111,76.570323,114.855485,-9418.149754
965.893739,95.712904,114.855485,-9418.149754
965.894366,133.998066,172.283227,-9418.149754
965.894994,76.570323,95.712904,-9418.149754
965.895621,76.570323,210.568389,-9418.149754
965.896248,133.998066,210.568389,-9418.149754
965.896876,76.570323,153.140646,-9418.149754
965.897503,76.570323,133.998066,-9360.722011
965.898130,76.570323,76.570323,-9379.864592
965.898758,133.998066,114.855485,-9456.434915
965.899385,95.712904,133.998066,-9418.149754
965.900012,95.712904,114.855485,-9437.292334
965.900640,76.570323,114.855485,-9418.149754
965.901267,114.855485,95.712904,-9399.007173
965.901894,95.712904,114.855485,-9418.149754
965.902522,76.570323,114.855485,-9418.149754
965.903149,133.998066,114.855485,-9437.292334
965.903776,38.285162,114.855485,-9418.149754
965.904404,57.427742,133.998066,-9360.722011
965.905031,38.285162,95.712904,-9456.434915
965.905659,133.998066,114.855485,-9437.292334
965.906286,133.998066,114.855485,-9418.149754
965.906913,133.998066,210.568389,-9418.149754
965.907541,57.427742,133.998066,-9360.722011
965.908168,95.712904,95.712904,-9399.007173
965.908795,133.998066,114.855485,-9418.149754
965.909423,95.712904,153.140646,-9360.722011
965.910050,76.570323,76.570323,-9379.864592
965.910677,114.855485,133.998066,-9360.722011
965.911305,95.712904,172.283227,-9456.434915
965.911932,76.570323,114.855485,-9456.434915
965.912559,133.998066,114.855485,-9418.149754
965.913187,95.712904,133.998066,-9360.722011
965.913814,95.712904,172.283227,-9360.722011
965.914441,57.427742,133.998066,-9360.722011
965.915069,38.285162,76.570323,-9379.864592
965.915696,38.285162,153.140646,-9418.149754
965.916323,95.712904,114.855485,-9418.149754
965.916951,153.140646,133.998066,-9399.007173
965.917578,114.855485,172.283227,-9418.149754
965.918206,153.140646,153.140646,-9418.149754
965.918833,133.998066,133.998066,-9456.434915
965.919460,133.998066,172.283227,-9418.149754
965.920088,133.998066,114.855485,-9360.722011
965.920715,95.712904,172.283227,-9303.294269
965.921342,38.285162,114.855485,-9437.292334
965.921970,210.568389,153.140646,-9399.007173
965.922597,133.998066,172.283227,-9418.149754
965.923224,133.998066,153.140646,-9418.149754
965.923852,76.570323,114.855485,-9456.434915
965.924479,114.855485,38.285162,-9475.577496
965.925106,57.427742,95.712904,-9437.292334
965.925734,114.855485,133.998066,-9360.722011
965.926361,133.998066,114.855485,-9418.149754
965.926988,133.998066,210.568389,-9418.149754
965.927616,38.285162,153.140646,-9437.292334
965.928243,114.855485,95.712904,-9379.864592
965.928871,114.855485,153.140646,-9341.579430
965.929498,172.283227,172.283227,-9322.436850
965.930125,95.712904,172.283227,-9418.149754
965.930753,76.570323,114.855485,-9437.292334
965.931380,95.712904,133.998066,-9360.722011
965.932007,133.998066,191.425808,-9418.149754
965.932635,133.998066,153.140646,-9437.292334
965.933262,133.998066,114.855485,-9418.149754
965.933889,76.570323,210.568389,-9437.292334
965.934517,133.998066,172.283227,-9418.149754
965.935144,133.998066,153.140646,-9418.149754
965.935771,38.285162,95.712904,-9399.007173
965.936399,38.285162,114.855485,-9456.434915
965.937026,57.427742,210.568389,-9418.149754
965.937653,95.712904,133.998066,-9360.722011
965.938281,95.712904,95.712904,-9399.007173
965.938908,76.570323,114.855485,-9418.149754
965.939535,133.998066,172.283227,-9418.149754
965.940163,153.140646,95.712904,-9360.722011
965.940790,95.712904,191.425808,-9360.722011
965.941418,76.570323,172.283227,-9418.149754
965.942045,76.570323,172.283227,-9418.149754
965.942672,38.285162,191.425808,-9418.149754
965.943300,95.712904,153.140646,-9418.149754
965.943927,76.570323,114.855485,-9418.149754
965.944554,76.570323,114.855485,-9418.149754
965.945182,95.712904,95.712904,-9399.007173
965.945809,38.285162,114.855485,-9418.149754
965.946436,38.285162,153.140646,-9418.149754
965.947064,76.570323,114.855485,-9418.149754
965.947691,19.142581,114.855485,-9418.149754
965.948318,38.285162,172.283227,-9418.149754
965.948946,95.712904,191.425808,-9360.722011
965.949573,133.998066,210.568389,-9418.149754
965.950200,76.570323,172.283227,-9418.149754
965.950828,133.998066,172.283227,-9418.149754
965.951455,76.570323,172.283227,-9437.292334
965.952082,114.855485,114.855485,-9437.292334
965.952710,133.998066,153.140646,-9418.149754
965.953337,76.570323,153.140646,-9418.149754
965.953965,38.285162,114.855485,-9418.149754
965.954592,133.998066,153.140646,-9418.149754
965.955219,76.570323,229.710970,-9418.149754
965.955847,133.998066,153.140646,-9360.722011
965.956474,95.712904,191.425808,-9360.722011
965.957101,38.285162,153.140646,-9418.149754
965.957729,133.998066,114.855485,-9418.149754
965.958356,133.998066,114.855485,-9418.149754
965.958983,76.570323,133.998066,-9379.864592
965.959611,38.285162,153.140646,-9360.722011
965.960238,133.998066,114.855485,-9418.149754
965.960865,172.283227,114.855485,-9379.864592
965.961493,133.998066,153.140646,-9418.149754
965.962120,114.855485,76.570323,-9418.149754
965.962747,95.712904,95.712904,-9399.007173
965.963375,95.712904,95.712904,-9456.434915
965.964002,76.570323,114.855485,-9456.434915
965.964630,76.570323,153.140646,-9418.149754
965.965257,133.998066,114.855485,-9360.722011
965.965884,76.570323,114.855485,-9360.722011
965.966512,95.712904,133.998066,-9360.722011
965.967139,38.285162,153.140646,-9437.292334
965.967766,114.855485,114.855485,-9399.007173
965.968394,76.570323,153.140646,-9456.434915
965.969021,133.998066,210.568389,-9456.434915
965.969648,133.998066,191.425808,-9418.149754
965.970276,76.570323,210.568389,-9418.149754
965.970903,76.570323,114.855485,-9418.149754
965.971530,133.998066,114.855485,-9418.149754
965.972158,76.570323,114.855485,-9418.149754
965.972785,76.570323,153.140646,-9418.149754
965.973412,95.712904,114.855485,-9399.007173
965.974040,133.998066,172.283227,-9456.434915
965.974667,133.998066,114.855485,-9418.149754
965.975294,133.998066,114.855485,-9418.149754
965.975922,114.855485,95.712904,-9399.007173
965.976549,153.140646,133.998066,-9399.007173
965.977177,76.570323,153.140646,-9418.149754
965.977804,76.570323,172.283227,-9437.292334
965.978431,133.998066,114.855485,-9418.149754
965.979059,133.998066,172.283227,-9418.149754
965.979686,95.712904,133.998066,-9360.722011
965.980313,76.570323,114.855485,-9418.149754
965.980941,38.285162,114.855485,-9418.149754
965.981568,76.570323,114.855485,-9418.149754
965.982196,95.712904,76.570323,-9379.864592
965.982823,172.283227,153.140646,-9379.864592
965.983450,133.998066,172.283227,-9437.292334
965.984078,133.998066,133.998066,-9399.007173
965.984705,38.285162,153.140646,-9437.292334
965.985333,133.998066,114.855485,-9418.149754
965.985960,76.570323,153.140646,-9456.434915
965.986587,133.998066,153.140646,-9418.149754
965.987215,76.570323,114.855485,-9418.149754
965.987842,133.998066,172.283227,-9418.149754
965.988470,114.855485,191.425808,-9360.722011
965.989097,114.855485,133.998066,-9418.149754
965.989724,114.855485,133.998066,-9360.722011
965.990352,153.140646,153.140646,-9379.864592
965.990979,95.712904,133.998066,-9360.722011
965.991606,133.998066,114.855485,-9418.149754
965.992234,57.427742,95.712904,-9399.007173
965.992861,133.998066,114.855485,-9418.149754
965.993489,95.712904,153.140646,-9360.722011
965.994116,76.570323,153.140646,-9418.149754
965.994743,133.998066,210.568389,-9418.149754
965.995371,133.998066,172.283227,-9475.577496
965.995998,76.570323,114.855485,-9418.149754
965.996626,133.998066,153.140646,-9437.292334
965.997253,76.570323,114.855485,-9437.292334
965.997880,38.285162,172.283227,-9418.149754
965.998508,133.998066,153.140646,-9437.292334
965.999135,76.570323,114.855485,-9437.292334
965.999763,133.998066,114.855485,-9418.149754
966.000390,38.285162,153.140646,-9360.722011
966.001017,95.712904,95.712904,-9399.007173
966.001645,76.570323,133.998066,-9379.864592
966.002272,38.285162,153.140646,-9418.149754
966.002899,76.570323,172.283227,-9418.149754
966.003527,38.285162,114.855485,-9475.577496
966.004154,38.285162,172.283227,-9475.577496
966.004782,76.570323,114.855485,-9418.149754
966.005409,76.570323,172.283227,-9360.722011
966.006036,95.712904,153.140646,-9456.434915
966.006664,76.570323,172.283227,-9418.149754
966.007291,133.998066,114.855485,-9418.149754
966.007919,57.427742,133.998066,-9360.722011
966.008546,172.283227,153.140646,-9418.149754
966.009173,76.570323,114.855485,-9456.434915
966.009801,57.427742,95.712904,-9399.007173
966.010428,133.998066,114.855485,-9418.149754
966.011056,76.570323,153.140646,-9418.149754
966.011683,76.570323,38.285162,-9379.864592
966.012310,76.570323,114.855485,-9418.149754
966.012938,133.998066,114.855485,-9418.149754
966.013565,114.855485,133.998066,-9284.151688
966.014193,95.712904,133.998066,-9341.579430
966.014820,114.855485,95.712904,-9456.434915
966.015447,133.998066,133.998066,-9399.007173
966.016075,76.570323,210.568389,-9360.722011
966.016702,76.570323,153.140646,-9418.149754
966.017329,133.998066,76.570323,-9379.864592
966.017957,95.712904,114.855485,-9399.007173
966.018584,57.427742,133.998066,-9360.722011
966.019212,114.855485,191.425808,-9360.722011
966.019839,114.855485,133.998066,-9360.722011
966.020466,76.570323,153.140646,-9418.149754
966.021094,38.285162,114.855485,-9418.149754
966.021721,76.570323,114.855485,-9418.149754
966.022349,95.712904,114.855485,-9456.434915
966.022976,57.427742,133.998066,-9360.722011
966.023603,76.570323,114.855485,-9360.722011
966.024231,38.285162,114.855485,-9437.292334
966.024858,133.998066,114.855485,-9418.149754
966.025486,114.855485,95.712904,-9399.007173
966.026113,38.285162,114.855485,-9360.722011
966.026740,76.570323,133.998066,-9379.864592
966.027368,95.712904,210.568389,-9418.149754
966.027995,76.570323,114.855485,-9418.149754
966.028623,57.427742,172.283227,-9360.722011
966.029250,133.998066,172.283227,-9418.149754
966.029877,95.712904,114.855485,-9418.149754
966.030505,76.570323,114.855485,-9418.149754
966.031132,76.570323,114.855485,-9418.149754
966.031759,76.570323,114.855485,-9475.577496
966.032387,133.998066,114.855485,-9418.149754
966.033014,133.998066,114.855485,-9418.149754
966.033642,76.570323,114.855485,-9360.722011
966.034269,114.855485,248.853550,-9360.722011
966.034896,95.712904,172.283227,-9360.722011
966.035524,114.855485,133.998066,-9360.722011
966.036151,76.570323,114.855485,-9360.722011
966.036779,76.570323,210.568389,-9418.149754
966.037406,95.712904,133.998066,-9360.722011
966.038033,76.570323,153.140646,-9418.149754
966.038661,153.140646,133.998066,-9399.007173
966.039288,95.712904,153.140646,-9418.149754
966.039916,95.712904,114.855485,-9418.149754
966.040543,133.998066,153.140646,-9399.007173
966.041170,114.855485,95.712904,-9399.007173
966.041798,76.570323,114.855485,-9456.434915
966.042425,133.998066,114.855485,-9418.149754
966.043053,57.427742,133.998066,-9360.722011
966.043680,76.570323,114.855485,-9418.149754
966.044307,76.570323,172.283227,-9418.149754
966.044935,76.570323,172.283227,-9418.149754
966.045562,76.570323,114.855485,-9418.149754
966.046189,133.998066,114.855485,-9418.149754
966.046817,114.855485,133.998066,-9360.722011
966.047444,153.140646,153.140646,-9418.149754
966.048072,133.998066,172.283227,-9418.149754
966.048699,153.140646,133.998066,-9437.292334
966.049326,133.998066,114.855485,-9418.149754
966.049954,133.998066,172.283227,-9418.149754
966.050581,114.855485,95.712904,-9399.007173
966.051209,133.998066,114.855485,-9418.149754
966.051836,133.998066,114.855485,-9418.149754
966.052463,95.712904,133.998066,-9360.722011
966.053091,76.570323,114.855485,-9418.149754
966.053718,76.570323,114.855485,-9418.149754
966.054346,57.427742,133.998066,-9360.722011
966.054973,38.285162,114.855485,-9418.149754
966.055600,38.285162,114.855485,-9418.149754
966.056228,95.712904,133.998066,-9360.722011
966.056855,38.285162,114.855485,-9418.149754
966.057482,133.998066,114.855485,-9418.149754
966.058110,133.998066,114.855485,-9418.149754
966.058737,133.998066,153.140646,-9418.149754
966.059365,114.855485,153.140646,-9360.722011
966.059992,76.570323,153.140646,-9475.577496
966.060619,38.285162,114.855485,-9418.149754
966.061247,76.570323,114.855485,-9456.434915
966.061874,76.570323,114.855485,-9399.007173
966.062502,57.427742,172.283227,-9360.722011
966.063129,95.712904,114.855485,-9418.149754
966.063756,95.712904,114.855485,-9418.149754
966.064384,172.283227,76.570323,-9418.149754
966.065011,38.285162,114.855485,-9418.149754
966.065639,95.712904,133.998066,-9360.722011
966.066266,38.285162,95.712904,-9379.864592
966.066893,38.285162,114.855485,-9418.149754
966.067521,95.712904,114.855485,-9418.149754
966.068148,95.712904,191.425808,-9360.722011
966.068776,133.998066,172.283227,-9456.434915
966.069403,76.570323,153.140646,-9418.149754
966.070030,133.998066,114.855485,-9456.434915
966.070658,57.427742,114.855485,-9418.149754
966.071285,95.712904,114.855485,-9418.149754
966.071912,95.712904,95.712904,-9399.007173
966.072540,133.998066,133.998066,-9399.007173
966.073167,38.285162,153.140646,-9418.149754
966.073795,95.712904,172.283227,-9418.149754
966.074422,76.570323,172.283227,-9418.149754
966.075049,133.998066,114.855485,-9418.149754
966.075677,114.855485,172.283227,-9360.722011
966.076304,76.570323,153.140646,-9456.434915
966.076932,95.712904,191.425808,-9418.149754
966.077559,95.712904,114.855485,-9418.149754
966.078186,76.570323,114.855485,-9437.292334
966.078814,76.570323,133.998066,-9360.722011
966.079441,133.998066,114.855485,-9418.149754
966.080069,76.570323,153.140646,-9418.149754
966.080696,133.998066,114.855485,-9456.434915
966.081324,95.712904,172.283227,-9437.292334
966.081952,38.285162,114.855485,-9418.149754
966.082579,38.285162,114.855485,-9418.149754
966.083207,133.998066,114.855485,-9437.292334
966.083834,38.285162,172.283227,-9418.149754
966.084462,76.570323,210.568389,-9418.149754
966.085089,114.855485,95.712904,-9456.434915
966.085717,133.998066,153.140646,-9494.720077
966.086344,133.998066,114.855485,-9418.149754
966.086972,133.998066,133.998066,-9399.007173
966.087599,114.855485,114.855485,-9399.007173
966.088227,76.570323,210.568389,-9418.149754
966.088855,76.570323,114.855485,-9418.149754
966.089482,76.570323,172.283227,-9418.149754
966.090110,133.998066,210.568389,-9437.292334
966.090737,76.570323,210.568389,-9418.149754
966.091365,114.855485,172.283227,-9360.722011
966.091992,95.712904,114.855485,-9399.007173
966.092620,133.998066,172.283227,-9418.149754
966.093247,133.998066,76.570323,-9379.864592
966.093875,172.283227,172.283227,-9379.864592
966.094502,76.570323,114.855485,-9437.292334
966.095130,95.712904,114.855485,-9418.149754
966.095758,76.570323,114.855485,-9437.292334
966.096385,133.998066,114.855485,-9418.149754
966.097013,153.140646,133.998066,-9399.007173
966.097640,95.712904,114.855485,-9418.149754
966.098268,76.570323,114.855485,-9418.149754
966.098895,76.570323,114.855485,-9437.292334
966.099523,133.998066,114.855485,-9456.434915
966.100150,38.285162,114.855485,-9418.149754
966.100778,95.712904,172.283227,-9418.149754
966.101405,76.570323,114.855485,-9418.149754
966.102033,153.140646,153.140646,-9399.007173
966.102661,76.570323,172.283227,-9418.149754
966.103288,95.712904,210.568389,-9360.722011
966.103916,76.570323,153.140646,-9418.149754
966.104543,133.998066,153.140646,-9418.149754
966.105171,38.285162,153.140646,-9418.149754
966.105798,38.285162,153.140646,-9418.149754
966.106426,133.998066,114.855485,-9418.149754
966.107053,114.855485,172.283227,-9360.722011
966.107681,153.140646,133.998066,-9437.292334
966.108308,133.998066,114.855485,-9360.722011
966.108936,133.998066,114.855485,-9418.149754
966.109564,114.855485,191.425808,-9360.722011
966.110191,95.712904,114.855485,-9418.149754
966.110819,95.712904,95.712904,-9399.007173
966.111446,153.140646,133.998066,-9494.720077
966.112074,76.570323,153.140646,-9475.577496
966.112701,133.998066,114.855485,-9418.149754
966.113329,133.998066,172.283227,-9418.149754
966.113956,57.427742,191.425808,-9360.722011
966.114584,114.855485,95.712904,-9399.007173
966.115211,76.570323,114.855485,-9418.149754
966.115839,95.712904,133.998066,-9418.149754
966.116467,133.998066,172.283227,-9418.149754
966.117094,76.570323,153.140646,-9418.149754
966.117722,76.570323,114.855485,-9456.434915
966.118349,133.998066,114.855485,-9437.292334
966.118977,38.285162,153.140646,-9418.149754
966.119604,38.285162,153.140646,-9418.149754
966.120232,76.570323,114.855485,-9418.149754
966.120859,38.285162,114.855485,-9418.149754
966.121487,38.285162,172.283227,-9418.149754
966.122114,57.427742,153.140646,-9360.722011
966.122742,133.998066,172.283227,-9418.149754
966.123370,76.570323,114.855485,-9418.149754
966.123997,95.712904,133.998066,-9360.722011
966.124625,76.570323,114.855485,-9418.149754
966.125252,133.998066,114.855485,-9418.149754
966.125880,57.427742,133.998066,-9360.722011
966.126507,133.998066,153.140646,-9418.149754
966.127135,153.140646,133.998066,-9456.434915
966.127762,76.570323,95.712904,-9399.007173
966.128390,38.285162,114.855485,-9418.149754
966.129017,76.570323,172.283227,-9418.149754
966.129645,76.570323,114.855485,-9456.434915
966.130273,114.855485,133.998066,-9341.579430
966.130900,95.712904,95.712904,-9399.007173
966.131528,57.427742,95.712904,-9437.292334
966.132155,57.427742,153.140646,-9360.722011
966.132783,76.570323,172.283227,-9418.149754
966.133410,95.712904,114.855485,-9418.149754
966.134038,76.570323,114.855485,-9418.149754
966.134665,153.140646,133.998066,-9399.007173
966.135293,95.712904,114.855485,-9418.149754
966.135921,95.712904,114.855485,-9418.149754
966.136548,133.998066,210.568389,-9418.149754
966.137176,38.285162,172.283227,-9418.149754
966.137803,38.285162,210.568389,-9418.149754
966.138431,38.285162,114.855485,-9418.149754
966.139058,133.998066,114.855485,-9418.149754
966.139686,76.570323,172.283227,-9418.149754
966.140313,76.570323,210.568389,-9418.149754
966.140941,76.570323,210.568389,-9360.722011
966.141568,95.712904,172.283227,-9360.722011
966.142196,133.998066,172.283227,-9418.149754
966.142824,133.998066,114.855485,-9456.434915
966.143451,57.427742,114.855485,-9418.149754
966.144079,76.570323,114.855485,-9418.149754
966.144706,76.570323,114.855485,-9418.149754
966.145334,133.998066,76.570323,-9322.436850
966.145961,38.285162,114.855485,-9418.149754
966.146589,95.712904,133.998066,-9360.722011
966.147216,95.712904,95.712904,-9379.864592
966.147844,133.998066,114.855485,-9418.149754
966.148471,133.998066,114.855485,-9418.149754
966.149099,133.998066,114.855485,-9475.577496
966.149727,76.570323,114.855485,-9418.149754
966.150354,76.570323,114.855485,-9418.149754
966.150982,38.285162,114.855485,-9437.292334
966.151609,38.285162,114.855485,-9418.149754
966.152237,57.427742,95.712904,-9399.007173
966.152864,76.570323,114.855485,-9437.292334
966.153492,76.570323,114.855485,-9418.149754
966.154119,114.855485,133.998066,-9360.722011
966.154747,76.570323,153.140646,-9437.292334
966.155374,76.570323,114.855485,-9418.149754
966.156002,133.998066,114.855485,-9418.149754
966.156630,76.570323,114.855485,-9418.149754
966.157257,76.570323,114.855485,-9418.149754
966.157885,57.427742,95.712904,-9399.007173
966.158512,76.570323,95.712904,-9437.292334
966.159140,133.998066,114.855485,-9418.149754
966.159767,95.712904,133.998066,-9360.722011
966.160395,38.285162,114.855485,-9418.149754
966.161022,133.998066,114.855485,-9418.149754
966.161650,114.855485,114.855485,-9379.864592
966.162277,76.570323,95.712904,-9399.007173
966.162905,57.427742,95.712904,-9399.007173
966.163533,38.285162,172.283227,-9437.292334
966.164160,133.998066,153.140646,-9418.149754
966.164788,76.570323,153.140646,-9418.149754
966.165415,38.285162,153.140646,-9418.149754
966.166043,76.570323,114.855485,-9418.149754
966.166670,133.998066,114.855485,-9418.149754
966.167298,76.570323,114.855485,-9418.149754
966.167925,76.570323,153.140646,-9418.149754
966.168553,76.570323,191.425808,-9360.722011
966.169180,76.570323,114.855485,-9456.434915
966.169808,76.570323,114.855485,-9418.149754
966.170436,133.998066,114.855485,-9418.149754
966.171063,57.427742,133.998066,-9360.722011
966.171691,57.427742,114.855485,-9418.149754
966.172318,133.998066,114.855485,-9418.149754
966.172946,76.570323,172.283227,-9418.149754
966.173573,76.570323,133.998066,-9341.579430
966.174201,114.855485,133.998066,-9360.722011
966.174828,57.427742,133.998066,-9360.722011
966.175456,95.712904,133.998066,-9360.722011
966.176083,133.998066,114.855485,-9418.149754
966.176711,76.570323,114.855485,-9418.149754
966.177339,114.855485,133.998066,-9360.722011
966.177966,76.570323,114.855485,-9418.149754
966.178594,133.998066,133.998066,-9399.007173
966.179221,38.285162,114.855485,-9418.149754
