#time,accel_x,accel_y,accel_z
899.414264,95.712904,153.140646,-9360.722011
899.414890,153.140646,153.140646,-9399.007173
899.415517,76.570323,172.283227,-9456.434915
899.416143,133.998066,153.140646,-9494.720077
899.416770,133.998066,114.855485,-9456.434915
899.417396,76.570323,114.855485,-9533.005238
899.418023,76.570323,210.568389,-9437.292334
899.418649,76.570323,114.855485,-9437.292334
899.419276,133.998066,172.283227,-9533.005238
899.419902,76.570323,114.855485,-9418.149754
899.420529,133.998066,114.855485,-9418.149754
899.421156,38.285162,114.855485,-9437.292334
899.421782,76.570323,172.283227,-9552.147819
899.422409,76.570323,229.710970,-9437.292334
899.423035,38.285162,114.855485,-9418.149754
899.423662,38.285162,153.140646,-9379.864592
899.424288,76.570323,172.283227,-9456.434915
899.424915,153.140646,172.283227,-9437.292334
899.425541,133.998066,114.855485,-9418.149754
899.426168,133.998066,114.855485,-9456.434915
899.426794,95.712904,153.140646,-9456.434915
899.427421,114.855485,76.570323,-9418.149754
899.428048,114.855485,114.855485,-9456.434915
899.428674,76.570323,153.140646,-9418.149754
899.429301,38.285162,153.140646,-9418.149754
899.429927,133.998066,114.855485,-9456.434915
899.430554,76.570323,95.712904,-9437.292334
899.431180,76.570323,114.855485,-9437.292334
899.431807,133.998066,172.283227,-9456.434915
899.432433,38.285162,114.855485,-9418.149754
899.433060,38.285162,172.283227,-9418.149754
899.433686,133.998066,114.855485,-9456.434915
899.434313,57.427742,95.712904,-9399.007173
899.434940,114.855485,95.712904,-9399.007173
899.435566,76.570323,172.283227,-9418.149754
899.436193,76.570323,114.855485,-9437.292334
899.436819,76.570323,172.283227,-9456.434915
899.437446,153.140646,133.998066,-9399.007173
899.438072,114.855485,133.998066,-9360.722011
899.438699,95.712904,114.855485,-9533.005238
899.439325,76.570323,114.855485,-9418.149754
899.439952,76.570323,114.855485,-9456.434915
899.440578,114.855485,95.712904,-9399.007173
899.441205,95.712904,95.712904,-9475.577496
899.441832,76.570323,210.568389,-9418.149754
899.442458,133.998066,172.283227,-9418.149754
899.443085,76.570323,114.855485,-9418.149754
899.443711,133.998066,114.855485,-9418.149754
899.444338,76.570323,114.855485,-9475.577496
899.444964,133.998066,172.283227,-9437.292334
899.445591,76.570323,114.855485,-9418.149754
899.446217,133.998066,114.855485,-9533.005238
899.446844,76.570323,172.283227,-9418.149754
899.447471,38.285162,114.855485,-9475.577496
899.448097,38.285162,114.855485,-9418.149754
899.448724,133.998066,133.998066,-9399.007173
899.449350,76.570323,153.140646,-9418.149754
899.449977,133.998066,114.855485,-9418.149754
899.450603,133.998066,153.140646,-9437.292334
899.451230,133.998066,153.140646,-9418.149754
899.451856,153.140646,133.998066,-9399.007173
899.452483,133.998066,133.998066,-9475.577496
899.453109,133.998066,229.710970,-9418.149754
899.453736,95.712904,133.998066,-9360.722011
899.454363,76.570323,114.855485,-9418.149754
899.454989,133.998066,114.855485,-9418.149754
899.455616,76.570323,153.140646,-9418.149754
899.456242,133.998066,210.568389,-9437.292334
899.456869,133.998066,229.710970,-9456.434915
899.457495,133.998066,114.855485,-9456.434915
899.458122,114.855485,133.998066,-9418.149754
899.458748,76.570323,114.855485,-9418.149754
899.459375,76.570323,172.283227,-9418.149754
899.460001,133.998066,210.568389,-9456.434915
899.460628,38.285162,210.568389,-9418.149754
899.461255,133.998066,114.855485,-9456.434915
899.461881,114.855485,133.998066,-9360.722011
899.462508,133.998066,114.855485,-9437.292334
899.463134,76.570323,172.283227,-9418.149754
899.463761,76.570323,114.855485,-9437.292334
899.464387,95.712904,95.712904,-9494.720077
899.465014,153.140646,133.998066,-9456.434915
899.465640,76.570323,114.855485,-9418.149754
899.466267,133.998066,153.140646,-9437.292334
899.466893,133.998066,114.855485,-9418.149754
899.467520,114.855485,153.140646,-9360.722011
899.468146,76.570323,172.283227,-9399.007173
899.468772,76.570323,114.855485,-9437.292334
899.469399,133.998066,114.855485,-9418.149754
899.470025,133.998066,153.140646,-9494.720077
899.470651,76.570323,114.855485,-9437.292334
899.471278,38.285162,153.140646,-9475.577496
899.471904,76.570323,172.283227,-9437.292334
899.472530,133.998066,172.283227,-9437.292334
899.473157,38.285162,210.568389,-9437.292334
899.473783,76.570323,191.425808,-9475.577496
899.474409,38.285162,172.283227,-9456.434915
899.475036,76.570323,114.855485,-9418.149754
899.475662,153.140646,133.998066,-9437.292334
899.476288,76.570323,114.855485,-9437.292334
899.476914,38.285162,153.140646,-9437.292334
899.477541,133.998066,114.855485,-9437.292334
899.478167,57.427742,95.712904,-9399.007173
899.478793,76.570323,114.855485,-9456.434915
899.479420,76.570323,114.855485,-9418.149754
899.480046,57.427742,210.568389,-9418.149754
899.480672,76.570323,210.568389,-9437.292334
899.481299,95.712904,153.140646,-9360.722011
899.481925,114.855485,191.425808,-9437.292334
899.482551,76.570323,210.568389,-9437.292334
899.483178,133.998066,114.855485,-9437.292334
899.483804,133.998066,114.855485,-9418.149754
899.484430,76.570323,172.283227,-9437.292334
899.485056,133.998066,191.425808,-9399.007173
899.485683,76.570323,114.855485,-9418.149754
899.486309,95.712904,210.568389,-9456.434915
899.486935,133.998066,172.283227,-9418.149754
899.487562,38.285162,172.283227,-9437.292334
899.488188,38.285162,114.855485,-9456.434915
899.488814,133.998066,133.998066,-9379.864592
899.489441,153.140646,133.998066,-9399.007173
899.490067,153.140646,133.998066,-9399.007173
899.490693,76.570323,153.140646,-9418.149754
899.491320,114.855485,172.283227,-9418.149754
899.491946,95.712904,114.855485,-9418.149754
899.492572,114.855485,95.712904,-9456.434915
899.493199,133.998066,114.855485,-9475.577496
899.493825,133.998066,172.283227,-9418.149754
899.494451,133.998066,172.283227,-9437.292334
899.495077,76.570323,210.568389,-9418.149754
899.495704,133.998066,210.568389,-9418.149754
899.496330,133.998066,114.855485,-9418.149754
899.496956,76.570323,114.855485,-9456.434915
899.497583,153.140646,133.998066,-9437.292334
899.498209,114.855485,153.140646,-9418.149754
899.498835,133.998066,114.855485,-9418.149754
899.499462,95.712904,95.712904,-9399.007173
899.500088,114.855485,153.140646,-9418.149754
899.500714,76.570323,114.855485,-9418.149754
899.501341,153.140646,133.998066,-9399.007173
899.501967,76.570323,172.283227,-9418.149754
899.502593,76.570323,114.855485,-9418.149754
899.503220,95.712904,133.998066,-9360.722011
899.503846,133.998066,210.568389,-9418.149754
899.504472,38.285162,114.855485,-9456.434915
899.505098,133.998066,153.140646,-9418.149754
899.505725,133.998066,114.855485,-9418.149754
899.506351,153.140646,133.998066,-9399.007173
899.506977,76.570323,114.855485,-9437.292334
899.507604,38.285162,153.140646,-9418.149754
899.508230,133.998066,153.140646,-9456.434915
899.508856,133.998066,114.855485,-9437.292334
899.509483,133.998066,114.855485,-9418.149754
899.510109,76.570323,114.855485,-9418.149754
899.510735,133.998066,191.425808,-9418.149754
899.511362,153.140646,172.283227,-9437.292334
899.511988,133.998066,114.855485,-9456.434915
899.512614,114.855485,95.712904,-9399.007173
899.513240,76.570323,114.855485,-9437.292334
899.513867,76.570323,114.855485,-9418.149754
899.514493,76.570323,114.855485,-9418.149754
899.515119,76.570323,114.855485,-9418.149754
899.515746,114.855485,95.712904,-9456.434915
899.516372,76.570323,114.855485,-9418.149754
899.516998,76.570323,114.855485,-9456.434915
899.517625,133.998066,114.855485,-9418.149754
899.518251,95.712904,95.712904,-9399.007173
899.518877,38.285162,114.855485,-9418.149754
899.519504,133.998066,114.855485,-9437.292334
899.520130,76.570323,210.568389,-9437.292334
899.520756,172.283227,114.855485,-9379.864592
899.521383,95.712904,153.140646,-9360.722011
899.522009,76.570323,114.855485,-9418.149754
899.522635,133.998066,153.140646,-9399.007173
899.523261,95.712904,191.425808,-9360.722011
899.523888,95.712904,133.998066,-9437.292334
899.524514,95.712904,172.283227,-9456.434915
899.525140,133.998066,114.855485,-9418.149754
899.525767,38.285162,114.855485,-9494.720077
899.526393,133.998066,153.140646,-9418.149754
899.527019,57.427742,172.283227,-9418.149754
899.527646,133.998066,153.140646,-9456.434915
899.528272,76.570323,172.283227,-9418.149754
899.528898,38.285162,114.855485,-9475.577496
899.529525,133.998066,172.283227,-9437.292334
899.530151,133.998066,153.140646,-9437.292334
899.530777,76.570323,153.140646,-9360.722011
899.531404,76.570323,114.855485,-9418.149754
899.532030,38.285162,114.855485,-9418.149754
899.532656,133.998066,210.568389,-9418.149754
899.533282,76.570323,210.568389,-9418.149754
899.533909,95.712904,172.283227,-9475.577496
899.534535,153.140646,114.855485,-9456.434915
899.535161,153.140646,133.998066,-9399.007173
899.535788,133.998066,172.283227,-9475.577496
899.536414,38.285162,172.283227,-9437.292334
899.537040,133.998066,210.568389,-9437.292334
899.537667,95.712904,133.998066,-9360.722011
899.538293,76.570323,114.855485,-9475.577496
899.538919,57.427742,95.712904,-9399.007173
899.539546,133.998066,114.855485,-9456.434915
899.540172,38.285162,114.855485,-9494.720077
899.540798,133.998066,114.855485,-9437.292334
899.541424,153.140646,133.998066,-9399.007173
899.542051,38.285162,172.283227,-9418.149754
899.542677,76.570323,114.855485,-9418.149754
899.543303,133.998066,210.568389,-9418.149754
899.543930,133.998066,153.140646,-9456.434915
899.544556,114.855485,191.425808,-9360.722011
899.545182,38.285162,114.855485,-9418.149754
899.545809,76.570323,114.855485,-9418.149754
899.546435,133.998066,172.283227,-9456.434915
899.547061,76.570323,114.855485,-9418.149754
899.547688,133.998066,172.283227,-9418.149754
899.548314,133.998066,114.855485,-9437.292334
899.548940,133.998066,210.568389,-9437.292334
899.549567,114.855485,95.712904,-9399.007173
899.550193,76.570323,114.855485,-9418.149754
899.550819,133.998066,210.568389,-9456.434915
899.551445,95.712904,114.855485,-9475.577496
899.552072,76.570323,114.855485,-9418.149754
899.552698,76.570323,114.855485,-9437.292334
899.553324,76.570323,114.855485,-9437.292334
899.553951,76.570323,172.283227,-9418.149754
899.554577,133.998066,172.283227,-9418.149754
899.555203,133.998066,114.855485,-9456.434915
899.555830,76.570323,114.855485,-9456.434915
899.556456,133.998066,153.140646,-9418.149754
899.557082,133.998066,172.283227,-9494.720077
899.557709,133.998066,114.855485,-9418.149754
899.558335,76.570323,172.283227,-9418.149754
899.558961,153.140646,229.710970,-9456.434915
899.559588,133.998066,153.140646,-9456.434915
899.560214,153.140646,114.855485,-9437.292334
899.560840,133.998066,172.283227,-9418.149754
899.561466,133.998066,114.855485,-9437.292334
899.562093,133.998066,114.855485,-9437.292334
899.562719,133.998066,172.283227,-9418.149754
899.563345,95.712904,114.855485,-9456.434915
899.563972,76.570323,114.855485,-9456.434915
899.564598,76.570323,114.855485,-9456.434915
899.565224,95.712904,114.855485,-9418.149754
899.565851,133.998066,133.998066,-9456.434915
899.566477,133.998066,153.140646,-9437.292334
899.567103,133.998066,114.855485,-9456.434915
899.567730,95.712904,95.712904,-9437.292334
899.568356,76.570323,114.855485,-9456.434915
899.568982,76.570323,114.855485,-9418.149754
899.569608,76.570323,114.855485,-9418.149754
899.570235,95.712904,153.140646,-9418.149754
899.570861,153.140646,133.998066,-9399.007173
899.571487,95.712904,114.855485,-9456.434915
899.572114,76.570323,153.140646,-9475.577496
899.572741,95.712904,133.998066,-9360.722011
899.573368,153.140646,133.998066,-9399.007173
899.573995,153.140646,153.140646,-9437.292334
899.574622,133.998066,133.998066,-9475.577496
899.575249,76.570323,172.283227,-9418.149754
899.575876,38.285162,153.140646,-9437.292334
899.576503,133.998066,114.855485,-9418.149754
899.577130,76.570323,114.855485,-9437.292334
899.577757,133.998066,172.283227,-9399.007173
899.578384,76.570323,114.855485,-9456.434915
899.579011,114.855485,95.712904,-9399.007173
899.579638,114.855485,133.998066,-9360.722011
899.580265,76.570323,114.855485,-9456.434915
899.580892,76.570323,210.568389,-9418.149754
899.581519,114.855485,153.140646,-9360.722011
899.582146,133.998066,114.855485,-9437.292334
899.582773,133.998066,114.855485,-9341.579430
899.583400,95.712904,114.855485,-9399.007173
899.584027,76.570323,114.855485,-9437.292334
899.584654,57.427742,153.140646,-9437.292334
899.585281,76.570323,172.283227,-9418.149754
899.585908,133.998066,172.283227,-9418.149754
899.586535,114.855485,114.855485,-9437.292334
899.587162,133.998066,133.998066,-9399.007173
899.587789,95.712904,133.998066,-9360.722011
899.588416,76.570323,114.855485,-9418.149754
899.589043,95.712904,95.712904,-9399.007173
899.589670,133.998066,114.855485,-9418.149754
899.590297,114.855485,95.712904,-9399.007173
899.590924,114.855485,114.855485,-9379.864592
899.591551,76.570323,172.283227,-9418.149754
899.592178,38.285162,172.283227,-9418.149754
899.592805,76.570323,114.855485,-9418.149754
899.593432,133.998066,114.855485,-9418.149754
899.594059,133.998066,114.855485,-9418.149754
899.594686,76.570323,172.283227,-9418.149754
899.595313,133.998066,114.855485,-9418.149754
899.595940,172.283227,210.568389,-9379.864592
899.596567,38.285162,114.855485,-9418.149754
899.597194,76.570323,229.710970,-9379.864592
899.597821,95.712904,210.568389,-9418.149754
899.598448,57.427742,95.712904,-9437.292334
899.599075,38.285162,153.140646,-9418.149754
899.599702,76.570323,172.283227,-9475.577496
899.600329,38.285162,153.140646,-9418.149754
899.600956,95.712904,114.855485,-9399.007173
899.601583,95.712904,95.712904,-9399.007173
899.602210,76.570323,210.568389,-9418.149754
899.602837,133.998066,210.568389,-9437.292334
899.603464,114.855485,229.710970,-9437.292334
899.604091,76.570323,114.855485,-9418.149754
899.604718,95.712904,172.283227,-9418.149754
899.605345,38.285162,114.855485,-9418.149754
899.605972,95.712904,172.283227,-9360.722011
899.606599,95.712904,210.568389,-9437.292334
899.607226,76.570323,114.855485,-9418.149754
899.607853,153.140646,133.998066,-9399.007173
899.608480,133.998066,210.568389,-9494.720077
899.609107,38.285162,172.283227,-9437.292334
899.609734,133.998066,153.140646,-9418.149754
899.610361,76.570323,114.855485,-9456.434915
899.610988,133.998066,114.855485,-9456.434915
899.611615,133.998066,114.855485,-9418.149754
899.612242,76.570323,114.855485,-9456.434915
899.612869,38.285162,114.855485,-9418.149754
899.613496,38.285162,114.855485,-9456.434915
899.614123,133.998066,114.855485,-9475.577496
899.614750,133.998066,153.140646,-9418.149754
899.615377,76.570323,172.283227,-9418.149754
899.616004,76.570323,153.140646,-9418.149754
899.616631,114.855485,133.998066,-9360.722011
899.617258,133.998066,133.998066,-9456.434915
899.617885,76.570323,114.855485,-9437.292334
899.618512,76.570323,172.283227,-9456.434915
899.619139,76.570323,153.140646,-9418.149754
899.619766,38.285162,172.283227,-9437.292334
899.620393,133.998066,153.140646,-9456.434915
899.621020,76.570323,172.283227,-9418.149754
899.621647,38.285162,210.568389,-9418.149754
899.622274,38.285162,172.283227,-9360.722011
899.622901,38.285162,114.855485,-9418.149754
899.623528,76.570323,114.855485,-9418.149754
899.624155,133.998066,114.855485,-9437.292334
899.624782,133.998066,133.998066,-9399.007173
899.625409,38.285162,210.568389,-9418.149754
899.626036,133.998066,114.855485,-9456.434915
899.626663,153.140646,133.998066,-9399.007173
899.627290,76.570323,114.855485,-9437.292334
899.627917,95.712904,114.855485,-9399.007173
899.628544,133.998066,229.710970,-9437.292334
899.629171,76.570323,114.855485,-9418.149754
899.629798,38.285162,172.283227,-9475.577496
899.630425,133.998066,172.283227,-9437.292334
899.631052,133.998066,153.140646,-9475.577496
899.631679,76.570323,114.855485,-9418.149754
899.632306,153.140646,172.283227,-9456.434915
899.632933,133.998066,153.140646,-9418.149754
899.633560,133.998066,114.855485,-9418.149754
899.634187,114.855485,76.570323,-9418.149754
899.634814,38.285162,172.283227,-9437.292334
899.635441,76.570323,114.855485,-9418.149754
899.636068,133.998066,172.283227,-9399.007173
899.636695,76.570323,114.855485,-9456.434915
899.637322,95.712904,114.855485,-9418.149754
899.637949,133.998066,114.855485,-9418.149754
899.638576,76.570323,153.140646,-9418.149754
899.639203,153.140646,133.998066,-9456.434915
899.639830,95.712904,172.283227,-9456.434915
899.640457,153.140646,133.998066,-9399.007173
899.641084,133.998066,114.855485,-9418.149754
899.641711,76.570323,114.855485,-9418.149754
899.642338,76.570323,114.855485,-9456.434915
899.642965,38.285162,114.855485,-9437.292334
899.643592,76.570323,114.855485,-9437.292334
899.644219,76.570323,114.855485,-9418.149754
899.644846,76.570323,114.855485,-9456.434915
899.645473,76.570323,114.855485,-9456.434915
899.646100,133.998066,114.855485,-9418.149754
899.646727,133.998066,153.140646,-9418.149754
899.647354,133.998066,114.855485,-9437.292334
899.647981,76.570323,114.855485,-9418.149754
899.648608,95.712904,114.855485,-9418.149754
899.649235,76.570323,114.855485,-9418.149754
899.649862,76.570323,114.855485,-9437.292334
899.650489,76.570323,114.855485,-9418.149754
899.651116,153.140646,133.998066,-9399.007173
899.651743,133.998066,114.855485,-9418.149754
899.652370,38.285162,172.283227,-9418.149754
899.652997,38.285162,114.855485,-9475.577496
899.653624,38.285162,172.283227,-9418.149754
899.654251,153.140646,133.998066,-9399.007173
899.654878,76.570323,114.855485,-9437.292334
899.655505,191.425808,76.570323,-9475.577496
899.656132,38.285162,114.855485,-9437.292334
899.656759,133.998066,114.855485,-9456.434915
899.657386,114.855485,114.855485,-9379.864592
899.658013,76.570323,153.140646,-9418.149754
899.658640,172.283227,248.853550,-9418.149754
899.659267,19.142581,153.140646,-9418.149754
899.659894,133.998066,114.855485,-9418.149754
899.660521,76.570323,114.855485,-9418.149754
899.661148,133.998066,114.855485,-9418.149754
899.661775,133.998066,172.283227,-9418.149754
899.662402,133.998066,114.855485,-9418.149754
899.663029,76.570323,191.425808,-9418.149754
899.663656,133.998066,172.283227,-9418.149754
899.664283,76.570323,114.855485,-9418.149754
899.664910,133.998066,114.855485,-9418.149754
899.665537,153.140646,133.998066,-9437.292334
899.666164,133.998066,133.998066,-9437.292334
899.666791,133.998066,114.855485,-9418.149754
899.667418,76.570323,153.140646,-9456.434915
899.668045,38.285162,114.855485,-9418.149754
899.668672,76.570323,114.855485,-9437.292334
899.669299,76.570323,229.710970,-9418.149754
899.669926,153.140646,172.283227,-9399.007173
899.670553,76.570323,210.568389,-9418.149754
899.671180,76.570323,114.855485,-9437.292334
899.671807,95.712904,172.283227,-9379.864592
899.672434,76.570323,210.568389,-9437.292334
899.673062,76.570323,114.855485,-9418.149754
899.673689,95.712904,114.855485,-9456.434915
899.674316,76.570323,114.855485,-9456.434915
899.674944,76.570323,114.855485,-9418.149754
899.675571,133.998066,114.855485,-9418.149754
899.676198,76.570323,153.140646,-9418.149754
899.676826,38.285162,114.855485,-9475.577496
899.677453,38.285162,114.855485,-9437.292334
899.678080,76.570323,114.855485,-9456.434915
899.678708,76.570323,153.140646,-9418.149754
899.679335,76.570323,114.855485,-9456.434915
899.679962,133.998066,172.283227,-9399.007173
899.680589,133.998066,114.855485,-9437.292334
899.681217,19.142581,114.855485,-9475.577496
899.681844,133.998066,114.855485,-9418.149754
899.682471,133.998066,114.855485,-9494.720077
899.683099,38.285162,114.855485,-9418.149754
899.683726,76.570323,229.710970,-9456.434915
899.684353,133.998066,191.425808,-9437.292334
899.684981,76.570323,153.140646,-9418.149754
899.685608,133.998066,114.855485,-9418.149754
899.686235,76.570323,153.140646,-9418.149754
899.686863,95.712904,114.855485,-9418.149754
899.687490,133.998066,153.140646,-9418.149754
899.688117,133.998066,114.855485,-9456.434915
899.688745,76.570323,114.855485,-9418.149754
899.689372,133.998066,114.855485,-9456.434915
899.689999,38.285162,114.855485,-9456.434915
899.690627,114.855485,95.712904,-9456.434915
899.691254,76.570323,114.855485,-9418.149754
899.691881,133.998066,114.855485,-9418.149754
899.692509,76.570323,114.855485,-9418.149754
899.693136,76.570323,172.283227,-9418.149754
899.693763,133.998066,114.855485,-9399.007173
899.694391,76.570323,153.140646,-9418.149754
899.695018,57.427742,191.425808,-9360.722011
899.695645,38.285162,153.140646,-9418.149754
899.696273,133.998066,172.283227,-9456.434915
899.696900,76.570323,114.855485,-9418.149754
899.697527,95.712904,153.140646,-9418.149754
899.698155,76.570323,114.855485,-9418.149754
899.698782,76.570323,114.855485,-9437.292334
899.699409,114.855485,95.712904,-9399.007173
899.700037,95.712904,133.998066,-9360.722011
899.700664,172.283227,153.140646,-9379.864592
899.701291,76.570323,133.998066,-9360.722011
899.701919,114.855485,114.855485,-9379.864592
899.702546,133.998066,114.855485,-9418.149754
899.703173,95.712904,133.998066,-9360.722011
899.703801,133.998066,76.570323,-9379.864592
899.704428,76.570323,114.855485,-9418.149754
899.705055,133.998066,114.855485,-9418.149754
899.705683,76.570323,114.855485,-9418.149754
899.706310,114.855485,153.140646,-9360.722011
899.706937,76.570323,114.855485,-9456.434915
899.707565,76.570323,114.855485,-9494.720077
899.708192,38.285162,114.855485,-9418.149754
899.708819,95.712904,114.855485,-9437.292334
899.709447,76.570323,114.855485,-9437.292334
899.710074,76.570323,114.855485,-9437.292334
899.710701,57.427742,95.712904,-9456.434915
899.711329,76.570323,114.855485,-9456.434915
899.711956,133.998066,172.283227,-9456.434915
899.712583,133.998066,153.140646,-9456.434915
899.713211,76.570323,172.283227,-9437.292334
899.713838,133.998066,153.140646,-9418.149754
899.714465,76.570323,114.855485,-9418.149754
899.715093,133.998066,114.855485,-9418.149754
899.715720,76.570323,114.855485,-9418.149754
899.716347,95.712904,153.140646,-9360.722011
899.716975,19.142581,114.855485,-9418.149754
899.717602,95.712904,114.855485,-9456.434915
899.718229,133.998066,172.283227,-9475.577496
899.718857,76.570323,172.283227,-9437.292334
899.719484,76.570323,153.140646,-9418.149754
899.720111,133.998066,114.855485,-9418.149754
899.720739,76.570323,210.568389,-9456.434915
899.721366,38.285162,172.283227,-9418.149754
899.721993,133.998066,114.855485,-9418.149754
899.722621,76.570323,114.855485,-9418.149754
899.723248,153.140646,133.998066,-9399.007173
899.723875,133.998066,114.855485,-9418.149754
899.724503,76.570323,114.855485,-9475.577496
899.725130,133.998066,210.568389,-9456.434915
899.725757,114.855485,133.998066,-9360.722011
899.726385,95.712904,191.425808,-9418.149754
899.727012,133.998066,114.855485,-9418.149754
899.727639,76.570323,153.140646,-9418.149754
899.728267,38.285162,114.855485,-9418.149754
899.728894,38.285162,191.425808,-9418.149754
899.729521,38.285162,191.425808,-9418.149754
899.730149,114.855485,153.140646,-9437.292334
899.730776,133.998066,114.855485,-9418.149754
899.731403,38.285162,172.283227,-9456.434915
899.732031,76.570323,153.140646,-9533.005238
899.732658,114.855485,133.998066,-9360.722011
899.733285,133.998066,114.855485,-9456.434915
899.733913,76.570323,114.855485,-9418.149754
899.734540,76.570323,114.855485,-9494.720077
899.735167,133.998066,153.140646,-9533.005238
899.735795,95.712904,172.283227,-9418.149754
899.736422,133.998066,114.855485,-9437.292334
899.737049,133.998066,153.140646,-9533.005238
899.737677,38.285162,153.140646,-9418.149754
899.738304,114.855485,95.712904,-9399.007173
899.738931,133.998066,172.283227,-9418.149754
899.739559,133.998066,114.855485,-9456.434915
899.740186,76.570323,114.855485,-9418.149754
899.740813,114.855485,114.855485,-9418.149754
899.741441,133.998066,172.283227,-9456.434915
899.742068,95.712904,114.855485,-9418.149754
899.742695,133.998066,133.998066,-9399.007173
899.743323,114.855485,153.140646,-9399.007173
899.743950,38.285162,191.425808,-9437.292334
899.744577,133.998066,114.855485,-9418.149754
899.745205,153.140646,133.998066,-9437.292334
899.745832,95.712904,95.712904,-9418.149754
899.746459,114.855485,95.712904,-9399.007173
899.747087,76.570323,114.855485,-9418.149754
899.747714,153.140646,153.140646,-9399.007173
899.748341,133.998066,172.283227,-9456.434915
899.748969,133.998066,114.855485,-9418.149754
899.749596,76.570323,114.855485,-9437.292334
899.750223,57.427742,114.855485,-9418.149754
899.750851,172.283227,191.425808,-9418.149754
899.751478,95.712904,114.855485,-9418.149754
899.752105,133.998066,172.283227,-9418.149754
899.752733,133.998066,114.855485,-9418.149754
899.753360,38.285162,114.855485,-9437.292334
899.753987,76.570323,114.855485,-9456.434915
899.754615,114.855485,153.140646,-9360.722011
899.755242,57.427742,95.712904,-9399.007173
899.755869,133.998066,172.283227,-9399.007173
899.756497,133.998066,210.568389,-9418.149754
899.757124,153.140646,133.998066,-9456.434915
899.757751,133.998066,172.283227,-9418.149754
899.758379,133.998066,114.855485,-9475.577496
899.759006,38.285162,114.855485,-9475.577496
899.759633,133.998066,191.425808,-9437.292334
899.760261,153.140646,114.855485,-9533.005238
899.760888,133.998066,133.998066,-9399.007173
899.761515,133.998066,114.855485,-9418.149754
899.762143,153.140646,172.283227,-9437.292334
899.762770,114.855485,114.855485,-9494.720077
899.763397,133.998066,114.855485,-9418.149754
899.764025,133.998066,153.140646,-9475.577496
899.764652,76.570323,114.855485,-9418.149754
899.765279,76.570323,114.855485,-9418.149754
899.765907,95.712904,95.712904,-9399.007173
899.766534,76.570323,153.140646,-9418.149754
899.767161,133.998066,114.855485,-9475.577496
899.767789,76.570323,114.855485,-9418.149754
899.768416,95.712904,172.283227,-9418.149754
899.769043,133.998066,210.568389,-9418.149754
899.769671,76.570323,210.568389,-9418.149754
899.770298,38.285162,114.855485,-9456.434915
899.770925,76.570323,210.568389,-9437.292334
899.771553,57.427742,114.855485,-9456.434915
899.772180,133.998066,210.568389,-9494.720077
899.772807,133.998066,114.855485,-9418.149754
899.773435,133.998066,114.855485,-9418.149754
899.774062,76.570323,114.855485,-9418.149754
899.774690,38.285162,114.855485,-9456.434915
899.775318,114.855485,95.712904,-9513.862658
899.775945,76.570323,114.855485,-9437.292334
899.776573,76.570323,76.570323,-9379.864592
899.777200,76.570323,114.855485,-9418.149754
899.777828,95.712904,114.855485,-9418.149754
899.778456,76.570323,114.855485,-9456.434915
899.779083,95.712904,114.855485,-9437.292334
899.779711,133.998066,172.283227,-9437.292334
899.780338,76.570323,114.855485,-9456.434915
899.780966,95.712904,133.998066,-9475.577496
899.781594,76.570323,114.855485,-9418.149754
899.782221,114.855485,114.855485,-9399.007173
899.782849,76.570323,153.140646,-9437.292334
899.783476,38.285162,172.283227,-9418.149754
899.784104,95.712904,114.855485,-9494.720077
899.784731,133.998066,114.855485,-9418.149754
899.785359,133.998066,114.855485,-9418.149754
899.785987,133.998066,172.283227,-9418.149754
899.786614,191.425808,153.140646,-9399.007173
899.787242,76.570323,153.140646,-9418.149754
899.787869,57.427742,133.998066,-9360.722011
899.788497,76.570323,172.283227,-9456.434915
899.789125,76.570323,153.140646,-9418.149754
899.789752,133.998066,114.855485,-9437.292334
899.790380,95.712904,191.425808,-9360.722011
899.791007,76.570323,114.855485,-9418.149754
899.791635,95.712904,153.140646,-9418.149754
899.792263,133.998066,133.998066,-9399.007173
899.792890,133.998066,114.855485,-9418.149754
899.793518,133.998066,153.140646,-9418.149754
899.794145,76.570323,114.855485,-9418.149754
899.794773,38.285162,172.283227,-9418.149754
899.795400,76.570323,153.140646,-9437.292334
899.796028,76.570323,172.283227,-9475.577496
899.796656,95.712904,114.855485,-9418.149754
899.797283,57.427742,114.855485,-9418.149754
899.797911,76.570323,114.855485,-9437.292334
899.798538,133.998066,172.283227,-9437.292334
899.799166,153.140646,133.998066,-9399.007173
899.799794,114.855485,95.712904,-9399.007173
899.800421,133.998066,153.140646,-9456.434915
899.801049,133.998066,76.570323,-9379.864592
899.801676,133.998066,191.425808,-9456.434915
899.802304,95.712904,114.855485,-9418.149754
899.802932,38.285162,114.855485,-9418.149754
899.803559,133.998066,133.998066,-9399.007173
899.804187,76.570323,114.855485,-9437.292334
899.804814,38.285162,191.425808,-9418.149754
899.805442,19.142581,114.855485,-9437.292334
899.806069,133.998066,153.140646,-9456.434915
899.806697,95.712904,133.998066,-9341.579430
899.807325,95.712904,172.283227,-9360.722011
899.807952,76.570323,114.855485,-9418.149754
899.808580,76.570323,114.855485,-9418.149754
899.809207,95.712904,114.855485,-9418.149754
899.809835,133.998066,114.855485,-9456.434915
899.810463,133.998066,114.855485,-9418.149754
899.811090,133.998066,172.283227,-9494.720077
899.811718,38.285162,172.283227,-9456.434915
899.812345,133.998066,229.710970,-9437.292334
899.812973,133.998066,210.568389,-9456.434915
899.813601,133.998066,133.998066,-9399.007173
899.814228,133.998066,114.855485,-9418.149754
899.814856,76.570323,76.570323,-9379.864592
899.815483,76.570323,114.855485,-9456.434915
899.816111,153.140646,133.998066,-9399.007173
899.816738,95.712904,114.855485,-9456.434915
899.817366,133.998066,114.855485,-9437.292334
899.817994,76.570323,114.855485,-9418.149754
899.818621,0.000000,76.570323,-9418.149754
899.819249,76.570323,114.855485,-9418.149754
899.819876,153.140646,133.998066,-9399.007173
899.820504,210.568389,172.283227,-9399.007173
899.821132,76.570323,172.283227,-9418.149754
899.821759,76.570323,114.855485,-9418.149754
899.822387,76.570323,114.855485,-9456.434915
899.823014,76.570323,114.855485,-9494.720077
899.823642,95.712904,95.712904,-9456.434915
899.824270,133.998066,114.855485,-9475.577496
899.824897,153.140646,114.855485,-9418.149754
899.825525,133.998066,114.855485,-9475.577496
899.826152,133.998066,114.855485,-9437.292334
899.826780,172.283227,76.570323,-9437.292334
899.827407,153.140646,133.998066,-9494.720077
899.828035,133.998066,172.283227,-9475.577496
899.828663,76.570323,114.855485,-9418.149754
899.829290,133.998066,172.283227,-9418.149754
899.829918,133.998066,172.283227,-9475.577496
899.830545,133.998066,172.283227,-9494.720077
899.831173,133.998066,210.568389,-9418.149754
899.831801,76.570323,114.855485,-9475.577496
899.832428,133.998066,172.283227,-9437.292334
899.833056,114.855485,153.140646,-9360.722011
899.833683,76.570323,210.568389,-9437.292334
899.834311,114.855485,133.998066,-9360.722011
899.834939,153.140646,133.998066,-9399.007173
899.835566,133.998066,114.855485,-9456.434915
899.836194,133.998066,114.855485,-9437.292334
899.836821,76.570323,172.283227,-9475.577496
899.837449,76.570323,153.140646,-9418.149754
899.838076,133.998066,114.855485,-9418.149754
899.838704,172.283227,114.855485,-9571.290400
899.839332,133.998066,153.140646,-9399.007173
899.839959,133.998066,114.855485,-9475.577496
899.840587,57.427742,114.855485,-9456.434915
899.841214,153.140646,153.140646,-9456.434915
899.841842,95.712904,114.855485,-9418.149754
899.842470,76.570323,153.140646,-9418.149754
899.843097,76.570323,229.710970,-9437.292334
899.843725,57.427742,172.283227,-9418.149754
899.844352,153.140646,133.998066,-9399.007173
899.844980,133.998066,153.140646,-9418.149754
899.845607,76.570323,114.855485,-9418.149754
899.846235,95.712904,95.712904,-9456.434915
899.846863,153.140646,133.998066,-9437.292334
899.847490,133.998066,114.855485,-9475.577496
899.848118,133.998066,114.855485,-9456.434915
899.848745,133.998066,133.998066,-9437.292334
899.849373,76.570323,172.283227,-9418.149754
899.850001,19.142581,114.855485,-9418.149754
899.850628,153.140646,133.998066,-9399.007173
899.851256,38.285162,114.855485,-9418.149754
899.851883,57.427742,153.140646,-9360.722011
899.852511,95.712904,210.568389,-9418.149754
899.853139,76.570323,172.283227,-9533.005238
899.853766,133.998066,229.710970,-9418.149754
899.854394,38.285162,172.283227,-9437.292334
899.855021,95.712904,210.568389,-9418.149754
899.855649,38.285162,153.140646,-9437.292334
899.856276,38.285162,114.855485,-9418.149754
899.856904,133.998066,114.855485,-9437.292334
899.857532,76.570323,114.855485,-9437.292334
899.858159,0.000000,95.712904,-9513.862658
899.858787,133.998066,191.425808,-9437.292334
899.859414,76.570323,153.140646,-9494.720077
899.860042,76.570323,210.568389,-9475.577496
899.860670,76.570323,114.855485,-9418.149754
899.861297,172.283227,114.855485,-9379.864592
899.861925,95.712904,172.283227,-9360.722011
899.862552,76.570323,76.570323,-9379.864592
899.863180,38.285162,172.283227,-9418.149754
899.863808,153.140646,133.998066,-9437.292334
899.864435,133.998066,153.140646,-9456.434915
899.865063,133.998066,114.855485,-9437.292334
899.865690,114.855485,114.855485,-9399.007173
899.866318,76.570323,153.140646,-9360.722011
899.866945,133.998066,172.283227,-9456.434915
899.867573,76.570323,114.855485,-9437.292334
899.868201,38.285162,114.855485,-9418.149754
899.868828,57.427742,114.855485,-9418.149754
899.869456,76.570323,114.855485,-9437.292334
899.870083,133.998066,114.855485,-9418.149754
899.870711,76.570323,172.283227,-9360.722011
899.871339,95.712904,172.283227,-9418.149754
899.871966,114.855485,248.853550,-9360.722011
899.872594,38.285162,153.140646,-9418.149754
899.873221,133.998066,114.855485,-9437.292334
899.873849,133.998066,114.855485,-9418.149754
899.874476,76.570323,172.283227,-9456.434915
899.875104,76.570323,172.283227,-9418.149754
899.875731,133.998066,114.855485,-9418.149754
899.876359,133.998066,114.855485,-9418.149754
899.876986,76.570323,210.568389,-9418.149754
899.877614,19.142581,114.855485,-9456.434915
899.878241,76.570323,153.140646,-9475.577496
899.878868,153.140646,153.140646,-9475.577496
899.879496,133.998066,114.855485,-9475.577496
899.880123,76.570323,114.855485,-9418.149754
899.880751,153.140646,133.998066,-9399.007173
899.881378,76.570323,114.855485,-9418.149754
899.882006,38.285162,114.855485,-9418.149754
899.882633,114.855485,95.712904,-9399.007173
899.883261,38.285162,114.855485,-9437.292334
899.883888,76.570323,153.140646,-9437.292334
899.884516,153.140646,172.283227,-9399.007173
899.885143,57.427742,95.712904,-9437.292334
899.885771,133.998066,153.140646,-9418.149754
899.886398,38.285162,114.855485,-9418.149754
899.887025,76.570323,172.283227,-9418.149754
899.887653,38.285162,114.855485,-9418.149754
899.888280,76.570323,153.140646,-9418.149754
899.888908,95.712904,172.283227,-9360.722011
899.889535,133.998066,153.140646,-9437.292334
899.890163,76.570323,114.855485,-9418.149754
899.890790,133.998066,133.998066,-9475.577496
899.891418,76.570323,153.140646,-9418.149754
899.892045,76.570323,172.283227,-9418.149754
899.892673,95.712904,172.283227,-9418.149754
899.893300,133.998066,172.283227,-9456.434915
899.893927,114.855485,172.283227,-9360.722011
899.894555,133.998066,172.283227,-9418.149754
899.895182,133.998066,153.140646,-9456.434915
899.895810,153.140646,133.998066,-9475.577496
899.896437,133.998066,114.855485,-9418.149754
899.897065,76.570323,153.140646,-9418.149754
899.897692,19.142581,114.855485,-9418.149754
899.898320,76.570323,153.140646,-9360.722011
899.898947,76.570323,153.140646,-9437.292334
899.899575,57.427742,210.568389,-9399.007173
899.900202,76.570323,153.140646,-9418.149754
899.900830,133.998066,172.283227,-9418.149754
899.901457,95.712904,133.998066,-9475.577496
899.902084,38.285162,172.283227,-9533.005238
899.902712,38.285162,153.140646,-9418.149754
899.903339,38.285162,210.568389,-9418.149754
899.903967,76.570323,114.855485,-9456.434915
899.904594,76.570323,172.283227,-9418.149754
899.905222,76.570323,153.140646,-9418.149754
899.905849,133.998066,172.283227,-9418.149754
899.906477,76.570323,153.140646,-9418.149754
899.907104,133.998066,114.855485,-9418.149754
899.907732,76.570323,114.855485,-9418.149754
899.908359,133.998066,153.140646,-9418.149754
899.908986,133.998066,114.855485,-9418.149754
899.909614,76.570323,114.855485,-9418.149754
899.910241,76.570323,114.855485,-9494.720077
899.910869,114.855485,76.570323,-9418.149754
899.911496,95.712904,114.855485,-9494.720077
899.912124,95.712904,133.998066,-9360.722011
899.912751,114.855485,95.712904,-9475.577496
899.913379,133.998066,95.712904,-9360.722011
899.914006,76.570323,153.140646,-9418.149754
899.914634,153.140646,172.283227,-9399.007173
899.915261,133.998066,172.283227,-9418.149754
899.915889,133.998066,210.568389,-9437.292334
899.916516,76.570323,191.425808,-9456.434915
899.917143,76.570323,114.855485,-9418.149754
899.917771,133.998066,229.710970,-9456.434915
899.918398,114.855485,172.283227,-9360.722011
899.919026,133.998066,153.140646,-9418.149754
899.919653,114.855485,153.140646,-9475.577496
899.920281,57.427742,153.140646,-9418.149754
899.920908,153.140646,133.998066,-9399.007173
899.921536,133.998066,133.998066,-9399.007173
899.922163,76.570323,114.855485,-9418.149754
899.922791,95.712904,95.712904,-9437.292334
899.923418,133.998066,114.855485,-9456.434915
899.924045,133.998066,191.425808,-9456.434915
899.924673,133.998066,114.855485,-9418.149754
899.925300,133.998066,114.855485,-9437.292334
899.925928,133.998066,114.855485,-9456.434915
899.926555,38.285162,153.140646,-9456.434915
899.927183,76.570323,114.855485,-9418.149754
899.927810,76.570323,153.140646,-9418.149754
899.928438,38.285162,114.855485,-9456.434915
899.929065,76.570323,114.855485,-9456.434915
899.929693,133.998066,114.855485,-9437.292334
899.930320,76.570323,114.855485,-9418.149754
899.930948,133.998066,133.998066,-9399.007173
899.931575,38.285162,114.855485,-9418.149754
899.932202,95.712904,95.712904,-9437.292334
899.932830,133.998066,133.998066,-9399.007173
899.933457,133.998066,153.140646,-9456.434915
899.934085,38.285162,114.855485,-9437.292334
899.934712,38.285162,172.283227,-9475.577496
899.935340,133.998066,172.283227,-9456.434915
899.935967,95.712904,210.568389,-9456.434915
899.936595,76.570323,114.855485,-9437.292334
899.937222,133.998066,210.568389,-9418.149754
899.937850,133.998066,172.283227,-9418.149754
899.938477,114.855485,172.283227,-9360.722011
899.939104,133.998066,153.140646,-9437.292334
899.939732,153.140646,191.425808,-9456.434915
899.940359,133.998066,172.283227,-9418.149754
899.940987,76.570323,191.425808,-9437.292334
899.941614,133.998066,172.283227,-9399.007173
899.942242,133.998066,172.283227,-9418.149754
899.942869,76.570323,153.140646,-9494.720077
899.943497,133.998066,114.855485,-9437.292334
899.944124,133.998066,172.283227,-9533.005238
899.944752,76.570323,114.855485,-9437.292334
899.945379,95.712904,133.998066,-9360.722011
899.946007,38.285162,114.855485,-9437.292334
899.946634,38.285162,172.283227,-9418.149754
899.947261,133.998066,172.283227,-9437.292334
899.947889,133.998066,114.855485,-9437.292334
899.948516,153.140646,153.140646,-9399.007173
899.949144,114.855485,76.570323,-9418.149754
899.949771,153.140646,133.998066,-9437.292334
899.950399,76.570323,114.855485,-9456.434915
899.951026,38.285162,153.140646,-9475.577496
899.951654,133.998066,210.568389,-9456.434915
899.952281,38.285162,114.855485,-9456.434915
899.952909,76.570323,172.283227,-9360.722011
899.953536,95.712904,114.855485,-9456.434915
899.954163,95.712904,95.712904,-9399.007173
899.954791,133.998066,114.855485,-9475.577496
899.955418,76.570323,114.855485,-9418.149754
899.956046,76.570323,172.283227,-9360.722011
899.956673,133.998066,210.568389,-9437.292334
899.957301,95.712904,114.855485,-9456.434915
899.957928,38.285162,172.283227,-9418.149754
899.958556,76.570323,114.855485,-9456.434915
899.959183,133.998066,114.855485,-9418.149754
899.959811,153.140646,133.998066,-9437.292334
899.960438,172.283227,191.425808,-9437.292334
899.961066,133.998066,114.855485,-9418.149754
899.961693,95.712904,95.712904,-9456.434915
899.962320,38.285162,172.283227,-9456.434915
899.962948,76.570323,114.855485,-9418.149754
899.963575,76.570323,172.283227,-9418.149754
899.964203,76.570323,172.283227,-9418.149754
899.964830,114.855485,76.570323,-9418.149754
899.965458,76.570323,114.855485,-9418.149754
899.966085,95.712904,114.855485,-9494.720077
899.966713,133.998066,114.855485,-9437.292334
899.967340,153.140646,133.998066,-9456.434915
899.967968,133.998066,153.140646,-9399.007173
899.968595,76.570323,114.855485,-9418.149754
899.969222,76.570323,153.140646,-9418.149754
899.969850,133.998066,114.855485,-9418.149754
899.970477,95.712904,133.998066,-9360.722011
899.971105,76.570323,114.855485,-9418.149754
899.971732,153.140646,133.998066,-9399.007173
899.972360,57.427742,133.998066,-9360.722011
899.972987,76.570323,172.283227,-9418.149754
899.973615,172.283227,76.570323,-9418.149754
899.974242,76.570323,114.855485,-9437.292334
899.974870,76.570323,153.140646,-9475.577496
899.975497,133.998066,172.283227,-9456.434915
899.976125,76.570323,172.283227,-9418.149754
899.976752,76.570323,114.855485,-9418.149754
899.977380,76.570323,172.283227,-9533.005238
899.978008,133.998066,114.855485,-9418.149754
899.978635,133.998066,114.855485,-9456.434915
899.979263,76.570323,114.855485,-9437.292334
899.979890,76.570323,114.855485,-9437.292334
899.980518,38.285162,172.283227,-9475.577496
899.981145,76.570323,114.855485,-9418.149754
899.981773,38.285162,114.855485,-9418.149754
899.982400,76.570323,172.283227,-9437.292334
899.983028,95.712904,95.712904,-9399.007173
899.983656,76.570323,114.855485,-9456.434915
899.984283,133.998066,114.855485,-9418.149754
899.984911,57.427742,133.998066,-9360.722011
899.985538,76.570323,153.140646,-9456.434915
899.986166,133.998066,172.283227,-9418.149754
899.986793,133.998066,114.855485,-9418.149754
899.987421,133.998066,153.140646,-9418.149754
899.988048,38.285162,210.568389,-9418.149754
899.988676,133.998066,172.283227,-9360.722011
899.989304,76.570323,114.855485,-9418.149754
899.989931,95.712904,210.568389,-9456.434915
899.990559,153.140646,133.998066,-9437.292334
899.991186,133.998066,172.283227,-9456.434915
899.991814,38.285162,172.283227,-9418.149754
899.992441,133.998066,172.283227,-9437.292334
899.993069,57.427742,114.855485,-9456.434915
899.993696,38.285162,114.855485,-9437.292334
899.994324,133.998066,114.855485,-9418.149754
899.994952,153.140646,248.853550,-9399.007173
899.995579,76.570323,114.855485,-9437.292334
899.996207,133.998066,114.855485,-9475.577496
899.996834,133.998066,172.283227,-9418.149754
899.997462,153.140646,172.283227,-9437.292334
899.998089,76.570323,172.283227,-9418.149754
899.998717,38.285162,229.710970,-9418.149754
899.999344,133.998066,114.855485,-9418.149754
899.999972,153.140646,133.998066,-9399.007173
900.000599,38.285162,172.283227,-9437.292334
900.001227,95.712904,114.855485,-9456.434915
900.001855,76.570323,114.855485,-9437.292334
900.002482,133.998066,153.140646,-9418.149754
900.003110,76.570323,210.568389,-9418.149754
900.003737,76.570323,210.568389,-9437.292334
900.004365,76.570323,114.855485,-9418.149754
900.004992,76.570323,95.712904,-9456.434915
900.005620,133.998066,114.855485,-9418.149754
900.006247,153.140646,133.998066,-9437.292334
900.006875,133.998066,114.855485,-9418.149754
900.007503,76.570323,172.283227,-9437.292334
900.008130,133.998066,114.855485,-9437.292334
900.008758,133.998066,210.568389,-9418.149754
900.009385,38.285162,114.855485,-9418.149754
900.010013,76.570323,114.855485,-9418.149754
900.010640,38.285162,114.855485,-9456.434915
900.011268,76.570323,153.140646,-9418.149754
900.011895,133.998066,153.140646,-9418.149754
900.012523,133.998066,114.855485,-9418.149754
900.013151,133.998066,153.140646,-9494.720077
900.013778,76.570323,114.855485,-9418.149754
900.014406,172.283227,114.855485,-9379.864592
900.015033,95.712904,95.712904,-9399.007173
900.015661,133.998066,172.283227,-9418.149754
900.016288,76.570323,114.855485,-9418.149754
900.016916,38.285162,172.283227,-9418.149754
900.017543,38.285162,114.855485,-9437.292334
900.018171,76.570323,210.568389,-9418.149754
900.018799,76.570323,114.855485,-9418.149754
900.019426,76.570323,210.568389,-9418.149754
900.020054,133.998066,114.855485,-9437.292334
900.020681,76.570323,172.283227,-9456.434915
900.021309,76.570323,114.855485,-9456.434915
900.021936,76.570323,114.855485,-9418.149754
900.022564,76.570323,114.855485,-9456.434915
900.023191,133.998066,114.855485,-9418.149754
900.023819,133.998066,133.998066,-9399.007173
900.024446,76.570323,172.283227,-9418.149754
900.025074,38.285162,153.140646,-9437.292334
900.025702,38.285162,114.855485,-9456.434915
900.026329,57.427742,172.283227,-9418.149754
900.026957,76.570323,172.283227,-9418.149754
900.027584,133.998066,153.140646,-9456.434915
900.028212,133.998066,210.568389,-9418.149754
900.028839,133.998066,172.283227,-9418.149754
900.029467,114.855485,153.140646,-9399.007173
900.030094,114.855485,76.570323,-9437.292334
900.030722,133.998066,172.283227,-9418.149754
900.031350,76.570323,172.283227,-9475.577496
900.031977,133.998066,210.568389,-9456.434915
900.032605,76.570323,229.710970,-9418.149754
900.033232,38.285162,210.568389,-9418.149754
900.033860,76.570323,114.855485,-9418.149754
900.034487,133.998066,210.568389,-9475.577496
900.035115,57.427742,210.568389,-9418.149754
900.035742,38.285162,114.855485,-9456.434915
900.036370,76.570323,153.140646,-9360.722011
900.036998,133.998066,114.855485,-9456.434915
900.037625,95.712904,114.855485,-9437.292334
900.038253,95.712904,95.712904,-9399.007173
900.038880,76.570323,114.855485,-9475.577496
900.039508,133.998066,114.855485,-9418.149754
900.040135,76.570323,114.855485,-9418.149754
900.040763,38.285162,114.855485,-9418.149754
900.041390,76.570323,114.855485,-9437.292334
900.042018,95.712904,114.855485,-9437.292334
900.042646,133.998066,114.855485,-9437.292334
900.043273,76.570323,153.140646,-9437.292334
900.043901,95.712904,114.855485,-9475.577496
900.044528,114.855485,153.140646,-9360.722011
900.045156,76.570323,172.283227,-9437.292334
900.045783,95.712904,172.283227,-9418.149754
900.046411,76.570323,114.855485,-9437.292334
900.047038,38.285162,114.855485,-9456.434915
900.047666,76.570323,114.855485,-9418.149754
900.048293,133.998066,114.855485,-9418.149754
900.048921,133.998066,210.568389,-9456.434915
900.049549,133.998066,133.998066,-9399.007173
900.050176,133.998066,114.855485,-9418.149754
900.050804,133.998066,114.855485,-9418.149754
900.051431,133.998066,114.855485,-9418.149754
900.052059,133.998066,114.855485,-9418.149754
900.052686,76.570323,172.283227,-9418.149754
900.053314,133.998066,114.855485,-9418.149754
900.053941,133.998066,172.283227,-9437.292334
900.054569,153.140646,153.140646,-9399.007173
900.055197,133.998066,210.568389,-9418.149754
900.055824,133.998066,114.855485,-9456.434915
900.056452,57.427742,95.712904,-9456.434915
900.057079,133.998066,114.855485,-9418.149754
900.057707,76.570323,114.855485,-9437.292334
900.058334,133.998066,114.855485,-9437.292334
900.058962,95.712904,191.425808,-9418.149754
900.059589,153.140646,133.998066,-9456.434915
900.060217,133.998066,114.855485,-9418.149754
900.060845,114.855485,95.712904,-9399.007173
900.061472,76.570323,114.855485,-9437.292334
900.062100,95.712904,114.855485,-9494.720077
900.062727,76.570323,229.710970,-9418.149754
900.063355,133.998066,114.855485,-9475.577496
900.063982,133.998066,153.140646,-9475.577496
900.064610,153.140646,114.855485,-9437.292334
900.065237,95.712904,114.855485,-9418.149754
900.065865,133.998066,172.283227,-9456.434915
900.066493,133.998066,114.855485,-9418.149754
900.067120,172.283227,210.568389,-9379.864592
900.067748,133.998066,172.283227,-9418.149754
900.068375,153.140646,133.998066,-9456.434915
900.069003,76.570323,114.855485,-9456.434915
900.069630,133.998066,191.425808,-9456.434915
900.070258,133.998066,153.140646,-9418.149754
900.070885,38.285162,114.855485,-9456.434915
900.071513,76.570323,210.568389,-9418.149754
900.072140,133.998066,114.855485,-9418.149754
900.072768,133.998066,114.855485,-9475.577496
900.073396,38.285162,153.140646,-9456.434915
900.074023,76.570323,114.855485,-9418.149754
900.074651,76.570323,191.425808,-9418.149754
900.075279,76.570323,153.140646,-9418.149754
900.075906,133.998066,114.855485,-9437.292334
900.076534,76.570323,114.855485,-9437.292334
900.077161,76.570323,153.140646,-9494.720077
900.077789,133.998066,114.855485,-9456.434915
900.078417,153.140646,172.283227,-9437.292334
900.079044,133.998066,153.140646,-9418.149754
900.079672,76.570323,114.855485,-9418.149754
900.080300,95.712904,153.140646,-9418.149754
900.080927,76.570323,114.855485,-9418.149754
900.081555,76.570323,114.855485,-9437.292334
900.082183,38.285162,114.855485,-9418.149754
900.082810,76.570323,95.712904,-9399.007173
900.083438,38.285162,153.140646,-9418.149754
900.084066,95.712904,133.998066,-9360.722011
900.084693,76.570323,210.568389,-9418.149754
900.085321,133.998066,114.855485,-9437.292334
900.085949,76.570323,114.855485,-9418.149754
900.086576,38.285162,114.855485,-9418.149754
900.087204,133.998066,172.283227,-9418.149754
900.087832,76.570323,114.855485,-9494.720077
900.088459,76.570323,114.855485,-9418.149754
900.089087,95.712904,133.998066,-9360.722011
900.089715,76.570323,114.855485,-9437.292334
900.090342,133.998066,114.855485,-9418.149754
900.090970,95.712904,114.855485,-9456.434915
900.091598,76.570323,172.283227,-9456.434915
900.092225,133.998066,114.855485,-9418.149754
900.092853,95.712904,95.712904,-9399.007173
900.093481,38.285162,114.855485,-9418.149754
900.094108,133.998066,172.283227,-9418.149754
900.094736,133.998066,172.283227,-9418.149754
900.095364,133.998066,172.283227,-9399.007173
900.095991,133.998066,172.283227,-9418.149754
900.096619,76.570323,172.283227,-9418.149754
900.097247,133.998066,210.568389,-9418.149754
900.097874,153.140646,172.283227,-9399.007173
900.098502,76.570323,114.855485,-9418.149754
900.099130,76.570323,153.140646,-9437.292334
900.099757,76.570323,114.855485,-9437.292334
900.100385,133.998066,133.998066,-9494.720077
900.101013,76.570323,114.855485,-9418.149754
900.101640,95.712904,172.283227,-9360.722011
900.102268,76.570323,153.140646,-9418.149754
900.102896,153.140646,191.425808,-9456.434915
900.103523,76.570323,172.283227,-9360.722011
900.104151,133.998066,114.855485,-9437.292334
900.104779,95.712904,114.855485,-9399.007173
900.105406,114.855485,210.568389,-9360.722011
900.106034,153.140646,172.283227,-9399.007173
900.106662,76.570323,153.140646,-9437.292334
900.107289,38.285162,114.855485,-9475.577496
900.107917,76.570323,114.855485,-9437.292334
900.108545,133.998066,191.425808,-9399.007173
900.109172,133.998066,153.140646,-9418.149754
900.109800,133.998066,114.855485,-9418.149754
900.110428,133.998066,114.855485,-9418.149754
900.111055,133.998066,114.855485,-9418.149754
900.111683,76.570323,172.283227,-9418.149754
900.112311,133.998066,114.855485,-9437.292334
900.112938,133.998066,114.855485,-9437.292334
900.113566,76.570323,114.855485,-9456.434915
900.114194,95.712904,95.712904,-9399.007173
900.114821,95.712904,95.712904,-9399.007173
900.115449,76.570323,114.855485,-9418.149754
900.116077,19.142581,133.998066,-9399.007173
900.116704,133.998066,172.283227,-9418.149754
900.117332,38.285162,114.855485,-9437.292334
900.117960,133.998066,114.855485,-9475.577496
900.118587,133.998066,114.855485,-9456.434915
900.119215,95.712904,95.712904,-9399.007173
900.119843,38.285162,114.855485,-9418.149754
900.120470,133.998066,114.855485,-9418.149754
900.121098,114.855485,133.998066,-9437.292334
900.121726,76.570323,172.283227,-9418.149754
900.122353,38.285162,172.283227,-9456.434915
900.122981,38.285162,172.283227,-9418.149754
900.123609,76.570323,114.855485,-9418.149754
900.124236,57.427742,114.855485,-9437.292334
900.124864,95.712904,114.855485,-9418.149754
900.125492,76.570323,76.570323,-9379.864592
900.126119,95.712904,153.140646,-9341.579430
900.126747,95.712904,114.855485,-9418.149754
900.127375,76.570323,114.855485,-9418.149754
900.128002,153.140646,153.140646,-9399.007173
900.128630,191.425808,153.140646,-9437.292334
900.129258,114.855485,95.712904,-9399.007173
900.129885,38.285162,153.140646,-9475.577496
900.130513,76.570323,114.855485,-9456.434915
900.131141,133.998066,114.855485,-9418.149754
900.131768,76.570323,153.140646,-9418.149754
900.132396,76.570323,114.855485,-9418.149754
900.133023,76.570323,114.855485,-9475.577496
900.133651,76.570323,114.855485,-9475.577496
900.134279,76.570323,210.568389,-9418.149754
900.134906,133.998066,114.855485,-9418.149754
900.135534,133.998066,114.855485,-9418.149754
900.136162,133.998066,114.855485,-9418.149754
900.136789,153.140646,133.998066,-9399.007173
900.137417,133.998066,153.140646,-9437.292334
900.138045,133.998066,114.855485,-9456.434915
900.138672,133.998066,153.140646,-9437.292334
900.139300,133.998066,210.568389,-9475.577496
900.139928,133.998066,172.283227,-9437.292334
900.140555,76.570323,172.283227,-9399.007173
900.141183,76.570323,191.425808,-9360.722011
900.141811,95.712904,191.425808,-9360.722011
900.142438,76.570323,210.568389,-9418.149754
900.143066,95.712904,210.568389,-9456.434915
900.143694,95.712904,172.283227,-9418.149754
900.144321,133.998066,114.855485,-9437.292334
900.144949,76.570323,210.568389,-9456.434915
900.145577,133.998066,153.140646,-9456.434915
900.146204,38.285162,172.283227,-9418.149754
900.146832,133.998066,114.855485,-9456.434915
900.147460,133.998066,114.855485,-9494.720077
900.148087,76.570323,172.283227,-9360.722011
900.148715,114.855485,133.998066,-9360.722011
900.149343,133.998066,133.998066,-9399.007173
900.149970,114.855485,95.712904,-9475.577496
900.150598,133.998066,114.855485,-9475.577496
900.151226,76.570323,114.855485,-9456.434915
900.151853,76.570323,210.568389,-9418.149754
900.152481,76.570323,153.140646,-9418.149754
900.153109,133.998066,114.855485,-9418.149754
900.153736,76.570323,114.855485,-9418.149754
900.154364,153.140646,133.998066,-9456.434915
900.154992,76.570323,229.710970,-9418.149754
900.155619,38.285162,210.568389,-9418.149754
900.156247,95.712904,95.712904,-9494.720077
900.156875,95.712904,114.855485,-9437.292334
900.157502,133.998066,210.568389,-9437.292334
900.158130,133.998066,114.855485,-9418.149754
900.158758,133.998066,114.855485,-9437.292334
900.159385,133.998066,153.140646,-9418.149754
900.160013,133.998066,114.855485,-9418.149754
900.160641,133.998066,153.140646,-9418.149754
900.161268,133.998066,172.283227,-9475.577496
900.161896,76.570323,172.283227,-9418.149754
900.162524,133.998066,191.425808,-9456.434915
900.163151,133.998066,114.855485,-9437.292334
900.163779,153.140646,153.140646,-9399.007173
900.164407,153.140646,172.283227,-9399.007173
900.165034,133.998066,114.855485,-9456.434915
900.165662,76.570323,95.712904,-9437.292334
900.166290,76.570323,153.140646,-9456.434915
900.166917,76.570323,210.568389,-9418.149754
900.167545,76.570323,114.855485,-9418.149754
900.168173,38.285162,172.283227,-9437.292334
900.168800,76.570323,210.568389,-9399.007173
900.169428,133.998066,153.140646,-9418.149754
900.170056,153.140646,153.140646,-9456.434915
900.170683,133.998066,153.140646,-9418.149754
900.171311,133.998066,153.140646,-9418.149754
900.171939,76.570323,114.855485,-9437.292334
900.172566,153.140646,114.855485,-9418.149754
900.173194,133.998066,114.855485,-9456.434915
900.173822,76.570323,172.283227,-9456.434915
900.174449,153.140646,153.140646,-9494.720077
900.175077,76.570323,172.283227,-9437.292334
900.175704,133.998066,172.283227,-9418.149754
900.176332,76.570323,153.140646,-9494.720077
900.176959,76.570323,114.855485,-9418.149754
900.177587,38.285162,114.855485,-9418.149754
900.178215,76.570323,114.855485,-9437.292334
900.178842,133.998066,114.855485,-9475.577496
900.179470,76.570323,114.855485,-9418.149754
900.180097,95.712904,191.425808,-9418.149754
900.180725,133.998066,229.710970,-9418.149754
900.181352,133.998066,229.710970,-9418.149754
900.181980,38.285162,114.855485,-9494.720077
900.182607,133.998066,114.855485,-9418.149754
900.183235,133.998066,114.855485,-9418.149754
900.183862,95.712904,133.998066,-9360.722011
900.184490,153.140646,114.855485,-9418.149754
900.185117,95.712904,114.855485,-9533.005238
900.185745,133.998066,114.855485,-9475.577496
900.186373,153.140646,133.998066,-9399.007173
900.187000,76.570323,95.712904,-9399.007173
900.187628,38.285162,114.855485,-9494.720077
900.188255,133.998066,172.283227,-9456.434915
900.188883,133.998066,210.568389,-9437.292334
900.189510,114.855485,210.568389,-9360.722011
900.190138,76.570323,153.140646,-9418.149754
900.190765,133.998066,153.140646,-9437.292334
900.191393,133.998066,114.855485,-9437.292334
900.192020,133.998066,153.140646,-9399.007173
900.192648,95.712904,191.425808,-9418.149754
900.193276,76.570323,114.855485,-9418.149754
900.193903,133.998066,153.140646,-9418.149754
900.194531,76.570323,172.283227,-9437.292334
900.195158,133.998066,210.568389,-9418.149754
900.195786,57.427742,95.712904,-9399.007173
900.196413,76.570323,153.140646,-9360.722011
900.197041,133.998066,172.283227,-9418.149754
900.197668,76.570323,153.140646,-9437.292334
900.198296,76.570323,172.283227,-9418.149754
900.198923,76.570323,153.140646,-9456.434915
900.199551,76.570323,114.855485,-9418.149754
900.200178,133.998066,114.855485,-9418.149754
900.200806,114.855485,133.998066,-9360.722011
900.201434,76.570323,114.855485,-9456.434915
900.202061,133.998066,114.855485,-9418.149754
900.202689,76.570323,114.855485,-9437.292334
900.203316,133.998066,114.855485,-9418.149754
900.203944,76.570323,210.568389,-9475.577496
900.204571,76.570323,172.283227,-9533.005238
900.205199,153.140646,153.140646,-9399.007173
900.205826,19.142581,172.283227,-9418.149754
900.206454,95.712904,114.855485,-9456.434915
900.207081,133.998066,114.855485,-9456.434915
900.207709,76.570323,114.855485,-9494.720077
900.208337,76.570323,153.140646,-9456.434915
900.208964,57.427742,133.998066,-9360.722011
900.209592,38.285162,153.140646,-9456.434915
900.210219,38.285162,153.140646,-9437.292334
900.210847,172.283227,76.570323,-9456.434915
900.211474,133.998066,114.855485,-9418.149754
900.212102,95.712904,133.998066,-9360.722011
900.212729,57.427742,114.855485,-9399.007173
900.213357,133.998066,114.855485,-9437.292334
900.213984,133.998066,114.855485,-9418.149754
900.214612,133.998066,172.283227,-9418.149754
900.215239,76.570323,114.855485,-9418.149754
900.215867,114.855485,114.855485,-9456.434915
900.216495,153.140646,133.998066,-9399.007173
900.217122,95.712904,114.855485,-9418.149754
900.217750,133.998066,172.283227,-9437.292334
900.218377,153.140646,172.283227,-9494.720077
900.219005,133.998066,153.140646,-9437.292334
900.219632,76.570323,191.425808,-9475.577496
900.220260,76.570323,114.855485,-9437.292334
900.220887,153.140646,133.998066,-9399.007173
900.221515,133.998066,172.283227,-9437.292334
900.222142,76.570323,114.855485,-9418.149754
900.222770,133.998066,172.283227,-9418.149754
900.223398,76.570323,172.283227,-9456.434915
900.224025,210.568389,191.425808,-9399.007173
900.224653,153.140646,133.998066,-9456.434915
900.225280,133.998066,191.425808,-9456.434915
900.225908,133.998066,172.283227,-9418.149754
900.226535,76.570323,172.283227,-9437.292334
900.227163,38.285162,114.855485,-9437.292334
900.227790,76.570323,114.855485,-9456.434915
900.228418,76.570323,114.855485,-9418.149754
900.229045,76.570323,133.998066,-9360.722011
900.229673,76.570323,210.568389,-9418.149754
900.230300,95.712904,114.855485,-9437.292334
900.230928,172.283227,114.855485,-9379.864592
900.231556,95.712904,95.712904,-9437.292334
900.232183,76.570323,172.283227,-9418.149754
900.232811,153.140646,133.998066,-9399.007173
900.233438,38.285162,114.855485,-9437.292334
900.234066,133.998066,114.855485,-9418.149754
900.234693,133.998066,210.568389,-9437.292334
900.235321,133.998066,153.140646,-9418.149754
900.235948,133.998066,172.283227,-9418.149754
900.236576,38.285162,114.855485,-9418.149754
900.237203,133.998066,114.855485,-9418.149754
900.237831,133.998066,114.855485,-9418.149754
900.238459,76.570323,172.283227,-9456.434915
900.239086,133.998066,153.140646,-9418.149754
900.239714,133.998066,133.998066,-9437.292334
900.240341,95.712904,133.998066,-9360.722011
900.240969,38.285162,172.283227,-9418.149754
900.241596,133.998066,114.855485,-9418.149754
900.242224,133.998066,153.140646,-9418.149754
900.242851,133.998066,172.283227,-9418.149754
900.243479,133.998066,114.855485,-9418.149754
900.244106,133.998066,172.283227,-9418.149754
900.244734,133.998066,153.140646,-9418.149754
900.245362,76.570323,153.140646,-9418.149754
900.245989,38.285162,114.855485,-9418.149754
900.246617,76.570323,172.283227,-9418.149754
900.247244,38.285162,114.855485,-9418.149754
900.247872,76.570323,210.568389,-9360.722011
900.248499,38.285162,114.855485,-9418.149754
900.249127,76.570323,172.283227,-9418.149754
900.249754,153.140646,191.425808,-9418.149754
900.250382,19.142581,191.425808,-9437.292334
900.251009,114.855485,172.283227,-9360.722011
900.251637,95.712904,191.425808,-9418.149754
900.252264,133.998066,172.283227,-9456.434915
900.252892,133.998066,172.283227,-9456.434915
900.253520,133.998066,153.140646,-9418.149754
900.254147,76.570323,153.140646,-9475.577496
900.254775,133.998066,133.998066,-9399.007173
900.255402,76.570323,114.855485,-9418.149754
900.256030,76.570323,114.855485,-9418.149754
900.256657,38.285162,153.140646,-9456.434915
900.257285,76.570323,114.855485,-9418.149754
900.257912,95.712904,153.140646,-9418.149754
900.258540,38.285162,153.140646,-9379.864592
900.259167,57.427742,95.712904,-9399.007173
900.259795,38.285162,114.855485,-9418.149754
900.260423,133.998066,114.855485,-9418.149754
900.261050,153.140646,153.140646,-9437.292334
900.261678,114.855485,95.712904,-9399.007173
900.262305,95.712904,114.855485,-9456.434915
900.262933,133.998066,210.568389,-9437.292334
900.263560,76.570323,114.855485,-9418.149754
900.264188,76.570323,114.855485,-9437.292334
900.264815,133.998066,153.140646,-9418.149754
900.265443,76.570323,114.855485,-9418.149754
900.266070,38.285162,114.855485,-9418.149754
900.266698,133.998066,210.568389,-9418.149754
900.267325,133.998066,133.998066,-9399.007173
900.267953,76.570323,114.855485,-9456.434915
900.268581,76.570323,114.855485,-9437.292334
900.269208,38.285162,229.710970,-9418.149754
900.269836,38.285162,114.855485,-9418.149754
900.270463,95.712904,114.855485,-9418.149754
900.271091,133.998066,114.855485,-9437.292334
900.271718,153.140646,133.998066,-9456.434915
900.272346,95.712904,95.712904,-9437.292334
900.272973,95.712904,114.855485,-9475.577496
900.273601,76.570323,153.140646,-9475.577496
900.274228,76.570323,114.855485,-9418.149754
900.274856,38.285162,172.283227,-9456.434915
900.275483,133.998066,114.855485,-9418.149754
900.276111,133.998066,114.855485,-9456.434915
900.276738,133.998066,210.568389,-9456.434915
900.277366,133.998066,114.855485,-9475.577496
900.277993,76.570323,210.568389,-9456.434915
900.278621,76.570323,114.855485,-9418.149754
900.279248,76.570323,114.855485,-9418.149754
900.279875,133.998066,172.283227,-9418.149754
900.280503,76.570323,114.855485,-9456.434915
900.281130,76.570323,114.855485,-9418.149754
900.281758,57.427742,172.283227,-9418.149754
900.282385,38.285162,210.568389,-9418.149754
900.283013,133.998066,153.140646,-9418.149754
900.283640,133.998066,114.855485,-9418.149754
900.284268,95.712904,95.712904,-9456.434915
900.284895,76.570323,229.710970,-9475.577496
900.285522,153.140646,191.425808,-9437.292334
900.286150,38.285162,114.855485,-9456.434915
900.286777,57.427742,114.855485,-9418.149754
900.287405,76.570323,114.855485,-9437.292334
900.288032,133.998066,133.998066,-9399.007173
900.288660,133.998066,114.855485,-9418.149754
900.289287,95.712904,153.140646,-9475.577496
900.289914,133.998066,114.855485,-9437.292334
900.290542,76.570323,114.855485,-9456.434915
900.291169,76.570323,114.855485,-9418.149754
900.291797,133.998066,114.855485,-9418.149754
900.292424,76.570323,114.855485,-9418.149754
900.293052,95.712904,95.712904,-9494.720077
900.293679,133.998066,114.855485,-9437.292334
900.294307,76.570323,210.568389,-9437.292334
900.294934,38.285162,172.283227,-9456.434915
900.295561,76.570323,210.568389,-9418.149754
900.296189,95.712904,114.855485,-9418.149754
900.296816,133.998066,114.855485,-9418.149754
900.297444,76.570323,114.855485,-9418.149754
900.298071,133.998066,153.140646,-9456.434915
900.298699,95.712904,114.855485,-9437.292334
900.299326,133.998066,172.283227,-9418.149754
900.299953,133.998066,153.140646,-9418.149754
900.300581,76.570323,153.140646,-9418.149754
900.301208,133.998066,172.283227,-9418.149754
900.301836,76.570323,153.140646,-9494.720077
900.302463,76.570323,172.283227,-9494.720077
900.303091,133.998066,153.140646,-9418.149754
900.303718,133.998066,114.855485,-9418.149754
900.304346,153.140646,172.283227,-9399.007173
900.304973,76.570323,114.855485,-9418.149754
900.305600,76.570323,172.283227,-9456.434915
900.306228,38.285162,172.283227,-9456.434915
900.306855,133.998066,114.855485,-9456.434915
900.307483,76.570323,191.425808,-9418.149754
900.308110,95.712904,153.140646,-9418.149754
900.308738,133.998066,114.855485,-9533.005238
900.309365,133.998066,153.140646,-9437.292334
900.309992,133.998066,210.568389,-9418.149754
900.310620,76.570323,114.855485,-9475.577496
900.311247,133.998066,133.998066,-9399.007173
900.311875,114.855485,114.855485,-9494.720077
900.312502,133.998066,114.855485,-9456.434915
900.313130,133.998066,114.855485,-9456.434915
900.313757,38.285162,114.855485,-9437.292334
900.314385,133.998066,114.855485,-9437.292334
900.315012,76.570323,114.855485,-9418.149754
900.315639,95.712904,114.855485,-9418.149754
900.316267,38.285162,114.855485,-9418.149754
900.316894,76.570323,210.568389,-9418.149754
900.317522,95.712904,172.283227,-9360.722011
900.318149,76.570323,114.855485,-9456.434915
900.318777,76.570323,172.283227,-9418.149754
900.319404,133.998066,191.425808,-9437.292334
900.320031,38.285162,114.855485,-9418.149754
900.320659,133.998066,172.283227,-9475.577496
900.321286,133.998066,114.855485,-9456.434915
900.321914,133.998066,114.855485,-9418.149754
900.322541,133.998066,114.855485,-9360.722011
900.323169,76.570323,114.855485,-9437.292334
900.323796,114.855485,95.712904,-9456.434915
900.324424,76.570323,172.283227,-9437.292334
900.325051,133.998066,172.283227,-9437.292334
900.325678,133.998066,172.283227,-9418.149754
900.326306,133.998066,114.855485,-9456.434915
900.326933,153.140646,172.283227,-9399.007173
900.327561,57.427742,133.998066,-9341.579430
900.328188,133.998066,133.998066,-9399.007173
900.328816,133.998066,114.855485,-9437.292334
900.329443,38.285162,172.283227,-9418.149754
900.330070,153.140646,191.425808,-9399.007173
900.330698,153.140646,172.283227,-9437.292334
900.331325,76.570323,114.855485,-9494.720077
900.331953,76.570323,172.283227,-9475.577496
900.332580,76.570323,114.855485,-9418.149754
900.333208,76.570323,153.140646,-9437.292334
900.333835,153.140646,114.855485,-9456.434915
900.334462,153.140646,133.998066,-9399.007173
900.335090,153.140646,153.140646,-9399.007173
900.335717,133.998066,114.855485,-9418.149754
900.336345,133.998066,114.855485,-9437.292334
900.336972,172.283227,76.570323,-9418.149754
900.337600,133.998066,133.998066,-9399.007173
900.338227,38.285162,153.140646,-9418.149754
900.338855,153.140646,133.998066,-9399.007173
900.339482,114.855485,95.712904,-9399.007173
900.340109,76.570323,210.568389,-9418.149754
900.340737,76.570323,172.283227,-9418.149754
900.341364,133.998066,133.998066,-9437.292334
900.341992,76.570323,114.855485,-9456.434915
900.342619,133.998066,172.283227,-9456.434915
900.343247,133.998066,114.855485,-9418.149754
900.343874,114.855485,114.855485,-9379.864592
900.344501,76.570323,172.283227,-9418.149754
900.345129,76.570323,191.425808,-9418.149754
900.345756,153.140646,133.998066,-9399.007173
900.346384,133.998066,191.425808,-9418.149754
900.347011,133.998066,229.710970,-9418.149754
900.347639,76.570323,210.568389,-9418.149754
900.348266,153.140646,153.140646,-9437.292334
900.348894,153.140646,210.568389,-9437.292334
900.349521,133.998066,191.425808,-9456.434915
900.350148,133.998066,114.855485,-9456.434915
900.350776,95.712904,95.712904,-9399.007173
900.351403,76.570323,114.855485,-9475.577496
900.352031,114.855485,114.855485,-9399.007173
900.352658,76.570323,114.855485,-9456.434915
900.353286,133.998066,153.140646,-9418.149754
900.353913,133.998066,114.855485,-9418.149754
900.354540,133.998066,114.855485,-9418.149754
900.355168,114.855485,95.712904,-9456.434915
900.355795,95.712904,114.855485,-9399.007173
900.356423,95.712904,95.712904,-9399.007173
900.357050,133.998066,114.855485,-9418.149754
900.357678,133.998066,114.855485,-9418.149754
900.358305,114.855485,76.570323,-9418.149754
900.358933,95.712904,172.283227,-9360.722011
900.359560,133.998066,114.855485,-9437.292334
900.360187,153.140646,210.568389,-9494.720077
900.360815,76.570323,172.283227,-9456.434915
900.361442,133.998066,172.283227,-9418.149754
900.362070,133.998066,191.425808,-9456.434915
900.362697,76.570323,153.140646,-9437.292334
900.363325,38.285162,114.855485,-9437.292334
900.363952,153.140646,133.998066,-9399.007173
900.364579,133.998066,114.855485,-9456.434915
900.365207,133.998066,114.855485,-9475.577496
900.365834,133.998066,114.855485,-9475.577496
900.366462,153.140646,133.998066,-9399.007173
900.367089,95.712904,95.712904,-9456.434915
900.367717,133.998066,114.855485,-9418.149754
900.368344,133.998066,114.855485,-9437.292334
900.368972,133.998066,172.283227,-9437.292334
900.369599,95.712904,114.855485,-9418.149754
900.370226,133.998066,114.855485,-9418.149754
900.370854,172.283227,133.998066,-9494.720077
900.371481,76.570323,210.568389,-9437.292334
900.372109,133.998066,172.283227,-9418.149754
900.372736,76.570323,114.855485,-9418.149754
900.373364,133.998066,172.283227,-9418.149754
900.373991,76.570323,153.140646,-9456.434915
900.374618,76.570323,114.855485,-9418.149754
900.375246,76.570323,114.855485,-9475.577496
900.375873,76.570323,210.568389,-9475.577496
900.376501,133.998066,114.855485,-9418.149754
900.377128,76.570323,114.855485,-9437.292334
900.377756,133.998066,114.855485,-9437.292334
900.378383,133.998066,114.855485,-9456.434915
900.379011,76.570323,172.283227,-9456.434915
900.379638,76.570323,172.283227,-9418.149754
900.380266,76.570323,114.855485,-9418.149754
900.380894,95.712904,133.998066,-9360.722011
900.381521,133.998066,114.855485,-9418.149754
900.382149,153.140646,133.998066,-9494.720077
900.382776,133.998066,172.283227,-9418.149754
900.383404,95.712904,210.568389,-9418.149754
900.384031,38.285162,114.855485,-9418.149754
900.384659,133.998066,153.140646,-9475.577496
900.385286,76.570323,172.283227,-9437.292334
900.385914,38.285162,114.855485,-9418.149754
900.386541,76.570323,114.855485,-9418.149754
900.387169,114.855485,95.712904,-9399.007173
900.387796,95.712904,76.570323,-9399.007173
900.388424,76.570323,172.283227,-9475.577496
900.389051,95.712904,114.855485,-9418.149754
900.389679,133.998066,114.855485,-9437.292334
900.390306,153.140646,133.998066,-9399.007173
900.390934,95.712904,210.568389,-9418.149754
900.391561,153.140646,172.283227,-9399.007173
900.392189,153.140646,153.140646,-9456.434915
900.392816,133.998066,114.855485,-9418.149754
900.393444,95.712904,114.855485,-9418.149754
900.394071,76.570323,172.283227,-9418.149754
900.394699,95.712904,133.998066,-9360.722011
900.395326,76.570323,114.855485,-9418.149754
900.395954,57.427742,133.998066,-9360.722011
900.396581,133.998066,114.855485,-9437.292334
900.397209,153.140646,133.998066,-9456.434915
900.397836,95.712904,114.855485,-9418.149754
900.398464,133.998066,172.283227,-9475.577496
900.399091,76.570323,114.855485,-9437.292334
900.399719,38.285162,172.283227,-9418.149754
900.400346,76.570323,95.712904,-9456.434915
900.400974,76.570323,114.855485,-9418.149754
900.401601,95.712904,95.712904,-9494.720077
900.402229,38.285162,153.140646,-9533.005238
900.402856,76.570323,114.855485,-9418.149754
900.403484,76.570323,114.855485,-9456.434915
900.404111,76.570323,114.855485,-9360.722011
900.404739,76.570323,114.855485,-9418.149754
900.405366,76.570323,153.140646,-9418.149754
900.405994,133.998066,114.855485,-9418.149754
900.406621,76.570323,153.140646,-9437.292334
900.407249,76.570323,114.855485,-9533.005238
900.407877,76.570323,153.140646,-9418.149754
900.408504,133.998066,153.140646,-9418.149754
900.409132,76.570323,133.998066,-9360.722011
900.409759,76.570323,114.855485,-9437.292334
900.410387,76.570323,114.855485,-9418.149754
900.411014,76.570323,114.855485,-9456.434915
900.411642,76.570323,114.855485,-9437.292334
900.412269,76.570323,114.855485,-9418.149754
900.412897,76.570323,153.140646,-9418.149754
900.413524,38.285162,153.140646,-9418.149754
900.414152,133.998066,114.855485,-9418.149754
900.414779,19.142581,114.855485,-9418.149754
900.415407,133.998066,114.855485,-9418.149754
900.416034,172.283227,95.712904,-9399.007173
900.416662,133.998066,114.855485,-9418.149754
900.417289,133.998066,114.855485,-9418.149754
900.417917,76.570323,114.855485,-9418.149754
900.418544,38.285162,114.855485,-9437.292334
900.419172,76.570323,114.855485,-9418.149754
900.419799,114.855485,172.283227,-9360.722011
900.420427,133.998066,114.855485,-9437.292334
900.421054,76.570323,114.855485,-9418.149754
900.421682,76.570323,114.855485,-9437.292334
900.422309,95.712904,114.855485,-9418.149754
900.422937,133.998066,133.998066,-9379.864592
900.423564,76.570323,172.283227,-9418.149754
900.424192,76.570323,114.855485,-9437.292334
900.424819,76.570323,114.855485,-9418.149754
900.425447,76.570323,172.283227,-9494.720077
900.426074,38.285162,153.140646,-9418.149754
900.426702,38.285162,229.710970,-9418.149754
900.427329,76.570323,114.855485,-9456.434915
900.427957,133.998066,153.140646,-9437.292334
900.428584,114.855485,133.998066,-9360.722011
900.429212,76.570323,172.283227,-9418.149754
900.429839,133.998066,191.425808,-9437.292334
900.430467,95.712904,210.568389,-9418.149754
900.431094,153.140646,153.140646,-9399.007173
900.431722,133.998066,114.855485,-9418.149754
900.432349,133.998066,210.568389,-9418.149754
900.432977,95.712904,114.855485,-9399.007173
900.433605,133.998066,153.140646,-9418.149754
900.434232,76.570323,153.140646,-9437.292334
900.434860,38.285162,153.140646,-9418.149754
900.435487,76.570323,114.855485,-9456.434915
900.436115,133.998066,172.283227,-9437.292334
900.436742,133.998066,114.855485,-9418.149754
900.437370,76.570323,114.855485,-9437.292334
900.437997,133.998066,133.998066,-9399.007173
900.438625,76.570323,153.140646,-9418.149754
900.439252,57.427742,172.283227,-9360.722011
900.439880,133.998066,114.855485,-9418.149754
900.440507,38.285162,114.855485,-9437.292334
900.441135,76.570323,210.568389,-9456.434915
900.441762,76.570323,210.568389,-9418.149754
900.442390,133.998066,153.140646,-9418.149754
900.443017,133.998066,153.140646,-9475.577496
900.443645,133.998066,172.283227,-9437.292334
900.444272,76.570323,114.855485,-9494.720077
900.444900,76.570323,114.855485,-9456.434915
900.445527,76.570323,191.425808,-9437.292334
900.446155,38.285162,210.568389,-9475.577496
900.446782,133.998066,153.140646,-9437.292334
900.447410,76.570323,114.855485,-9456.434915
900.448037,76.570323,153.140646,-9456.434915
900.448665,95.712904,153.140646,-9360.722011
900.449292,57.427742,95.712904,-9399.007173
900.449920,19.142581,210.568389,-9418.149754
900.450547,38.285162,153.140646,-9456.434915
900.451175,76.570323,153.140646,-9456.434915
900.451802,57.427742,191.425808,-9360.722011
900.452430,38.285162,114.855485,-9437.292334
900.453057,133.998066,114.855485,-9418.149754
900.453685,38.285162,114.855485,-9418.149754
900.454312,95.712904,95.712904,-9437.292334
900.454940,38.285162,114.855485,-9456.434915
900.455567,133.998066,191.425808,-9399.007173
900.456195,76.570323,114.855485,-9418.149754
900.456822,133.998066,114.855485,-9437.292334
900.457450,76.570323,114.855485,-9456.434915
900.458077,57.427742,133.998066,-9360.722011
900.458705,95.712904,114.855485,-9418.149754
900.459332,76.570323,153.140646,-9437.292334
900.459960,133.998066,114.855485,-9418.149754
900.460588,76.570323,114.855485,-9418.149754
900.461215,76.570323,114.855485,-9475.577496
900.461843,133.998066,133.998066,-9456.434915
900.462470,95.712904,114.855485,-9437.292334
900.463098,133.998066,114.855485,-9494.720077
900.463725,133.998066,172.283227,-9418.149754
900.464353,172.283227,172.283227,-9379.864592
900.464980,114.855485,114.855485,-9379.864592
900.465608,76.570323,172.283227,-9418.149754
900.466235,76.570323,153.140646,-9418.149754
900.466863,57.427742,172.283227,-9418.149754
900.467490,133.998066,153.140646,-9418.149754
900.468118,133.998066,114.855485,-9418.149754
900.468745,133.998066,172.283227,-9418.149754
900.469373,57.427742,133.998066,-9360.722011
900.470000,153.140646,133.998066,-9399.007173
900.470628,133.998066,153.140646,-9418.149754
900.471255,172.283227,76.570323,-9456.434915
900.471883,76.570323,114.855485,-9456.434915
900.472510,95.712904,133.998066,-9360.722011
900.473138,133.998066,114.855485,-9418.149754
900.473765,76.570323,172.283227,-9418.149754
900.474393,133.998066,172.283227,-9399.007173
900.475020,95.712904,114.855485,-9418.149754
900.475648,114.855485,95.712904,-9399.007173
900.476275,38.285162,191.425808,-9456.434915
900.476902,76.570323,229.710970,-9437.292334
900.477529,114.855485,191.425808,-9360.722011
900.478157,38.285162,114.855485,-9456.434915
900.478784,133.998066,114.855485,-9533.005238
900.479411,76.570323,114.855485,-9475.577496
900.480038,76.570323,172.283227,-9475.577496
900.480665,133.998066,114.855485,-9418.149754
900.481293,133.998066,172.283227,-9418.149754
900.481920,76.570323,210.568389,-9456.434915
900.482547,76.570323,114.855485,-9418.149754
900.483174,95.712904,114.855485,-9418.149754
900.483802,76.570323,114.855485,-9437.292334
900.484429,76.570323,114.855485,-9418.149754
900.485056,38.285162,114.855485,-9418.149754
900.485683,38.285162,114.855485,-9418.149754
900.486310,19.142581,172.283227,-9418.149754
900.486938,76.570323,114.855485,-9437.292334
900.487565,133.998066,114.855485,-9418.149754
900.488192,38.285162,95.712904,-9494.720077
900.488819,57.427742,95.712904,-9437.292334
900.489446,95.712904,114.855485,-9437.292334
900.490074,133.998066,114.855485,-9418.149754
900.490701,153.140646,153.140646,-9456.434915
900.491328,133.998066,172.283227,-9399.007173
900.491955,76.570323,114.855485,-9475.577496
900.492582,133.998066,229.710970,-9456.434915
900.493210,133.998066,210.568389,-9418.149754
900.493837,133.998066,114.855485,-9418.149754
900.494464,133.998066,172.283227,-9418.149754
900.495091,133.998066,153.140646,-9437.292334
900.495719,114.855485,133.998066,-9360.722011
900.496346,76.570323,172.283227,-9437.292334
900.496973,133.998066,210.568389,-9418.149754
900.497600,95.712904,172.283227,-9418.149754
900.498227,153.140646,248.853550,-9399.007173
900.498855,95.712904,114.855485,-9418.149754
900.499482,76.570323,114.855485,-9418.149754
900.500109,114.855485,95.712904,-9456.434915
900.500736,153.140646,153.140646,-9399.007173
900.501363,133.998066,172.283227,-9418.149754
900.501991,133.998066,114.855485,-9456.434915
900.502618,133.998066,133.998066,-9399.007173
900.503245,133.998066,114.855485,-9418.149754
900.503872,76.570323,114.855485,-9456.434915
900.504499,133.998066,133.998066,-9399.007173
900.505127,76.570323,172.283227,-9418.149754
900.505754,57.427742,153.140646,-9437.292334
900.506381,76.570323,114.855485,-9437.292334
900.507008,76.570323,153.140646,-9418.149754
900.507636,76.570323,114.855485,-9418.149754
900.508263,133.998066,153.140646,-9456.434915
900.508890,153.140646,133.998066,-9399.007173
900.509517,133.998066,153.140646,-9456.434915
900.510144,76.570323,114.855485,-9418.149754
900.510772,38.285162,114.855485,-9418.149754
900.511399,95.712904,172.283227,-9418.149754
900.512026,210.568389,153.140646,-9437.292334
900.512653,133.998066,114.855485,-9437.292334
900.513280,133.998066,114.855485,-9437.292334
900.513908,153.140646,133.998066,-9399.007173
900.514535,133.998066,133.998066,-9437.292334
900.515162,153.140646,172.283227,-9475.577496
900.515789,133.998066,114.855485,-9494.720077
900.516417,76.570323,114.855485,-9475.577496
900.517044,76.570323,210.568389,-9456.434915
900.517671,76.570323,114.855485,-9418.149754
900.518298,153.140646,114.855485,-9418.149754
900.518925,95.712904,114.855485,-9418.149754
900.519553,95.712904,210.568389,-9418.149754
900.520180,76.570323,172.283227,-9456.434915
900.520807,76.570323,153.140646,-9418.149754
900.521434,38.285162,114.855485,-9437.292334
900.522061,133.998066,114.855485,-9418.149754
900.522689,133.998066,133.998066,-9399.007173
900.523316,133.998066,210.568389,-9456.434915
900.523943,76.570323,172.283227,-9418.149754
900.524570,133.998066,133.998066,-9399.007173
900.525197,172.283227,76.570323,-9418.149754
900.525825,133.998066,133.998066,-9494.720077
900.526452,153.140646,133.998066,-9399.007173
900.527079,76.570323,153.140646,-9418.149754
900.527706,153.140646,191.425808,-9399.007173
900.528334,114.855485,153.140646,-9456.434915
900.528961,76.570323,172.283227,-9456.434915
900.529588,57.427742,95.712904,-9494.720077
900.530215,133.998066,153.140646,-9418.149754
900.530842,114.855485,153.140646,-9360.722011
900.531470,210.568389,153.140646,-9399.007173
900.532097,133.998066,133.998066,-9399.007173
900.532724,153.140646,153.140646,-9399.007173
900.533351,95.712904,114.855485,-9418.149754
900.533978,38.285162,114.855485,-9437.292334
900.534606,38.285162,153.140646,-9418.149754
900.535233,76.570323,210.568389,-9418.149754
900.535860,76.570323,114.855485,-9437.292334
900.536487,76.570323,114.855485,-9475.577496
900.537114,76.570323,114.855485,-9437.292334
900.537742,76.570323,172.283227,-9456.434915
900.538369,133.998066,133.998066,-9456.434915
900.538996,76.570323,114.855485,-9418.149754
900.539623,153.140646,172.283227,-9399.007173
900.540251,133.998066,114.855485,-9418.149754
900.540878,133.998066,153.140646,-9418.149754
900.541505,133.998066,114.855485,-9494.720077
900.542132,76.570323,153.140646,-9418.149754
900.542759,133.998066,172.283227,-9418.149754
900.543387,38.285162,114.855485,-9418.149754
900.544014,76.570323,153.140646,-9360.722011
900.544641,95.712904,114.855485,-9418.149754
900.545268,133.998066,153.140646,-9494.720077
900.545895,133.998066,114.855485,-9456.434915
900.546523,95.712904,95.712904,-9437.292334
900.547150,38.285162,114.855485,-9437.292334
900.547777,76.570323,95.712904,-9399.007173
900.548404,133.998066,114.855485,-9456.434915
900.549031,76.570323,172.283227,-9418.149754
900.549659,133.998066,114.855485,-9418.149754
900.550286,76.570323,114.855485,-9418.149754
900.550913,133.998066,172.283227,-9418.149754
900.551540,133.998066,114.855485,-9418.149754
900.552168,133.998066,172.283227,-9418.149754
900.552795,133.998066,153.140646,-9418.149754
900.553422,133.998066,133.998066,-9399.007173
900.554049,133.998066,153.140646,-9418.149754
900.554676,133.998066,114.855485,-9418.149754
900.555304,133.998066,210.568389,-9418.149754
900.555931,95.712904,153.140646,-9437.292334
900.556558,114.855485,153.140646,-9379.864592
900.557185,76.570323,114.855485,-9418.149754
900.557812,133.998066,114.855485,-9437.292334
900.558440,76.570323,114.855485,-9456.434915
900.559067,133.998066,114.855485,-9437.292334
900.559694,76.570323,114.855485,-9418.149754
900.560321,38.285162,114.855485,-9418.149754
900.560948,76.570323,172.283227,-9418.149754
900.561576,95.712904,114.855485,-9418.149754
900.562203,133.998066,172.283227,-9456.434915
900.562830,153.140646,172.283227,-9399.007173
900.563457,153.140646,191.425808,-9456.434915
900.564085,76.570323,153.140646,-9456.434915
900.564712,133.998066,153.140646,-9418.149754
900.565339,114.855485,95.712904,-9399.007173
900.565966,95.712904,133.998066,-9360.722011
900.566593,76.570323,172.283227,-9418.149754
900.567221,133.998066,153.140646,-9399.007173
900.567848,133.998066,210.568389,-9456.434915
900.568475,76.570323,210.568389,-9418.149754
900.569102,153.140646,133.998066,-9399.007173
900.569729,133.998066,133.998066,-9399.007173
900.570357,114.855485,153.140646,-9418.149754
900.570984,76.570323,172.283227,-9418.149754
900.571611,153.140646,172.283227,-9494.720077
900.572238,153.140646,153.140646,-9494.720077
900.572865,153.140646,172.283227,-9475.577496
900.573493,38.285162,114.855485,-9533.005238
900.574120,114.855485,95.712904,-9399.007173
900.574747,76.570323,114.855485,-9418.149754
900.575374,95.712904,153.140646,-9418.149754
900.576002,133.998066,114.855485,-9437.292334
900.576629,76.570323,114.855485,-9475.577496
900.577256,95.712904,95.712904,-9456.434915
900.577884,114.855485,95.712904,-9437.292334
900.578511,95.712904,172.283227,-9533.005238
900.579139,133.998066,210.568389,-9437.292334
900.579766,133.998066,153.140646,-9418.149754
900.580393,114.855485,95.712904,-9399.007173
900.581021,153.140646,133.998066,-9399.007173
900.581648,76.570323,114.855485,-9456.434915
900.582276,133.998066,191.425808,-9437.292334
900.582903,76.570323,114.855485,-9437.292334
900.583530,76.570323,114.855485,-9437.292334
900.584158,114.855485,133.998066,-9341.579430
900.584785,114.855485,76.570323,-9418.149754
900.585413,153.140646,191.425808,-9475.577496
900.586040,76.570323,114.855485,-9418.149754
900.586667,133.998066,210.568389,-9418.149754
900.587295,133.998066,114.855485,-9437.292334
900.587922,133.998066,114.855485,-9475.577496
900.588550,95.712904,172.283227,-9418.149754
900.589177,76.570323,153.140646,-9418.149754
900.589804,57.427742,153.140646,-9341.579430
900.590432,133.998066,172.283227,-9418.149754
900.591059,172.283227,114.855485,-9379.864592
900.591687,133.998066,114.855485,-9418.149754
900.592314,76.570323,114.855485,-9437.292334
900.592941,76.570323,153.140646,-9360.722011
900.593569,153.140646,172.283227,-9399.007173
900.594196,133.998066,153.140646,-9418.149754
900.594824,172.283227,248.853550,-9418.149754
900.595451,76.570323,114.855485,-9418.149754
900.596078,76.570323,172.283227,-9418.149754
900.596706,76.570323,172.283227,-9418.149754
900.597333,133.998066,133.998066,-9456.434915
900.597961,133.998066,153.140646,-9456.434915
900.598588,38.285162,153.140646,-9418.149754
900.599215,210.568389,133.998066,-9475.577496
900.599843,153.140646,133.998066,-9399.007173
900.600470,153.140646,76.570323,-9494.720077
900.601098,76.570323,114.855485,-9437.292334
900.601725,76.570323,210.568389,-9418.149754
900.602352,76.570323,172.283227,-9418.149754
900.602980,95.712904,95.712904,-9437.292334
900.603607,76.570323,114.855485,-9418.149754
900.604235,133.998066,114.855485,-9456.434915
900.604862,38.285162,172.283227,-9418.149754
900.605489,114.855485,153.140646,-9360.722011
900.606117,133.998066,114.855485,-9456.434915
900.606744,57.427742,114.855485,-9418.149754
900.607372,153.140646,114.855485,-9418.149754
900.607999,76.570323,172.283227,-9437.292334
900.608626,133.998066,153.140646,-9418.149754
900.609254,76.570323,114.855485,-9456.434915
900.609881,95.712904,133.998066,-9360.722011
900.610509,57.427742,153.140646,-9418.149754
900.611136,76.570323,114.855485,-9437.292334
900.611763,153.140646,133.998066,-9399.007173
900.612391,133.998066,114.855485,-9418.149754
900.613018,76.570323,172.283227,-9418.149754
900.613646,153.140646,114.855485,-9418.149754
900.614273,114.855485,153.140646,-9360.722011
900.614900,76.570323,114.855485,-9475.577496
900.615528,76.570323,114.855485,-9418.149754
900.616155,133.998066,172.283227,-9437.292334
900.616783,76.570323,114.855485,-9456.434915
900.617410,133.998066,114.855485,-9456.434915
900.618037,114.855485,114.855485,-9456.434915
900.618665,133.998066,172.283227,-9456.434915
900.619292,76.570323,114.855485,-9437.292334
900.619920,76.570323,114.855485,-9418.149754
900.620547,38.285162,114.855485,-9418.149754
900.621174,76.570323,114.855485,-9437.292334
900.621802,76.570323,114.855485,-9418.149754
900.622429,76.570323,153.140646,-9418.149754
900.623057,95.712904,133.998066,-9418.149754
900.623684,95.712904,114.855485,-9418.149754
900.624311,133.998066,114.855485,-9437.292334
900.624939,133.998066,153.140646,-9418.149754
900.625566,76.570323,191.425808,-9456.434915
900.626194,76.570323,172.283227,-9437.292334
900.626821,133.998066,114.855485,-9418.149754
900.627448,95.712904,153.140646,-9418.149754
900.628076,133.998066,114.855485,-9456.434915
900.628703,133.998066,153.140646,-9456.434915
900.629331,76.570323,114.855485,-9418.149754
900.629958,38.285162,114.855485,-9456.434915
900.630585,95.712904,114.855485,-9456.434915
900.631213,133.998066,210.568389,-9456.434915
900.631840,95.712904,114.855485,-9418.149754
900.632467,133.998066,229.710970,-9437.292334
900.633095,133.998066,114.855485,-9418.149754
900.633722,133.998066,114.855485,-9456.434915
900.634350,76.570323,172.283227,-9494.720077
900.634977,133.998066,172.283227,-9418.149754
900.635604,153.140646,133.998066,-9456.434915
900.636232,76.570323,114.855485,-9418.149754
900.636859,114.855485,133.998066,-9360.722011
900.637487,133.998066,153.140646,-9494.720077
900.638114,76.570323,114.855485,-9418.149754
900.638741,76.570323,114.855485,-9437.292334
900.639369,76.570323,114.855485,-9418.149754
900.639996,38.285162,114.855485,-9418.149754
900.640624,76.570323,172.283227,-9418.149754
900.641251,76.570323,172.283227,-9475.577496
900.641878,76.570323,153.140646,-9418.149754
900.642506,76.570323,114.855485,-9360.722011
900.643133,133.998066,172.283227,-9475.577496
900.643761,57.427742,95.712904,-9494.720077
900.644388,114.855485,76.570323,-9418.149754
900.645015,133.998066,210.568389,-9418.149754
900.645643,57.427742,172.283227,-9418.149754
900.646270,114.855485,172.283227,-9360.722011
900.646898,133.998066,114.855485,-9475.577496
900.647525,76.570323,172.283227,-9418.149754
900.648152,76.570323,114.855485,-9456.434915
900.648780,95.712904,95.712904,-9437.292334
900.649407,38.285162,114.855485,-9475.577496
900.650035,133.998066,114.855485,-9418.149754
900.650662,76.570323,114.855485,-9418.149754
900.651289,133.998066,172.283227,-9418.149754
900.651917,76.570323,210.568389,-9418.149754
900.652544,76.570323,153.140646,-9437.292334
900.653172,76.570323,172.283227,-9456.434915
900.653799,133.998066,153.140646,-9418.149754
900.654426,133.998066,114.855485,-9456.434915
900.655054,38.285162,229.710970,-9437.292334
900.655681,133.998066,114.855485,-9456.434915
900.656309,38.285162,172.283227,-9475.577496
900.656936,133.998066,114.855485,-9418.149754
900.657563,133.998066,114.855485,-9418.149754
900.658191,133.998066,114.855485,-9475.577496
900.658818,133.998066,114.855485,-9437.292334
900.659446,95.712904,95.712904,-9494.720077
900.660073,133.998066,114.855485,-9418.149754
900.660700,76.570323,172.283227,-9418.149754
900.661328,76.570323,114.855485,-9418.149754
900.661955,133.998066,114.855485,-9360.722011
900.662583,95.712904,114.855485,-9399.007173
900.663210,153.140646,133.998066,-9399.007173
900.663837,133.998066,153.140646,-9418.149754
900.664465,95.712904,95.712904,-9437.292334
900.665092,76.570323,114.855485,-9418.149754
900.665720,133.998066,133.998066,-9494.720077
900.666347,76.570323,114.855485,-9418.149754
900.666974,76.570323,153.140646,-9418.149754
900.667602,76.570323,114.855485,-9418.149754
900.668229,133.998066,114.855485,-9418.149754
900.668857,38.285162,210.568389,-9418.149754
900.669484,133.998066,114.855485,-9418.149754
900.670111,76.570323,172.283227,-9418.149754
900.670739,133.998066,153.140646,-9456.434915
900.671366,153.140646,133.998066,-9399.007173
900.671994,133.998066,114.855485,-9456.434915
900.672621,76.570323,172.283227,-9456.434915
900.673248,133.998066,210.568389,-9418.149754
900.673876,95.712904,114.855485,-9418.149754
900.674503,76.570323,172.283227,-9418.149754
900.675131,76.570323,153.140646,-9418.149754
900.675758,76.570323,114.855485,-9456.434915
900.676385,95.712904,114.855485,-9456.434915
900.677013,76.570323,114.855485,-9418.149754
900.677640,153.140646,172.283227,-9399.007173
900.678268,133.998066,114.855485,-9418.149754
900.678895,133.998066,76.570323,-9399.007173
900.679523,76.570323,229.710970,-9418.149754
900.680150,76.570323,191.425808,-9437.292334
900.680777,76.570323,114.855485,-9418.149754
900.681405,133.998066,114.855485,-9418.149754
900.682032,95.712904,172.283227,-9418.149754
900.682660,133.998066,229.710970,-9456.434915
900.683287,153.140646,191.425808,-9399.007173
900.683914,76.570323,210.568389,-9418.149754
900.684542,133.998066,191.425808,-9456.434915
900.685169,133.998066,114.855485,-9456.434915
900.685797,76.570323,153.140646,-9437.292334
900.686424,133.998066,114.855485,-9456.434915
900.687052,133.998066,114.855485,-9418.149754
900.687679,95.712904,95.712904,-9437.292334
900.688306,57.427742,114.855485,-9418.149754
900.688934,38.285162,114.855485,-9418.149754
900.689561,76.570323,114.855485,-9494.720077
900.690189,76.570323,114.855485,-9418.149754
900.690816,76.570323,114.855485,-9437.292334
900.691444,76.570323,114.855485,-9456.434915
900.692071,133.998066,114.855485,-9437.292334
900.692698,38.285162,114.855485,-9456.434915
900.693326,133.998066,114.855485,-9418.149754
900.693953,76.570323,114.855485,-9418.149754
900.694581,133.998066,114.855485,-9418.149754
900.695208,133.998066,76.570323,-9379.864592
900.695835,133.998066,210.568389,-9418.149754
900.696463,76.570323,210.568389,-9456.434915
900.697090,133.998066,210.568389,-9533.005238
900.697718,76.570323,229.710970,-9418.149754
900.698345,114.855485,229.710970,-9437.292334
900.698973,76.570323,114.855485,-9418.149754
900.699600,38.285162,114.855485,-9418.149754
900.700227,133.998066,114.855485,-9418.149754
900.700855,133.998066,172.283227,-9418.149754
900.701482,133.998066,153.140646,-9418.149754
900.702110,153.140646,172.283227,-9399.007173
900.702737,210.568389,172.283227,-9399.007173
900.703364,133.998066,172.283227,-9418.149754
900.703992,133.998066,153.140646,-9437.292334
900.704619,153.140646,133.998066,-9456.434915
900.705247,76.570323,114.855485,-9437.292334
900.705874,114.855485,95.712904,-9399.007173
900.706502,76.570323,172.283227,-9360.722011
900.707129,76.570323,114.855485,-9437.292334
900.707756,133.998066,153.140646,-9475.577496
900.708384,76.570323,153.140646,-9475.577496
900.709011,133.998066,114.855485,-9418.149754
900.709639,76.570323,172.283227,-9456.434915
900.710266,76.570323,191.425808,-9475.577496
900.710893,38.285162,114.855485,-9418.149754
900.711521,38.285162,153.140646,-9418.149754
900.712148,133.998066,114.855485,-9418.149754
900.712776,76.570323,210.568389,-9418.149754
900.713403,95.712904,95.712904,-9456.434915
900.714031,133.998066,172.283227,-9418.149754
900.714658,95.712904,172.283227,-9437.292334
900.715285,95.712904,172.283227,-9437.292334
900.715913,133.998066,114.855485,-9437.292334
900.716540,76.570323,172.283227,-9418.149754
900.717168,76.570323,114.855485,-9418.149754
900.717795,57.427742,114.855485,-9399.007173
900.718423,133.998066,95.712904,-9418.149754
900.719050,95.712904,153.140646,-9475.577496
900.719677,114.855485,76.570323,-9437.292334
900.720305,133.998066,114.855485,-9418.149754
900.720932,133.998066,133.998066,-9399.007173
900.721560,133.998066,114.855485,-9418.149754
900.722187,57.427742,133.998066,-9360.722011
900.722814,38.285162,114.855485,-9418.149754
900.723442,114.855485,114.855485,-9379.864592
900.724069,76.570323,153.140646,-9399.007173
900.724697,76.570323,114.855485,-9437.292334
900.725324,76.570323,114.855485,-9456.434915
900.725952,133.998066,229.710970,-9418.149754
900.726579,76.570323,172.283227,-9437.292334
900.727206,95.712904,114.855485,-9475.577496
900.727834,76.570323,114.855485,-9437.292334
900.728461,114.855485,172.283227,-9418.149754
900.729089,114.855485,114.855485,-9513.862658
900.729716,133.998066,153.140646,-9475.577496
900.730343,76.570323,114.855485,-9456.434915
900.730971,38.285162,210.568389,-9437.292334
900.731598,95.712904,153.140646,-9437.292334
900.732226,95.712904,172.283227,-9437.292334
900.732853,114.855485,95.712904,-9456.434915
900.733481,153.140646,133.998066,-9399.007173
900.734108,76.570323,114.855485,-9418.149754
900.734735,95.712904,114.855485,-9437.292334
900.735363,133.998066,153.140646,-9494.720077
900.735990,133.998066,114.855485,-9437.292334
900.736618,76.570323,133.998066,-9379.864592
900.737245,114.855485,133.998066,-9360.722011
900.737872,76.570323,114.855485,-9418.149754
900.738500,153.140646,172.283227,-9456.434915
900.739127,38.285162,153.140646,-9418.149754
900.739755,38.285162,114.855485,-9418.149754
900.740382,114.855485,133.998066,-9360.722011
900.741010,153.140646,133.998066,-9399.007173
900.741637,133.998066,153.140646,-9494.720077
900.742264,76.570323,114.855485,-9475.577496
900.742892,38.285162,114.855485,-9437.292334
900.743519,76.570323,172.283227,-9418.149754
900.744147,76.570323,153.140646,-9418.149754
900.744774,114.855485,95.712904,-9456.434915
900.745402,76.570323,153.140646,-9456.434915
900.746029,133.998066,114.855485,-9418.149754
900.746656,38.285162,210.568389,-9418.149754
900.747284,133.998066,114.855485,-9494.720077
900.747911,76.570323,114.855485,-9456.434915
900.748539,76.570323,114.855485,-9494.720077
900.749166,133.998066,114.855485,-9399.007173
900.749793,76.570323,114.855485,-9437.292334
900.750421,38.285162,153.140646,-9418.149754
900.751048,38.285162,172.283227,-9418.149754
900.751676,133.998066,114.855485,-9418.149754
900.752303,133.998066,114.855485,-9418.149754
900.752931,76.570323,114.855485,-9456.434915
900.753558,133.998066,114.855485,-9418.149754
900.754185,133.998066,153.140646,-9418.149754
900.754813,133.998066,114.855485,-9475.577496
900.755440,95.712904,114.855485,-9418.149754
900.756068,133.998066,172.283227,-9475.577496
900.756695,76.570323,153.140646,-9418.149754
900.757322,76.570323,229.710970,-9418.149754
900.757950,133.998066,172.283227,-9418.149754
900.758577,191.425808,114.855485,-9379.864592
900.759205,133.998066,172.283227,-9418.149754
900.759832,95.712904,114.855485,-9399.007173
900.760460,114.855485,133.998066,-9360.722011
900.761087,38.285162,172.283227,-9437.292334
900.761714,76.570323,210.568389,-9437.292334
900.762342,76.570323,114.855485,-9418.149754
900.762969,19.142581,172.283227,-9418.149754
900.763597,76.570323,210.568389,-9418.149754
900.764224,76.570323,153.140646,-9418.149754
900.764851,133.998066,153.140646,-9437.292334
900.765479,133.998066,210.568389,-9418.149754
900.766106,133.998066,114.855485,-9475.577496
900.766734,38.285162,172.283227,-9418.149754
900.767361,133.998066,172.283227,-9418.149754
900.767989,133.998066,172.283227,-9418.149754
900.768616,172.283227,114.855485,-9379.864592
900.769243,76.570323,114.855485,-9456.434915
900.769871,76.570323,114.855485,-9418.149754
900.770498,76.570323,153.140646,-9418.149754
900.771126,76.570323,229.710970,-9475.577496
900.771753,95.712904,114.855485,-9418.149754
900.772381,76.570323,172.283227,-9418.149754
900.773008,133.998066,114.855485,-9418.149754
900.773635,38.285162,133.998066,-9418.149754
900.774263,76.570323,114.855485,-9418.149754
900.774890,133.998066,191.425808,-9418.149754
900.775518,133.998066,114.855485,-9418.149754
900.776145,76.570323,114.855485,-9418.149754
900.776772,76.570323,114.855485,-9418.149754
900.777400,76.570323,114.855485,-9475.577496
900.778027,57.427742,95.712904,-9399.007173
900.778655,76.570323,114.855485,-9456.434915
900.779282,76.570323,172.283227,-9437.292334
900.779909,133.998066,114.855485,-9418.149754
900.780537,57.427742,95.712904,-9399.007173
900.781164,38.285162,114.855485,-9437.292334
900.781792,133.998066,114.855485,-9418.149754
900.782419,95.712904,172.283227,-9418.149754
900.783046,76.570323,172.283227,-9437.292334
900.783674,95.712904,172.283227,-9437.292334
900.784301,133.998066,248.853550,-9399.007173
900.784929,133.998066,114.855485,-9418.149754
900.785556,133.998066,172.283227,-9437.292334
900.786183,133.998066,133.998066,-9399.007173
900.786811,76.570323,153.140646,-9418.149754
900.787438,114.855485,133.998066,-9360.722011
900.788066,133.998066,114.855485,-9418.149754
900.788693,95.712904,153.140646,-9475.577496
900.789321,95.712904,153.140646,-9418.149754
900.789948,133.998066,172.283227,-9456.434915
900.790575,95.712904,210.568389,-9456.434915
900.791203,133.998066,172.283227,-9418.149754
900.791830,76.570323,172.283227,-9437.292334
900.792458,57.427742,133.998066,-9360.722011
900.793085,57.427742,153.140646,-9418.149754
900.793712,76.570323,114.855485,-9418.149754
900.794340,133.998066,114.855485,-9418.149754
900.794967,95.712904,95.712904,-9399.007173
900.795595,133.998066,114.855485,-9418.149754
900.796222,133.998066,114.855485,-9437.292334
900.796849,76.570323,153.140646,-9456.434915
900.797477,133.998066,114.855485,-9418.149754
900.798104,76.570323,191.425808,-9437.292334
900.798732,95.712904,114.855485,-9494.720077
900.799359,133.998066,191.425808,-9437.292334
900.799986,76.570323,114.855485,-9418.149754
900.800614,133.998066,153.140646,-9418.149754
900.801241,153.140646,133.998066,-9399.007173
900.801869,133.998066,172.283227,-9418.149754
900.802496,76.570323,114.855485,-9475.577496
900.803123,133.998066,153.140646,-9456.434915
900.803751,76.570323,114.855485,-9418.149754
900.804378,38.285162,114.855485,-9418.149754
900.805006,76.570323,114.855485,-9418.149754
900.805633,133.998066,153.140646,-9533.005238
900.806260,114.855485,95.712904,-9456.434915
900.806888,133.998066,153.140646,-9418.149754
900.807515,153.140646,172.283227,-9494.720077
900.808143,38.285162,114.855485,-9418.149754
900.808770,114.855485,114.855485,-9494.720077
900.809397,38.285162,114.855485,-9418.149754
900.810025,76.570323,114.855485,-9437.292334
900.810652,114.855485,95.712904,-9437.292334
900.811280,133.998066,153.140646,-9418.149754
900.811907,172.283227,172.283227,-9379.864592
900.812534,76.570323,153.140646,-9418.149754
900.813162,76.570323,114.855485,-9418.149754
900.813789,76.570323,114.855485,-9437.292334
900.814417,133.998066,114.855485,-9418.149754
900.815044,76.570323,114.855485,-9418.149754
900.815671,133.998066,114.855485,-9418.149754
900.816299,38.285162,114.855485,-9418.149754
900.816926,76.570323,114.855485,-9418.149754
900.817554,76.570323,114.855485,-9418.149754
900.818181,114.855485,172.283227,-9360.722011
900.818808,76.570323,114.855485,-9437.292334
900.819436,133.998066,114.855485,-9475.577496
900.820063,76.570323,153.140646,-9418.149754
900.820691,38.285162,114.855485,-9418.149754
900.821318,133.998066,114.855485,-9360.722011
900.821945,133.998066,114.855485,-9418.149754
900.822573,38.285162,172.283227,-9533.005238
900.823200,76.570323,114.855485,-9418.149754
900.823828,114.855485,95.712904,-9513.862658
900.824455,114.855485,76.570323,-9475.577496
900.825082,133.998066,133.998066,-9399.007173
900.825710,153.140646,114.855485,-9418.149754
900.826337,38.285162,114.855485,-9437.292334
900.826965,76.570323,114.855485,-9437.292334
900.827592,76.570323,114.855485,-9418.149754
900.828219,153.140646,95.712904,-9360.722011
900.828847,172.283227,172.283227,-9341.579430
900.829474,76.570323,172.283227,-9418.149754
900.830102,76.570323,210.568389,-9418.149754
900.830729,76.570323,210.568389,-9418.149754
900.831357,76.570323,114.855485,-9475.577496
900.831984,76.570323,172.283227,-9418.149754
900.832611,76.570323,172.283227,-9418.149754
900.833239,133.998066,172.283227,-9437.292334
900.833866,133.998066,114.855485,-9418.149754
900.834494,76.570323,114.855485,-9418.149754
900.835121,76.570323,114.855485,-9418.149754
900.835748,133.998066,114.855485,-9475.577496
900.836376,133.998066,172.283227,-9437.292334
900.837003,133.998066,114.855485,-9418.149754
900.837631,133.998066,153.140646,-9418.149754
900.838258,95.712904,95.712904,-9399.007173
900.838885,76.570323,114.855485,-9418.149754
900.839513,95.712904,95.712904,-9379.864592
900.840140,133.998066,114.855485,-9418.149754
900.840768,133.998066,114.855485,-9456.434915
900.841395,95.712904,172.283227,-9360.722011
900.842022,76.570323,153.140646,-9437.292334
900.842650,133.998066,114.855485,-9456.434915
900.843277,133.998066,153.140646,-9418.149754
900.843905,153.140646,133.998066,-9399.007173
900.844532,133.998066,133.998066,-9399.007173
900.845159,133.998066,114.855485,-9437.292334
900.845787,76.570323,114.855485,-9437.292334
900.846414,114.855485,95.712904,-9456.434915
900.847042,76.570323,114.855485,-9456.434915
900.847669,76.570323,153.140646,-9437.292334
900.848296,57.427742,114.855485,-9418.149754
900.848924,95.712904,95.712904,-9437.292334
900.849551,133.998066,172.283227,-9418.149754
900.850179,38.285162,114.855485,-9418.149754
900.850806,95.712904,95.712904,-9399.007173
900.851433,76.570323,172.283227,-9456.434915
900.852061,38.285162,153.140646,-9475.577496
900.852688,76.570323,172.283227,-9418.149754
900.853316,76.570323,153.140646,-9418.149754
900.853943,133.998066,153.140646,-9418.149754
900.854570,76.570323,114.855485,-9418.149754
900.855198,133.998066,114.855485,-9360.722011
900.855825,133.998066,133.998066,-9456.434915
900.856453,57.427742,95.712904,-9399.007173
900.857080,76.570323,133.998066,-9360.722011
900.857707,133.998066,114.855485,-9418.149754
900.858335,76.570323,114.855485,-9418.149754
900.858962,38.285162,114.855485,-9418.149754
900.859590,133.998066,172.283227,-9418.149754
900.860217,76.570323,114.855485,-9418.149754
900.860844,133.998066,172.283227,-9418.149754
900.861472,133.998066,153.140646,-9399.007173
900.862099,114.855485,133.998066,-9360.722011
900.862727,76.570323,114.855485,-9456.434915
900.863354,38.285162,172.283227,-9418.149754
900.863981,38.285162,172.283227,-9437.292334
900.864609,76.570323,114.855485,-9437.292334
900.865236,38.285162,210.568389,-9456.434915
900.865864,133.998066,114.855485,-9456.434915
900.866491,95.712904,172.283227,-9360.722011
900.867118,153.140646,133.998066,-9456.434915
900.867746,95.712904,95.712904,-9399.007173
900.868373,38.285162,172.283227,-9418.149754
900.869001,153.140646,172.283227,-9399.007173
900.869628,153.140646,191.425808,-9399.007173
900.870255,133.998066,114.855485,-9437.292334
900.870883,133.998066,153.140646,-9399.007173
900.871510,76.570323,153.140646,-9418.149754
900.872138,76.570323,153.140646,-9456.434915
900.872765,76.570323,153.140646,-9437.292334
900.873393,95.712904,114.855485,-9418.149754
900.874020,153.140646,191.425808,-9456.434915
900.874647,153.140646,133.998066,-9456.434915
900.875275,133.998066,153.140646,-9437.292334
900.875902,133.998066,114.855485,-9418.149754
900.876530,133.998066,172.283227,-9456.434915
900.877157,95.712904,95.712904,-9399.007173
900.877784,76.570323,210.568389,-9418.149754
900.878411,76.570323,153.140646,-9418.149754
900.879039,76.570323,153.140646,-9475.577496
900.879666,133.998066,133.998066,-9399.007173
900.880293,95.712904,172.283227,-9418.149754
900.880920,153.140646,153.140646,-9399.007173
900.881547,133.998066,114.855485,-9418.149754
900.882174,76.570323,95.712904,-9437.292334
900.882802,133.998066,114.855485,-9418.149754
900.883429,133.998066,153.140646,-9418.149754
900.884056,153.140646,133.998066,-9494.720077
900.884683,38.285162,114.855485,-9437.292334
900.885310,114.855485,95.712904,-9494.720077
900.885938,133.998066,133.998066,-9437.292334
900.886565,57.427742,57.427742,-9399.007173
900.887192,38.285162,172.283227,-9437.292334
900.887819,76.570323,114.855485,-9437.292334
900.888446,76.570323,114.855485,-9418.149754
900.889074,38.285162,114.855485,-9418.149754
900.889701,76.570323,133.998066,-9360.722011
900.890328,114.855485,95.712904,-9399.007173
900.890955,133.998066,114.855485,-9418.149754
900.891582,76.570323,114.855485,-9418.149754
900.892210,76.570323,210.568389,-9418.149754
900.892837,210.568389,95.712904,-9360.722011
900.893464,95.712904,95.712904,-9399.007173
900.894091,95.712904,114.855485,-9437.292334
900.894718,76.570323,114.855485,-9418.149754
900.895346,114.855485,133.998066,-9437.292334
900.895973,133.998066,153.140646,-9437.292334
900.896600,76.570323,191.425808,-9475.577496
900.897227,133.998066,114.855485,-9418.149754
900.897854,153.140646,133.998066,-9456.434915
900.898482,95.712904,95.712904,-9437.292334
900.899109,95.712904,95.712904,-9399.007173
900.899736,133.998066,153.140646,-9475.577496
900.900363,76.570323,114.855485,-9456.434915
900.900990,133.998066,114.855485,-9418.149754
900.901618,133.998066,153.140646,-9494.720077
900.902245,76.570323,114.855485,-9418.149754
900.902872,133.998066,114.855485,-9437.292334
900.903499,133.998066,114.855485,-9456.434915
900.904126,114.855485,95.712904,-9399.007173
900.904754,133.998066,114.855485,-9437.292334
900.905381,95.712904,95.712904,-9399.007173
900.906008,133.998066,114.855485,-9418.149754
900.906635,133.998066,133.998066,-9437.292334
900.907262,95.712904,172.283227,-9533.005238
900.907889,76.570323,114.855485,-9456.434915
900.908517,95.712904,133.998066,-9360.722011
900.909144,133.998066,114.855485,-9418.149754
900.909771,133.998066,172.283227,-9399.007173
900.910398,133.998066,172.283227,-9418.149754
900.911025,76.570323,172.283227,-9418.149754
900.911653,38.285162,114.855485,-9418.149754
900.912280,76.570323,114.855485,-9418.149754
900.912907,133.998066,114.855485,-9418.149754
900.913534,76.570323,114.855485,-9437.292334
900.914161,133.998066,153.140646,-9437.292334
900.914789,153.140646,133.998066,-9399.007173
900.915416,76.570323,172.283227,-9418.149754
900.916043,95.712904,153.140646,-9437.292334
900.916670,133.998066,114.855485,-9418.149754
900.917297,38.285162,114.855485,-9418.149754
900.917925,76.570323,172.283227,-9418.149754
900.918552,95.712904,114.855485,-9456.434915
900.919179,76.570323,114.855485,-9418.149754
900.919806,133.998066,153.140646,-9437.292334
900.920433,38.285162,114.855485,-9437.292334
900.921061,76.570323,114.855485,-9456.434915
900.921688,133.998066,210.568389,-9418.149754
900.922315,76.570323,114.855485,-9418.149754
900.922942,76.570323,210.568389,-9456.434915
900.923569,133.998066,114.855485,-9418.149754
900.924197,133.998066,153.140646,-9418.149754
900.924824,133.998066,114.855485,-9418.149754
900.925451,133.998066,153.140646,-9456.434915
900.926078,133.998066,114.855485,-9418.149754
900.926705,95.712904,133.998066,-9418.149754
900.927333,19.142581,114.855485,-9418.149754
900.927960,76.570323,114.855485,-9418.149754
900.928587,76.570323,76.570323,-9379.864592
900.929214,76.570323,114.855485,-9437.292334
900.929841,133.998066,172.283227,-9456.434915
900.930469,76.570323,95.712904,-9399.007173
900.931096,133.998066,114.855485,-9437.292334
900.931723,19.142581,210.568389,-9437.292334
900.932350,38.285162,114.855485,-9437.292334
900.932977,95.712904,114.855485,-9399.007173
900.933604,38.285162,114.855485,-9418.149754
900.934232,38.285162,114.855485,-9418.149754
900.934859,76.570323,172.283227,-9418.149754
900.935486,114.855485,191.425808,-9360.722011
900.936113,76.570323,114.855485,-9437.292334
900.936740,38.285162,153.140646,-9437.292334
900.937368,133.998066,133.998066,-9399.007173
900.937995,133.998066,153.140646,-9418.149754
900.938622,76.570323,172.283227,-9418.149754
900.939249,38.285162,114.855485,-9456.434915
900.939876,38.285162,114.855485,-9456.434915
900.940504,133.998066,114.855485,-9437.292334
900.941131,133.998066,133.998066,-9399.007173
900.941758,133.998066,114.855485,-9418.149754
900.942385,95.712904,133.998066,-9418.149754
900.943012,114.855485,95.712904,-9399.007173
900.943640,76.570323,172.283227,-9418.149754
900.944267,133.998066,114.855485,-9437.292334
900.944894,133.998066,114.855485,-9475.577496
900.945521,95.712904,153.140646,-9456.434915
900.946148,133.998066,114.855485,-9437.292334
900.946776,76.570323,114.855485,-9418.149754
900.947403,38.285162,114.855485,-9418.149754
900.948030,133.998066,114.855485,-9418.149754
900.948657,76.570323,114.855485,-9418.149754
900.949284,76.570323,172.283227,-9418.149754
900.949912,133.998066,114.855485,-9418.149754
900.950539,95.712904,114.855485,-9456.434915
900.951166,95.712904,95.712904,-9399.007173
900.951793,133.998066,114.855485,-9418.149754
900.952420,95.712904,133.998066,-9360.722011
900.953048,38.285162,172.283227,-9418.149754
900.953675,76.570323,153.140646,-9418.149754
900.954302,76.570323,172.283227,-9418.149754
900.954929,95.712904,153.140646,-9437.292334
900.955556,133.998066,114.855485,-9418.149754
900.956184,133.998066,114.855485,-9418.149754
900.956811,133.998066,153.140646,-9399.007173
900.957438,133.998066,114.855485,-9418.149754
900.958065,133.998066,153.140646,-9418.149754
900.958692,114.855485,114.855485,-9379.864592
900.959320,76.570323,172.283227,-9456.434915
900.959947,76.570323,153.140646,-9456.434915
900.960574,19.142581,153.140646,-9418.149754
900.961201,95.712904,95.712904,-9399.007173
900.961828,133.998066,114.855485,-9437.292334
900.962455,38.285162,114.855485,-9418.149754
900.963083,76.570323,172.283227,-9418.149754
900.963710,38.285162,153.140646,-9418.149754
900.964337,114.855485,133.998066,-9437.292334
900.964964,76.570323,114.855485,-9418.149754
900.965591,76.570323,248.853550,-9360.722011
900.966219,76.570323,210.568389,-9437.292334
900.966846,38.285162,172.283227,-9418.149754
900.967473,133.998066,210.568389,-9418.149754
900.968100,133.998066,210.568389,-9418.149754
900.968727,76.570323,114.855485,-9418.149754
900.969355,133.998066,114.855485,-9418.149754
900.969982,114.855485,153.140646,-9360.722011
900.970609,114.855485,153.140646,-9360.722011
900.971236,133.998066,114.855485,-9418.149754
900.971863,153.140646,191.425808,-9456.434915
900.972491,133.998066,172.283227,-9418.149754
900.973118,95.712904,114.855485,-9437.292334
900.973745,153.140646,153.140646,-9437.292334
900.974372,76.570323,153.140646,-9418.149754
900.974999,95.712904,114.855485,-9418.149754
900.975627,76.570323,153.140646,-9418.149754
900.976254,76.570323,172.283227,-9418.149754
900.976881,38.285162,153.140646,-9494.720077
900.977508,133.998066,172.283227,-9533.005238
900.978135,114.855485,95.712904,-9494.720077
900.978763,95.712904,172.283227,-9418.149754
900.979390,114.855485,114.855485,-9399.007173
900.980017,114.855485,95.712904,-9399.007173
900.980645,133.998066,229.710970,-9437.292334
900.981272,76.570323,210.568389,-9418.149754
900.981899,38.285162,114.855485,-9437.292334
900.982526,133.998066,153.140646,-9456.434915
900.983154,133.998066,114.855485,-9418.149754
900.983781,133.998066,114.855485,-9418.149754
900.984408,38.285162,114.855485,-9418.149754
900.985035,133.998066,210.568389,-9418.149754
900.985663,38.285162,114.855485,-9456.434915
900.986290,76.570323,114.855485,-9437.292334
900.986917,133.998066,114.855485,-9456.434915
900.987545,76.570323,114.855485,-9418.149754
900.988172,38.285162,191.425808,-9418.149754
900.988799,38.285162,210.568389,-9418.149754
900.989426,133.998066,153.140646,-9418.149754
900.990054,133.998066,114.855485,-9418.149754
900.990681,76.570323,114.855485,-9437.292334
900.991308,76.570323,114.855485,-9456.434915
900.991935,76.570323,172.283227,-9418.149754
900.992563,95.712904,114.855485,-9418.149754
900.993190,95.712904,153.140646,-9418.149754
900.993817,133.998066,210.568389,-9418.149754
900.994445,133.998066,114.855485,-9418.149754
900.995072,76.570323,114.855485,-9418.149754
900.995699,114.855485,153.140646,-9360.722011
900.996326,133.998066,210.568389,-9418.149754
900.996954,95.712904,172.283227,-9418.149754
900.997581,133.998066,114.855485,-9456.434915
900.998208,76.570323,114.855485,-9418.149754
900.998835,76.570323,114.855485,-9418.149754
900.999463,133.998066,114.855485,-9418.149754
901.000090,153.140646,114.855485,-9418.149754
901.000717,133.998066,114.855485,-9418.149754
901.001344,133.998066,210.568389,-9418.149754
901.001972,114.855485,114.855485,-9399.007173
901.002599,38.285162,172.283227,-9418.149754
901.003226,76.570323,114.855485,-9437.292334
901.003854,76.570323,172.283227,-9456.434915
901.004481,133.998066,114.855485,-9437.292334
901.005108,114.855485,95.712904,-9399.007173
901.005735,153.140646,153.140646,-9494.720077
901.006363,133.998066,172.283227,-9418.149754
901.006990,133.998066,114.855485,-9418.149754
901.007617,76.570323,172.283227,-9418.149754
901.008244,133.998066,133.998066,-9437.292334
901.008872,153.140646,133.998066,-9437.292334
901.009499,133.998066,191.425808,-9418.149754
901.010126,95.712904,172.283227,-9437.292334
901.010754,57.427742,133.998066,-9360.722011
901.011381,38.285162,172.283227,-9418.149754
901.012008,95.712904,153.140646,-9437.292334
901.012635,114.855485,76.570323,-9437.292334
901.013263,76.570323,114.855485,-9475.577496
901.013890,76.570323,114.855485,-9437.292334
901.014517,38.285162,172.283227,-9418.149754
901.015144,133.998066,153.140646,-9437.292334
901.015772,133.998066,153.140646,-9399.007173
901.016399,133.998066,153.140646,-9437.292334
901.017026,153.140646,133.998066,-9399.007173
901.017654,38.285162,114.855485,-9418.149754
901.018281,95.712904,153.140646,-9360.722011
901.018908,38.285162,114.855485,-9418.149754
901.019535,153.140646,114.855485,-9360.722011
901.020163,57.427742,133.998066,-9360.722011
901.020790,133.998066,172.283227,-9437.292334
901.021417,133.998066,153.140646,-9437.292334
901.022044,95.712904,114.855485,-9456.434915
901.022672,133.998066,153.140646,-9418.149754
901.023299,133.998066,210.568389,-9437.292334
901.023926,153.140646,248.853550,-9399.007173
901.024554,133.998066,114.855485,-9418.149754
901.025181,133.998066,133.998066,-9399.007173
901.025808,133.998066,153.140646,-9418.149754
901.026435,76.570323,133.998066,-9360.722011
901.027063,114.855485,133.998066,-9418.149754
901.027690,133.998066,172.283227,-9418.149754
901.028317,133.998066,172.283227,-9418.149754
901.028944,153.140646,210.568389,-9418.149754
901.029572,76.570323,114.855485,-9418.149754
901.030199,153.140646,172.283227,-9399.007173
901.030826,76.570323,114.855485,-9475.577496
901.031454,133.998066,210.568389,-9418.149754
901.032081,76.570323,210.568389,-9418.149754
901.032708,114.855485,133.998066,-9360.722011
901.033335,76.570323,172.283227,-9418.149754
901.033963,38.285162,172.283227,-9418.149754
901.034590,57.427742,172.283227,-9360.722011
901.035217,76.570323,114.855485,-9418.149754
901.035844,76.570323,114.855485,-9437.292334
901.036472,38.285162,114.855485,-9418.149754
901.037099,76.570323,114.855485,-9418.149754
901.037726,76.570323,114.855485,-9456.434915
901.038354,114.855485,114.855485,-9399.007173
901.038981,133.998066,153.140646,-9437.292334
901.039608,19.142581,114.855485,-9475.577496
901.040235,38.285162,114.855485,-9418.149754
901.040863,76.570323,114.855485,-9437.292334
901.041490,76.570323,114.855485,-9418.149754
901.042117,95.712904,114.855485,-9418.149754
901.042744,76.570323,172.283227,-9418.149754
901.043372,95.712904,210.568389,-9418.149754
901.043999,133.998066,114.855485,-9437.292334
901.044626,38.285162,153.140646,-9437.292334
901.045254,76.570323,229.710970,-9418.149754
901.045881,38.285162,114.855485,-9437.292334
901.046508,133.998066,153.140646,-9494.720077
901.047135,133.998066,153.140646,-9418.149754
901.047763,95.712904,114.855485,-9437.292334
901.048390,76.570323,172.283227,-9494.720077
901.049017,76.570323,114.855485,-9475.577496
901.049644,76.570323,153.140646,-9418.149754
901.050272,76.570323,172.283227,-9418.149754
901.050899,133.998066,114.855485,-9418.149754
901.051526,95.712904,172.283227,-9418.149754
901.052153,76.570323,172.283227,-9437.292334
901.052781,76.570323,114.855485,-9418.149754
901.053408,133.998066,114.855485,-9456.434915
901.054035,76.570323,114.855485,-9437.292334
901.054663,76.570323,191.425808,-9399.007173
901.055290,133.998066,210.568389,-9456.434915
901.055917,153.140646,210.568389,-9456.434915
901.056544,76.570323,172.283227,-9418.149754
901.057172,57.427742,287.138712,-9456.434915
901.057799,133.998066,172.283227,-9456.434915
901.058426,133.998066,210.568389,-9475.577496
901.059053,57.427742,95.712904,-9494.720077
901.059681,133.998066,153.140646,-9399.007173
901.060308,133.998066,210.568389,-9418.149754
901.060935,133.998066,114.855485,-9456.434915
901.061563,133.998066,114.855485,-9418.149754
901.062190,133.998066,153.140646,-9418.149754
901.062817,133.998066,133.998066,-9456.434915
901.063444,95.712904,153.140646,-9475.577496
901.064072,133.998066,172.283227,-9494.720077
901.064699,114.855485,95.712904,-9399.007173
901.065326,76.570323,114.855485,-9418.149754
901.065953,133.998066,114.855485,-9456.434915
901.066581,133.998066,172.283227,-9418.149754
901.067208,38.285162,114.855485,-9418.149754
901.067835,95.712904,95.712904,-9399.007173
901.068463,133.998066,114.855485,-9418.149754
901.069090,153.140646,133.998066,-9399.007173
901.069717,76.570323,114.855485,-9418.149754
901.070344,153.140646,153.140646,-9475.577496
901.070972,95.712904,153.140646,-9475.577496
901.071599,38.285162,114.855485,-9418.149754
901.072226,153.140646,172.283227,-9437.292334
901.072853,76.570323,114.855485,-9418.149754
901.073481,114.855485,95.712904,-9399.007173
901.074108,191.425808,172.283227,-9379.864592
901.074735,153.140646,114.855485,-9437.292334
901.075363,133.998066,114.855485,-9437.292334
901.075990,133.998066,114.855485,-9437.292334
901.076617,38.285162,172.283227,-9437.292334
901.077244,76.570323,114.855485,-9418.149754
901.077872,153.140646,133.998066,-9437.292334
901.078499,38.285162,172.283227,-9437.292334
901.079127,95.712904,210.568389,-9418.149754
901.079754,133.998066,153.140646,-9437.292334
901.080382,133.998066,114.855485,-9418.149754
901.081009,133.998066,114.855485,-9494.720077
901.081637,133.998066,153.140646,-9418.149754
901.082264,76.570323,114.855485,-9418.149754
901.082892,38.285162,114.855485,-9418.149754
901.083519,76.570323,172.283227,-9456.434915
901.084147,76.570323,191.425808,-9418.149754
901.084774,76.570323,114.855485,-9437.292334
901.085402,95.712904,133.998066,-9418.149754
901.086029,153.140646,133.998066,-9399.007173
901.086657,95.712904,114.855485,-9418.149754
901.087284,95.712904,114.855485,-9418.149754
901.087912,95.712904,114.855485,-9418.149754
901.088539,38.285162,172.283227,-9418.149754
901.089167,133.998066,210.568389,-9418.149754
901.089794,76.570323,210.568389,-9418.149754
901.090422,133.998066,172.283227,-9494.720077
901.091049,153.140646,133.998066,-9399.007173
901.091676,76.570323,114.855485,-9418.149754
901.092304,133.998066,114.855485,-9418.149754
901.092931,57.427742,95.712904,-9399.007173
901.093559,38.285162,114.855485,-9418.149754
901.094186,76.570323,172.283227,-9456.434915
901.094814,38.285162,114.855485,-9437.292334
901.095441,76.570323,114.855485,-9418.149754
901.096069,95.712904,172.283227,-9456.434915
901.096696,133.998066,114.855485,-9437.292334
901.097324,114.855485,95.712904,-9399.007173
901.097951,133.998066,114.855485,-9437.292334
901.098579,133.998066,133.998066,-9399.007173
901.099206,133.998066,172.283227,-9418.149754
901.099834,76.570323,114.855485,-9437.292334
901.100461,38.285162,114.855485,-9456.434915
901.101089,133.998066,114.855485,-9418.149754
901.101716,57.427742,191.425808,-9418.149754
901.102344,76.570323,114.855485,-9418.149754
901.102971,76.570323,153.140646,-9456.434915
901.103599,95.712904,210.568389,-9418.149754
901.104226,133.998066,114.855485,-9437.292334
901.104854,76.570323,114.855485,-9437.292334
901.105481,95.712904,114.855485,-9399.007173
901.106109,95.712904,210.568389,-9437.292334
901.106736,133.998066,172.283227,-9456.434915
901.107364,133.998066,172.283227,-9437.292334
901.107991,76.570323,114.855485,-9418.149754
901.108619,133.998066,114.855485,-9418.149754
901.109246,153.140646,153.140646,-9437.292334
901.109874,76.570323,172.283227,-9418.149754
901.110501,76.570323,153.140646,-9418.149754
901.111129,76.570323,210.568389,-9418.149754
901.111756,76.570323,210.568389,-9437.292334
901.112384,133.998066,114.855485,-9456.434915
901.113011,76.570323,76.570323,-9379.864592
901.113639,95.712904,133.998066,-9379.864592
901.114266,133.998066,153.140646,-9418.149754
901.114894,133.998066,172.283227,-9418.149754
901.115521,133.998066,210.568389,-9418.149754
901.116149,95.712904,133.998066,-9360.722011
901.116776,133.998066,153.140646,-9456.434915
901.117404,76.570323,114.855485,-9418.149754
901.118031,153.140646,153.140646,-9437.292334
901.118659,76.570323,172.283227,-9418.149754
901.119286,133.998066,153.140646,-9418.149754
901.119914,133.998066,114.855485,-9437.292334
901.120541,38.285162,210.568389,-9418.149754
901.121169,133.998066,172.283227,-9475.577496
901.121796,38.285162,114.855485,-9437.292334
901.122424,76.570323,114.855485,-9418.149754
901.123051,76.570323,114.855485,-9456.434915
901.123679,153.140646,172.283227,-9437.292334
901.124306,76.570323,172.283227,-9418.149754
901.124934,76.570323,172.283227,-9418.149754
901.125561,133.998066,153.140646,-9399.007173
901.126189,133.998066,210.568389,-9437.292334
901.126816,133.998066,114.855485,-9418.149754
901.127444,133.998066,114.855485,-9418.149754
901.128071,76.570323,210.568389,-9418.149754
901.128699,38.285162,172.283227,-9418.149754
901.129326,133.998066,153.140646,-9418.149754
901.129954,76.570323,114.855485,-9437.292334
901.130581,76.570323,114.855485,-9418.149754
901.131209,133.998066,114.855485,-9494.720077
901.131836,133.998066,114.855485,-9437.292334
901.132464,76.570323,210.568389,-9437.292334
901.133091,133.998066,172.283227,-9475.577496
901.133719,38.285162,229.710970,-9418.149754
901.134346,95.712904,153.140646,-9360.722011
901.134974,76.570323,95.712904,-9399.007173
901.135601,133.998066,153.140646,-9418.149754
901.136228,76.570323,229.710970,-9418.149754
901.136856,38.285162,210.568389,-9418.149754
901.137483,95.712904,133.998066,-9418.149754
901.138111,153.140646,133.998066,-9399.007173
901.138738,76.570323,114.855485,-9418.149754
901.139366,76.570323,153.140646,-9418.149754
901.139993,76.570323,153.140646,-9437.292334
901.140621,133.998066,172.283227,-9475.577496
901.141248,133.998066,191.425808,-9399.007173
901.141876,95.712904,172.283227,-9494.720077
901.142503,133.998066,114.855485,-9418.149754
901.143131,76.570323,153.140646,-9456.434915
901.143758,153.140646,172.283227,-9437.292334
901.144386,153.140646,133.998066,-9399.007173
901.145013,114.855485,95.712904,-9399.007173
901.145641,133.998066,133.998066,-9399.007173
901.146268,76.570323,114.855485,-9418.149754
901.146896,76.570323,114.855485,-9418.149754
901.147523,76.570323,172.283227,-9418.149754
901.148151,76.570323,172.283227,-9418.149754
901.148778,133.998066,172.283227,-9475.577496
901.149406,76.570323,114.855485,-9437.292334
901.150033,95.712904,133.998066,-9360.722011
901.150661,114.855485,133.998066,-9360.722011
901.151288,133.998066,114.855485,-9418.149754
901.151916,153.140646,210.568389,-9533.005238
901.152543,76.570323,114.855485,-9475.577496
901.153171,133.998066,153.140646,-9437.292334
901.153798,38.285162,114.855485,-9418.149754
901.154426,153.140646,210.568389,-9418.149754
901.155053,133.998066,114.855485,-9418.149754
901.155681,133.998066,153.140646,-9418.149754
901.156308,114.855485,95.712904,-9399.007173
901.156936,38.285162,114.855485,-9418.149754
901.157563,76.570323,172.283227,-9418.149754
901.158191,133.998066,172.283227,-9418.149754
901.158818,133.998066,114.855485,-9418.149754
901.159446,0.000000,133.998066,-9360.722011
901.160073,38.285162,114.855485,-9437.292334
901.160701,95.712904,210.568389,-9456.434915
901.161328,153.140646,133.998066,-9494.720077
901.161956,76.570323,153.140646,-9456.434915
901.162583,76.570323,114.855485,-9494.720077
901.163211,133.998066,153.140646,-9533.005238
901.163838,38.285162,210.568389,-9475.577496
901.164466,76.570323,210.568389,-9418.149754
901.165093,133.998066,114.855485,-9418.149754
901.165721,133.998066,210.568389,-9418.149754
901.166348,95.712904,95.712904,-9456.434915
901.166976,76.570323,114.855485,-9418.149754
901.167603,133.998066,114.855485,-9418.149754
901.168231,133.998066,114.855485,-9418.149754
901.168858,76.570323,114.855485,-9418.149754
901.169486,76.570323,114.855485,-9437.292334
901.170113,38.285162,210.568389,-9456.434915
901.170741,133.998066,114.855485,-9456.434915
901.171368,0.000000,133.998066,-9360.722011
901.171996,76.570323,114.855485,-9494.720077
901.172623,133.998066,114.855485,-9456.434915
901.173251,114.855485,95.712904,-9437.292334
901.173878,95.712904,95.712904,-9399.007173
901.174506,133.998066,114.855485,-9437.292334
901.175133,153.140646,133.998066,-9399.007173
901.175761,153.140646,133.998066,-9456.434915
901.176388,153.140646,133.998066,-9494.720077
901.177016,133.998066,114.855485,-9418.149754
901.177643,133.998066,114.855485,-9418.149754
901.178271,76.570323,114.855485,-9418.149754
901.178898,38.285162,114.855485,-9418.149754
901.179525,114.855485,172.283227,-9379.864592
901.180153,38.285162,114.855485,-9437.292334
901.180780,38.285162,114.855485,-9418.149754
901.181407,57.427742,114.855485,-9494.720077
901.182035,133.998066,191.425808,-9418.149754
901.182662,76.570323,114.855485,-9418.149754
901.183290,153.140646,133.998066,-9437.292334
901.183917,133.998066,153.140646,-9533.005238
901.184544,133.998066,114.855485,-9418.149754
901.185172,172.283227,76.570323,-9456.434915
901.185799,76.570323,114.855485,-9437.292334
901.186426,38.285162,210.568389,-9456.434915
901.187054,76.570323,172.283227,-9437.292334
901.187681,76.570323,114.855485,-9418.149754
901.188309,76.570323,172.283227,-9418.149754
901.188936,57.427742,114.855485,-9475.577496
901.189563,133.998066,172.283227,-9437.292334
901.190191,133.998066,172.283227,-9418.149754
901.190818,133.998066,114.855485,-9475.577496
901.191446,38.285162,114.855485,-9437.292334
901.192073,38.285162,114.855485,-9456.434915
901.192700,76.570323,114.855485,-9418.149754
901.193328,95.712904,95.712904,-9399.007173
901.193955,133.998066,114.855485,-9418.149754
901.194582,38.285162,172.283227,-9475.577496
901.195210,57.427742,172.283227,-9418.149754
901.195837,38.285162,153.140646,-9437.292334
901.196465,76.570323,210.568389,-9418.149754
901.197092,95.712904,172.283227,-9360.722011
901.197719,95.712904,114.855485,-9418.149754
901.198347,38.285162,114.855485,-9418.149754
901.198974,133.998066,172.283227,-9437.292334
901.199602,133.998066,114.855485,-9418.149754
901.200229,114.855485,38.285162,-9437.292334
901.200856,114.855485,95.712904,-9456.434915
901.201484,114.855485,95.712904,-9494.720077
901.202111,133.998066,114.855485,-9418.149754
901.202738,133.998066,133.998066,-9399.007173
901.203366,95.712904,172.283227,-9418.149754
901.203993,133.998066,114.855485,-9418.149754
901.204621,76.570323,114.855485,-9360.722011
901.205248,38.285162,114.855485,-9456.434915
901.205875,76.570323,229.710970,-9418.149754
901.206503,57.427742,133.998066,-9360.722011
901.207130,76.570323,172.283227,-9475.577496
901.207758,76.570323,172.283227,-9418.149754
901.208385,76.570323,114.855485,-9418.149754
901.209012,57.427742,95.712904,-9456.434915
901.209640,133.998066,114.855485,-9437.292334
901.210267,95.712904,114.855485,-9418.149754
901.210894,114.855485,172.283227,-9418.149754
901.211522,133.998066,172.283227,-9418.149754
901.212149,76.570323,172.283227,-9418.149754
901.212777,133.998066,172.283227,-9418.149754
901.213404,114.855485,172.283227,-9379.864592
901.214031,114.855485,229.710970,-9399.007173
901.214659,133.998066,153.140646,-9418.149754
901.215286,133.998066,153.140646,-9437.292334
901.215913,76.570323,172.283227,-9475.577496
901.216541,38.285162,153.140646,-9456.434915
901.217168,95.712904,229.710970,-9418.149754
901.217796,133.998066,114.855485,-9418.149754
901.218423,114.855485,95.712904,-9399.007173
901.219050,76.570323,172.283227,-9475.577496
901.219678,76.570323,114.855485,-9456.434915
901.220305,114.855485,95.712904,-9399.007173
901.220933,114.855485,133.998066,-9360.722011
901.221560,153.140646,153.140646,-9399.007173
901.222187,153.140646,153.140646,-9494.720077
901.222815,76.570323,153.140646,-9418.149754
901.223442,76.570323,114.855485,-9437.292334
901.224069,133.998066,133.998066,-9456.434915
901.224697,114.855485,95.712904,-9456.434915
901.225324,95.712904,114.855485,-9418.149754
901.225952,76.570323,76.570323,-9379.864592
901.226579,95.712904,133.998066,-9360.722011
901.227206,133.998066,172.283227,-9418.149754
901.227834,133.998066,114.855485,-9456.434915
901.228461,76.570323,114.855485,-9418.149754
901.229089,133.998066,114.855485,-9418.149754
901.229716,95.712904,114.855485,-9437.292334
901.230343,38.285162,114.855485,-9437.292334
901.230971,114.855485,172.283227,-9360.722011
901.231598,76.570323,114.855485,-9494.720077
901.232225,76.570323,172.283227,-9437.292334
901.232853,133.998066,153.140646,-9399.007173
901.233480,76.570323,114.855485,-9418.149754
901.234108,95.712904,114.855485,-9437.292334
901.234735,57.427742,153.140646,-9360.722011
901.235362,133.998066,114.855485,-9437.292334
901.235990,114.855485,210.568389,-9418.149754
901.236617,153.140646,191.425808,-9399.007173
901.237244,76.570323,114.855485,-9360.722011
901.237872,133.998066,114.855485,-9418.149754
901.238499,76.570323,114.855485,-9418.149754
901.239127,76.570323,114.855485,-9418.149754
901.239754,133.998066,114.855485,-9437.292334
901.240381,38.285162,114.855485,-9418.149754
901.241009,133.998066,114.855485,-9418.149754
901.241636,38.285162,114.855485,-9437.292334
901.242264,133.998066,153.140646,-9456.434915
901.242891,95.712904,114.855485,-9475.577496
901.243518,76.570323,153.140646,-9418.149754
901.244146,133.998066,210.568389,-9418.149754
901.244773,133.998066,153.140646,-9418.149754
901.245400,76.570323,172.283227,-9418.149754
901.246028,133.998066,153.140646,-9418.149754
901.246655,153.140646,114.855485,-9418.149754
901.247283,133.998066,114.855485,-9418.149754
901.247910,133.998066,153.140646,-9456.434915
901.248537,76.570323,114.855485,-9437.292334
901.249165,133.998066,172.283227,-9494.720077
901.249792,76.570323,153.140646,-9494.720077
901.250420,76.570323,114.855485,-9475.577496
901.251047,38.285162,114.855485,-9456.434915
901.251674,153.140646,133.998066,-9399.007173
901.252302,133.998066,153.140646,-9418.149754
901.252929,38.285162,153.140646,-9475.577496
901.253556,76.570323,114.855485,-9418.149754
901.254184,76.570323,153.140646,-9475.577496
901.254811,76.570323,172.283227,-9418.149754
901.255439,95.712904,114.855485,-9418.149754
901.256066,133.998066,153.140646,-9418.149754
901.256693,76.570323,114.855485,-9437.292334
901.257321,57.427742,229.710970,-9456.434915
901.257948,76.570323,153.140646,-9418.149754
901.258576,57.427742,95.712904,-9456.434915
901.259203,76.570323,114.855485,-9418.149754
901.259830,172.283227,76.570323,-9437.292334
901.260458,133.998066,114.855485,-9418.149754
901.261085,133.998066,114.855485,-9418.149754
901.261712,114.855485,172.283227,-9360.722011
901.262340,114.855485,133.998066,-9360.722011
901.262967,76.570323,172.283227,-9418.149754
901.263595,57.427742,172.283227,-9360.722011
901.264222,76.570323,114.855485,-9456.434915
901.264849,76.570323,114.855485,-9437.292334
901.265477,133.998066,172.283227,-9418.149754
901.266104,153.140646,172.283227,-9418.149754
901.266731,76.570323,210.568389,-9456.434915
901.267359,38.285162,114.855485,-9437.292334
901.267986,95.712904,153.140646,-9437.292334
901.268614,76.570323,114.855485,-9456.434915
901.269241,76.570323,114.855485,-9418.149754
901.269868,133.998066,114.855485,-9437.292334
901.270496,95.712904,114.855485,-9437.292334
901.271123,76.570323,114.855485,-9418.149754
901.271751,133.998066,114.855485,-9456.434915
901.272378,76.570323,114.855485,-9418.149754
901.273005,76.570323,172.283227,-9418.149754
901.273633,133.998066,114.855485,-9418.149754
901.274260,153.140646,133.998066,-9399.007173
901.274887,133.998066,114.855485,-9437.292334
901.275515,133.998066,114.855485,-9418.149754
901.276142,76.570323,172.283227,-9418.149754
901.276770,133.998066,153.140646,-9456.434915
901.277397,38.285162,210.568389,-9418.149754
901.278024,153.140646,153.140646,-9399.007173
901.278652,76.570323,114.855485,-9418.149754
901.279279,133.998066,191.425808,-9456.434915
901.279907,133.998066,114.855485,-9437.292334
901.280534,76.570323,95.712904,-9399.007173
901.281162,133.998066,114.855485,-9437.292334
901.281789,95.712904,114.855485,-9475.577496
901.282417,76.570323,114.855485,-9418.149754
901.283044,133.998066,114.855485,-9437.292334
901.283672,76.570323,153.140646,-9418.149754
901.284299,76.570323,114.855485,-9418.149754
901.284927,76.570323,153.140646,-9418.149754
901.285554,76.570323,114.855485,-9418.149754
901.286181,76.570323,114.855485,-9437.292334
901.286809,133.998066,153.140646,-9456.434915
901.287436,133.998066,114.855485,-9475.577496
901.288064,76.570323,114.855485,-9418.149754
901.288691,133.998066,114.855485,-9418.149754
901.289319,95.712904,114.855485,-9437.292334
901.289946,133.998066,114.855485,-9475.577496
901.290574,76.570323,114.855485,-9418.149754
901.291201,38.285162,229.710970,-9418.149754
901.291829,76.570323,153.140646,-9456.434915
901.292456,76.570323,172.283227,-9418.149754
901.293084,19.142581,191.425808,-9437.292334
901.293711,133.998066,114.855485,-9475.577496
901.294339,76.570323,114.855485,-9418.149754
901.294966,153.140646,153.140646,-9437.292334
901.295594,95.712904,133.998066,-9360.722011
901.296221,95.712904,172.283227,-9456.434915
901.296849,38.285162,114.855485,-9418.149754
901.297476,133.998066,114.855485,-9418.149754
901.298104,133.998066,172.283227,-9494.720077
901.298731,76.570323,114.855485,-9418.149754
901.299359,133.998066,153.140646,-9437.292334
901.299986,76.570323,191.425808,-9437.292334
901.300613,114.855485,76.570323,-9418.149754
901.301241,76.570323,114.855485,-9437.292334
901.301868,133.998066,114.855485,-9437.292334
901.302496,133.998066,114.855485,-9418.149754
901.303123,76.570323,153.140646,-9418.149754
901.303751,76.570323,114.855485,-9418.149754
901.304378,114.855485,76.570323,-9418.149754
901.305006,133.998066,114.855485,-9418.149754
901.305633,95.712904,95.712904,-9399.007173
901.306261,38.285162,114.855485,-9418.149754
901.306888,76.570323,95.712904,-9399.007173
901.307516,133.998066,114.855485,-9456.434915
901.308143,38.285162,114.855485,-9437.292334
901.308771,57.427742,114.855485,-9437.292334
901.309398,76.570323,114.855485,-9437.292334
901.310026,133.998066,114.855485,-9418.149754
901.310653,133.998066,153.140646,-9437.292334
901.311281,133.998066,114.855485,-9418.149754
901.311908,57.427742,133.998066,-9360.722011
901.312536,114.855485,172.283227,-9360.722011
901.313163,76.570323,153.140646,-9418.149754
901.313790,95.712904,229.710970,-9418.149754
901.314418,114.855485,153.140646,-9418.149754
901.315045,153.140646,133.998066,-9399.007173
901.315673,76.570323,210.568389,-9418.149754
901.316300,133.998066,229.710970,-9418.149754
901.316928,76.570323,153.140646,-9437.292334
901.317555,76.570323,133.998066,-9360.722011
901.318183,133.998066,191.425808,-9399.007173
901.318810,133.998066,172.283227,-9399.007173
901.319438,76.570323,172.283227,-9437.292334
901.320065,95.712904,210.568389,-9418.149754
901.320693,76.570323,114.855485,-9418.149754
901.321320,133.998066,114.855485,-9456.434915
901.321948,133.998066,114.855485,-9418.149754
901.322575,95.712904,114.855485,-9399.007173
901.323203,95.712904,114.855485,-9418.149754
901.323830,38.285162,114.855485,-9494.720077
901.324458,38.285162,114.855485,-9437.292334
901.325085,133.998066,114.855485,-9456.434915
901.325713,153.140646,133.998066,-9399.007173
901.326340,133.998066,114.855485,-9456.434915
901.326967,76.570323,172.283227,-9494.720077
901.327595,133.998066,114.855485,-9437.292334
901.328222,133.998066,114.855485,-9456.434915
901.328850,76.570323,114.855485,-9418.149754
901.329477,153.140646,210.568389,-9399.007173
901.330105,114.855485,133.998066,-9418.149754
901.330732,76.570323,114.855485,-9437.292334
901.331360,133.998066,153.140646,-9437.292334
901.331987,133.998066,172.283227,-9399.007173
901.332615,133.998066,114.855485,-9418.149754
901.333242,133.998066,172.283227,-9418.149754
901.333870,133.998066,114.855485,-9418.149754
901.334497,95.712904,172.283227,-9360.722011
901.335125,133.998066,191.425808,-9399.007173
901.335752,38.285162,172.283227,-9418.149754
901.336380,76.570323,114.855485,-9418.149754
901.337007,38.285162,114.855485,-9418.149754
901.337635,38.285162,191.425808,-9437.292334
901.338262,133.998066,172.283227,-9399.007173
901.338890,38.285162,114.855485,-9418.149754
901.339517,76.570323,114.855485,-9456.434915
901.340145,76.570323,153.140646,-9418.149754
901.340772,76.570323,153.140646,-9418.149754
901.341399,133.998066,153.140646,-9418.149754
901.342027,76.570323,114.855485,-9456.434915
901.342654,153.140646,133.998066,-9456.434915
901.343282,133.998066,153.140646,-9437.292334
901.343909,76.570323,114.855485,-9437.292334
901.344537,95.712904,95.712904,-9437.292334
901.345164,76.570323,114.855485,-9456.434915
901.345792,76.570323,114.855485,-9437.292334
901.346419,133.998066,153.140646,-9418.149754
901.347047,114.855485,95.712904,-9456.434915
901.347674,114.855485,76.570323,-9418.149754
901.348302,133.998066,133.998066,-9513.862658
901.348929,38.285162,114.855485,-9456.434915
901.349557,76.570323,114.855485,-9418.149754
901.350184,95.712904,172.283227,-9360.722011
901.350812,38.285162,114.855485,-9437.292334
901.351439,133.998066,172.283227,-9418.149754
901.352067,95.712904,114.855485,-9437.292334
901.352694,76.570323,114.855485,-9456.434915
901.353322,38.285162,76.570323,-9379.864592
901.353949,95.712904,95.712904,-9399.007173
901.354576,95.712904,133.998066,-9418.149754
901.355204,133.998066,114.855485,-9437.292334
901.355831,133.998066,172.283227,-9418.149754
901.356459,133.998066,114.855485,-9456.434915
901.357086,76.570323,153.140646,-9456.434915
901.357714,153.140646,133.998066,-9437.292334
901.358341,133.998066,114.855485,-9418.149754
901.358969,95.712904,133.998066,-9418.149754
901.359596,76.570323,114.855485,-9437.292334
901.360224,95.712904,114.855485,-9475.577496
901.360851,133.998066,114.855485,-9418.149754
901.361479,172.283227,133.998066,-9360.722011
901.362106,153.140646,248.853550,-9399.007173
901.362734,153.140646,133.998066,-9399.007173
901.363361,133.998066,114.855485,-9418.149754
901.363989,38.285162,172.283227,-9456.434915
901.364616,76.570323,210.568389,-9456.434915
901.365244,133.998066,133.998066,-9399.007173
901.365871,133.998066,114.855485,-9418.149754
901.366499,76.570323,114.855485,-9418.149754
901.367126,76.570323,172.283227,-9437.292334
901.367753,76.570323,153.140646,-9456.434915
901.368381,133.998066,153.140646,-9456.434915
901.369008,76.570323,153.140646,-9437.292334
901.369636,133.998066,114.855485,-9418.149754
901.370263,133.998066,172.283227,-9456.434915
901.370891,76.570323,114.855485,-9456.434915
901.371518,38.285162,114.855485,-9437.292334
901.372146,57.427742,153.140646,-9456.434915
901.372773,133.998066,172.283227,-9456.434915
901.373401,76.570323,172.283227,-9418.149754
901.374028,76.570323,172.283227,-9475.577496
901.374656,76.570323,114.855485,-9418.149754
901.375283,133.998066,114.855485,-9418.149754
901.375911,76.570323,172.283227,-9437.292334
901.376538,76.570323,133.998066,-9360.722011
901.377166,153.140646,248.853550,-9494.720077
901.377793,38.285162,114.855485,-9456.434915
901.378421,76.570323,114.855485,-9456.434915
901.379048,133.998066,210.568389,-9418.149754
901.379676,76.570323,210.568389,-9418.149754
901.380303,76.570323,172.283227,-9418.149754
901.380931,133.998066,153.140646,-9437.292334
901.381558,76.570323,114.855485,-9418.149754
901.382186,38.285162,114.855485,-9418.149754
901.382813,95.712904,191.425808,-9456.434915
901.383441,133.998066,248.853550,-9456.434915
901.384068,38.285162,114.855485,-9475.577496
901.384696,76.570323,153.140646,-9418.149754
901.385323,153.140646,133.998066,-9399.007173
901.385951,133.998066,114.855485,-9494.720077
901.386578,153.140646,153.140646,-9399.007173
901.387206,114.855485,95.712904,-9399.007173
901.387834,76.570323,114.855485,-9437.292334
901.388461,38.285162,114.855485,-9418.149754
901.389089,133.998066,153.140646,-9456.434915
901.389716,114.855485,114.855485,-9456.434915
901.390344,133.998066,114.855485,-9418.149754
901.390971,114.855485,95.712904,-9437.292334
901.391599,133.998066,114.855485,-9418.149754
901.392226,76.570323,114.855485,-9456.434915
901.392854,76.570323,210.568389,-9418.149754
901.393481,76.570323,153.140646,-9418.149754
901.394109,133.998066,153.140646,-9437.292334
901.394736,133.998066,210.568389,-9418.149754
901.395364,38.285162,114.855485,-9418.149754
901.395992,95.712904,114.855485,-9418.149754
901.396619,76.570323,114.855485,-9418.149754
901.397247,153.140646,133.998066,-9399.007173
901.397874,114.855485,133.998066,-9360.722011
901.398502,76.570323,172.283227,-9437.292334
901.399129,133.998066,114.855485,-9437.292334
901.399757,57.427742,114.855485,-9418.149754
901.400384,133.998066,114.855485,-9418.149754
901.401012,76.570323,114.855485,-9418.149754
901.401639,76.570323,114.855485,-9418.149754
901.402267,76.570323,153.140646,-9418.149754
901.402894,133.998066,172.283227,-9418.149754
901.403522,153.140646,172.283227,-9456.434915
901.404149,133.998066,153.140646,-9399.007173
901.404777,172.283227,153.140646,-9379.864592
901.405405,133.998066,229.710970,-9418.149754
901.406032,38.285162,210.568389,-9437.292334
901.406660,133.998066,114.855485,-9418.149754
901.407287,133.998066,133.998066,-9437.292334
901.407915,114.855485,95.712904,-9456.434915
901.408542,38.285162,210.568389,-9418.149754
901.409170,76.570323,210.568389,-9418.149754
901.409797,133.998066,191.425808,-9418.149754
901.410425,38.285162,172.283227,-9418.149754
901.411052,76.570323,114.855485,-9399.007173
901.411680,76.570323,114.855485,-9437.292334
901.412307,95.712904,114.855485,-9418.149754
901.412935,133.998066,153.140646,-9418.149754
901.413562,95.712904,133.998066,-9360.722011
901.414190,114.855485,95.712904,-9399.007173
901.414818,76.570323,114.855485,-9418.149754
901.415445,0.000000,95.712904,-9456.434915
901.416073,95.712904,114.855485,-9437.292334
901.416700,153.140646,191.425808,-9437.292334
901.417328,38.285162,114.855485,-9475.577496
901.417955,76.570323,114.855485,-9418.149754
901.418583,153.140646,153.140646,-9437.292334
901.419210,133.998066,172.283227,-9456.434915
901.419838,76.570323,114.855485,-9533.005238
901.420465,38.285162,114.855485,-9475.577496
901.421093,95.712904,133.998066,-9360.722011
901.421720,114.855485,133.998066,-9360.722011
901.422348,133.998066,114.855485,-9418.149754
901.422976,133.998066,172.283227,-9437.292334
901.423603,76.570323,114.855485,-9418.149754
901.424231,76.570323,172.283227,-9360.722011
901.424858,133.998066,114.855485,-9437.292334
901.425486,19.142581,114.855485,-9418.149754
901.426113,114.855485,95.712904,-9399.007173
901.426741,133.998066,153.140646,-9418.149754
901.427368,133.998066,229.710970,-9418.149754
901.427996,76.570323,114.855485,-9418.149754
901.428623,38.285162,172.283227,-9418.149754
901.429251,95.712904,114.855485,-9437.292334
901.429878,76.570323,114.855485,-9533.005238
901.430506,38.285162,114.855485,-9418.149754
901.431133,133.998066,172.283227,-9437.292334
901.431761,133.998066,153.140646,-9418.149754
901.432389,133.998066,114.855485,-9418.149754
901.433016,210.568389,210.568389,-9399.007173
901.433644,133.998066,191.425808,-9437.292334
901.434271,95.712904,172.283227,-9475.577496
901.434899,153.140646,248.853550,-9399.007173
901.435526,133.998066,172.283227,-9418.149754
901.436154,76.570323,191.425808,-9418.149754
901.436781,153.140646,114.855485,-9418.149754
901.437409,95.712904,95.712904,-9399.007173
901.438036,76.570323,153.140646,-9418.149754
901.438664,95.712904,153.140646,-9360.722011
901.439291,38.285162,114.855485,-9437.292334
901.439919,133.998066,153.140646,-9418.149754
901.440546,76.570323,114.855485,-9437.292334
901.441174,95.712904,210.568389,-9418.149754
901.441802,114.855485,95.712904,-9399.007173
901.442429,76.570323,114.855485,-9456.434915
901.443057,172.283227,114.855485,-9379.864592
901.443684,57.427742,133.998066,-9418.149754
901.444312,153.140646,133.998066,-9494.720077
901.444939,153.140646,133.998066,-9399.007173
901.445567,133.998066,172.283227,-9475.577496
901.446194,76.570323,114.855485,-9456.434915
901.446822,76.570323,114.855485,-9437.292334
901.447449,19.142581,153.140646,-9456.434915
901.448077,76.570323,153.140646,-9418.149754
901.448704,133.998066,114.855485,-9418.149754
901.449332,153.140646,172.283227,-9418.149754
901.449960,133.998066,172.283227,-9456.434915
901.450587,76.570323,114.855485,-9418.149754
901.451215,19.142581,114.855485,-9418.149754
901.451842,76.570323,210.568389,-9360.722011
901.452470,38.285162,172.283227,-9437.292334
901.453097,133.998066,114.855485,-9418.149754
901.453725,76.570323,114.855485,-9418.149754
901.454352,114.855485,114.855485,-9399.007173
901.454980,95.712904,153.140646,-9437.292334
901.455607,95.712904,114.855485,-9418.149754
901.456235,76.570323,210.568389,-9418.149754
901.456862,133.998066,172.283227,-9418.149754
901.457490,76.570323,172.283227,-9418.149754
901.458117,76.570323,114.855485,-9418.149754
901.458745,38.285162,114.855485,-9418.149754
901.459373,95.712904,210.568389,-9437.292334
901.460000,133.998066,114.855485,-9418.149754
901.460628,133.998066,229.710970,-9360.722011
901.461255,76.570323,153.140646,-9475.577496
901.461883,133.998066,114.855485,-9418.149754
901.462510,133.998066,114.855485,-9418.149754
901.463138,133.998066,153.140646,-9437.292334
901.463765,133.998066,172.283227,-9494.720077
901.464393,57.427742,95.712904,-9399.007173
901.465020,95.712904,114.855485,-9418.149754
901.465648,114.855485,133.998066,-9418.149754
901.466275,38.285162,172.283227,-9418.149754
901.466903,38.285162,114.855485,-9456.434915
901.467530,133.998066,114.855485,-9475.577496
901.468158,76.570323,153.140646,-9418.149754
901.468786,133.998066,172.283227,-9418.149754
901.469413,95.712904,191.425808,-9360.722011
901.470041,133.998066,191.425808,-9437.292334
901.470668,76.570323,210.568389,-9418.149754
901.471296,153.140646,153.140646,-9399.007173
901.471923,133.998066,114.855485,-9418.149754
901.472551,76.570323,114.855485,-9475.577496
901.473178,133.998066,114.855485,-9418.149754
901.473806,38.285162,114.855485,-9418.149754
901.474433,76.570323,172.283227,-9418.149754
901.475061,76.570323,153.140646,-9437.292334
901.475688,57.427742,95.712904,-9399.007173
901.476316,95.712904,172.283227,-9456.434915
901.476944,76.570323,114.855485,-9475.577496
901.477571,38.285162,153.140646,-9418.149754
901.478199,76.570323,114.855485,-9418.149754
901.478826,114.855485,95.712904,-9399.007173
901.479454,133.998066,114.855485,-9418.149754
901.480081,133.998066,114.855485,-9437.292334
901.480709,153.140646,153.140646,-9399.007173
901.481336,153.140646,114.855485,-9418.149754
901.481964,153.140646,133.998066,-9494.720077
901.482591,133.998066,114.855485,-9456.434915
901.483219,133.998066,172.283227,-9418.149754
901.483846,133.998066,114.855485,-9456.434915
901.484474,76.570323,172.283227,-9437.292334
901.485101,133.998066,172.283227,-9437.292334
901.485729,38.285162,114.855485,-9418.149754
901.486356,153.140646,133.998066,-9399.007173
901.486984,133.998066,153.140646,-9437.292334
901.487611,76.570323,153.140646,-9437.292334
901.488239,133.998066,210.568389,-9456.434915
901.488866,76.570323,153.140646,-9494.720077
901.489494,76.570323,172.283227,-9418.149754
901.490121,153.140646,133.998066,-9437.292334
901.490749,133.998066,114.855485,-9437.292334
901.491376,76.570323,210.568389,-9456.434915
901.492004,133.998066,114.855485,-9475.577496
901.492631,76.570323,114.855485,-9418.149754
901.493259,76.570323,172.283227,-9456.434915
901.493886,38.285162,172.283227,-9437.292334
901.494514,133.998066,114.855485,-9437.292334
901.495141,95.712904,95.712904,-9494.720077
901.495769,38.285162,114.855485,-9418.149754
901.496396,114.855485,172.283227,-9418.149754
901.497024,153.140646,172.283227,-9418.149754
901.497651,95.712904,172.283227,-9360.722011
901.498279,76.570323,114.855485,-9418.149754
901.498906,57.427742,95.712904,-9399.007173
901.499534,95.712904,114.855485,-9399.007173
901.500161,76.570323,95.712904,-9399.007173
901.500789,76.570323,172.283227,-9475.577496
901.501416,95.712904,114.855485,-9437.292334
901.502044,133.998066,172.283227,-9418.149754
901.502671,76.570323,114.855485,-9437.292334
901.503299,133.998066,114.855485,-9437.292334
901.503926,76.570323,114.855485,-9437.292334
901.504554,133.998066,114.855485,-9418.149754
901.505181,76.570323,172.283227,-9456.434915
901.505809,133.998066,114.855485,-9418.149754
901.506436,153.140646,133.998066,-9399.007173
901.507064,133.998066,172.283227,-9418.149754
901.507691,133.998066,114.855485,-9475.577496
901.508319,133.998066,114.855485,-9418.149754
901.508946,114.855485,172.283227,-9360.722011
901.509574,133.998066,114.855485,-9437.292334
901.510201,95.712904,153.140646,-9418.149754
901.510829,133.998066,172.283227,-9399.007173
901.511456,76.570323,114.855485,-9418.149754
901.512084,133.998066,114.855485,-9418.149754
901.512711,76.570323,210.568389,-9418.149754
901.513339,95.712904,114.855485,-9437.292334
901.513966,19.142581,114.855485,-9437.292334
901.514594,76.570323,172.283227,-9456.434915
901.515221,114.855485,191.425808,-9360.722011
901.515849,76.570323,210.568389,-9418.149754
901.516476,76.570323,153.140646,-9418.149754
901.517104,76.570323,172.283227,-9437.292334
901.517731,76.570323,114.855485,-9418.149754
901.518359,95.712904,191.425808,-9437.292334
901.518986,114.855485,172.283227,-9360.722011
901.519614,95.712904,95.712904,-9399.007173
901.520241,95.712904,191.425808,-9418.149754
901.520869,153.140646,133.998066,-9456.434915
901.521496,133.998066,114.855485,-9418.149754
901.522124,133.998066,172.283227,-9456.434915
901.522751,76.570323,114.855485,-9418.149754
901.523379,76.570323,114.855485,-9437.292334
901.524006,153.140646,133.998066,-9456.434915
901.524634,76.570323,153.140646,-9437.292334
901.525261,76.570323,153.140646,-9418.149754
901.525889,38.285162,229.710970,-9437.292334
901.526516,76.570323,114.855485,-9418.149754
901.527144,133.998066,114.855485,-9456.434915
901.527771,153.140646,133.998066,-9437.292334
901.528399,95.712904,172.283227,-9475.577496
901.529026,210.568389,172.283227,-9456.434915
901.529654,172.283227,153.140646,-9399.007173
901.530281,76.570323,172.283227,-9418.149754
901.530909,95.712904,114.855485,-9437.292334
901.531536,76.570323,114.855485,-9456.434915
901.532164,76.570323,114.855485,-9418.149754
901.532791,95.712904,114.855485,-9418.149754
901.533419,95.712904,95.712904,-9399.007173
901.534046,76.570323,114.855485,-9418.149754
901.534674,95.712904,153.140646,-9494.720077
901.535301,76.570323,95.712904,-9399.007173
901.535929,133.998066,114.855485,-9418.149754
901.536556,76.570323,114.855485,-9418.149754
901.537184,76.570323,172.283227,-9456.434915
901.537811,133.998066,153.140646,-9399.007173
901.538439,76.570323,114.855485,-9418.149754
901.539066,76.570323,114.855485,-9418.149754
901.539694,114.855485,133.998066,-9360.722011
901.540321,95.712904,95.712904,-9456.434915
901.540949,57.427742,172.283227,-9494.720077
901.541576,38.285162,210.568389,-9456.434915
901.542204,38.285162,114.855485,-9418.149754
901.542831,76.570323,153.140646,-9418.149754
901.543459,38.285162,114.855485,-9437.292334
901.544086,133.998066,114.855485,-9475.577496
901.544714,95.712904,114.855485,-9418.149754
901.545341,95.712904,172.283227,-9418.149754
901.545969,76.570323,210.568389,-9418.149754
901.546596,38.285162,114.855485,-9418.149754
901.547224,95.712904,133.998066,-9360.722011
901.547851,76.570323,172.283227,-9494.720077
901.548479,38.285162,114.855485,-9494.720077
901.549106,76.570323,114.855485,-9456.434915
901.549734,19.142581,153.140646,-9418.149754
901.550361,133.998066,172.283227,-9418.149754
901.550989,76.570323,210.568389,-9437.292334
901.551616,95.712904,95.712904,-9399.007173
901.552244,95.712904,114.855485,-9437.292334
901.552871,133.998066,133.998066,-9475.577496
901.553499,76.570323,172.283227,-9437.292334
901.554126,38.285162,114.855485,-9418.149754
901.554754,76.570323,172.283227,-9418.149754
901.555381,76.570323,114.855485,-9437.292334
901.556009,133.998066,172.283227,-9418.149754
901.556636,95.712904,172.283227,-9456.434915
901.557264,133.998066,153.140646,-9418.149754
901.557891,114.855485,153.140646,-9379.864592
901.558519,133.998066,172.283227,-9418.149754
901.559146,133.998066,133.998066,-9399.007173
901.559774,133.998066,114.855485,-9418.149754
901.560401,114.855485,95.712904,-9494.720077
901.561029,133.998066,114.855485,-9418.149754
901.561656,133.998066,172.283227,-9456.434915
901.562284,76.570323,172.283227,-9418.149754
901.562911,133.998066,153.140646,-9418.149754
901.563539,133.998066,210.568389,-9418.149754
901.564166,153.140646,114.855485,-9418.149754
901.564794,114.855485,95.712904,-9399.007173
901.565421,76.570323,114.855485,-9437.292334
901.566049,76.570323,172.283227,-9456.434915
901.566676,114.855485,95.712904,-9399.007173
901.567304,191.425808,76.570323,-9456.434915
901.567931,95.712904,172.283227,-9418.149754
901.568559,172.283227,114.855485,-9379.864592
901.569186,76.570323,114.855485,-9437.292334
901.569814,133.998066,172.283227,-9418.149754
901.570441,153.140646,191.425808,-9399.007173
901.571069,76.570323,153.140646,-9418.149754
901.571696,38.285162,114.855485,-9418.149754
901.572324,133.998066,114.855485,-9418.149754
901.572951,133.998066,210.568389,-9418.149754
901.573579,76.570323,172.283227,-9418.149754
901.574206,133.998066,172.283227,-9437.292334
901.574834,133.998066,172.283227,-9418.149754
901.575461,76.570323,114.855485,-9437.292334
901.576089,76.570323,114.855485,-9418.149754
901.576716,133.998066,114.855485,-9437.292334
901.577344,76.570323,114.855485,-9475.577496
901.577971,76.570323,114.855485,-9437.292334
901.578599,76.570323,114.855485,-9456.434915
901.579226,76.570323,114.855485,-9418.149754
901.579854,76.570323,114.855485,-9437.292334
901.580481,95.712904,114.855485,-9437.292334
901.581108,153.140646,153.140646,-9399.007173
901.581736,153.140646,133.998066,-9456.434915
901.582363,114.855485,76.570323,-9418.149754
901.582990,114.855485,153.140646,-9360.722011
901.583618,114.855485,133.998066,-9360.722011
901.584245,76.570323,114.855485,-9456.434915
901.584873,76.570323,114.855485,-9418.149754
901.585500,133.998066,153.140646,-9437.292334
901.586127,95.712904,153.140646,-9418.149754
901.586755,133.998066,114.855485,-9437.292334
901.587382,38.285162,114.855485,-9418.149754
901.588009,76.570323,153.140646,-9418.149754
901.588637,133.998066,114.855485,-9456.434915
901.589264,38.285162,114.855485,-9418.149754
901.589892,76.570323,114.855485,-9418.149754
901.590519,133.998066,114.855485,-9418.149754
901.591146,95.712904,114.855485,-9456.434915
901.591774,76.570323,210.568389,-9418.149754
901.592401,57.427742,114.855485,-9418.149754
901.593028,76.570323,114.855485,-9399.007173
901.593656,153.140646,172.283227,-9399.007173
901.594283,76.570323,153.140646,-9437.292334
901.594911,38.285162,114.855485,-9418.149754
901.595538,38.285162,153.140646,-9456.434915
901.596165,76.570323,153.140646,-9418.149754
901.596793,133.998066,114.855485,-9418.149754
901.597420,76.570323,191.425808,-9418.149754
901.598047,133.998066,153.140646,-9456.434915
901.598675,153.140646,133.998066,-9475.577496
901.599302,153.140646,133.998066,-9456.434915
901.599930,95.712904,95.712904,-9494.720077
901.600557,133.998066,114.855485,-9418.149754
901.601184,95.712904,114.855485,-9418.149754
901.601812,76.570323,153.140646,-9437.292334
901.602439,153.140646,114.855485,-9418.149754
901.603066,133.998066,114.855485,-9418.149754
901.603694,38.285162,114.855485,-9418.149754
901.604321,38.285162,153.140646,-9418.149754
901.604949,95.712904,114.855485,-9418.149754
901.605576,19.142581,114.855485,-9418.149754
901.606203,76.570323,172.283227,-9418.149754
901.606831,38.285162,153.140646,-9456.434915
901.607458,38.285162,153.140646,-9437.292334
901.608085,95.712904,153.140646,-9437.292334
901.608713,133.998066,172.283227,-9418.149754
901.609340,133.998066,172.283227,-9418.149754
901.609968,76.570323,114.855485,-9418.149754
901.610595,76.570323,114.855485,-9418.149754
901.611222,133.998066,133.998066,-9399.007173
901.611850,153.140646,133.998066,-9399.007173
901.612477,76.570323,153.140646,-9437.292334
901.613104,153.140646,210.568389,-9475.577496
901.613732,76.570323,114.855485,-9437.292334
901.614359,133.998066,114.855485,-9437.292334
901.614987,133.998066,114.855485,-9418.149754
901.615614,133.998066,153.140646,-9399.007173
901.616241,76.570323,114.855485,-9437.292334
901.616869,133.998066,114.855485,-9437.292334
901.617496,133.998066,172.283227,-9456.434915
901.618123,133.998066,153.140646,-9418.149754
901.618751,172.283227,114.855485,-9399.007173
901.619378,133.998066,133.998066,-9456.434915
901.620006,76.570323,114.855485,-9456.434915
901.620633,76.570323,114.855485,-9418.149754
901.621260,76.570323,76.570323,-9379.864592
901.621888,153.140646,133.998066,-9456.434915
901.622515,95.712904,114.855485,-9456.434915
901.623142,76.570323,114.855485,-9456.434915
901.623770,133.998066,153.140646,-9437.292334
901.624397,133.998066,114.855485,-9418.149754
901.625025,38.285162,114.855485,-9360.722011
901.625652,76.570323,114.855485,-9418.149754
901.626279,95.712904,114.855485,-9418.149754
901.626907,153.140646,133.998066,-9379.864592
901.627534,133.998066,153.140646,-9437.292334
901.628161,38.285162,114.855485,-9456.434915
901.628789,76.570323,114.855485,-9418.149754
901.629416,133.998066,114.855485,-9437.292334
901.630044,76.570323,172.283227,-9437.292334
901.630671,95.712904,229.710970,-9475.577496
901.631298,133.998066,153.140646,-9418.149754
901.631926,38.285162,153.140646,-9418.149754
901.632553,76.570323,153.140646,-9418.149754
901.633180,133.998066,114.855485,-9418.149754
901.633808,76.570323,114.855485,-9533.005238
901.634435,38.285162,114.855485,-9456.434915
901.635063,133.998066,172.283227,-9418.149754
901.635690,76.570323,172.283227,-9456.434915
901.636317,38.285162,172.283227,-9456.434915
901.636945,38.285162,153.140646,-9418.149754
901.637572,76.570323,172.283227,-9418.149754
901.638199,133.998066,153.140646,-9475.577496
901.638827,133.998066,172.283227,-9437.292334
901.639454,133.998066,114.855485,-9418.149754
901.640082,133.998066,172.283227,-9475.577496
901.640709,153.140646,133.998066,-9399.007173
901.641336,114.855485,95.712904,-9399.007173
901.641964,133.998066,210.568389,-9456.434915
901.642591,133.998066,114.855485,-9418.149754
901.643218,133.998066,172.283227,-9437.292334
901.643846,153.140646,191.425808,-9456.434915
901.644473,76.570323,114.855485,-9418.149754
901.645101,133.998066,114.855485,-9437.292334
901.645728,38.285162,114.855485,-9418.149754
901.646355,153.140646,172.283227,-9494.720077
901.646983,133.998066,133.998066,-9399.007173
901.647610,153.140646,114.855485,-9418.149754
901.648237,133.998066,114.855485,-9418.149754
901.648865,133.998066,114.855485,-9418.149754
901.649492,76.570323,153.140646,-9418.149754
901.650120,76.570323,76.570323,-9379.864592
901.650747,57.427742,95.712904,-9437.292334
901.651374,133.998066,114.855485,-9418.149754
901.652002,38.285162,114.855485,-9475.577496
901.652629,0.000000,133.998066,-9360.722011
901.653256,57.427742,95.712904,-9494.720077
901.653884,114.855485,133.998066,-9437.292334
901.654511,19.142581,172.283227,-9418.149754
901.655139,76.570323,153.140646,-9456.434915
901.655766,76.570323,114.855485,-9418.149754
901.656393,133.998066,114.855485,-9418.149754
901.657021,38.285162,114.855485,-9456.434915
901.657648,153.140646,133.998066,-9399.007173
901.658275,76.570323,114.855485,-9437.292334
901.658903,153.140646,172.283227,-9379.864592
901.659530,76.570323,114.855485,-9418.149754
901.660158,133.998066,114.855485,-9475.577496
901.660785,76.570323,153.140646,-9418.149754
901.661412,76.570323,114.855485,-9418.149754
901.662040,133.998066,114.855485,-9437.292334
901.662667,95.712904,114.855485,-9399.007173
901.663294,133.998066,210.568389,-9418.149754
901.663922,38.285162,114.855485,-9399.007173
901.664549,133.998066,172.283227,-9456.434915
901.665177,172.283227,76.570323,-9456.434915
901.665804,114.855485,172.283227,-9360.722011
901.666431,133.998066,133.998066,-9399.007173
901.667059,76.570323,172.283227,-9418.149754
901.667686,133.998066,114.855485,-9418.149754
901.668313,95.712904,133.998066,-9360.722011
901.668941,95.712904,153.140646,-9360.722011
901.669568,95.712904,114.855485,-9418.149754
901.670196,114.855485,210.568389,-9379.864592
901.670823,38.285162,114.855485,-9494.720077
901.671450,76.570323,114.855485,-9418.149754
901.672078,133.998066,153.140646,-9456.434915
901.672705,114.855485,133.998066,-9360.722011
901.673332,133.998066,172.283227,-9437.292334
901.673960,133.998066,172.283227,-9437.292334
901.674587,133.998066,153.140646,-9418.149754
901.675215,114.855485,133.998066,-9360.722011
901.675842,76.570323,210.568389,-9418.149754
901.676469,76.570323,210.568389,-9418.149754
901.677097,76.570323,210.568389,-9418.149754
901.677724,133.998066,153.140646,-9418.149754
901.678351,133.998066,153.140646,-9418.149754
901.678979,133.998066,133.998066,-9456.434915
901.679606,133.998066,114.855485,-9418.149754
901.680234,133.998066,114.855485,-9456.434915
901.680861,76.570323,153.140646,-9418.149754
901.681488,76.570323,114.855485,-9360.722011
901.682115,95.712904,114.855485,-9418.149754
901.682743,19.142581,153.140646,-9418.149754
901.683370,38.285162,153.140646,-9418.149754
901.683997,133.998066,153.140646,-9494.720077
901.684625,133.998066,172.283227,-9418.149754
901.685252,76.570323,114.855485,-9418.149754
901.685879,133.998066,153.140646,-9437.292334
901.686507,133.998066,153.140646,-9418.149754
901.687134,133.998066,153.140646,-9418.149754
901.687761,153.140646,172.283227,-9437.292334
901.688389,76.570323,114.855485,-9437.292334
901.689016,76.570323,114.855485,-9475.577496
901.689643,38.285162,114.855485,-9456.434915
901.690270,133.998066,114.855485,-9456.434915
901.690898,133.998066,114.855485,-9475.577496
901.691525,76.570323,114.855485,-9437.292334
901.692152,133.998066,114.855485,-9418.149754
901.692780,38.285162,114.855485,-9418.149754
901.693407,38.285162,172.283227,-9437.292334
901.694034,76.570323,153.140646,-9475.577496
901.694662,38.285162,114.855485,-9418.149754
901.695289,76.570323,114.855485,-9533.005238
901.695916,133.998066,114.855485,-9437.292334
901.696543,133.998066,133.998066,-9437.292334
901.697171,133.998066,133.998066,-9399.007173
901.697798,76.570323,114.855485,-9456.434915
901.698425,133.998066,114.855485,-9418.149754
901.699053,57.427742,172.283227,-9418.149754
901.699680,133.998066,114.855485,-9418.149754
901.700307,133.998066,210.568389,-9418.149754
901.700935,153.140646,133.998066,-9456.434915
901.701562,133.998066,114.855485,-9418.149754
901.702189,133.998066,191.425808,-9437.292334
901.702817,133.998066,114.855485,-9418.149754
901.703444,76.570323,153.140646,-9456.434915
901.704071,114.855485,114.855485,-9322.436850
901.704698,76.570323,114.855485,-9360.722011
901.705326,153.140646,153.140646,-9437.292334
901.705953,153.140646,133.998066,-9399.007173
901.706580,114.855485,95.712904,-9456.434915
901.707208,133.998066,114.855485,-9437.292334
901.707835,38.285162,114.855485,-9456.434915
901.708462,133.998066,114.855485,-9456.434915
901.709090,133.998066,114.855485,-9418.149754
901.709717,133.998066,114.855485,-9418.149754
901.710344,38.285162,114.855485,-9475.577496
901.710971,133.998066,114.855485,-9456.434915
901.711599,133.998066,153.140646,-9475.577496
901.712226,38.285162,210.568389,-9418.149754
901.712853,76.570323,153.140646,-9533.005238
901.713481,76.570323,114.855485,-9437.292334
901.714108,76.570323,114.855485,-9418.149754
901.714735,133.998066,153.140646,-9418.149754
901.715363,76.570323,172.283227,-9418.149754
901.715990,133.998066,114.855485,-9418.149754
901.716617,95.712904,153.140646,-9437.292334
901.717245,133.998066,172.283227,-9418.149754
901.717872,133.998066,172.283227,-9418.149754
901.718499,133.998066,133.998066,-9322.436850
901.719126,133.998066,153.140646,-9494.720077
901.719754,38.285162,172.283227,-9418.149754
901.720381,133.998066,172.283227,-9456.434915
901.721008,133.998066,172.283227,-9437.292334
901.721636,76.570323,153.140646,-9418.149754
901.722263,133.998066,172.283227,-9475.577496
901.722890,133.998066,114.855485,-9437.292334
901.723518,76.570323,172.283227,-9437.292334
901.724145,76.570323,210.568389,-9437.292334
901.724772,133.998066,114.855485,-9418.149754
901.725399,191.425808,133.998066,-9399.007173
901.726027,114.855485,133.998066,-9360.722011
901.726654,133.998066,114.855485,-9418.149754
901.727281,76.570323,114.855485,-9437.292334
901.727909,133.998066,133.998066,-9437.292334
901.728536,133.998066,153.140646,-9418.149754
901.729163,133.998066,114.855485,-9418.149754
901.729791,95.712904,95.712904,-9399.007173
901.730418,114.855485,95.712904,-9399.007173
901.731045,114.855485,95.712904,-9456.434915
901.731673,95.712904,95.712904,-9437.292334
901.732300,38.285162,114.855485,-9418.149754
901.732927,133.998066,172.283227,-9418.149754
901.733554,153.140646,153.140646,-9475.577496
901.734182,133.998066,114.855485,-9418.149754
901.734809,95.712904,95.712904,-9399.007173
901.735436,95.712904,133.998066,-9418.149754
901.736064,76.570323,114.855485,-9418.149754
901.736691,133.998066,191.425808,-9456.434915
901.737318,76.570323,172.283227,-9475.577496
901.737946,133.998066,153.140646,-9456.434915
901.738573,76.570323,114.855485,-9475.577496
901.739200,76.570323,153.140646,-9418.149754
901.739827,133.998066,114.855485,-9437.292334
901.740455,76.570323,114.855485,-9418.149754
901.741082,153.140646,191.425808,-9399.007173
901.741709,133.998066,172.283227,-9475.577496
901.742337,76.570323,114.855485,-9475.577496
901.742964,133.998066,210.568389,-9456.434915
901.743591,76.570323,153.140646,-9437.292334
901.744219,95.712904,114.855485,-9475.577496
901.744846,133.998066,114.855485,-9418.149754
901.745473,76.570323,114.855485,-9418.149754
901.746101,133.998066,114.855485,-9418.149754
901.746728,76.570323,114.855485,-9418.149754
901.747355,57.427742,133.998066,-9360.722011
901.747982,38.285162,172.283227,-9418.149754
901.748610,153.140646,172.283227,-9399.007173
901.749237,114.855485,95.712904,-9494.720077
901.749864,153.140646,133.998066,-9494.720077
901.750492,57.427742,95.712904,-9399.007173
901.751119,95.712904,114.855485,-9456.434915
901.751746,76.570323,114.855485,-9437.292334
901.752374,76.570323,114.855485,-9475.577496
901.753001,153.140646,172.283227,-9456.434915
901.753628,76.570323,172.283227,-9456.434915
901.754255,172.283227,229.710970,-9379.864592
901.754883,153.140646,153.140646,-9418.149754
901.755510,76.570323,114.855485,-9418.149754
901.756137,76.570323,76.570323,-9379.864592
901.756765,57.427742,133.998066,-9360.722011
901.757392,133.998066,153.140646,-9418.149754
901.758019,133.998066,172.283227,-9475.577496
901.758647,133.998066,153.140646,-9437.292334
901.759274,38.285162,172.283227,-9418.149754
901.759901,95.712904,133.998066,-9341.579430
901.760529,133.998066,172.283227,-9418.149754
901.761156,114.855485,133.998066,-9418.149754
901.761783,153.140646,133.998066,-9456.434915
901.762410,133.998066,210.568389,-9418.149754
901.763038,76.570323,114.855485,-9456.434915
901.763665,76.570323,114.855485,-9437.292334
901.764292,114.855485,95.712904,-9399.007173
901.764920,57.427742,95.712904,-9399.007173
901.765547,133.998066,153.140646,-9418.149754
901.766174,114.855485,95.712904,-9399.007173
901.766802,76.570323,76.570323,-9379.864592
901.767429,76.570323,114.855485,-9418.149754
901.768056,76.570323,153.140646,-9494.720077
901.768683,76.570323,133.998066,-9360.722011
901.769311,38.285162,114.855485,-9456.434915
901.769938,95.712904,95.712904,-9437.292334
901.770565,133.998066,114.855485,-9418.149754
901.771193,133.998066,172.283227,-9418.149754
901.771820,133.998066,114.855485,-9456.434915
901.772447,133.998066,191.425808,-9399.007173
901.773075,76.570323,153.140646,-9418.149754
901.773702,95.712904,114.855485,-9437.292334
901.774329,114.855485,133.998066,-9360.722011
901.774957,76.570323,114.855485,-9456.434915
901.775584,153.140646,133.998066,-9456.434915
901.776211,153.140646,191.425808,-9437.292334
901.776838,76.570323,172.283227,-9437.292334
901.777466,153.140646,191.425808,-9437.292334
901.778093,76.570323,210.568389,-9437.292334
901.778720,95.712904,114.855485,-9418.149754
901.779348,76.570323,114.855485,-9418.149754
901.779975,133.998066,114.855485,-9418.149754
901.780602,76.570323,172.283227,-9418.149754
901.781230,76.570323,114.855485,-9456.434915
901.781857,76.570323,114.855485,-9456.434915
901.782485,76.570323,172.283227,-9418.149754
901.783112,76.570323,114.855485,-9418.149754
901.783740,133.998066,191.425808,-9418.149754
901.784367,76.570323,114.855485,-9418.149754
901.784995,133.998066,172.283227,-9437.292334
901.785622,95.712904,114.855485,-9456.434915
901.786250,76.570323,172.283227,-9437.292334
901.786877,76.570323,172.283227,-9418.149754
901.787504,133.998066,210.568389,-9418.149754
901.788132,19.142581,210.568389,-9456.434915
901.788759,57.427742,153.140646,-9456.434915
901.789387,76.570323,153.140646,-9418.149754
901.790014,133.998066,114.855485,-9437.292334
901.790642,76.570323,114.855485,-9418.149754
901.791269,133.998066,172.283227,-9456.434915
901.791897,76.570323,191.425808,-9418.149754
901.792524,153.140646,153.140646,-9399.007173
901.793152,133.998066,229.710970,-9456.434915
901.793779,76.570323,210.568389,-9418.149754
901.794407,76.570323,210.568389,-9437.292334
901.795034,76.570323,114.855485,-9456.434915
901.795662,76.570323,153.140646,-9418.149754
901.796289,133.998066,133.998066,-9399.007173
901.796917,133.998066,172.283227,-9418.149754
901.797544,76.570323,114.855485,-9418.149754
901.798171,95.712904,95.712904,-9475.577496
901.798799,153.140646,133.998066,-9399.007173
901.799426,76.570323,114.855485,-9418.149754
901.800054,133.998066,153.140646,-9456.434915
901.800681,57.427742,114.855485,-9399.007173
901.801309,38.285162,114.855485,-9418.149754
901.801936,95.712904,114.855485,-9533.005238
901.802564,133.998066,153.140646,-9456.434915
901.803191,133.998066,172.283227,-9456.434915
901.803819,76.570323,153.140646,-9456.434915
901.804446,133.998066,172.283227,-9437.292334
901.805074,95.712904,95.712904,-9437.292334
901.805701,76.570323,114.855485,-9437.292334
901.806329,133.998066,114.855485,-9418.149754
901.806956,57.427742,95.712904,-9399.007173
901.807584,133.998066,114.855485,-9418.149754
901.808211,133.998066,210.568389,-9418.149754
901.808839,133.998066,114.855485,-9360.722011
901.809466,133.998066,133.998066,-9456.434915
901.810093,76.570323,172.283227,-9456.434915
901.810721,76.570323,114.855485,-9418.149754
901.811348,38.285162,114.855485,-9418.149754
901.811976,133.998066,172.283227,-9418.149754
901.812603,114.855485,114.855485,-9456.434915
901.813231,76.570323,114.855485,-9475.577496
901.813858,114.855485,114.855485,-9399.007173
901.814486,95.712904,172.283227,-9360.722011
901.815113,133.998066,114.855485,-9418.149754
901.815741,76.570323,172.283227,-9475.577496
901.816368,210.568389,133.998066,-9437.292334
901.816996,133.998066,172.283227,-9437.292334
901.817623,133.998066,114.855485,-9418.149754
901.818251,76.570323,114.855485,-9456.434915
901.818878,95.712904,114.855485,-9437.292334
901.819506,133.998066,191.425808,-9399.007173
901.820133,76.570323,191.425808,-9437.292334
901.820761,133.998066,114.855485,-9456.434915
901.821388,133.998066,172.283227,-9475.577496
901.822015,133.998066,114.855485,-9456.434915
901.822643,133.998066,114.855485,-9418.149754
901.823270,95.712904,114.855485,-9418.149754
901.823898,76.570323,114.855485,-9456.434915
901.824525,76.570323,76.570323,-9379.864592
901.825153,76.570323,114.855485,-9418.149754
901.825780,133.998066,172.283227,-9418.149754
901.826408,38.285162,191.425808,-9437.292334
901.827035,133.998066,114.855485,-9475.577496
901.827663,76.570323,153.140646,-9418.149754
901.828290,114.855485,95.712904,-9456.434915
901.828918,153.140646,153.140646,-9456.434915
901.829545,76.570323,153.140646,-9456.434915
901.830173,38.285162,172.283227,-9437.292334
901.830800,133.998066,172.283227,-9418.149754
901.831428,133.998066,133.998066,-9456.434915
901.832055,114.855485,133.998066,-9360.722011
901.832682,38.285162,114.855485,-9418.149754
901.833310,133.998066,114.855485,-9418.149754
901.833937,76.570323,172.283227,-9418.149754
901.834565,57.427742,95.712904,-9399.007173
901.835192,133.998066,172.283227,-9399.007173
901.835820,114.855485,114.855485,-9399.007173
901.836447,95.712904,114.855485,-9418.149754
901.837075,210.568389,133.998066,-9399.007173
901.837702,172.283227,153.140646,-9379.864592
901.838330,133.998066,153.140646,-9418.149754
901.838957,38.285162,114.855485,-9418.149754
901.839585,76.570323,114.855485,-9456.434915
901.840212,95.712904,172.283227,-9418.149754
901.840840,133.998066,114.855485,-9475.577496
901.841467,153.140646,133.998066,-9399.007173
901.842095,76.570323,114.855485,-9437.292334
901.842722,95.712904,172.283227,-9360.722011
901.843350,57.427742,153.140646,-9437.292334
901.843977,76.570323,114.855485,-9418.149754
901.844604,19.142581,114.855485,-9475.577496
901.845232,38.285162,153.140646,-9418.149754
901.845859,133.998066,133.998066,-9456.434915
901.846487,133.998066,172.283227,-9399.007173
901.847114,76.570323,114.855485,-9418.149754
901.847742,76.570323,172.283227,-9418.149754
901.848369,133.998066,114.855485,-9418.149754
901.848997,76.570323,114.855485,-9418.149754
901.849624,76.570323,114.855485,-9475.577496
901.850252,38.285162,172.283227,-9418.149754
901.850879,133.998066,172.283227,-9437.292334
901.851507,76.570323,153.140646,-9418.149754
901.852134,95.712904,191.425808,-9360.722011
901.852762,76.570323,210.568389,-9418.149754
901.853389,38.285162,191.425808,-9418.149754
901.854017,38.285162,172.283227,-9418.149754
901.854644,133.998066,114.855485,-9437.292334
901.855272,57.427742,114.855485,-9456.434915
901.855899,76.570323,114.855485,-9418.149754
901.856526,133.998066,172.283227,-9418.149754
901.857154,153.140646,133.998066,-9399.007173
901.857781,76.570323,114.855485,-9475.577496
901.858409,76.570323,210.568389,-9437.292334
901.859036,153.140646,153.140646,-9437.292334
901.859664,38.285162,114.855485,-9437.292334
901.860291,38.285162,172.283227,-9456.434915
901.860919,38.285162,210.568389,-9418.149754
901.861546,133.998066,114.855485,-9418.149754
901.862174,133.998066,153.140646,-9437.292334
901.862801,76.570323,76.570323,-9379.864592
901.863429,133.998066,114.855485,-9418.149754
901.864056,76.570323,114.855485,-9456.434915
901.864684,153.140646,133.998066,-9437.292334
901.865311,76.570323,114.855485,-9437.292334
901.865939,133.998066,153.140646,-9418.149754
901.866566,95.712904,95.712904,-9399.007173
901.867193,133.998066,133.998066,-9399.007173
901.867821,76.570323,172.283227,-9456.434915
901.868448,19.142581,210.568389,-9437.292334
901.869076,133.998066,153.140646,-9456.434915
901.869703,133.998066,114.855485,-9418.149754
901.870331,114.855485,95.712904,-9456.434915
901.870958,57.427742,95.712904,-9456.434915
901.871586,133.998066,172.283227,-9533.005238
901.872213,153.140646,133.998066,-9399.007173
901.872841,76.570323,114.855485,-9437.292334
901.873468,114.855485,95.712904,-9399.007173
901.874096,153.140646,133.998066,-9399.007173
901.874723,133.998066,210.568389,-9418.149754
901.875351,133.998066,114.855485,-9418.149754
901.875978,133.998066,133.998066,-9399.007173
901.876606,76.570323,172.283227,-9418.149754
901.877233,38.285162,153.140646,-9418.149754
901.877861,95.712904,95.712904,-9399.007173
901.878488,133.998066,114.855485,-9456.434915
901.879115,133.998066,172.283227,-9418.149754
901.879743,133.998066,114.855485,-9418.149754
901.880370,95.712904,133.998066,-9379.864592
901.880998,38.285162,210.568389,-9418.149754
901.881625,133.998066,153.140646,-9418.149754
901.882253,133.998066,114.855485,-9437.292334
901.882880,133.998066,114.855485,-9418.149754
901.883508,153.140646,95.712904,-9360.722011
901.884135,133.998066,114.855485,-9418.149754
901.884763,95.712904,172.283227,-9456.434915
901.885390,153.140646,210.568389,-9456.434915
901.886018,153.140646,191.425808,-9437.292334
901.886645,133.998066,172.283227,-9456.434915
901.887273,114.855485,153.140646,-9418.149754
901.887900,76.570323,210.568389,-9418.149754
901.888528,114.855485,95.712904,-9399.007173
901.889155,153.140646,133.998066,-9437.292334
901.889783,95.712904,172.283227,-9418.149754
901.890410,133.998066,172.283227,-9418.149754
901.891038,76.570323,172.283227,-9418.149754
901.891665,76.570323,172.283227,-9437.292334
901.892293,76.570323,114.855485,-9437.292334
901.892920,76.570323,114.855485,-9418.149754
901.893548,133.998066,172.283227,-9418.149754
901.894175,133.998066,153.140646,-9418.149754
901.894803,38.285162,210.568389,-9418.149754
901.895430,76.570323,114.855485,-9418.149754
901.896058,76.570323,114.855485,-9456.434915
901.896685,76.570323,191.425808,-9437.292334
901.897313,76.570323,114.855485,-9437.292334
901.897940,133.998066,114.855485,-9456.434915
901.898568,133.998066,114.855485,-9418.149754
901.899195,133.998066,114.855485,-9437.292334
901.899822,95.712904,95.712904,-9494.720077
901.900450,133.998066,172.283227,-9418.149754
901.901077,57.427742,114.855485,-9456.434915
901.901705,76.570323,153.140646,-9418.149754
901.902332,133.998066,172.283227,-9418.149754
901.902960,210.568389,133.998066,-9456.434915
901.903587,95.712904,114.855485,-9418.149754
901.904215,76.570323,172.283227,-9418.149754
901.904842,38.285162,172.283227,-9418.149754
901.905470,95.712904,133.998066,-9533.005238
901.906097,133.998066,210.568389,-9418.149754
901.906725,38.285162,172.283227,-9418.149754
901.907352,76.570323,114.855485,-9475.577496
901.907980,76.570323,153.140646,-9418.149754
901.908607,76.570323,210.568389,-9475.577496
901.909235,38.285162,210.568389,-9437.292334
901.909862,76.570323,114.855485,-9475.577496
901.910490,133.998066,172.283227,-9418.149754
901.911117,153.140646,133.998066,-9399.007173
901.911745,133.998066,172.283227,-9456.434915
901.912372,133.998066,191.425808,-9456.434915
901.913000,76.570323,153.140646,-9437.292334
901.913627,76.570323,114.855485,-9494.720077
901.914255,133.998066,114.855485,-9437.292334
901.914882,133.998066,114.855485,-9437.292334
901.915510,133.998066,114.855485,-9418.149754
901.916137,76.570323,153.140646,-9418.149754
901.916765,76.570323,153.140646,-9418.149754
901.917392,95.712904,114.855485,-9418.149754
901.918020,133.998066,210.568389,-9437.292334
901.918647,38.285162,191.425808,-9418.149754
901.919275,95.712904,95.712904,-9399.007173
901.919902,76.570323,114.855485,-9418.149754
901.920530,133.998066,114.855485,-9418.149754
901.921157,76.570323,172.283227,-9418.149754
901.921784,76.570323,114.855485,-9437.292334
901.922412,133.998066,191.425808,-9456.434915
901.923039,95.712904,114.855485,-9437.292334
901.923667,172.283227,114.855485,-9379.864592
901.924294,76.570323,114.855485,-9418.149754
901.924922,76.570323,153.140646,-9418.149754
901.925549,133.998066,172.283227,-9399.007173
901.926177,133.998066,229.710970,-9437.292334
901.926804,133.998066,114.855485,-9437.292334
901.927432,0.000000,133.998066,-9360.722011
901.928059,153.140646,133.998066,-9399.007173
901.928687,76.570323,172.283227,-9418.149754
901.929314,76.570323,153.140646,-9456.434915
901.929942,114.855485,133.998066,-9360.722011
901.930569,76.570323,114.855485,-9475.577496
901.931197,38.285162,114.855485,-9418.149754
901.931824,95.712904,191.425808,-9322.436850
901.932452,19.142581,210.568389,-9418.149754
901.933079,133.998066,114.855485,-9456.434915
901.933707,95.712904,153.140646,-9418.149754
901.934334,133.998066,153.140646,-9418.149754
901.934962,114.855485,172.283227,-9360.722011
901.935589,76.570323,114.855485,-9418.149754
901.936217,153.140646,133.998066,-9456.434915
901.936844,76.570323,95.712904,-9456.434915
901.937472,76.570323,153.140646,-9418.149754
901.938099,133.998066,133.998066,-9456.434915
901.938727,76.570323,229.710970,-9418.149754
901.939354,38.285162,229.710970,-9418.149754
901.939982,95.712904,114.855485,-9418.149754
901.940609,38.285162,114.855485,-9418.149754
901.941237,19.142581,114.855485,-9437.292334
901.941864,76.570323,114.855485,-9456.434915
901.942492,95.712904,172.283227,-9418.149754
901.943119,76.570323,114.855485,-9360.722011
901.943746,38.285162,210.568389,-9418.149754
901.944374,38.285162,172.283227,-9418.149754
901.945001,133.998066,191.425808,-9418.149754
901.945629,38.285162,114.855485,-9456.434915
901.946256,76.570323,114.855485,-9360.722011
901.946884,95.712904,153.140646,-9437.292334
901.947511,114.855485,153.140646,-9360.722011
901.948139,133.998066,172.283227,-9456.434915
901.948766,153.140646,133.998066,-9399.007173
901.949394,76.570323,114.855485,-9418.149754
901.950021,95.712904,95.712904,-9456.434915
901.950649,76.570323,172.283227,-9418.149754
901.951276,76.570323,153.140646,-9475.577496
901.951904,133.998066,153.140646,-9418.149754
901.952531,95.712904,172.283227,-9418.149754
901.953159,114.855485,95.712904,-9437.292334
901.953786,76.570323,114.855485,-9437.292334
901.954414,76.570323,114.855485,-9418.149754
901.955041,133.998066,153.140646,-9418.149754
901.955669,38.285162,210.568389,-9437.292334
901.956296,76.570323,153.140646,-9475.577496
901.956924,133.998066,153.140646,-9418.149754
901.957551,153.140646,153.140646,-9494.720077
901.958179,38.285162,114.855485,-9418.149754
901.958806,133.998066,114.855485,-9418.149754
901.959434,76.570323,114.855485,-9418.149754
901.960061,133.998066,114.855485,-9418.149754
901.960689,76.570323,114.855485,-9418.149754
901.961316,38.285162,172.283227,-9437.292334
901.961944,76.570323,153.140646,-9418.149754
901.962571,133.998066,114.855485,-9418.149754
901.963199,133.998066,172.283227,-9494.720077
901.963826,210.568389,133.998066,-9399.007173
901.964454,38.285162,114.855485,-9456.434915
901.965081,95.712904,172.283227,-9456.434915
901.965709,95.712904,172.283227,-9475.577496
901.966336,76.570323,153.140646,-9475.577496
901.966963,76.570323,114.855485,-9456.434915
901.967591,76.570323,153.140646,-9437.292334
901.968218,38.285162,210.568389,-9437.292334
901.968846,76.570323,133.998066,-9379.864592
901.969473,38.285162,114.855485,-9437.292334
901.970101,133.998066,114.855485,-9418.149754
901.970728,114.855485,133.998066,-9360.722011
901.971356,153.140646,133.998066,-9494.720077
901.971983,114.855485,172.283227,-9456.434915
901.972611,38.285162,172.283227,-9456.434915
901.973238,38.285162,114.855485,-9494.720077
901.973866,95.712904,95.712904,-9456.434915
901.974493,76.570323,114.855485,-9456.434915
901.975121,38.285162,153.140646,-9437.292334
901.975748,38.285162,114.855485,-9437.292334
901.976376,133.998066,114.855485,-9456.434915
901.977003,133.998066,153.140646,-9418.149754
901.977631,95.712904,95.712904,-9399.007173
901.978258,76.570323,95.712904,-9399.007173
901.978886,76.570323,114.855485,-9418.149754
901.979513,153.140646,153.140646,-9418.149754
901.980141,114.855485,172.283227,-9360.722011
901.980768,76.570323,153.140646,-9418.149754
901.981396,57.427742,172.283227,-9360.722011
901.982023,95.712904,153.140646,-9418.149754
901.982650,95.712904,114.855485,-9437.292334
901.983277,76.570323,114.855485,-9418.149754
901.983905,95.712904,114.855485,-9418.149754
901.984532,133.998066,114.855485,-9437.292334
901.985159,133.998066,114.855485,-9456.434915
901.985786,133.998066,133.998066,-9399.007173
901.986414,133.998066,153.140646,-9418.149754
901.987041,76.570323,210.568389,-9418.149754
901.987668,76.570323,172.283227,-9437.292334
901.988295,76.570323,114.855485,-9456.434915
901.988923,38.285162,114.855485,-9418.149754
901.989550,38.285162,153.140646,-9418.149754
901.990177,76.570323,114.855485,-9437.292334
901.990804,95.712904,172.283227,-9360.722011
901.991432,76.570323,114.855485,-9418.149754
901.992059,133.998066,114.855485,-9475.577496
901.992686,76.570323,172.283227,-9475.577496
901.993313,133.998066,133.998066,-9456.434915
901.993941,133.998066,114.855485,-9418.149754
901.994568,191.425808,76.570323,-9418.149754
901.995195,133.998066,172.283227,-9418.149754
901.995822,133.998066,114.855485,-9418.149754
901.996450,133.998066,153.140646,-9399.007173
901.997077,76.570323,114.855485,-9456.434915
901.997704,133.998066,114.855485,-9418.149754
901.998331,95.712904,133.998066,-9360.722011
901.998959,76.570323,114.855485,-9418.149754
901.999586,38.285162,114.855485,-9456.434915
902.000213,76.570323,114.855485,-9418.149754
902.000840,133.998066,114.855485,-9456.434915
902.001468,133.998066,172.283227,-9399.007173
902.002095,114.855485,172.283227,-9360.722011
902.002722,76.570323,172.283227,-9418.149754
902.003349,38.285162,153.140646,-9418.149754
902.003977,76.570323,172.283227,-9437.292334
902.004604,76.570323,114.855485,-9418.149754
902.005231,133.998066,153.140646,-9418.149754
902.005858,76.570323,114.855485,-9418.149754
902.006486,133.998066,114.855485,-9360.722011
902.007113,76.570323,114.855485,-9418.149754
902.007740,76.570323,191.425808,-9418.149754
902.008367,133.998066,114.855485,-9418.149754
902.008994,153.140646,172.283227,-9399.007173
902.009622,133.998066,153.140646,-9437.292334
902.010249,95.712904,95.712904,-9399.007173
902.010876,76.570323,114.855485,-9418.149754
902.011503,133.998066,114.855485,-9418.149754
902.012131,76.570323,114.855485,-9418.149754
902.012758,76.570323,172.283227,-9437.292334
902.013385,133.998066,153.140646,-9418.149754
902.014012,133.998066,172.283227,-9494.720077
902.014640,76.570323,153.140646,-9456.434915
902.015267,95.712904,153.140646,-9418.149754
902.015894,95.712904,172.283227,-9437.292334
902.016521,57.427742,114.855485,-9399.007173
902.017149,133.998066,114.855485,-9418.149754
902.017776,95.712904,95.712904,-9399.007173
902.018403,133.998066,133.998066,-9494.720077
902.019030,95.712904,172.283227,-9494.720077
902.019658,76.570323,114.855485,-9418.149754
902.020285,133.998066,172.283227,-9399.007173
902.020912,133.998066,210.568389,-9475.577496
902.021539,133.998066,114.855485,-9418.149754
902.022167,76.570323,114.855485,-9418.149754
902.022794,114.855485,133.998066,-9360.722011
902.023421,133.998066,114.855485,-9418.149754
902.024048,172.283227,95.712904,-9399.007173
902.024676,95.712904,133.998066,-9418.149754
902.025303,114.855485,95.712904,-9399.007173
902.025930,76.570323,114.855485,-9418.149754
902.026557,76.570323,114.855485,-9418.149754
902.027185,76.570323,114.855485,-9456.434915
902.027812,57.427742,133.998066,-9360.722011
902.028439,153.140646,133.998066,-9399.007173
902.029066,114.855485,95.712904,-9437.292334
902.029694,76.570323,114.855485,-9418.149754
902.030321,133.998066,114.855485,-9418.149754
902.030948,133.998066,114.855485,-9418.149754
902.031575,133.998066,191.425808,-9456.434915
902.032203,76.570323,229.710970,-9418.149754
902.032830,38.285162,172.283227,-9456.434915
902.033457,95.712904,114.855485,-9494.720077
902.034084,38.285162,114.855485,-9456.434915
902.034712,95.712904,114.855485,-9456.434915
902.035339,76.570323,153.140646,-9418.149754
902.035966,38.285162,153.140646,-9418.149754
902.036593,38.285162,153.140646,-9437.292334
902.037221,153.140646,133.998066,-9399.007173
902.037848,95.712904,172.283227,-9437.292334
902.038475,95.712904,153.140646,-9418.149754
902.039102,133.998066,114.855485,-9437.292334
902.039730,153.140646,172.283227,-9418.149754
902.040357,76.570323,114.855485,-9418.149754
902.040984,76.570323,210.568389,-9418.149754
902.041611,133.998066,76.570323,-9379.864592
902.042239,114.855485,172.283227,-9360.722011
902.042866,76.570323,153.140646,-9418.149754
902.043493,76.570323,114.855485,-9475.577496
902.044120,153.140646,172.283227,-9437.292334
902.044748,76.570323,114.855485,-9456.434915
902.045375,133.998066,153.140646,-9418.149754
902.046002,133.998066,114.855485,-9418.149754
902.046629,133.998066,114.855485,-9437.292334
902.047257,133.998066,153.140646,-9418.149754
902.047884,114.855485,95.712904,-9456.434915
902.048511,38.285162,153.140646,-9418.149754
902.049138,114.855485,95.712904,-9399.007173
902.049766,76.570323,114.855485,-9418.149754
902.050393,133.998066,153.140646,-9494.720077
902.051020,133.998066,114.855485,-9475.577496
902.051647,76.570323,114.855485,-9418.149754
902.052275,76.570323,114.855485,-9456.434915
902.052902,38.285162,114.855485,-9437.292334
902.053529,76.570323,153.140646,-9475.577496
902.054156,133.998066,133.998066,-9399.007173
902.054783,76.570323,114.855485,-9418.149754
902.055411,76.570323,210.568389,-9418.149754
902.056038,114.855485,210.568389,-9399.007173
902.056665,172.283227,133.998066,-9418.149754
902.057292,133.998066,114.855485,-9418.149754
902.057920,76.570323,153.140646,-9418.149754
902.058547,133.998066,229.710970,-9418.149754
902.059174,76.570323,114.855485,-9418.149754
902.059801,38.285162,114.855485,-9456.434915
902.060429,114.855485,133.998066,-9360.722011
902.061056,76.570323,210.568389,-9437.292334
902.061683,133.998066,114.855485,-9456.434915
902.062310,76.570323,114.855485,-9456.434915
902.062938,76.570323,153.140646,-9418.149754
902.063565,133.998066,114.855485,-9418.149754
902.064192,133.998066,114.855485,-9437.292334
902.064819,133.998066,153.140646,-9437.292334
902.065447,95.712904,133.998066,-9418.149754
902.066074,76.570323,172.283227,-9418.149754
902.066701,76.570323,191.425808,-9418.149754
902.067328,133.998066,114.855485,-9418.149754
902.067956,133.998066,114.855485,-9418.149754
902.068583,133.998066,153.140646,-9418.149754
902.069210,133.998066,172.283227,-9437.292334
902.069837,38.285162,153.140646,-9456.434915
902.070465,95.712904,133.998066,-9360.722011
902.071092,133.998066,172.283227,-9418.149754
902.071719,38.285162,114.855485,-9418.149754
902.072346,76.570323,114.855485,-9437.292334
902.072974,38.285162,114.855485,-9360.722011
902.073601,133.998066,114.855485,-9418.149754
902.074228,133.998066,172.283227,-9475.577496
902.074855,95.712904,210.568389,-9418.149754
902.075483,76.570323,114.855485,-9418.149754
902.076110,133.998066,114.855485,-9437.292334
902.076737,133.998066,114.855485,-9418.149754
902.077364,76.570323,153.140646,-9437.292334
902.077992,153.140646,153.140646,-9456.434915
902.078619,133.998066,210.568389,-9418.149754
902.079246,76.570323,229.710970,-9418.149754
902.079873,133.998066,153.140646,-9437.292334
902.080501,95.712904,153.140646,-9456.434915
902.081128,76.570323,172.283227,-9437.292334
902.081755,95.712904,153.140646,-9418.149754
902.082382,133.998066,114.855485,-9418.149754
902.083009,133.998066,114.855485,-9418.149754
902.083637,95.712904,95.712904,-9399.007173
902.084264,133.998066,210.568389,-9437.292334
902.084891,95.712904,133.998066,-9360.722011
902.085518,76.570323,153.140646,-9418.149754
902.086145,95.712904,114.855485,-9456.434915
902.086772,76.570323,114.855485,-9418.149754
902.087399,76.570323,153.140646,-9418.149754
902.088027,95.712904,153.140646,-9418.149754
902.088654,133.998066,172.283227,-9418.149754
902.089281,57.427742,133.998066,-9360.722011
902.089908,76.570323,114.855485,-9437.292334
902.090535,76.570323,114.855485,-9418.149754
902.091162,133.998066,114.855485,-9437.292334
902.091789,57.427742,114.855485,-9456.434915
902.092416,76.570323,114.855485,-9437.292334
902.093044,133.998066,172.283227,-9437.292334
902.093671,76.570323,210.568389,-9494.720077
902.094298,114.855485,114.855485,-9379.864592
902.094925,76.570323,114.855485,-9456.434915
902.095552,95.712904,114.855485,-9494.720077
902.096179,153.140646,153.140646,-9437.292334
902.096806,153.140646,133.998066,-9399.007173
902.097434,95.712904,114.855485,-9475.577496
902.098061,153.140646,153.140646,-9399.007173
902.098688,76.570323,114.855485,-9418.149754
902.099315,38.285162,210.568389,-9437.292334
902.099942,76.570323,210.568389,-9418.149754
902.100569,38.285162,114.855485,-9456.434915
902.101196,76.570323,114.855485,-9437.292334
902.101824,95.712904,114.855485,-9437.292334
902.102451,38.285162,172.283227,-9418.149754
902.103078,133.998066,114.855485,-9456.434915
902.103705,76.570323,114.855485,-9418.149754
902.104332,95.712904,172.283227,-9418.149754
902.104959,133.998066,76.570323,-9379.864592
902.105586,76.570323,114.855485,-9418.149754
902.106214,76.570323,114.855485,-9418.149754
902.106841,95.712904,114.855485,-9437.292334
902.107468,133.998066,133.998066,-9456.434915
902.108095,76.570323,210.568389,-9437.292334
902.108722,76.570323,172.283227,-9418.149754
902.109349,133.998066,114.855485,-9456.434915
902.109976,38.285162,172.283227,-9437.292334
902.110604,76.570323,114.855485,-9437.292334
902.111231,133.998066,210.568389,-9437.292334
902.111858,76.570323,172.283227,-9418.149754
902.112485,114.855485,153.140646,-9360.722011
902.113112,57.427742,114.855485,-9437.292334
902.113739,76.570323,114.855485,-9494.720077
902.114366,76.570323,210.568389,-9456.434915
902.114994,133.998066,210.568389,-9418.149754
902.115621,153.140646,191.425808,-9399.007173
902.116248,114.855485,133.998066,-9360.722011
902.116875,76.570323,95.712904,-9399.007173
902.117502,38.285162,172.283227,-9418.149754
902.118129,76.570323,191.425808,-9418.149754
902.118756,133.998066,210.568389,-9418.149754
902.119384,76.570323,153.140646,-9418.149754
902.120011,95.712904,133.998066,-9360.722011
902.120638,133.998066,114.855485,-9418.149754
902.121265,114.855485,95.712904,-9456.434915
902.121892,76.570323,210.568389,-9437.292334
902.122519,76.570323,153.140646,-9456.434915
902.123146,95.712904,133.998066,-9360.722011
902.123774,38.285162,114.855485,-9456.434915
902.124401,38.285162,114.855485,-9437.292334
902.125028,76.570323,153.140646,-9418.149754
902.125655,133.998066,114.855485,-9418.149754
902.126282,76.570323,114.855485,-9418.149754
902.126909,76.570323,114.855485,-9418.149754
902.127536,133.998066,114.855485,-9418.149754
902.128163,76.570323,153.140646,-9418.149754
902.128791,114.855485,95.712904,-9399.007173
902.129418,38.285162,114.855485,-9418.149754
902.130045,95.712904,133.998066,-9360.722011
902.130672,95.712904,114.855485,-9418.149754
902.131299,172.283227,76.570323,-9418.149754
902.131926,38.285162,172.283227,-9456.434915
902.132553,76.570323,172.283227,-9418.149754
902.133181,133.998066,133.998066,-9399.007173
902.133808,38.285162,114.855485,-9418.149754
902.134435,133.998066,114.855485,-9456.434915
902.135062,76.570323,76.570323,-9494.720077
902.135689,38.285162,114.855485,-9418.149754
902.136316,95.712904,95.712904,-9399.007173
902.136943,133.998066,153.140646,-9418.149754
902.137571,133.998066,114.855485,-9437.292334
902.138198,95.712904,114.855485,-9418.149754
902.138825,76.570323,76.570323,-9379.864592
902.139452,133.998066,153.140646,-9418.149754
902.140079,95.712904,172.283227,-9456.434915
902.140706,57.427742,133.998066,-9360.722011
902.141333,38.285162,172.283227,-9418.149754
902.141961,19.142581,114.855485,-9456.434915
902.142588,133.998066,114.855485,-9456.434915
902.143215,133.998066,114.855485,-9418.149754
902.143842,76.570323,172.283227,-9437.292334
902.144469,133.998066,172.283227,-9418.149754
902.145096,133.998066,114.855485,-9437.292334
902.145723,153.140646,133.998066,-9456.434915
902.146351,76.570323,114.855485,-9437.292334
902.146978,133.998066,210.568389,-9418.149754
902.147605,95.712904,114.855485,-9418.149754
902.148232,172.283227,172.283227,-9379.864592
902.148859,76.570323,114.855485,-9437.292334
902.149486,114.855485,133.998066,-9360.722011
902.150113,76.570323,210.568389,-9418.149754
902.150741,114.855485,133.998066,-9418.149754
902.151368,38.285162,114.855485,-9456.434915
902.151995,76.570323,114.855485,-9437.292334
902.152622,172.283227,76.570323,-9475.577496
902.153249,76.570323,114.855485,-9456.434915
902.153876,76.570323,172.283227,-9494.720077
902.154503,76.570323,114.855485,-9418.149754
902.155131,133.998066,114.855485,-9418.149754
902.155758,76.570323,114.855485,-9475.577496
902.156385,76.570323,153.140646,-9418.149754
902.157012,57.427742,76.570323,-9379.864592
902.157639,133.998066,114.855485,-9418.149754
902.158266,133.998066,114.855485,-9456.434915
902.158893,76.570323,210.568389,-9418.149754
902.159521,19.142581,114.855485,-9475.577496
902.160148,95.712904,95.712904,-9456.434915
902.160775,133.998066,133.998066,-9399.007173
902.161402,172.283227,114.855485,-9379.864592
902.162029,76.570323,114.855485,-9418.149754
902.162656,76.570323,114.855485,-9418.149754
902.163283,38.285162,114.855485,-9418.149754
902.163910,114.855485,95.712904,-9399.007173
902.164538,172.283227,95.712904,-9437.292334
902.165165,95.712904,95.712904,-9399.007173
902.165792,76.570323,210.568389,-9437.292334
902.166419,133.998066,210.568389,-9456.434915
902.167046,95.712904,114.855485,-9418.149754
902.167673,114.855485,133.998066,-9360.722011
902.168300,133.998066,133.998066,-9399.007173
902.168928,38.285162,210.568389,-9437.292334
902.169555,76.570323,153.140646,-9437.292334
902.170182,153.140646,191.425808,-9494.720077
902.170809,76.570323,210.568389,-9418.149754
902.171436,76.570323,210.568389,-9418.149754
902.172063,76.570323,114.855485,-9437.292334
902.172690,133.998066,172.283227,-9456.434915
902.173318,76.570323,172.283227,-9418.149754
902.173945,133.998066,133.998066,-9399.007173
902.174572,76.570323,133.998066,-9418.149754
902.175199,38.285162,114.855485,-9456.434915
902.175826,76.570323,153.140646,-9418.149754
902.176453,95.712904,114.855485,-9418.149754
902.177080,76.570323,210.568389,-9456.434915
902.177708,133.998066,172.283227,-9418.149754
902.178335,114.855485,133.998066,-9360.722011
902.178962,172.283227,133.998066,-9418.149754
902.179589,153.140646,133.998066,-9399.007173
902.180216,133.998066,229.710970,-9456.434915
902.180843,133.998066,114.855485,-9418.149754
902.181470,133.998066,172.283227,-9418.149754
902.182098,95.712904,172.283227,-9360.722011
902.182725,38.285162,114.855485,-9418.149754
902.183352,76.570323,114.855485,-9418.149754
902.183979,76.570323,114.855485,-9437.292334
902.184607,38.285162,153.140646,-9418.149754
902.185234,95.712904,153.140646,-9418.149754
902.185861,133.998066,153.140646,-9456.434915
902.186488,133.998066,172.283227,-9437.292334
902.187116,95.712904,114.855485,-9418.149754
902.187743,95.712904,95.712904,-9399.007173
902.188370,133.998066,114.855485,-9418.149754
902.188998,57.427742,133.998066,-9360.722011
902.189625,38.285162,95.712904,-9456.434915
902.190252,76.570323,153.140646,-9418.149754
902.190879,133.998066,133.998066,-9437.292334
902.191507,76.570323,153.140646,-9360.722011
902.192134,153.140646,191.425808,-9418.149754
902.192761,38.285162,153.140646,-9437.292334
902.193388,38.285162,114.855485,-9456.434915
902.194016,38.285162,114.855485,-9418.149754
902.194643,95.712904,95.712904,-9456.434915
902.195270,76.570323,172.283227,-9418.149754
902.195898,76.570323,153.140646,-9418.149754
902.196525,76.570323,153.140646,-9437.292334
902.197152,76.570323,153.140646,-9533.005238
902.197779,76.570323,114.855485,-9456.434915
902.198407,133.998066,153.140646,-9475.577496
902.199034,133.998066,153.140646,-9418.149754
902.199661,114.855485,95.712904,-9399.007173
902.200288,133.998066,114.855485,-9437.292334
902.200916,95.712904,114.855485,-9418.149754
902.201543,38.285162,114.855485,-9437.292334
902.202170,76.570323,114.855485,-9418.149754
902.202797,57.427742,133.998066,-9418.149754
902.203425,210.568389,133.998066,-9399.007173
902.204052,133.998066,114.855485,-9418.149754
902.204679,133.998066,114.855485,-9494.720077
902.205307,133.998066,114.855485,-9418.149754
902.205934,38.285162,114.855485,-9437.292334
902.206561,76.570323,114.855485,-9456.434915
902.207188,133.998066,114.855485,-9437.292334
902.207816,133.998066,114.855485,-9475.577496
902.208443,114.855485,153.140646,-9456.434915
902.209070,76.570323,153.140646,-9418.149754
902.209697,76.570323,153.140646,-9437.292334
902.210325,133.998066,114.855485,-9418.149754
902.210952,133.998066,114.855485,-9418.149754
902.211579,133.998066,172.283227,-9399.007173
902.212207,76.570323,153.140646,-9418.149754
902.212834,76.570323,172.283227,-9418.149754
902.213461,38.285162,114.855485,-9475.577496
902.214088,38.285162,114.855485,-9418.149754
902.214716,38.285162,114.855485,-9418.149754
902.215343,38.285162,172.283227,-9475.577496
902.215970,95.712904,153.140646,-9456.434915
902.216597,38.285162,229.710970,-9418.149754
902.217225,76.570323,114.855485,-9437.292334
902.217852,38.285162,191.425808,-9456.434915
902.218479,153.140646,133.998066,-9494.720077
902.219106,76.570323,172.283227,-9418.149754
902.219734,133.998066,172.283227,-9418.149754
902.220361,114.855485,133.998066,-9533.005238
902.220988,95.712904,114.855485,-9418.149754
902.221616,172.283227,76.570323,-9456.434915
902.222243,76.570323,114.855485,-9418.149754
902.222870,76.570323,114.855485,-9418.149754
902.223497,38.285162,114.855485,-9437.292334
902.224125,57.427742,95.712904,-9399.007173
902.224752,153.140646,172.283227,-9437.292334
902.225379,133.998066,114.855485,-9456.434915
902.226006,153.140646,133.998066,-9456.434915
902.226634,133.998066,114.855485,-9456.434915
902.227261,38.285162,210.568389,-9437.292334
902.227888,76.570323,210.568389,-9418.149754
902.228516,38.285162,114.855485,-9418.149754
902.229143,114.855485,114.855485,-9399.007173
902.229770,114.855485,248.853550,-9418.149754
902.230397,133.998066,114.855485,-9437.292334
902.231025,114.855485,133.998066,-9360.722011
902.231652,95.712904,95.712904,-9437.292334
902.232279,76.570323,172.283227,-9418.149754
902.232906,76.570323,114.855485,-9360.722011
902.233534,133.998066,114.855485,-9437.292334
902.234161,133.998066,153.140646,-9456.434915
902.234788,57.427742,172.283227,-9360.722011
902.235416,76.570323,172.283227,-9418.149754
902.236043,114.855485,248.853550,-9360.722011
902.236670,57.427742,172.283227,-9360.722011
902.237297,38.285162,172.283227,-9456.434915
902.237925,76.570323,172.283227,-9418.149754
902.238552,38.285162,114.855485,-9418.149754
902.239179,210.568389,191.425808,-9399.007173
902.239806,76.570323,210.568389,-9418.149754
902.240434,76.570323,114.855485,-9418.149754
902.241061,95.712904,133.998066,-9360.722011
902.241688,76.570323,114.855485,-9437.292334
902.242315,133.998066,153.140646,-9418.149754
902.242943,153.140646,133.998066,-9399.007173
902.243570,38.285162,114.855485,-9475.577496
902.244197,133.998066,114.855485,-9456.434915
902.244825,133.998066,172.283227,-9437.292334
902.245452,133.998066,114.855485,-9418.149754
902.246079,133.998066,210.568389,-9437.292334
902.246706,133.998066,191.425808,-9456.434915
902.247334,76.570323,114.855485,-9418.149754
902.247961,95.712904,114.855485,-9418.149754
902.248588,133.998066,133.998066,-9379.864592
902.249215,76.570323,114.855485,-9418.149754
902.249843,114.855485,95.712904,-9399.007173
902.250470,76.570323,114.855485,-9456.434915
902.251097,38.285162,172.283227,-9418.149754
902.251725,76.570323,114.855485,-9418.149754
902.252352,38.285162,153.140646,-9418.149754
902.252979,38.285162,114.855485,-9437.292334
902.253606,76.570323,114.855485,-9418.149754
902.254234,114.855485,95.712904,-9399.007173
902.254861,133.998066,114.855485,-9437.292334
902.255488,133.998066,172.283227,-9475.577496
902.256115,133.998066,114.855485,-9475.577496
902.256743,133.998066,114.855485,-9418.149754
902.257370,133.998066,114.855485,-9418.149754
902.257997,76.570323,114.855485,-9418.149754
902.258625,76.570323,114.855485,-9456.434915
902.259252,38.285162,172.283227,-9418.149754
902.259879,133.998066,153.140646,-9418.149754
902.260506,76.570323,114.855485,-9418.149754
902.261134,133.998066,172.283227,-9418.149754
902.261761,133.998066,133.998066,-9399.007173
902.262388,114.855485,133.998066,-9360.722011
902.263015,95.712904,133.998066,-9379.864592
902.263643,57.427742,95.712904,-9456.434915
902.264270,38.285162,114.855485,-9456.434915
902.264897,133.998066,114.855485,-9437.292334
902.265524,133.998066,114.855485,-9418.149754
902.266152,153.140646,133.998066,-9399.007173
902.266779,38.285162,114.855485,-9418.149754
902.267406,76.570323,153.140646,-9418.149754
902.268034,133.998066,172.283227,-9418.149754
902.268661,76.570323,153.140646,-9456.434915
902.269288,76.570323,114.855485,-9418.149754
902.269915,133.998066,114.855485,-9418.149754
902.270543,133.998066,114.855485,-9418.149754
902.271170,133.998066,172.283227,-9418.149754
902.271797,133.998066,153.140646,-9437.292334
902.272424,210.568389,153.140646,-9437.292334
902.273052,133.998066,210.568389,-9418.149754
902.273679,133.998066,210.568389,-9418.149754
902.274306,153.140646,153.140646,-9437.292334
902.274934,133.998066,210.568389,-9418.149754
902.275561,76.570323,153.140646,-9475.577496
902.276188,38.285162,210.568389,-9437.292334
902.276815,133.998066,172.283227,-9456.434915
902.277443,76.570323,114.855485,-9475.577496
902.278070,76.570323,114.855485,-9475.577496
902.278697,76.570323,172.283227,-9456.434915
902.279324,133.998066,114.855485,-9475.577496
902.279952,153.140646,114.855485,-9418.149754
902.280579,133.998066,153.140646,-9437.292334
902.281206,153.140646,172.283227,-9437.292334
902.281833,76.570323,114.855485,-9418.149754
902.282461,95.712904,114.855485,-9437.292334
902.283088,133.998066,153.140646,-9437.292334
902.283716,153.140646,172.283227,-9475.577496
902.284343,133.998066,114.855485,-9437.292334
902.284970,38.285162,172.283227,-9418.149754
902.285598,76.570323,153.140646,-9456.434915
902.286225,76.570323,114.855485,-9456.434915
902.286853,153.140646,153.140646,-9418.149754
902.287480,114.855485,95.712904,-9399.007173
902.288108,153.140646,133.998066,-9437.292334
902.288735,76.570323,153.140646,-9418.149754
902.289362,76.570323,114.855485,-9494.720077
902.289990,133.998066,153.140646,-9494.720077
902.290617,133.998066,133.998066,-9399.007173
902.291245,38.285162,153.140646,-9418.149754
902.291872,76.570323,114.855485,-9456.434915
902.292499,76.570323,172.283227,-9437.292334
902.293127,133.998066,133.998066,-9399.007173
902.293754,95.712904,114.855485,-9437.292334
902.294382,133.998066,114.855485,-9494.720077
902.295009,133.998066,114.855485,-9418.149754
902.295637,76.570323,172.283227,-9437.292334
902.296264,95.712904,114.855485,-9437.292334
902.296891,76.570323,172.283227,-9418.149754
902.297519,133.998066,114.855485,-9418.149754
902.298146,153.140646,172.283227,-9437.292334
902.298774,153.140646,133.998066,-9399.007173
902.299401,133.998066,172.283227,-9418.149754
902.300028,114.855485,76.570323,-9418.149754
902.300656,76.570323,172.283227,-9456.434915
902.301283,76.570323,172.283227,-9456.434915
902.301911,38.285162,172.283227,-9437.292334
902.302538,38.285162,210.568389,-9437.292334
902.303166,133.998066,114.855485,-9418.149754
902.303793,76.570323,172.283227,-9418.149754
902.304420,114.855485,95.712904,-9456.434915
902.305048,114.855485,172.283227,-9360.722011
902.305675,76.570323,210.568389,-9418.149754
902.306303,95.712904,191.425808,-9360.722011
902.306930,133.998066,210.568389,-9456.434915
902.307557,76.570323,210.568389,-9418.149754
902.308185,38.285162,114.855485,-9456.434915
902.308812,76.570323,153.140646,-9399.007173
902.309440,133.998066,114.855485,-9475.577496
902.310067,76.570323,114.855485,-9418.149754
902.310695,76.570323,210.568389,-9437.292334
902.311322,38.285162,114.855485,-9437.292334
902.311949,133.998066,172.283227,-9418.149754
902.312577,76.570323,153.140646,-9418.149754
902.313204,76.570323,153.140646,-9475.577496
902.313832,133.998066,114.855485,-9475.577496
902.314459,76.570323,114.855485,-9418.149754
902.315086,57.427742,95.712904,-9494.720077
902.315714,57.427742,191.425808,-9475.577496
902.316341,38.285162,114.855485,-9418.149754
902.316969,133.998066,114.855485,-9418.149754
902.317596,153.140646,191.425808,-9399.007173
902.318224,133.998066,172.283227,-9418.149754
902.318851,76.570323,114.855485,-9437.292334
902.319478,133.998066,114.855485,-9418.149754
902.320106,153.140646,133.998066,-9494.720077
902.320733,133.998066,133.998066,-9399.007173
902.321361,76.570323,114.855485,-9418.149754
902.321988,95.712904,153.140646,-9418.149754
902.322616,114.855485,95.712904,-9399.007173
902.323243,133.998066,114.855485,-9418.149754
902.323870,133.998066,153.140646,-9437.292334
902.324498,133.998066,114.855485,-9418.149754
902.325125,95.712904,172.283227,-9418.149754
902.325753,76.570323,210.568389,-9418.149754
902.326380,76.570323,153.140646,-9533.005238
902.327007,133.998066,210.568389,-9494.720077
902.327635,95.712904,114.855485,-9418.149754
902.328262,76.570323,210.568389,-9437.292334
902.328890,114.855485,114.855485,-9379.864592
902.329517,95.712904,95.712904,-9399.007173
902.330145,76.570323,153.140646,-9456.434915
902.330772,133.998066,133.998066,-9399.007173
902.331399,76.570323,95.712904,-9399.007173
902.332027,153.140646,133.998066,-9399.007173
902.332654,153.140646,153.140646,-9399.007173
902.333282,76.570323,172.283227,-9418.149754
902.333909,76.570323,114.855485,-9456.434915
902.334536,76.570323,114.855485,-9418.149754
902.335164,133.998066,76.570323,-9475.577496
902.335791,133.998066,114.855485,-9475.577496
902.336419,76.570323,114.855485,-9418.149754
902.337046,133.998066,114.855485,-9360.722011
902.337674,133.998066,114.855485,-9437.292334
902.338301,133.998066,114.855485,-9418.149754
902.338928,133.998066,172.283227,-9418.149754
902.339556,133.998066,114.855485,-9456.434915
902.340183,38.285162,114.855485,-9418.149754
902.340811,19.142581,114.855485,-9418.149754
902.341438,133.998066,172.283227,-9418.149754
902.342065,133.998066,153.140646,-9418.149754
902.342693,133.998066,172.283227,-9418.149754
902.343320,133.998066,172.283227,-9418.149754
902.343948,133.998066,114.855485,-9456.434915
902.344575,76.570323,114.855485,-9418.149754
902.345203,133.998066,114.855485,-9475.577496
902.345830,76.570323,114.855485,-9456.434915
902.346457,95.712904,114.855485,-9418.149754
902.347085,133.998066,114.855485,-9418.149754
902.347712,76.570323,153.140646,-9418.149754
902.348340,133.998066,172.283227,-9418.149754
902.348967,133.998066,114.855485,-9418.149754
902.349594,38.285162,114.855485,-9341.579430
902.350222,114.855485,114.855485,-9379.864592
902.350849,76.570323,153.140646,-9418.149754
902.351477,114.855485,95.712904,-9399.007173
902.352104,76.570323,114.855485,-9418.149754
902.352732,76.570323,114.855485,-9418.149754
902.353359,153.140646,114.855485,-9418.149754
902.353986,133.998066,210.568389,-9418.149754
902.354614,76.570323,153.140646,-9437.292334
902.355241,95.712904,114.855485,-9456.434915
902.355869,133.998066,114.855485,-9456.434915
902.356496,95.712904,172.283227,-9418.149754
902.357123,133.998066,114.855485,-9418.149754
902.357751,76.570323,153.140646,-9437.292334
902.358378,76.570323,172.283227,-9437.292334
902.359006,133.998066,153.140646,-9418.149754
902.359633,76.570323,153.140646,-9418.149754
902.360261,95.712904,191.425808,-9360.722011
902.360888,133.998066,114.855485,-9418.149754
902.361515,133.998066,114.855485,-9456.434915
902.362143,76.570323,114.855485,-9418.149754
902.362770,153.140646,133.998066,-9399.007173
902.363398,38.285162,76.570323,-9379.864592
902.364025,76.570323,172.283227,-9418.149754
902.364653,133.998066,114.855485,-9437.292334
902.365280,133.998066,153.140646,-9399.007173
902.365907,133.998066,114.855485,-9418.149754
902.366535,153.140646,133.998066,-9399.007173
902.367162,76.570323,114.855485,-9456.434915
902.367790,114.855485,114.855485,-9399.007173
902.368417,76.570323,114.855485,-9456.434915
902.369044,76.570323,114.855485,-9418.149754
902.369672,38.285162,114.855485,-9418.149754
902.370299,95.712904,95.712904,-9399.007173
902.370927,114.855485,172.283227,-9360.722011
902.371554,76.570323,172.283227,-9456.434915
902.372182,95.712904,153.140646,-9475.577496
902.372809,76.570323,153.140646,-9533.005238
902.373436,95.712904,114.855485,-9456.434915
902.374064,95.712904,153.140646,-9437.292334
902.374691,76.570323,172.283227,-9437.292334
902.375319,133.998066,114.855485,-9418.149754
902.375946,76.570323,114.855485,-9418.149754
902.376573,38.285162,114.855485,-9418.149754
902.377201,38.285162,210.568389,-9456.434915
902.377828,76.570323,114.855485,-9418.149754
902.378456,76.570323,114.855485,-9418.149754
902.379083,38.285162,229.710970,-9418.149754
902.379711,38.285162,114.855485,-9418.149754
902.380338,38.285162,114.855485,-9456.434915
902.380965,38.285162,114.855485,-9456.434915
902.381593,76.570323,114.855485,-9456.434915
902.382220,133.998066,210.568389,-9437.292334
902.382848,76.570323,210.568389,-9418.149754
902.383475,76.570323,114.855485,-9456.434915
902.384103,38.285162,114.855485,-9456.434915
902.384730,133.998066,172.283227,-9418.149754
902.385357,57.427742,114.855485,-9475.577496
902.385985,95.712904,133.998066,-9360.722011
902.386612,133.998066,114.855485,-9418.149754
902.387240,95.712904,114.855485,-9418.149754
902.387867,133.998066,172.283227,-9418.149754
902.388495,133.998066,114.855485,-9418.149754
902.389122,133.998066,114.855485,-9418.149754
902.389750,76.570323,114.855485,-9475.577496
902.390377,76.570323,114.855485,-9418.149754
902.391005,133.998066,153.140646,-9437.292334
902.391632,133.998066,153.140646,-9418.149754
902.392260,38.285162,210.568389,-9418.149754
902.392887,133.998066,114.855485,-9456.434915
902.393514,95.712904,114.855485,-9418.149754
902.394142,133.998066,133.998066,-9399.007173
902.394769,133.998066,172.283227,-9418.149754
902.395397,191.425808,172.283227,-9399.007173
902.396024,133.998066,229.710970,-9475.577496
902.396652,133.998066,153.140646,-9475.577496
902.397279,153.140646,133.998066,-9456.434915
902.397907,133.998066,210.568389,-9418.149754
902.398534,153.140646,133.998066,-9399.007173
902.399162,153.140646,133.998066,-9437.292334
902.399789,57.427742,114.855485,-9418.149754
902.400417,172.283227,133.998066,-9456.434915
902.401044,38.285162,153.140646,-9418.149754
902.401671,133.998066,191.425808,-9418.149754
902.402299,133.998066,114.855485,-9418.149754
902.402926,153.140646,114.855485,-9418.149754
902.403554,95.712904,95.712904,-9399.007173
902.404181,172.283227,172.283227,-9379.864592
902.404809,133.998066,210.568389,-9456.434915
902.405436,133.998066,172.283227,-9418.149754
902.406064,133.998066,114.855485,-9418.149754
902.406691,57.427742,172.283227,-9360.722011
902.407319,133.998066,210.568389,-9418.149754
902.407946,133.998066,153.140646,-9437.292334
902.408574,153.140646,210.568389,-9418.149754
902.409201,133.998066,133.998066,-9456.434915
902.409828,95.712904,95.712904,-9494.720077
902.410456,133.998066,114.855485,-9418.149754
902.411083,38.285162,114.855485,-9475.577496
902.411711,133.998066,153.140646,-9456.434915
902.412338,76.570323,114.855485,-9456.434915
902.412966,38.285162,172.283227,-9418.149754
902.413593,95.712904,114.855485,-9456.434915
902.414221,38.285162,153.140646,-9418.149754
902.414848,133.998066,114.855485,-9418.149754
902.415476,133.998066,210.568389,-9418.149754
902.416103,38.285162,114.855485,-9437.292334
902.416731,57.427742,153.140646,-9437.292334
902.417358,76.570323,210.568389,-9418.149754
902.417985,133.998066,210.568389,-9418.149754
902.418613,133.998066,153.140646,-9456.434915
902.419240,76.570323,114.855485,-9456.434915
902.419868,76.570323,153.140646,-9437.292334
902.420495,76.570323,114.855485,-9418.149754
902.421123,76.570323,114.855485,-9418.149754
902.421750,133.998066,153.140646,-9456.434915
902.422378,76.570323,114.855485,-9418.149754
902.423005,114.855485,76.570323,-9418.149754
902.423633,114.855485,153.140646,-9360.722011
902.424260,76.570323,114.855485,-9437.292334
902.424888,133.998066,172.283227,-9437.292334
902.425515,114.855485,95.712904,-9399.007173
902.426142,114.855485,153.140646,-9418.149754
902.426770,153.140646,172.283227,-9418.149754
902.427397,133.998066,114.855485,-9418.149754
902.428025,153.140646,133.998066,-9399.007173
902.428652,76.570323,114.855485,-9437.292334
902.429280,76.570323,172.283227,-9418.149754
902.429907,38.285162,153.140646,-9418.149754
902.430535,76.570323,153.140646,-9418.149754
902.431162,133.998066,114.855485,-9437.292334
902.431790,57.427742,133.998066,-9360.722011
902.432417,76.570323,114.855485,-9418.149754
902.433045,133.998066,114.855485,-9456.434915
902.433672,153.140646,133.998066,-9399.007173
902.434299,76.570323,114.855485,-9418.149754
902.434927,76.570323,153.140646,-9418.149754
902.435554,95.712904,153.140646,-9418.149754
902.436182,133.998066,114.855485,-9418.149754
902.436809,153.140646,133.998066,-9399.007173
902.437437,95.712904,95.712904,-9399.007173
902.438064,38.285162,114.855485,-9437.292334
902.438692,57.427742,114.855485,-9437.292334
902.439319,133.998066,153.140646,-9456.434915
902.439947,76.570323,172.283227,-9418.149754
902.440574,76.570323,153.140646,-9418.149754
902.441202,95.712904,95.712904,-9399.007173
902.441829,95.712904,133.998066,-9341.579430
902.442456,95.712904,153.140646,-9360.722011
902.443084,133.998066,153.140646,-9418.149754
902.443711,153.140646,153.140646,-9456.434915
902.444339,133.998066,210.568389,-9418.149754
902.444966,95.712904,153.140646,-9418.149754
902.445594,133.998066,191.425808,-9418.149754
902.446221,114.855485,95.712904,-9399.007173
902.446849,76.570323,172.283227,-9418.149754
902.447476,76.570323,114.855485,-9418.149754
902.448104,133.998066,172.283227,-9437.292334
902.448731,95.712904,95.712904,-9399.007173
902.449359,153.140646,133.998066,-9399.007173
902.449986,153.140646,153.140646,-9399.007173
902.450613,76.570323,114.855485,-9418.149754
902.451241,133.998066,153.140646,-9437.292334
902.451868,153.140646,191.425808,-9456.434915
902.452496,133.998066,114.855485,-9475.577496
902.453123,38.285162,114.855485,-9418.149754
902.453751,153.140646,114.855485,-9418.149754
902.454378,133.998066,114.855485,-9418.149754
902.455006,153.140646,172.283227,-9418.149754
902.455633,76.570323,114.855485,-9418.149754
902.456261,76.570323,229.710970,-9418.149754
902.456888,95.712904,114.855485,-9399.007173
902.457516,95.712904,153.140646,-9360.722011
902.458143,95.712904,133.998066,-9360.722011
902.458770,153.140646,133.998066,-9399.007173
902.459398,153.140646,153.140646,-9456.434915
902.460025,95.712904,153.140646,-9456.434915
902.460653,95.712904,95.712904,-9437.292334
902.461280,95.712904,172.283227,-9418.149754
902.461908,133.998066,114.855485,-9418.149754
902.462535,133.998066,114.855485,-9418.149754
902.463163,133.998066,133.998066,-9456.434915
902.463790,76.570323,114.855485,-9418.149754
902.464418,191.425808,76.570323,-9418.149754
902.465045,76.570323,210.568389,-9494.720077
902.465673,38.285162,114.855485,-9437.292334
902.466300,114.855485,114.855485,-9379.864592
902.466927,133.998066,153.140646,-9418.149754
902.467555,133.998066,114.855485,-9475.577496
902.468182,76.570323,114.855485,-9475.577496
902.468810,76.570323,153.140646,-9456.434915
902.469437,114.855485,133.998066,-9360.722011
902.470065,133.998066,114.855485,-9418.149754
902.470692,76.570323,114.855485,-9456.434915
902.471320,76.570323,114.855485,-9418.149754
902.471947,153.140646,153.140646,-9399.007173
902.472575,114.855485,133.998066,-9475.577496
902.473202,133.998066,153.140646,-9399.007173
902.473829,76.570323,172.283227,-9437.292334
902.474457,76.570323,172.283227,-9360.722011
902.475084,153.140646,133.998066,-9379.864592
902.475712,133.998066,114.855485,-9418.149754
902.476339,133.998066,172.283227,-9437.292334
902.476967,133.998066,114.855485,-9418.149754
902.477594,76.570323,229.710970,-9456.434915
902.478222,114.855485,133.998066,-9360.722011
902.478849,76.570323,210.568389,-9418.149754
902.479477,38.285162,114.855485,-9418.149754
902.480104,114.855485,95.712904,-9456.434915
902.480732,133.998066,114.855485,-9437.292334
902.481359,95.712904,153.140646,-9418.149754
902.481986,76.570323,153.140646,-9418.149754
902.482614,133.998066,114.855485,-9418.149754
902.483241,38.285162,153.140646,-9418.149754
902.483869,153.140646,153.140646,-9399.007173
902.484496,95.712904,95.712904,-9456.434915
902.485124,133.998066,114.855485,-9418.149754
902.485751,133.998066,114.855485,-9456.434915
902.486378,133.998066,114.855485,-9494.720077
902.487006,133.998066,114.855485,-9418.149754
902.487633,95.712904,114.855485,-9418.149754
902.488260,210.568389,133.998066,-9399.007173
902.488888,76.570323,114.855485,-9437.292334
902.489515,133.998066,114.855485,-9418.149754
902.490142,95.712904,95.712904,-9456.434915
902.490770,95.712904,95.712904,-9456.434915
902.491397,153.140646,133.998066,-9399.007173
902.492025,76.570323,114.855485,-9475.577496
902.492652,38.285162,114.855485,-9418.149754
902.493279,133.998066,153.140646,-9475.577496
902.493907,76.570323,114.855485,-9437.292334
902.494534,76.570323,76.570323,-9379.864592
902.495161,76.570323,114.855485,-9418.149754
902.495789,95.712904,114.855485,-9437.292334
902.496416,133.998066,172.283227,-9418.149754
902.497043,76.570323,153.140646,-9418.149754
902.497671,133.998066,172.283227,-9456.434915
902.498298,172.283227,153.140646,-9360.722011
902.498926,153.140646,133.998066,-9399.007173
902.499553,133.998066,76.570323,-9379.864592
902.500180,95.712904,114.855485,-9418.149754
902.500808,95.712904,153.140646,-9418.149754
902.501435,76.570323,172.283227,-9418.149754
902.502062,76.570323,172.283227,-9475.577496
902.502690,133.998066,172.283227,-9418.149754
902.503317,76.570323,172.283227,-9418.149754
902.503945,153.140646,248.853550,-9399.007173
902.504572,95.712904,114.855485,-9437.292334
902.505199,76.570323,153.140646,-9418.149754
902.505827,76.570323,114.855485,-9418.149754
902.506454,133.998066,114.855485,-9456.434915
902.507081,76.570323,114.855485,-9418.149754
902.507709,38.285162,153.140646,-9418.149754
902.508336,95.712904,95.712904,-9379.864592
902.508963,95.712904,114.855485,-9418.149754
902.509591,76.570323,114.855485,-9418.149754
902.510218,76.570323,114.855485,-9418.149754
902.510846,76.570323,114.855485,-9360.722011
902.511473,133.998066,172.283227,-9418.149754
902.512100,133.998066,191.425808,-9437.292334
902.512728,76.570323,114.855485,-9437.292334
902.513355,153.140646,172.283227,-9437.292334
902.513982,133.998066,210.568389,-9475.577496
902.514610,133.998066,172.283227,-9475.577496
902.515237,114.855485,114.855485,-9494.720077
902.515865,76.570323,210.568389,-9456.434915
902.516492,133.998066,114.855485,-9418.149754
902.517119,133.998066,229.710970,-9437.292334
902.517747,133.998066,210.568389,-9418.149754
902.518374,76.570323,114.855485,-9437.292334
902.519001,38.285162,114.855485,-9437.292334
902.519629,95.712904,133.998066,-9360.722011
902.520256,38.285162,76.570323,-9379.864592
902.520883,95.712904,114.855485,-9418.149754
902.521511,76.570323,153.140646,-9418.149754
902.522138,114.855485,133.998066,-9418.149754
902.522766,133.998066,133.998066,-9399.007173
902.523393,76.570323,114.855485,-9418.149754
902.524020,76.570323,210.568389,-9418.149754
902.524648,76.570323,153.140646,-9418.149754
902.525275,95.712904,133.998066,-9360.722011
902.525902,95.712904,153.140646,-9437.292334
902.526530,133.998066,114.855485,-9418.149754
902.527157,76.570323,229.710970,-9418.149754
902.527784,133.998066,191.425808,-9456.434915
902.528412,38.285162,114.855485,-9418.149754
902.529039,153.140646,210.568389,-9456.434915
902.529667,133.998066,153.140646,-9456.434915
902.530294,133.998066,153.140646,-9456.434915
902.530921,76.570323,114.855485,-9437.292334
902.531549,76.570323,114.855485,-9418.149754
902.532176,95.712904,95.712904,-9456.434915
902.532803,76.570323,114.855485,-9418.149754
902.533431,38.285162,114.855485,-9494.720077
902.534058,76.570323,153.140646,-9418.149754
902.534686,76.570323,95.712904,-9399.007173
902.535313,95.712904,95.712904,-9399.007173
902.535940,114.855485,95.712904,-9399.007173
902.536568,133.998066,172.283227,-9437.292334
902.537195,76.570323,153.140646,-9475.577496
902.537822,133.998066,172.283227,-9533.005238
902.538450,153.140646,210.568389,-9456.434915
902.539077,133.998066,114.855485,-9418.149754
902.539704,38.285162,114.855485,-9418.149754
902.540332,153.140646,210.568389,-9399.007173
902.540959,76.570323,153.140646,-9456.434915
902.541587,133.998066,114.855485,-9418.149754
902.542214,38.285162,172.283227,-9475.577496
902.542841,76.570323,114.855485,-9437.292334
902.543469,114.855485,76.570323,-9437.292334
902.544096,76.570323,114.855485,-9494.720077
902.544723,114.855485,114.855485,-9456.434915
902.545351,114.855485,172.283227,-9379.864592
902.545978,76.570323,153.140646,-9437.292334
902.546606,133.998066,153.140646,-9418.149754
902.547233,76.570323,153.140646,-9533.005238
902.547860,95.712904,114.855485,-9418.149754
902.548488,38.285162,172.283227,-9418.149754
902.549115,153.140646,133.998066,-9475.577496
902.549742,76.570323,114.855485,-9437.292334
902.550370,133.998066,114.855485,-9456.434915
902.550997,133.998066,133.998066,-9437.292334
902.551624,114.855485,133.998066,-9360.722011
902.552252,38.285162,114.855485,-9437.292334
902.552879,57.427742,133.998066,-9360.722011
902.553507,133.998066,114.855485,-9437.292334
902.554134,133.998066,114.855485,-9418.149754
902.554761,76.570323,114.855485,-9494.720077
902.555389,76.570323,172.283227,-9475.577496
902.556016,133.998066,114.855485,-9437.292334
902.556643,133.998066,114.855485,-9494.720077
902.557271,153.140646,153.140646,-9437.292334
902.557898,153.140646,153.140646,-9456.434915
902.558525,19.142581,114.855485,-9418.149754
902.559153,95.712904,114.855485,-9399.007173
902.559780,133.998066,191.425808,-9418.149754
902.560408,76.570323,172.283227,-9418.149754
902.561035,76.570323,114.855485,-9418.149754
902.561662,76.570323,114.855485,-9456.434915
902.562290,95.712904,114.855485,-9456.434915
902.562917,76.570323,114.855485,-9456.434915
902.563544,114.855485,114.855485,-9399.007173
902.564172,95.712904,153.140646,-9418.149754
902.564799,76.570323,114.855485,-9494.720077
902.565427,38.285162,114.855485,-9456.434915
902.566054,133.998066,114.855485,-9475.577496
902.566681,95.712904,114.855485,-9437.292334
902.567309,76.570323,114.855485,-9418.149754
902.567936,57.427742,114.855485,-9418.149754
902.568563,133.998066,114.855485,-9456.434915
902.569191,76.570323,114.855485,-9418.149754
902.569818,76.570323,114.855485,-9475.577496
902.570445,133.998066,114.855485,-9418.149754
902.571073,133.998066,114.855485,-9418.149754
902.571700,133.998066,153.140646,-9360.722011
902.572328,76.570323,114.855485,-9475.577496
902.572955,133.998066,172.283227,-9418.149754
902.573582,95.712904,172.283227,-9360.722011
902.574210,114.855485,114.855485,-9399.007173
902.574837,76.570323,172.283227,-9418.149754
902.575464,95.712904,172.283227,-9360.722011
902.576092,76.570323,114.855485,-9418.149754
902.576719,114.855485,95.712904,-9456.434915
902.577347,133.998066,210.568389,-9475.577496
902.577974,133.998066,133.998066,-9437.292334
902.578601,57.427742,172.283227,-9418.149754
902.579229,133.998066,153.140646,-9418.149754
902.579856,76.570323,114.855485,-9418.149754
902.580483,76.570323,153.140646,-9418.149754
902.581111,76.570323,114.855485,-9418.149754
902.581738,76.570323,114.855485,-9494.720077
902.582365,133.998066,210.568389,-9475.577496
902.582993,133.998066,153.140646,-9437.292334
902.583620,133.998066,133.998066,-9399.007173
902.584247,133.998066,153.140646,-9418.149754
902.584875,133.998066,114.855485,-9456.434915
902.585502,76.570323,172.283227,-9418.149754
902.586129,76.570323,114.855485,-9418.149754
902.586757,38.285162,153.140646,-9418.149754
902.587384,172.283227,153.140646,-9360.722011
902.588011,133.998066,114.855485,-9418.149754
902.588638,76.570323,153.140646,-9418.149754
902.589266,133.998066,114.855485,-9418.149754
902.589893,133.998066,153.140646,-9475.577496
902.590520,133.998066,229.710970,-9418.149754
902.591147,133.998066,210.568389,-9418.149754
902.591775,133.998066,172.283227,-9456.434915
902.592402,95.712904,114.855485,-9418.149754
902.593029,95.712904,95.712904,-9399.007173
902.593656,133.998066,172.283227,-9475.577496
902.594284,133.998066,191.425808,-9418.149754
902.594911,133.998066,114.855485,-9456.434915
902.595538,133.998066,172.283227,-9418.149754
902.596165,76.570323,114.855485,-9418.149754
902.596793,133.998066,153.140646,-9399.007173
902.597420,133.998066,114.855485,-9437.292334
902.598047,133.998066,114.855485,-9418.149754
902.598675,172.283227,153.140646,-9437.292334
902.599302,133.998066,114.855485,-9456.434915
902.599929,133.998066,114.855485,-9475.577496
902.600556,57.427742,153.140646,-9418.149754
902.601184,76.570323,210.568389,-9418.149754
902.601811,95.712904,114.855485,-9437.292334
902.602438,133.998066,229.710970,-9475.577496
902.603065,76.570323,153.140646,-9418.149754
902.603693,95.712904,133.998066,-9360.722011
902.604320,95.712904,114.855485,-9437.292334
902.604947,133.998066,114.855485,-9418.149754
902.605574,133.998066,172.283227,-9418.149754
902.606202,95.712904,191.425808,-9360.722011
902.606829,133.998066,210.568389,-9437.292334
902.607456,76.570323,114.855485,-9456.434915
902.608083,133.998066,114.855485,-9418.149754
902.608711,38.285162,153.140646,-9437.292334
902.609338,133.998066,153.140646,-9456.434915
902.609965,114.855485,133.998066,-9360.722011
902.610593,133.998066,114.855485,-9494.720077
902.611220,133.998066,114.855485,-9437.292334
902.611847,133.998066,114.855485,-9437.292334
902.612474,76.570323,114.855485,-9418.149754
902.613102,38.285162,153.140646,-9418.149754
902.613729,38.285162,210.568389,-9418.149754
902.614356,95.712904,191.425808,-9360.722011
902.614983,133.998066,133.998066,-9399.007173
902.615611,76.570323,114.855485,-9437.292334
902.616238,38.285162,153.140646,-9437.292334
902.616865,133.998066,172.283227,-9418.149754
902.617492,76.570323,114.855485,-9456.434915
902.618120,133.998066,114.855485,-9456.434915
902.618747,95.712904,210.568389,-9399.007173
902.619374,76.570323,153.140646,-9456.434915
902.620001,133.998066,114.855485,-9437.292334
902.620629,76.570323,114.855485,-9418.149754
902.621256,57.427742,95.712904,-9399.007173
902.621883,76.570323,210.568389,-9418.149754
902.622511,133.998066,153.140646,-9418.149754
902.623138,76.570323,172.283227,-9418.149754
902.623765,133.998066,172.283227,-9456.434915
902.624392,210.568389,191.425808,-9437.292334
902.625020,76.570323,153.140646,-9418.149754
902.625647,133.998066,114.855485,-9437.292334
902.626274,133.998066,210.568389,-9456.434915
902.626901,38.285162,114.855485,-9418.149754
902.627529,76.570323,114.855485,-9418.149754
902.628156,38.285162,210.568389,-9494.720077
902.628783,38.285162,114.855485,-9475.577496
902.629410,114.855485,248.853550,-9418.149754
902.630038,38.285162,191.425808,-9456.434915
902.630665,76.570323,210.568389,-9418.149754
902.631292,210.568389,172.283227,-9456.434915
902.631919,76.570323,114.855485,-9418.149754
902.632547,133.998066,153.140646,-9418.149754
902.633174,76.570323,114.855485,-9533.005238
902.633801,38.285162,210.568389,-9418.149754
902.634429,76.570323,172.283227,-9418.149754
902.635056,76.570323,153.140646,-9494.720077
902.635683,133.998066,114.855485,-9456.434915
902.636310,76.570323,172.283227,-9456.434915
902.636938,76.570323,153.140646,-9418.149754
902.637565,95.712904,248.853550,-9360.722011
902.638192,133.998066,114.855485,-9418.149754
902.638819,133.998066,153.140646,-9418.149754
902.639447,153.140646,133.998066,-9399.007173
902.640074,133.998066,114.855485,-9456.434915
902.640701,95.712904,95.712904,-9399.007173
902.641328,114.855485,76.570323,-9418.149754
902.641956,76.570323,114.855485,-9437.292334
902.642583,153.140646,133.998066,-9399.007173
902.643210,133.998066,133.998066,-9456.434915
902.643837,76.570323,153.140646,-9437.292334
902.644465,76.570323,114.855485,-9418.149754
902.645092,76.570323,114.855485,-9418.149754
902.645719,95.712904,95.712904,-9399.007173
902.646347,133.998066,153.140646,-9456.434915
902.646974,95.712904,95.712904,-9437.292334
902.647601,153.140646,191.425808,-9456.434915
902.648228,153.140646,114.855485,-9437.292334
902.648856,133.998066,114.855485,-9418.149754
902.649483,153.140646,153.140646,-9399.007173
902.650110,76.570323,114.855485,-9418.149754
902.650737,153.140646,133.998066,-9399.007173
902.651365,76.570323,153.140646,-9418.149754
902.651992,76.570323,114.855485,-9418.149754
902.652619,133.998066,114.855485,-9418.149754
902.653246,133.998066,114.855485,-9437.292334
902.653874,153.140646,153.140646,-9456.434915
902.654501,133.998066,153.140646,-9418.149754
902.655128,133.998066,153.140646,-9399.007173
902.655756,133.998066,114.855485,-9456.434915
902.656383,210.568389,133.998066,-9513.862658
902.657010,133.998066,153.140646,-9418.149754
902.657637,76.570323,172.283227,-9418.149754
902.658265,76.570323,153.140646,-9437.292334
902.658892,133.998066,114.855485,-9418.149754
902.659519,95.712904,95.712904,-9399.007173
902.660146,76.570323,114.855485,-9418.149754
902.660774,57.427742,133.998066,-9360.722011
902.661401,76.570323,114.855485,-9418.149754
902.662028,76.570323,114.855485,-9418.149754
902.662655,95.712904,153.140646,-9437.292334
902.663283,76.570323,114.855485,-9437.292334
902.663910,133.998066,114.855485,-9418.149754
902.664537,114.855485,95.712904,-9437.292334
902.665164,153.140646,133.998066,-9437.292334
902.665792,76.570323,210.568389,-9418.149754
902.666419,76.570323,114.855485,-9418.149754
902.667046,76.570323,153.140646,-9456.434915
902.667674,133.998066,114.855485,-9418.149754
902.668301,76.570323,153.140646,-9456.434915
902.668928,38.285162,114.855485,-9418.149754
902.669555,95.712904,114.855485,-9418.149754
902.670183,114.855485,191.425808,-9360.722011
902.670810,38.285162,191.425808,-9437.292334
902.671437,133.998066,153.140646,-9456.434915
902.672064,57.427742,114.855485,-9456.434915
902.672692,38.285162,114.855485,-9418.149754
902.673319,172.283227,153.140646,-9379.864592
902.673946,133.998066,153.140646,-9418.149754
902.674573,133.998066,172.283227,-9494.720077
902.675201,76.570323,114.855485,-9418.149754
902.675828,114.855485,133.998066,-9360.722011
902.676455,76.570323,172.283227,-9494.720077
902.677082,95.712904,153.140646,-9475.577496
902.677710,133.998066,114.855485,-9437.292334
902.678337,76.570323,172.283227,-9418.149754
902.678964,95.712904,114.855485,-9456.434915
902.679592,133.998066,114.855485,-9418.149754
902.680219,76.570323,114.855485,-9418.149754
902.680846,76.570323,114.855485,-9475.577496
902.681473,153.140646,133.998066,-9456.434915
902.682101,114.855485,76.570323,-9437.292334
902.682728,76.570323,153.140646,-9437.292334
902.683355,76.570323,114.855485,-9456.434915
902.683982,133.998066,153.140646,-9456.434915
902.684610,133.998066,114.855485,-9418.149754
902.685237,133.998066,172.283227,-9418.149754
902.685864,133.998066,114.855485,-9418.149754
902.686491,38.285162,114.855485,-9418.149754
902.687118,38.285162,172.283227,-9418.149754
902.687745,76.570323,210.568389,-9456.434915
902.688373,133.998066,133.998066,-9475.577496
902.689000,114.855485,95.712904,-9437.292334
902.689627,95.712904,133.998066,-9360.722011
902.690254,133.998066,114.855485,-9437.292334
902.690881,76.570323,172.283227,-9475.577496
902.691509,76.570323,172.283227,-9456.434915
902.692136,133.998066,153.140646,-9418.149754
902.692763,38.285162,114.855485,-9418.149754
902.693390,95.712904,114.855485,-9399.007173
902.694017,76.570323,114.855485,-9418.149754
902.694645,133.998066,172.283227,-9418.149754
902.695272,133.998066,114.855485,-9437.292334
902.695899,133.998066,153.140646,-9475.577496
902.696526,76.570323,153.140646,-9418.149754
902.697153,76.570323,172.283227,-9437.292334
902.697780,133.998066,114.855485,-9475.577496
902.698408,114.855485,76.570323,-9418.149754
902.699035,114.855485,95.712904,-9399.007173
902.699662,133.998066,114.855485,-9418.149754
902.700289,153.140646,133.998066,-9437.292334
902.700916,133.998066,172.283227,-9418.149754
902.701544,95.712904,114.855485,-9418.149754
902.702171,114.855485,114.855485,-9456.434915
902.702798,153.140646,191.425808,-9437.292334
902.703425,76.570323,191.425808,-9418.149754
902.704052,133.998066,191.425808,-9399.007173
902.704679,95.712904,153.140646,-9418.149754
902.705307,76.570323,114.855485,-9437.292334
902.705934,133.998066,172.283227,-9418.149754
902.706561,114.855485,95.712904,-9399.007173
902.707188,76.570323,114.855485,-9418.149754
902.707815,57.427742,114.855485,-9494.720077
902.708443,95.712904,114.855485,-9456.434915
902.709070,95.712904,114.855485,-9418.149754
902.709697,95.712904,114.855485,-9456.434915
902.710324,76.570323,114.855485,-9418.149754
902.710951,95.712904,114.855485,-9399.007173
902.711579,38.285162,172.283227,-9418.149754
902.712206,133.998066,153.140646,-9418.149754
902.712833,133.998066,210.568389,-9418.149754
902.713460,95.712904,95.712904,-9456.434915
902.714087,76.570323,114.855485,-9418.149754
902.714714,133.998066,114.855485,-9360.722011
902.715342,133.998066,153.140646,-9475.577496
902.715969,76.570323,172.283227,-9418.149754
902.716596,76.570323,172.283227,-9456.434915
902.717223,133.998066,114.855485,-9418.149754
902.717850,76.570323,172.283227,-9437.292334
902.718478,76.570323,114.855485,-9418.149754
902.719105,38.285162,114.855485,-9418.149754
902.719732,133.998066,114.855485,-9475.577496
902.720359,133.998066,114.855485,-9418.149754
902.720986,133.998066,114.855485,-9437.292334
902.721614,153.140646,133.998066,-9399.007173
902.722241,133.998066,172.283227,-9418.149754
902.722868,133.998066,114.855485,-9418.149754
902.723495,133.998066,172.283227,-9456.434915
902.724122,38.285162,153.140646,-9418.149754
902.724749,172.283227,76.570323,-9418.149754
902.725377,133.998066,133.998066,-9475.577496
902.726004,133.998066,153.140646,-9418.149754
902.726631,38.285162,114.855485,-9418.149754
902.727258,133.998066,114.855485,-9418.149754
902.727885,133.998066,172.283227,-9418.149754
902.728513,76.570323,172.283227,-9437.292334
902.729140,133.998066,114.855485,-9418.149754
902.729767,76.570323,114.855485,-9418.149754
902.730394,133.998066,114.855485,-9456.434915
902.731021,133.998066,172.283227,-9360.722011
902.731648,133.998066,133.998066,-9399.007173
902.732276,38.285162,114.855485,-9437.292334
902.732903,76.570323,114.855485,-9456.434915
902.733530,95.712904,172.283227,-9437.292334
902.734157,38.285162,210.568389,-9418.149754
902.734784,76.570323,153.140646,-9418.149754
902.735412,76.570323,114.855485,-9360.722011
902.736039,133.998066,133.998066,-9399.007173
902.736666,133.998066,191.425808,-9418.149754
902.737293,76.570323,153.140646,-9456.434915
902.737920,133.998066,153.140646,-9418.149754
902.738548,153.140646,133.998066,-9437.292334
902.739175,133.998066,114.855485,-9437.292334
902.739802,133.998066,133.998066,-9456.434915
902.740429,76.570323,153.140646,-9418.149754
902.741056,38.285162,210.568389,-9437.292334
902.741683,38.285162,114.855485,-9418.149754
902.742311,76.570323,153.140646,-9418.149754
902.742938,76.570323,191.425808,-9418.149754
902.743565,76.570323,210.568389,-9418.149754
902.744192,38.285162,153.140646,-9418.149754
902.744819,57.427742,153.140646,-9418.149754
902.745447,38.285162,172.283227,-9437.292334
902.746074,153.140646,191.425808,-9456.434915
902.746701,133.998066,172.283227,-9437.292334
902.747328,133.998066,153.140646,-9418.149754
902.747955,76.570323,210.568389,-9475.577496
902.748582,133.998066,153.140646,-9418.149754
902.749210,114.855485,95.712904,-9437.292334
902.749837,133.998066,114.855485,-9418.149754
902.750464,172.283227,76.570323,-9418.149754
902.751091,153.140646,133.998066,-9456.434915
902.751718,153.140646,114.855485,-9456.434915
902.752346,133.998066,114.855485,-9418.149754
902.752973,133.998066,191.425808,-9475.577496
902.753600,38.285162,210.568389,-9418.149754
902.754227,76.570323,114.855485,-9418.149754
902.754854,133.998066,114.855485,-9456.434915
902.755482,95.712904,95.712904,-9475.577496
902.756109,133.998066,114.855485,-9418.149754
902.756736,153.140646,133.998066,-9399.007173
902.757363,133.998066,114.855485,-9418.149754
902.757990,76.570323,153.140646,-9475.577496
902.758617,153.140646,191.425808,-9399.007173
902.759245,114.855485,153.140646,-9418.149754
902.759872,76.570323,114.855485,-9418.149754
902.760499,133.998066,114.855485,-9418.149754
902.761126,57.427742,95.712904,-9399.007173
902.761753,172.283227,76.570323,-9437.292334
902.762381,76.570323,114.855485,-9418.149754
902.763008,133.998066,114.855485,-9418.149754
902.763635,76.570323,114.855485,-9437.292334
902.764262,95.712904,114.855485,-9475.577496
902.764889,38.285162,153.140646,-9456.434915
902.765517,133.998066,114.855485,-9418.149754
902.766144,133.998066,153.140646,-9418.149754
902.766771,153.140646,114.855485,-9437.292334
902.767398,76.570323,114.855485,-9418.149754
902.768025,153.140646,133.998066,-9399.007173
902.768652,133.998066,172.283227,-9494.720077
902.769280,133.998066,153.140646,-9418.149754
902.769907,114.855485,153.140646,-9360.722011
902.770534,153.140646,191.425808,-9456.434915
902.771161,133.998066,114.855485,-9418.149754
902.771788,76.570323,114.855485,-9418.149754
902.772416,76.570323,153.140646,-9418.149754
902.773043,38.285162,114.855485,-9418.149754
902.773670,133.998066,114.855485,-9418.149754
902.774297,133.998066,114.855485,-9418.149754
902.774924,114.855485,95.712904,-9456.434915
902.775551,95.712904,210.568389,-9456.434915
902.776179,153.140646,153.140646,-9437.292334
902.776806,76.570323,114.855485,-9418.149754
902.777433,133.998066,114.855485,-9456.434915
902.778060,76.570323,172.283227,-9418.149754
902.778687,210.568389,133.998066,-9494.720077
902.779315,191.425808,191.425808,-9418.149754
902.779942,95.712904,95.712904,-9399.007173
902.780569,38.285162,153.140646,-9418.149754
902.781196,95.712904,95.712904,-9456.434915
902.781823,76.570323,114.855485,-9456.434915
902.782451,76.570323,191.425808,-9437.292334
902.783078,153.140646,133.998066,-9399.007173
902.783705,76.570323,172.283227,-9418.149754
902.784332,76.570323,172.283227,-9418.149754
902.784959,153.140646,172.283227,-9418.149754
902.785587,114.855485,76.570323,-9418.149754
902.786214,133.998066,114.855485,-9418.149754
902.786841,133.998066,153.140646,-9418.149754
902.787469,76.570323,210.568389,-9418.149754
902.788096,38.285162,172.283227,-9418.149754
902.788723,76.570323,114.855485,-9475.577496
902.789351,57.427742,172.283227,-9360.722011
902.789978,133.998066,153.140646,-9456.434915
902.790605,95.712904,133.998066,-9360.722011
902.791232,95.712904,229.710970,-9418.149754
902.791860,133.998066,172.283227,-9437.292334
902.792487,133.998066,210.568389,-9418.149754
902.793114,95.712904,153.140646,-9418.149754
902.793742,133.998066,172.283227,-9418.149754
902.794369,153.140646,153.140646,-9399.007173
902.794996,133.998066,114.855485,-9418.149754
902.795624,76.570323,210.568389,-9456.434915
902.796251,76.570323,229.710970,-9437.292334
902.796878,76.570323,210.568389,-9418.149754
902.797506,114.855485,172.283227,-9360.722011
902.798133,133.998066,114.855485,-9418.149754
902.798760,95.712904,95.712904,-9399.007173
902.799387,76.570323,210.568389,-9437.292334
902.800015,76.570323,114.855485,-9456.434915
902.800642,95.712904,95.712904,-9399.007173
902.801269,38.285162,114.855485,-9437.292334
902.801897,38.285162,114.855485,-9418.149754
902.802524,57.427742,114.855485,-9437.292334
902.803151,133.998066,172.283227,-9475.577496
902.803779,133.998066,172.283227,-9418.149754
902.804406,76.570323,172.283227,-9418.149754
902.805033,133.998066,210.568389,-9418.149754
902.805661,38.285162,153.140646,-9437.292334
902.806288,76.570323,153.140646,-9418.149754
902.806915,95.712904,172.283227,-9418.149754
902.807542,133.998066,153.140646,-9494.720077
902.808170,133.998066,114.855485,-9475.577496
902.808797,153.140646,172.283227,-9399.007173
902.809424,76.570323,153.140646,-9418.149754
902.810052,133.998066,114.855485,-9475.577496
902.810679,133.998066,114.855485,-9437.292334
902.811306,76.570323,229.710970,-9418.149754
902.811934,57.427742,95.712904,-9399.007173
902.812561,133.998066,114.855485,-9418.149754
902.813188,76.570323,114.855485,-9418.149754
902.813816,57.427742,153.140646,-9360.722011
902.814443,76.570323,210.568389,-9418.149754
902.815070,95.712904,133.998066,-9360.722011
902.815697,76.570323,172.283227,-9418.149754
902.816325,76.570323,114.855485,-9418.149754
902.816952,133.998066,153.140646,-9399.007173
902.817579,114.855485,172.283227,-9360.722011
902.818207,76.570323,172.283227,-9475.577496
902.818834,76.570323,153.140646,-9418.149754
902.819461,38.285162,114.855485,-9437.292334
902.820089,76.570323,114.855485,-9418.149754
902.820716,57.427742,172.283227,-9437.292334
902.821343,133.998066,229.710970,-9360.722011
902.821971,76.570323,210.568389,-9418.149754
902.822598,153.140646,114.855485,-9418.149754
902.823225,95.712904,172.283227,-9418.149754
902.823852,76.570323,153.140646,-9418.149754
902.824480,114.855485,95.712904,-9456.434915
902.825107,153.140646,153.140646,-9456.434915
902.825734,133.998066,153.140646,-9456.434915
902.826362,76.570323,172.283227,-9418.149754
902.826989,133.998066,114.855485,-9437.292334
902.827616,76.570323,114.855485,-9418.149754
902.828244,114.855485,172.283227,-9360.722011
902.828871,210.568389,172.283227,-9456.434915
902.829498,210.568389,210.568389,-9475.577496
902.830126,76.570323,153.140646,-9418.149754
902.830753,210.568389,248.853550,-9399.007173
902.831380,153.140646,133.998066,-9399.007173
902.832007,76.570323,114.855485,-9456.434915
902.832635,153.140646,133.998066,-9399.007173
902.833262,114.855485,114.855485,-9379.864592
902.833889,76.570323,114.855485,-9418.149754
902.834517,38.285162,172.283227,-9437.292334
902.835144,38.285162,153.140646,-9456.434915
902.835771,76.570323,114.855485,-9418.149754
902.836399,153.140646,153.140646,-9456.434915
902.837026,76.570323,172.283227,-9418.149754
902.837653,114.855485,172.283227,-9379.864592
902.838281,76.570323,229.710970,-9399.007173
902.838908,76.570323,114.855485,-9475.577496
902.839535,133.998066,114.855485,-9418.149754
902.840162,95.712904,114.855485,-9399.007173
902.840790,76.570323,114.855485,-9418.149754
902.841417,57.427742,133.998066,-9360.722011
902.842044,76.570323,114.855485,-9418.149754
902.842672,38.285162,153.140646,-9437.292334
902.843299,76.570323,114.855485,-9494.720077
902.843926,76.570323,114.855485,-9475.577496
902.844554,38.285162,153.140646,-9418.149754
902.845181,133.998066,114.855485,-9418.149754
902.845808,76.570323,114.855485,-9418.149754
902.846436,76.570323,114.855485,-9456.434915
902.847063,114.855485,95.712904,-9456.434915
902.847690,38.285162,76.570323,-9379.864592
902.848317,133.998066,172.283227,-9399.007173
902.848945,76.570323,172.283227,-9418.149754
902.849572,76.570323,153.140646,-9418.149754
902.850199,153.140646,153.140646,-9399.007173
902.850827,76.570323,172.283227,-9418.149754
902.851454,76.570323,114.855485,-9437.292334
902.852081,153.140646,133.998066,-9399.007173
902.852709,133.998066,191.425808,-9437.292334
902.853336,38.285162,172.283227,-9475.577496
902.853963,153.140646,153.140646,-9456.434915
902.854591,95.712904,210.568389,-9437.292334
902.855218,153.140646,133.998066,-9399.007173
902.855845,133.998066,114.855485,-9418.149754
902.856472,76.570323,229.710970,-9437.292334
902.857100,38.285162,114.855485,-9418.149754
902.857727,57.427742,133.998066,-9360.722011
902.858354,95.712904,133.998066,-9360.722011
902.858982,95.712904,172.283227,-9418.149754
902.859609,133.998066,172.283227,-9456.434915
902.860236,133.998066,153.140646,-9456.434915
902.860864,76.570323,114.855485,-9456.434915
902.861491,76.570323,114.855485,-9418.149754
902.862118,133.998066,114.855485,-9418.149754
902.862746,133.998066,133.998066,-9399.007173
902.863373,114.855485,153.140646,-9418.149754
902.864000,133.998066,153.140646,-9418.149754
902.864627,38.285162,114.855485,-9437.292334
902.865255,38.285162,114.855485,-9418.149754
902.865882,114.855485,95.712904,-9437.292334
902.866509,133.998066,210.568389,-9418.149754
902.867137,133.998066,114.855485,-9437.292334
902.867764,172.283227,76.570323,-9418.149754
902.868391,133.998066,172.283227,-9456.434915
902.869019,153.140646,153.140646,-9456.434915
902.869646,133.998066,210.568389,-9418.149754
902.870273,133.998066,153.140646,-9437.292334
902.870901,38.285162,114.855485,-9437.292334
902.871528,76.570323,153.140646,-9418.149754
902.872155,133.998066,114.855485,-9456.434915
902.872782,76.570323,210.568389,-9418.149754
902.873410,95.712904,172.283227,-9418.149754
902.874037,38.285162,114.855485,-9475.577496
902.874664,57.427742,114.855485,-9399.007173
902.875292,133.998066,153.140646,-9418.149754
902.875919,76.570323,153.140646,-9418.149754
902.876546,133.998066,114.855485,-9437.292334
902.877174,95.712904,114.855485,-9494.720077
902.877801,133.998066,172.283227,-9456.434915
902.878428,153.140646,133.998066,-9456.434915
902.879055,76.570323,114.855485,-9418.149754
902.879683,133.998066,172.283227,-9418.149754
902.880310,76.570323,210.568389,-9437.292334
902.880937,133.998066,133.998066,-9456.434915
902.881565,114.855485,191.425808,-9437.292334
902.882192,133.998066,191.425808,-9399.007173
902.882819,76.570323,210.568389,-9437.292334
902.883447,95.712904,95.712904,-9437.292334
902.884074,76.570323,114.855485,-9418.149754
902.884701,76.570323,114.855485,-9418.149754
902.885329,57.427742,172.283227,-9475.577496
902.885956,76.570323,114.855485,-9418.149754
902.886583,38.285162,114.855485,-9418.149754
902.887210,76.570323,172.283227,-9437.292334
902.887838,76.570323,191.425808,-9418.149754
902.888465,38.285162,153.140646,-9418.149754
902.889092,76.570323,172.283227,-9418.149754
902.889719,114.855485,133.998066,-9360.722011
902.890347,76.570323,114.855485,-9418.149754
902.890974,38.285162,153.140646,-9475.577496
902.891601,133.998066,172.283227,-9418.149754
902.892228,133.998066,114.855485,-9418.149754
902.892856,76.570323,114.855485,-9418.149754
902.893483,38.285162,153.140646,-9418.149754
902.894110,95.712904,133.998066,-9360.722011
902.894737,76.570323,114.855485,-9437.292334
902.895365,95.712904,95.712904,-9399.007173
902.895992,95.712904,114.855485,-9418.149754
902.896619,133.998066,114.855485,-9418.149754
902.897247,76.570323,191.425808,-9418.149754
902.897874,76.570323,210.568389,-9418.149754
902.898501,76.570323,153.140646,-9418.149754
902.899128,76.570323,153.140646,-9418.149754
902.899756,38.285162,114.855485,-9418.149754
902.900383,133.998066,114.855485,-9418.149754
902.901010,95.712904,95.712904,-9456.434915
902.901637,133.998066,114.855485,-9475.577496
902.902265,153.140646,153.140646,-9437.292334
902.902892,153.140646,153.140646,-9437.292334
902.903519,76.570323,172.283227,-9418.149754
902.904146,38.285162,210.568389,-9437.292334
902.904774,38.285162,114.855485,-9437.292334
902.905401,133.998066,172.283227,-9418.149754
902.906028,153.140646,153.140646,-9399.007173
902.906655,76.570323,153.140646,-9418.149754
902.907283,76.570323,114.855485,-9418.149754
902.907910,76.570323,114.855485,-9399.007173
902.908537,57.427742,153.140646,-9360.722011
902.909165,133.998066,133.998066,-9399.007173
902.909792,76.570323,133.998066,-9360.722011
902.910419,172.283227,57.427742,-9418.149754
902.911046,133.998066,114.855485,-9437.292334
902.911674,133.998066,172.283227,-9475.577496
902.912301,133.998066,172.283227,-9437.292334
902.912928,153.140646,133.998066,-9475.577496
902.913555,76.570323,114.855485,-9456.434915
902.914183,133.998066,133.998066,-9399.007173
902.914810,76.570323,114.855485,-9418.149754
902.915437,133.998066,153.140646,-9418.149754
902.916064,133.998066,114.855485,-9418.149754
902.916692,133.998066,114.855485,-9475.577496
902.917319,38.285162,76.570323,-9399.007173
902.917946,38.285162,172.283227,-9437.292334
902.918573,133.998066,172.283227,-9437.292334
902.919201,76.570323,114.855485,-9475.577496
902.919828,76.570323,114.855485,-9418.149754
902.920455,133.998066,172.283227,-9437.292334
902.921083,153.140646,133.998066,-9399.007173
902.921710,133.998066,210.568389,-9475.577496
902.922337,133.998066,153.140646,-9418.149754
902.922964,133.998066,114.855485,-9456.434915
902.923592,153.140646,133.998066,-9437.292334
902.924219,114.855485,95.712904,-9399.007173
902.924846,38.285162,172.283227,-9437.292334
902.925473,76.570323,229.710970,-9437.292334
902.926101,133.998066,172.283227,-9437.292334
902.926728,133.998066,114.855485,-9437.292334
902.927355,133.998066,114.855485,-9437.292334
902.927982,76.570323,114.855485,-9418.149754
902.928610,133.998066,172.283227,-9418.149754
902.929237,95.712904,133.998066,-9360.722011
902.929864,76.570323,172.283227,-9360.722011
902.930491,95.712904,114.855485,-9418.149754
902.931119,133.998066,114.855485,-9418.149754
902.931746,76.570323,114.855485,-9437.292334
902.932373,133.998066,172.283227,-9418.149754
902.933001,133.998066,114.855485,-9437.292334
902.933628,95.712904,210.568389,-9418.149754
902.934255,57.427742,95.712904,-9456.434915
902.934882,76.570323,172.283227,-9418.149754
902.935510,76.570323,114.855485,-9456.434915
902.936137,95.712904,95.712904,-9494.720077
902.936764,133.998066,229.710970,-9418.149754
902.937391,95.712904,153.140646,-9360.722011
902.938019,153.140646,133.998066,-9399.007173
902.938646,76.570323,114.855485,-9418.149754
902.939273,114.855485,76.570323,-9418.149754
902.939900,95.712904,114.855485,-9475.577496
902.940528,76.570323,114.855485,-9437.292334
902.941155,76.570323,114.855485,-9418.149754
902.941782,133.998066,210.568389,-9456.434915
902.942410,133.998066,172.283227,-9494.720077
902.943037,38.285162,114.855485,-9418.149754
902.943664,153.140646,153.140646,-9399.007173
902.944291,95.712904,114.855485,-9456.434915
902.944919,133.998066,114.855485,-9418.149754
902.945546,38.285162,153.140646,-9437.292334
902.946173,153.140646,191.425808,-9418.149754
902.946800,153.140646,133.998066,-9399.007173
902.947428,133.998066,133.998066,-9379.864592
902.948055,133.998066,172.283227,-9494.720077
902.948682,133.998066,172.283227,-9475.577496
902.949309,133.998066,133.998066,-9399.007173
902.949937,76.570323,114.855485,-9533.005238
902.950564,114.855485,114.855485,-9456.434915
902.951191,76.570323,172.283227,-9418.149754
902.951818,76.570323,210.568389,-9418.149754
902.952446,57.427742,133.998066,-9360.722011
902.953073,38.285162,114.855485,-9418.149754
902.953700,95.712904,95.712904,-9399.007173
902.954328,95.712904,172.283227,-9418.149754
902.954955,114.855485,210.568389,-9418.149754
902.955582,133.998066,153.140646,-9418.149754
902.956209,95.712904,95.712904,-9399.007173
902.956837,76.570323,114.855485,-9475.577496
902.957464,76.570323,114.855485,-9437.292334
902.958091,133.998066,114.855485,-9418.149754
902.958718,57.427742,114.855485,-9437.292334
902.959346,114.855485,95.712904,-9437.292334
902.959973,133.998066,133.998066,-9399.007173
902.960600,133.998066,172.283227,-9418.149754
902.961227,76.570323,114.855485,-9437.292334
902.961855,95.712904,114.855485,-9437.292334
902.962482,38.285162,114.855485,-9418.149754
902.963109,38.285162,153.140646,-9456.434915
902.963736,76.570323,114.855485,-9418.149754
902.964364,76.570323,172.283227,-9418.149754
902.964991,38.285162,172.283227,-9475.577496
902.965618,76.570323,153.140646,-9456.434915
902.966246,133.998066,114.855485,-9418.149754
902.966873,153.140646,133.998066,-9399.007173
902.967500,76.570323,114.855485,-9360.722011
902.968127,114.855485,153.140646,-9418.149754
902.968755,76.570323,114.855485,-9456.434915
902.969382,76.570323,153.140646,-9418.149754
902.970009,133.998066,172.283227,-9437.292334
902.970636,133.998066,114.855485,-9418.149754
902.971264,133.998066,114.855485,-9456.434915
902.971891,133.998066,153.140646,-9418.149754
902.972518,114.855485,76.570323,-9437.292334
902.973145,133.998066,114.855485,-9437.292334
902.973773,133.998066,114.855485,-9418.149754
902.974400,76.570323,153.140646,-9533.005238
902.975027,153.140646,172.283227,-9399.007173
902.975654,153.140646,133.998066,-9399.007173
902.976282,114.855485,95.712904,-9399.007173
902.976909,76.570323,172.283227,-9475.577496
902.977536,95.712904,114.855485,-9399.007173
902.978164,95.712904,153.140646,-9533.005238
902.978791,133.998066,114.855485,-9418.149754
902.979418,38.285162,114.855485,-9360.722011
902.980045,38.285162,114.855485,-9418.149754
902.980673,76.570323,153.140646,-9418.149754
902.981300,133.998066,114.855485,-9418.149754
902.981927,38.285162,114.855485,-9437.292334
902.982554,95.712904,114.855485,-9456.434915
902.983182,133.998066,229.710970,-9418.149754
902.983809,133.998066,114.855485,-9418.149754
902.984436,133.998066,172.283227,-9418.149754
902.985063,76.570323,114.855485,-9437.292334
902.985691,76.570323,114.855485,-9475.577496
902.986318,38.285162,114.855485,-9437.292334
902.986945,76.570323,114.855485,-9418.149754
902.987572,95.712904,172.283227,-9360.722011
902.988200,76.570323,172.283227,-9418.149754
902.988827,133.998066,172.283227,-9418.149754
902.989454,76.570323,114.855485,-9418.149754
902.990082,133.998066,172.283227,-9418.149754
902.990709,133.998066,153.140646,-9418.149754
902.991336,153.140646,172.283227,-9437.292334
902.991963,114.855485,114.855485,-9399.007173
902.992591,38.285162,172.283227,-9418.149754
902.993218,38.285162,114.855485,-9437.292334
902.993845,57.427742,76.570323,-9437.292334
902.994472,95.712904,95.712904,-9399.007173
902.995100,133.998066,229.710970,-9418.149754
902.995727,133.998066,191.425808,-9494.720077
902.996354,76.570323,114.855485,-9418.149754
902.996981,95.712904,153.140646,-9418.149754
902.997609,133.998066,172.283227,-9399.007173
902.998236,76.570323,153.140646,-9418.149754
902.998863,114.855485,114.855485,-9399.007173
902.999491,76.570323,114.855485,-9418.149754
903.000118,95.712904,153.140646,-9418.149754
903.000745,76.570323,114.855485,-9418.149754
903.001372,57.427742,95.712904,-9399.007173
903.002000,133.998066,114.855485,-9418.149754
903.002627,38.285162,114.855485,-9418.149754
903.003254,76.570323,114.855485,-9418.149754
903.003881,95.712904,133.998066,-9360.722011
903.004509,38.285162,172.283227,-9418.149754
903.005136,76.570323,114.855485,-9475.577496
903.005763,38.285162,153.140646,-9418.149754
903.006390,153.140646,114.855485,-9418.149754
903.007018,95.712904,114.855485,-9418.149754
903.007645,114.855485,95.712904,-9437.292334
903.008272,38.285162,172.283227,-9418.149754
903.008900,114.855485,95.712904,-9437.292334
903.009527,133.998066,153.140646,-9437.292334
903.010154,95.712904,95.712904,-9399.007173
903.010781,76.570323,153.140646,-9418.149754
903.011409,76.570323,210.568389,-9418.149754
903.012036,38.285162,114.855485,-9418.149754
903.012663,76.570323,76.570323,-9379.864592
903.013290,153.140646,133.998066,-9399.007173
903.013918,133.998066,114.855485,-9418.149754
903.014545,38.285162,229.710970,-9456.434915
903.015172,38.285162,114.855485,-9418.149754
903.015799,95.712904,133.998066,-9360.722011
903.016427,76.570323,114.855485,-9418.149754
903.017054,172.283227,114.855485,-9379.864592
903.017681,38.285162,172.283227,-9418.149754
903.018309,133.998066,153.140646,-9418.149754
903.018936,114.855485,172.283227,-9418.149754
903.019563,133.998066,172.283227,-9418.149754
903.020190,38.285162,172.283227,-9456.434915
903.020818,95.712904,248.853550,-9418.149754
903.021445,76.570323,114.855485,-9456.434915
903.022072,76.570323,172.283227,-9456.434915
903.022699,133.998066,114.855485,-9456.434915
903.023327,76.570323,114.855485,-9456.434915
903.023954,19.142581,153.140646,-9418.149754
903.024581,38.285162,114.855485,-9475.577496
903.025208,76.570323,114.855485,-9418.149754
903.025836,76.570323,114.855485,-9418.149754
903.026463,133.998066,191.425808,-9475.577496
903.027090,38.285162,114.855485,-9437.292334
903.027718,76.570323,114.855485,-9475.577496
903.028345,76.570323,114.855485,-9418.149754
903.028972,76.570323,172.283227,-9418.149754
903.029599,57.427742,95.712904,-9437.292334
903.030227,95.712904,133.998066,-9360.722011
903.030854,76.570323,153.140646,-9418.149754
903.031481,133.998066,114.855485,-9418.149754
903.032108,38.285162,114.855485,-9437.292334
903.032736,76.570323,114.855485,-9437.292334
903.033363,95.712904,114.855485,-9418.149754
903.033990,76.570323,114.855485,-9494.720077
903.034617,76.570323,172.283227,-9418.149754
903.035245,133.998066,153.140646,-9437.292334
903.035872,153.140646,153.140646,-9437.292334
903.036499,76.570323,229.710970,-9418.149754
903.037127,133.998066,210.568389,-9418.149754
903.037754,76.570323,114.855485,-9418.149754
903.038381,38.285162,172.283227,-9475.577496
903.039008,76.570323,95.712904,-9475.577496
903.039636,76.570323,172.283227,-9418.149754
903.040263,95.712904,172.283227,-9437.292334
903.040890,76.570323,114.855485,-9418.149754
903.041517,38.285162,114.855485,-9456.434915
903.042145,95.712904,172.283227,-9475.577496
903.042772,133.998066,114.855485,-9418.149754
903.043399,133.998066,114.855485,-9418.149754
903.044026,114.855485,153.140646,-9360.722011
903.044654,38.285162,153.140646,-9456.434915
903.045281,133.998066,114.855485,-9456.434915
903.045908,114.855485,95.712904,-9399.007173
903.046536,133.998066,172.283227,-9456.434915
903.047163,38.285162,114.855485,-9418.149754
903.047790,114.855485,133.998066,-9360.722011
903.048417,133.998066,114.855485,-9418.149754
903.049045,76.570323,114.855485,-9456.434915
903.049672,76.570323,172.283227,-9437.292334
903.050299,133.998066,114.855485,-9418.149754
903.050926,76.570323,114.855485,-9418.149754
903.051554,95.712904,133.998066,-9360.722011
903.052181,114.855485,95.712904,-9456.434915
903.052808,38.285162,114.855485,-9418.149754
903.053435,76.570323,114.855485,-9418.149754
903.054063,38.285162,172.283227,-9475.577496
903.054690,38.285162,153.140646,-9475.577496
903.055317,76.570323,210.568389,-9418.149754
903.055945,133.998066,133.998066,-9399.007173
903.056572,76.570323,172.283227,-9437.292334
903.057199,38.285162,210.568389,-9456.434915
903.057826,76.570323,114.855485,-9418.149754
903.058454,153.140646,114.855485,-9418.149754
903.059081,76.570323,172.283227,-9418.149754
903.059708,133.998066,114.855485,-9418.149754
903.060335,38.285162,172.283227,-9437.292334
903.060963,133.998066,153.140646,-9437.292334
903.061590,172.283227,114.855485,-9379.864592
903.062217,76.570323,114.855485,-9437.292334
903.062844,133.998066,172.283227,-9418.149754
903.063472,38.285162,114.855485,-9418.149754
903.064099,38.285162,114.855485,-9437.292334
903.064726,153.140646,153.140646,-9399.007173
903.065354,133.998066,172.283227,-9437.292334
903.065981,76.570323,153.140646,-9456.434915
903.066608,76.570323,172.283227,-9437.292334
903.067235,76.570323,153.140646,-9475.577496
903.067863,76.570323,114.855485,-9418.149754
903.068490,76.570323,114.855485,-9418.149754
903.069117,95.712904,95.712904,-9399.007173
903.069744,95.712904,95.712904,-9437.292334
903.070372,76.570323,114.855485,-9475.577496
903.070999,133.998066,114.855485,-9456.434915
903.071626,153.140646,153.140646,-9399.007173
903.072253,133.998066,153.140646,-9399.007173
903.072881,95.712904,153.140646,-9418.149754
903.073508,153.140646,172.283227,-9399.007173
903.074135,76.570323,114.855485,-9475.577496
903.074762,76.570323,153.140646,-9418.149754
903.075390,76.570323,114.855485,-9418.149754
903.076017,133.998066,114.855485,-9456.434915
903.076644,76.570323,114.855485,-9418.149754
903.077272,76.570323,153.140646,-9418.149754
903.077899,153.140646,153.140646,-9437.292334
903.078526,133.998066,114.855485,-9456.434915
903.079153,133.998066,153.140646,-9399.007173
903.079781,133.998066,153.140646,-9418.149754
903.080408,133.998066,114.855485,-9437.292334
903.081035,133.998066,114.855485,-9437.292334
903.081662,95.712904,95.712904,-9418.149754
903.082290,38.285162,153.140646,-9418.149754
903.082917,133.998066,95.712904,-9399.007173
903.083544,153.140646,133.998066,-9399.007173
903.084171,133.998066,114.855485,-9437.292334
903.084799,76.570323,114.855485,-9418.149754
903.085426,95.712904,95.712904,-9399.007173
903.086053,133.998066,172.283227,-9494.720077
903.086681,153.140646,133.998066,-9399.007173
903.087308,133.998066,114.855485,-9418.149754
903.087935,172.283227,210.568389,-9322.436850
903.088562,133.998066,114.855485,-9418.149754
903.089189,153.140646,153.140646,-9437.292334
903.089817,133.998066,172.283227,-9418.149754
903.090444,76.570323,114.855485,-9418.149754
903.091071,95.712904,114.855485,-9418.149754
903.091698,153.140646,153.140646,-9399.007173
903.092326,133.998066,114.855485,-9475.577496
903.092953,133.998066,114.855485,-9456.434915
903.093580,133.998066,153.140646,-9418.149754
903.094207,133.998066,172.283227,-9437.292334
903.094835,76.570323,229.710970,-9418.149754
903.095462,153.140646,172.283227,-9418.149754
903.096089,76.570323,210.568389,-9533.005238
903.096716,76.570323,210.568389,-9418.149754
903.097344,133.998066,172.283227,-9418.149754
903.097971,133.998066,210.568389,-9437.292334
903.098598,133.998066,172.283227,-9437.292334
903.099225,76.570323,153.140646,-9475.577496
903.099853,133.998066,153.140646,-9418.149754
903.100480,133.998066,114.855485,-9418.149754
903.101107,76.570323,114.855485,-9456.434915
903.101734,114.855485,114.855485,-9379.864592
903.102362,114.855485,95.712904,-9456.434915
903.102989,76.570323,114.855485,-9437.292334
903.103616,57.427742,133.998066,-9475.577496
903.104243,38.285162,153.140646,-9418.149754
903.104871,76.570323,114.855485,-9437.292334
903.105498,133.998066,172.283227,-9418.149754
903.106125,57.427742,172.283227,-9418.149754
903.106752,133.998066,153.140646,-9456.434915
903.107379,133.998066,114.855485,-9418.149754
903.108007,76.570323,114.855485,-9418.149754
903.108634,153.140646,172.283227,-9494.720077
903.109261,153.140646,133.998066,-9456.434915
903.109888,95.712904,114.855485,-9437.292334
903.110516,153.140646,133.998066,-9399.007173
903.111143,153.140646,172.283227,-9456.434915
903.111770,153.140646,133.998066,-9399.007173
903.112397,133.998066,114.855485,-9533.005238
903.113025,133.998066,172.283227,-9418.149754
903.113652,133.998066,210.568389,-9418.149754
903.114279,153.140646,153.140646,-9399.007173
903.114906,76.570323,153.140646,-9456.434915
903.115534,76.570323,114.855485,-9418.149754
903.116161,153.140646,133.998066,-9399.007173
903.116788,95.712904,95.712904,-9379.864592
903.117415,57.427742,210.568389,-9399.007173
903.118043,38.285162,172.283227,-9437.292334
903.118670,76.570323,114.855485,-9437.292334
903.119297,95.712904,95.712904,-9513.862658
903.119924,133.998066,114.855485,-9418.149754
903.120552,133.998066,76.570323,-9379.864592
903.121179,191.425808,76.570323,-9418.149754
903.121806,95.712904,95.712904,-9418.149754
903.122433,38.285162,114.855485,-9475.577496
903.123061,76.570323,172.283227,-9437.292334
903.123688,76.570323,114.855485,-9418.149754
903.124315,133.998066,210.568389,-9418.149754
903.124942,133.998066,133.998066,-9399.007173
903.125569,76.570323,114.855485,-9533.005238
903.126197,172.283227,133.998066,-9418.149754
903.126824,76.570323,153.140646,-9418.149754
903.127451,133.998066,114.855485,-9437.292334
903.128078,76.570323,114.855485,-9418.149754
903.128706,114.855485,153.140646,-9360.722011
903.129333,95.712904,114.855485,-9418.149754
903.129960,172.283227,114.855485,-9379.864592
903.130587,76.570323,114.855485,-9418.149754
903.131215,38.285162,114.855485,-9418.149754
903.131842,210.568389,133.998066,-9399.007173
903.132469,95.712904,133.998066,-9360.722011
903.133096,76.570323,210.568389,-9437.292334
903.133724,76.570323,114.855485,-9437.292334
903.134351,76.570323,210.568389,-9437.292334
903.134978,153.140646,133.998066,-9399.007173
903.135605,76.570323,114.855485,-9418.149754
903.136233,153.140646,133.998066,-9399.007173
903.136860,76.570323,114.855485,-9437.292334
903.137487,76.570323,153.140646,-9418.149754
903.138114,57.427742,172.283227,-9418.149754
903.138742,38.285162,114.855485,-9437.292334
903.139369,38.285162,114.855485,-9437.292334
903.139996,76.570323,153.140646,-9437.292334
903.140623,210.568389,191.425808,-9399.007173
903.141251,76.570323,114.855485,-9418.149754
903.141878,76.570323,114.855485,-9418.149754
903.142505,133.998066,153.140646,-9418.149754
903.143132,95.712904,114.855485,-9456.434915
903.143759,57.427742,114.855485,-9437.292334
903.144387,76.570323,114.855485,-9418.149754
903.145014,95.712904,95.712904,-9399.007173
903.145641,133.998066,114.855485,-9418.149754
903.146268,76.570323,114.855485,-9437.292334
903.146896,153.140646,133.998066,-9399.007173
903.147523,76.570323,172.283227,-9418.149754
903.148150,76.570323,172.283227,-9456.434915
903.148777,76.570323,114.855485,-9418.149754
903.149405,133.998066,172.283227,-9418.149754
903.150032,57.427742,210.568389,-9418.149754
903.150659,38.285162,114.855485,-9418.149754
903.151286,76.570323,172.283227,-9418.149754
903.151914,133.998066,114.855485,-9494.720077
903.152541,133.998066,114.855485,-9533.005238
903.153168,76.570323,95.712904,-9437.292334
903.153795,76.570323,114.855485,-9418.149754
903.154423,95.712904,95.712904,-9437.292334
903.155050,133.998066,172.283227,-9437.292334
903.155677,133.998066,210.568389,-9418.149754
903.156304,133.998066,210.568389,-9418.149754
903.156932,95.712904,210.568389,-9494.720077
903.157559,38.285162,114.855485,-9418.149754
903.158186,76.570323,210.568389,-9456.434915
903.158813,114.855485,229.710970,-9456.434915
903.159441,76.570323,153.140646,-9437.292334
903.160068,38.285162,114.855485,-9418.149754
903.160695,76.570323,114.855485,-9418.149754
903.161322,133.998066,210.568389,-9437.292334
903.161949,76.570323,153.140646,-9418.149754
903.162577,133.998066,114.855485,-9418.149754
903.163204,95.712904,95.712904,-9437.292334
903.163831,95.712904,95.712904,-9456.434915
903.164458,133.998066,114.855485,-9437.292334
903.165086,133.998066,153.140646,-9494.720077
903.165713,133.998066,229.710970,-9437.292334
903.166340,133.998066,114.855485,-9418.149754
903.166967,38.285162,114.855485,-9437.292334
903.167595,76.570323,114.855485,-9456.434915
903.168222,95.712904,95.712904,-9437.292334
903.168849,114.855485,95.712904,-9494.720077
903.169476,38.285162,191.425808,-9418.149754
903.170104,76.570323,114.855485,-9418.149754
903.170731,133.998066,114.855485,-9418.149754
903.171358,38.285162,153.140646,-9418.149754
903.171985,133.998066,114.855485,-9418.149754
903.172613,76.570323,114.855485,-9475.577496
903.173240,76.570323,114.855485,-9418.149754
903.173867,133.998066,114.855485,-9418.149754
903.174494,133.998066,210.568389,-9399.007173
903.175122,153.140646,133.998066,-9399.007173
903.175749,153.140646,133.998066,-9437.292334
903.176376,76.570323,114.855485,-9418.149754
903.177003,133.998066,114.855485,-9418.149754
903.177630,76.570323,153.140646,-9418.149754
903.178258,153.140646,133.998066,-9456.434915
903.178885,76.570323,114.855485,-9418.149754
903.179512,114.855485,95.712904,-9399.007173
903.180139,133.998066,172.283227,-9418.149754
903.180767,76.570323,114.855485,-9418.149754
903.181394,76.570323,172.283227,-9418.149754
903.182021,19.142581,172.283227,-9418.149754
903.182648,95.712904,172.283227,-9418.149754
903.183276,133.998066,153.140646,-9418.149754
903.183903,38.285162,114.855485,-9418.149754
903.184530,38.285162,114.855485,-9418.149754
903.185157,38.285162,114.855485,-9456.434915
903.185785,38.285162,114.855485,-9418.149754
903.186412,76.570323,114.855485,-9418.149754
903.187039,172.283227,76.570323,-9418.149754
903.187666,95.712904,172.283227,-9418.149754
903.188294,133.998066,172.283227,-9399.007173
903.188921,133.998066,191.425808,-9437.292334
903.189548,133.998066,114.855485,-9418.149754
903.190175,95.712904,210.568389,-9456.434915
903.190803,133.998066,114.855485,-9418.149754
903.191430,95.712904,95.712904,-9437.292334
903.192057,76.570323,95.712904,-9399.007173
903.192685,38.285162,114.855485,-9418.149754
903.193312,76.570323,172.283227,-9418.149754
903.193940,76.570323,114.855485,-9418.149754
903.194567,76.570323,114.855485,-9456.434915
903.195195,133.998066,172.283227,-9399.007173
903.195822,76.570323,114.855485,-9418.149754
903.196450,57.427742,114.855485,-9418.149754
903.197077,114.855485,95.712904,-9399.007173
903.197704,133.998066,114.855485,-9418.149754
903.198332,133.998066,172.283227,-9418.149754
903.198959,133.998066,114.855485,-9475.577496
903.199587,95.712904,114.855485,-9456.434915
903.200214,76.570323,172.283227,-9418.149754
903.200842,133.998066,114.855485,-9418.149754
903.201469,133.998066,153.140646,-9399.007173
903.202097,95.712904,114.855485,-9418.149754
903.202724,133.998066,153.140646,-9437.292334
903.203352,114.855485,153.140646,-9399.007173
903.203979,133.998066,172.283227,-9437.292334
903.204606,76.570323,114.855485,-9418.149754
903.205234,76.570323,114.855485,-9418.149754
903.205861,153.140646,133.998066,-9399.007173
903.206489,76.570323,114.855485,-9418.149754
903.207116,76.570323,210.568389,-9418.149754
903.207744,76.570323,229.710970,-9456.434915
903.208371,76.570323,172.283227,-9437.292334
903.208999,133.998066,114.855485,-9418.149754
903.209626,57.427742,133.998066,-9360.722011
903.210253,76.570323,172.283227,-9456.434915
903.210881,76.570323,153.140646,-9475.577496
903.211508,133.998066,114.855485,-9437.292334
903.212136,153.140646,172.283227,-9399.007173
903.212763,38.285162,153.140646,-9418.149754
903.213391,76.570323,114.855485,-9456.434915
903.214018,76.570323,114.855485,-9418.149754
903.214646,76.570323,114.855485,-9418.149754
903.215273,38.285162,153.140646,-9475.577496
903.215900,76.570323,191.425808,-9360.722011
903.216528,95.712904,172.283227,-9418.149754
903.217155,114.855485,133.998066,-9341.579430
903.217783,172.283227,153.140646,-9379.864592
903.218410,95.712904,95.712904,-9399.007173
903.219038,76.570323,95.712904,-9437.292334
903.219665,95.712904,95.712904,-9399.007173
903.220293,76.570323,114.855485,-9418.149754
903.220920,133.998066,114.855485,-9475.577496
903.221548,76.570323,172.283227,-9418.149754
903.222175,76.570323,114.855485,-9456.434915
903.222802,133.998066,114.855485,-9456.434915
903.223430,133.998066,172.283227,-9418.149754
903.224057,76.570323,114.855485,-9475.577496
903.224685,95.712904,172.283227,-9418.149754
903.225312,38.285162,114.855485,-9418.149754
903.225940,153.140646,133.998066,-9456.434915
903.226567,76.570323,153.140646,-9475.577496
903.227195,38.285162,172.283227,-9456.434915
903.227822,76.570323,153.140646,-9475.577496
903.228449,95.712904,133.998066,-9360.722011
903.229077,95.712904,114.855485,-9418.149754
903.229704,153.140646,153.140646,-9399.007173
903.230332,133.998066,114.855485,-9418.149754
903.230959,76.570323,114.855485,-9418.149754
903.231587,133.998066,133.998066,-9456.434915
903.232214,38.285162,114.855485,-9456.434915
903.232842,153.140646,153.140646,-9456.434915
903.233469,76.570323,114.855485,-9475.577496
903.234096,133.998066,210.568389,-9418.149754
903.234724,133.998066,114.855485,-9437.292334
903.235351,76.570323,114.855485,-9456.434915
903.235979,133.998066,114.855485,-9418.149754
903.236606,57.427742,172.283227,-9418.149754
903.237234,95.712904,114.855485,-9418.149754
903.237861,38.285162,229.710970,-9418.149754
903.238489,95.712904,210.568389,-9418.149754
903.239116,76.570323,153.140646,-9437.292334
903.239744,76.570323,114.855485,-9456.434915
903.240371,76.570323,191.425808,-9418.149754
903.240998,76.570323,210.568389,-9437.292334
903.241626,133.998066,153.140646,-9437.292334
903.242253,114.855485,76.570323,-9418.149754
903.242881,38.285162,114.855485,-9418.149754
903.243508,76.570323,114.855485,-9418.149754
903.244136,76.570323,172.283227,-9418.149754
903.244763,153.140646,153.140646,-9475.577496
903.245391,38.285162,114.855485,-9418.149754
903.246018,38.285162,114.855485,-9475.577496
903.246645,76.570323,191.425808,-9418.149754
903.247273,133.998066,114.855485,-9475.577496
903.247900,133.998066,172.283227,-9399.007173
903.248528,38.285162,172.283227,-9418.149754
903.249155,95.712904,133.998066,-9360.722011
903.249783,133.998066,114.855485,-9418.149754
903.250410,76.570323,114.855485,-9456.434915
903.251038,57.427742,95.712904,-9399.007173
903.251665,95.712904,95.712904,-9399.007173
903.252292,95.712904,172.283227,-9360.722011
903.252920,57.427742,153.140646,-9418.149754
903.253547,76.570323,114.855485,-9437.292334
903.254175,133.998066,191.425808,-9456.434915
903.254802,95.712904,114.855485,-9418.149754
903.255430,133.998066,133.998066,-9456.434915
903.256057,133.998066,114.855485,-9475.577496
903.256685,76.570323,114.855485,-9418.149754
903.257312,95.712904,133.998066,-9360.722011
903.257940,76.570323,172.283227,-9437.292334
903.258567,95.712904,114.855485,-9418.149754
903.259194,153.140646,191.425808,-9456.434915
903.259822,133.998066,172.283227,-9456.434915
903.260449,133.998066,153.140646,-9475.577496
903.261077,210.568389,133.998066,-9399.007173
903.261704,95.712904,95.712904,-9399.007173
903.262332,133.998066,114.855485,-9456.434915
903.262959,76.570323,114.855485,-9475.577496
903.263587,95.712904,95.712904,-9456.434915
903.264214,19.142581,114.855485,-9437.292334
903.264841,76.570323,172.283227,-9418.149754
903.265469,76.570323,114.855485,-9456.434915
903.266096,38.285162,210.568389,-9418.149754
903.266724,153.140646,210.568389,-9418.149754
903.267351,76.570323,114.855485,-9418.149754
903.267979,153.140646,133.998066,-9456.434915
903.268606,76.570323,114.855485,-9475.577496
903.269234,95.712904,95.712904,-9399.007173
903.269861,76.570323,114.855485,-9437.292334
903.270488,76.570323,114.855485,-9418.149754
903.271116,76.570323,153.140646,-9456.434915
903.271743,38.285162,153.140646,-9418.149754
903.272371,38.285162,172.283227,-9437.292334
903.272998,38.285162,172.283227,-9418.149754
903.273626,95.712904,153.140646,-9456.434915
903.274253,133.998066,114.855485,-9418.149754
903.274881,133.998066,133.998066,-9399.007173
903.275508,133.998066,114.855485,-9418.149754
903.276136,114.855485,95.712904,-9475.577496
903.276763,38.285162,114.855485,-9418.149754
903.277390,76.570323,153.140646,-9456.434915
903.278018,95.712904,114.855485,-9418.149754
903.278645,133.998066,114.855485,-9475.577496
903.279273,133.998066,114.855485,-9456.434915
903.279900,76.570323,172.283227,-9418.149754
903.280528,153.140646,133.998066,-9494.720077
903.281155,76.570323,114.855485,-9418.149754
903.281783,133.998066,114.855485,-9418.149754
903.282410,95.712904,133.998066,-9437.292334
903.283037,76.570323,114.855485,-9418.149754
903.283665,133.998066,114.855485,-9418.149754
903.284292,76.570323,114.855485,-9418.149754
903.284920,133.998066,153.140646,-9437.292334
903.285547,76.570323,153.140646,-9475.577496
903.286175,76.570323,114.855485,-9418.149754
903.286802,38.285162,114.855485,-9418.149754
903.287430,133.998066,114.855485,-9437.292334
903.288057,133.998066,114.855485,-9418.149754
903.288684,210.568389,133.998066,-9399.007173
903.289312,76.570323,172.283227,-9418.149754
903.289939,95.712904,153.140646,-9418.149754
903.290567,76.570323,191.425808,-9418.149754
903.291194,38.285162,114.855485,-9418.149754
903.291822,38.285162,114.855485,-9437.292334
903.292449,133.998066,114.855485,-9418.149754
903.293076,114.855485,172.283227,-9418.149754
903.293704,210.568389,133.998066,-9399.007173
903.294331,133.998066,114.855485,-9456.434915
903.294958,76.570323,191.425808,-9418.149754
903.295585,76.570323,114.855485,-9418.149754
903.296213,114.855485,95.712904,-9399.007173
903.296840,95.712904,172.283227,-9475.577496
903.297467,76.570323,114.855485,-9418.149754
903.298095,133.998066,114.855485,-9437.292334
903.298722,76.570323,153.140646,-9418.149754
903.299349,133.998066,133.998066,-9399.007173
903.299977,76.570323,114.855485,-9418.149754
903.300604,133.998066,114.855485,-9418.149754
903.301231,76.570323,153.140646,-9456.434915
903.301859,38.285162,133.998066,-9399.007173
903.302486,95.712904,172.283227,-9418.149754
903.303113,153.140646,133.998066,-9399.007173
903.303740,133.998066,114.855485,-9475.577496
903.304368,76.570323,95.712904,-9494.720077
903.304995,76.570323,114.855485,-9360.722011
903.305622,76.570323,172.283227,-9418.149754
903.306250,76.570323,114.855485,-9475.577496
903.306877,38.285162,153.140646,-9437.292334
903.307504,95.712904,114.855485,-9456.434915
903.308132,38.285162,210.568389,-9456.434915
903.308759,114.855485,95.712904,-9399.007173
903.309386,38.285162,210.568389,-9418.149754
903.310014,95.712904,114.855485,-9418.149754
903.310641,76.570323,114.855485,-9418.149754
903.311268,133.998066,172.283227,-9418.149754
903.311895,133.998066,153.140646,-9418.149754
903.312523,76.570323,153.140646,-9533.005238
903.313150,133.998066,114.855485,-9437.292334
903.313777,133.998066,114.855485,-9418.149754
903.314405,76.570323,114.855485,-9418.149754
903.315032,76.570323,210.568389,-9418.149754
903.315659,76.570323,172.283227,-9418.149754
903.316287,133.998066,191.425808,-9437.292334
903.316914,133.998066,153.140646,-9399.007173
903.317541,76.570323,114.855485,-9418.149754
903.318169,153.140646,133.998066,-9475.577496
903.318796,133.998066,114.855485,-9475.577496
903.319423,133.998066,153.140646,-9456.434915
903.320051,76.570323,172.283227,-9437.292334
903.320678,76.570323,153.140646,-9456.434915
903.321305,95.712904,114.855485,-9418.149754
903.321932,76.570323,172.283227,-9456.434915
903.322560,76.570323,114.855485,-9418.149754
903.323187,114.855485,133.998066,-9360.722011
903.323814,133.998066,114.855485,-9456.434915
903.324442,76.570323,153.140646,-9418.149754
903.325069,76.570323,114.855485,-9437.292334
903.325696,95.712904,114.855485,-9418.149754
903.326324,76.570323,114.855485,-9418.149754
903.326951,95.712904,95.712904,-9456.434915
903.327578,76.570323,114.855485,-9418.149754
903.328206,76.570323,153.140646,-9418.149754
903.328833,133.998066,172.283227,-9456.434915
903.329460,76.570323,172.283227,-9456.434915
903.330087,76.570323,153.140646,-9437.292334
903.330715,76.570323,114.855485,-9437.292334
903.331342,76.570323,153.140646,-9418.149754
903.331969,76.570323,114.855485,-9456.434915
903.332597,172.283227,76.570323,-9418.149754
903.333224,114.855485,76.570323,-9456.434915
903.333851,38.285162,172.283227,-9437.292334
903.334479,76.570323,114.855485,-9418.149754
903.335106,38.285162,153.140646,-9437.292334
903.335733,76.570323,95.712904,-9475.577496
903.336361,133.998066,114.855485,-9456.434915
903.336988,133.998066,114.855485,-9456.434915
903.337615,153.140646,133.998066,-9399.007173
903.338242,57.427742,95.712904,-9494.720077
903.338870,95.712904,114.855485,-9418.149754
903.339497,133.998066,114.855485,-9418.149754
903.340124,38.285162,114.855485,-9437.292334
903.340752,76.570323,114.855485,-9456.434915
903.341379,133.998066,114.855485,-9456.434915
903.342006,153.140646,133.998066,-9399.007173
903.342634,114.855485,95.712904,-9456.434915
903.343261,95.712904,114.855485,-9418.149754
903.343888,133.998066,172.283227,-9475.577496
903.344516,76.570323,172.283227,-9418.149754
903.345143,133.998066,114.855485,-9418.149754
903.345770,38.285162,153.140646,-9437.292334
903.346398,76.570323,114.855485,-9418.149754
903.347025,133.998066,153.140646,-9437.292334
903.347652,133.998066,114.855485,-9418.149754
903.348279,133.998066,114.855485,-9418.149754
903.348907,114.855485,95.712904,-9399.007173
903.349534,95.712904,95.712904,-9437.292334
903.350161,76.570323,229.710970,-9418.149754
903.350789,133.998066,172.283227,-9418.149754
903.351416,153.140646,133.998066,-9399.007173
903.352043,153.140646,133.998066,-9399.007173
903.352671,114.855485,95.712904,-9399.007173
903.353298,153.140646,114.855485,-9418.149754
903.353925,153.140646,172.283227,-9399.007173
903.354553,38.285162,114.855485,-9418.149754
903.355180,38.285162,114.855485,-9437.292334
903.355807,76.570323,210.568389,-9437.292334
903.356434,133.998066,172.283227,-9456.434915
903.357062,38.285162,153.140646,-9418.149754
903.357689,76.570323,114.855485,-9437.292334
903.358316,133.998066,191.425808,-9418.149754
903.358944,153.140646,172.283227,-9418.149754
903.359571,133.998066,114.855485,-9418.149754
903.360198,133.998066,248.853550,-9399.007173
903.360826,76.570323,153.140646,-9418.149754
903.361453,133.998066,172.283227,-9437.292334
903.362080,114.855485,153.140646,-9418.149754
903.362708,133.998066,153.140646,-9437.292334
903.363335,133.998066,133.998066,-9399.007173
903.363962,76.570323,172.283227,-9456.434915
903.364589,76.570323,210.568389,-9418.149754
903.365217,133.998066,153.140646,-9418.149754
903.365844,114.855485,95.712904,-9399.007173
903.366471,38.285162,210.568389,-9437.292334
903.367099,133.998066,172.283227,-9418.149754
903.367726,133.998066,153.140646,-9437.292334
903.368353,76.570323,114.855485,-9418.149754
903.368981,133.998066,172.283227,-9418.149754
903.369608,76.570323,114.855485,-9418.149754
903.370235,95.712904,95.712904,-9399.007173
903.370863,133.998066,114.855485,-9418.149754
903.371490,76.570323,210.568389,-9418.149754
903.372117,153.140646,172.283227,-9399.007173
903.372745,76.570323,153.140646,-9418.149754
903.373372,95.712904,172.283227,-9456.434915
903.373999,95.712904,210.568389,-9437.292334
903.374626,133.998066,114.855485,-9456.434915
903.375254,76.570323,114.855485,-9418.149754
903.375881,76.570323,114.855485,-9437.292334
903.376508,133.998066,210.568389,-9418.149754
903.377136,133.998066,114.855485,-9437.292334
903.377763,76.570323,153.140646,-9456.434915
903.378390,133.998066,172.283227,-9418.149754
903.379018,133.998066,133.998066,-9399.007173
903.379645,76.570323,172.283227,-9437.292334
903.380272,38.285162,114.855485,-9418.149754
903.380900,76.570323,114.855485,-9456.434915
903.381527,76.570323,114.855485,-9418.149754
903.382154,133.998066,114.855485,-9475.577496
903.382781,133.998066,133.998066,-9456.434915
903.383409,76.570323,114.855485,-9418.149754
903.384036,95.712904,153.140646,-9456.434915
903.384663,76.570323,210.568389,-9437.292334
903.385291,133.998066,172.283227,-9418.149754
903.385918,114.855485,95.712904,-9456.434915
903.386545,133.998066,114.855485,-9437.292334
903.387173,153.140646,133.998066,-9399.007173
903.387800,76.570323,153.140646,-9418.149754
903.388427,95.712904,133.998066,-9360.722011
903.389055,133.998066,172.283227,-9418.149754
903.389682,114.855485,133.998066,-9418.149754
903.390309,76.570323,114.855485,-9418.149754
903.390936,19.142581,172.283227,-9437.292334
903.391564,38.285162,210.568389,-9475.577496
903.392191,76.570323,172.283227,-9533.005238
903.392818,76.570323,210.568389,-9456.434915
903.393446,76.570323,114.855485,-9456.434915
903.394073,133.998066,114.855485,-9437.292334
903.394700,76.570323,172.283227,-9418.149754
903.395328,95.712904,172.283227,-9418.149754
903.395955,133.998066,172.283227,-9399.007173
903.396582,95.712904,210.568389,-9418.149754
903.397210,133.998066,153.140646,-9437.292334
903.397837,38.285162,95.712904,-9399.007173
903.398464,133.998066,114.855485,-9418.149754
903.399092,133.998066,114.855485,-9418.149754
903.399719,76.570323,172.283227,-9418.149754
903.400347,133.998066,210.568389,-9418.149754
903.400974,38.285162,114.855485,-9418.149754
903.401601,95.712904,172.283227,-9360.722011
903.402229,153.140646,95.712904,-9360.722011
903.402856,76.570323,114.855485,-9418.149754
903.403483,95.712904,95.712904,-9399.007173
903.404111,114.855485,95.712904,-9399.007173
903.404738,133.998066,210.568389,-9418.149754
903.405365,153.140646,191.425808,-9437.292334
903.405993,76.570323,172.283227,-9494.720077
903.406620,133.998066,210.568389,-9418.149754
903.407247,133.998066,191.425808,-9437.292334
903.407875,76.570323,153.140646,-9418.149754
903.408502,76.570323,114.855485,-9418.149754
903.409129,133.998066,114.855485,-9437.292334
903.409757,133.998066,172.283227,-9418.149754
903.410384,76.570323,114.855485,-9418.149754
903.411011,114.855485,95.712904,-9399.007173
903.411639,76.570323,153.140646,-9475.577496
903.412266,95.712904,95.712904,-9399.007173
903.412893,38.285162,114.855485,-9418.149754
903.413521,95.712904,133.998066,-9360.722011
903.414148,133.998066,172.283227,-9418.149754
903.414775,95.712904,114.855485,-9399.007173
903.415403,153.140646,153.140646,-9399.007173
903.416030,153.140646,172.283227,-9399.007173
903.416657,76.570323,172.283227,-9475.577496
903.417285,95.712904,114.855485,-9418.149754
903.417912,133.998066,172.283227,-9475.577496
903.418539,38.285162,153.140646,-9475.577496
903.419167,76.570323,210.568389,-9475.577496
903.419794,95.712904,172.283227,-9437.292334
903.420421,76.570323,114.855485,-9418.149754
903.421049,133.998066,153.140646,-9418.149754
903.421676,76.570323,153.140646,-9456.434915
903.422303,76.570323,95.712904,-9399.007173
903.422931,76.570323,172.283227,-9418.149754
903.423558,133.998066,153.140646,-9437.292334
903.424185,95.712904,114.855485,-9418.149754
903.424813,76.570323,114.855485,-9456.434915
903.425440,133.998066,114.855485,-9437.292334
903.426067,76.570323,153.140646,-9418.149754
903.426695,133.998066,76.570323,-9379.864592
903.427322,133.998066,133.998066,-9399.007173
903.427949,114.855485,95.712904,-9399.007173
903.428577,38.285162,114.855485,-9418.149754
903.429204,133.998066,114.855485,-9418.149754
903.429831,133.998066,153.140646,-9418.149754
903.430459,133.998066,114.855485,-9418.149754
903.431086,133.998066,114.855485,-9475.577496
903.431713,133.998066,114.855485,-9418.149754
903.432341,133.998066,191.425808,-9437.292334
903.432968,133.998066,153.140646,-9418.149754
903.433595,153.140646,133.998066,-9456.434915
903.434223,133.998066,133.998066,-9456.434915
903.434850,133.998066,153.140646,-9399.007173
903.435477,133.998066,229.710970,-9475.577496
903.436105,153.140646,153.140646,-9399.007173
903.436732,133.998066,172.283227,-9418.149754
903.437359,76.570323,114.855485,-9418.149754
903.437987,133.998066,210.568389,-9418.149754
903.438614,133.998066,153.140646,-9418.149754
903.439241,172.283227,133.998066,-9418.149754
903.439869,210.568389,133.998066,-9399.007173
903.440496,76.570323,172.283227,-9418.149754
903.441123,76.570323,114.855485,-9418.149754
903.441751,133.998066,114.855485,-9418.149754
903.442378,76.570323,172.283227,-9456.434915
903.443005,76.570323,153.140646,-9418.149754
903.443633,95.712904,172.283227,-9494.720077
903.444260,133.998066,114.855485,-9418.149754
903.444887,38.285162,114.855485,-9437.292334
903.445515,76.570323,114.855485,-9418.149754
903.446142,133.998066,133.998066,-9399.007173
903.446769,95.712904,114.855485,-9437.292334
903.447397,76.570323,172.283227,-9418.149754
903.448024,133.998066,114.855485,-9418.149754
903.448651,133.998066,172.283227,-9399.007173
903.449279,95.712904,114.855485,-9418.149754
903.449906,38.285162,114.855485,-9418.149754
903.450533,153.140646,172.283227,-9399.007173
903.451161,133.998066,114.855485,-9418.149754
903.451788,95.712904,95.712904,-9475.577496
903.452415,76.570323,172.283227,-9475.577496
903.453043,76.570323,114.855485,-9475.577496
903.453670,76.570323,114.855485,-9437.292334
903.454297,95.712904,172.283227,-9418.149754
903.454925,133.998066,114.855485,-9418.149754
903.455552,133.998066,133.998066,-9399.007173
903.456179,76.570323,114.855485,-9418.149754
903.456807,38.285162,114.855485,-9418.149754
903.457434,76.570323,153.140646,-9418.149754
903.458061,76.570323,114.855485,-9418.149754
903.458689,133.998066,172.283227,-9418.149754
903.459316,133.998066,114.855485,-9418.149754
903.459943,172.283227,114.855485,-9379.864592
903.460571,114.855485,76.570323,-9437.292334
903.461198,76.570323,114.855485,-9418.149754
903.461825,95.712904,95.712904,-9437.292334
903.462453,133.998066,114.855485,-9418.149754
903.463080,133.998066,114.855485,-9418.149754
903.463707,76.570323,153.140646,-9418.149754
903.464335,38.285162,114.855485,-9418.149754
903.464962,133.998066,114.855485,-9418.149754
903.465589,76.570323,114.855485,-9418.149754
903.466217,76.570323,172.283227,-9418.149754
903.466844,133.998066,114.855485,-9418.149754
903.467471,133.998066,172.283227,-9418.149754
903.468099,133.998066,172.283227,-9437.292334
903.468726,153.140646,133.998066,-9399.007173
903.469353,76.570323,114.855485,-9418.149754
903.469981,95.712904,133.998066,-9360.722011
903.470608,114.855485,153.140646,-9360.722011
903.471235,95.712904,114.855485,-9456.434915
903.471863,76.570323,210.568389,-9418.149754
903.472490,133.998066,153.140646,-9418.149754
903.473118,133.998066,153.140646,-9399.007173
903.473745,76.570323,114.855485,-9437.292334
903.474372,38.285162,114.855485,-9418.149754
903.475000,95.712904,114.855485,-9437.292334
903.475627,38.285162,114.855485,-9399.007173
903.476254,153.140646,172.283227,-9399.007173
903.476882,76.570323,172.283227,-9418.149754
903.477509,133.998066,114.855485,-9418.149754
903.478136,76.570323,172.283227,-9418.149754
903.478764,114.855485,191.425808,-9360.722011
903.479391,153.140646,133.998066,-9399.007173
903.480018,133.998066,172.283227,-9437.292334
903.480646,19.142581,114.855485,-9418.149754
903.481273,76.570323,153.140646,-9418.149754
903.481900,76.570323,114.855485,-9418.149754
903.482528,95.712904,114.855485,-9418.149754
903.483155,133.998066,172.283227,-9437.292334
903.483782,133.998066,114.855485,-9456.434915
903.484410,76.570323,114.855485,-9418.149754
903.485037,57.427742,95.712904,-9456.434915
903.485664,38.285162,114.855485,-9475.577496
903.486292,114.855485,133.998066,-9475.577496
903.486919,95.712904,114.855485,-9418.149754
903.487546,38.285162,95.712904,-9399.007173
903.488174,133.998066,172.283227,-9418.149754
903.488801,38.285162,114.855485,-9437.292334
903.489428,38.285162,172.283227,-9418.149754
903.490056,95.712904,95.712904,-9399.007173
903.490683,38.285162,114.855485,-9418.149754
903.491310,133.998066,114.855485,-9437.292334
903.491938,133.998066,114.855485,-9456.434915
903.492565,133.998066,114.855485,-9475.577496
903.493192,153.140646,133.998066,-9456.434915
903.493819,76.570323,172.283227,-9418.149754
903.494447,76.570323,114.855485,-9475.577496
903.495074,76.570323,210.568389,-9418.149754
903.495701,133.998066,153.140646,-9418.149754
903.496329,76.570323,172.283227,-9418.149754
903.496956,133.998066,172.283227,-9437.292334
903.497583,76.570323,153.140646,-9475.577496
903.498210,133.998066,114.855485,-9418.149754
903.498838,38.285162,210.568389,-9418.149754
903.499465,114.855485,172.283227,-9418.149754
903.500092,133.998066,114.855485,-9494.720077
903.500720,38.285162,172.283227,-9418.149754
903.501347,76.570323,153.140646,-9418.149754
903.501974,57.427742,95.712904,-9456.434915
903.502601,95.712904,95.712904,-9399.007173
903.503229,153.140646,133.998066,-9379.864592
903.503856,95.712904,114.855485,-9418.149754
903.504483,95.712904,114.855485,-9418.149754
903.505110,153.140646,172.283227,-9399.007173
903.505738,76.570323,114.855485,-9437.292334
903.506365,95.712904,114.855485,-9456.434915
903.506992,133.998066,114.855485,-9437.292334
903.507620,133.998066,114.855485,-9418.149754
903.508247,76.570323,114.855485,-9456.434915
903.508874,76.570323,153.140646,-9418.149754
903.509501,133.998066,114.855485,-9456.434915
903.510129,76.570323,172.283227,-9418.149754
903.510756,133.998066,133.998066,-9399.007173
903.511383,76.570323,153.140646,-9437.292334
903.512011,153.140646,191.425808,-9494.720077
903.512638,95.712904,172.283227,-9456.434915
903.513265,133.998066,114.855485,-9418.149754
903.513892,38.285162,172.283227,-9418.149754
903.514520,133.998066,172.283227,-9418.149754
903.515147,153.140646,153.140646,-9456.434915
903.515774,133.998066,172.283227,-9418.149754
903.516402,133.998066,153.140646,-9475.577496
903.517029,38.285162,133.998066,-9360.722011
903.517656,76.570323,153.140646,-9360.722011
903.518283,114.855485,133.998066,-9360.722011
903.518911,133.998066,172.283227,-9418.149754
903.519538,133.998066,133.998066,-9456.434915
903.520165,76.570323,114.855485,-9456.434915
903.520793,133.998066,153.140646,-9437.292334
903.521420,133.998066,114.855485,-9418.149754
903.522047,133.998066,133.998066,-9399.007173
903.522674,76.570323,153.140646,-9418.149754
903.523302,95.712904,210.568389,-9418.149754
903.523929,133.998066,114.855485,-9437.292334
903.524556,133.998066,114.855485,-9456.434915
903.525183,57.427742,133.998066,-9360.722011
903.525811,38.285162,114.855485,-9418.149754
903.526438,57.427742,114.855485,-9399.007173
903.527065,76.570323,114.855485,-9418.149754
903.527693,95.712904,248.853550,-9418.149754
903.528320,76.570323,114.855485,-9418.149754
903.528947,95.712904,95.712904,-9456.434915
903.529574,133.998066,172.283227,-9418.149754
903.530202,133.998066,114.855485,-9418.149754
903.530829,133.998066,172.283227,-9418.149754
903.531456,76.570323,114.855485,-9437.292334
903.532084,133.998066,114.855485,-9418.149754
903.532711,76.570323,133.998066,-9360.722011
903.533338,38.285162,114.855485,-9418.149754
903.533965,133.998066,114.855485,-9437.292334
903.534593,133.998066,114.855485,-9475.577496
903.535220,95.712904,114.855485,-9456.434915
903.535847,76.570323,153.140646,-9437.292334
903.536475,38.285162,172.283227,-9456.434915
903.537102,76.570323,114.855485,-9418.149754
903.537729,76.570323,172.283227,-9418.149754
903.538356,76.570323,114.855485,-9360.722011
903.538984,114.855485,95.712904,-9399.007173
903.539611,95.712904,114.855485,-9418.149754
903.540238,76.570323,172.283227,-9418.149754
903.540865,133.998066,114.855485,-9418.149754
903.541493,133.998066,114.855485,-9437.292334
903.542120,76.570323,114.855485,-9418.149754
903.542747,133.998066,114.855485,-9437.292334
903.543375,76.570323,153.140646,-9475.577496
903.544002,133.998066,172.283227,-9418.149754
903.544629,114.855485,95.712904,-9475.577496
903.545256,76.570323,114.855485,-9418.149754
903.545884,76.570323,153.140646,-9437.292334
903.546511,38.285162,210.568389,-9456.434915
903.547138,133.998066,114.855485,-9418.149754
903.547766,38.285162,153.140646,-9456.434915
903.548393,57.427742,172.283227,-9418.149754
903.549020,133.998066,114.855485,-9456.434915
903.549647,76.570323,153.140646,-9494.720077
903.550275,76.570323,114.855485,-9456.434915
903.550902,38.285162,172.283227,-9437.292334
903.551529,38.285162,114.855485,-9456.434915
903.552157,76.570323,114.855485,-9418.149754
903.552784,76.570323,114.855485,-9360.722011
903.553411,76.570323,210.568389,-9418.149754
903.554038,76.570323,114.855485,-9418.149754
903.554666,38.285162,153.140646,-9418.149754
903.555293,133.998066,229.710970,-9475.577496
903.555920,133.998066,210.568389,-9418.149754
903.556548,38.285162,172.283227,-9418.149754
903.557175,76.570323,114.855485,-9418.149754
903.557802,95.712904,153.140646,-9456.434915
903.558429,38.285162,114.855485,-9456.434915
903.559057,76.570323,172.283227,-9456.434915
903.559684,133.998066,114.855485,-9475.577496
903.560311,133.998066,153.140646,-9418.149754
903.560938,76.570323,172.283227,-9418.149754
903.561566,133.998066,133.998066,-9437.292334
903.562193,95.712904,114.855485,-9437.292334
903.562820,133.998066,153.140646,-9418.149754
903.563448,153.140646,133.998066,-9399.007173
903.564075,133.998066,133.998066,-9437.292334
903.564702,133.998066,114.855485,-9456.434915
903.565329,133.998066,229.710970,-9418.149754
903.565957,114.855485,153.140646,-9379.864592
903.566584,76.570323,114.855485,-9418.149754
903.567211,95.712904,95.712904,-9399.007173
903.567839,76.570323,153.140646,-9418.149754
903.568466,114.855485,114.855485,-9322.436850
903.569093,95.712904,114.855485,-9437.292334
903.569720,95.712904,172.283227,-9418.149754
903.570348,76.570323,172.283227,-9418.149754
903.570975,76.570323,153.140646,-9418.149754
903.571602,133.998066,153.140646,-9456.434915
903.572230,133.998066,210.568389,-9494.720077
903.572857,76.570323,153.140646,-9437.292334
903.573484,38.285162,153.140646,-9456.434915
903.574111,76.570323,153.140646,-9418.149754
903.574739,76.570323,114.855485,-9418.149754
903.575366,133.998066,153.140646,-9437.292334
903.575993,133.998066,114.855485,-9456.434915
903.576621,95.712904,114.855485,-9494.720077
903.577248,95.712904,95.712904,-9456.434915
903.577875,95.712904,172.283227,-9360.722011
903.578502,153.140646,133.998066,-9437.292334
903.579130,95.712904,114.855485,-9456.434915
903.579757,133.998066,172.283227,-9475.577496
903.580384,153.140646,133.998066,-9399.007173
903.581011,133.998066,153.140646,-9418.149754
903.581639,153.140646,133.998066,-9475.577496
903.582266,133.998066,172.283227,-9456.434915
903.582893,133.998066,153.140646,-9418.149754
903.583521,153.140646,133.998066,-9399.007173
903.584148,38.285162,191.425808,-9418.149754
903.584775,95.712904,133.998066,-9360.722011
903.585402,57.427742,114.855485,-9456.434915
903.586030,133.998066,191.425808,-9456.434915
903.586657,76.570323,153.140646,-9456.434915
903.587284,133.998066,114.855485,-9418.149754
903.587912,133.998066,133.998066,-9494.720077
903.588539,95.712904,153.140646,-9360.722011
903.589166,38.285162,114.855485,-9418.149754
903.589793,133.998066,172.283227,-9418.149754
903.590421,76.570323,114.855485,-9418.149754
903.591048,76.570323,114.855485,-9475.577496
903.591675,133.998066,133.998066,-9456.434915
903.592303,76.570323,114.855485,-9418.149754
903.592930,133.998066,114.855485,-9456.434915
903.593557,76.570323,114.855485,-9418.149754
903.594185,57.427742,114.855485,-9456.434915
903.594812,76.570323,114.855485,-9418.149754
903.595440,133.998066,114.855485,-9418.149754
903.596067,38.285162,114.855485,-9418.149754
903.596694,76.570323,114.855485,-9418.149754
903.597322,76.570323,114.855485,-9533.005238
903.597949,95.712904,114.855485,-9475.577496
903.598577,133.998066,153.140646,-9494.720077
903.599204,153.140646,133.998066,-9399.007173
903.599831,76.570323,114.855485,-9418.149754
903.600459,153.140646,133.998066,-9399.007173
903.601086,133.998066,114.855485,-9418.149754
903.601714,95.712904,172.283227,-9360.722011
903.602341,133.998066,153.140646,-9418.149754
903.602968,133.998066,153.140646,-9399.007173
903.603596,153.140646,133.998066,-9456.434915
903.604223,133.998066,114.855485,-9437.292334
903.604851,95.712904,210.568389,-9418.149754
903.605478,76.570323,114.855485,-9418.149754
903.606105,133.998066,114.855485,-9437.292334
903.606733,153.140646,172.283227,-9399.007173
903.607360,133.998066,172.283227,-9494.720077
903.607988,76.570323,114.855485,-9418.149754
903.608615,76.570323,114.855485,-9418.149754
903.609242,57.427742,95.712904,-9494.720077
903.609870,38.285162,172.283227,-9418.149754
903.610497,76.570323,210.568389,-9418.149754
903.611125,133.998066,153.140646,-9437.292334
903.611752,133.998066,114.855485,-9437.292334
903.612379,76.570323,114.855485,-9418.149754
903.613007,95.712904,95.712904,-9399.007173
903.613634,133.998066,114.855485,-9418.149754
903.614261,133.998066,114.855485,-9475.577496
903.614889,153.140646,133.998066,-9399.007173
903.615516,133.998066,114.855485,-9418.149754
903.616144,114.855485,114.855485,-9494.720077
903.616771,133.998066,114.855485,-9418.149754
903.617398,133.998066,114.855485,-9437.292334
903.618026,172.283227,76.570323,-9418.149754
903.618653,76.570323,114.855485,-9418.149754
903.619281,133.998066,114.855485,-9418.149754
903.619908,114.855485,172.283227,-9360.722011
903.620535,114.855485,95.712904,-9399.007173
903.621163,172.283227,133.998066,-9418.149754
903.621790,95.712904,210.568389,-9418.149754
903.622418,133.998066,191.425808,-9494.720077
903.623045,38.285162,114.855485,-9418.149754
903.623672,76.570323,114.855485,-9456.434915
903.624300,38.285162,114.855485,-9456.434915
903.624927,133.998066,153.140646,-9418.149754
903.625555,76.570323,153.140646,-9456.434915
903.626182,76.570323,153.140646,-9494.720077
903.626809,76.570323,172.283227,-9418.149754
903.627437,76.570323,153.140646,-9456.434915
903.628064,57.427742,95.712904,-9399.007173
903.628692,76.570323,114.855485,-9418.149754
903.629319,172.283227,114.855485,-9379.864592
903.629946,133.998066,114.855485,-9418.149754
903.630574,76.570323,114.855485,-9418.149754
903.631201,133.998066,153.140646,-9418.149754
903.631829,172.283227,76.570323,-9456.434915
903.632456,38.285162,153.140646,-9418.149754
903.633083,95.712904,114.855485,-9418.149754
903.633711,133.998066,114.855485,-9418.149754
903.634338,114.855485,76.570323,-9418.149754
903.634966,76.570323,114.855485,-9418.149754
903.635593,133.998066,153.140646,-9418.149754
903.636220,133.998066,114.855485,-9418.149754
903.636848,95.712904,153.140646,-9475.577496
903.637475,133.998066,153.140646,-9437.292334
903.638103,133.998066,153.140646,-9437.292334
903.638730,76.570323,114.855485,-9437.292334
903.639357,76.570323,114.855485,-9418.149754
903.639985,133.998066,191.425808,-9399.007173
903.640612,95.712904,114.855485,-9418.149754
903.641240,133.998066,114.855485,-9456.434915
903.641867,76.570323,153.140646,-9418.149754
903.642494,133.998066,114.855485,-9418.149754
903.643122,133.998066,114.855485,-9418.149754
903.643749,76.570323,153.140646,-9418.149754
903.644377,114.855485,95.712904,-9399.007173
903.645004,76.570323,153.140646,-9418.149754
903.645631,133.998066,114.855485,-9456.434915
903.646259,133.998066,114.855485,-9456.434915
903.646886,133.998066,172.283227,-9437.292334
903.647514,133.998066,133.998066,-9399.007173
903.648141,95.712904,114.855485,-9399.007173
903.648768,153.140646,248.853550,-9399.007173
903.649396,133.998066,114.855485,-9437.292334
903.650023,38.285162,172.283227,-9437.292334
903.650651,76.570323,153.140646,-9418.149754
903.651278,38.285162,114.855485,-9418.149754
903.651905,133.998066,114.855485,-9418.149754
903.652533,76.570323,114.855485,-9437.292334
903.653160,133.998066,114.855485,-9475.577496
903.653788,133.998066,114.855485,-9475.577496
903.654415,153.140646,172.283227,-9399.007173
903.655042,133.998066,153.140646,-9475.577496
903.655670,133.998066,153.140646,-9418.149754
903.656297,133.998066,114.855485,-9456.434915
903.656925,76.570323,172.283227,-9418.149754
903.657552,153.140646,133.998066,-9399.007173
903.658179,76.570323,172.283227,-9418.149754
903.658807,133.998066,114.855485,-9418.149754
903.659434,76.570323,114.855485,-9418.149754
903.660062,38.285162,114.855485,-9418.149754
903.660689,153.140646,172.283227,-9418.149754
903.661316,153.140646,114.855485,-9418.149754
903.661944,153.140646,133.998066,-9399.007173
903.662571,95.712904,95.712904,-9399.007173
903.663199,114.855485,172.283227,-9360.722011
903.663826,133.998066,114.855485,-9418.149754
903.664453,153.140646,133.998066,-9399.007173
903.665081,76.570323,114.855485,-9475.577496
903.665708,133.998066,133.998066,-9399.007173
903.666336,76.570323,172.283227,-9418.149754
903.666963,133.998066,114.855485,-9418.149754
903.667590,133.998066,153.140646,-9456.434915
903.668218,133.998066,153.140646,-9475.577496
903.668845,76.570323,114.855485,-9418.149754
903.669473,76.570323,114.855485,-9418.149754
903.670100,95.712904,114.855485,-9399.007173
903.670727,153.140646,133.998066,-9456.434915
903.671355,76.570323,153.140646,-9418.149754
903.671982,95.712904,172.283227,-9456.434915
903.672610,76.570323,114.855485,-9494.720077
903.673237,133.998066,114.855485,-9437.292334
903.673864,76.570323,153.140646,-9418.149754
903.674492,95.712904,172.283227,-9456.434915
903.675119,76.570323,172.283227,-9418.149754
903.675747,76.570323,210.568389,-9418.149754
903.676374,38.285162,210.568389,-9475.577496
903.677001,133.998066,114.855485,-9418.149754
903.677629,76.570323,153.140646,-9456.434915
903.678256,133.998066,114.855485,-9418.149754
903.678884,76.570323,114.855485,-9475.577496
903.679511,76.570323,172.283227,-9418.149754
903.680138,153.140646,229.710970,-9418.149754
903.680766,133.998066,133.998066,-9494.720077
903.681393,133.998066,133.998066,-9399.007173
903.682021,76.570323,114.855485,-9418.149754
903.682648,38.285162,153.140646,-9418.149754
903.683275,38.285162,114.855485,-9475.577496
903.683903,76.570323,191.425808,-9456.434915
903.684530,114.855485,153.140646,-9360.722011
903.685158,57.427742,153.140646,-9418.149754
903.685785,153.140646,133.998066,-9399.007173
903.686412,133.998066,114.855485,-9418.149754
903.687040,76.570323,114.855485,-9456.434915
903.687667,76.570323,114.855485,-9418.149754
903.688295,76.570323,153.140646,-9418.149754
903.688922,114.855485,191.425808,-9360.722011
903.689549,133.998066,210.568389,-9418.149754
903.690177,114.855485,172.283227,-9360.722011
903.690804,76.570323,172.283227,-9418.149754
903.691432,38.285162,153.140646,-9437.292334
903.692059,114.855485,95.712904,-9399.007173
903.692686,153.140646,133.998066,-9399.007173
903.693314,76.570323,114.855485,-9418.149754
903.693941,153.140646,133.998066,-9399.007173
903.694569,76.570323,114.855485,-9437.292334
903.695196,114.855485,133.998066,-9360.722011
903.695824,76.570323,114.855485,-9418.149754
903.696451,76.570323,114.855485,-9418.149754
903.697079,38.285162,114.855485,-9418.149754
903.697706,133.998066,114.855485,-9456.434915
903.698334,133.998066,210.568389,-9475.577496
903.698961,95.712904,172.283227,-9475.577496
903.699589,76.570323,172.283227,-9418.149754
903.700216,38.285162,172.283227,-9418.149754
903.700844,57.427742,172.283227,-9475.577496
903.701471,76.570323,114.855485,-9437.292334
903.702098,76.570323,210.568389,-9456.434915
903.702726,133.998066,153.140646,-9418.149754
903.703353,38.285162,114.855485,-9418.149754
903.703981,76.570323,114.855485,-9418.149754
903.704608,76.570323,191.425808,-9418.149754
903.705236,133.998066,114.855485,-9418.149754
903.705863,133.998066,114.855485,-9418.149754
903.706491,38.285162,114.855485,-9418.149754
903.707118,76.570323,114.855485,-9437.292334
903.707746,76.570323,172.283227,-9437.292334
903.708373,76.570323,114.855485,-9418.149754
903.709001,153.140646,133.998066,-9456.434915
903.709628,38.285162,114.855485,-9475.577496
903.710256,76.570323,114.855485,-9418.149754
903.710883,114.855485,133.998066,-9360.722011
903.711511,57.427742,133.998066,-9360.722011
903.712138,95.712904,153.140646,-9418.149754
903.712765,76.570323,114.855485,-9437.292334
903.713393,76.570323,114.855485,-9418.149754
903.714020,38.285162,114.855485,-9456.434915
903.714648,95.712904,114.855485,-9418.149754
903.715275,76.570323,114.855485,-9418.149754
903.715903,95.712904,133.998066,-9379.864592
903.716530,133.998066,172.283227,-9456.434915
903.717158,133.998066,172.283227,-9418.149754
903.717785,95.712904,114.855485,-9418.149754
903.718413,114.855485,95.712904,-9399.007173
903.719040,153.140646,114.855485,-9494.720077
903.719668,133.998066,210.568389,-9418.149754
903.720295,153.140646,153.140646,-9399.007173
903.720923,19.142581,210.568389,-9456.434915
903.721550,133.998066,210.568389,-9456.434915
903.722178,38.285162,172.283227,-9418.149754
903.722805,76.570323,114.855485,-9418.149754
903.723433,76.570323,210.568389,-9418.149754
903.724060,133.998066,114.855485,-9437.292334
903.724687,133.998066,229.710970,-9418.149754
903.725315,76.570323,172.283227,-9418.149754
903.725942,133.998066,172.283227,-9456.434915
903.726570,133.998066,114.855485,-9418.149754
903.727197,95.712904,95.712904,-9456.434915
903.727825,133.998066,172.283227,-9418.149754
903.728452,133.998066,133.998066,-9494.720077
903.729080,133.998066,210.568389,-9456.434915
903.729707,95.712904,191.425808,-9418.149754
903.730335,76.570323,191.425808,-9437.292334
903.730962,133.998066,210.568389,-9418.149754
903.731590,133.998066,172.283227,-9418.149754
903.732217,133.998066,114.855485,-9418.149754
903.732845,76.570323,153.140646,-9418.149754
903.733472,133.998066,114.855485,-9456.434915
903.734100,76.570323,172.283227,-9437.292334
903.734727,153.140646,133.998066,-9437.292334
903.735354,133.998066,114.855485,-9437.292334
903.735982,76.570323,172.283227,-9418.149754
903.736609,133.998066,114.855485,-9418.149754
903.737237,153.140646,153.140646,-9475.577496
903.737864,133.998066,114.855485,-9437.292334
903.738492,114.855485,95.712904,-9513.862658
903.739119,38.285162,114.855485,-9437.292334
903.739747,95.712904,172.283227,-9437.292334
903.740374,95.712904,153.140646,-9360.722011
903.741002,114.855485,95.712904,-9399.007173
903.741629,153.140646,153.140646,-9399.007173
903.742257,76.570323,210.568389,-9456.434915
903.742884,76.570323,114.855485,-9437.292334
903.743512,57.427742,133.998066,-9418.149754
903.744139,76.570323,114.855485,-9418.149754
903.744767,133.998066,172.283227,-9418.149754
903.745394,133.998066,153.140646,-9437.292334
903.746022,133.998066,172.283227,-9418.149754
903.746649,153.140646,133.998066,-9437.292334
903.747276,133.998066,172.283227,-9418.149754
903.747904,76.570323,114.855485,-9437.292334
903.748531,76.570323,114.855485,-9418.149754
903.749159,133.998066,114.855485,-9418.149754
903.749786,76.570323,172.283227,-9418.149754
903.750414,95.712904,210.568389,-9456.434915
903.751041,133.998066,153.140646,-9437.292334
903.751669,133.998066,172.283227,-9418.149754
903.752296,76.570323,153.140646,-9418.149754
903.752924,76.570323,153.140646,-9437.292334
903.753551,133.998066,114.855485,-9418.149754
903.754179,153.140646,133.998066,-9399.007173
903.754806,133.998066,114.855485,-9456.434915
903.755434,76.570323,210.568389,-9456.434915
903.756061,133.998066,153.140646,-9475.577496
903.756689,95.712904,95.712904,-9399.007173
903.757316,38.285162,114.855485,-9456.434915
903.757943,133.998066,114.855485,-9456.434915
903.758571,76.570323,172.283227,-9418.149754
903.759198,76.570323,153.140646,-9418.149754
903.759826,76.570323,114.855485,-9456.434915
903.760453,153.140646,133.998066,-9399.007173
903.761081,76.570323,153.140646,-9418.149754
903.761708,95.712904,210.568389,-9418.149754
903.762336,133.998066,153.140646,-9475.577496
903.762963,153.140646,172.283227,-9494.720077
903.763591,133.998066,114.855485,-9475.577496
903.764218,57.427742,133.998066,-9360.722011
903.764846,133.998066,114.855485,-9418.149754
903.765473,38.285162,172.283227,-9456.434915
903.766101,133.998066,153.140646,-9418.149754
903.766728,133.998066,114.855485,-9418.149754
903.767356,114.855485,114.855485,-9379.864592
903.767983,133.998066,114.855485,-9456.434915
903.768611,95.712904,153.140646,-9418.149754
903.769238,38.285162,114.855485,-9418.149754
903.769865,76.570323,114.855485,-9418.149754
903.770493,76.570323,114.855485,-9456.434915
903.771120,153.140646,153.140646,-9437.292334
903.771748,38.285162,172.283227,-9418.149754
903.772375,76.570323,114.855485,-9418.149754
903.773003,95.712904,95.712904,-9494.720077
903.773630,57.427742,95.712904,-9437.292334
903.774258,76.570323,172.283227,-9456.434915
903.774885,76.570323,114.855485,-9437.292334
903.775513,76.570323,172.283227,-9475.577496
903.776140,76.570323,210.568389,-9418.149754
903.776768,153.140646,133.998066,-9399.007173
903.777395,76.570323,114.855485,-9418.149754
903.778023,133.998066,153.140646,-9418.149754
903.778650,114.855485,95.712904,-9399.007173
903.779278,153.140646,133.998066,-9456.434915
903.779905,133.998066,210.568389,-9475.577496
903.780532,133.998066,153.140646,-9418.149754
903.781160,95.712904,114.855485,-9437.292334
903.781787,76.570323,114.855485,-9475.577496
903.782415,95.712904,191.425808,-9360.722011
903.783042,76.570323,229.710970,-9399.007173
903.783670,76.570323,153.140646,-9437.292334
903.784297,133.998066,172.283227,-9475.577496
903.784925,76.570323,153.140646,-9494.720077
903.785552,153.140646,133.998066,-9399.007173
903.786180,133.998066,114.855485,-9456.434915
903.786807,153.140646,114.855485,-9437.292334
903.787435,76.570323,95.712904,-9399.007173
903.788062,38.285162,114.855485,-9418.149754
903.788690,76.570323,114.855485,-9456.434915
903.789317,57.427742,114.855485,-9456.434915
903.789945,133.998066,114.855485,-9418.149754
903.790572,133.998066,172.283227,-9418.149754
903.791200,114.855485,95.712904,-9437.292334
903.791827,114.855485,95.712904,-9437.292334
903.792454,76.570323,114.855485,-9360.722011
903.793082,76.570323,114.855485,-9418.149754
903.793709,133.998066,191.425808,-9475.577496
903.794337,153.140646,133.998066,-9399.007173
903.794964,95.712904,172.283227,-9360.722011
903.795592,133.998066,153.140646,-9418.149754
903.796220,114.855485,95.712904,-9399.007173
903.796847,95.712904,191.425808,-9456.434915
903.797475,76.570323,172.283227,-9418.149754
903.798102,114.855485,133.998066,-9360.722011
903.798730,57.427742,95.712904,-9399.007173
903.799357,57.427742,95.712904,-9399.007173
903.799985,133.998066,114.855485,-9437.292334
903.800612,95.712904,172.283227,-9437.292334
903.801240,76.570323,153.140646,-9418.149754
903.801867,95.712904,153.140646,-9360.722011
903.802495,133.998066,153.140646,-9418.149754
903.803122,133.998066,114.855485,-9437.292334
903.803750,76.570323,114.855485,-9418.149754
903.804377,38.285162,114.855485,-9418.149754
903.805005,76.570323,114.855485,-9418.149754
903.805632,95.712904,133.998066,-9360.722011
903.806260,76.570323,114.855485,-9437.292334
903.806887,95.712904,153.140646,-9418.149754
903.807515,114.855485,133.998066,-9360.722011
903.808142,133.998066,114.855485,-9418.149754
903.808770,133.998066,172.283227,-9418.149754
903.809398,76.570323,114.855485,-9437.292334
903.810025,76.570323,114.855485,-9418.149754
903.810653,153.140646,133.998066,-9399.007173
903.811280,76.570323,172.283227,-9494.720077
903.811908,153.140646,133.998066,-9399.007173
903.812535,95.712904,95.712904,-9456.434915
903.813163,133.998066,133.998066,-9456.434915
903.813790,133.998066,172.283227,-9418.149754
903.814418,76.570323,210.568389,-9418.149754
903.815045,133.998066,153.140646,-9475.577496
903.815673,38.285162,114.855485,-9437.292334
903.816300,76.570323,210.568389,-9456.434915
903.816928,133.998066,114.855485,-9437.292334
903.817555,76.570323,172.283227,-9418.149754
903.818183,19.142581,153.140646,-9437.292334
903.818810,133.998066,172.283227,-9418.149754
903.819438,153.140646,172.283227,-9399.007173
903.820065,76.570323,172.283227,-9456.434915
903.820693,153.140646,114.855485,-9475.577496
903.821320,76.570323,172.283227,-9437.292334
903.821948,76.570323,153.140646,-9418.149754
903.822576,76.570323,114.855485,-9418.149754
903.823203,133.998066,114.855485,-9437.292334
903.823831,76.570323,114.855485,-9533.005238
903.824458,38.285162,172.283227,-9437.292334
903.825086,133.998066,114.855485,-9418.149754
903.825713,76.570323,172.283227,-9418.149754
903.826341,76.570323,172.283227,-9418.149754
903.826968,133.998066,172.283227,-9418.149754
903.827596,95.712904,153.140646,-9418.149754
903.828223,133.998066,114.855485,-9418.149754
903.828851,95.712904,95.712904,-9399.007173
903.829478,57.427742,114.855485,-9399.007173
903.830106,133.998066,133.998066,-9399.007173
903.830733,76.570323,114.855485,-9437.292334
903.831361,133.998066,133.998066,-9399.007173
903.831988,38.285162,114.855485,-9418.149754
903.832616,76.570323,114.855485,-9418.149754
903.833243,38.285162,153.140646,-9418.149754
903.833871,57.427742,95.712904,-9399.007173
903.834498,76.570323,114.855485,-9456.434915
903.835126,133.998066,114.855485,-9418.149754
903.835754,133.998066,114.855485,-9418.149754
903.836381,76.570323,114.855485,-9456.434915
903.837009,191.425808,76.570323,-9418.149754
903.837636,133.998066,114.855485,-9437.292334
903.838264,133.998066,172.283227,-9475.577496
903.838891,76.570323,114.855485,-9418.149754
903.839519,133.998066,153.140646,-9418.149754
903.840146,133.998066,172.283227,-9418.149754
903.840774,153.140646,172.283227,-9399.007173
903.841401,38.285162,114.855485,-9418.149754
903.842029,114.855485,172.283227,-9475.577496
903.842656,172.283227,76.570323,-9418.149754
903.843284,133.998066,114.855485,-9437.292334
903.843911,114.855485,153.140646,-9360.722011
903.844539,133.998066,172.283227,-9456.434915
903.845166,76.570323,114.855485,-9437.292334
903.845794,76.570323,153.140646,-9437.292334
903.846421,133.998066,133.998066,-9437.292334
903.847049,95.712904,114.855485,-9437.292334
903.847676,76.570323,114.855485,-9437.292334
903.848304,114.855485,95.712904,-9437.292334
903.848932,76.570323,114.855485,-9475.577496
903.849559,133.998066,172.283227,-9437.292334
903.850187,133.998066,153.140646,-9456.434915
903.850814,133.998066,172.283227,-9456.434915
903.851442,153.140646,114.855485,-9418.149754
903.852069,133.998066,114.855485,-9418.149754
903.852697,76.570323,172.283227,-9418.149754
903.853324,95.712904,287.138712,-9456.434915
903.853952,38.285162,172.283227,-9437.292334
903.854579,76.570323,114.855485,-9494.720077
903.855207,57.427742,114.855485,-9456.434915
903.855834,76.570323,191.425808,-9418.149754
903.856462,76.570323,172.283227,-9418.149754
903.857089,95.712904,95.712904,-9456.434915
903.857717,76.570323,114.855485,-9418.149754
903.858344,76.570323,153.140646,-9418.149754
903.858972,76.570323,153.140646,-9418.149754
903.859599,76.570323,114.855485,-9418.149754
903.860227,95.712904,133.998066,-9360.722011
903.860854,133.998066,114.855485,-9418.149754
903.861482,133.998066,114.855485,-9418.149754
903.862110,114.855485,95.712904,-9399.007173
903.862737,133.998066,114.855485,-9475.577496
903.863365,76.570323,114.855485,-9456.434915
903.863992,95.712904,114.855485,-9418.149754
903.864620,133.998066,172.283227,-9456.434915
903.865247,210.568389,133.998066,-9399.007173
903.865875,95.712904,114.855485,-9418.149754
903.866502,38.285162,191.425808,-9418.149754
903.867130,76.570323,114.855485,-9418.149754
903.867757,133.998066,114.855485,-9418.149754
903.868385,76.570323,172.283227,-9418.149754
903.869012,57.427742,172.283227,-9360.722011
903.869640,76.570323,172.283227,-9437.292334
903.870267,76.570323,114.855485,-9494.720077
903.870895,76.570323,95.712904,-9399.007173
903.871522,57.427742,114.855485,-9399.007173
903.872150,114.855485,133.998066,-9418.149754
903.872777,153.140646,153.140646,-9437.292334
903.873405,95.712904,153.140646,-9360.722011
903.874032,95.712904,172.283227,-9360.722011
903.874660,76.570323,114.855485,-9437.292334
903.875288,38.285162,114.855485,-9418.149754
903.875915,95.712904,153.140646,-9418.149754
903.876543,76.570323,210.568389,-9418.149754
903.877170,153.140646,153.140646,-9494.720077
903.877798,76.570323,172.283227,-9437.292334
903.878425,76.570323,153.140646,-9437.292334
903.879053,38.285162,114.855485,-9418.149754
903.879680,114.855485,153.140646,-9360.722011
903.880308,76.570323,114.855485,-9418.149754
903.880935,133.998066,114.855485,-9418.149754
903.881563,133.998066,210.568389,-9418.149754
903.882190,153.140646,133.998066,-9399.007173
903.882818,133.998066,153.140646,-9494.720077
903.883445,76.570323,114.855485,-9418.149754
903.884073,76.570323,153.140646,-9399.007173
903.884700,38.285162,114.855485,-9418.149754
903.885328,76.570323,114.855485,-9456.434915
903.885955,76.570323,114.855485,-9418.149754
903.886583,133.998066,114.855485,-9437.292334
903.887210,133.998066,114.855485,-9475.577496
903.887838,133.998066,172.283227,-9399.007173
903.888466,76.570323,114.855485,-9475.577496
903.889093,76.570323,172.283227,-9418.149754
903.889721,133.998066,210.568389,-9437.292334
903.890348,76.570323,191.425808,-9418.149754
903.890976,76.570323,210.568389,-9437.292334
903.891603,133.998066,114.855485,-9418.149754
903.892231,153.140646,153.140646,-9399.007173
903.892858,153.140646,133.998066,-9456.434915
903.893486,133.998066,114.855485,-9437.292334
903.894113,133.998066,114.855485,-9418.149754
903.894741,95.712904,210.568389,-9437.292334
903.895368,133.998066,153.140646,-9437.292334
903.895996,76.570323,191.425808,-9437.292334
903.896623,76.570323,114.855485,-9437.292334
903.897251,76.570323,153.140646,-9418.149754
903.897878,153.140646,133.998066,-9399.007173
903.898505,76.570323,114.855485,-9437.292334
903.899133,133.998066,133.998066,-9399.007173
903.899760,133.998066,114.855485,-9456.434915
903.900388,114.855485,133.998066,-9360.722011
903.901015,133.998066,191.425808,-9418.149754
903.901643,153.140646,114.855485,-9418.149754
903.902270,133.998066,114.855485,-9456.434915
903.902898,133.998066,114.855485,-9418.149754
903.903525,95.712904,153.140646,-9418.149754
903.904153,76.570323,153.140646,-9418.149754
903.904780,133.998066,191.425808,-9456.434915
903.905408,76.570323,172.283227,-9418.149754
903.906035,133.998066,114.855485,-9494.720077
903.906662,76.570323,114.855485,-9437.292334
903.907290,133.998066,172.283227,-9418.149754
903.907917,38.285162,114.855485,-9418.149754
903.908545,133.998066,153.140646,-9418.149754
903.909172,172.283227,76.570323,-9418.149754
903.909800,76.570323,172.283227,-9418.149754
903.910427,95.712904,114.855485,-9418.149754
903.911055,76.570323,172.283227,-9360.722011
903.911682,114.855485,153.140646,-9360.722011
903.912310,76.570323,153.140646,-9418.149754
903.912937,76.570323,172.283227,-9437.292334
903.913565,76.570323,114.855485,-9456.434915
903.914192,133.998066,133.998066,-9399.007173
903.914820,57.427742,95.712904,-9456.434915
903.915447,133.998066,114.855485,-9437.292334
903.916074,76.570323,153.140646,-9418.149754
903.916702,76.570323,210.568389,-9418.149754
903.917329,133.998066,153.140646,-9456.434915
903.917957,133.998066,153.140646,-9437.292334
903.918584,76.570323,114.855485,-9494.720077
903.919212,133.998066,114.855485,-9456.434915
903.919839,76.570323,153.140646,-9456.434915
903.920467,38.285162,191.425808,-9418.149754
903.921094,95.712904,153.140646,-9475.577496
903.921722,95.712904,114.855485,-9437.292334
903.922349,133.998066,114.855485,-9418.149754
903.922977,133.998066,114.855485,-9418.149754
903.923604,133.998066,153.140646,-9399.007173
903.924231,76.570323,114.855485,-9418.149754
903.924859,133.998066,153.140646,-9418.149754
903.925486,133.998066,133.998066,-9399.007173
903.926114,76.570323,210.568389,-9456.434915
903.926741,38.285162,229.710970,-9418.149754
903.927369,133.998066,114.855485,-9418.149754
903.927996,76.570323,114.855485,-9456.434915
903.928624,133.998066,114.855485,-9456.434915
903.929251,153.140646,191.425808,-9399.007173
903.929879,76.570323,191.425808,-9418.149754
903.930506,153.140646,133.998066,-9456.434915
903.931134,133.998066,114.855485,-9437.292334
903.931761,133.998066,114.855485,-9418.149754
903.932389,114.855485,95.712904,-9456.434915
903.933016,38.285162,172.283227,-9456.434915
903.933643,76.570323,114.855485,-9418.149754
903.934271,153.140646,191.425808,-9437.292334
903.934898,210.568389,172.283227,-9399.007173
903.935526,133.998066,114.855485,-9418.149754
903.936153,133.998066,114.855485,-9456.434915
903.936781,133.998066,114.855485,-9456.434915
903.937408,133.998066,114.855485,-9456.434915
903.938036,133.998066,114.855485,-9533.005238
903.938663,76.570323,114.855485,-9418.149754
903.939291,76.570323,114.855485,-9456.434915
903.939918,133.998066,153.140646,-9475.577496
903.940546,133.998066,114.855485,-9437.292334
903.941173,114.855485,133.998066,-9360.722011
903.941800,76.570323,172.283227,-9418.149754
903.942428,76.570323,153.140646,-9418.149754
903.943055,133.998066,153.140646,-9456.434915
903.943683,95.712904,114.855485,-9418.149754
903.944310,133.998066,153.140646,-9399.007173
903.944938,133.998066,153.140646,-9399.007173
903.945565,95.712904,95.712904,-9494.720077
903.946193,133.998066,114.855485,-9418.149754
903.946820,133.998066,114.855485,-9418.149754
903.947448,95.712904,153.140646,-9437.292334
903.948075,133.998066,153.140646,-9456.434915
903.948703,114.855485,153.140646,-9360.722011
903.949330,133.998066,114.855485,-9437.292334
903.949958,133.998066,114.855485,-9437.292334
903.950585,76.570323,114.855485,-9418.149754
903.951212,133.998066,114.855485,-9418.149754
903.951840,76.570323,114.855485,-9418.149754
903.952467,76.570323,210.568389,-9437.292334
903.953095,95.712904,114.855485,-9418.149754
903.953722,133.998066,114.855485,-9418.149754
903.954350,76.570323,114.855485,-9418.149754
903.954977,133.998066,153.140646,-9418.149754
903.955605,38.285162,172.283227,-9456.434915
903.956232,57.427742,95.712904,-9399.007173
903.956860,76.570323,153.140646,-9418.149754
903.957487,57.427742,153.140646,-9360.722011
903.958115,57.427742,114.855485,-9418.149754
903.958742,95.712904,114.855485,-9418.149754
903.959369,76.570323,114.855485,-9418.149754
903.959997,76.570323,172.283227,-9418.149754
903.960624,114.855485,133.998066,-9360.722011
903.961252,95.712904,114.855485,-9475.577496
903.961879,76.570323,114.855485,-9437.292334
903.962507,95.712904,153.140646,-9437.292334
903.963134,133.998066,229.710970,-9418.149754
903.963762,114.855485,133.998066,-9360.722011
903.964389,95.712904,133.998066,-9360.722011
903.965017,76.570323,114.855485,-9418.149754
903.965644,133.998066,172.283227,-9399.007173
903.966272,133.998066,191.425808,-9494.720077
903.966899,153.140646,133.998066,-9494.720077
903.967527,95.712904,153.140646,-9437.292334
903.968154,133.998066,172.283227,-9418.149754
903.968781,153.140646,172.283227,-9399.007173
903.969409,114.855485,191.425808,-9533.005238
903.970036,133.998066,114.855485,-9456.434915
903.970664,57.427742,114.855485,-9456.434915
903.971291,76.570323,172.283227,-9475.577496
903.971919,133.998066,133.998066,-9437.292334
903.972546,133.998066,153.140646,-9418.149754
903.973174,153.140646,133.998066,-9399.007173
903.973801,133.998066,114.855485,-9418.149754
903.974429,95.712904,95.712904,-9494.720077
903.975056,153.140646,172.283227,-9418.149754
903.975684,76.570323,114.855485,-9456.434915
903.976311,114.855485,210.568389,-9379.864592
903.976938,76.570323,114.855485,-9437.292334
903.977566,172.283227,133.998066,-9437.292334
903.978193,133.998066,172.283227,-9418.149754
903.978821,133.998066,153.140646,-9418.149754
903.979448,133.998066,76.570323,-9379.864592
903.980076,133.998066,114.855485,-9533.005238
903.980703,172.283227,76.570323,-9494.720077
903.981331,133.998066,172.283227,-9437.292334
903.981958,76.570323,172.283227,-9437.292334
903.982586,133.998066,210.568389,-9437.292334
903.983213,133.998066,172.283227,-9437.292334
903.983841,133.998066,114.855485,-9418.149754
903.984468,133.998066,133.998066,-9456.434915
903.985096,133.998066,172.283227,-9456.434915
903.985723,114.855485,248.853550,-9360.722011
903.986350,133.998066,210.568389,-9418.149754
903.986978,133.998066,191.425808,-9399.007173
903.987605,95.712904,210.568389,-9418.149754
903.988233,95.712904,114.855485,-9399.007173
903.988860,76.570323,114.855485,-9418.149754
903.989488,95.712904,95.712904,-9379.864592
903.990115,153.140646,133.998066,-9399.007173
903.990743,38.285162,114.855485,-9437.292334
903.991370,76.570323,210.568389,-9418.149754
903.991998,133.998066,114.855485,-9437.292334
903.992625,38.285162,172.283227,-9437.292334
903.993253,38.285162,114.855485,-9418.149754
903.993880,38.285162,114.855485,-9418.149754
903.994507,95.712904,95.712904,-9437.292334
903.995135,133.998066,114.855485,-9418.149754
903.995762,153.140646,114.855485,-9418.149754
903.996390,133.998066,210.568389,-9418.149754
903.997017,76.570323,114.855485,-9456.434915
903.997645,38.285162,114.855485,-9418.149754
903.998272,133.998066,114.855485,-9418.149754
903.998899,76.570323,210.568389,-9437.292334
903.999527,153.140646,114.855485,-9418.149754
904.000154,76.570323,153.140646,-9418.149754
904.000782,133.998066,133.998066,-9399.007173
904.001409,76.570323,114.855485,-9418.149754
904.002037,38.285162,114.855485,-9418.149754
904.002664,76.570323,114.855485,-9418.149754
904.003291,38.285162,153.140646,-9437.292334
904.003919,133.998066,114.855485,-9494.720077
904.004546,76.570323,114.855485,-9418.149754
904.005174,95.712904,210.568389,-9418.149754
904.005801,57.427742,133.998066,-9360.722011
904.006429,153.140646,133.998066,-9399.007173
904.007056,76.570323,172.283227,-9418.149754
904.007683,133.998066,114.855485,-9418.149754
904.008311,133.998066,114.855485,-9418.149754
904.008938,38.285162,172.283227,-9418.149754
904.009566,76.570323,210.568389,-9418.149754
904.010193,76.570323,114.855485,-9437.292334
904.010821,76.570323,114.855485,-9533.005238
904.011448,133.998066,114.855485,-9418.149754
904.012075,133.998066,153.140646,-9418.149754
904.012703,95.712904,114.855485,-9418.149754
904.013330,114.855485,133.998066,-9418.149754
904.013958,114.855485,95.712904,-9399.007173
904.014585,133.998066,133.998066,-9399.007173
904.015213,76.570323,172.283227,-9418.149754
904.015840,153.140646,172.283227,-9399.007173
904.016467,76.570323,114.855485,-9418.149754
904.017095,95.712904,153.140646,-9360.722011
904.017722,153.140646,133.998066,-9456.434915
904.018350,133.998066,114.855485,-9456.434915
904.018977,133.998066,172.283227,-9475.577496
904.019605,133.998066,210.568389,-9437.292334
904.020232,133.998066,114.855485,-9456.434915
904.020859,76.570323,114.855485,-9456.434915
904.021487,38.285162,153.140646,-9418.149754
904.022114,133.998066,172.283227,-9494.720077
904.022742,38.285162,210.568389,-9456.434915
904.023369,133.998066,114.855485,-9456.434915
904.023997,38.285162,114.855485,-9418.149754
904.024624,95.712904,133.998066,-9360.722011
904.025251,76.570323,114.855485,-9418.149754
904.025879,133.998066,133.998066,-9418.149754
904.026506,133.998066,114.855485,-9418.149754
904.027134,133.998066,114.855485,-9418.149754
904.027761,95.712904,95.712904,-9399.007173
904.028389,133.998066,172.283227,-9418.149754
904.029016,133.998066,114.855485,-9418.149754
904.029643,95.712904,133.998066,-9360.722011
904.030271,76.570323,114.855485,-9418.149754
904.030898,76.570323,114.855485,-9418.149754
904.031526,76.570323,114.855485,-9418.149754
904.032153,133.998066,191.425808,-9418.149754
904.032781,76.570323,114.855485,-9418.149754
904.033408,114.855485,114.855485,-9399.007173
904.034035,133.998066,114.855485,-9437.292334
904.034663,76.570323,114.855485,-9418.149754
904.035290,76.570323,114.855485,-9418.149754
904.035918,153.140646,133.998066,-9399.007173
904.036545,76.570323,153.140646,-9437.292334
904.037172,133.998066,114.855485,-9494.720077
904.037800,133.998066,210.568389,-9475.577496
904.038427,133.998066,172.283227,-9437.292334
904.039055,76.570323,172.283227,-9475.577496
904.039682,95.712904,114.855485,-9418.149754
904.040310,76.570323,114.855485,-9418.149754
904.040937,133.998066,210.568389,-9437.292334
904.041564,76.570323,210.568389,-9437.292334
904.042192,133.998066,153.140646,-9418.149754
904.042819,133.998066,172.283227,-9418.149754
904.043447,76.570323,114.855485,-9418.149754
904.044074,38.285162,114.855485,-9437.292334
904.044702,38.285162,114.855485,-9418.149754
904.045329,95.712904,153.140646,-9437.292334
904.045956,95.712904,95.712904,-9399.007173
904.046584,133.998066,172.283227,-9418.149754
904.047211,38.285162,172.283227,-9456.434915
904.047839,76.570323,210.568389,-9418.149754
904.048466,76.570323,114.855485,-9437.292334
904.049094,76.570323,114.855485,-9418.149754
904.049721,38.285162,210.568389,-9418.149754
904.050348,76.570323,114.855485,-9418.149754
904.050976,38.285162,210.568389,-9418.149754
904.051603,76.570323,114.855485,-9418.149754
904.052231,76.570323,114.855485,-9418.149754
904.052858,38.285162,210.568389,-9418.149754
904.053486,19.142581,172.283227,-9418.149754
904.054113,76.570323,114.855485,-9418.149754
904.054740,133.998066,114.855485,-9418.149754
904.055368,76.570323,114.855485,-9418.149754
904.055995,0.000000,172.283227,-9399.007173
904.056623,38.285162,172.283227,-9437.292334
904.057250,133.998066,133.998066,-9399.007173
904.057878,76.570323,172.283227,-9437.292334
904.058505,76.570323,114.855485,-9437.292334
904.059132,76.570323,210.568389,-9418.149754
904.059760,133.998066,153.140646,-9437.292334
904.060387,133.998066,153.140646,-9437.292334
904.061015,76.570323,229.710970,-9418.149754
904.061642,76.570323,191.425808,-9418.149754
904.062270,114.855485,172.283227,-9379.864592
904.062897,38.285162,172.283227,-9418.149754
904.063524,76.570323,191.425808,-9437.292334
904.064152,153.140646,114.855485,-9418.149754
904.064779,153.140646,172.283227,-9399.007173
904.065407,76.570323,191.425808,-9437.292334
904.066034,95.712904,210.568389,-9456.434915
904.066662,133.998066,172.283227,-9418.149754
904.067289,133.998066,191.425808,-9456.434915
904.067916,76.570323,114.855485,-9418.149754
904.068544,76.570323,210.568389,-9418.149754
904.069171,114.855485,172.283227,-9360.722011
904.069799,95.712904,172.283227,-9360.722011
904.070426,76.570323,153.140646,-9418.149754
904.071054,38.285162,210.568389,-9418.149754
904.071681,133.998066,114.855485,-9533.005238
904.072308,76.570323,172.283227,-9418.149754
904.072936,38.285162,114.855485,-9418.149754
904.073563,133.998066,114.855485,-9418.149754
904.074191,95.712904,114.855485,-9399.007173
904.074818,133.998066,114.855485,-9456.434915
904.075446,114.855485,95.712904,-9399.007173
904.076073,38.285162,114.855485,-9418.149754
904.076700,76.570323,172.283227,-9437.292334
904.077328,38.285162,172.283227,-9437.292334
904.077955,76.570323,172.283227,-9418.149754
904.078583,76.570323,153.140646,-9456.434915
904.079210,76.570323,229.710970,-9418.149754
904.079838,133.998066,210.568389,-9418.149754
904.080465,133.998066,229.710970,-9418.149754
904.081092,76.570323,153.140646,-9418.149754
904.081720,133.998066,153.140646,-9418.149754
904.082347,38.285162,172.283227,-9418.149754
904.082975,95.712904,133.998066,-9360.722011
904.083602,153.140646,133.998066,-9399.007173
904.084230,153.140646,153.140646,-9494.720077
904.084857,38.285162,114.855485,-9437.292334
904.085484,95.712904,95.712904,-9399.007173
904.086112,153.140646,172.283227,-9399.007173
904.086739,95.712904,191.425808,-9360.722011
904.087367,133.998066,172.283227,-9418.149754
904.087994,76.570323,172.283227,-9418.149754
904.088622,133.998066,114.855485,-9418.149754
904.089249,76.570323,153.140646,-9418.149754
904.089876,95.712904,114.855485,-9399.007173
904.090504,76.570323,172.283227,-9437.292334
904.091131,133.998066,133.998066,-9456.434915
904.091759,38.285162,153.140646,-9437.292334
904.092386,76.570323,114.855485,-9418.149754
904.093014,76.570323,172.283227,-9437.292334
904.093641,76.570323,114.855485,-9456.434915
904.094268,76.570323,114.855485,-9418.149754
904.094896,76.570323,114.855485,-9418.149754
904.095523,133.998066,114.855485,-9418.149754
904.096151,133.998066,114.855485,-9418.149754
904.096778,76.570323,114.855485,-9437.292334
904.097405,76.570323,172.283227,-9418.149754
904.098033,76.570323,114.855485,-9418.149754
904.098660,38.285162,114.855485,-9418.149754
904.099287,76.570323,153.140646,-9418.149754
904.099915,76.570323,114.855485,-9437.292334
904.100542,133.998066,114.855485,-9456.434915
904.101170,76.570323,114.855485,-9475.577496
904.101797,76.570323,114.855485,-9418.149754
904.102424,95.712904,172.283227,-9475.577496
904.103052,76.570323,114.855485,-9437.292334
904.103679,133.998066,114.855485,-9418.149754
904.104307,76.570323,172.283227,-9418.149754
904.104934,133.998066,114.855485,-9418.149754
904.105561,95.712904,114.855485,-9418.149754
904.106189,38.285162,153.140646,-9475.577496
904.106816,76.570323,172.283227,-9418.149754
904.107443,95.712904,114.855485,-9418.149754
904.108071,76.570323,114.855485,-9475.577496
904.108698,133.998066,172.283227,-9418.149754
904.109326,153.140646,153.140646,-9437.292334
904.109953,153.140646,133.998066,-9399.007173
904.110580,153.140646,133.998066,-9494.720077
904.111208,133.998066,153.140646,-9418.149754
904.111835,133.998066,114.855485,-9418.149754
904.112463,133.998066,133.998066,-9399.007173
904.113090,38.285162,114.855485,-9475.577496
904.113717,95.712904,95.712904,-9494.720077
904.114345,95.712904,229.710970,-9456.434915
904.114972,76.570323,153.140646,-9418.149754
904.115599,76.570323,114.855485,-9437.292334
904.116227,76.570323,172.283227,-9418.149754
904.116854,133.998066,153.140646,-9418.149754
904.117482,76.570323,114.855485,-9418.149754
904.118109,95.712904,114.855485,-9437.292334
904.118736,95.712904,114.855485,-9475.577496
904.119364,95.712904,95.712904,-9456.434915
904.119991,76.570323,153.140646,-9456.434915
904.120619,153.140646,133.998066,-9399.007173
904.121246,114.855485,133.998066,-9360.722011
904.121873,133.998066,114.855485,-9418.149754
904.122501,76.570323,114.855485,-9418.149754
904.123128,133.998066,210.568389,-9437.292334
904.123755,95.712904,114.855485,-9475.577496
904.124383,133.998066,172.283227,-9418.149754
904.125010,114.855485,114.855485,-9399.007173
904.125638,153.140646,191.425808,-9437.292334
904.126265,95.712904,153.140646,-9360.722011
904.126892,76.570323,114.855485,-9418.149754
904.127520,76.570323,114.855485,-9418.149754
904.128147,38.285162,114.855485,-9418.149754
904.128774,114.855485,114.855485,-9437.292334
904.129402,133.998066,172.283227,-9456.434915
904.130029,76.570323,114.855485,-9418.149754
904.130657,133.998066,172.283227,-9456.434915
904.131284,133.998066,172.283227,-9437.292334
904.131911,76.570323,114.855485,-9437.292334
904.132539,95.712904,95.712904,-9437.292334
904.133166,114.855485,133.998066,-9437.292334
904.133794,76.570323,114.855485,-9418.149754
904.134421,133.998066,172.283227,-9456.434915
904.135048,76.570323,153.140646,-9418.149754
904.135676,95.712904,95.712904,-9399.007173
904.136303,38.285162,172.283227,-9418.149754
904.136930,38.285162,114.855485,-9418.149754
904.137558,76.570323,114.855485,-9418.149754
904.138185,76.570323,172.283227,-9418.149754
904.138813,153.140646,133.998066,-9399.007173
904.139440,38.285162,114.855485,-9456.434915
904.140067,76.570323,114.855485,-9418.149754
904.140695,153.140646,133.998066,-9399.007173
904.141322,76.570323,133.998066,-9360.722011
904.141950,133.998066,153.140646,-9418.149754
904.142577,95.712904,191.425808,-9418.149754
904.143204,38.285162,153.140646,-9456.434915
904.143832,76.570323,114.855485,-9418.149754
904.144459,76.570323,114.855485,-9456.434915
904.145086,76.570323,114.855485,-9418.149754
904.145714,114.855485,172.283227,-9418.149754
904.146341,133.998066,114.855485,-9418.149754
904.146969,153.140646,172.283227,-9399.007173
904.147596,114.855485,76.570323,-9437.292334
904.148223,38.285162,153.140646,-9437.292334
904.148851,133.998066,114.855485,-9418.149754
904.149478,38.285162,114.855485,-9418.149754
904.150106,76.570323,153.140646,-9418.149754
904.150733,76.570323,172.283227,-9418.149754
904.151360,38.285162,172.283227,-9437.292334
904.151988,76.570323,153.140646,-9437.292334
904.152615,133.998066,114.855485,-9437.292334
904.153242,133.998066,114.855485,-9418.149754
904.153870,76.570323,114.855485,-9418.149754
904.154497,133.998066,114.855485,-9418.149754
904.155125,133.998066,114.855485,-9418.149754
904.155752,133.998066,153.140646,-9418.149754
904.156379,95.712904,95.712904,-9399.007173
904.157007,38.285162,210.568389,-9418.149754
904.157634,38.285162,210.568389,-9360.722011
904.158262,114.855485,133.998066,-9418.149754
904.158889,76.570323,210.568389,-9418.149754
904.159516,76.570323,114.855485,-9418.149754
904.160144,76.570323,172.283227,-9418.149754
904.160771,95.712904,133.998066,-9418.149754
904.161398,76.570323,191.425808,-9418.149754
904.162026,114.855485,133.998066,-9360.722011
904.162653,95.712904,191.425808,-9360.722011
904.163281,76.570323,172.283227,-9418.149754
904.163908,57.427742,172.283227,-9418.149754
904.164535,76.570323,114.855485,-9418.149754
904.165163,38.285162,172.283227,-9475.577496
904.165790,114.855485,191.425808,-9418.149754
904.166418,76.570323,114.855485,-9437.292334
904.167045,38.285162,114.855485,-9418.149754
904.167672,133.998066,133.998066,-9494.720077
904.168300,153.140646,133.998066,-9399.007173
904.168927,133.998066,114.855485,-9418.149754
904.169554,76.570323,172.283227,-9456.434915
904.170182,76.570323,153.140646,-9418.149754
904.170809,133.998066,172.283227,-9418.149754
904.171437,133.998066,153.140646,-9475.577496
904.172064,133.998066,153.140646,-9418.149754
904.172691,172.283227,114.855485,-9379.864592
904.173319,57.427742,114.855485,-9418.149754
904.173946,76.570323,114.855485,-9456.434915
904.174574,76.570323,172.283227,-9456.434915
904.175201,76.570323,153.140646,-9418.149754
904.175828,153.140646,133.998066,-9456.434915
904.176456,133.998066,172.283227,-9437.292334
904.177083,38.285162,172.283227,-9475.577496
904.177710,76.570323,114.855485,-9456.434915
904.178338,133.998066,114.855485,-9418.149754
904.178965,133.998066,114.855485,-9418.149754
904.179593,133.998066,133.998066,-9399.007173
904.180220,133.998066,153.140646,-9437.292334
904.180847,76.570323,172.283227,-9418.149754
904.181475,76.570323,114.855485,-9494.720077
904.182102,133.998066,172.283227,-9418.149754
904.182730,133.998066,114.855485,-9475.577496
904.183357,38.285162,153.140646,-9533.005238
904.183984,76.570323,229.710970,-9418.149754
904.184612,133.998066,153.140646,-9437.292334
904.185239,76.570323,153.140646,-9418.149754
904.185866,133.998066,153.140646,-9418.149754
904.186494,76.570323,153.140646,-9437.292334
904.187121,38.285162,114.855485,-9456.434915
904.187749,210.568389,133.998066,-9399.007173
904.188376,95.712904,95.712904,-9456.434915
904.189003,114.855485,95.712904,-9399.007173
904.189631,133.998066,114.855485,-9418.149754
904.190258,133.998066,172.283227,-9418.149754
904.190886,76.570323,153.140646,-9456.434915
904.191513,133.998066,153.140646,-9456.434915
904.192140,153.140646,172.283227,-9399.007173
904.192768,76.570323,210.568389,-9418.149754
904.193395,133.998066,172.283227,-9418.149754
904.194022,76.570323,114.855485,-9418.149754
904.194650,76.570323,114.855485,-9437.292334
904.195277,114.855485,172.283227,-9341.579430
904.195905,38.285162,95.712904,-9399.007173
904.196532,76.570323,153.140646,-9418.149754
904.197159,133.998066,172.283227,-9418.149754
904.197787,76.570323,210.568389,-9437.292334
904.198414,153.140646,133.998066,-9399.007173
904.199041,95.712904,114.855485,-9437.292334
904.199669,76.570323,114.855485,-9418.149754
904.200296,172.283227,210.568389,-9399.007173
904.200924,133.998066,114.855485,-9475.577496
904.201551,76.570323,114.855485,-9456.434915
904.202178,76.570323,153.140646,-9418.149754
904.202806,76.570323,153.140646,-9418.149754
904.203433,76.570323,172.283227,-9456.434915
904.204060,76.570323,114.855485,-9437.292334
904.204688,76.570323,114.855485,-9437.292334
904.205315,133.998066,172.283227,-9533.005238
904.205942,133.998066,172.283227,-9418.149754
904.206570,133.998066,114.855485,-9418.149754
904.207197,133.998066,153.140646,-9418.149754
904.207824,38.285162,210.568389,-9418.149754
904.208451,133.998066,172.283227,-9437.292334
904.209079,133.998066,153.140646,-9418.149754
904.209706,38.285162,210.568389,-9418.149754
904.210333,153.140646,172.283227,-9494.720077
904.210961,76.570323,153.140646,-9475.577496
904.211588,76.570323,229.710970,-9437.292334
904.212215,38.285162,153.140646,-9475.577496
904.212843,38.285162,153.140646,-9418.149754
904.213470,133.998066,76.570323,-9379.864592
904.214097,76.570323,114.855485,-9418.149754
904.214725,133.998066,153.140646,-9418.149754
904.215352,133.998066,172.283227,-9475.577496
904.215979,133.998066,153.140646,-9475.577496
904.216607,133.998066,133.998066,-9399.007173
904.217234,133.998066,114.855485,-9475.577496
904.217861,76.570323,114.855485,-9418.149754
904.218489,95.712904,153.140646,-9360.722011
904.219116,95.712904,172.283227,-9418.149754
904.219743,76.570323,210.568389,-9437.292334
904.220371,133.998066,210.568389,-9418.149754
904.220998,76.570323,114.855485,-9418.149754
904.221625,95.712904,95.712904,-9399.007173
904.222253,153.140646,133.998066,-9494.720077
904.222880,76.570323,114.855485,-9437.292334
904.223507,57.427742,95.712904,-9399.007173
904.224135,38.285162,153.140646,-9475.577496
904.224762,133.998066,114.855485,-9418.149754
904.225389,133.998066,114.855485,-9437.292334
904.226017,153.140646,172.283227,-9437.292334
904.226644,76.570323,172.283227,-9418.149754
904.227271,133.998066,172.283227,-9437.292334
904.227899,38.285162,114.855485,-9418.149754
904.228526,38.285162,114.855485,-9418.149754
904.229153,76.570323,172.283227,-9475.577496
904.229781,95.712904,191.425808,-9475.577496
904.230408,210.568389,191.425808,-9399.007173
904.231035,19.142581,114.855485,-9418.149754
904.231663,76.570323,210.568389,-9418.149754
904.232290,76.570323,114.855485,-9437.292334
904.232917,133.998066,153.140646,-9475.577496
904.233545,133.998066,114.855485,-9475.577496
904.234172,76.570323,191.425808,-9437.292334
904.234799,133.998066,153.140646,-9418.149754
904.235427,38.285162,172.283227,-9456.434915
904.236054,38.285162,114.855485,-9437.292334
904.236681,153.140646,133.998066,-9399.007173
904.237309,133.998066,114.855485,-9418.149754
904.237936,95.712904,95.712904,-9456.434915
904.238563,76.570323,210.568389,-9456.434915
904.239191,38.285162,210.568389,-9418.149754
904.239818,57.427742,172.283227,-9418.149754
904.240445,95.712904,153.140646,-9475.577496
904.241073,133.998066,114.855485,-9418.149754
904.241700,153.140646,172.283227,-9418.149754
904.242327,95.712904,114.855485,-9418.149754
904.242955,133.998066,114.855485,-9437.292334
904.243582,38.285162,114.855485,-9437.292334
904.244209,95.712904,133.998066,-9360.722011
904.244837,57.427742,133.998066,-9360.722011
904.245464,133.998066,114.855485,-9418.149754
904.246091,133.998066,210.568389,-9418.149754
904.246719,76.570323,114.855485,-9418.149754
904.247346,133.998066,172.283227,-9418.149754
904.247973,133.998066,153.140646,-9418.149754
904.248601,76.570323,114.855485,-9437.292334
904.249228,114.855485,114.855485,-9475.577496
904.249855,76.570323,172.283227,-9418.149754
904.250483,133.998066,153.140646,-9418.149754
904.251110,114.855485,153.140646,-9360.722011
904.251737,133.998066,172.283227,-9399.007173
904.252365,114.855485,95.712904,-9399.007173
904.252992,76.570323,172.283227,-9418.149754
904.253619,153.140646,133.998066,-9399.007173
904.254247,153.140646,248.853550,-9399.007173
904.254874,76.570323,114.855485,-9418.149754
904.255501,57.427742,114.855485,-9418.149754
904.256129,95.712904,172.283227,-9475.577496
904.256756,133.998066,191.425808,-9399.007173
904.257383,76.570323,153.140646,-9418.149754
904.258011,76.570323,114.855485,-9418.149754
904.258638,133.998066,114.855485,-9475.577496
904.259265,76.570323,114.855485,-9418.149754
904.259893,153.140646,133.998066,-9475.577496
904.260520,133.998066,114.855485,-9418.149754
904.261147,76.570323,114.855485,-9418.149754
904.261775,133.998066,133.998066,-9399.007173
904.262402,133.998066,229.710970,-9437.292334
904.263029,38.285162,153.140646,-9418.149754
904.263656,95.712904,191.425808,-9418.149754
904.264284,57.427742,153.140646,-9418.149754
904.264911,38.285162,210.568389,-9418.149754
904.265538,76.570323,114.855485,-9418.149754
904.266166,95.712904,133.998066,-9360.722011
904.266793,95.712904,133.998066,-9360.722011
904.267420,76.570323,114.855485,-9475.577496
904.268048,133.998066,114.855485,-9494.720077
904.268675,38.285162,114.855485,-9456.434915
904.269302,153.140646,153.140646,-9437.292334
904.269930,95.712904,172.283227,-9418.149754
904.270557,133.998066,114.855485,-9456.434915
904.271184,95.712904,133.998066,-9418.149754
904.271812,133.998066,114.855485,-9437.292334
904.272439,95.712904,114.855485,-9418.149754
904.273066,38.285162,210.568389,-9456.434915
904.273694,133.998066,172.283227,-9418.149754
904.274321,76.570323,114.855485,-9418.149754
904.274948,76.570323,114.855485,-9456.434915
904.275576,153.140646,133.998066,-9399.007173
904.276203,95.712904,95.712904,-9456.434915
904.276830,38.285162,114.855485,-9437.292334
904.277458,133.998066,114.855485,-9399.007173
904.278085,133.998066,114.855485,-9456.434915
904.278712,153.140646,191.425808,-9475.577496
904.279340,76.570323,114.855485,-9533.005238
904.279967,38.285162,114.855485,-9456.434915
904.280594,133.998066,114.855485,-9418.149754
904.281222,133.998066,133.998066,-9456.434915
904.281849,133.998066,114.855485,-9456.434915
904.282476,76.570323,172.283227,-9418.149754
904.283104,95.712904,114.855485,-9418.149754
904.283731,57.427742,191.425808,-9360.722011
904.284358,133.998066,114.855485,-9456.434915
904.284986,76.570323,133.998066,-9322.436850
904.285613,95.712904,191.425808,-9418.149754
904.286240,76.570323,153.140646,-9418.149754
904.286868,76.570323,114.855485,-9418.149754
904.287495,38.285162,114.855485,-9418.149754
904.288122,38.285162,172.283227,-9418.149754
904.288750,76.570323,114.855485,-9418.149754
904.289377,76.570323,172.283227,-9418.149754
904.290004,76.570323,114.855485,-9418.149754
904.290632,38.285162,114.855485,-9437.292334
904.291259,133.998066,133.998066,-9437.292334
904.291886,133.998066,210.568389,-9418.149754
904.292514,114.855485,76.570323,-9418.149754
904.293141,76.570323,210.568389,-9418.149754
904.293768,76.570323,114.855485,-9437.292334
904.294396,133.998066,191.425808,-9418.149754
904.295023,133.998066,114.855485,-9437.292334
904.295650,133.998066,114.855485,-9437.292334
904.296278,153.140646,133.998066,-9399.007173
904.296905,114.855485,133.998066,-9360.722011
904.297532,76.570323,114.855485,-9437.292334
904.298160,133.998066,153.140646,-9456.434915
904.298787,153.140646,114.855485,-9418.149754
904.299414,153.140646,133.998066,-9399.007173
904.300042,172.283227,153.140646,-9379.864592
904.300669,133.998066,210.568389,-9456.434915
904.301296,133.998066,191.425808,-9456.434915
904.301924,38.285162,172.283227,-9456.434915
904.302551,114.855485,133.998066,-9418.149754
904.303178,133.998066,114.855485,-9418.149754
904.303806,133.998066,114.855485,-9418.149754
904.304433,133.998066,153.140646,-9418.149754
904.305060,133.998066,172.283227,-9418.149754
904.305688,133.998066,114.855485,-9456.434915
904.306315,133.998066,210.568389,-9475.577496
904.306942,133.998066,76.570323,-9379.864592
904.307570,76.570323,114.855485,-9418.149754
904.308197,133.998066,114.855485,-9418.149754
904.308824,133.998066,191.425808,-9418.149754
904.309452,76.570323,153.140646,-9418.149754
904.310079,133.998066,191.425808,-9418.149754
904.310707,76.570323,114.855485,-9418.149754
904.311334,76.570323,76.570323,-9379.864592
904.311961,76.570323,114.855485,-9437.292334
904.312589,95.712904,114.855485,-9418.149754
904.313216,153.140646,153.140646,-9418.149754
904.313843,153.140646,153.140646,-9456.434915
904.314471,76.570323,114.855485,-9418.149754
904.315098,76.570323,114.855485,-9437.292334
904.315725,76.570323,114.855485,-9418.149754
904.316353,76.570323,114.855485,-9418.149754
904.316980,133.998066,172.283227,-9437.292334
904.317607,133.998066,210.568389,-9437.292334
904.318235,57.427742,172.283227,-9418.149754
904.318862,133.998066,114.855485,-9418.149754
904.319489,95.712904,114.855485,-9456.434915
904.320117,38.285162,172.283227,-9418.149754
904.320744,133.998066,133.998066,-9399.007173
904.321371,38.285162,114.855485,-9418.149754
904.321999,76.570323,114.855485,-9456.434915
904.322626,95.712904,153.140646,-9360.722011
904.323253,210.568389,191.425808,-9399.007173
904.323881,133.998066,114.855485,-9418.149754
904.324508,76.570323,114.855485,-9418.149754
904.325136,76.570323,114.855485,-9418.149754
904.325763,153.140646,172.283227,-9418.149754
904.326390,153.140646,153.140646,-9418.149754
904.327018,153.140646,133.998066,-9399.007173
904.327645,76.570323,114.855485,-9418.149754
904.328272,133.998066,172.283227,-9418.149754
904.328900,76.570323,153.140646,-9494.720077
904.329527,76.570323,172.283227,-9437.292334
904.330154,133.998066,114.855485,-9418.149754
904.330782,114.855485,95.712904,-9437.292334
904.331409,133.998066,191.425808,-9456.434915
904.332036,133.998066,153.140646,-9437.292334
904.332664,76.570323,191.425808,-9475.577496
904.333291,76.570323,153.140646,-9437.292334
904.333918,76.570323,114.855485,-9418.149754
904.334546,133.998066,172.283227,-9418.149754
904.335173,95.712904,114.855485,-9456.434915
904.335800,76.570323,133.998066,-9360.722011
904.336428,76.570323,114.855485,-9418.149754
904.337055,76.570323,114.855485,-9437.292334
904.337682,95.712904,172.283227,-9360.722011
904.338310,114.855485,114.855485,-9437.292334
904.338937,114.855485,153.140646,-9360.722011
904.339565,133.998066,114.855485,-9418.149754
904.340192,133.998066,172.283227,-9418.149754
904.340819,153.140646,172.283227,-9456.434915
904.341447,76.570323,172.283227,-9418.149754
904.342074,133.998066,114.855485,-9437.292334
904.342701,114.855485,133.998066,-9360.722011
904.343329,133.998066,153.140646,-9494.720077
904.343956,76.570323,114.855485,-9418.149754
904.344583,114.855485,95.712904,-9475.577496
904.345211,114.855485,76.570323,-9418.149754
904.345838,76.570323,153.140646,-9418.149754
904.346465,76.570323,210.568389,-9418.149754
904.347093,38.285162,191.425808,-9360.722011
904.347720,76.570323,153.140646,-9418.149754
904.348347,133.998066,153.140646,-9418.149754
904.348975,114.855485,133.998066,-9360.722011
904.349602,133.998066,153.140646,-9437.292334
904.350229,76.570323,172.283227,-9418.149754
904.350857,76.570323,153.140646,-9418.149754
904.351484,133.998066,114.855485,-9456.434915
904.352111,76.570323,172.283227,-9418.149754
904.352739,76.570323,153.140646,-9418.149754
904.353366,133.998066,229.710970,-9437.292334
904.353994,210.568389,191.425808,-9475.577496
904.354621,210.568389,153.140646,-9399.007173
904.355248,76.570323,172.283227,-9418.149754
904.355876,76.570323,114.855485,-9418.149754
904.356503,76.570323,114.855485,-9418.149754
904.357130,153.140646,172.283227,-9360.722011
904.357758,38.285162,114.855485,-9437.292334
904.358385,76.570323,172.283227,-9418.149754
904.359012,133.998066,114.855485,-9418.149754
904.359640,153.140646,133.998066,-9399.007173
904.360267,172.283227,210.568389,-9379.864592
904.360894,76.570323,172.283227,-9418.149754
904.361522,57.427742,114.855485,-9494.720077
904.362149,76.570323,114.855485,-9418.149754
904.362776,76.570323,172.283227,-9456.434915
904.363404,133.998066,153.140646,-9418.149754
904.364031,76.570323,114.855485,-9437.292334
904.364658,38.285162,153.140646,-9418.149754
904.365286,57.427742,114.855485,-9418.149754
904.365913,38.285162,114.855485,-9418.149754
904.366540,76.570323,153.140646,-9437.292334
904.367168,76.570323,153.140646,-9418.149754
904.367795,38.285162,114.855485,-9418.149754
904.368423,38.285162,114.855485,-9418.149754
904.369050,95.712904,133.998066,-9360.722011
904.369677,76.570323,172.283227,-9418.149754
904.370305,38.285162,114.855485,-9418.149754
904.370932,133.998066,153.140646,-9399.007173
904.371559,95.712904,153.140646,-9437.292334
904.372187,76.570323,114.855485,-9418.149754
904.372814,133.998066,229.710970,-9418.149754
904.373441,133.998066,114.855485,-9456.434915
904.374069,38.285162,153.140646,-9533.005238
904.374696,38.285162,114.855485,-9437.292334
904.375323,133.998066,114.855485,-9437.292334
904.375951,133.998066,114.855485,-9456.434915
904.376578,133.998066,172.283227,-9456.434915
904.377205,76.570323,210.568389,-9418.149754
904.377833,76.570323,153.140646,-9418.149754
904.378460,133.998066,114.855485,-9437.292334
904.379087,133.998066,210.568389,-9437.292334
904.379715,133.998066,172.283227,-9418.149754
904.380342,133.998066,114.855485,-9360.722011
904.380969,114.855485,172.283227,-9418.149754
904.381597,133.998066,133.998066,-9399.007173
904.382224,95.712904,153.140646,-9456.434915
904.382852,133.998066,210.568389,-9418.149754
904.383479,95.712904,95.712904,-9437.292334
904.384106,95.712904,153.140646,-9360.722011
904.384734,133.998066,114.855485,-9475.577496
904.385361,133.998066,133.998066,-9399.007173
904.385988,95.712904,133.998066,-9360.722011
904.386616,133.998066,172.283227,-9437.292334
904.387243,76.570323,153.140646,-9418.149754
904.387870,38.285162,210.568389,-9418.149754
904.388498,38.285162,172.283227,-9456.434915
904.389125,76.570323,172.283227,-9418.149754
904.389752,114.855485,133.998066,-9360.722011
904.390380,38.285162,210.568389,-9418.149754
904.391007,114.855485,95.712904,-9399.007173
904.391634,76.570323,114.855485,-9418.149754
904.392262,133.998066,172.283227,-9456.434915
904.392889,153.140646,133.998066,-9399.007173
904.393516,133.998066,114.855485,-9456.434915
904.394144,95.712904,95.712904,-9456.434915
904.394771,133.998066,114.855485,-9456.434915
904.395398,153.140646,191.425808,-9399.007173
904.396026,133.998066,114.855485,-9437.292334
904.396653,133.998066,172.283227,-9418.149754
904.397281,114.855485,133.998066,-9360.722011
904.397908,133.998066,114.855485,-9418.149754
904.398535,114.855485,95.712904,-9513.862658
904.399163,76.570323,114.855485,-9418.149754
904.399790,76.570323,153.140646,-9418.149754
904.400417,133.998066,114.855485,-9418.149754
904.401045,133.998066,210.568389,-9418.149754
904.401672,133.998066,114.855485,-9456.434915
904.402299,76.570323,114.855485,-9418.149754
904.402926,133.998066,114.855485,-9418.149754
904.403554,76.570323,114.855485,-9456.434915
904.404181,95.712904,114.855485,-9437.292334
904.404808,76.570323,114.855485,-9456.434915
904.405436,133.998066,114.855485,-9437.292334
904.406063,133.998066,153.140646,-9418.149754
904.406690,172.283227,76.570323,-9475.577496
904.407318,76.570323,172.283227,-9475.577496
904.407945,133.998066,114.855485,-9418.149754
904.408572,76.570323,172.283227,-9418.149754
904.409199,95.712904,114.855485,-9437.292334
904.409827,153.140646,153.140646,-9475.577496
904.410454,76.570323,210.568389,-9456.434915
904.411081,76.570323,172.283227,-9418.149754
904.411709,133.998066,114.855485,-9418.149754
904.412336,133.998066,114.855485,-9418.149754
904.412963,76.570323,114.855485,-9418.149754
904.413591,95.712904,76.570323,-9379.864592
904.414218,76.570323,114.855485,-9418.149754
904.414845,153.140646,172.283227,-9399.007173
904.415473,133.998066,114.855485,-9437.292334
904.416100,114.855485,133.998066,-9418.149754
904.416727,76.570323,114.855485,-9418.149754
904.417354,38.285162,172.283227,-9418.149754
904.417982,133.998066,191.425808,-9437.292334
904.418609,133.998066,210.568389,-9475.577496
904.419236,133.998066,114.855485,-9456.434915
904.419864,38.285162,114.855485,-9418.149754
904.420491,210.568389,172.283227,-9399.007173
904.421118,76.570323,114.855485,-9437.292334
904.421746,172.283227,133.998066,-9418.149754
904.422373,133.998066,172.283227,-9437.292334
904.423000,76.570323,114.855485,-9418.149754
904.423627,38.285162,114.855485,-9418.149754
904.424255,95.712904,114.855485,-9437.292334
904.424882,38.285162,153.140646,-9456.434915
904.425509,95.712904,114.855485,-9418.149754
904.426137,133.998066,114.855485,-9418.149754
904.426764,133.998066,114.855485,-9437.292334
904.427391,38.285162,153.140646,-9418.149754
904.428019,95.712904,114.855485,-9399.007173
904.428646,95.712904,95.712904,-9494.720077
904.429273,95.712904,114.855485,-9456.434915
904.429900,133.998066,210.568389,-9418.149754
904.430528,76.570323,114.855485,-9418.149754
904.431155,133.998066,172.283227,-9418.149754
904.431782,38.285162,172.283227,-9418.149754
904.432410,95.712904,210.568389,-9418.149754
904.433037,76.570323,114.855485,-9418.149754
904.433664,95.712904,114.855485,-9418.149754
904.434292,153.140646,248.853550,-9399.007173
904.434919,76.570323,114.855485,-9418.149754
904.435546,76.570323,114.855485,-9418.149754
904.436173,133.998066,153.140646,-9475.577496
904.436801,38.285162,114.855485,-9456.434915
904.437428,76.570323,114.855485,-9456.434915
904.438055,133.998066,114.855485,-9437.292334
904.438683,76.570323,114.855485,-9418.149754
904.439310,114.855485,133.998066,-9360.722011
904.439937,76.570323,114.855485,-9437.292334
904.440565,133.998066,153.140646,-9418.149754
904.441192,76.570323,114.855485,-9456.434915
904.441819,133.998066,114.855485,-9418.149754
904.442447,133.998066,114.855485,-9418.149754
904.443074,133.998066,114.855485,-9437.292334
904.443701,76.570323,114.855485,-9418.149754
904.444328,153.140646,133.998066,-9399.007173
904.444956,133.998066,172.283227,-9418.149754
904.445583,76.570323,153.140646,-9475.577496
904.446210,133.998066,114.855485,-9418.149754
904.446838,76.570323,114.855485,-9418.149754
904.447465,153.140646,133.998066,-9456.434915
904.448092,153.140646,248.853550,-9399.007173
904.448720,76.570323,114.855485,-9418.149754
904.449347,76.570323,114.855485,-9418.149754
904.449974,76.570323,210.568389,-9418.149754
904.450601,76.570323,114.855485,-9418.149754
904.451229,76.570323,153.140646,-9418.149754
904.451856,114.855485,133.998066,-9360.722011
904.452483,76.570323,172.283227,-9418.149754
904.453111,95.712904,114.855485,-9437.292334
904.453738,38.285162,153.140646,-9418.149754
904.454365,95.712904,172.283227,-9418.149754
904.454993,133.998066,114.855485,-9418.149754
904.455620,95.712904,172.283227,-9456.434915
904.456247,76.570323,210.568389,-9418.149754
904.456874,38.285162,114.855485,-9418.149754
904.457502,95.712904,153.140646,-9418.149754
904.458129,76.570323,114.855485,-9418.149754
904.458756,57.427742,95.712904,-9399.007173
904.459384,38.285162,153.140646,-9360.722011
904.460011,76.570323,114.855485,-9437.292334
904.460638,76.570323,95.712904,-9399.007173
904.461266,114.855485,95.712904,-9456.434915
904.461893,133.998066,153.140646,-9418.149754
904.462520,172.283227,114.855485,-9379.864592
904.463147,76.570323,114.855485,-9418.149754
904.463775,133.998066,114.855485,-9418.149754
904.464402,76.570323,114.855485,-9418.149754
904.465029,76.570323,133.998066,-9418.149754
904.465657,76.570323,114.855485,-9418.149754
904.466284,153.140646,133.998066,-9399.007173
904.466911,133.998066,114.855485,-9418.149754
904.467539,133.998066,172.283227,-9418.149754
904.468166,133.998066,114.855485,-9418.149754
904.468793,133.998066,210.568389,-9418.149754
904.469421,76.570323,114.855485,-9418.149754
904.470048,76.570323,153.140646,-9418.149754
904.470675,38.285162,114.855485,-9437.292334
904.471302,76.570323,114.855485,-9437.292334
904.471930,76.570323,114.855485,-9418.149754
904.472557,133.998066,133.998066,-9437.292334
904.473184,76.570323,153.140646,-9475.577496
904.473812,133.998066,210.568389,-9418.149754
904.474439,133.998066,114.855485,-9475.577496
904.475066,133.998066,172.283227,-9418.149754
904.475694,76.570323,172.283227,-9456.434915
904.476321,95.712904,153.140646,-9418.149754
904.476948,76.570323,114.855485,-9437.292334
904.477575,114.855485,95.712904,-9399.007173
904.478203,133.998066,133.998066,-9399.007173
904.478830,133.998066,133.998066,-9399.007173
904.479457,38.285162,172.283227,-9418.149754
904.480085,133.998066,191.425808,-9418.149754
904.480712,38.285162,172.283227,-9456.434915
904.481339,133.998066,172.283227,-9418.149754
904.481967,133.998066,114.855485,-9437.292334
904.482594,133.998066,133.998066,-9399.007173
904.483221,133.998066,114.855485,-9418.149754
904.483848,172.283227,76.570323,-9437.292334
904.484476,95.712904,172.283227,-9437.292334
904.485103,38.285162,114.855485,-9418.149754
904.485730,133.998066,172.283227,-9418.149754
904.486358,76.570323,114.855485,-9437.292334
904.486985,133.998066,133.998066,-9399.007173
904.487612,95.712904,114.855485,-9456.434915
904.488240,133.998066,153.140646,-9418.149754
904.488867,76.570323,114.855485,-9418.149754
904.489494,76.570323,153.140646,-9418.149754
904.490121,76.570323,210.568389,-9418.149754
904.490749,133.998066,114.855485,-9418.149754
904.491376,133.998066,133.998066,-9437.292334
904.492003,133.998066,133.998066,-9379.864592
904.492631,133.998066,114.855485,-9475.577496
904.493258,114.855485,95.712904,-9437.292334
904.493885,76.570323,114.855485,-9456.434915
904.494513,133.998066,114.855485,-9418.149754
904.495140,95.712904,114.855485,-9418.149754
904.495767,153.140646,133.998066,-9399.007173
904.496395,114.855485,172.283227,-9360.722011
904.497022,133.998066,210.568389,-9418.149754
904.497649,95.712904,153.140646,-9418.149754
904.498276,133.998066,133.998066,-9399.007173
904.498904,76.570323,153.140646,-9437.292334
904.499531,76.570323,114.855485,-9418.149754
904.500158,76.570323,114.855485,-9418.149754
904.500786,114.855485,133.998066,-9360.722011
904.501413,76.570323,153.140646,-9437.292334
904.502041,38.285162,153.140646,-9475.577496
904.502668,76.570323,114.855485,-9437.292334
904.503295,133.998066,172.283227,-9418.149754
904.503923,95.712904,153.140646,-9475.577496
904.504550,57.427742,153.140646,-9418.149754
904.505178,76.570323,210.568389,-9418.149754
904.505805,76.570323,210.568389,-9418.149754
904.506433,133.998066,153.140646,-9418.149754
904.507060,172.283227,95.712904,-9399.007173
904.507687,95.712904,95.712904,-9437.292334
904.508315,133.998066,153.140646,-9399.007173
904.508942,133.998066,114.855485,-9418.149754
904.509570,133.998066,114.855485,-9418.149754
904.510197,114.855485,133.998066,-9360.722011
904.510825,76.570323,114.855485,-9418.149754
904.511452,38.285162,172.283227,-9418.149754
904.512080,38.285162,114.855485,-9475.577496
904.512707,76.570323,153.140646,-9418.149754
904.513334,38.285162,172.283227,-9418.149754
904.513962,76.570323,114.855485,-9418.149754
904.514589,95.712904,114.855485,-9418.149754
904.515217,76.570323,114.855485,-9418.149754
904.515844,76.570323,172.283227,-9418.149754
904.516472,76.570323,172.283227,-9418.149754
904.517099,76.570323,114.855485,-9418.149754
904.517726,76.570323,153.140646,-9437.292334
904.518354,38.285162,114.855485,-9418.149754
904.518981,133.998066,153.140646,-9456.434915
904.519609,76.570323,114.855485,-9418.149754
904.520236,76.570323,172.283227,-9418.149754
904.520864,38.285162,114.855485,-9418.149754
904.521491,76.570323,172.283227,-9418.149754
904.522118,38.285162,153.140646,-9456.434915
904.522746,38.285162,153.140646,-9418.149754
904.523373,95.712904,114.855485,-9418.149754
904.524001,153.140646,133.998066,-9399.007173
904.524628,133.998066,153.140646,-9399.007173
904.525256,133.998066,153.140646,-9418.149754
904.525883,76.570323,114.855485,-9418.149754
904.526511,133.998066,172.283227,-9437.292334
904.527138,133.998066,114.855485,-9418.149754
904.527765,76.570323,153.140646,-9418.149754
904.528393,76.570323,114.855485,-9418.149754
904.529020,76.570323,153.140646,-9418.149754
904.529648,38.285162,114.855485,-9418.149754
904.530275,38.285162,172.283227,-9418.149754
904.530903,133.998066,210.568389,-9418.149754
904.531530,133.998066,172.283227,-9399.007173
904.532157,76.570323,114.855485,-9418.149754
904.532785,133.998066,172.283227,-9418.149754
904.533412,76.570323,172.283227,-9418.149754
904.534040,133.998066,172.283227,-9418.149754
904.534667,38.285162,172.283227,-9418.149754
904.535295,133.998066,114.855485,-9418.149754
904.535922,133.998066,133.998066,-9399.007173
904.536550,76.570323,114.855485,-9418.149754
904.537177,133.998066,172.283227,-9418.149754
904.537804,95.712904,172.283227,-9360.722011
904.538432,76.570323,114.855485,-9418.149754
904.539059,76.570323,114.855485,-9475.577496
904.539687,76.570323,114.855485,-9456.434915
904.540314,76.570323,114.855485,-9475.577496
904.540942,76.570323,114.855485,-9437.292334
904.541569,76.570323,114.855485,-9475.577496
904.542196,76.570323,114.855485,-9437.292334
904.542824,76.570323,114.855485,-9437.292334
904.543451,172.283227,76.570323,-9437.292334
904.544079,133.998066,133.998066,-9399.007173
904.544706,133.998066,114.855485,-9418.149754
904.545334,76.570323,210.568389,-9418.149754
904.545961,76.570323,172.283227,-9437.292334
904.546589,38.285162,114.855485,-9418.149754
904.547216,114.855485,95.712904,-9399.007173
904.547843,76.570323,114.855485,-9456.434915
904.548471,153.140646,172.283227,-9399.007173
904.549098,95.712904,133.998066,-9360.722011
904.549726,76.570323,114.855485,-9437.292334
904.550353,133.998066,114.855485,-9418.149754
904.550981,133.998066,153.140646,-9437.292334
904.551608,133.998066,114.855485,-9418.149754
904.552235,95.712904,95.712904,-9437.292334
904.552863,133.998066,114.855485,-9456.434915
904.553490,210.568389,248.853550,-9399.007173
904.554118,133.998066,153.140646,-9418.149754
904.554745,76.570323,114.855485,-9494.720077
904.555373,76.570323,114.855485,-9475.577496
904.556000,57.427742,114.855485,-9437.292334
904.556628,133.998066,114.855485,-9456.434915
904.557255,95.712904,210.568389,-9437.292334
904.557882,133.998066,210.568389,-9456.434915
904.558510,76.570323,153.140646,-9437.292334
904.559137,76.570323,114.855485,-9360.722011
904.559765,38.285162,153.140646,-9418.149754
904.560392,95.712904,95.712904,-9399.007173
904.561020,57.427742,95.712904,-9456.434915
904.561647,95.712904,114.855485,-9456.434915
904.562274,95.712904,172.283227,-9456.434915
904.562902,76.570323,114.855485,-9418.149754
904.563529,133.998066,210.568389,-9456.434915
904.564157,76.570323,153.140646,-9437.292334
904.564784,153.140646,133.998066,-9513.862658
904.565412,153.140646,133.998066,-9456.434915
904.566039,76.570323,114.855485,-9418.149754
904.566667,76.570323,133.998066,-9360.722011
904.567294,57.427742,133.998066,-9418.149754
904.567921,38.285162,114.855485,-9456.434915
904.568549,76.570323,114.855485,-9418.149754
904.569176,133.998066,210.568389,-9437.292334
904.569804,114.855485,95.712904,-9399.007173
904.570431,133.998066,153.140646,-9418.149754
904.571059,95.712904,210.568389,-9418.149754
904.571686,76.570323,153.140646,-9418.149754
904.572313,153.140646,133.998066,-9399.007173
904.572941,133.998066,114.855485,-9437.292334
904.573568,76.570323,114.855485,-9418.149754
904.574196,57.427742,114.855485,-9437.292334
904.574823,95.712904,133.998066,-9360.722011
904.575451,76.570323,114.855485,-9418.149754
904.576078,133.998066,114.855485,-9418.149754
904.576706,133.998066,114.855485,-9418.149754
904.577333,95.712904,95.712904,-9399.007173
904.577960,133.998066,191.425808,-9418.149754
904.578588,76.570323,153.140646,-9418.149754
904.579215,38.285162,153.140646,-9418.149754
904.579843,38.285162,153.140646,-9456.434915
904.580470,76.570323,114.855485,-9437.292334
904.581098,133.998066,114.855485,-9418.149754
904.581725,95.712904,114.855485,-9418.149754
904.582352,57.427742,172.283227,-9360.722011
904.582980,133.998066,133.998066,-9399.007173
904.583607,133.998066,153.140646,-9418.149754
904.584235,133.998066,114.855485,-9456.434915
904.584862,133.998066,114.855485,-9418.149754
904.585490,95.712904,172.283227,-9418.149754
904.586117,76.570323,114.855485,-9475.577496
904.586745,76.570323,114.855485,-9418.149754
904.587372,133.998066,153.140646,-9418.149754
904.587999,133.998066,133.998066,-9456.434915
904.588627,76.570323,114.855485,-9418.149754
904.589254,38.285162,153.140646,-9437.292334
904.589882,76.570323,114.855485,-9418.149754
904.590509,57.427742,95.712904,-9399.007173
904.591137,95.712904,133.998066,-9360.722011
904.591764,133.998066,114.855485,-9418.149754
904.592391,76.570323,172.283227,-9437.292334
904.593019,153.140646,172.283227,-9399.007173
904.593646,57.427742,133.998066,-9360.722011
904.594274,133.998066,172.283227,-9437.292334
904.594901,133.998066,114.855485,-9418.149754
904.595529,133.998066,114.855485,-9418.149754
904.596156,95.712904,114.855485,-9437.292334
904.596783,114.855485,95.712904,-9399.007173
904.597411,133.998066,172.283227,-9418.149754
904.598038,133.998066,172.283227,-9418.149754
904.598666,153.140646,191.425808,-9437.292334
904.599293,133.998066,172.283227,-9494.720077
904.599921,76.570323,114.855485,-9418.149754
904.600548,153.140646,133.998066,-9399.007173
904.601176,133.998066,114.855485,-9437.292334
904.601803,133.998066,133.998066,-9456.434915
904.602430,133.998066,210.568389,-9475.577496
904.603058,95.712904,153.140646,-9418.149754
904.603685,133.998066,114.855485,-9418.149754
904.604313,133.998066,172.283227,-9475.577496
904.604940,76.570323,153.140646,-9456.434915
904.605568,133.998066,114.855485,-9418.149754
904.606195,57.427742,95.712904,-9399.007173
904.606823,76.570323,114.855485,-9437.292334
904.607450,133.998066,210.568389,-9418.149754
904.608077,76.570323,95.712904,-9475.577496
904.608705,76.570323,114.855485,-9533.005238
904.609332,95.712904,95.712904,-9399.007173
904.609960,76.570323,114.855485,-9418.149754
904.610587,133.998066,172.283227,-9418.149754
904.611215,95.712904,114.855485,-9437.292334
904.611842,76.570323,153.140646,-9475.577496
904.612469,133.998066,210.568389,-9418.149754
904.613097,95.712904,172.283227,-9341.579430
904.613724,38.285162,114.855485,-9418.149754
904.614352,95.712904,114.855485,-9418.149754
904.614979,76.570323,114.855485,-9418.149754
904.615607,95.712904,114.855485,-9418.149754
904.616234,95.712904,172.283227,-9494.720077
904.616862,38.285162,114.855485,-9437.292334
904.617489,95.712904,133.998066,-9360.722011
904.618116,133.998066,114.855485,-9456.434915
904.618744,133.998066,114.855485,-9418.149754
904.619371,76.570323,133.998066,-9360.722011
904.619999,114.855485,172.283227,-9399.007173
904.620626,133.998066,153.140646,-9437.292334
904.621254,76.570323,114.855485,-9533.005238
904.621881,133.998066,114.855485,-9418.149754
904.622509,114.855485,133.998066,-9360.722011
904.623136,133.998066,172.283227,-9418.149754
904.623763,95.712904,133.998066,-9418.149754
904.624391,133.998066,114.855485,-9475.577496
904.625018,38.285162,114.855485,-9418.149754
904.625646,114.855485,95.712904,-9399.007173
904.626273,133.998066,114.855485,-9418.149754
904.626901,76.570323,114.855485,-9456.434915
904.627528,38.285162,95.712904,-9399.007173
904.628155,133.998066,153.140646,-9418.149754
904.628783,114.855485,133.998066,-9360.722011
904.629410,76.570323,114.855485,-9418.149754
904.630038,133.998066,114.855485,-9437.292334
904.630665,133.998066,172.283227,-9399.007173
904.631293,95.712904,133.998066,-9360.722011
904.631920,76.570323,114.855485,-9456.434915
904.632548,114.855485,95.712904,-9456.434915
904.633175,133.998066,133.998066,-9399.007173
904.633802,133.998066,172.283227,-9418.149754
904.634430,76.570323,153.140646,-9418.149754
904.635057,133.998066,191.425808,-9418.149754
904.635685,95.712904,153.140646,-9418.149754
904.636312,76.570323,114.855485,-9418.149754
904.636940,76.570323,153.140646,-9437.292334
904.637567,76.570323,114.855485,-9418.149754
904.638195,95.712904,172.283227,-9418.149754
904.638822,95.712904,229.710970,-9399.007173
904.639449,133.998066,153.140646,-9418.149754
904.640077,172.283227,210.568389,-9399.007173
904.640704,114.855485,133.998066,-9360.722011
904.641332,133.998066,114.855485,-9418.149754
904.641959,76.570323,114.855485,-9437.292334
904.642587,76.570323,114.855485,-9418.149754
904.643214,133.998066,114.855485,-9418.149754
904.643841,172.283227,172.283227,-9399.007173
904.644469,38.285162,153.140646,-9418.149754
904.645096,76.570323,153.140646,-9418.149754
904.645724,133.998066,210.568389,-9456.434915
904.646351,133.998066,191.425808,-9437.292334
904.646979,153.140646,153.140646,-9456.434915
904.647606,133.998066,172.283227,-9418.149754
904.648234,76.570323,114.855485,-9418.149754
904.648861,153.140646,133.998066,-9494.720077
904.649488,38.285162,114.855485,-9437.292334
904.650116,38.285162,153.140646,-9418.149754
904.650743,38.285162,114.855485,-9418.149754
904.651371,38.285162,114.855485,-9418.149754
904.651998,133.998066,114.855485,-9418.149754
904.652626,76.570323,114.855485,-9437.292334
904.653253,133.998066,172.283227,-9418.149754
904.653881,153.140646,229.710970,-9418.149754
904.654508,133.998066,172.283227,-9399.007173
904.655135,133.998066,114.855485,-9418.149754
904.655763,76.570323,114.855485,-9418.149754
904.656390,133.998066,210.568389,-9494.720077
904.657018,153.140646,172.283227,-9456.434915
904.657645,76.570323,114.855485,-9437.292334
904.658273,133.998066,114.855485,-9418.149754
904.658900,76.570323,153.140646,-9456.434915
904.659527,133.998066,172.283227,-9418.149754
904.660155,76.570323,172.283227,-9437.292334
904.660782,76.570323,114.855485,-9418.149754
904.661410,76.570323,114.855485,-9437.292334
904.662037,76.570323,114.855485,-9456.434915
904.662665,76.570323,153.140646,-9437.292334
904.663292,57.427742,95.712904,-9399.007173
904.663920,76.570323,114.855485,-9418.149754
904.664547,76.570323,153.140646,-9456.434915
904.665174,133.998066,114.855485,-9418.149754
904.665802,133.998066,133.998066,-9456.434915
904.666429,133.998066,114.855485,-9418.149754
904.667057,76.570323,95.712904,-9399.007173
904.667684,133.998066,114.855485,-9475.577496
904.668312,153.140646,133.998066,-9399.007173
904.668939,95.712904,95.712904,-9399.007173
904.669567,133.998066,114.855485,-9418.149754
904.670194,114.855485,95.712904,-9456.434915
904.670821,153.140646,133.998066,-9456.434915
904.671449,153.140646,133.998066,-9399.007173
904.672076,133.998066,114.855485,-9418.149754
904.672704,133.998066,133.998066,-9399.007173
904.673331,76.570323,172.283227,-9418.149754
904.673959,95.712904,210.568389,-9399.007173
904.674586,76.570323,114.855485,-9437.292334
904.675213,76.570323,153.140646,-9418.149754
904.675841,76.570323,114.855485,-9418.149754
904.676468,133.998066,172.283227,-9418.149754
904.677096,133.998066,153.140646,-9456.434915
904.677723,95.712904,191.425808,-9360.722011
904.678351,38.285162,114.855485,-9418.149754
904.678978,76.570323,133.998066,-9418.149754
904.679606,95.712904,114.855485,-9418.149754
904.680233,153.140646,248.853550,-9399.007173
904.680860,76.570323,114.855485,-9456.434915
904.681488,114.855485,210.568389,-9533.005238
904.682115,76.570323,153.140646,-9418.149754
904.682743,153.140646,153.140646,-9456.434915
904.683370,133.998066,191.425808,-9399.007173
904.683998,76.570323,114.855485,-9437.292334
904.684625,153.140646,172.283227,-9437.292334
904.685253,153.140646,133.998066,-9399.007173
904.685880,76.570323,153.140646,-9437.292334
904.686507,76.570323,191.425808,-9418.149754
904.687135,133.998066,172.283227,-9399.007173
904.687762,114.855485,172.283227,-9399.007173
904.688390,76.570323,172.283227,-9456.434915
904.689017,133.998066,114.855485,-9456.434915
904.689645,133.998066,191.425808,-9399.007173
904.690272,76.570323,153.140646,-9456.434915
904.690899,38.285162,114.855485,-9437.292334
904.691527,38.285162,114.855485,-9437.292334
904.692154,95.712904,114.855485,-9437.292334
904.692782,133.998066,114.855485,-9456.434915
904.693409,133.998066,114.855485,-9418.149754
904.694037,95.712904,172.283227,-9418.149754
904.694664,114.855485,76.570323,-9437.292334
904.695292,133.998066,191.425808,-9399.007173
904.695919,38.285162,191.425808,-9475.577496
904.696546,133.998066,114.855485,-9437.292334
904.697174,114.855485,95.712904,-9399.007173
904.697801,76.570323,114.855485,-9437.292334
904.698429,38.285162,172.283227,-9456.434915
904.699056,38.285162,114.855485,-9475.577496
904.699684,76.570323,172.283227,-9437.292334
904.700311,133.998066,153.140646,-9494.720077
904.700939,95.712904,114.855485,-9418.149754
904.701566,76.570323,153.140646,-9494.720077
904.702193,95.712904,95.712904,-9437.292334
904.702821,95.712904,114.855485,-9494.720077
904.703448,76.570323,153.140646,-9418.149754
904.704076,95.712904,133.998066,-9360.722011
904.704703,95.712904,114.855485,-9437.292334
904.705331,153.140646,133.998066,-9437.292334
904.705958,133.998066,172.283227,-9399.007173
904.706586,76.570323,114.855485,-9475.577496
904.707213,133.998066,133.998066,-9437.292334
904.707840,38.285162,191.425808,-9418.149754
904.708468,76.570323,114.855485,-9418.149754
904.709095,38.285162,114.855485,-9418.149754
904.709723,76.570323,95.712904,-9399.007173
904.710350,76.570323,114.855485,-9418.149754
904.710978,133.998066,153.140646,-9418.149754
904.711605,133.998066,114.855485,-9418.149754
904.712233,133.998066,114.855485,-9418.149754
904.712860,76.570323,114.855485,-9418.149754
904.713488,114.855485,133.998066,-9360.722011
904.714115,76.570323,210.568389,-9418.149754
904.714742,114.855485,153.140646,-9360.722011
904.715370,133.998066,153.140646,-9418.149754
904.715997,38.285162,114.855485,-9418.149754
904.716625,114.855485,95.712904,-9437.292334
904.717252,153.140646,133.998066,-9494.720077
904.717880,76.570323,153.140646,-9418.149754
904.718507,95.712904,172.283227,-9360.722011
904.719135,95.712904,133.998066,-9360.722011
904.719762,38.285162,114.855485,-9418.149754
904.720390,38.285162,114.855485,-9418.149754
904.721017,76.570323,114.855485,-9437.292334
904.721644,133.998066,114.855485,-9418.149754
904.722272,19.142581,191.425808,-9399.007173
904.722899,76.570323,210.568389,-9418.149754
904.723527,114.855485,114.855485,-9399.007173
904.724154,76.570323,172.283227,-9437.292334
904.724782,172.283227,76.570323,-9456.434915
904.725409,76.570323,210.568389,-9456.434915
904.726037,76.570323,114.855485,-9456.434915
904.726664,133.998066,114.855485,-9418.149754
904.727292,133.998066,210.568389,-9418.149754
904.727919,114.855485,114.855485,-9379.864592
904.728546,95.712904,114.855485,-9437.292334
904.729174,133.998066,133.998066,-9399.007173
904.729801,133.998066,210.568389,-9475.577496
904.730429,76.570323,114.855485,-9456.434915
904.731056,57.427742,172.283227,-9418.149754
904.731684,76.570323,210.568389,-9437.292334
904.732311,95.712904,153.140646,-9418.149754
904.732939,133.998066,153.140646,-9418.149754
904.733566,57.427742,95.712904,-9399.007173
904.734194,76.570323,114.855485,-9475.577496
904.734821,95.712904,114.855485,-9418.149754
904.735448,114.855485,95.712904,-9456.434915
904.736076,76.570323,114.855485,-9475.577496
904.736703,57.427742,95.712904,-9399.007173
904.737331,133.998066,153.140646,-9456.434915
904.737958,76.570323,153.140646,-9456.434915
904.738586,133.998066,153.140646,-9437.292334
904.739213,76.570323,229.710970,-9418.149754
904.739841,76.570323,114.855485,-9418.149754
904.740468,133.998066,133.998066,-9456.434915
904.741096,153.140646,114.855485,-9418.149754
904.741723,76.570323,114.855485,-9399.007173
904.742350,76.570323,114.855485,-9418.149754
904.742978,76.570323,114.855485,-9437.292334
904.743605,38.285162,172.283227,-9456.434915
904.744233,76.570323,114.855485,-9475.577496
904.744860,133.998066,114.855485,-9475.577496
904.745488,38.285162,153.140646,-9437.292334
904.746115,95.712904,95.712904,-9399.007173
904.746743,76.570323,210.568389,-9360.722011
904.747370,153.140646,153.140646,-9399.007173
904.747998,76.570323,172.283227,-9437.292334
904.748625,38.285162,153.140646,-9418.149754
904.749252,133.998066,133.998066,-9456.434915
904.749880,95.712904,114.855485,-9418.149754
904.750507,133.998066,114.855485,-9437.292334
904.751135,76.570323,114.855485,-9437.292334
904.751762,133.998066,210.568389,-9418.149754
904.752390,38.285162,114.855485,-9418.149754
904.753017,76.570323,114.855485,-9418.149754
904.753645,133.998066,114.855485,-9456.434915
904.754272,133.998066,114.855485,-9456.434915
904.754900,38.285162,172.283227,-9418.149754
904.755527,57.427742,95.712904,-9399.007173
904.756154,133.998066,210.568389,-9418.149754
904.756782,76.570323,114.855485,-9456.434915
904.757409,95.712904,133.998066,-9360.722011
904.758037,57.427742,114.855485,-9456.434915
904.758664,133.998066,153.140646,-9437.292334
904.759292,76.570323,172.283227,-9456.434915
904.759919,38.285162,114.855485,-9418.149754
904.760547,38.285162,172.283227,-9418.149754
904.761174,172.283227,76.570323,-9418.149754
904.761802,133.998066,133.998066,-9399.007173
904.762429,133.998066,114.855485,-9418.149754
904.763056,38.285162,172.283227,-9418.149754
904.763684,76.570323,114.855485,-9418.149754
904.764311,133.998066,172.283227,-9418.149754
904.764939,153.140646,133.998066,-9399.007173
904.765566,153.140646,133.998066,-9494.720077
904.766194,76.570323,153.140646,-9418.149754
904.766821,95.712904,95.712904,-9494.720077
904.767449,57.427742,153.140646,-9456.434915
904.768076,76.570323,153.140646,-9418.149754
904.768704,133.998066,153.140646,-9418.149754
904.769331,133.998066,191.425808,-9475.577496
904.769958,133.998066,153.140646,-9418.149754
904.770586,133.998066,133.998066,-9437.292334
904.771213,38.285162,153.140646,-9418.149754
904.771841,95.712904,114.855485,-9360.722011
904.772468,133.998066,114.855485,-9418.149754
904.773096,114.855485,76.570323,-9418.149754
904.773723,76.570323,95.712904,-9456.434915
904.774351,38.285162,114.855485,-9437.292334
904.774978,210.568389,248.853550,-9437.292334
904.775605,153.140646,172.283227,-9399.007173
904.776233,133.998066,114.855485,-9418.149754
904.776860,76.570323,114.855485,-9418.149754
904.777488,95.712904,114.855485,-9456.434915
904.778115,95.712904,172.283227,-9418.149754
904.778743,95.712904,95.712904,-9456.434915
904.779370,76.570323,114.855485,-9418.149754
904.779998,95.712904,114.855485,-9418.149754
904.780625,76.570323,114.855485,-9437.292334
904.781253,114.855485,229.710970,-9456.434915
904.781880,133.998066,133.998066,-9437.292334
904.782507,76.570323,114.855485,-9418.149754
904.783135,114.855485,133.998066,-9360.722011
904.783762,76.570323,114.855485,-9418.149754
904.784390,133.998066,114.855485,-9437.292334
904.785017,76.570323,114.855485,-9399.007173
904.785645,95.712904,114.855485,-9418.149754
904.786272,153.140646,133.998066,-9399.007173
904.786900,133.998066,210.568389,-9418.149754
904.787527,76.570323,114.855485,-9418.149754
904.788155,76.570323,153.140646,-9360.722011
904.788782,133.998066,133.998066,-9399.007173
904.789409,95.712904,153.140646,-9360.722011
904.790037,133.998066,210.568389,-9418.149754
904.790664,57.427742,172.283227,-9360.722011
904.791292,76.570323,114.855485,-9418.149754
904.791919,76.570323,114.855485,-9418.149754
904.792547,76.570323,114.855485,-9418.149754
904.793174,133.998066,172.283227,-9437.292334
904.793802,133.998066,114.855485,-9494.720077
904.794429,153.140646,114.855485,-9475.577496
904.795057,172.283227,114.855485,-9494.720077
904.795684,76.570323,114.855485,-9437.292334
904.796311,133.998066,114.855485,-9475.577496
904.796939,133.998066,172.283227,-9418.149754
904.797566,133.998066,210.568389,-9418.149754
904.798194,76.570323,114.855485,-9418.149754
904.798821,133.998066,153.140646,-9418.149754
904.799449,133.998066,114.855485,-9418.149754
904.800076,76.570323,114.855485,-9437.292334
904.800704,76.570323,114.855485,-9418.149754
904.801331,76.570323,114.855485,-9456.434915
904.801959,95.712904,95.712904,-9456.434915
904.802586,133.998066,114.855485,-9456.434915
904.803214,76.570323,153.140646,-9418.149754
904.803841,133.998066,114.855485,-9418.149754
904.804469,95.712904,95.712904,-9456.434915
904.805096,76.570323,114.855485,-9418.149754
904.805723,76.570323,153.140646,-9437.292334
904.806351,133.998066,133.998066,-9437.292334
904.806978,76.570323,114.855485,-9437.292334
904.807606,76.570323,114.855485,-9418.149754
904.808233,76.570323,114.855485,-9418.149754
904.808861,76.570323,114.855485,-9418.149754
904.809488,76.570323,153.140646,-9418.149754
904.810116,76.570323,114.855485,-9418.149754
904.810743,38.285162,114.855485,-9418.149754
904.811371,133.998066,172.283227,-9418.149754
904.811998,153.140646,133.998066,-9456.434915
904.812626,133.998066,114.855485,-9456.434915
904.813253,114.855485,133.998066,-9360.722011
904.813881,133.998066,114.855485,-9418.149754
904.814508,76.570323,172.283227,-9418.149754
904.815136,95.712904,172.283227,-9360.722011
904.815763,114.855485,153.140646,-9360.722011
904.816391,133.998066,210.568389,-9456.434915
904.817018,95.712904,172.283227,-9437.292334
904.817646,38.285162,153.140646,-9418.149754
904.818273,133.998066,172.283227,-9437.292334
904.818901,133.998066,133.998066,-9456.434915
904.819528,76.570323,114.855485,-9418.149754
904.820156,76.570323,210.568389,-9418.149754
904.820783,57.427742,153.140646,-9418.149754
904.821411,76.570323,114.855485,-9418.149754
904.822038,133.998066,172.283227,-9456.434915
904.822666,38.285162,153.140646,-9418.149754
904.823293,133.998066,153.140646,-9437.292334
904.823921,114.855485,95.712904,-9399.007173
904.824548,95.712904,95.712904,-9399.007173
904.825176,76.570323,153.140646,-9437.292334
904.825803,133.998066,172.283227,-9456.434915
904.826431,95.712904,95.712904,-9399.007173
904.827058,95.712904,95.712904,-9399.007173
904.827686,114.855485,95.712904,-9456.434915
904.828313,133.998066,114.855485,-9418.149754
904.828941,76.570323,172.283227,-9437.292334
904.829568,38.285162,172.283227,-9418.149754
904.830196,57.427742,133.998066,-9418.149754
904.830823,76.570323,172.283227,-9437.292334
904.831451,76.570323,114.855485,-9418.149754
904.832078,76.570323,114.855485,-9456.434915
904.832706,153.140646,133.998066,-9399.007173
904.833333,38.285162,114.855485,-9437.292334
904.833960,76.570323,114.855485,-9418.149754
904.834588,133.998066,172.283227,-9418.149754
904.835215,133.998066,172.283227,-9418.149754
904.835843,133.998066,114.855485,-9418.149754
904.836470,95.712904,133.998066,-9360.722011
904.837098,95.712904,191.425808,-9360.722011
904.837725,133.998066,153.140646,-9418.149754
904.838353,153.140646,133.998066,-9456.434915
904.838980,114.855485,133.998066,-9360.722011
904.839608,76.570323,191.425808,-9456.434915
904.840235,133.998066,114.855485,-9456.434915
904.840863,76.570323,114.855485,-9533.005238
904.841490,133.998066,114.855485,-9456.434915
904.842118,76.570323,172.283227,-9418.149754
904.842745,76.570323,172.283227,-9418.149754
904.843373,153.140646,153.140646,-9399.007173
904.844000,76.570323,114.855485,-9418.149754
904.844628,76.570323,229.710970,-9418.149754
904.845255,76.570323,114.855485,-9456.434915
904.845883,76.570323,210.568389,-9418.149754
904.846510,95.712904,229.710970,-9418.149754
904.847138,133.998066,114.855485,-9418.149754
904.847765,95.712904,133.998066,-9418.149754
904.848393,76.570323,114.855485,-9437.292334
904.849020,76.570323,172.283227,-9418.149754
904.849648,76.570323,114.855485,-9418.149754
904.850275,76.570323,114.855485,-9418.149754
904.850903,76.570323,114.855485,-9437.292334
904.851530,95.712904,114.855485,-9456.434915
904.852158,133.998066,114.855485,-9418.149754
904.852785,153.140646,153.140646,-9399.007173
904.853413,76.570323,210.568389,-9418.149754
904.854040,76.570323,229.710970,-9475.577496
904.854668,133.998066,114.855485,-9418.149754
904.855295,133.998066,153.140646,-9437.292334
904.855923,133.998066,153.140646,-9494.720077
904.856550,38.285162,114.855485,-9456.434915
904.857178,76.570323,114.855485,-9418.149754
904.857805,38.285162,114.855485,-9418.149754
904.858433,153.140646,133.998066,-9399.007173
904.859060,133.998066,114.855485,-9418.149754
904.859688,95.712904,172.283227,-9418.149754
904.860315,38.285162,114.855485,-9360.722011
904.860942,76.570323,153.140646,-9418.149754
904.861570,76.570323,114.855485,-9437.292334
904.862197,76.570323,210.568389,-9475.577496
904.862825,133.998066,210.568389,-9418.149754
904.863452,153.140646,191.425808,-9494.720077
904.864080,114.855485,95.712904,-9437.292334
904.864707,153.140646,133.998066,-9399.007173
904.865335,133.998066,114.855485,-9437.292334
904.865962,133.998066,114.855485,-9418.149754
904.866590,133.998066,114.855485,-9418.149754
904.867217,38.285162,191.425808,-9418.149754
904.867845,76.570323,114.855485,-9418.149754
904.868472,95.712904,95.712904,-9399.007173
904.869100,172.283227,76.570323,-9418.149754
904.869727,76.570323,95.712904,-9494.720077
904.870355,95.712904,95.712904,-9437.292334
904.870982,133.998066,114.855485,-9418.149754
904.871610,153.140646,133.998066,-9494.720077
904.872237,133.998066,133.998066,-9399.007173
904.872865,153.140646,172.283227,-9418.149754
904.873492,76.570323,114.855485,-9456.434915
904.874120,57.427742,95.712904,-9399.007173
904.874747,76.570323,114.855485,-9418.149754
904.875375,133.998066,210.568389,-9437.292334
904.876002,133.998066,153.140646,-9456.434915
904.876630,133.998066,114.855485,-9418.149754
904.877257,172.283227,76.570323,-9418.149754
904.877885,114.855485,133.998066,-9437.292334
904.878512,76.570323,114.855485,-9437.292334
904.879140,95.712904,114.855485,-9418.149754
904.879767,153.140646,153.140646,-9399.007173
904.880395,95.712904,133.998066,-9418.149754
904.881022,133.998066,114.855485,-9418.149754
904.881650,133.998066,114.855485,-9418.149754
904.882277,76.570323,153.140646,-9418.149754
904.882905,114.855485,114.855485,-9379.864592
904.883532,153.140646,133.998066,-9399.007173
904.884160,133.998066,153.140646,-9456.434915
904.884787,133.998066,114.855485,-9418.149754
904.885415,76.570323,114.855485,-9437.292334
904.886042,38.285162,153.140646,-9418.149754
904.886670,38.285162,114.855485,-9360.722011
904.887297,133.998066,114.855485,-9456.434915
904.887925,172.283227,153.140646,-9360.722011
904.888552,57.427742,114.855485,-9399.007173
904.889179,76.570323,172.283227,-9437.292334
904.889807,133.998066,114.855485,-9418.149754
904.890434,133.998066,153.140646,-9418.149754
904.891062,133.998066,153.140646,-9475.577496
904.891689,133.998066,114.855485,-9418.149754
904.892317,133.998066,153.140646,-9418.149754
904.892944,76.570323,114.855485,-9418.149754
904.893572,133.998066,114.855485,-9418.149754
904.894199,76.570323,153.140646,-9456.434915
904.894827,38.285162,114.855485,-9456.434915
904.895454,133.998066,114.855485,-9418.149754
904.896082,133.998066,133.998066,-9399.007173
904.896709,133.998066,172.283227,-9513.862658
904.897337,76.570323,153.140646,-9475.577496
904.897964,133.998066,114.855485,-9418.149754
904.898592,133.998066,133.998066,-9399.007173
904.899219,76.570323,114.855485,-9456.434915
904.899847,114.855485,95.712904,-9437.292334
904.900474,133.998066,114.855485,-9437.292334
904.901102,76.570323,114.855485,-9418.149754
904.901729,133.998066,172.283227,-9437.292334
904.902357,153.140646,133.998066,-9456.434915
904.902984,153.140646,133.998066,-9494.720077
904.903611,133.998066,172.283227,-9399.007173
904.904239,76.570323,210.568389,-9418.149754
904.904866,153.140646,191.425808,-9399.007173
904.905493,133.998066,153.140646,-9437.292334
904.906121,133.998066,114.855485,-9418.149754
904.906748,133.998066,114.855485,-9456.434915
904.907376,76.570323,114.855485,-9418.149754
904.908003,114.855485,172.283227,-9456.434915
904.908630,76.570323,153.140646,-9418.149754
904.909258,95.712904,76.570323,-9379.864592
904.909885,76.570323,114.855485,-9418.149754
904.910512,38.285162,114.855485,-9437.292334
904.911140,153.140646,172.283227,-9399.007173
904.911767,133.998066,210.568389,-9418.149754
904.912394,153.140646,133.998066,-9399.007173
904.913022,133.998066,114.855485,-9456.434915
904.913649,76.570323,114.855485,-9494.720077
904.914276,38.285162,172.283227,-9418.149754
904.914904,76.570323,114.855485,-9437.292334
904.915531,95.712904,172.283227,-9456.434915
904.916158,95.712904,172.283227,-9418.149754
904.916786,95.712904,153.140646,-9437.292334
904.917413,133.998066,153.140646,-9456.434915
904.918040,76.570323,114.855485,-9437.292334
904.918668,153.140646,153.140646,-9399.007173
904.919295,133.998066,114.855485,-9418.149754
904.919922,133.998066,172.283227,-9418.149754
904.920550,76.570323,114.855485,-9418.149754
904.921177,133.998066,153.140646,-9418.149754
904.921804,76.570323,210.568389,-9456.434915
904.922432,133.998066,114.855485,-9418.149754
904.923059,133.998066,114.855485,-9418.149754
904.923686,133.998066,172.283227,-9475.577496
904.924314,76.570323,114.855485,-9456.434915
904.924941,133.998066,153.140646,-9418.149754
904.925568,95.712904,114.855485,-9437.292334
904.926196,133.998066,153.140646,-9418.149754
904.926823,133.998066,114.855485,-9418.149754
904.927451,76.570323,153.140646,-9418.149754
904.928078,57.427742,95.712904,-9456.434915
904.928705,153.140646,153.140646,-9399.007173
904.929333,76.570323,153.140646,-9456.434915
904.929960,133.998066,114.855485,-9418.149754
904.930587,95.712904,133.998066,-9360.722011
904.931215,153.140646,133.998066,-9399.007173
904.931842,76.570323,114.855485,-9418.149754
904.932469,133.998066,114.855485,-9418.149754
904.933097,57.427742,95.712904,-9456.434915
904.933724,38.285162,114.855485,-9418.149754
904.934351,95.712904,153.140646,-9418.149754
904.934979,38.285162,114.855485,-9437.292334
904.935606,133.998066,133.998066,-9399.007173
904.936233,76.570323,153.140646,-9456.434915
904.936861,133.998066,229.710970,-9418.149754
904.937488,76.570323,153.140646,-9437.292334
904.938115,133.998066,172.283227,-9360.722011
904.938743,57.427742,114.855485,-9418.149754
904.939370,133.998066,172.283227,-9399.007173
904.939997,153.140646,133.998066,-9399.007173
904.940625,133.998066,172.283227,-9418.149754
904.941252,133.998066,114.855485,-9418.149754
904.941879,133.998066,172.283227,-9475.577496
904.942507,133.998066,114.855485,-9456.434915
904.943134,153.140646,133.998066,-9494.720077
904.943761,76.570323,172.283227,-9456.434915
904.944389,95.712904,95.712904,-9399.007173
904.945016,133.998066,172.283227,-9418.149754
904.945644,95.712904,210.568389,-9418.149754
904.946271,95.712904,95.712904,-9456.434915
904.946898,76.570323,114.855485,-9418.149754
904.947526,76.570323,114.855485,-9533.005238
904.948153,95.712904,114.855485,-9418.149754
904.948780,76.570323,229.710970,-9418.149754
904.949408,133.998066,114.855485,-9456.434915
904.950035,133.998066,172.283227,-9399.007173
904.950662,76.570323,172.283227,-9456.434915
904.951290,38.285162,114.855485,-9437.292334
904.951917,76.570323,114.855485,-9456.434915
904.952544,76.570323,114.855485,-9418.149754
904.953172,133.998066,114.855485,-9418.149754
904.953799,133.998066,172.283227,-9437.292334
904.954426,76.570323,114.855485,-9475.577496
904.955054,76.570323,229.710970,-9418.149754
904.955681,95.712904,114.855485,-9418.149754
904.956308,76.570323,153.140646,-9456.434915
904.956936,133.998066,172.283227,-9456.434915
904.957563,76.570323,210.568389,-9456.434915
904.958190,133.998066,114.855485,-9437.292334
904.958818,153.140646,133.998066,-9456.434915
904.959445,133.998066,114.855485,-9437.292334
904.960072,95.712904,95.712904,-9513.862658
904.960700,133.998066,114.855485,-9418.149754
904.961327,76.570323,153.140646,-9418.149754
904.961954,76.570323,114.855485,-9475.577496
904.962582,76.570323,114.855485,-9418.149754
904.963209,114.855485,95.712904,-9513.862658
904.963837,38.285162,114.855485,-9418.149754
904.964464,76.570323,95.712904,-9399.007173
904.965091,76.570323,114.855485,-9475.577496
904.965719,95.712904,95.712904,-9456.434915
904.966346,95.712904,153.140646,-9456.434915
904.966973,114.855485,133.998066,-9360.722011
904.967601,76.570323,95.712904,-9379.864592
904.968228,153.140646,210.568389,-9399.007173
904.968855,95.712904,191.425808,-9341.579430
904.969483,76.570323,153.140646,-9418.149754
904.970110,133.998066,114.855485,-9437.292334
904.970737,76.570323,172.283227,-9494.720077
904.971365,133.998066,114.855485,-9456.434915
904.971992,76.570323,114.855485,-9418.149754
904.972619,38.285162,153.140646,-9418.149754
904.973247,38.285162,172.283227,-9437.292334
904.973874,76.570323,114.855485,-9475.577496
904.974501,19.142581,114.855485,-9418.149754
904.975129,38.285162,114.855485,-9418.149754
904.975756,38.285162,172.283227,-9456.434915
904.976383,133.998066,210.568389,-9456.434915
904.977011,38.285162,114.855485,-9418.149754
904.977638,38.285162,114.855485,-9475.577496
904.978265,133.998066,114.855485,-9533.005238
904.978893,76.570323,114.855485,-9418.149754
904.979520,76.570323,172.283227,-9437.292334
904.980147,76.570323,114.855485,-9418.149754
904.980775,38.285162,114.855485,-9494.720077
904.981402,133.998066,133.998066,-9494.720077
904.982029,95.712904,95.712904,-9437.292334
904.982657,133.998066,114.855485,-9418.149754
904.983284,76.570323,153.140646,-9418.149754
904.983912,76.570323,114.855485,-9418.149754
904.984539,38.285162,114.855485,-9418.149754
904.985166,76.570323,114.855485,-9418.149754
904.985794,95.712904,114.855485,-9418.149754
904.986421,38.285162,95.712904,-9456.434915
904.987048,38.285162,172.283227,-9418.149754
904.987676,38.285162,210.568389,-9494.720077
904.988303,133.998066,114.855485,-9533.005238
904.988930,95.712904,172.283227,-9418.149754
904.989558,76.570323,172.283227,-9437.292334
904.990185,38.285162,153.140646,-9456.434915
904.990812,76.570323,114.855485,-9418.149754
904.991440,133.998066,114.855485,-9418.149754
904.992067,95.712904,95.712904,-9399.007173
904.992694,133.998066,133.998066,-9399.007173
904.993322,133.998066,114.855485,-9418.149754
904.993949,76.570323,114.855485,-9418.149754
904.994576,114.855485,95.712904,-9399.007173
904.995204,153.140646,191.425808,-9399.007173
904.995831,76.570323,210.568389,-9456.434915
904.996458,114.855485,210.568389,-9379.864592
904.997086,133.998066,114.855485,-9418.149754
904.997713,76.570323,153.140646,-9418.149754
904.998340,114.855485,133.998066,-9360.722011
904.998968,76.570323,114.855485,-9418.149754
904.999595,76.570323,114.855485,-9418.149754
905.000222,133.998066,114.855485,-9418.149754
905.000850,95.712904,95.712904,-9399.007173
905.001477,133.998066,114.855485,-9418.149754
905.002105,38.285162,153.140646,-9418.149754
905.002732,76.570323,229.710970,-9494.720077
905.003359,76.570323,114.855485,-9475.577496
905.003986,76.570323,172.283227,-9437.292334
905.004614,95.712904,114.855485,-9437.292334
905.005241,133.998066,172.283227,-9456.434915
905.005868,133.998066,133.998066,-9399.007173
905.006496,76.570323,114.855485,-9418.149754
905.007123,76.570323,114.855485,-9418.149754
905.007750,114.855485,95.712904,-9399.007173
905.008377,95.712904,172.283227,-9418.149754
905.009005,133.998066,210.568389,-9456.434915
905.009632,95.712904,172.283227,-9475.577496
905.010259,76.570323,114.855485,-9418.149754
905.010887,38.285162,172.283227,-9418.149754
905.011514,133.998066,172.283227,-9418.149754
905.012141,133.998066,114.855485,-9418.149754
905.012768,76.570323,153.140646,-9418.149754
905.013396,76.570323,114.855485,-9418.149754
905.014023,133.998066,153.140646,-9418.149754
905.014650,133.998066,114.855485,-9418.149754
905.015278,76.570323,114.855485,-9456.434915
905.015905,133.998066,153.140646,-9418.149754
905.016532,76.570323,153.140646,-9437.292334
905.017159,38.285162,114.855485,-9456.434915
905.017787,133.998066,114.855485,-9418.149754
905.018414,38.285162,172.283227,-9475.577496
905.019041,38.285162,114.855485,-9456.434915
905.019669,153.140646,153.140646,-9399.007173
905.020296,114.855485,114.855485,-9437.292334
905.020923,76.570323,153.140646,-9418.149754
905.021550,76.570323,114.855485,-9418.149754
905.022178,133.998066,172.283227,-9437.292334
905.022805,76.570323,114.855485,-9418.149754
905.023432,95.712904,114.855485,-9418.149754
905.024060,76.570323,172.283227,-9418.149754
905.024687,57.427742,114.855485,-9418.149754
905.025314,153.140646,114.855485,-9418.149754
905.025941,153.140646,153.140646,-9399.007173
905.026569,133.998066,114.855485,-9418.149754
905.027196,76.570323,114.855485,-9437.292334
905.027823,95.712904,114.855485,-9418.149754
905.028451,133.998066,153.140646,-9418.149754
905.029078,95.712904,210.568389,-9418.149754
905.029705,133.998066,153.140646,-9456.434915
905.030332,76.570323,114.855485,-9456.434915
905.030960,172.283227,133.998066,-9418.149754
905.031587,76.570323,114.855485,-9418.149754
905.032214,153.140646,133.998066,-9399.007173
905.032842,133.998066,133.998066,-9399.007173
905.033469,133.998066,114.855485,-9437.292334
905.034096,76.570323,114.855485,-9533.005238
905.034723,76.570323,114.855485,-9418.149754
905.035351,57.427742,95.712904,-9437.292334
905.035978,114.855485,133.998066,-9360.722011
905.036605,76.570323,191.425808,-9418.149754
905.037233,38.285162,114.855485,-9418.149754
905.037860,76.570323,114.855485,-9418.149754
905.038487,133.998066,114.855485,-9494.720077
905.039114,95.712904,95.712904,-9399.007173
905.039742,133.998066,114.855485,-9418.149754
905.040369,95.712904,114.855485,-9456.434915
905.040996,38.285162,114.855485,-9418.149754
905.041624,76.570323,114.855485,-9418.149754
905.042251,38.285162,114.855485,-9418.149754
905.042878,76.570323,114.855485,-9418.149754
905.043505,114.855485,95.712904,-9399.007173
905.044133,153.140646,133.998066,-9437.292334
905.044760,133.998066,210.568389,-9418.149754
905.045387,38.285162,114.855485,-9437.292334
905.046015,76.570323,114.855485,-9418.149754
905.046642,76.570323,114.855485,-9437.292334
905.047269,76.570323,114.855485,-9418.149754
905.047896,38.285162,172.283227,-9456.434915
905.048524,133.998066,114.855485,-9494.720077
905.049151,38.285162,114.855485,-9418.149754
905.049778,133.998066,133.998066,-9399.007173
905.050406,76.570323,114.855485,-9437.292334
905.051033,133.998066,153.140646,-9494.720077
905.051660,133.998066,114.855485,-9418.149754
905.052287,153.140646,172.283227,-9456.434915
905.052915,133.998066,114.855485,-9475.577496
905.053542,95.712904,114.855485,-9399.007173
905.054169,76.570323,114.855485,-9437.292334
905.054797,76.570323,114.855485,-9418.149754
905.055424,133.998066,210.568389,-9418.149754
905.056051,76.570323,114.855485,-9418.149754
905.056678,76.570323,153.140646,-9456.434915
905.057306,133.998066,114.855485,-9494.720077
905.057933,133.998066,114.855485,-9418.149754
905.058560,114.855485,114.855485,-9399.007173
905.059188,95.712904,172.283227,-9533.005238
905.059815,76.570323,153.140646,-9437.292334
905.060442,133.998066,172.283227,-9418.149754
905.061069,133.998066,153.140646,-9418.149754
905.061697,76.570323,114.855485,-9437.292334
905.062324,172.283227,76.570323,-9418.149754
905.062951,95.712904,114.855485,-9418.149754
905.063579,76.570323,114.855485,-9475.577496
905.064206,57.427742,95.712904,-9456.434915
905.064833,19.142581,114.855485,-9418.149754
905.065460,38.285162,210.568389,-9418.149754
905.066088,76.570323,114.855485,-9418.149754
905.066715,76.570323,172.283227,-9418.149754
905.067342,38.285162,114.855485,-9437.292334
905.067970,38.285162,114.855485,-9418.149754
905.068597,76.570323,114.855485,-9456.434915
905.069224,76.570323,153.140646,-9418.149754
905.069852,57.427742,153.140646,-9418.149754
905.070479,76.570323,172.283227,-9360.722011
905.071106,133.998066,153.140646,-9456.434915
905.071733,133.998066,114.855485,-9475.577496
905.072361,153.140646,191.425808,-9437.292334
905.072988,133.998066,153.140646,-9418.149754
905.073615,38.285162,114.855485,-9418.149754
905.074243,133.998066,210.568389,-9475.577496
905.074870,133.998066,248.853550,-9456.434915
905.075497,133.998066,153.140646,-9437.292334
905.076124,153.140646,114.855485,-9418.149754
905.076752,95.712904,153.140646,-9418.149754
905.077379,133.998066,114.855485,-9418.149754
905.078006,133.998066,153.140646,-9418.149754
905.078634,133.998066,114.855485,-9418.149754
905.079261,153.140646,172.283227,-9533.005238
905.079888,153.140646,133.998066,-9475.577496
905.080515,133.998066,114.855485,-9418.149754
905.081143,38.285162,172.283227,-9456.434915
905.081770,38.285162,153.140646,-9418.149754
905.082397,76.570323,114.855485,-9418.149754
905.083025,76.570323,172.283227,-9437.292334
905.083652,76.570323,133.998066,-9360.722011
905.084279,38.285162,114.855485,-9437.292334
905.084906,95.712904,229.710970,-9418.149754
905.085534,57.427742,172.283227,-9456.434915
905.086161,38.285162,210.568389,-9418.149754
905.086788,133.998066,114.855485,-9418.149754
905.087416,133.998066,153.140646,-9418.149754
905.088043,133.998066,114.855485,-9418.149754
905.088670,76.570323,114.855485,-9456.434915
905.089297,114.855485,172.283227,-9360.722011
905.089925,38.285162,172.283227,-9418.149754
905.090552,38.285162,114.855485,-9418.149754
905.091179,133.998066,114.855485,-9418.149754
905.091807,76.570323,191.425808,-9418.149754
905.092434,76.570323,172.283227,-9456.434915
905.093061,38.285162,114.855485,-9418.149754
905.093688,76.570323,114.855485,-9418.149754
905.094316,76.570323,114.855485,-9456.434915
905.094943,38.285162,114.855485,-9418.149754
905.095570,153.140646,133.998066,-9494.720077
905.096198,133.998066,95.712904,-9418.149754
905.096825,133.998066,114.855485,-9418.149754
905.097452,133.998066,114.855485,-9418.149754
905.098079,76.570323,153.140646,-9418.149754
905.098707,76.570323,114.855485,-9456.434915
905.099334,133.998066,114.855485,-9418.149754
905.099961,133.998066,172.283227,-9437.292334
905.100589,76.570323,172.283227,-9418.149754
905.101216,76.570323,114.855485,-9399.007173
905.101843,133.998066,210.568389,-9456.434915
905.102470,133.998066,172.283227,-9437.292334
905.103098,133.998066,172.283227,-9513.862658
905.103725,133.998066,114.855485,-9418.149754
905.104352,95.712904,95.712904,-9456.434915
905.104980,38.285162,153.140646,-9437.292334
905.105607,38.285162,114.855485,-9456.434915
905.106235,38.285162,114.855485,-9418.149754
905.106862,57.427742,133.998066,-9360.722011
905.107489,76.570323,114.855485,-9418.149754
905.108117,76.570323,210.568389,-9418.149754
905.108744,133.998066,153.140646,-9418.149754
905.109372,76.570323,172.283227,-9418.149754
905.109999,76.570323,172.283227,-9360.722011
905.110626,133.998066,114.855485,-9418.149754
905.111254,133.998066,114.855485,-9418.149754
905.111881,114.855485,95.712904,-9399.007173
905.112509,114.855485,133.998066,-9360.722011
905.113136,133.998066,114.855485,-9418.149754
905.113763,153.140646,133.998066,-9399.007173
905.114391,76.570323,114.855485,-9418.149754
905.115018,133.998066,114.855485,-9418.149754
905.115646,38.285162,76.570323,-9379.864592
905.116273,76.570323,153.140646,-9418.149754
905.116900,76.570323,114.855485,-9437.292334
905.117528,210.568389,191.425808,-9437.292334
905.118155,133.998066,114.855485,-9360.722011
905.118783,191.425808,76.570323,-9418.149754
905.119410,133.998066,210.568389,-9418.149754
905.120037,133.998066,172.283227,-9475.577496
905.120665,133.998066,114.855485,-9437.292334
905.121292,76.570323,114.855485,-9437.292334
905.121920,76.570323,153.140646,-9437.292334
905.122547,76.570323,114.855485,-9418.149754
905.123174,133.998066,114.855485,-9418.149754
905.123802,76.570323,153.140646,-9418.149754
905.124429,133.998066,191.425808,-9418.149754
905.125056,95.712904,172.283227,-9341.579430
905.125684,95.712904,153.140646,-9418.149754
905.126311,38.285162,172.283227,-9418.149754
905.126939,153.140646,114.855485,-9456.434915
905.127566,133.998066,114.855485,-9418.149754
905.128193,95.712904,153.140646,-9418.149754
905.128821,153.140646,153.140646,-9456.434915
905.129448,76.570323,172.283227,-9418.149754
905.130076,133.998066,172.283227,-9456.434915
905.130703,76.570323,153.140646,-9418.149754
905.131330,57.427742,287.138712,-9399.007173
905.131958,76.570323,153.140646,-9456.434915
905.132585,133.998066,153.140646,-9418.149754
905.133213,95.712904,172.283227,-9418.149754
905.133840,133.998066,153.140646,-9437.292334
905.134467,76.570323,210.568389,-9475.577496
905.135095,153.140646,153.140646,-9399.007173
905.135722,133.998066,153.140646,-9418.149754
905.136350,133.998066,153.140646,-9418.149754
905.136977,76.570323,153.140646,-9456.434915
905.137604,38.285162,114.855485,-9418.149754
905.138232,76.570323,76.570323,-9379.864592
905.138859,153.140646,153.140646,-9399.007173
905.139487,133.998066,153.140646,-9418.149754
905.140114,76.570323,114.855485,-9418.149754
905.140741,133.998066,133.998066,-9456.434915
905.141369,153.140646,153.140646,-9399.007173
905.141996,114.855485,95.712904,-9437.292334
905.142624,133.998066,114.855485,-9475.577496
905.143251,133.998066,114.855485,-9418.149754
905.143878,95.712904,95.712904,-9475.577496
905.144506,76.570323,114.855485,-9418.149754
905.145133,114.855485,248.853550,-9437.292334
905.145760,76.570323,114.855485,-9437.292334
905.146388,153.140646,172.283227,-9456.434915
905.147015,76.570323,114.855485,-9437.292334
905.147643,76.570323,114.855485,-9437.292334
905.148270,38.285162,114.855485,-9456.434915
905.148897,153.140646,133.998066,-9456.434915
905.149525,133.998066,172.283227,-9456.434915
905.150152,133.998066,210.568389,-9418.149754
905.150780,133.998066,114.855485,-9456.434915
905.151407,133.998066,133.998066,-9399.007173
905.152034,76.570323,114.855485,-9456.434915
905.152662,153.140646,133.998066,-9437.292334
905.153289,133.998066,153.140646,-9418.149754
905.153917,95.712904,95.712904,-9456.434915
905.154544,133.998066,172.283227,-9418.149754
905.155171,76.570323,172.283227,-9494.720077
905.155799,76.570323,210.568389,-9418.149754
905.156426,76.570323,172.283227,-9437.292334
905.157054,76.570323,114.855485,-9418.149754
905.157681,76.570323,191.425808,-9437.292334
905.158308,38.285162,153.140646,-9360.722011
905.158936,95.712904,210.568389,-9418.149754
905.159563,133.998066,172.283227,-9418.149754
905.160191,19.142581,114.855485,-9418.149754
905.160818,38.285162,229.710970,-9418.149754
905.161445,76.570323,172.283227,-9418.149754
905.162073,38.285162,114.855485,-9418.149754
905.162700,95.712904,153.140646,-9418.149754
905.163328,76.570323,191.425808,-9418.149754
905.163955,38.285162,210.568389,-9418.149754
905.164582,57.427742,191.425808,-9437.292334
905.165210,38.285162,210.568389,-9418.149754
905.165837,114.855485,95.712904,-9399.007173
905.166465,38.285162,153.140646,-9418.149754
905.167092,153.140646,133.998066,-9399.007173
905.167719,153.140646,153.140646,-9456.434915
905.168347,133.998066,153.140646,-9418.149754
905.168974,76.570323,114.855485,-9437.292334
905.169601,133.998066,114.855485,-9456.434915
905.170229,76.570323,114.855485,-9418.149754
905.170856,95.712904,153.140646,-9437.292334
905.171484,76.570323,210.568389,-9418.149754
905.172111,133.998066,114.855485,-9418.149754
905.172738,114.855485,191.425808,-9418.149754
905.173366,133.998066,114.855485,-9418.149754
905.173993,76.570323,114.855485,-9418.149754
905.174621,76.570323,172.283227,-9418.149754
905.175248,38.285162,114.855485,-9456.434915
905.175875,76.570323,153.140646,-9418.149754
905.176503,133.998066,114.855485,-9418.149754
905.177130,95.712904,95.712904,-9456.434915
905.177758,76.570323,114.855485,-9437.292334
905.178385,76.570323,114.855485,-9418.149754
905.179012,133.998066,172.283227,-9418.149754
905.179640,95.712904,114.855485,-9418.149754
905.180267,172.283227,95.712904,-9399.007173
905.180895,133.998066,210.568389,-9494.720077
905.181522,76.570323,114.855485,-9475.577496
905.182149,95.712904,114.855485,-9456.434915
905.182777,57.427742,172.283227,-9418.149754
905.183404,95.712904,114.855485,-9437.292334
905.184032,133.998066,153.140646,-9418.149754
905.184659,76.570323,172.283227,-9418.149754
905.185286,76.570323,172.283227,-9475.577496
905.185914,133.998066,114.855485,-9475.577496
905.186541,133.998066,114.855485,-9533.005238
905.187169,133.998066,210.568389,-9418.149754
905.187796,76.570323,114.855485,-9418.149754
905.188423,76.570323,114.855485,-9418.149754
905.189051,95.712904,133.998066,-9360.722011
905.189678,76.570323,114.855485,-9475.577496
905.190305,76.570323,114.855485,-9418.149754
905.190933,133.998066,114.855485,-9418.149754
905.191560,76.570323,133.998066,-9418.149754
905.192188,133.998066,191.425808,-9456.434915
905.192815,76.570323,172.283227,-9418.149754
905.193442,133.998066,114.855485,-9437.292334
905.194070,133.998066,172.283227,-9437.292334
905.194697,38.285162,114.855485,-9456.434915
905.195325,133.998066,114.855485,-9418.149754
905.195952,210.568389,172.283227,-9399.007173
905.196579,133.998066,114.855485,-9418.149754
905.197207,76.570323,153.140646,-9456.434915
905.197834,133.998066,210.568389,-9437.292334
905.198462,153.140646,133.998066,-9399.007173
905.199089,133.998066,153.140646,-9399.007173
905.199716,76.570323,114.855485,-9418.149754
905.200344,133.998066,114.855485,-9418.149754
905.200971,133.998066,133.998066,-9399.007173
905.201599,133.998066,114.855485,-9437.292334
905.202226,95.712904,153.140646,-9418.149754
905.202853,76.570323,114.855485,-9437.292334
905.203481,38.285162,153.140646,-9437.292334
905.204108,133.998066,114.855485,-9456.434915
905.204736,76.570323,114.855485,-9418.149754
905.205363,133.998066,172.283227,-9437.292334
905.205991,76.570323,191.425808,-9456.434915
905.206618,76.570323,114.855485,-9418.149754
905.207245,133.998066,172.283227,-9437.292334
905.207873,133.998066,172.283227,-9475.577496
905.208500,133.998066,114.855485,-9437.292334
905.209128,76.570323,153.140646,-9418.149754
905.209755,76.570323,153.140646,-9418.149754
905.210383,133.998066,153.140646,-9494.720077
905.211010,76.570323,172.283227,-9418.149754
905.211637,133.998066,114.855485,-9418.149754
905.212265,76.570323,114.855485,-9456.434915
905.212892,76.570323,114.855485,-9456.434915
905.213520,133.998066,153.140646,-9399.007173
905.214147,133.998066,114.855485,-9418.149754
905.214775,76.570323,172.283227,-9437.292334
905.215402,133.998066,114.855485,-9418.149754
905.216029,38.285162,114.855485,-9437.292334
905.216657,76.570323,114.855485,-9418.149754
905.217284,133.998066,229.710970,-9418.149754
905.217912,76.570323,191.425808,-9418.149754
905.218539,153.140646,114.855485,-9475.577496
905.219167,76.570323,114.855485,-9418.149754
905.219794,133.998066,114.855485,-9437.292334
905.220422,76.570323,114.855485,-9418.149754
905.221049,114.855485,76.570323,-9437.292334
905.221676,133.998066,114.855485,-9437.292334
905.222304,76.570323,153.140646,-9437.292334
905.222931,95.712904,153.140646,-9456.434915
905.223559,76.570323,172.283227,-9418.149754
905.224186,95.712904,114.855485,-9418.149754
905.224814,133.998066,172.283227,-9475.577496
905.225441,133.998066,210.568389,-9437.292334
905.226068,133.998066,210.568389,-9418.149754
905.226696,76.570323,114.855485,-9418.149754
905.227323,76.570323,114.855485,-9418.149754
905.227951,133.998066,153.140646,-9437.292334
905.228578,133.998066,114.855485,-9494.720077
905.229206,76.570323,210.568389,-9418.149754
905.229833,76.570323,153.140646,-9494.720077
905.230460,76.570323,114.855485,-9418.149754
905.231088,133.998066,210.568389,-9437.292334
905.231715,133.998066,153.140646,-9418.149754
905.232343,133.998066,114.855485,-9418.149754
905.232970,133.998066,172.283227,-9494.720077
905.233598,133.998066,229.710970,-9456.434915
905.234225,133.998066,210.568389,-9418.149754
905.234853,76.570323,172.283227,-9418.149754
905.235480,133.998066,114.855485,-9418.149754
905.236107,153.140646,133.998066,-9399.007173
905.236735,95.712904,95.712904,-9456.434915
905.237362,76.570323,114.855485,-9475.577496
905.237990,38.285162,114.855485,-9437.292334
905.238617,57.427742,210.568389,-9418.149754
905.239245,95.712904,153.140646,-9418.149754
905.239872,133.998066,114.855485,-9475.577496
905.240499,76.570323,172.283227,-9418.149754
905.241127,133.998066,114.855485,-9456.434915
905.241754,133.998066,114.855485,-9418.149754
905.242382,57.427742,95.712904,-9494.720077
905.243009,114.855485,95.712904,-9437.292334
905.243637,133.998066,114.855485,-9418.149754
905.244264,76.570323,95.712904,-9456.434915
905.244892,153.140646,133.998066,-9399.007173
905.245519,172.283227,76.570323,-9418.149754
905.246146,133.998066,172.283227,-9399.007173
905.246774,95.712904,133.998066,-9360.722011
905.247401,133.998066,153.140646,-9437.292334
905.248029,95.712904,114.855485,-9456.434915
905.248656,95.712904,210.568389,-9418.149754
905.249284,133.998066,210.568389,-9437.292334
905.249911,76.570323,229.710970,-9418.149754
905.250538,76.570323,114.855485,-9418.149754
905.251166,76.570323,172.283227,-9437.292334
905.251793,76.570323,172.283227,-9418.149754
905.252421,38.285162,114.855485,-9418.149754
905.253048,153.140646,133.998066,-9399.007173
905.253676,133.998066,153.140646,-9418.149754
905.254303,38.285162,114.855485,-9437.292334
905.254930,76.570323,114.855485,-9418.149754
905.255558,95.712904,172.283227,-9360.722011
905.256185,133.998066,114.855485,-9360.722011
905.256813,57.427742,95.712904,-9399.007173
905.257440,153.140646,133.998066,-9437.292334
905.258068,133.998066,191.425808,-9399.007173
905.258695,76.570323,153.140646,-9418.149754
905.259323,95.712904,95.712904,-9494.720077
905.259950,133.998066,114.855485,-9418.149754
905.260577,38.285162,153.140646,-9418.149754
905.261205,76.570323,114.855485,-9418.149754
905.261832,172.283227,114.855485,-9456.434915
905.262460,95.712904,114.855485,-9399.007173
905.263087,76.570323,153.140646,-9418.149754
905.263715,114.855485,172.283227,-9360.722011
905.264342,133.998066,133.998066,-9399.007173
905.264969,133.998066,114.855485,-9418.149754
905.265597,133.998066,153.140646,-9456.434915
905.266224,76.570323,133.998066,-9360.722011
905.266852,76.570323,114.855485,-9456.434915
905.267479,133.998066,114.855485,-9418.149754
905.268107,76.570323,172.283227,-9418.149754
905.268734,76.570323,114.855485,-9399.007173
905.269361,133.998066,114.855485,-9437.292334
905.269989,133.998066,210.568389,-9456.434915
905.270616,76.570323,153.140646,-9418.149754
905.271244,95.712904,114.855485,-9418.149754
905.271871,76.570323,114.855485,-9418.149754
905.272499,133.998066,114.855485,-9418.149754
905.273126,133.998066,191.425808,-9456.434915
905.273754,153.140646,153.140646,-9399.007173
905.274381,133.998066,248.853550,-9399.007173
905.275008,76.570323,114.855485,-9418.149754
905.275636,76.570323,114.855485,-9418.149754
905.276263,133.998066,114.855485,-9418.149754
905.276891,114.855485,95.712904,-9456.434915
905.277518,133.998066,153.140646,-9418.149754
905.278146,133.998066,114.855485,-9418.149754
905.278773,76.570323,114.855485,-9418.149754
905.279400,133.998066,191.425808,-9399.007173
905.280028,76.570323,153.140646,-9456.434915
905.280655,76.570323,114.855485,-9418.149754
905.281283,38.285162,153.140646,-9437.292334
905.281910,76.570323,114.855485,-9418.149754
905.282538,76.570323,153.140646,-9418.149754
905.283165,57.427742,153.140646,-9418.149754
905.283792,133.998066,172.283227,-9418.149754
905.284420,133.998066,114.855485,-9418.149754
905.285047,133.998066,114.855485,-9418.149754
905.285675,153.140646,210.568389,-9456.434915
905.286302,133.998066,153.140646,-9418.149754
905.286930,76.570323,114.855485,-9475.577496
905.287557,38.285162,114.855485,-9437.292334
905.288185,76.570323,210.568389,-9418.149754
905.288812,133.998066,114.855485,-9418.149754
905.289439,76.570323,114.855485,-9475.577496
905.290067,38.285162,114.855485,-9533.005238
905.290694,76.570323,114.855485,-9456.434915
905.291322,76.570323,114.855485,-9475.577496
905.291949,133.998066,114.855485,-9418.149754
905.292577,76.570323,153.140646,-9418.149754
905.293204,95.712904,114.855485,-9399.007173
905.293831,38.285162,210.568389,-9418.149754
905.294459,133.998066,133.998066,-9379.864592
905.295086,133.998066,114.855485,-9418.149754
905.295714,133.998066,114.855485,-9475.577496
905.296341,210.568389,133.998066,-9399.007173
905.296969,76.570323,114.855485,-9437.292334
905.297596,133.998066,114.855485,-9456.434915
905.298224,133.998066,153.140646,-9418.149754
905.298851,76.570323,114.855485,-9418.149754
905.299478,38.285162,114.855485,-9437.292334
905.300106,133.998066,172.283227,-9456.434915
905.300733,95.712904,210.568389,-9437.292334
905.301361,76.570323,114.855485,-9418.149754
905.301988,76.570323,114.855485,-9456.434915
905.302616,95.712904,133.998066,-9360.722011
905.303243,38.285162,114.855485,-9418.149754
905.303870,95.712904,133.998066,-9533.005238
905.304498,172.283227,76.570323,-9437.292334
905.305125,38.285162,114.855485,-9418.149754
905.305753,133.998066,172.283227,-9360.722011
905.306380,133.998066,191.425808,-9475.577496
905.307007,76.570323,114.855485,-9418.149754
905.307635,38.285162,210.568389,-9418.149754
905.308262,76.570323,114.855485,-9418.149754
905.308890,133.998066,114.855485,-9418.149754
905.309517,95.712904,114.855485,-9533.005238
905.310145,153.140646,210.568389,-9456.434915
905.310772,133.998066,114.855485,-9437.292334
905.311399,133.998066,114.855485,-9456.434915
905.312027,210.568389,133.998066,-9399.007173
905.312654,133.998066,114.855485,-9418.149754
905.313282,133.998066,114.855485,-9456.434915
905.313909,133.998066,153.140646,-9437.292334
905.314536,76.570323,114.855485,-9456.434915
905.315164,95.712904,172.283227,-9437.292334
905.315791,76.570323,114.855485,-9418.149754
905.316419,76.570323,153.140646,-9456.434915
905.317046,57.427742,95.712904,-9322.436850
905.317674,38.285162,153.140646,-9456.434915
905.318301,133.998066,210.568389,-9418.149754
905.318928,153.140646,114.855485,-9418.149754
905.319556,76.570323,114.855485,-9418.149754
905.320183,38.285162,114.855485,-9418.149754
905.320811,76.570323,172.283227,-9418.149754
905.321438,114.855485,133.998066,-9360.722011
905.322065,133.998066,114.855485,-9437.292334
905.322693,133.998066,114.855485,-9437.292334
905.323320,133.998066,114.855485,-9418.149754
905.323948,95.712904,191.425808,-9360.722011
905.324575,76.570323,114.855485,-9437.292334
905.325202,114.855485,95.712904,-9399.007173
905.325830,114.855485,114.855485,-9399.007173
905.326457,76.570323,172.283227,-9494.720077
905.327085,133.998066,133.998066,-9437.292334
905.327712,114.855485,95.712904,-9456.434915
905.328340,153.140646,133.998066,-9437.292334
905.328967,76.570323,114.855485,-9418.149754
905.329594,76.570323,153.140646,-9418.149754
905.330222,114.855485,133.998066,-9360.722011
905.330849,133.998066,114.855485,-9418.149754
905.331477,76.570323,153.140646,-9418.149754
905.332104,133.998066,133.998066,-9494.720077
905.332731,133.998066,153.140646,-9418.149754
905.333359,76.570323,229.710970,-9418.149754
905.333986,76.570323,229.710970,-9418.149754
905.334614,76.570323,210.568389,-9437.292334
905.335241,76.570323,114.855485,-9437.292334
905.335869,38.285162,172.283227,-9437.292334
905.336496,76.570323,210.568389,-9418.149754
905.337123,95.712904,133.998066,-9360.722011
905.337751,133.998066,114.855485,-9418.149754
905.338378,57.427742,133.998066,-9360.722011
905.339006,133.998066,114.855485,-9418.149754
905.339633,76.570323,95.712904,-9399.007173
905.340260,114.855485,76.570323,-9418.149754
905.340888,133.998066,133.998066,-9437.292334
905.341515,38.285162,114.855485,-9418.149754
905.342143,38.285162,114.855485,-9437.292334
905.342770,38.285162,172.283227,-9456.434915
905.343397,38.285162,153.140646,-9418.149754
905.344025,95.712904,172.283227,-9494.720077
905.344652,133.998066,153.140646,-9418.149754
905.345280,133.998066,172.283227,-9494.720077
905.345907,38.285162,153.140646,-9418.149754
905.346535,38.285162,153.140646,-9437.292334
905.347162,19.142581,114.855485,-9456.434915
905.347789,38.285162,114.855485,-9475.577496
905.348417,76.570323,114.855485,-9456.434915
905.349044,95.712904,133.998066,-9456.434915
905.349672,19.142581,153.140646,-9418.149754
905.350299,95.712904,172.283227,-9360.722011
905.350926,76.570323,172.283227,-9437.292334
905.351554,57.427742,95.712904,-9379.864592
905.352181,76.570323,210.568389,-9418.149754
905.352809,95.712904,153.140646,-9475.577496
905.353436,38.285162,114.855485,-9456.434915
905.354064,133.998066,172.283227,-9456.434915
905.354691,76.570323,210.568389,-9418.149754
905.355318,38.285162,114.855485,-9437.292334
905.355946,95.712904,95.712904,-9494.720077
905.356573,95.712904,153.140646,-9418.149754
905.357201,133.998066,172.283227,-9418.149754
905.357828,133.998066,114.855485,-9418.149754
905.358455,133.998066,172.283227,-9437.292334
905.359083,76.570323,114.855485,-9418.149754
905.359710,76.570323,114.855485,-9456.434915
905.360338,76.570323,114.855485,-9418.149754
905.360965,38.285162,76.570323,-9379.864592
905.361592,76.570323,114.855485,-9418.149754
905.362220,114.855485,95.712904,-9456.434915
905.362847,133.998066,133.998066,-9437.292334
905.363475,76.570323,172.283227,-9418.149754
905.364102,38.285162,114.855485,-9437.292334
905.364730,95.712904,172.283227,-9418.149754
905.365357,38.285162,153.140646,-9418.149754
905.365984,38.285162,114.855485,-9418.149754
905.366612,153.140646,191.425808,-9399.007173
905.367239,133.998066,191.425808,-9437.292334
905.367867,133.998066,210.568389,-9475.577496
905.368494,133.998066,172.283227,-9418.149754
905.369121,133.998066,172.283227,-9418.149754
905.369749,153.140646,114.855485,-9418.149754
905.370376,114.855485,172.283227,-9360.722011
905.371004,172.283227,114.855485,-9399.007173
905.371631,76.570323,114.855485,-9418.149754
905.372259,133.998066,133.998066,-9456.434915
905.372886,95.712904,95.712904,-9437.292334
905.373513,95.712904,133.998066,-9360.722011
905.374141,133.998066,114.855485,-9418.149754
905.374768,133.998066,114.855485,-9456.434915
905.375396,38.285162,114.855485,-9418.149754
905.376023,133.998066,114.855485,-9418.149754
905.376650,153.140646,172.283227,-9399.007173
905.377278,95.712904,153.140646,-9360.722011
905.377905,76.570323,114.855485,-9418.149754
905.378533,133.998066,172.283227,-9399.007173
905.379160,76.570323,114.855485,-9418.149754
905.379787,76.570323,114.855485,-9437.292334
905.380415,172.283227,229.710970,-9399.007173
905.381042,153.140646,133.998066,-9437.292334
905.381670,95.712904,172.283227,-9418.149754
905.382297,133.998066,114.855485,-9418.149754
905.382925,133.998066,114.855485,-9418.149754
905.383552,133.998066,210.568389,-9475.577496
905.384179,95.712904,114.855485,-9418.149754
905.384807,95.712904,153.140646,-9418.149754
905.385434,76.570323,229.710970,-9418.149754
905.386062,38.285162,172.283227,-9418.149754
905.386689,38.285162,114.855485,-9418.149754
905.387316,133.998066,153.140646,-9418.149754
905.387944,38.285162,114.855485,-9437.292334
905.388571,133.998066,114.855485,-9418.149754
905.389199,133.998066,114.855485,-9456.434915
905.389826,57.427742,172.283227,-9418.149754
905.390454,95.712904,210.568389,-9418.149754
905.391081,95.712904,229.710970,-9399.007173
905.391708,95.712904,133.998066,-9418.149754
905.392336,114.855485,95.712904,-9399.007173
905.392963,76.570323,114.855485,-9494.720077
905.393591,95.712904,114.855485,-9437.292334
905.394218,76.570323,114.855485,-9475.577496
905.394845,133.998066,114.855485,-9533.005238
905.395473,38.285162,172.283227,-9437.292334
905.396100,95.712904,114.855485,-9475.577496
905.396728,76.570323,172.283227,-9418.149754
905.397355,133.998066,114.855485,-9418.149754
905.397982,38.285162,210.568389,-9475.577496
905.398610,76.570323,114.855485,-9456.434915
905.399237,95.712904,210.568389,-9475.577496
905.399865,133.998066,191.425808,-9456.434915
905.400492,153.140646,153.140646,-9399.007173
905.401120,95.712904,114.855485,-9418.149754
905.401747,153.140646,114.855485,-9475.577496
905.402374,133.998066,114.855485,-9494.720077
905.403002,133.998066,172.283227,-9456.434915
905.403629,133.998066,114.855485,-9456.434915
905.404257,153.140646,114.855485,-9418.149754
905.404884,57.427742,133.998066,-9418.149754
905.405511,76.570323,153.140646,-9418.149754
905.406139,38.285162,172.283227,-9418.149754
905.406766,38.285162,210.568389,-9418.149754
905.407393,76.570323,210.568389,-9437.292334
905.408021,133.998066,210.568389,-9418.149754
905.408648,153.140646,153.140646,-9418.149754
905.409275,133.998066,153.140646,-9456.434915
905.409903,153.140646,153.140646,-9456.434915
905.410530,38.285162,153.140646,-9418.149754
905.411158,133.998066,172.283227,-9418.149754
905.411785,76.570323,153.140646,-9437.292334
905.412412,114.855485,95.712904,-9399.007173
905.413040,172.283227,95.712904,-9456.434915
905.413667,153.140646,210.568389,-9399.007173
905.414294,133.998066,114.855485,-9399.007173
905.414922,76.570323,153.140646,-9418.149754
905.415549,76.570323,114.855485,-9418.149754
905.416176,76.570323,191.425808,-9418.149754
905.416804,76.570323,114.855485,-9418.149754
905.417431,133.998066,114.855485,-9437.292334
905.418059,76.570323,114.855485,-9437.292334
905.418686,114.855485,114.855485,-9399.007173
905.419313,153.140646,133.998066,-9456.434915
905.419941,133.998066,153.140646,-9418.149754
905.420568,133.998066,114.855485,-9418.149754
905.421195,76.570323,172.283227,-9418.149754
905.421823,172.283227,172.283227,-9456.434915
905.422450,133.998066,210.568389,-9418.149754
905.423077,76.570323,172.283227,-9437.292334
905.423705,95.712904,114.855485,-9418.149754
905.424332,114.855485,133.998066,-9360.722011
905.424959,114.855485,95.712904,-9399.007173
905.425587,76.570323,153.140646,-9360.722011
905.426214,95.712904,114.855485,-9418.149754
905.426842,153.140646,133.998066,-9399.007173
905.427469,95.712904,133.998066,-9360.722011
905.428096,76.570323,114.855485,-9418.149754
905.428724,133.998066,114.855485,-9418.149754
905.429351,172.283227,95.712904,-9399.007173
905.429978,95.712904,114.855485,-9418.149754
905.430606,133.998066,114.855485,-9437.292334
905.431233,153.140646,133.998066,-9437.292334
905.431860,133.998066,172.283227,-9418.149754
905.432488,76.570323,172.283227,-9456.434915
905.433115,76.570323,114.855485,-9437.292334
905.433742,57.427742,114.855485,-9399.007173
905.434370,95.712904,153.140646,-9418.149754
905.434997,95.712904,114.855485,-9418.149754
905.435625,133.998066,172.283227,-9418.149754
905.436252,153.140646,114.855485,-9437.292334
905.436879,153.140646,153.140646,-9399.007173
905.437507,76.570323,210.568389,-9418.149754
905.438134,95.712904,210.568389,-9418.149754
905.438761,38.285162,114.855485,-9418.149754
905.439389,95.712904,172.283227,-9360.722011
905.440016,76.570323,114.855485,-9437.292334
905.440643,114.855485,95.712904,-9399.007173
905.441271,76.570323,95.712904,-9399.007173
905.441898,76.570323,114.855485,-9437.292334
905.442525,133.998066,114.855485,-9418.149754
905.443153,76.570323,114.855485,-9437.292334
905.443780,76.570323,114.855485,-9475.577496
905.444408,19.142581,114.855485,-9475.577496
905.445035,95.712904,172.283227,-9418.149754
905.445662,57.427742,114.855485,-9456.434915
905.446290,95.712904,133.998066,-9360.722011
905.446917,76.570323,114.855485,-9418.149754
905.447544,95.712904,95.712904,-9399.007173
905.448172,95.712904,114.855485,-9418.149754
905.448799,133.998066,114.855485,-9437.292334
905.449426,114.855485,133.998066,-9360.722011
905.450054,95.712904,210.568389,-9437.292334
905.450681,133.998066,172.283227,-9418.149754
905.451308,76.570323,114.855485,-9456.434915
905.451936,38.285162,114.855485,-9360.722011
905.452563,210.568389,153.140646,-9399.007173
905.453191,133.998066,114.855485,-9418.149754
905.453818,76.570323,114.855485,-9437.292334
905.454445,133.998066,114.855485,-9418.149754
905.455073,133.998066,114.855485,-9475.577496
905.455700,133.998066,114.855485,-9437.292334
905.456327,38.285162,172.283227,-9418.149754
905.456955,57.427742,114.855485,-9437.292334
905.457582,57.427742,95.712904,-9399.007173
905.458209,95.712904,191.425808,-9418.149754
905.458837,76.570323,172.283227,-9399.007173
905.459464,114.855485,172.283227,-9360.722011
905.460091,153.140646,172.283227,-9456.434915
905.460719,153.140646,114.855485,-9456.434915
905.461346,133.998066,114.855485,-9494.720077
905.461974,76.570323,114.855485,-9456.434915
905.462601,38.285162,114.855485,-9456.434915
905.463228,114.855485,114.855485,-9399.007173
905.463856,133.998066,114.855485,-9418.149754
905.464483,38.285162,114.855485,-9437.292334
905.465110,38.285162,172.283227,-9418.149754
905.465738,76.570323,114.855485,-9418.149754
905.466365,38.285162,172.283227,-9418.149754
905.466992,133.998066,172.283227,-9418.149754
905.467620,76.570323,172.283227,-9437.292334
905.468247,133.998066,153.140646,-9418.149754
905.468875,38.285162,114.855485,-9418.149754
905.469502,133.998066,114.855485,-9418.149754
905.470129,76.570323,153.140646,-9418.149754
905.470757,57.427742,114.855485,-9418.149754
905.471384,38.285162,114.855485,-9418.149754
905.472011,38.285162,114.855485,-9418.149754
905.472639,76.570323,172.283227,-9437.292334
905.473266,133.998066,114.855485,-9533.005238
905.473893,133.998066,172.283227,-9437.292334
905.474521,76.570323,153.140646,-9418.149754
905.475148,38.285162,229.710970,-9437.292334
905.475775,76.570323,229.710970,-9456.434915
905.476403,133.998066,114.855485,-9475.577496
905.477030,95.712904,114.855485,-9475.577496
905.477658,133.998066,114.855485,-9437.292334
905.478285,76.570323,114.855485,-9456.434915
905.478912,133.998066,153.140646,-9399.007173
905.479540,76.570323,114.855485,-9418.149754
905.480167,76.570323,114.855485,-9360.722011
905.480794,133.998066,172.283227,-9418.149754
905.481422,153.140646,172.283227,-9399.007173
905.482049,133.998066,153.140646,-9418.149754
905.482676,172.283227,114.855485,-9379.864592
905.483304,133.998066,153.140646,-9399.007173
905.483931,114.855485,172.283227,-9360.722011
905.484558,76.570323,191.425808,-9360.722011
905.485186,133.998066,172.283227,-9418.149754
905.485813,76.570323,153.140646,-9418.149754
905.486441,76.570323,153.140646,-9418.149754
905.487068,133.998066,114.855485,-9437.292334
905.487695,38.285162,114.855485,-9418.149754
905.488323,76.570323,114.855485,-9418.149754
905.488950,76.570323,114.855485,-9418.149754
905.489577,133.998066,114.855485,-9437.292334
905.490205,76.570323,114.855485,-9418.149754
905.490832,76.570323,114.855485,-9456.434915
905.491459,95.712904,172.283227,-9418.149754
905.492087,114.855485,153.140646,-9360.722011
905.492714,76.570323,114.855485,-9418.149754
905.493341,133.998066,114.855485,-9418.149754
905.493969,38.285162,114.855485,-9418.149754
905.494596,153.140646,133.998066,-9456.434915
905.495224,95.712904,95.712904,-9399.007173
905.495851,76.570323,114.855485,-9437.292334
905.496478,114.855485,95.712904,-9437.292334
905.497106,38.285162,172.283227,-9456.434915
905.497733,38.285162,210.568389,-9437.292334
905.498360,76.570323,114.855485,-9456.434915
905.498988,38.285162,172.283227,-9418.149754
905.499615,133.998066,114.855485,-9456.434915
905.500242,133.998066,172.283227,-9456.434915
905.500870,133.998066,114.855485,-9456.434915
905.501497,76.570323,114.855485,-9437.292334
905.502124,76.570323,114.855485,-9418.149754
905.502752,95.712904,95.712904,-9399.007173
905.503379,76.570323,114.855485,-9418.149754
905.504007,133.998066,153.140646,-9456.434915
905.504634,133.998066,153.140646,-9418.149754
905.505261,133.998066,133.998066,-9399.007173
905.505889,114.855485,114.855485,-9437.292334
905.506516,38.285162,114.855485,-9456.434915
905.507143,133.998066,114.855485,-9418.149754
905.507771,153.140646,172.283227,-9399.007173
905.508398,76.570323,153.140646,-9437.292334
905.509025,95.712904,95.712904,-9513.862658
905.509653,114.855485,95.712904,-9399.007173
905.510280,114.855485,95.712904,-9399.007173
905.510907,133.998066,114.855485,-9418.149754
905.511535,133.998066,229.710970,-9437.292334
905.512162,76.570323,114.855485,-9475.577496
905.512789,76.570323,172.283227,-9437.292334
905.513417,133.998066,133.998066,-9399.007173
905.514044,133.998066,153.140646,-9456.434915
905.514672,133.998066,172.283227,-9418.149754
905.515299,133.998066,114.855485,-9418.149754
905.515926,57.427742,114.855485,-9475.577496
905.516554,76.570323,172.283227,-9418.149754
905.517181,133.998066,133.998066,-9399.007173
905.517808,76.570323,153.140646,-9418.149754
905.518436,76.570323,172.283227,-9418.149754
905.519063,133.998066,114.855485,-9475.577496
905.519690,76.570323,114.855485,-9418.149754
905.520318,114.855485,95.712904,-9399.007173
905.520945,76.570323,210.568389,-9437.292334
905.521572,38.285162,172.283227,-9437.292334
905.522200,76.570323,153.140646,-9456.434915
905.522827,76.570323,114.855485,-9437.292334
905.523454,133.998066,210.568389,-9418.149754
905.524082,95.712904,114.855485,-9418.149754
905.524709,153.140646,133.998066,-9399.007173
905.525336,76.570323,153.140646,-9418.149754
905.525964,133.998066,153.140646,-9418.149754
905.526591,95.712904,172.283227,-9360.722011
905.527218,76.570323,210.568389,-9418.149754
905.527846,172.283227,191.425808,-9360.722011
905.528473,133.998066,172.283227,-9418.149754
905.529101,76.570323,172.283227,-9456.434915
905.529728,76.570323,210.568389,-9418.149754
905.530355,76.570323,172.283227,-9418.149754
905.530983,133.998066,172.283227,-9418.149754
905.531610,153.140646,133.998066,-9399.007173
905.532237,133.998066,133.998066,-9437.292334
905.532865,133.998066,133.998066,-9494.720077
905.533492,76.570323,114.855485,-9456.434915
905.534119,95.712904,229.710970,-9418.149754
905.534747,133.998066,114.855485,-9418.149754
905.535374,76.570323,114.855485,-9418.149754
905.536001,133.998066,210.568389,-9418.149754
905.536629,76.570323,210.568389,-9418.149754
905.537256,95.712904,114.855485,-9494.720077
905.537883,114.855485,153.140646,-9533.005238
905.538511,114.855485,133.998066,-9360.722011
905.539138,76.570323,114.855485,-9418.149754
905.539765,76.570323,153.140646,-9437.292334
905.540393,76.570323,114.855485,-9418.149754
905.541020,38.285162,114.855485,-9418.149754
905.541647,133.998066,114.855485,-9456.434915
905.542275,38.285162,153.140646,-9418.149754
905.542902,38.285162,153.140646,-9418.149754
905.543530,95.712904,153.140646,-9475.577496
905.544157,133.998066,114.855485,-9418.149754
905.544784,114.855485,133.998066,-9360.722011
905.545412,95.712904,114.855485,-9399.007173
905.546039,133.998066,114.855485,-9418.149754
905.546666,133.998066,114.855485,-9418.149754
905.547294,95.712904,95.712904,-9399.007173
905.547921,172.283227,95.712904,-9399.007173
905.548548,76.570323,172.283227,-9456.434915
905.549176,76.570323,210.568389,-9456.434915
905.549803,76.570323,153.140646,-9418.149754
905.550430,133.998066,153.140646,-9456.434915
905.551058,153.140646,133.998066,-9456.434915
905.551685,172.283227,76.570323,-9494.720077
905.552312,38.285162,114.855485,-9418.149754
905.552940,76.570323,172.283227,-9437.292334
905.553567,19.142581,172.283227,-9437.292334
905.554194,76.570323,153.140646,-9437.292334
905.554822,133.998066,153.140646,-9418.149754
905.555449,76.570323,172.283227,-9475.577496
905.556077,76.570323,172.283227,-9475.577496
905.556704,133.998066,114.855485,-9437.292334
905.557331,76.570323,153.140646,-9418.149754
905.557959,95.712904,114.855485,-9418.149754
905.558586,76.570323,153.140646,-9418.149754
905.559213,133.998066,114.855485,-9456.434915
905.559841,38.285162,76.570323,-9379.864592
905.560468,95.712904,133.998066,-9360.722011
905.561095,76.570323,114.855485,-9418.149754
905.561723,76.570323,114.855485,-9418.149754
905.562350,133.998066,114.855485,-9418.149754
905.562977,76.570323,114.855485,-9418.149754
905.563605,153.140646,172.283227,-9456.434915
905.564232,76.570323,114.855485,-9456.434915
905.564859,95.712904,114.855485,-9437.292334
905.565487,76.570323,114.855485,-9418.149754
905.566114,76.570323,210.568389,-9418.149754
905.566741,38.285162,114.855485,-9418.149754
905.567369,76.570323,114.855485,-9418.149754
905.567996,95.712904,153.140646,-9418.149754
905.568623,133.998066,153.140646,-9418.149754
905.569251,57.427742,114.855485,-9418.149754
905.569878,38.285162,114.855485,-9418.149754
905.570506,38.285162,153.140646,-9418.149754
905.571133,76.570323,114.855485,-9418.149754
905.571760,76.570323,114.855485,-9456.434915
905.572388,38.285162,114.855485,-9418.149754
905.573015,133.998066,153.140646,-9437.292334
905.573642,38.285162,114.855485,-9418.149754
905.574270,38.285162,153.140646,-9418.149754
905.574897,76.570323,172.283227,-9437.292334
905.575524,133.998066,153.140646,-9475.577496
905.576152,57.427742,153.140646,-9418.149754
905.576779,95.712904,95.712904,-9437.292334
905.577406,38.285162,114.855485,-9475.577496
905.578034,114.855485,133.998066,-9552.147819
905.578661,133.998066,153.140646,-9418.149754
905.579288,95.712904,172.283227,-9360.722011
905.579916,153.140646,133.998066,-9399.007173
905.580543,133.998066,114.855485,-9437.292334
905.581170,76.570323,210.568389,-9437.292334
905.581798,95.712904,210.568389,-9418.149754
905.582425,95.712904,172.283227,-9418.149754
905.583053,133.998066,114.855485,-9418.149754
905.583680,76.570323,114.855485,-9418.149754
905.584307,133.998066,153.140646,-9418.149754
905.584935,38.285162,172.283227,-9437.292334
905.585562,95.712904,114.855485,-9418.149754
905.586189,114.855485,95.712904,-9399.007173
905.586817,38.285162,114.855485,-9494.720077
905.587444,133.998066,114.855485,-9418.149754
905.588071,76.570323,114.855485,-9418.149754
905.588699,95.712904,95.712904,-9494.720077
905.589326,133.998066,172.283227,-9437.292334
905.589953,76.570323,153.140646,-9418.149754
905.590581,76.570323,114.855485,-9418.149754
905.591208,76.570323,114.855485,-9418.149754
905.591835,38.285162,114.855485,-9418.149754
905.592463,191.425808,114.855485,-9379.864592
905.593090,133.998066,172.283227,-9437.292334
905.593717,76.570323,114.855485,-9437.292334
905.594345,114.855485,172.283227,-9399.007173
905.594972,76.570323,210.568389,-9418.149754
905.595599,133.998066,210.568389,-9437.292334
905.596227,76.570323,210.568389,-9418.149754
905.596854,133.998066,114.855485,-9533.005238
905.597482,76.570323,114.855485,-9418.149754
905.598109,38.285162,114.855485,-9418.149754
905.598736,114.855485,114.855485,-9399.007173
905.599364,95.712904,229.710970,-9399.007173
905.599991,38.285162,229.710970,-9418.149754
905.600618,76.570323,210.568389,-9418.149754
905.601246,38.285162,114.855485,-9456.434915
905.601873,95.712904,114.855485,-9456.434915
905.602500,76.570323,114.855485,-9418.149754
905.603128,133.998066,114.855485,-9418.149754
905.603755,76.570323,114.855485,-9456.434915
905.604382,133.998066,114.855485,-9418.149754
905.605010,153.140646,153.140646,-9437.292334
905.605637,133.998066,172.283227,-9418.149754
905.606264,133.998066,114.855485,-9418.149754
905.606892,76.570323,76.570323,-9399.007173
905.607519,76.570323,153.140646,-9418.149754
905.608146,38.285162,114.855485,-9418.149754
905.608774,76.570323,114.855485,-9418.149754
905.609401,133.998066,76.570323,-9399.007173
905.610029,153.140646,153.140646,-9379.864592
905.610656,114.855485,133.998066,-9360.722011
905.611283,133.998066,114.855485,-9418.149754
905.611911,133.998066,114.855485,-9418.149754
905.612538,95.712904,95.712904,-9456.434915
905.613166,76.570323,114.855485,-9437.292334
905.613793,76.570323,114.855485,-9418.149754
905.614421,133.998066,114.855485,-9437.292334
905.615048,210.568389,133.998066,-9437.292334
905.615676,76.570323,210.568389,-9437.292334
905.616303,57.427742,172.283227,-9360.722011
905.616931,153.140646,114.855485,-9437.292334
905.617558,133.998066,114.855485,-9437.292334
905.618186,133.998066,172.283227,-9456.434915
905.618813,133.998066,114.855485,-9418.149754
905.619441,133.998066,114.855485,-9418.149754
905.620068,133.998066,114.855485,-9437.292334
905.620696,133.998066,114.855485,-9437.292334
905.621323,76.570323,114.855485,-9437.292334
905.621951,76.570323,114.855485,-9418.149754
905.622578,95.712904,95.712904,-9399.007173
905.623206,114.855485,172.283227,-9399.007173
905.623833,76.570323,172.283227,-9437.292334
905.624461,76.570323,114.855485,-9418.149754
905.625088,76.570323,153.140646,-9418.149754
905.625716,133.998066,153.140646,-9418.149754
905.626343,133.998066,114.855485,-9418.149754
905.626971,76.570323,114.855485,-9418.149754
905.627598,133.998066,114.855485,-9437.292334
905.628226,95.712904,172.283227,-9418.149754
905.628853,76.570323,172.283227,-9456.434915
905.629481,76.570323,153.140646,-9418.149754
905.630108,76.570323,114.855485,-9418.149754
905.630736,153.140646,172.283227,-9418.149754
905.631363,114.855485,95.712904,-9399.007173
905.631991,114.855485,95.712904,-9399.007173
905.632618,95.712904,153.140646,-9437.292334
905.633246,95.712904,133.998066,-9360.722011
905.633873,76.570323,153.140646,-9418.149754
905.634501,133.998066,210.568389,-9399.007173
905.635128,133.998066,114.855485,-9418.149754
905.635756,133.998066,133.998066,-9399.007173
905.636383,114.855485,95.712904,-9399.007173
905.637011,153.140646,153.140646,-9399.007173
905.637638,133.998066,114.855485,-9437.292334
905.638266,133.998066,114.855485,-9456.434915
905.638893,133.998066,114.855485,-9418.149754
905.639521,76.570323,114.855485,-9494.720077
905.640148,133.998066,114.855485,-9437.292334
905.640776,133.998066,114.855485,-9437.292334
905.641403,76.570323,114.855485,-9456.434915
905.642031,95.712904,95.712904,-9399.007173
905.642658,133.998066,153.140646,-9418.149754
905.643285,114.855485,76.570323,-9494.720077
905.643913,38.285162,210.568389,-9418.149754
905.644540,95.712904,210.568389,-9437.292334
905.645168,114.855485,191.425808,-9360.722011
905.645795,76.570323,210.568389,-9418.149754
905.646423,133.998066,114.855485,-9494.720077
905.647050,95.712904,114.855485,-9418.149754
905.647678,133.998066,114.855485,-9418.149754
905.648305,133.998066,210.568389,-9437.292334
905.648933,153.140646,191.425808,-9494.720077
905.649560,133.998066,153.140646,-9494.720077
905.650188,114.855485,95.712904,-9456.434915
905.650815,133.998066,114.855485,-9494.720077
905.651443,95.712904,95.712904,-9399.007173
905.652070,76.570323,114.855485,-9418.149754
905.652698,133.998066,133.998066,-9399.007173
905.653325,76.570323,114.855485,-9475.577496
905.653953,133.998066,153.140646,-9418.149754
905.654580,133.998066,191.425808,-9475.577496
905.655208,76.570323,210.568389,-9475.577496
905.655835,76.570323,114.855485,-9418.149754
905.656463,133.998066,191.425808,-9418.149754
905.657090,95.712904,172.283227,-9360.722011
905.657718,114.855485,95.712904,-9399.007173
905.658345,76.570323,114.855485,-9418.149754
905.658973,76.570323,114.855485,-9418.149754
905.659600,133.998066,172.283227,-9418.149754
905.660228,76.570323,114.855485,-9418.149754
905.660855,95.712904,210.568389,-9533.005238
905.661483,76.570323,153.140646,-9456.434915
905.662110,76.570323,153.140646,-9437.292334
905.662738,76.570323,153.140646,-9418.149754
905.663365,133.998066,114.855485,-9418.149754
905.663993,76.570323,114.855485,-9418.149754
905.664620,133.998066,114.855485,-9418.149754
905.665248,38.285162,153.140646,-9418.149754
905.665875,133.998066,133.998066,-9456.434915
905.666503,133.998066,114.855485,-9437.292334
905.667130,95.712904,153.140646,-9418.149754
905.667758,133.998066,114.855485,-9456.434915
905.668385,76.570323,153.140646,-9437.292334
905.669013,95.712904,153.140646,-9418.149754
905.669640,133.998066,114.855485,-9437.292334
905.670268,76.570323,172.283227,-9437.292334
905.670895,114.855485,114.855485,-9399.007173
905.671523,172.283227,114.855485,-9379.864592
905.672150,114.855485,133.998066,-9360.722011
905.672778,95.712904,114.855485,-9437.292334
905.673405,76.570323,153.140646,-9475.577496
905.674033,133.998066,114.855485,-9456.434915
905.674660,114.855485,95.712904,-9456.434915
905.675288,133.998066,114.855485,-9437.292334
905.675915,19.142581,153.140646,-9456.434915
905.676542,76.570323,114.855485,-9494.720077
905.677170,114.855485,114.855485,-9399.007173
905.677797,76.570323,114.855485,-9437.292334
905.678425,76.570323,172.283227,-9437.292334
905.679052,95.712904,229.710970,-9360.722011
905.679680,114.855485,133.998066,-9360.722011
905.680307,38.285162,114.855485,-9475.577496
905.680935,76.570323,172.283227,-9418.149754
905.681562,57.427742,133.998066,-9475.577496
905.682190,76.570323,114.855485,-9418.149754
905.682817,172.283227,210.568389,-9379.864592
905.683445,76.570323,153.140646,-9418.149754
905.684072,76.570323,114.855485,-9418.149754
905.684700,95.712904,114.855485,-9456.434915
905.685327,172.283227,76.570323,-9418.149754
905.685955,133.998066,114.855485,-9418.149754
905.686582,76.570323,153.140646,-9418.149754
905.687210,76.570323,114.855485,-9456.434915
905.687837,191.425808,191.425808,-9418.149754
905.688465,114.855485,153.140646,-9360.722011
905.689092,133.998066,191.425808,-9494.720077
905.689720,133.998066,172.283227,-9475.577496
905.690347,133.998066,114.855485,-9418.149754
905.690975,76.570323,38.285162,-9399.007173
905.691602,133.998066,114.855485,-9456.434915
905.692230,153.140646,133.998066,-9399.007173
905.692857,76.570323,114.855485,-9456.434915
905.693485,133.998066,114.855485,-9418.149754
905.694112,133.998066,210.568389,-9475.577496
905.694740,153.140646,133.998066,-9456.434915
905.695367,76.570323,114.855485,-9418.149754
905.695995,76.570323,114.855485,-9418.149754
905.696622,76.570323,172.283227,-9418.149754
905.697250,133.998066,114.855485,-9418.149754
905.697877,172.283227,133.998066,-9418.149754
905.698505,153.140646,114.855485,-9379.864592
905.699132,76.570323,210.568389,-9456.434915
905.699760,76.570323,114.855485,-9475.577496
905.700387,133.998066,133.998066,-9456.434915
905.701015,114.855485,95.712904,-9399.007173
905.701642,133.998066,114.855485,-9456.434915
905.702270,114.855485,133.998066,-9360.722011
905.702897,210.568389,172.283227,-9437.292334
905.703525,153.140646,133.998066,-9456.434915
905.704152,133.998066,114.855485,-9418.149754
905.704780,38.285162,114.855485,-9418.149754
905.705407,76.570323,153.140646,-9418.149754
905.706035,133.998066,210.568389,-9418.149754
905.706662,133.998066,133.998066,-9456.434915
905.707290,95.712904,114.855485,-9418.149754
905.707917,172.283227,133.998066,-9418.149754
905.708545,133.998066,153.140646,-9437.292334
905.709172,76.570323,172.283227,-9437.292334
905.709799,76.570323,114.855485,-9418.149754
905.710427,76.570323,114.855485,-9475.577496
905.711055,76.570323,114.855485,-9418.149754
905.711682,76.570323,114.855485,-9418.149754
905.712310,76.570323,210.568389,-9437.292334
905.712937,76.570323,172.283227,-9418.149754
905.713565,153.140646,133.998066,-9456.434915
905.714192,76.570323,153.140646,-9456.434915
905.714820,76.570323,114.855485,-9418.149754
905.715447,76.570323,210.568389,-9437.292334
905.716075,38.285162,172.283227,-9418.149754
905.716702,153.140646,133.998066,-9456.434915
905.717330,76.570323,114.855485,-9437.292334
905.717958,153.140646,153.140646,-9437.292334
905.718585,95.712904,153.140646,-9418.149754
905.719213,133.998066,133.998066,-9399.007173
905.719840,153.140646,153.140646,-9399.007173
905.720468,133.998066,210.568389,-9418.149754
905.721095,114.855485,95.712904,-9399.007173
905.721723,76.570323,153.140646,-9418.149754
905.722350,133.998066,153.140646,-9418.149754
905.722978,76.570323,153.140646,-9418.149754
905.723605,133.998066,114.855485,-9456.434915
905.724233,133.998066,172.283227,-9418.149754
905.724861,191.425808,133.998066,-9437.292334
905.725488,133.998066,114.855485,-9418.149754
905.726116,38.285162,153.140646,-9418.149754
905.726743,95.712904,114.855485,-9437.292334
905.727371,38.285162,172.283227,-9533.005238
905.727998,95.712904,114.855485,-9437.292334
905.728626,133.998066,172.283227,-9418.149754
905.729253,76.570323,153.140646,-9418.149754
905.729881,95.712904,95.712904,-9399.007173
905.730508,76.570323,114.855485,-9418.149754
905.731136,133.998066,133.998066,-9399.007173
905.731764,38.285162,114.855485,-9418.149754
905.732391,114.855485,114.855485,-9399.007173
905.733019,76.570323,153.140646,-9418.149754
905.733646,133.998066,114.855485,-9418.149754
905.734274,76.570323,114.855485,-9418.149754
905.734901,95.712904,133.998066,-9360.722011
905.735529,133.998066,114.855485,-9418.149754
905.736156,76.570323,114.855485,-9399.007173
905.736784,95.712904,114.855485,-9418.149754
905.737411,95.712904,210.568389,-9418.149754
905.738039,38.285162,114.855485,-9418.149754
905.738667,76.570323,172.283227,-9418.149754
905.739294,76.570323,210.568389,-9418.149754
905.739922,76.570323,114.855485,-9418.149754
905.740549,38.285162,114.855485,-9418.149754
905.741177,133.998066,172.283227,-9437.292334
905.741804,76.570323,172.283227,-9418.149754
905.742432,38.285162,210.568389,-9418.149754
905.743059,133.998066,210.568389,-9418.149754
905.743687,76.570323,172.283227,-9418.149754
905.744314,76.570323,210.568389,-9418.149754
905.744942,133.998066,172.283227,-9456.434915
905.745570,114.855485,133.998066,-9360.722011
905.746197,133.998066,133.998066,-9399.007173
905.746825,38.285162,172.283227,-9437.292334
905.747452,133.998066,191.425808,-9399.007173
905.748080,38.285162,172.283227,-9418.149754
905.748707,133.998066,114.855485,-9418.149754
905.749335,76.570323,172.283227,-9494.720077
905.749962,76.570323,114.855485,-9456.434915
905.750590,76.570323,114.855485,-9456.434915
905.751217,38.285162,114.855485,-9418.149754
905.751845,133.998066,153.140646,-9437.292334
905.752472,114.855485,133.998066,-9456.434915
905.753100,114.855485,95.712904,-9399.007173
905.753728,133.998066,153.140646,-9494.720077
905.754355,153.140646,133.998066,-9399.007173
905.754983,76.570323,114.855485,-9456.434915
905.755610,38.285162,229.710970,-9475.577496
905.756238,133.998066,153.140646,-9456.434915
905.756865,133.998066,114.855485,-9475.577496
905.757493,133.998066,210.568389,-9418.149754
905.758120,133.998066,114.855485,-9418.149754
905.758748,76.570323,172.283227,-9418.149754
905.759375,95.712904,114.855485,-9437.292334
905.760003,133.998066,114.855485,-9437.292334
905.760631,95.712904,95.712904,-9494.720077
905.761258,133.998066,172.283227,-9437.292334
905.761886,210.568389,133.998066,-9494.720077
905.762513,114.855485,95.712904,-9399.007173
905.763141,133.998066,114.855485,-9418.149754
905.763768,133.998066,133.998066,-9379.864592
905.764396,133.998066,172.283227,-9418.149754
905.765023,95.712904,95.712904,-9399.007173
905.765651,76.570323,114.855485,-9456.434915
905.766278,153.140646,153.140646,-9456.434915
905.766906,76.570323,153.140646,-9418.149754
905.767534,133.998066,153.140646,-9475.577496
905.768161,153.140646,133.998066,-9437.292334
905.768789,133.998066,114.855485,-9418.149754
905.769416,76.570323,172.283227,-9418.149754
905.770044,133.998066,210.568389,-9418.149754
905.770671,133.998066,210.568389,-9418.149754
905.771299,95.712904,114.855485,-9456.434915
905.771926,76.570323,114.855485,-9418.149754
905.772554,95.712904,153.140646,-9360.722011
905.773181,133.998066,210.568389,-9475.577496
905.773809,76.570323,153.140646,-9533.005238
905.774437,76.570323,172.283227,-9399.007173
905.775064,95.712904,210.568389,-9418.149754
905.775692,133.998066,153.140646,-9418.149754
905.776319,133.998066,114.855485,-9418.149754
905.776947,133.998066,172.283227,-9437.292334
905.777574,153.140646,191.425808,-9399.007173
905.778202,133.998066,172.283227,-9437.292334
905.778829,133.998066,133.998066,-9437.292334
905.779457,76.570323,172.283227,-9418.149754
905.780084,133.998066,114.855485,-9437.292334
905.780712,95.712904,95.712904,-9399.007173
905.781340,133.998066,172.283227,-9456.434915
905.781967,76.570323,153.140646,-9418.149754
905.782595,153.140646,191.425808,-9399.007173
905.783222,133.998066,114.855485,-9456.434915
905.783850,95.712904,172.283227,-9437.292334
905.784477,76.570323,114.855485,-9418.149754
905.785105,153.140646,114.855485,-9418.149754
905.785732,133.998066,114.855485,-9418.149754
905.786360,133.998066,153.140646,-9418.149754
905.786987,133.998066,172.283227,-9418.149754
905.787615,38.285162,210.568389,-9418.149754
905.788243,95.712904,172.283227,-9360.722011
905.788870,95.712904,153.140646,-9437.292334
905.789498,133.998066,172.283227,-9418.149754
905.790125,133.998066,153.140646,-9418.149754
905.790753,76.570323,172.283227,-9418.149754
905.791380,133.998066,114.855485,-9418.149754
905.792008,172.283227,76.570323,-9418.149754
905.792635,133.998066,210.568389,-9418.149754
905.793263,95.712904,229.710970,-9456.434915
905.793890,38.285162,210.568389,-9456.434915
905.794518,76.570323,172.283227,-9418.149754
905.795146,133.998066,172.283227,-9456.434915
905.795773,133.998066,114.855485,-9437.292334
905.796401,76.570323,114.855485,-9418.149754
905.797028,76.570323,153.140646,-9437.292334
905.797656,76.570323,114.855485,-9475.577496
905.798283,133.998066,153.140646,-9437.292334
905.798911,76.570323,153.140646,-9418.149754
905.799538,95.712904,114.855485,-9456.434915
905.800166,38.285162,114.855485,-9418.149754
905.800793,153.140646,95.712904,-9360.722011
905.801421,133.998066,191.425808,-9399.007173
905.802049,76.570323,210.568389,-9418.149754
905.802676,114.855485,191.425808,-9360.722011
905.803304,114.855485,114.855485,-9379.864592
905.803931,133.998066,114.855485,-9437.292334
905.804559,133.998066,114.855485,-9437.292334
905.805186,95.712904,133.998066,-9360.722011
905.805814,76.570323,114.855485,-9418.149754
905.806441,133.998066,133.998066,-9456.434915
905.807069,76.570323,114.855485,-9418.149754
905.807696,133.998066,191.425808,-9399.007173
905.808324,133.998066,153.140646,-9475.577496
905.808952,133.998066,114.855485,-9418.149754
905.809579,133.998066,114.855485,-9418.149754
905.810207,133.998066,153.140646,-9418.149754
905.810834,133.998066,172.283227,-9418.149754
905.811462,95.712904,114.855485,-9418.149754
905.812089,0.000000,153.140646,-9360.722011
905.812716,38.285162,114.855485,-9418.149754
905.813344,95.712904,95.712904,-9399.007173
905.813971,57.427742,95.712904,-9437.292334
905.814599,76.570323,172.283227,-9437.292334
905.815226,95.712904,95.712904,-9399.007173
905.815854,95.712904,153.140646,-9418.149754
905.816481,95.712904,133.998066,-9360.722011
905.817109,95.712904,172.283227,-9418.149754
905.817736,95.712904,114.855485,-9418.149754
905.818363,95.712904,95.712904,-9456.434915
905.818991,153.140646,153.140646,-9437.292334
905.819618,76.570323,114.855485,-9418.149754
905.820246,76.570323,114.855485,-9437.292334
905.820873,114.855485,95.712904,-9399.007173
905.821501,38.285162,153.140646,-9418.149754
905.822128,95.712904,114.855485,-9475.577496
905.822755,133.998066,114.855485,-9456.434915
905.823383,76.570323,114.855485,-9418.149754
905.824010,133.998066,133.998066,-9456.434915
905.824638,133.998066,114.855485,-9456.434915
905.825265,133.998066,153.140646,-9418.149754
905.825893,172.283227,210.568389,-9399.007173
905.826520,76.570323,114.855485,-9533.005238
905.827148,133.998066,172.283227,-9418.149754
905.827775,114.855485,133.998066,-9360.722011
905.828402,133.998066,133.998066,-9437.292334
905.829030,19.142581,114.855485,-9475.577496
905.829657,57.427742,114.855485,-9456.434915
905.830285,95.712904,153.140646,-9456.434915
905.830912,191.425808,114.855485,-9322.436850
905.831540,76.570323,133.998066,-9360.722011
905.832167,76.570323,114.855485,-9418.149754
905.832794,133.998066,114.855485,-9418.149754
905.833422,133.998066,153.140646,-9418.149754
905.834049,76.570323,133.998066,-9475.577496
905.834677,133.998066,114.855485,-9418.149754
905.835304,114.855485,95.712904,-9399.007173
905.835932,76.570323,114.855485,-9418.149754
905.836559,76.570323,114.855485,-9418.149754
905.837187,76.570323,172.283227,-9418.149754
905.837814,133.998066,153.140646,-9437.292334
905.838441,76.570323,210.568389,-9437.292334
905.839069,133.998066,153.140646,-9437.292334
905.839696,76.570323,114.855485,-9418.149754
905.840324,76.570323,114.855485,-9437.292334
905.840951,38.285162,114.855485,-9418.149754
905.841579,95.712904,133.998066,-9360.722011
905.842206,76.570323,114.855485,-9418.149754
905.842833,133.998066,114.855485,-9418.149754
905.843461,133.998066,210.568389,-9437.292334
905.844088,38.285162,114.855485,-9418.149754
905.844716,76.570323,153.140646,-9418.149754
905.845343,76.570323,114.855485,-9418.149754
905.845971,76.570323,114.855485,-9418.149754
905.846598,133.998066,153.140646,-9418.149754
905.847225,133.998066,172.283227,-9418.149754
905.847853,76.570323,172.283227,-9418.149754
905.848480,114.855485,133.998066,-9360.722011
905.849108,76.570323,114.855485,-9418.149754
905.849735,133.998066,153.140646,-9418.149754
905.850363,57.427742,172.283227,-9360.722011
905.850990,133.998066,210.568389,-9437.292334
905.851618,95.712904,210.568389,-9437.292334
905.852245,76.570323,172.283227,-9418.149754
905.852872,133.998066,153.140646,-9456.434915
905.853500,133.998066,114.855485,-9437.292334
905.854127,133.998066,153.140646,-9437.292334
905.854755,76.570323,114.855485,-9494.720077
905.855382,38.285162,172.283227,-9456.434915
905.856010,133.998066,114.855485,-9418.149754
905.856637,76.570323,114.855485,-9418.149754
905.857264,38.285162,210.568389,-9437.292334
905.857892,95.712904,114.855485,-9437.292334
905.858519,114.855485,95.712904,-9399.007173
905.859147,76.570323,153.140646,-9456.434915
905.859774,114.855485,172.283227,-9379.864592
905.860402,76.570323,114.855485,-9418.149754
905.861029,133.998066,133.998066,-9399.007173
905.861657,114.855485,114.855485,-9494.720077
905.862284,133.998066,114.855485,-9437.292334
905.862911,76.570323,114.855485,-9418.149754
905.863539,133.998066,114.855485,-9418.149754
905.864166,38.285162,172.283227,-9418.149754
905.864794,76.570323,114.855485,-9456.434915
905.865421,133.998066,114.855485,-9437.292334
905.866049,38.285162,114.855485,-9494.720077
905.866676,133.998066,210.568389,-9475.577496
905.867303,133.998066,191.425808,-9456.434915
905.867931,153.140646,133.998066,-9456.434915
905.868558,133.998066,210.568389,-9475.577496
905.869186,76.570323,114.855485,-9437.292334
905.869813,95.712904,172.283227,-9418.149754
905.870441,38.285162,172.283227,-9533.005238
905.871068,133.998066,153.140646,-9475.577496
905.871696,76.570323,153.140646,-9437.292334
905.872323,133.998066,133.998066,-9494.720077
905.872950,153.140646,153.140646,-9437.292334
905.873578,38.285162,114.855485,-9418.149754
905.874205,133.998066,172.283227,-9418.149754
905.874833,153.140646,133.998066,-9399.007173
905.875460,38.285162,114.855485,-9475.577496
905.876088,76.570323,114.855485,-9418.149754
905.876715,172.283227,114.855485,-9379.864592
905.877342,133.998066,172.283227,-9437.292334
905.877970,133.998066,114.855485,-9418.149754
905.878597,133.998066,172.283227,-9418.149754
905.879225,133.998066,114.855485,-9456.434915
905.879852,76.570323,114.855485,-9418.149754
905.880480,19.142581,172.283227,-9475.577496
905.881107,95.712904,95.712904,-9399.007173
905.881734,76.570323,114.855485,-9475.577496
905.882362,133.998066,191.425808,-9399.007173
905.882989,153.140646,133.998066,-9399.007173
905.883617,172.283227,172.283227,-9379.864592
905.884244,133.998066,191.425808,-9418.149754
905.884872,38.285162,114.855485,-9437.292334
905.885499,38.285162,114.855485,-9418.149754
905.886127,133.998066,114.855485,-9418.149754
905.886754,153.140646,133.998066,-9399.007173
905.887381,133.998066,114.855485,-9533.005238
905.888009,133.998066,114.855485,-9456.434915
905.888636,38.285162,172.283227,-9437.292334
905.889264,133.998066,153.140646,-9475.577496
905.889891,76.570323,172.283227,-9456.434915
905.890519,76.570323,153.140646,-9437.292334
905.891146,76.570323,95.712904,-9456.434915
905.891773,95.712904,95.712904,-9399.007173
905.892401,133.998066,172.283227,-9437.292334
905.893028,95.712904,114.855485,-9399.007173
905.893656,76.570323,172.283227,-9418.149754
905.894283,114.855485,191.425808,-9360.722011
905.894911,38.285162,210.568389,-9437.292334
905.895538,133.998066,210.568389,-9475.577496
905.896166,133.998066,153.140646,-9418.149754
905.896793,133.998066,114.855485,-9418.149754
905.897420,133.998066,210.568389,-9437.292334
905.898048,172.283227,210.568389,-9379.864592
905.898675,38.285162,210.568389,-9418.149754
905.899303,133.998066,114.855485,-9418.149754
905.899930,133.998066,114.855485,-9437.292334
905.900558,153.140646,153.140646,-9437.292334
905.901185,76.570323,114.855485,-9456.434915
905.901812,133.998066,114.855485,-9418.149754
905.902440,153.140646,153.140646,-9437.292334
905.903067,133.998066,153.140646,-9418.149754
905.903695,153.140646,133.998066,-9399.007173
905.904322,38.285162,114.855485,-9418.149754
905.904950,133.998066,114.855485,-9418.149754
905.905577,95.712904,133.998066,-9360.722011
905.906205,76.570323,210.568389,-9475.577496
905.906832,76.570323,114.855485,-9437.292334
905.907459,133.998066,153.140646,-9475.577496
905.908087,38.285162,172.283227,-9418.149754
905.908714,133.998066,172.283227,-9418.149754
905.909342,76.570323,114.855485,-9418.149754
905.909969,76.570323,172.283227,-9418.149754
905.910597,95.712904,172.283227,-9360.722011
905.911224,133.998066,114.855485,-9418.149754
905.911851,114.855485,172.283227,-9418.149754
905.912479,76.570323,114.855485,-9418.149754
905.913106,38.285162,114.855485,-9418.149754
905.913733,114.855485,95.712904,-9399.007173
905.914361,76.570323,153.140646,-9360.722011
905.914988,95.712904,172.283227,-9437.292334
905.915615,76.570323,114.855485,-9418.149754
905.916242,133.998066,114.855485,-9418.149754
905.916870,133.998066,114.855485,-9437.292334
905.917497,95.712904,114.855485,-9379.864592
905.918124,76.570323,114.855485,-9418.149754
905.918752,76.570323,114.855485,-9418.149754
905.919379,76.570323,114.855485,-9456.434915
905.920006,133.998066,114.855485,-9418.149754
905.920634,95.712904,95.712904,-9399.007173
905.921261,38.285162,114.855485,-9437.292334
905.921888,38.285162,114.855485,-9437.292334
905.922516,133.998066,114.855485,-9437.292334
905.923143,76.570323,114.855485,-9456.434915
905.923770,95.712904,114.855485,-9456.434915
905.924398,133.998066,114.855485,-9418.149754
905.925025,153.140646,133.998066,-9399.007173
905.925652,76.570323,153.140646,-9418.149754
905.926280,76.570323,172.283227,-9456.434915
905.926907,76.570323,114.855485,-9437.292334
905.927534,76.570323,114.855485,-9494.720077
905.928161,153.140646,172.283227,-9399.007173
905.928789,133.998066,114.855485,-9418.149754
905.929416,172.283227,133.998066,-9418.149754
905.930043,153.140646,133.998066,-9456.434915
905.930671,38.285162,153.140646,-9437.292334
905.931298,153.140646,153.140646,-9494.720077
905.931925,76.570323,172.283227,-9475.577496
905.932553,76.570323,210.568389,-9418.149754
905.933180,133.998066,153.140646,-9533.005238
905.933807,76.570323,114.855485,-9456.434915
905.934435,76.570323,114.855485,-9418.149754
905.935062,38.285162,114.855485,-9437.292334
905.935689,38.285162,114.855485,-9418.149754
905.936317,57.427742,95.712904,-9399.007173
905.936944,76.570323,191.425808,-9437.292334
905.937571,76.570323,153.140646,-9418.149754
905.938198,38.285162,114.855485,-9418.149754
905.938826,95.712904,153.140646,-9418.149754
905.939453,133.998066,153.140646,-9418.149754
905.940080,133.998066,133.998066,-9456.434915
905.940708,133.998066,153.140646,-9418.149754
905.941335,76.570323,114.855485,-9456.434915
905.941962,76.570323,114.855485,-9418.149754
905.942590,19.142581,114.855485,-9494.720077
905.943217,76.570323,114.855485,-9475.577496
905.943844,95.712904,95.712904,-9399.007173
905.944472,38.285162,172.283227,-9418.149754
905.945099,76.570323,172.283227,-9418.149754
905.945726,133.998066,172.283227,-9475.577496
905.946354,133.998066,114.855485,-9437.292334
905.946981,76.570323,114.855485,-9437.292334
905.947608,133.998066,191.425808,-9418.149754
905.948235,133.998066,133.998066,-9399.007173
905.948863,76.570323,172.283227,-9456.434915
905.949490,133.998066,114.855485,-9494.720077
905.950117,153.140646,133.998066,-9399.007173
905.950745,95.712904,95.712904,-9399.007173
905.951372,76.570323,114.855485,-9418.149754
905.951999,133.998066,172.283227,-9418.149754
905.952627,153.140646,133.998066,-9437.292334
905.953254,76.570323,114.855485,-9437.292334
905.953881,76.570323,114.855485,-9418.149754
905.954509,133.998066,114.855485,-9456.434915
905.955136,38.285162,172.283227,-9437.292334
905.955763,133.998066,114.855485,-9418.149754
905.956391,133.998066,172.283227,-9437.292334
905.957018,19.142581,114.855485,-9437.292334
905.957645,76.570323,114.855485,-9437.292334
905.958272,76.570323,114.855485,-9418.149754
905.958900,38.285162,172.283227,-9418.149754
905.959527,153.140646,172.283227,-9456.434915
905.960154,133.998066,172.283227,-9437.292334
905.960782,38.285162,172.283227,-9418.149754
905.961409,133.998066,133.998066,-9399.007173
905.962036,76.570323,191.425808,-9360.722011
905.962664,95.712904,114.855485,-9418.149754
905.963291,133.998066,133.998066,-9399.007173
905.963918,38.285162,153.140646,-9418.149754
905.964546,133.998066,153.140646,-9418.149754
905.965173,95.712904,210.568389,-9437.292334
905.965800,76.570323,114.855485,-9418.149754
905.966428,76.570323,153.140646,-9437.292334
905.967055,133.998066,153.140646,-9475.577496
905.967682,133.998066,114.855485,-9418.149754
905.968309,133.998066,114.855485,-9437.292334
905.968937,133.998066,114.855485,-9418.149754
905.969564,38.285162,133.998066,-9360.722011
905.970191,95.712904,114.855485,-9418.149754
905.970819,0.000000,133.998066,-9360.722011
905.971446,133.998066,153.140646,-9437.292334
905.972073,76.570323,114.855485,-9475.577496
905.972701,133.998066,172.283227,-9418.149754
905.973328,133.998066,114.855485,-9418.149754
905.973955,95.712904,133.998066,-9360.722011
905.974583,76.570323,114.855485,-9418.149754
905.975210,76.570323,114.855485,-9418.149754
905.975837,76.570323,114.855485,-9418.149754
905.976465,172.283227,76.570323,-9418.149754
905.977092,153.140646,172.283227,-9456.434915
905.977719,153.140646,210.568389,-9418.149754
905.978347,38.285162,114.855485,-9456.434915
905.978974,76.570323,114.855485,-9437.292334
905.979601,95.712904,114.855485,-9494.720077
905.980228,38.285162,191.425808,-9418.149754
905.980856,133.998066,153.140646,-9456.434915
905.981483,133.998066,210.568389,-9437.292334
905.982110,76.570323,133.998066,-9360.722011
905.982738,133.998066,172.283227,-9437.292334
905.983365,133.998066,114.855485,-9475.577496
905.983992,133.998066,114.855485,-9437.292334
905.984620,133.998066,114.855485,-9456.434915
905.985247,38.285162,172.283227,-9418.149754
905.985874,133.998066,191.425808,-9418.149754
905.986502,76.570323,114.855485,-9418.149754
905.987129,133.998066,172.283227,-9418.149754
905.987756,133.998066,114.855485,-9418.149754
905.988384,95.712904,153.140646,-9360.722011
905.989011,114.855485,191.425808,-9360.722011
905.989638,114.855485,191.425808,-9418.149754
905.990265,95.712904,172.283227,-9437.292334
905.990893,133.998066,114.855485,-9418.149754
905.991520,133.998066,114.855485,-9418.149754
905.992147,133.998066,114.855485,-9418.149754
905.992775,76.570323,114.855485,-9418.149754
905.993402,133.998066,133.998066,-9399.007173
905.994029,76.570323,114.855485,-9418.149754
905.994657,76.570323,172.283227,-9456.434915
905.995284,133.998066,172.283227,-9437.292334
905.995911,153.140646,133.998066,-9399.007173
905.996539,133.998066,114.855485,-9456.434915
905.997166,76.570323,114.855485,-9418.149754
905.997793,76.570323,210.568389,-9437.292334
905.998421,153.140646,133.998066,-9437.292334
905.999048,38.285162,172.283227,-9437.292334
905.999675,38.285162,114.855485,-9475.577496
906.000302,133.998066,172.283227,-9437.292334
906.000930,133.998066,172.283227,-9437.292334
906.001557,76.570323,153.140646,-9437.292334
906.002184,133.998066,133.998066,-9399.007173
906.002812,76.570323,114.855485,-9418.149754
906.003439,114.855485,287.138712,-9399.007173
906.004066,133.998066,114.855485,-9418.149754
906.004694,133.998066,133.998066,-9456.434915
906.005321,114.855485,95.712904,-9456.434915
906.005948,38.285162,114.855485,-9418.149754
906.006576,153.140646,153.140646,-9399.007173
906.007203,76.570323,114.855485,-9360.722011
906.007830,172.283227,114.855485,-9379.864592
906.008458,133.998066,210.568389,-9418.149754
906.009085,76.570323,153.140646,-9418.149754
906.009712,133.998066,133.998066,-9399.007173
906.010339,76.570323,153.140646,-9418.149754
906.010967,133.998066,153.140646,-9418.149754
906.011594,133.998066,114.855485,-9418.149754
906.012221,76.570323,114.855485,-9418.149754
906.012849,38.285162,172.283227,-9437.292334
906.013476,76.570323,172.283227,-9418.149754
906.014103,95.712904,229.710970,-9399.007173
906.014731,76.570323,114.855485,-9418.149754
906.015358,76.570323,114.855485,-9456.434915
906.015985,76.570323,114.855485,-9418.149754
906.016613,57.427742,114.855485,-9418.149754
906.017240,133.998066,114.855485,-9437.292334
906.017867,76.570323,172.283227,-9418.149754
906.018494,76.570323,210.568389,-9418.149754
906.019122,114.855485,114.855485,-9456.434915
906.019749,153.140646,172.283227,-9399.007173
906.020376,76.570323,114.855485,-9494.720077
906.021004,76.570323,210.568389,-9418.149754
906.021631,76.570323,114.855485,-9456.434915
906.022258,76.570323,153.140646,-9437.292334
906.022885,76.570323,114.855485,-9418.149754
906.023513,133.998066,172.283227,-9418.149754
906.024140,133.998066,229.710970,-9456.434915
906.024767,153.140646,172.283227,-9437.292334
906.025395,133.998066,153.140646,-9418.149754
906.026022,76.570323,114.855485,-9418.149754
906.026649,76.570323,153.140646,-9418.149754
906.027276,133.998066,114.855485,-9456.434915
906.027904,133.998066,153.140646,-9399.007173
906.028531,95.712904,229.710970,-9399.007173
906.029158,76.570323,210.568389,-9418.149754
906.029786,76.570323,114.855485,-9437.292334
906.030413,38.285162,114.855485,-9437.292334
906.031040,133.998066,153.140646,-9418.149754
906.031667,133.998066,172.283227,-9456.434915
906.032295,76.570323,229.710970,-9418.149754
906.032922,133.998066,153.140646,-9418.149754
906.033549,133.998066,114.855485,-9475.577496
906.034177,57.427742,95.712904,-9399.007173
906.034804,38.285162,114.855485,-9418.149754
906.035431,57.427742,95.712904,-9399.007173
906.036058,114.855485,172.283227,-9418.149754
906.036686,38.285162,210.568389,-9418.149754
906.037313,153.140646,133.998066,-9456.434915
906.037940,133.998066,153.140646,-9418.149754
906.038568,114.855485,38.285162,-9399.007173
906.039195,114.855485,153.140646,-9418.149754
906.039822,114.855485,95.712904,-9399.007173
906.040449,76.570323,172.283227,-9418.149754
906.041077,0.000000,191.425808,-9360.722011
906.041704,133.998066,114.855485,-9418.149754
906.042331,38.285162,114.855485,-9418.149754
906.042959,95.712904,153.140646,-9456.434915
906.043586,76.570323,114.855485,-9418.149754
906.044213,76.570323,210.568389,-9418.149754
906.044840,95.712904,172.283227,-9360.722011
906.045468,76.570323,153.140646,-9418.149754
906.046095,133.998066,114.855485,-9437.292334
906.046722,133.998066,133.998066,-9437.292334
906.047350,95.712904,210.568389,-9418.149754
906.047977,76.570323,172.283227,-9418.149754
906.048604,153.140646,153.140646,-9399.007173
906.049231,76.570323,172.283227,-9418.149754
906.049859,76.570323,153.140646,-9418.149754
906.050486,95.712904,114.855485,-9418.149754
906.051113,153.140646,172.283227,-9399.007173
906.051741,114.855485,114.855485,-9399.007173
906.052368,133.998066,133.998066,-9399.007173
906.052995,133.998066,172.283227,-9399.007173
906.053622,133.998066,153.140646,-9437.292334
906.054250,76.570323,191.425808,-9475.577496
906.054877,95.712904,172.283227,-9456.434915
906.055504,76.570323,114.855485,-9418.149754
906.056132,153.140646,153.140646,-9399.007173
906.056759,76.570323,172.283227,-9418.149754
906.057386,38.285162,172.283227,-9418.149754
906.058014,114.855485,95.712904,-9399.007173
906.058641,133.998066,210.568389,-9418.149754
906.059268,76.570323,153.140646,-9418.149754
906.059895,114.855485,114.855485,-9379.864592
906.060523,133.998066,210.568389,-9418.149754
906.061150,133.998066,114.855485,-9418.149754
906.061777,95.712904,229.710970,-9399.007173
906.062405,76.570323,114.855485,-9418.149754
906.063032,133.998066,172.283227,-9418.149754
906.063659,76.570323,114.855485,-9437.292334
906.064286,172.283227,114.855485,-9379.864592
906.064914,76.570323,114.855485,-9475.577496
906.065541,114.855485,76.570323,-9437.292334
906.066168,133.998066,114.855485,-9475.577496
906.066796,133.998066,153.140646,-9437.292334
906.067423,76.570323,76.570323,-9379.864592
906.068050,95.712904,153.140646,-9418.149754
906.068677,153.140646,153.140646,-9418.149754
906.069305,57.427742,114.855485,-9418.149754
906.069932,133.998066,153.140646,-9437.292334
906.070559,76.570323,114.855485,-9437.292334
906.071187,76.570323,114.855485,-9456.434915
906.071814,38.285162,114.855485,-9437.292334
906.072441,76.570323,153.140646,-9418.149754
906.073068,38.285162,172.283227,-9418.149754
906.073696,76.570323,114.855485,-9418.149754
906.074323,57.427742,153.140646,-9360.722011
906.074950,95.712904,133.998066,-9418.149754
906.075578,133.998066,153.140646,-9418.149754
906.076205,114.855485,133.998066,-9360.722011
906.076832,133.998066,172.283227,-9494.720077
906.077459,95.712904,114.855485,-9456.434915
906.078087,133.998066,191.425808,-9437.292334
906.078714,76.570323,133.998066,-9360.722011
906.079341,133.998066,114.855485,-9456.434915
906.079969,76.570323,114.855485,-9418.149754
906.080596,95.712904,172.283227,-9418.149754
906.081223,76.570323,114.855485,-9456.434915
906.081850,76.570323,153.140646,-9437.292334
906.082478,95.712904,114.855485,-9418.149754
906.083105,133.998066,172.283227,-9456.434915
906.083732,38.285162,210.568389,-9418.149754
906.084360,210.568389,191.425808,-9399.007173
906.084987,153.140646,133.998066,-9494.720077
906.085614,76.570323,114.855485,-9456.434915
906.086241,133.998066,114.855485,-9533.005238
906.086869,76.570323,153.140646,-9456.434915
906.087496,76.570323,114.855485,-9418.149754
906.088123,76.570323,153.140646,-9418.149754
906.088751,114.855485,114.855485,-9456.434915
906.089378,76.570323,229.710970,-9437.292334
906.090005,133.998066,172.283227,-9418.149754
906.090632,76.570323,210.568389,-9418.149754
906.091260,76.570323,114.855485,-9418.149754
906.091887,133.998066,210.568389,-9456.434915
906.092514,153.140646,172.283227,-9494.720077
906.093142,76.570323,210.568389,-9418.149754
906.093769,19.142581,172.283227,-9418.149754
906.094396,76.570323,114.855485,-9418.149754
906.095023,38.285162,153.140646,-9456.434915
906.095651,133.998066,133.998066,-9399.007173
906.096278,114.855485,153.140646,-9360.722011
906.096905,95.712904,114.855485,-9437.292334
906.097533,133.998066,114.855485,-9418.149754
906.098160,133.998066,114.855485,-9418.149754
906.098787,133.998066,114.855485,-9437.292334
906.099414,76.570323,172.283227,-9418.149754
906.100042,95.712904,95.712904,-9399.007173
906.100669,95.712904,114.855485,-9418.149754
906.101296,76.570323,153.140646,-9456.434915
906.101924,133.998066,210.568389,-9418.149754
906.102551,133.998066,114.855485,-9456.434915
906.103178,133.998066,114.855485,-9418.149754
906.103805,133.998066,172.283227,-9418.149754
906.104433,133.998066,153.140646,-9418.149754
906.105060,95.712904,114.855485,-9399.007173
906.105687,76.570323,210.568389,-9418.149754
906.106315,76.570323,229.710970,-9418.149754
906.106942,38.285162,210.568389,-9456.434915
906.107569,76.570323,153.140646,-9418.149754
906.108196,133.998066,172.283227,-9418.149754
906.108824,38.285162,172.283227,-9456.434915
906.109451,57.427742,114.855485,-9494.720077
906.110078,38.285162,114.855485,-9418.149754
906.110706,95.712904,114.855485,-9418.149754
906.111333,76.570323,114.855485,-9437.292334
906.111960,133.998066,172.283227,-9418.149754
906.112587,76.570323,114.855485,-9437.292334
906.113215,114.855485,133.998066,-9360.722011
906.113842,133.998066,114.855485,-9418.149754
906.114469,95.712904,114.855485,-9456.434915
906.115097,76.570323,210.568389,-9494.720077
906.115724,133.998066,210.568389,-9418.149754
906.116351,76.570323,114.855485,-9418.149754
906.116978,38.285162,114.855485,-9418.149754
906.117606,133.998066,114.855485,-9533.005238
906.118233,153.140646,191.425808,-9399.007173
906.118861,76.570323,153.140646,-9418.149754
906.119488,133.998066,114.855485,-9475.577496
906.120116,133.998066,114.855485,-9437.292334
906.120743,133.998066,114.855485,-9418.149754
906.121371,133.998066,153.140646,-9399.007173
906.121998,133.998066,172.283227,-9437.292334
906.122626,133.998066,114.855485,-9456.434915
906.123253,114.855485,95.712904,-9399.007173
906.123880,114.855485,76.570323,-9418.149754
906.124508,153.140646,172.283227,-9399.007173
906.125135,114.855485,95.712904,-9399.007173
906.125763,95.712904,172.283227,-9418.149754
906.126390,76.570323,114.855485,-9418.149754
906.127018,38.285162,133.998066,-9418.149754
906.127645,76.570323,114.855485,-9475.577496
906.128273,133.998066,153.140646,-9418.149754
906.128900,153.140646,153.140646,-9399.007173
906.129528,133.998066,114.855485,-9418.149754
906.130155,76.570323,210.568389,-9475.577496
906.130783,76.570323,114.855485,-9418.149754
906.131410,76.570323,114.855485,-9418.149754
906.132037,133.998066,114.855485,-9456.434915
906.132665,114.855485,133.998066,-9360.722011
906.133292,153.140646,153.140646,-9399.007173
906.133920,76.570323,114.855485,-9437.292334
906.134547,38.285162,210.568389,-9418.149754
906.135175,57.427742,172.283227,-9360.722011
906.135802,76.570323,114.855485,-9418.149754
906.136430,57.427742,95.712904,-9399.007173
906.137057,57.427742,95.712904,-9399.007173
906.137685,172.283227,76.570323,-9418.149754
906.138312,76.570323,114.855485,-9360.722011
906.138939,133.998066,114.855485,-9418.149754
906.139567,76.570323,114.855485,-9437.292334
906.140194,95.712904,76.570323,-9418.149754
906.140822,133.998066,172.283227,-9418.149754
906.141449,133.998066,114.855485,-9418.149754
906.142077,133.998066,210.568389,-9418.149754
906.142704,95.712904,153.140646,-9437.292334
906.143332,76.570323,153.140646,-9418.149754
906.143959,153.140646,114.855485,-9418.149754
906.144587,133.998066,172.283227,-9418.149754
906.145214,133.998066,229.710970,-9418.149754
906.145842,95.712904,210.568389,-9475.577496
906.146469,76.570323,172.283227,-9418.149754
906.147096,133.998066,210.568389,-9418.149754
906.147724,133.998066,114.855485,-9456.434915
906.148351,38.285162,153.140646,-9437.292334
906.148979,76.570323,114.855485,-9418.149754
906.149606,133.998066,114.855485,-9475.577496
906.150234,153.140646,133.998066,-9456.434915
906.150861,133.998066,114.855485,-9437.292334
906.151489,133.998066,114.855485,-9437.292334
906.152116,95.712904,210.568389,-9418.149754
906.152744,38.285162,210.568389,-9418.149754
906.153371,133.998066,114.855485,-9437.292334
906.153999,133.998066,114.855485,-9418.149754
906.154626,114.855485,153.140646,-9360.722011
906.155253,76.570323,114.855485,-9418.149754
906.155881,76.570323,172.283227,-9418.149754
906.156508,76.570323,114.855485,-9418.149754
906.157136,133.998066,114.855485,-9418.149754
906.157763,133.998066,114.855485,-9418.149754
906.158391,133.998066,114.855485,-9456.434915
906.159018,76.570323,114.855485,-9475.577496
906.159646,133.998066,153.140646,-9418.149754
906.160273,133.998066,153.140646,-9418.149754
906.160901,133.998066,114.855485,-9437.292334
906.161528,133.998066,114.855485,-9418.149754
906.162155,76.570323,172.283227,-9418.149754
906.162783,95.712904,133.998066,-9418.149754
906.163410,38.285162,114.855485,-9475.577496
906.164038,38.285162,114.855485,-9418.149754
906.164665,114.855485,133.998066,-9360.722011
906.165293,133.998066,133.998066,-9456.434915
906.165920,153.140646,114.855485,-9437.292334
906.166548,133.998066,114.855485,-9418.149754
906.167175,133.998066,133.998066,-9399.007173
906.167803,38.285162,114.855485,-9418.149754
906.168430,95.712904,114.855485,-9399.007173
906.169058,95.712904,95.712904,-9399.007173
906.169685,133.998066,114.855485,-9360.722011
906.170312,57.427742,172.283227,-9360.722011
906.170940,133.998066,114.855485,-9437.292334
906.171567,95.712904,114.855485,-9456.434915
906.172195,133.998066,114.855485,-9418.149754
906.172822,114.855485,133.998066,-9418.149754
906.173450,114.855485,153.140646,-9360.722011
906.174077,133.998066,172.283227,-9418.149754
906.174705,76.570323,210.568389,-9494.720077
906.175332,133.998066,114.855485,-9475.577496
906.175960,19.142581,172.283227,-9418.149754
906.176587,76.570323,210.568389,-9418.149754
906.177215,95.712904,114.855485,-9418.149754
906.177842,133.998066,114.855485,-9418.149754
906.178469,133.998066,172.283227,-9418.149754
906.179097,133.998066,153.140646,-9418.149754
906.179724,76.570323,191.425808,-9418.149754
906.180352,38.285162,114.855485,-9418.149754
906.180979,38.285162,172.283227,-9418.149754
906.181607,133.998066,114.855485,-9418.149754
906.182234,76.570323,114.855485,-9437.292334
906.182862,38.285162,114.855485,-9418.149754
906.183489,95.712904,133.998066,-9360.722011
906.184117,38.285162,172.283227,-9533.005238
906.184744,76.570323,114.855485,-9437.292334
906.185371,133.998066,172.283227,-9418.149754
906.185999,95.712904,153.140646,-9418.149754
906.186626,76.570323,172.283227,-9418.149754
906.187254,133.998066,114.855485,-9437.292334
906.187881,133.998066,153.140646,-9437.292334
906.188509,76.570323,172.283227,-9418.149754
906.189136,76.570323,114.855485,-9418.149754
906.189764,76.570323,172.283227,-9418.149754
906.190391,76.570323,172.283227,-9418.149754
906.191019,76.570323,153.140646,-9418.149754
906.191646,76.570323,172.283227,-9418.149754
906.192274,76.570323,114.855485,-9418.149754
906.192901,133.998066,172.283227,-9456.434915
906.193528,133.998066,133.998066,-9437.292334
906.194156,76.570323,153.140646,-9418.149754
906.194783,95.712904,95.712904,-9399.007173
906.195411,38.285162,114.855485,-9437.292334
906.196038,76.570323,114.855485,-9533.005238
906.196666,57.427742,95.712904,-9399.007173
906.197293,133.998066,153.140646,-9437.292334
906.197921,76.570323,153.140646,-9437.292334
906.198548,38.285162,210.568389,-9418.149754
906.199176,133.998066,114.855485,-9418.149754
906.199803,76.570323,114.855485,-9456.434915
906.200431,133.998066,133.998066,-9437.292334
906.201058,76.570323,114.855485,-9456.434915
906.201685,76.570323,210.568389,-9418.149754
906.202313,76.570323,114.855485,-9418.149754
906.202940,95.712904,95.712904,-9437.292334
906.203568,76.570323,172.283227,-9418.149754
906.204195,95.712904,95.712904,-9456.434915
906.204823,76.570323,191.425808,-9418.149754
906.205450,95.712904,210.568389,-9418.149754
906.206078,133.998066,114.855485,-9418.149754
906.206705,76.570323,153.140646,-9475.577496
906.207333,38.285162,191.425808,-9418.149754
906.207960,76.570323,114.855485,-9399.007173
906.208587,133.998066,153.140646,-9418.149754
906.209215,38.285162,114.855485,-9418.149754
906.209842,57.427742,95.712904,-9456.434915
906.210470,76.570323,114.855485,-9360.722011
906.211097,57.427742,172.283227,-9437.292334
906.211725,38.285162,76.570323,-9399.007173
906.212352,38.285162,153.140646,-9475.577496
906.212980,133.998066,153.140646,-9418.149754
906.213607,38.285162,114.855485,-9418.149754
906.214235,133.998066,133.998066,-9399.007173
906.214862,57.427742,95.712904,-9399.007173
906.215490,133.998066,114.855485,-9437.292334
906.216117,76.570323,114.855485,-9475.577496
906.216744,133.998066,210.568389,-9533.005238
906.217372,133.998066,229.710970,-9437.292334
906.217999,76.570323,153.140646,-9418.149754
906.218627,76.570323,153.140646,-9418.149754
906.219254,76.570323,114.855485,-9475.577496
906.219882,133.998066,133.998066,-9399.007173
906.220509,95.712904,210.568389,-9418.149754
906.221137,133.998066,153.140646,-9437.292334
906.221764,38.285162,153.140646,-9437.292334
906.222392,133.998066,114.855485,-9456.434915
906.223019,95.712904,95.712904,-9399.007173
906.223646,95.712904,114.855485,-9418.149754
906.224274,76.570323,114.855485,-9456.434915
906.224901,38.285162,114.855485,-9437.292334
906.225528,95.712904,95.712904,-9399.007173
906.226156,57.427742,95.712904,-9399.007173
906.226783,76.570323,114.855485,-9418.149754
906.227411,114.855485,95.712904,-9399.007173
906.228038,133.998066,153.140646,-9475.577496
906.228665,133.998066,172.283227,-9418.149754
906.229293,133.998066,114.855485,-9456.434915
906.229920,133.998066,172.283227,-9437.292334
906.230548,57.427742,76.570323,-9379.864592
906.231175,38.285162,172.283227,-9418.149754
906.231802,133.998066,114.855485,-9475.577496
906.232430,76.570323,172.283227,-9418.149754
906.233057,76.570323,133.998066,-9418.149754
906.233684,76.570323,153.140646,-9418.149754
906.234312,76.570323,114.855485,-9437.292334
906.234939,76.570323,114.855485,-9418.149754
906.235567,133.998066,95.712904,-9360.722011
906.236194,76.570323,114.855485,-9418.149754
906.236821,95.712904,114.855485,-9475.577496
906.237449,95.712904,95.712904,-9494.720077
906.238076,76.570323,114.855485,-9418.149754
906.238703,133.998066,210.568389,-9418.149754
906.239331,153.140646,153.140646,-9399.007173
906.239958,133.998066,210.568389,-9418.149754
906.240586,76.570323,114.855485,-9437.292334
906.241213,76.570323,153.140646,-9456.434915
906.241840,95.712904,95.712904,-9399.007173
906.242468,95.712904,210.568389,-9418.149754
906.243095,76.570323,114.855485,-9418.149754
906.243723,95.712904,114.855485,-9418.149754
906.244350,95.712904,133.998066,-9360.722011
906.244977,76.570323,114.855485,-9418.149754
906.245605,114.855485,76.570323,-9418.149754
906.246232,76.570323,153.140646,-9418.149754
906.246859,76.570323,153.140646,-9418.149754
906.247487,95.712904,172.283227,-9418.149754
906.248114,95.712904,133.998066,-9360.722011
906.248742,38.285162,172.283227,-9456.434915
906.249369,76.570323,114.855485,-9456.434915
906.249996,133.998066,114.855485,-9418.149754
906.250624,133.998066,172.283227,-9418.149754
906.251251,76.570323,172.283227,-9533.005238
906.251878,76.570323,114.855485,-9475.577496
906.252506,133.998066,191.425808,-9437.292334
906.253133,153.140646,133.998066,-9437.292334
906.253761,153.140646,133.998066,-9456.434915
906.254388,38.285162,114.855485,-9418.149754
906.255015,76.570323,114.855485,-9418.149754
906.255643,95.712904,114.855485,-9456.434915
906.256270,153.140646,191.425808,-9456.434915
906.256897,153.140646,172.283227,-9399.007173
906.257525,133.998066,229.710970,-9494.720077
906.258152,38.285162,172.283227,-9475.577496
906.258780,133.998066,153.140646,-9475.577496
906.259407,76.570323,172.283227,-9437.292334
906.260034,76.570323,114.855485,-9437.292334
906.260662,133.998066,153.140646,-9437.292334
906.261289,114.855485,95.712904,-9399.007173
906.261917,133.998066,114.855485,-9437.292334
906.262544,133.998066,210.568389,-9437.292334
906.263171,114.855485,76.570323,-9418.149754
906.263799,38.285162,114.855485,-9418.149754
906.264426,76.570323,172.283227,-9437.292334
906.265053,153.140646,133.998066,-9399.007173
906.265681,76.570323,114.855485,-9418.149754
906.266308,133.998066,114.855485,-9418.149754
906.266936,76.570323,172.283227,-9418.149754
906.267563,133.998066,114.855485,-9418.149754
906.268190,76.570323,114.855485,-9418.149754
906.268818,76.570323,114.855485,-9437.292334
906.269445,133.998066,191.425808,-9475.577496
906.270072,38.285162,114.855485,-9456.434915
906.270700,210.568389,133.998066,-9399.007173
906.271327,133.998066,133.998066,-9399.007173
906.271955,38.285162,153.140646,-9418.149754
906.272582,76.570323,114.855485,-9456.434915
906.273209,38.285162,114.855485,-9456.434915
906.273837,95.712904,172.283227,-9533.005238
906.274464,76.570323,114.855485,-9418.149754
906.275092,57.427742,133.998066,-9360.722011
906.275719,76.570323,114.855485,-9418.149754
906.276346,133.998066,153.140646,-9418.149754
906.276974,133.998066,114.855485,-9418.149754
906.277601,133.998066,172.283227,-9418.149754
906.278228,153.140646,133.998066,-9399.007173
906.278856,76.570323,114.855485,-9456.434915
906.279483,153.140646,133.998066,-9399.007173
906.280111,76.570323,133.998066,-9360.722011
906.280738,153.140646,133.998066,-9456.434915
906.281365,153.140646,133.998066,-9399.007173
906.281993,95.712904,95.712904,-9475.577496
906.282620,95.712904,114.855485,-9456.434915
906.283247,153.140646,153.140646,-9399.007173
906.283875,19.142581,114.855485,-9418.149754
906.284502,76.570323,114.855485,-9437.292334
906.285130,133.998066,153.140646,-9418.149754
906.285757,133.998066,172.283227,-9437.292334
906.286384,153.140646,133.998066,-9399.007173
906.287012,76.570323,153.140646,-9418.149754
906.287639,133.998066,153.140646,-9456.434915
906.288266,153.140646,153.140646,-9418.149754
906.288894,95.712904,133.998066,-9360.722011
906.289521,133.998066,172.283227,-9494.720077
906.290149,153.140646,172.283227,-9399.007173
906.290776,76.570323,114.855485,-9418.149754
906.291403,95.712904,153.140646,-9360.722011
906.292031,133.998066,114.855485,-9418.149754
906.292658,76.570323,114.855485,-9437.292334
906.293286,133.998066,114.855485,-9437.292334
906.293913,76.570323,153.140646,-9533.005238
906.294540,133.998066,153.140646,-9437.292334
906.295168,210.568389,172.283227,-9399.007173
906.295795,153.140646,133.998066,-9399.007173
906.296422,114.855485,153.140646,-9418.149754
906.297050,153.140646,133.998066,-9379.864592
906.297677,172.283227,76.570323,-9418.149754
906.298305,133.998066,172.283227,-9418.149754
906.298932,76.570323,114.855485,-9418.149754
906.299559,114.855485,95.712904,-9399.007173
906.300187,133.998066,114.855485,-9437.292334
906.300814,114.855485,114.855485,-9437.292334
906.301441,38.285162,229.710970,-9456.434915
906.302069,38.285162,210.568389,-9437.292334
906.302696,133.998066,210.568389,-9475.577496
906.303324,133.998066,172.283227,-9456.434915
906.303951,95.712904,95.712904,-9399.007173
906.304578,76.570323,114.855485,-9418.149754
906.305206,153.140646,133.998066,-9399.007173
906.305833,76.570323,114.855485,-9437.292334
906.306461,133.998066,172.283227,-9418.149754
906.307088,153.140646,191.425808,-9399.007173
906.307715,133.998066,172.283227,-9418.149754
906.308343,114.855485,114.855485,-9379.864592
906.308970,76.570323,114.855485,-9418.149754
906.309597,38.285162,114.855485,-9418.149754
906.310225,76.570323,172.283227,-9418.149754
906.310852,76.570323,153.140646,-9418.149754
906.311480,38.285162,172.283227,-9437.292334
906.312107,133.998066,210.568389,-9437.292334
906.312734,95.712904,153.140646,-9418.149754
906.313362,38.285162,114.855485,-9418.149754
906.313989,57.427742,114.855485,-9418.149754
906.314616,114.855485,95.712904,-9456.434915
906.315244,76.570323,114.855485,-9418.149754
906.315871,38.285162,114.855485,-9418.149754
906.316499,133.998066,172.283227,-9418.149754
906.317126,133.998066,172.283227,-9418.149754
906.317753,76.570323,114.855485,-9456.434915
906.318381,76.570323,172.283227,-9494.720077
906.319008,95.712904,172.283227,-9418.149754
906.319635,114.855485,133.998066,-9360.722011
906.320263,153.140646,172.283227,-9494.720077
906.320890,153.140646,133.998066,-9399.007173
906.321518,76.570323,114.855485,-9418.149754
906.322145,95.712904,114.855485,-9418.149754
906.322772,133.998066,114.855485,-9418.149754
906.323400,133.998066,114.855485,-9437.292334
906.324027,76.570323,114.855485,-9399.007173
906.324654,153.140646,172.283227,-9456.434915
906.325282,76.570323,153.140646,-9418.149754
906.325909,57.427742,133.998066,-9418.149754
906.326536,133.998066,210.568389,-9437.292334
906.327164,153.140646,172.283227,-9494.720077
906.327791,76.570323,114.855485,-9437.292334
906.328418,76.570323,114.855485,-9418.149754
906.329046,95.712904,95.712904,-9399.007173
906.329673,133.998066,114.855485,-9437.292334
906.330300,76.570323,114.855485,-9418.149754
906.330928,76.570323,114.855485,-9418.149754
906.331555,38.285162,114.855485,-9456.434915
906.332182,38.285162,114.855485,-9456.434915
906.332810,76.570323,172.283227,-9418.149754
906.333437,95.712904,133.998066,-9360.722011
906.334065,76.570323,114.855485,-9475.577496
906.334692,133.998066,114.855485,-9475.577496
906.335319,133.998066,172.283227,-9475.577496
906.335947,133.998066,153.140646,-9437.292334
906.336574,153.140646,133.998066,-9399.007173
906.337201,38.285162,114.855485,-9418.149754
906.337829,76.570323,114.855485,-9475.577496
906.338456,76.570323,153.140646,-9456.434915
906.339083,76.570323,153.140646,-9418.149754
906.339711,133.998066,114.855485,-9456.434915
906.340338,153.140646,133.998066,-9399.007173
906.340965,76.570323,114.855485,-9456.434915
906.341593,114.855485,76.570323,-9533.005238
906.342220,133.998066,153.140646,-9533.005238
906.342847,133.998066,114.855485,-9418.149754
906.343475,153.140646,153.140646,-9456.434915
906.344102,76.570323,210.568389,-9437.292334
906.344729,38.285162,114.855485,-9418.149754
906.345357,76.570323,114.855485,-9418.149754
906.345984,133.998066,172.283227,-9418.149754
906.346611,76.570323,114.855485,-9475.577496
906.347239,76.570323,114.855485,-9437.292334
906.347866,76.570323,114.855485,-9418.149754
906.348493,114.855485,95.712904,-9399.007173
906.349121,76.570323,114.855485,-9418.149754
906.349748,38.285162,114.855485,-9418.149754
906.350375,76.570323,114.855485,-9437.292334
906.351003,38.285162,172.283227,-9418.149754
906.351630,133.998066,114.855485,-9418.149754
906.352257,76.570323,114.855485,-9437.292334
906.352885,38.285162,114.855485,-9418.149754
906.353512,133.998066,114.855485,-9418.149754
906.354139,38.285162,114.855485,-9418.149754
906.354767,76.570323,153.140646,-9418.149754
906.355394,76.570323,114.855485,-9475.577496
906.356021,95.712904,229.710970,-9456.434915
906.356649,133.998066,114.855485,-9418.149754
906.357276,133.998066,133.998066,-9399.007173
906.357903,76.570323,114.855485,-9437.292334
906.358531,95.712904,114.855485,-9475.577496
906.359158,76.570323,114.855485,-9456.434915
906.359785,95.712904,114.855485,-9456.434915
906.360413,133.998066,114.855485,-9456.434915
906.361040,133.998066,114.855485,-9456.434915
906.361667,38.285162,114.855485,-9418.149754
906.362295,133.998066,114.855485,-9418.149754
906.362922,133.998066,114.855485,-9418.149754
906.363549,133.998066,114.855485,-9360.722011
906.364177,133.998066,172.283227,-9437.292334
906.364804,153.140646,133.998066,-9437.292334
906.365431,133.998066,172.283227,-9418.149754
906.366059,133.998066,133.998066,-9456.434915
906.366686,76.570323,153.140646,-9418.149754
906.367314,76.570323,114.855485,-9494.720077
906.367941,38.285162,153.140646,-9418.149754
906.368568,133.998066,172.283227,-9437.292334
906.369196,114.855485,95.712904,-9437.292334
906.369823,76.570323,153.140646,-9437.292334
906.370450,57.427742,95.712904,-9399.007173
906.371078,76.570323,114.855485,-9418.149754
906.371705,76.570323,229.710970,-9456.434915
906.372332,38.285162,210.568389,-9418.149754
906.372960,76.570323,210.568389,-9437.292334
906.373587,133.998066,153.140646,-9418.149754
906.374214,114.855485,95.712904,-9437.292334
906.374842,76.570323,114.855485,-9437.292334
906.375469,38.285162,114.855485,-9437.292334
906.376096,76.570323,172.283227,-9418.149754
906.376724,133.998066,114.855485,-9456.434915
906.377351,95.712904,172.283227,-9360.722011
906.377978,133.998066,153.140646,-9418.149754
906.378606,76.570323,114.855485,-9437.292334
906.379233,133.998066,172.283227,-9418.149754
906.379860,153.140646,133.998066,-9399.007173
906.380488,153.140646,133.998066,-9456.434915
906.381115,153.140646,133.998066,-9399.007173
906.381742,133.998066,114.855485,-9418.149754
906.382370,153.140646,153.140646,-9437.292334
906.382997,133.998066,172.283227,-9494.720077
906.383624,76.570323,172.283227,-9418.149754
906.384252,133.998066,153.140646,-9437.292334
906.384879,76.570323,114.855485,-9418.149754
906.385506,76.570323,172.283227,-9475.577496
906.386134,133.998066,191.425808,-9418.149754
906.386761,76.570323,114.855485,-9437.292334
906.387388,133.998066,114.855485,-9437.292334
906.388016,153.140646,191.425808,-9399.007173
906.388643,133.998066,172.283227,-9456.434915
906.389270,114.855485,133.998066,-9360.722011
906.389898,95.712904,153.140646,-9437.292334
906.390525,133.998066,114.855485,-9456.434915
906.391152,153.140646,133.998066,-9437.292334
906.391780,114.855485,133.998066,-9360.722011
906.392407,76.570323,210.568389,-9456.434915
906.393034,38.285162,114.855485,-9437.292334
906.393662,133.998066,114.855485,-9418.149754
906.394289,95.712904,133.998066,-9418.149754
906.394916,153.140646,76.570323,-9399.007173
906.395544,76.570323,114.855485,-9418.149754
906.396171,95.712904,114.855485,-9418.149754
906.396798,133.998066,133.998066,-9399.007173
906.397426,133.998066,114.855485,-9360.722011
906.398053,38.285162,153.140646,-9418.149754
906.398680,133.998066,114.855485,-9456.434915
906.399308,95.712904,172.283227,-9360.722011
906.399935,95.712904,153.140646,-9475.577496
906.400562,133.998066,172.283227,-9456.434915
906.401190,95.712904,114.855485,-9437.292334
906.401817,76.570323,172.283227,-9418.149754
906.402445,57.427742,133.998066,-9360.722011
906.403072,76.570323,153.140646,-9418.149754
906.403699,76.570323,114.855485,-9418.149754
906.404327,38.285162,153.140646,-9437.292334
906.404954,95.712904,172.283227,-9360.722011
906.405581,76.570323,210.568389,-9418.149754
906.406209,133.998066,191.425808,-9418.149754
906.406836,133.998066,153.140646,-9456.434915
906.407463,133.998066,114.855485,-9437.292334
906.408091,76.570323,114.855485,-9437.292334
906.408718,133.998066,172.283227,-9418.149754
906.409345,133.998066,114.855485,-9418.149754
906.409973,153.140646,133.998066,-9456.434915
906.410600,38.285162,114.855485,-9418.149754
906.411227,76.570323,172.283227,-9437.292334
906.411855,76.570323,229.710970,-9437.292334
906.412482,133.998066,153.140646,-9437.292334
906.413109,95.712904,95.712904,-9379.864592
906.413737,95.712904,133.998066,-9360.722011
906.414364,133.998066,114.855485,-9418.149754
906.414991,76.570323,114.855485,-9418.149754
906.415619,76.570323,153.140646,-9418.149754
906.416246,95.712904,95.712904,-9399.007173
906.416873,133.998066,114.855485,-9418.149754
906.417501,76.570323,114.855485,-9418.149754
906.418128,76.570323,114.855485,-9418.149754
906.418755,133.998066,114.855485,-9418.149754
906.419383,76.570323,95.712904,-9399.007173
906.420010,133.998066,114.855485,-9418.149754
906.420637,153.140646,153.140646,-9418.149754
906.421265,76.570323,153.140646,-9418.149754
906.421892,133.998066,114.855485,-9418.149754
906.422519,133.998066,114.855485,-9418.149754
906.423147,38.285162,172.283227,-9418.149754
906.423774,76.570323,153.140646,-9456.434915
906.424402,76.570323,153.140646,-9418.149754
906.425029,95.712904,95.712904,-9437.292334
906.425656,76.570323,114.855485,-9418.149754
906.426284,38.285162,114.855485,-9418.149754
906.426911,38.285162,114.855485,-9418.149754
906.427539,95.712904,172.283227,-9437.292334
906.428166,133.998066,153.140646,-9418.149754
906.428793,76.570323,114.855485,-9418.149754
906.429421,76.570323,114.855485,-9418.149754
906.430048,76.570323,114.855485,-9456.434915
906.430676,76.570323,114.855485,-9418.149754
906.431303,38.285162,172.283227,-9437.292334
906.431930,38.285162,114.855485,-9418.149754
906.432558,95.712904,114.855485,-9418.149754
906.433185,76.570323,210.568389,-9456.434915
906.433813,133.998066,172.283227,-9418.149754
906.434440,114.855485,76.570323,-9418.149754
906.435067,38.285162,114.855485,-9418.149754
906.435695,76.570323,114.855485,-9418.149754
906.436322,76.570323,114.855485,-9360.722011
906.436950,153.140646,114.855485,-9437.292334
906.437577,76.570323,114.855485,-9418.149754
906.438204,133.998066,153.140646,-9418.149754
906.438832,133.998066,133.998066,-9399.007173
906.439459,76.570323,114.855485,-9418.149754
906.440087,76.570323,114.855485,-9418.149754
906.440714,133.998066,153.140646,-9418.149754
906.441341,133.998066,153.140646,-9418.149754
906.441969,95.712904,248.853550,-9360.722011
906.442596,114.855485,114.855485,-9399.007173
906.443224,76.570323,172.283227,-9418.149754
906.443851,114.855485,133.998066,-9360.722011
906.444478,133.998066,153.140646,-9456.434915
906.445106,133.998066,114.855485,-9475.577496
906.445733,114.855485,95.712904,-9456.434915
906.446361,153.140646,133.998066,-9437.292334
906.446988,38.285162,114.855485,-9418.149754
906.447615,133.998066,153.140646,-9418.149754
906.448243,114.855485,95.712904,-9399.007173
906.448870,76.570323,153.140646,-9475.577496
906.449498,76.570323,114.855485,-9533.005238
906.450125,38.285162,172.283227,-9418.149754
906.450752,133.998066,133.998066,-9475.577496
906.451380,133.998066,210.568389,-9437.292334
906.452007,133.998066,114.855485,-9456.434915
906.452635,76.570323,114.855485,-9418.149754
906.453262,76.570323,114.855485,-9418.149754
906.453889,76.570323,114.855485,-9456.434915
906.454517,133.998066,114.855485,-9475.577496
906.455144,76.570323,114.855485,-9456.434915
906.455772,114.855485,95.712904,-9456.434915
906.456399,76.570323,153.140646,-9437.292334
906.457026,76.570323,114.855485,-9456.434915
906.457654,76.570323,114.855485,-9437.292334
906.458281,133.998066,114.855485,-9418.149754
906.458909,95.712904,95.712904,-9399.007173
906.459536,76.570323,114.855485,-9418.149754
906.460163,95.712904,172.283227,-9360.722011
906.460791,38.285162,172.283227,-9418.149754
906.461418,76.570323,114.855485,-9418.149754
906.462046,95.712904,153.140646,-9418.149754
906.462673,76.570323,114.855485,-9418.149754
906.463300,133.998066,114.855485,-9418.149754
906.463928,95.712904,172.283227,-9360.722011
906.464555,133.998066,114.855485,-9475.577496
906.465183,76.570323,114.855485,-9456.434915
906.465810,76.570323,114.855485,-9418.149754
906.466437,133.998066,172.283227,-9475.577496
906.467065,133.998066,114.855485,-9437.292334
906.467692,76.570323,114.855485,-9456.434915
906.468320,133.998066,114.855485,-9418.149754
906.468947,76.570323,172.283227,-9456.434915
906.469574,133.998066,172.283227,-9399.007173
906.470202,76.570323,153.140646,-9418.149754
906.470829,133.998066,210.568389,-9437.292334
906.471457,133.998066,114.855485,-9456.434915
906.472084,153.140646,133.998066,-9437.292334
906.472711,38.285162,172.283227,-9456.434915
906.473339,38.285162,114.855485,-9475.577496
906.473966,76.570323,114.855485,-9456.434915
906.474594,95.712904,114.855485,-9418.149754
906.475221,133.998066,210.568389,-9437.292334
906.475848,95.712904,153.140646,-9437.292334
906.476476,153.140646,172.283227,-9399.007173
906.477103,76.570323,114.855485,-9418.149754
906.477731,133.998066,114.855485,-9418.149754
906.478358,76.570323,114.855485,-9456.434915
906.478985,133.998066,114.855485,-9418.149754
906.479613,76.570323,114.855485,-9418.149754
906.480240,172.283227,153.140646,-9379.864592
906.480868,133.998066,153.140646,-9418.149754
906.481495,114.855485,133.998066,-9437.292334
906.482122,133.998066,114.855485,-9418.149754
906.482750,114.855485,210.568389,-9360.722011
906.483377,57.427742,114.855485,-9418.149754
906.484005,57.427742,95.712904,-9399.007173
906.484632,133.998066,210.568389,-9418.149754
906.485259,38.285162,210.568389,-9418.149754
906.485887,133.998066,153.140646,-9437.292334
906.486514,133.998066,114.855485,-9437.292334
906.487142,133.998066,210.568389,-9418.149754
906.487769,133.998066,210.568389,-9418.149754
906.488396,95.712904,153.140646,-9456.434915
906.489024,95.712904,153.140646,-9360.722011
906.489651,76.570323,172.283227,-9437.292334
906.490279,95.712904,114.855485,-9418.149754
906.490906,76.570323,114.855485,-9418.149754
906.491533,133.998066,172.283227,-9456.434915
906.492161,133.998066,114.855485,-9437.292334
906.492788,133.998066,153.140646,-9456.434915
906.493416,133.998066,133.998066,-9437.292334
906.494043,57.427742,133.998066,-9360.722011
906.494670,133.998066,114.855485,-9418.149754
906.495298,76.570323,114.855485,-9418.149754
906.495925,133.998066,210.568389,-9475.577496
906.496553,133.998066,114.855485,-9437.292334
906.497180,133.998066,114.855485,-9418.149754
906.497807,133.998066,210.568389,-9418.149754
906.498435,76.570323,153.140646,-9418.149754
906.499062,57.427742,172.283227,-9418.149754
906.499690,57.427742,210.568389,-9418.149754
906.500317,133.998066,153.140646,-9437.292334
906.500944,133.998066,153.140646,-9418.149754
906.501572,133.998066,114.855485,-9475.577496
906.502199,133.998066,114.855485,-9437.292334
906.502827,153.140646,133.998066,-9437.292334
906.503454,133.998066,172.283227,-9437.292334
906.504081,172.283227,76.570323,-9437.292334
906.504709,210.568389,133.998066,-9456.434915
906.505336,76.570323,114.855485,-9418.149754
906.505964,95.712904,153.140646,-9418.149754
906.506591,76.570323,153.140646,-9418.149754
906.507218,76.570323,114.855485,-9437.292334
906.507846,95.712904,95.712904,-9437.292334
906.508473,38.285162,172.283227,-9418.149754
906.509101,114.855485,95.712904,-9399.007173
906.509728,153.140646,133.998066,-9399.007173
906.510355,76.570323,172.283227,-9418.149754
906.510983,19.142581,172.283227,-9399.007173
906.511610,95.712904,153.140646,-9437.292334
906.512238,76.570323,172.283227,-9418.149754
906.512865,76.570323,153.140646,-9418.149754
906.513492,95.712904,114.855485,-9418.149754
906.514120,133.998066,114.855485,-9418.149754
906.514747,76.570323,114.855485,-9418.149754
906.515375,76.570323,114.855485,-9418.149754
906.516002,133.998066,114.855485,-9418.149754
906.516629,133.998066,114.855485,-9494.720077
906.517257,76.570323,114.855485,-9418.149754
906.517884,76.570323,114.855485,-9418.149754
906.518512,114.855485,95.712904,-9456.434915
906.519139,76.570323,172.283227,-9475.577496
906.519766,95.712904,210.568389,-9418.149754
906.520394,133.998066,114.855485,-9437.292334
906.521021,95.712904,114.855485,-9456.434915
906.521649,133.998066,191.425808,-9456.434915
906.522276,76.570323,114.855485,-9418.149754
906.522903,133.998066,210.568389,-9456.434915
906.523531,153.140646,191.425808,-9399.007173
906.524158,153.140646,191.425808,-9399.007173
906.524785,133.998066,172.283227,-9437.292334
906.525413,153.140646,133.998066,-9399.007173
906.526040,153.140646,153.140646,-9418.149754
906.526668,172.283227,95.712904,-9399.007173
906.527295,133.998066,191.425808,-9456.434915
906.527922,133.998066,172.283227,-9437.292334
906.528550,76.570323,210.568389,-9418.149754
906.529177,133.998066,172.283227,-9418.149754
906.529804,133.998066,114.855485,-9456.434915
906.530432,38.285162,114.855485,-9418.149754
906.531059,57.427742,172.283227,-9360.722011
906.531686,133.998066,172.283227,-9418.149754
906.532314,76.570323,153.140646,-9418.149754
906.532941,133.998066,172.283227,-9418.149754
906.533569,95.712904,153.140646,-9418.149754
906.534196,133.998066,114.855485,-9418.149754
906.534823,95.712904,114.855485,-9437.292334
906.535451,76.570323,172.283227,-9475.577496
906.536078,76.570323,114.855485,-9456.434915
906.536705,133.998066,210.568389,-9418.149754
906.537333,76.570323,172.283227,-9437.292334
906.537960,76.570323,114.855485,-9418.149754
906.538587,114.855485,153.140646,-9360.722011
906.539215,76.570323,114.855485,-9494.720077
906.539842,38.285162,114.855485,-9456.434915
906.540470,133.998066,114.855485,-9418.149754
906.541097,76.570323,114.855485,-9360.722011
906.541724,95.712904,172.283227,-9418.149754
906.542352,95.712904,95.712904,-9494.720077
906.542979,133.998066,114.855485,-9418.149754
906.543606,76.570323,114.855485,-9418.149754
906.544234,133.998066,153.140646,-9418.149754
906.544861,133.998066,114.855485,-9418.149754
906.545488,133.998066,114.855485,-9418.149754
906.546116,133.998066,114.855485,-9475.577496
906.546743,133.998066,153.140646,-9418.149754
906.547371,76.570323,114.855485,-9418.149754
906.547998,95.712904,95.712904,-9399.007173
906.548625,133.998066,114.855485,-9418.149754
906.549253,76.570323,114.855485,-9456.434915
906.549880,38.285162,172.283227,-9418.149754
906.550507,76.570323,114.855485,-9475.577496
906.551135,76.570323,114.855485,-9437.292334
906.551762,76.570323,153.140646,-9418.149754
906.552389,95.712904,114.855485,-9360.722011
906.553017,133.998066,172.283227,-9399.007173
906.553644,38.285162,114.855485,-9418.149754
906.554272,76.570323,172.283227,-9418.149754
906.554899,153.140646,114.855485,-9456.434915
906.555526,95.712904,153.140646,-9418.149754
906.556154,133.998066,153.140646,-9418.149754
906.556781,76.570323,114.855485,-9418.149754
906.557408,76.570323,172.283227,-9418.149754
906.558036,133.998066,114.855485,-9418.149754
906.558663,133.998066,248.853550,-9399.007173
906.559290,38.285162,114.855485,-9418.149754
906.559918,114.855485,153.140646,-9360.722011
906.560545,38.285162,114.855485,-9418.149754
906.561173,76.570323,114.855485,-9418.149754
906.561800,38.285162,114.855485,-9418.149754
906.562427,133.998066,114.855485,-9456.434915
906.563055,76.570323,114.855485,-9418.149754
906.563682,76.570323,114.855485,-9418.149754
906.564309,0.000000,95.712904,-9399.007173
906.564937,133.998066,172.283227,-9418.149754
906.565564,133.998066,133.998066,-9399.007173
906.566191,153.140646,133.998066,-9399.007173
906.566819,76.570323,172.283227,-9418.149754
906.567446,76.570323,153.140646,-9418.149754
906.568074,95.712904,95.712904,-9456.434915
906.568701,114.855485,95.712904,-9399.007173
906.569328,76.570323,153.140646,-9418.149754
906.569956,76.570323,172.283227,-9418.149754
906.570583,76.570323,172.283227,-9456.434915
906.571210,114.855485,95.712904,-9437.292334
906.571838,76.570323,114.855485,-9418.149754
906.572465,76.570323,153.140646,-9418.149754
906.573092,133.998066,114.855485,-9418.149754
906.573720,57.427742,133.998066,-9360.722011
906.574347,38.285162,114.855485,-9418.149754
906.574975,76.570323,114.855485,-9418.149754
906.575602,133.998066,76.570323,-9379.864592
906.576229,76.570323,172.283227,-9418.149754
906.576857,76.570323,191.425808,-9418.149754
906.577484,133.998066,153.140646,-9418.149754
906.578111,76.570323,172.283227,-9475.577496
906.578739,153.140646,133.998066,-9399.007173
906.579366,133.998066,153.140646,-9418.149754
906.579993,153.140646,133.998066,-9399.007173
906.580621,76.570323,172.283227,-9475.577496
906.581248,133.998066,114.855485,-9418.149754
906.581875,76.570323,114.855485,-9418.149754
906.582503,76.570323,114.855485,-9418.149754
906.583130,76.570323,114.855485,-9475.577496
906.583758,38.285162,153.140646,-9437.292334
906.584385,133.998066,172.283227,-9475.577496
906.585012,133.998066,172.283227,-9418.149754
906.585640,76.570323,133.998066,-9360.722011
906.586267,133.998066,114.855485,-9418.149754
906.586894,76.570323,172.283227,-9456.434915
906.587522,76.570323,114.855485,-9418.149754
906.588149,38.285162,114.855485,-9418.149754
906.588776,133.998066,114.855485,-9418.149754
906.589404,133.998066,172.283227,-9399.007173
906.590031,38.285162,210.568389,-9418.149754
906.590659,153.140646,133.998066,-9399.007173
906.591286,95.712904,114.855485,-9418.149754
906.591913,133.998066,114.855485,-9418.149754
906.592541,76.570323,114.855485,-9418.149754
906.593168,153.140646,191.425808,-9399.007173
906.593795,38.285162,114.855485,-9418.149754
906.594423,133.998066,210.568389,-9437.292334
906.595050,76.570323,153.140646,-9437.292334
906.595677,133.998066,114.855485,-9475.577496
906.596305,76.570323,114.855485,-9437.292334
906.596932,133.998066,114.855485,-9418.149754
906.597560,76.570323,114.855485,-9418.149754
906.598187,76.570323,95.712904,-9494.720077
906.598814,95.712904,95.712904,-9399.007173
906.599442,38.285162,114.855485,-9475.577496
906.600069,38.285162,172.283227,-9456.434915
906.600696,76.570323,114.855485,-9437.292334
906.601324,76.570323,172.283227,-9418.149754
906.601951,76.570323,114.855485,-9456.434915
906.602578,133.998066,114.855485,-9456.434915
906.603206,76.570323,114.855485,-9418.149754
906.603833,133.998066,114.855485,-9418.149754
906.604461,76.570323,172.283227,-9418.149754
906.605088,133.998066,172.283227,-9418.149754
906.605715,153.140646,133.998066,-9494.720077
906.606343,95.712904,133.998066,-9360.722011
906.606970,38.285162,114.855485,-9437.292334
906.607597,114.855485,95.712904,-9399.007173
906.608225,133.998066,172.283227,-9418.149754
906.608852,95.712904,172.283227,-9418.149754
906.609479,153.140646,172.283227,-9399.007173
906.610107,76.570323,114.855485,-9418.149754
906.610734,57.427742,172.283227,-9418.149754
906.611362,95.712904,172.283227,-9418.149754
906.611989,133.998066,76.570323,-9379.864592
906.612616,210.568389,172.283227,-9437.292334
906.613244,76.570323,114.855485,-9475.577496
906.613871,76.570323,114.855485,-9437.292334
906.614498,153.140646,133.998066,-9399.007173
906.615126,76.570323,172.283227,-9418.149754
906.615753,76.570323,172.283227,-9437.292334
906.616380,133.998066,153.140646,-9437.292334
906.617008,133.998066,153.140646,-9418.149754
906.617635,133.998066,114.855485,-9418.149754
906.618263,114.855485,191.425808,-9418.149754
906.618890,76.570323,172.283227,-9418.149754
906.619517,76.570323,191.425808,-9418.149754
906.620145,133.998066,172.283227,-9418.149754
906.620772,76.570323,114.855485,-9418.149754
906.621399,133.998066,114.855485,-9456.434915
906.622027,133.998066,133.998066,-9437.292334
906.622654,153.140646,114.855485,-9437.292334
906.623281,76.570323,114.855485,-9418.149754
906.623909,76.570323,114.855485,-9418.149754
906.624536,133.998066,114.855485,-9418.149754
906.625163,153.140646,191.425808,-9399.007173
906.625791,133.998066,114.855485,-9418.149754
906.626418,153.140646,95.712904,-9360.722011
906.627045,76.570323,210.568389,-9437.292334
906.627673,76.570323,114.855485,-9418.149754
906.628300,76.570323,114.855485,-9418.149754
906.628927,38.285162,114.855485,-9418.149754
906.629554,95.712904,95.712904,-9456.434915
906.630182,133.998066,191.425808,-9475.577496
906.630809,153.140646,172.283227,-9437.292334
906.631436,133.998066,172.283227,-9399.007173
906.632064,38.285162,114.855485,-9418.149754
906.632691,76.570323,95.712904,-9399.007173
906.633318,133.998066,153.140646,-9399.007173
906.633945,38.285162,114.855485,-9437.292334
906.634573,38.285162,114.855485,-9418.149754
906.635200,76.570323,114.855485,-9437.292334
906.635827,38.285162,114.855485,-9456.434915
906.636455,76.570323,210.568389,-9418.149754
906.637082,38.285162,114.855485,-9456.434915
906.637709,38.285162,210.568389,-9418.149754
906.638336,76.570323,153.140646,-9418.149754
906.638964,76.570323,153.140646,-9418.149754
906.639591,114.855485,133.998066,-9360.722011
906.640218,76.570323,153.140646,-9418.149754
906.640846,133.998066,114.855485,-9418.149754
906.641473,133.998066,153.140646,-9418.149754
906.642100,133.998066,114.855485,-9418.149754
906.642728,133.998066,133.998066,-9399.007173
906.643355,76.570323,172.283227,-9418.149754
906.643982,38.285162,153.140646,-9418.149754
906.644609,95.712904,95.712904,-9399.007173
906.645237,114.855485,95.712904,-9399.007173
906.645864,114.855485,95.712904,-9437.292334
906.646491,76.570323,114.855485,-9437.292334
906.647119,76.570323,114.855485,-9418.149754
906.647746,153.140646,133.998066,-9475.577496
906.648373,133.998066,153.140646,-9418.149754
906.649000,114.855485,133.998066,-9360.722011
906.649628,76.570323,114.855485,-9418.149754
906.650255,76.570323,114.855485,-9418.149754
906.650882,133.998066,114.855485,-9418.149754
906.651510,95.712904,95.712904,-9399.007173
906.652137,133.998066,172.283227,-9399.007173
906.652764,38.285162,114.855485,-9418.149754
906.653391,76.570323,114.855485,-9418.149754
906.654019,133.998066,153.140646,-9418.149754
906.654646,133.998066,114.855485,-9418.149754
906.655273,133.998066,114.855485,-9437.292334
906.655901,133.998066,153.140646,-9399.007173
906.656528,76.570323,153.140646,-9494.720077
906.657155,76.570323,114.855485,-9475.577496
906.657782,133.998066,114.855485,-9456.434915
906.658410,76.570323,114.855485,-9418.149754
906.659037,114.855485,248.853550,-9360.722011
906.659664,153.140646,210.568389,-9399.007173
906.660292,76.570323,153.140646,-9456.434915
906.660919,76.570323,114.855485,-9418.149754
906.661546,133.998066,114.855485,-9418.149754
906.662174,114.855485,114.855485,-9379.864592
906.662801,76.570323,210.568389,-9418.149754
906.663428,57.427742,114.855485,-9456.434915
906.664055,19.142581,114.855485,-9418.149754
906.664683,57.427742,114.855485,-9456.434915
906.665310,38.285162,114.855485,-9494.720077
906.665937,76.570323,172.283227,-9418.149754
906.666565,133.998066,191.425808,-9418.149754
906.667192,153.140646,172.283227,-9437.292334
906.667819,133.998066,114.855485,-9437.292334
906.668446,133.998066,153.140646,-9456.434915
906.669074,133.998066,210.568389,-9456.434915
906.669701,133.998066,114.855485,-9437.292334
906.670328,133.998066,153.140646,-9437.292334
906.670956,114.855485,76.570323,-9437.292334
906.671583,76.570323,114.855485,-9418.149754
906.672210,133.998066,172.283227,-9418.149754
906.672837,133.998066,153.140646,-9418.149754
906.673465,95.712904,114.855485,-9437.292334
906.674092,76.570323,114.855485,-9418.149754
906.674719,95.712904,153.140646,-9418.149754
906.675347,133.998066,172.283227,-9437.292334
906.675974,210.568389,133.998066,-9399.007173
906.676601,76.570323,114.855485,-9418.149754
906.677228,95.712904,95.712904,-9399.007173
906.677856,133.998066,172.283227,-9437.292334
906.678483,76.570323,114.855485,-9437.292334
906.679110,76.570323,95.712904,-9399.007173
906.679738,76.570323,114.855485,-9456.434915
906.680365,133.998066,114.855485,-9418.149754
906.680992,133.998066,114.855485,-9418.149754
906.681620,76.570323,114.855485,-9475.577496
906.682247,76.570323,114.855485,-9418.149754
906.682874,76.570323,114.855485,-9418.149754
906.683501,133.998066,114.855485,-9437.292334
906.684129,57.427742,133.998066,-9475.577496
906.684756,133.998066,114.855485,-9418.149754
906.685383,95.712904,114.855485,-9418.149754
906.686011,76.570323,153.140646,-9418.149754
906.686638,76.570323,114.855485,-9418.149754
906.687265,133.998066,114.855485,-9418.149754
906.687892,133.998066,114.855485,-9418.149754
906.688520,38.285162,210.568389,-9456.434915
906.689147,19.142581,153.140646,-9456.434915
906.689774,38.285162,153.140646,-9456.434915
906.690402,133.998066,114.855485,-9437.292334
906.691029,133.998066,133.998066,-9399.007173
906.691656,76.570323,114.855485,-9456.434915
906.692283,38.285162,114.855485,-9456.434915
906.692911,76.570323,114.855485,-9475.577496
906.693538,76.570323,172.283227,-9456.434915
906.694165,133.998066,210.568389,-9437.292334
906.694793,38.285162,114.855485,-9456.434915
906.695420,133.998066,153.140646,-9418.149754
906.696047,114.855485,114.855485,-9379.864592
906.696675,76.570323,114.855485,-9418.149754
906.697302,133.998066,114.855485,-9475.577496
906.697929,76.570323,114.855485,-9475.577496
906.698556,38.285162,229.710970,-9456.434915
906.699184,76.570323,172.283227,-9475.577496
906.699811,76.570323,114.855485,-9456.434915
906.700438,114.855485,95.712904,-9399.007173
906.701066,76.570323,114.855485,-9418.149754
906.701693,76.570323,153.140646,-9418.149754
906.702320,133.998066,133.998066,-9399.007173
906.702947,38.285162,114.855485,-9418.149754
906.703575,76.570323,153.140646,-9418.149754
906.704202,153.140646,133.998066,-9399.007173
906.704829,114.855485,95.712904,-9399.007173
906.705457,153.140646,153.140646,-9399.007173
906.706084,133.998066,172.283227,-9456.434915
906.706711,95.712904,95.712904,-9399.007173
906.707338,133.998066,172.283227,-9418.149754
906.707966,57.427742,210.568389,-9437.292334
906.708593,133.998066,172.283227,-9418.149754
906.709220,38.285162,114.855485,-9418.149754
906.709848,38.285162,172.283227,-9418.149754
906.710475,133.998066,153.140646,-9494.720077
906.711102,133.998066,114.855485,-9418.149754
906.711729,76.570323,172.283227,-9418.149754
