#time,accel_x,accel_y,accel_z
885.351088,76.570323,153.140646,-9418.149754
885.351714,133.998066,172.283227,-9418.149754
885.352341,133.998066,172.283227,-9418.149754
885.352967,153.140646,133.998066,-9437.292334
885.353593,210.568389,133.998066,-9399.007173
885.354219,133.998066,210.568389,-9456.434915
885.354845,133.998066,153.140646,-9418.149754
885.355471,153.140646,172.283227,-9399.007173
885.356097,133.998066,133.998066,-9437.292334
885.356723,95.712904,114.855485,-9418.149754
885.357349,76.570323,114.855485,-9456.434915
885.357975,76.570323,153.140646,-9437.292334
885.358601,57.427742,95.712904,-9456.434915
885.359227,76.570323,114.855485,-9418.149754
885.359853,133.998066,114.855485,-9418.149754
885.360479,133.998066,172.283227,-9456.434915
885.361105,76.570323,114.855485,-9437.292334
885.361731,133.998066,153.140646,-9437.292334
885.362357,76.570323,114.855485,-9418.149754
885.362983,114.855485,133.998066,-9360.722011
885.363609,76.570323,153.140646,-9418.149754
885.364235,133.998066,114.855485,-9437.292334
885.364861,133.998066,114.855485,-9418.149754
885.365487,133.998066,114.855485,-9475.577496
885.366113,153.140646,133.998066,-9399.007173
885.366739,114.855485,95.712904,-9494.720077
885.367365,38.285162,114.855485,-9418.149754
885.367991,76.570323,153.140646,-9456.434915
885.368617,76.570323,114.855485,-9437.292334
885.369243,133.998066,114.855485,-9418.149754
885.369869,95.712904,95.712904,-9399.007173
885.370495,95.712904,210.568389,-9456.434915
885.371121,76.570323,172.283227,-9494.720077
885.371747,76.570323,153.140646,-9418.149754
885.372373,76.570323,114.855485,-9437.292334
885.372999,76.570323,172.283227,-9418.149754
885.373625,76.570323,114.855485,-9418.149754
885.374251,57.427742,114.855485,-9437.292334
885.374877,133.998066,114.855485,-9418.149754
885.375503,133.998066,172.283227,-9418.149754
885.376129,133.998066,210.568389,-9418.149754
885.376755,95.712904,114.855485,-9437.292334
885.377382,76.570323,172.283227,-9437.292334
885.378008,76.570323,114.855485,-9418.149754
885.378634,95.712904,172.283227,-9437.292334
885.379260,76.570323,210.568389,-9418.149754
885.379886,133.998066,114.855485,-9418.149754
885.380512,76.570323,114.855485,-9418.149754
885.381138,133.998066,114.855485,-9456.434915
885.381764,57.427742,114.855485,-9494.720077
885.382390,133.998066,153.140646,-9418.149754
885.383016,76.570323,153.140646,-9418.149754
885.383642,57.427742,114.855485,-9418.149754
885.384268,133.998066,172.283227,-9418.149754
885.384894,133.998066,114.855485,-9437.292334
885.385520,153.140646,172.283227,-9399.007173
885.386146,133.998066,114.855485,-9418.149754
885.386772,57.427742,114.855485,-9494.720077
885.387398,76.570323,229.710970,-9418.149754
885.388024,133.998066,172.283227,-9418.149754
885.388650,133.998066,191.425808,-9418.149754
885.389276,76.570323,114.855485,-9437.292334
885.389902,76.570323,172.283227,-9437.292334
885.390528,76.570323,114.855485,-9494.720077
885.391154,133.998066,114.855485,-9418.149754
885.391780,133.998066,133.998066,-9399.007173
885.392406,76.570323,153.140646,-9418.149754
885.393032,172.283227,153.140646,-9399.007173
885.393658,133.998066,153.140646,-9494.720077
885.394284,133.998066,133.998066,-9456.434915
885.394910,153.140646,172.283227,-9399.007173
885.395536,95.712904,114.855485,-9418.149754
885.396162,38.285162,114.855485,-9418.149754
885.396788,76.570323,114.855485,-9418.149754
885.397414,153.140646,114.855485,-9418.149754
885.398040,76.570323,114.855485,-9475.577496
885.398666,210.568389,133.998066,-9456.434915
885.399292,95.712904,114.855485,-9418.149754
885.399918,76.570323,114.855485,-9418.149754
885.400544,172.283227,153.140646,-9360.722011
885.401170,153.140646,210.568389,-9418.149754
885.401796,95.712904,114.855485,-9399.007173
885.402422,133.998066,114.855485,-9418.149754
885.403049,153.140646,133.998066,-9437.292334
885.403675,76.570323,114.855485,-9418.149754
885.404302,76.570323,95.712904,-9399.007173
885.404928,76.570323,114.855485,-9418.149754
885.405555,133.998066,172.283227,-9533.005238
885.406181,133.998066,114.855485,-9418.149754
885.406808,76.570323,114.855485,-9418.149754
885.407434,95.712904,114.855485,-9456.434915
885.408061,153.140646,133.998066,-9456.434915
885.408687,172.283227,76.570323,-9418.149754
885.409314,114.855485,95.712904,-9399.007173
885.409940,95.712904,95.712904,-9399.007173
885.410567,76.570323,114.855485,-9418.149754
885.411193,38.285162,114.855485,-9418.149754
885.411820,133.998066,114.855485,-9418.149754
885.412446,95.712904,95.712904,-9456.434915
885.413073,133.998066,153.140646,-9418.149754
885.413699,95.712904,210.568389,-9360.722011
885.414326,76.570323,133.998066,-9418.149754
885.414953,95.712904,95.712904,-9399.007173
885.415579,76.570323,76.570323,-9379.864592
885.416206,76.570323,210.568389,-9418.149754
885.416832,133.998066,114.855485,-9418.149754
885.417459,133.998066,153.140646,-9418.149754
885.418085,95.712904,95.712904,-9399.007173
885.418712,95.712904,114.855485,-9418.149754
885.419338,76.570323,114.855485,-9456.434915
885.419965,95.712904,95.712904,-9399.007173
885.420591,133.998066,114.855485,-9418.149754
885.421218,76.570323,114.855485,-9475.577496
885.421844,133.998066,133.998066,-9475.577496
885.422471,76.570323,172.283227,-9418.149754
885.423097,38.285162,153.140646,-9456.434915
885.423724,95.712904,114.855485,-9418.149754
885.424350,133.998066,114.855485,-9418.149754
885.424977,133.998066,172.283227,-9418.149754
885.425603,76.570323,191.425808,-9437.292334
885.426230,76.570323,153.140646,-9475.577496
885.426857,133.998066,172.283227,-9494.720077
885.427483,95.712904,172.283227,-9418.149754
885.428110,76.570323,210.568389,-9418.149754
885.428736,153.140646,133.998066,-9399.007173
885.429363,95.712904,114.855485,-9437.292334
885.429989,76.570323,191.425808,-9418.149754
885.430616,133.998066,114.855485,-9418.149754
885.431242,76.570323,153.140646,-9475.577496
885.431869,38.285162,210.568389,-9418.149754
885.432495,76.570323,153.140646,-9437.292334
885.433122,76.570323,114.855485,-9418.149754
885.433748,133.998066,114.855485,-9437.292334
885.434375,76.570323,114.855485,-9475.577496
885.435001,76.570323,114.855485,-9533.005238
885.435628,95.712904,114.855485,-9456.434915
885.436254,76.570323,114.855485,-9456.434915
885.436881,76.570323,133.998066,-9360.722011
885.437508,133.998066,114.855485,-9418.149754
885.438134,114.855485,153.140646,-9360.722011
885.438761,76.570323,114.855485,-9418.149754
885.439387,95.712904,114.855485,-9437.292334
885.440014,153.140646,133.998066,-9399.007173
885.440640,133.998066,153.140646,-9418.149754
885.441267,76.570323,114.855485,-9475.577496
885.441893,38.285162,153.140646,-9418.149754
885.442520,133.998066,153.140646,-9418.149754
885.443146,57.427742,172.283227,-9456.434915
885.443773,133.998066,114.855485,-9418.149754
885.444399,57.427742,153.140646,-9418.149754
885.445026,76.570323,153.140646,-9418.149754
885.445652,133.998066,133.998066,-9399.007173
885.446279,153.140646,114.855485,-9418.149754
885.446905,191.425808,76.570323,-9418.149754
885.447532,133.998066,133.998066,-9437.292334
885.448158,114.855485,95.712904,-9456.434915
885.448785,153.140646,133.998066,-9399.007173
885.449412,95.712904,95.712904,-9399.007173
885.450038,38.285162,114.855485,-9437.292334
885.450665,38.285162,114.855485,-9418.149754
885.451291,76.570323,114.855485,-9456.434915
885.451918,38.285162,172.283227,-9437.292334
885.452544,95.712904,172.283227,-9437.292334
885.453171,153.140646,172.283227,-9437.292334
885.453797,19.142581,172.283227,-9418.149754
885.454424,76.570323,114.855485,-9437.292334
885.455050,57.427742,153.140646,-9437.292334
885.455677,76.570323,114.855485,-9418.149754
885.456303,76.570323,114.855485,-9475.577496
885.456930,133.998066,114.855485,-9475.577496
885.457556,172.283227,76.570323,-9494.720077
885.458183,133.998066,114.855485,-9456.434915
885.458809,114.855485,76.570323,-9418.149754
885.459436,114.855485,95.712904,-9399.007173
885.460062,95.712904,95.712904,-9399.007173
885.460689,95.712904,114.855485,-9418.149754
885.461316,76.570323,114.855485,-9456.434915
885.461942,133.998066,114.855485,-9418.149754
885.462569,76.570323,133.998066,-9418.149754
885.463195,95.712904,133.998066,-9360.722011
885.463822,114.855485,133.998066,-9360.722011
885.464448,95.712904,95.712904,-9399.007173
885.465075,38.285162,191.425808,-9437.292334
885.465701,133.998066,153.140646,-9418.149754
885.466328,38.285162,153.140646,-9475.577496
885.466954,95.712904,114.855485,-9418.149754
885.467581,133.998066,210.568389,-9533.005238
885.468207,95.712904,114.855485,-9456.434915
885.468834,38.285162,114.855485,-9437.292334
885.469460,38.285162,114.855485,-9437.292334
885.470087,133.998066,114.855485,-9418.149754
885.470713,153.140646,133.998066,-9399.007173
885.471340,76.570323,114.855485,-9418.149754
885.471967,95.712904,114.855485,-9418.149754
885.472593,133.998066,114.855485,-9437.292334
885.473220,76.570323,95.712904,-9437.292334
885.473846,153.140646,133.998066,-9437.292334
885.474473,76.570323,114.855485,-9418.149754
885.475099,57.427742,172.283227,-9418.149754
885.475726,95.712904,114.855485,-9494.720077
885.476352,133.998066,114.855485,-9456.434915
885.476979,76.570323,114.855485,-9418.149754
885.477605,38.285162,210.568389,-9418.149754
885.478232,76.570323,114.855485,-9437.292334
885.478858,133.998066,153.140646,-9494.720077
885.479485,76.570323,114.855485,-9475.577496
885.480111,133.998066,172.283227,-9494.720077
885.480738,76.570323,153.140646,-9418.149754
885.481364,76.570323,153.140646,-9360.722011
885.481991,133.998066,210.568389,-9418.149754
885.482617,133.998066,153.140646,-9475.577496
885.483244,38.285162,114.855485,-9418.149754
885.483871,133.998066,133.998066,-9494.720077
885.484497,133.998066,114.855485,-9437.292334
885.485124,95.712904,114.855485,-9418.149754
885.485750,133.998066,172.283227,-9494.720077
885.486377,38.285162,153.140646,-9418.149754
885.487003,76.570323,114.855485,-9418.149754
885.487630,133.998066,114.855485,-9418.149754
885.488256,38.285162,114.855485,-9418.149754
885.488883,38.285162,114.855485,-9418.149754
885.489509,76.570323,114.855485,-9418.149754
885.490136,38.285162,172.283227,-9475.577496
885.490762,76.570323,172.283227,-9418.149754
885.491389,76.570323,153.140646,-9494.720077
885.492015,76.570323,114.855485,-9437.292334
885.492642,57.427742,114.855485,-9418.149754
885.493268,38.285162,153.140646,-9418.149754
885.493895,38.285162,114.855485,-9437.292334
885.494521,133.998066,114.855485,-9360.722011
885.495148,133.998066,114.855485,-9437.292334
885.495775,133.998066,114.855485,-9437.292334
885.496401,133.998066,114.855485,-9418.149754
885.497028,114.855485,133.998066,-9418.149754
885.497654,76.570323,114.855485,-9418.149754
885.498281,95.712904,172.283227,-9475.577496
885.498907,133.998066,114.855485,-9418.149754
885.499534,38.285162,114.855485,-9418.149754
885.500160,133.998066,114.855485,-9418.149754
885.500787,95.712904,153.140646,-9360.722011
885.501413,95.712904,114.855485,-9437.292334
885.502040,95.712904,95.712904,-9437.292334
885.502666,114.855485,95.712904,-9399.007173
885.503293,133.998066,76.570323,-9379.864592
885.503919,153.140646,133.998066,-9399.007173
885.504546,76.570323,114.855485,-9418.149754
885.505172,76.570323,133.998066,-9360.722011
885.505799,133.998066,210.568389,-9437.292334
885.506426,133.998066,114.855485,-9418.149754
885.507052,95.712904,95.712904,-9399.007173
885.507679,76.570323,114.855485,-9418.149754
885.508305,38.285162,153.140646,-9418.149754
885.508932,153.140646,133.998066,-9399.007173
885.509559,133.998066,114.855485,-9418.149754
885.510186,76.570323,172.283227,-9418.149754
885.510813,38.285162,114.855485,-9418.149754
885.511439,153.140646,133.998066,-9399.007173
885.512066,38.285162,153.140646,-9418.149754
885.512693,153.140646,133.998066,-9456.434915
885.513320,133.998066,172.283227,-9437.292334
885.513947,76.570323,172.283227,-9418.149754
885.514574,76.570323,172.283227,-9456.434915
885.515201,76.570323,172.283227,-9437.292334
885.515828,114.855485,95.712904,-9494.720077
885.516455,38.285162,114.855485,-9437.292334
885.517081,38.285162,114.855485,-9456.434915
885.517708,76.570323,153.140646,-9533.005238
885.518335,133.998066,114.855485,-9456.434915
885.518962,76.570323,172.283227,-9418.149754
885.519589,76.570323,210.568389,-9418.149754
885.520216,38.285162,114.855485,-9418.149754
885.520843,114.855485,248.853550,-9360.722011
885.521470,133.998066,153.140646,-9418.149754
885.522096,133.998066,172.283227,-9494.720077
885.522723,76.570323,114.855485,-9418.149754
885.523350,76.570323,114.855485,-9418.149754
885.523977,133.998066,172.283227,-9456.434915
885.524604,133.998066,114.855485,-9475.577496
885.525231,133.998066,114.855485,-9456.434915
885.525858,76.570323,172.283227,-9418.149754
885.526485,38.285162,210.568389,-9418.149754
885.527111,95.712904,133.998066,-9360.722011
885.527738,133.998066,114.855485,-9437.292334
885.528365,133.998066,172.283227,-9418.149754
885.528992,133.998066,114.855485,-9437.292334
885.529619,76.570323,172.283227,-9418.149754
885.530246,38.285162,153.140646,-9418.149754
885.530873,57.427742,114.855485,-9437.292334
885.531500,133.998066,114.855485,-9437.292334
885.532127,76.570323,172.283227,-9418.149754
885.532753,114.855485,76.570323,-9418.149754
885.533380,38.285162,153.140646,-9418.149754
885.534007,76.570323,114.855485,-9418.149754
885.534634,76.570323,153.140646,-9418.149754
885.535261,38.285162,114.855485,-9418.149754
885.535888,76.570323,114.855485,-9418.149754
885.536515,57.427742,114.855485,-9418.149754
885.537142,133.998066,114.855485,-9437.292334
885.537768,95.712904,114.855485,-9456.434915
885.538395,153.140646,172.283227,-9456.434915
885.539022,76.570323,153.140646,-9418.149754
885.539649,95.712904,114.855485,-9418.149754
885.540276,133.998066,114.855485,-9418.149754
885.540903,76.570323,172.283227,-9437.292334
885.541530,76.570323,114.855485,-9437.292334
885.542157,76.570323,172.283227,-9418.149754
885.542783,95.712904,153.140646,-9360.722011
885.543410,95.712904,153.140646,-9360.722011
885.544037,76.570323,153.140646,-9418.149754
885.544664,133.998066,114.855485,-9475.577496
885.545291,76.570323,153.140646,-9533.005238
885.545918,76.570323,114.855485,-9533.005238
885.546545,38.285162,172.283227,-9456.434915
885.547172,95.712904,172.283227,-9418.149754
885.547799,76.570323,153.140646,-9456.434915
885.548425,76.570323,172.283227,-9418.149754
885.549052,153.140646,133.998066,-9399.007173
885.549679,76.570323,210.568389,-9437.292334
885.550306,38.285162,172.283227,-9456.434915
885.550933,133.998066,114.855485,-9475.577496
885.551560,153.140646,172.283227,-9456.434915
885.552187,76.570323,76.570323,-9379.864592
885.552814,38.285162,210.568389,-9418.149754
885.553440,133.998066,133.998066,-9399.007173
885.554067,114.855485,133.998066,-9360.722011
885.554694,133.998066,114.855485,-9418.149754
885.555321,76.570323,172.283227,-9418.149754
885.555948,76.570323,153.140646,-9418.149754
885.556575,133.998066,114.855485,-9456.434915
885.557202,76.570323,114.855485,-9418.149754
885.557829,76.570323,114.855485,-9418.149754
885.558455,114.855485,153.140646,-9360.722011
885.559082,76.570323,114.855485,-9418.149754
885.559709,95.712904,133.998066,-9360.722011
885.560336,38.285162,191.425808,-9418.149754
885.560963,95.712904,114.855485,-9418.149754
885.561590,153.140646,133.998066,-9494.720077
885.562217,153.140646,153.140646,-9399.007173
885.562844,76.570323,172.283227,-9437.292334
885.563471,133.998066,191.425808,-9456.434915
885.564097,76.570323,210.568389,-9533.005238
885.564724,95.712904,114.855485,-9456.434915
885.565351,114.855485,95.712904,-9399.007173
885.565978,95.712904,95.712904,-9399.007173
885.566605,133.998066,133.998066,-9475.577496
885.567232,76.570323,114.855485,-9418.149754
885.567859,133.998066,153.140646,-9437.292334
885.568486,133.998066,114.855485,-9475.577496
885.569112,133.998066,133.998066,-9399.007173
885.569739,76.570323,153.140646,-9418.149754
885.570366,76.570323,114.855485,-9418.149754
885.570993,76.570323,172.283227,-9418.149754
885.571620,38.285162,133.998066,-9360.722011
885.572247,95.712904,95.712904,-9399.007173
885.572874,95.712904,172.283227,-9418.149754
885.573501,153.140646,133.998066,-9437.292334
885.574127,133.998066,153.140646,-9399.007173
885.574754,133.998066,114.855485,-9418.149754
885.575381,76.570323,191.425808,-9418.149754
885.576008,133.998066,114.855485,-9418.149754
885.576635,114.855485,287.138712,-9399.007173
885.577262,133.998066,153.140646,-9437.292334
885.577889,76.570323,210.568389,-9475.577496
885.578516,19.142581,172.283227,-9399.007173
885.579143,38.285162,114.855485,-9456.434915
885.579769,114.855485,133.998066,-9360.722011
885.580396,76.570323,210.568389,-9418.149754
885.581023,133.998066,248.853550,-9456.434915
885.581650,76.570323,210.568389,-9533.005238
885.582277,76.570323,114.855485,-9475.577496
885.582904,95.712904,133.998066,-9475.577496
885.583531,76.570323,210.568389,-9418.149754
885.584158,57.427742,133.998066,-9360.722011
885.584784,114.855485,133.998066,-9360.722011
885.585411,76.570323,114.855485,-9418.149754
885.586038,76.570323,114.855485,-9418.149754
885.586665,95.712904,172.283227,-9437.292334
885.587292,76.570323,114.855485,-9437.292334
885.587919,153.140646,133.998066,-9456.434915
885.588546,153.140646,133.998066,-9399.007173
885.589173,76.570323,172.283227,-9456.434915
885.589799,153.140646,114.855485,-9418.149754
885.590426,76.570323,172.283227,-9418.149754
885.591053,38.285162,114.855485,-9418.149754
885.591680,95.712904,95.712904,-9399.007173
885.592307,38.285162,153.140646,-9418.149754
885.592934,76.570323,114.855485,-9418.149754
885.593561,133.998066,114.855485,-9533.005238
885.594188,95.712904,95.712904,-9399.007173
885.594815,133.998066,114.855485,-9418.149754
885.595441,133.998066,114.855485,-9456.434915
885.596068,76.570323,114.855485,-9418.149754
885.596695,95.712904,114.855485,-9475.577496
885.597322,114.855485,95.712904,-9399.007173
885.597949,76.570323,172.283227,-9456.434915
885.598576,76.570323,153.140646,-9418.149754
885.599203,153.140646,191.425808,-9456.434915
885.599830,95.712904,114.855485,-9475.577496
885.600456,57.427742,95.712904,-9437.292334
885.601083,133.998066,114.855485,-9475.577496
885.601710,38.285162,172.283227,-9418.149754
885.602337,38.285162,172.283227,-9418.149754
885.602964,38.285162,172.283227,-9418.149754
885.603591,76.570323,153.140646,-9437.292334
885.604218,76.570323,153.140646,-9418.149754
885.604845,95.712904,114.855485,-9418.149754
885.605471,76.570323,114.855485,-9418.149754
885.606098,76.570323,114.855485,-9456.434915
885.606725,133.998066,114.855485,-9418.149754
885.607352,133.998066,172.283227,-9418.149754
885.607979,76.570323,114.855485,-9456.434915
885.608606,95.712904,95.712904,-9399.007173
885.609233,76.570323,172.283227,-9418.149754
885.609860,153.140646,133.998066,-9437.292334
885.610487,114.855485,95.712904,-9399.007173
885.611114,76.570323,114.855485,-9418.149754
885.611741,133.998066,114.855485,-9418.149754
885.612368,38.285162,153.140646,-9418.149754
885.612995,153.140646,153.140646,-9399.007173
885.613623,95.712904,172.283227,-9360.722011
885.614250,76.570323,114.855485,-9418.149754
885.614877,133.998066,114.855485,-9418.149754
885.615504,38.285162,114.855485,-9418.149754
885.616131,95.712904,114.855485,-9456.434915
885.616758,133.998066,114.855485,-9418.149754
885.617385,76.570323,172.283227,-9399.007173
885.618012,76.570323,76.570323,-9379.864592
885.618639,133.998066,153.140646,-9418.149754
885.619266,133.998066,114.855485,-9437.292334
885.619893,57.427742,133.998066,-9360.722011
885.620521,76.570323,133.998066,-9360.722011
885.621148,95.712904,95.712904,-9475.577496
885.621775,133.998066,114.855485,-9418.149754
885.622402,95.712904,95.712904,-9399.007173
885.623029,133.998066,133.998066,-9399.007173
885.623656,133.998066,114.855485,-9437.292334
885.624283,133.998066,172.283227,-9494.720077
885.624910,95.712904,114.855485,-9418.149754
885.625537,76.570323,114.855485,-9418.149754
885.626164,76.570323,172.283227,-9456.434915
885.626791,114.855485,95.712904,-9399.007173
885.627419,76.570323,153.140646,-9418.149754
885.628046,133.998066,153.140646,-9475.577496
885.628673,133.998066,191.425808,-9437.292334
885.629300,133.998066,172.283227,-9418.149754
885.629927,76.570323,210.568389,-9418.149754
885.630554,76.570323,114.855485,-9475.577496
885.631181,76.570323,153.140646,-9456.434915
885.631808,133.998066,114.855485,-9437.292334
885.632435,133.998066,114.855485,-9456.434915
885.633062,76.570323,114.855485,-9475.577496
885.633689,133.998066,114.855485,-9437.292334
885.634317,76.570323,210.568389,-9437.292334
885.634944,133.998066,172.283227,-9418.149754
885.635571,76.570323,229.710970,-9418.149754
885.636198,76.570323,133.998066,-9360.722011
885.636825,76.570323,172.283227,-9456.434915
885.637452,76.570323,114.855485,-9418.149754
885.638079,153.140646,133.998066,-9399.007173
885.638706,57.427742,114.855485,-9418.149754
885.639333,76.570323,114.855485,-9418.149754
885.639960,133.998066,172.283227,-9437.292334
885.640587,76.570323,172.283227,-9418.149754
885.641215,133.998066,153.140646,-9437.292334
885.641842,133.998066,172.283227,-9437.292334
885.642469,153.140646,133.998066,-9437.292334
885.643096,38.285162,172.283227,-9456.434915
885.643723,57.427742,153.140646,-9360.722011
885.644350,133.998066,153.140646,-9418.149754
885.644977,76.570323,153.140646,-9418.149754
885.645604,153.140646,133.998066,-9399.007173
885.646231,133.998066,76.570323,-9399.007173
885.646858,133.998066,114.855485,-9437.292334
885.647485,76.570323,114.855485,-9418.149754
885.648112,38.285162,114.855485,-9437.292334
885.648740,76.570323,172.283227,-9456.434915
885.649367,38.285162,114.855485,-9418.149754
885.649994,76.570323,114.855485,-9475.577496
885.650621,133.998066,172.283227,-9418.149754
885.651248,133.998066,153.140646,-9418.149754
885.651875,172.283227,114.855485,-9399.007173
885.652502,133.998066,133.998066,-9399.007173
885.653129,114.855485,95.712904,-9456.434915
885.653756,76.570323,114.855485,-9494.720077
885.654383,133.998066,114.855485,-9418.149754
885.655010,38.285162,114.855485,-9456.434915
885.655638,76.570323,114.855485,-9418.149754
885.656265,133.998066,153.140646,-9418.149754
885.656892,133.998066,114.855485,-9437.292334
885.657519,210.568389,133.998066,-9399.007173
885.658146,133.998066,114.855485,-9418.149754
885.658773,38.285162,153.140646,-9456.434915
885.659400,133.998066,172.283227,-9399.007173
885.660027,76.570323,114.855485,-9418.149754
885.660654,76.570323,172.283227,-9437.292334
885.661281,133.998066,114.855485,-9456.434915
885.661908,38.285162,172.283227,-9418.149754
885.662536,153.140646,133.998066,-9399.007173
885.663163,76.570323,153.140646,-9456.434915
885.663790,133.998066,191.425808,-9475.577496
885.664417,76.570323,114.855485,-9418.149754
885.665044,133.998066,114.855485,-9418.149754
885.665671,133.998066,153.140646,-9418.149754
885.666298,133.998066,114.855485,-9418.149754
885.666925,76.570323,114.855485,-9418.149754
885.667552,133.998066,114.855485,-9418.149754
885.668179,133.998066,172.283227,-9418.149754
885.668806,95.712904,172.283227,-9418.149754
885.669434,38.285162,114.855485,-9418.149754
885.670061,133.998066,153.140646,-9456.434915
885.670688,133.998066,133.998066,-9399.007173
885.671315,153.140646,133.998066,-9456.434915
885.671942,76.570323,153.140646,-9418.149754
885.672569,76.570323,153.140646,-9418.149754
885.673196,114.855485,114.855485,-9418.149754
885.673823,133.998066,153.140646,-9494.720077
885.674450,133.998066,114.855485,-9437.292334
885.675077,38.285162,229.710970,-9456.434915
885.675704,95.712904,172.283227,-9360.722011
885.676332,133.998066,210.568389,-9456.434915
885.676959,95.712904,95.712904,-9399.007173
885.677586,57.427742,95.712904,-9456.434915
885.678213,76.570323,114.855485,-9418.149754
885.678840,133.998066,114.855485,-9456.434915
885.679467,76.570323,114.855485,-9456.434915
885.680094,76.570323,114.855485,-9475.577496
885.680721,133.998066,114.855485,-9418.149754
885.681348,95.712904,172.283227,-9360.722011
885.681975,76.570323,153.140646,-9418.149754
885.682602,76.570323,114.855485,-9418.149754
885.683229,57.427742,95.712904,-9399.007173
885.683857,153.140646,133.998066,-9399.007173
885.684484,133.998066,114.855485,-9418.149754
885.685111,133.998066,76.570323,-9379.864592
885.685738,76.570323,114.855485,-9456.434915
885.686365,19.142581,114.855485,-9418.149754
885.686992,95.712904,95.712904,-9456.434915
885.687619,76.570323,172.283227,-9475.577496
885.688246,38.285162,210.568389,-9437.292334
885.688873,76.570323,114.855485,-9418.149754
885.689500,76.570323,172.283227,-9418.149754
885.690127,76.570323,114.855485,-9418.149754
885.690755,114.855485,153.140646,-9360.722011
885.691382,133.998066,114.855485,-9437.292334
885.692009,153.140646,133.998066,-9399.007173
885.692636,95.712904,114.855485,-9475.577496
885.693263,76.570323,153.140646,-9418.149754
885.693890,76.570323,172.283227,-9418.149754
885.694517,133.998066,114.855485,-9418.149754
885.695144,153.140646,133.998066,-9399.007173
885.695771,133.998066,153.140646,-9418.149754
885.696398,153.140646,133.998066,-9456.434915
885.697025,76.570323,114.855485,-9475.577496
885.697653,38.285162,114.855485,-9456.434915
885.698280,38.285162,210.568389,-9418.149754
885.698907,38.285162,153.140646,-9418.149754
885.699534,95.712904,95.712904,-9437.292334
885.700161,133.998066,114.855485,-9418.149754
885.700788,76.570323,114.855485,-9418.149754
885.701415,114.855485,95.712904,-9399.007173
885.702042,133.998066,114.855485,-9418.149754
885.702669,133.998066,172.283227,-9399.007173
885.703296,38.285162,172.283227,-9418.149754
885.703923,114.855485,95.712904,-9456.434915
885.704551,95.712904,114.855485,-9399.007173
885.705178,133.998066,114.855485,-9475.577496
885.705805,76.570323,114.855485,-9418.149754
885.706432,114.855485,95.712904,-9399.007173
885.707059,76.570323,153.140646,-9437.292334
885.707686,76.570323,210.568389,-9437.292334
885.708313,133.998066,191.425808,-9475.577496
885.708940,76.570323,153.140646,-9475.577496
885.709568,76.570323,114.855485,-9418.149754
885.710195,133.998066,172.283227,-9418.149754
885.710823,76.570323,210.568389,-9418.149754
885.711450,76.570323,153.140646,-9418.149754
885.712077,133.998066,114.855485,-9437.292334
885.712705,153.140646,133.998066,-9437.292334
885.713332,133.998066,172.283227,-9399.007173
885.713960,76.570323,114.855485,-9437.292334
885.714587,76.570323,114.855485,-9456.434915
885.715215,133.998066,172.283227,-9418.149754
885.715842,76.570323,114.855485,-9418.149754
885.716470,133.998066,172.283227,-9418.149754
885.717097,133.998066,114.855485,-9437.292334
885.717725,153.140646,114.855485,-9418.149754
885.718352,76.570323,153.140646,-9456.434915
885.718979,153.140646,153.140646,-9399.007173
885.719607,133.998066,133.998066,-9437.292334
885.720234,76.570323,114.855485,-9360.722011
885.720862,76.570323,114.855485,-9437.292334
885.721489,95.712904,133.998066,-9360.722011
885.722117,153.140646,133.998066,-9456.434915
885.722744,153.140646,172.283227,-9399.007173
885.723372,133.998066,114.855485,-9418.149754
885.723999,76.570323,114.855485,-9456.434915
885.724627,76.570323,153.140646,-9437.292334
885.725254,133.998066,153.140646,-9418.149754
885.725881,133.998066,114.855485,-9418.149754
885.726509,76.570323,114.855485,-9456.434915
885.727136,153.140646,133.998066,-9399.007173
885.727764,76.570323,153.140646,-9418.149754
885.728391,38.285162,114.855485,-9418.149754
885.729019,38.285162,114.855485,-9418.149754
885.729646,76.570323,172.283227,-9360.722011
885.730274,76.570323,114.855485,-9418.149754
885.730901,133.998066,114.855485,-9418.149754
885.731529,133.998066,114.855485,-9437.292334
885.732156,153.140646,133.998066,-9399.007173
885.732783,133.998066,172.283227,-9418.149754
885.733411,76.570323,172.283227,-9418.149754
885.734038,153.140646,133.998066,-9456.434915
885.734666,76.570323,153.140646,-9418.149754
885.735293,38.285162,191.425808,-9418.149754
885.735921,76.570323,153.140646,-9494.720077
885.736548,76.570323,153.140646,-9418.149754
885.737176,153.140646,153.140646,-9494.720077
885.737803,76.570323,114.855485,-9418.149754
885.738431,76.570323,114.855485,-9418.149754
885.739058,133.998066,114.855485,-9475.577496
885.739685,76.570323,153.140646,-9418.149754
885.740313,114.855485,153.140646,-9360.722011
885.740940,95.712904,95.712904,-9399.007173
885.741568,76.570323,114.855485,-9437.292334
885.742195,133.998066,133.998066,-9399.007173
885.742823,133.998066,114.855485,-9418.149754
885.743450,38.285162,114.855485,-9437.292334
885.744078,133.998066,114.855485,-9418.149754
885.744705,133.998066,133.998066,-9437.292334
885.745333,76.570323,153.140646,-9437.292334
885.745960,76.570323,114.855485,-9437.292334
885.746587,76.570323,114.855485,-9418.149754
885.747215,153.140646,133.998066,-9399.007173
885.747842,76.570323,114.855485,-9475.577496
885.748470,38.285162,114.855485,-9437.292334
885.749097,38.285162,210.568389,-9437.292334
885.749725,114.855485,95.712904,-9494.720077
885.750352,172.283227,95.712904,-9399.007173
885.750980,76.570323,114.855485,-9418.149754
885.751607,153.140646,133.998066,-9399.007173
885.752235,133.998066,114.855485,-9456.434915
885.752862,114.855485,95.712904,-9399.007173
885.753489,95.712904,76.570323,-9418.149754
885.754117,95.712904,95.712904,-9399.007173
885.754744,114.855485,95.712904,-9399.007173
885.755372,76.570323,114.855485,-9418.149754
885.755999,76.570323,153.140646,-9418.149754
885.756627,95.712904,114.855485,-9475.577496
885.757254,95.712904,95.712904,-9399.007173
885.757882,57.427742,133.998066,-9360.722011
885.758509,76.570323,114.855485,-9437.292334
885.759137,38.285162,114.855485,-9437.292334
885.759764,76.570323,172.283227,-9418.149754
885.760391,76.570323,114.855485,-9475.577496
885.761019,76.570323,114.855485,-9456.434915
885.761646,133.998066,153.140646,-9456.434915
885.762274,133.998066,172.283227,-9437.292334
885.762901,76.570323,114.855485,-9418.149754
885.763529,76.570323,114.855485,-9418.149754
885.764156,76.570323,114.855485,-9475.577496
885.764784,76.570323,114.855485,-9418.149754
885.765411,76.570323,114.855485,-9418.149754
885.766039,76.570323,114.855485,-9418.149754
885.766666,76.570323,172.283227,-9418.149754
885.767293,38.285162,114.855485,-9418.149754
885.767921,133.998066,172.283227,-9418.149754
885.768548,133.998066,153.140646,-9418.149754
885.769176,76.570323,114.855485,-9418.149754
885.769803,76.570323,153.140646,-9418.149754
885.770431,153.140646,133.998066,-9399.007173
885.771058,133.998066,191.425808,-9456.434915
885.771686,133.998066,133.998066,-9399.007173
885.772313,133.998066,210.568389,-9418.149754
885.772941,76.570323,114.855485,-9418.149754
885.773568,133.998066,114.855485,-9475.577496
885.774195,172.283227,114.855485,-9399.007173
885.774823,133.998066,114.855485,-9418.149754
885.775450,76.570323,153.140646,-9456.434915
885.776078,133.998066,114.855485,-9456.434915
885.776705,153.140646,153.140646,-9399.007173
885.777333,153.140646,153.140646,-9494.720077
885.777960,133.998066,191.425808,-9399.007173
885.778588,76.570323,172.283227,-9456.434915
885.779215,38.285162,114.855485,-9475.577496
885.779843,76.570323,114.855485,-9418.149754
885.780470,153.140646,191.425808,-9399.007173
885.781098,133.998066,114.855485,-9494.720077
885.781725,95.712904,95.712904,-9399.007173
885.782352,153.140646,133.998066,-9399.007173
885.782980,133.998066,229.710970,-9418.149754
885.783607,57.427742,114.855485,-9494.720077
885.784235,133.998066,210.568389,-9418.149754
885.784862,153.140646,133.998066,-9437.292334
885.785490,38.285162,114.855485,-9456.434915
885.786117,95.712904,114.855485,-9418.149754
885.786745,95.712904,114.855485,-9418.149754
885.787372,153.140646,133.998066,-9399.007173
885.788000,133.998066,191.425808,-9437.292334
885.788627,153.140646,133.998066,-9437.292334
885.789254,133.998066,114.855485,-9533.005238
885.789882,76.570323,172.283227,-9418.149754
885.790509,38.285162,210.568389,-9418.149754
885.791137,76.570323,153.140646,-9418.149754
885.791764,133.998066,114.855485,-9437.292334
885.792392,76.570323,153.140646,-9418.149754
885.793019,95.712904,114.855485,-9437.292334
885.793647,172.283227,76.570323,-9437.292334
885.794274,133.998066,114.855485,-9418.149754
885.794902,114.855485,95.712904,-9399.007173
885.795529,133.998066,153.140646,-9418.149754
885.796156,114.855485,76.570323,-9418.149754
885.796784,133.998066,114.855485,-9418.149754
885.797411,76.570323,114.855485,-9418.149754
885.798039,172.283227,114.855485,-9379.864592
885.798666,76.570323,114.855485,-9418.149754
885.799294,114.855485,95.712904,-9399.007173
885.799921,76.570323,114.855485,-9418.149754
885.800549,133.998066,114.855485,-9418.149754
885.801176,76.570323,114.855485,-9418.149754
885.801804,76.570323,76.570323,-9379.864592
885.802431,38.285162,191.425808,-9418.149754
885.803058,76.570323,114.855485,-9456.434915
885.803686,95.712904,114.855485,-9418.149754
885.804313,133.998066,114.855485,-9418.149754
885.804941,76.570323,172.283227,-9418.149754
885.805568,153.140646,114.855485,-9437.292334
885.806196,133.998066,133.998066,-9399.007173
885.806823,76.570323,114.855485,-9418.149754
885.807451,76.570323,114.855485,-9418.149754
885.808078,133.998066,114.855485,-9418.149754
885.808706,95.712904,114.855485,-9475.577496
885.809333,133.998066,114.855485,-9418.149754
885.809960,172.283227,76.570323,-9456.434915
885.810588,95.712904,172.283227,-9418.149754
885.811215,76.570323,172.283227,-9418.149754
885.811843,76.570323,229.710970,-9456.434915
885.812470,133.998066,114.855485,-9418.149754
885.813098,76.570323,210.568389,-9456.434915
885.813725,133.998066,133.998066,-9399.007173
885.814352,76.570323,114.855485,-9437.292334
885.814980,95.712904,191.425808,-9437.292334
885.815607,133.998066,172.283227,-9494.720077
885.816235,153.140646,172.283227,-9399.007173
885.816862,76.570323,153.140646,-9418.149754
885.817490,133.998066,114.855485,-9418.149754
885.818117,76.570323,153.140646,-9418.149754
885.818744,95.712904,114.855485,-9399.007173
885.819372,38.285162,114.855485,-9418.149754
885.819999,114.855485,114.855485,-9418.149754
885.820627,76.570323,114.855485,-9418.149754
885.821254,133.998066,114.855485,-9456.434915
885.821882,133.998066,172.283227,-9418.149754
885.822509,153.140646,191.425808,-9399.007173
885.823136,76.570323,172.283227,-9437.292334
885.823764,38.285162,153.140646,-9418.149754
885.824391,57.427742,172.283227,-9360.722011
885.825019,95.712904,133.998066,-9360.722011
885.825646,153.140646,172.283227,-9399.007173
885.826274,133.998066,153.140646,-9456.434915
885.826901,76.570323,114.855485,-9418.149754
885.827528,95.712904,172.283227,-9437.292334
885.828156,133.998066,153.140646,-9437.292334
885.828783,133.998066,114.855485,-9418.149754
885.829411,133.998066,114.855485,-9418.149754
885.830038,114.855485,210.568389,-9418.149754
885.830666,153.140646,133.998066,-9399.007173
885.831293,76.570323,114.855485,-9399.007173
885.831920,76.570323,114.855485,-9437.292334
885.832548,38.285162,114.855485,-9418.149754
885.833175,133.998066,133.998066,-9399.007173
885.833803,153.140646,153.140646,-9399.007173
885.834430,76.570323,114.855485,-9418.149754
885.835058,76.570323,153.140646,-9418.149754
885.835685,76.570323,210.568389,-9418.149754
885.836312,133.998066,210.568389,-9418.149754
885.836940,76.570323,210.568389,-9418.149754
885.837567,38.285162,114.855485,-9418.149754
885.838195,133.998066,172.283227,-9437.292334
885.838822,153.140646,153.140646,-9456.434915
885.839450,153.140646,133.998066,-9456.434915
885.840077,114.855485,95.712904,-9399.007173
885.840704,133.998066,153.140646,-9456.434915
885.841332,76.570323,153.140646,-9418.149754
885.841959,95.712904,133.998066,-9360.722011
885.842587,133.998066,172.283227,-9418.149754
885.843214,76.570323,153.140646,-9418.149754
885.843842,19.142581,114.855485,-9418.149754
885.844469,38.285162,114.855485,-9418.149754
885.845096,133.998066,76.570323,-9379.864592
885.845724,95.712904,95.712904,-9399.007173
885.846351,57.427742,95.712904,-9399.007173
885.846979,153.140646,133.998066,-9399.007173
885.847606,114.855485,95.712904,-9437.292334
885.848234,76.570323,153.140646,-9437.292334
885.848861,38.285162,114.855485,-9437.292334
885.849488,38.285162,153.140646,-9456.434915
885.850116,133.998066,114.855485,-9418.149754
885.850743,76.570323,153.140646,-9418.149754
885.851371,95.712904,114.855485,-9399.007173
885.851998,76.570323,210.568389,-9418.149754
885.852626,76.570323,210.568389,-9456.434915
885.853253,133.998066,210.568389,-9418.149754
885.853880,153.140646,172.283227,-9494.720077
885.854508,133.998066,153.140646,-9437.292334
885.855135,133.998066,153.140646,-9418.149754
885.855763,76.570323,114.855485,-9437.292334
885.856390,133.998066,114.855485,-9456.434915
885.857018,153.140646,133.998066,-9494.720077
885.857645,133.998066,172.283227,-9456.434915
885.858272,133.998066,172.283227,-9456.434915
885.858900,76.570323,114.855485,-9418.149754
885.859527,133.998066,172.283227,-9418.149754
885.860155,133.998066,153.140646,-9418.149754
885.860782,153.140646,133.998066,-9399.007173
885.861410,38.285162,114.855485,-9437.292334
885.862037,153.140646,114.855485,-9418.149754
885.862664,133.998066,114.855485,-9418.149754
885.863292,133.998066,114.855485,-9418.149754
885.863919,153.140646,133.998066,-9399.007173
885.864547,133.998066,114.855485,-9418.149754
885.865174,133.998066,133.998066,-9437.292334
885.865802,76.570323,172.283227,-9456.434915
885.866429,76.570323,114.855485,-9418.149754
885.867056,95.712904,114.855485,-9360.722011
885.867684,95.712904,95.712904,-9456.434915
885.868311,133.998066,114.855485,-9456.434915
885.868939,133.998066,153.140646,-9418.149754
885.869566,114.855485,133.998066,-9418.149754
885.870194,76.570323,114.855485,-9494.720077
885.870821,76.570323,114.855485,-9456.434915
885.871448,114.855485,95.712904,-9437.292334
885.872076,76.570323,153.140646,-9418.149754
885.872703,153.140646,153.140646,-9437.292334
885.873331,133.998066,210.568389,-9456.434915
885.873958,133.998066,172.283227,-9437.292334
885.874586,38.285162,153.140646,-9418.149754
885.875213,76.570323,114.855485,-9418.149754
885.875840,76.570323,114.855485,-9418.149754
885.876468,153.140646,153.140646,-9418.149754
885.877095,133.998066,133.998066,-9437.292334
885.877723,95.712904,114.855485,-9418.149754
885.878350,133.998066,133.998066,-9494.720077
885.878978,19.142581,114.855485,-9418.149754
885.879605,57.427742,114.855485,-9418.149754
885.880232,76.570323,114.855485,-9418.149754
885.880860,76.570323,172.283227,-9418.149754
885.881487,76.570323,172.283227,-9418.149754
885.882115,114.855485,95.712904,-9456.434915
885.882742,133.998066,133.998066,-9456.434915
885.883370,133.998066,114.855485,-9494.720077
885.883997,76.570323,114.855485,-9456.434915
885.884624,133.998066,133.998066,-9399.007173
885.885252,114.855485,95.712904,-9399.007173
885.885879,76.570323,114.855485,-9418.149754
885.886507,114.855485,95.712904,-9399.007173
885.887134,95.712904,114.855485,-9418.149754
885.887762,133.998066,114.855485,-9437.292334
885.888389,153.140646,133.998066,-9399.007173
885.889016,133.998066,114.855485,-9437.292334
885.889644,76.570323,210.568389,-9437.292334
885.890271,153.140646,133.998066,-9399.007173
885.890899,133.998066,114.855485,-9418.149754
885.891526,76.570323,172.283227,-9437.292334
885.892154,38.285162,210.568389,-9456.434915
885.892781,38.285162,153.140646,-9418.149754
885.893408,76.570323,153.140646,-9418.149754
885.894036,57.427742,95.712904,-9456.434915
885.894663,76.570323,114.855485,-9437.292334
885.895291,76.570323,172.283227,-9418.149754
885.895918,38.285162,114.855485,-9418.149754
885.896546,153.140646,133.998066,-9399.007173
885.897173,57.427742,95.712904,-9399.007173
885.897800,76.570323,153.140646,-9418.149754
885.898428,133.998066,210.568389,-9456.434915
885.899055,133.998066,133.998066,-9399.007173
885.899683,95.712904,95.712904,-9399.007173
885.900310,95.712904,114.855485,-9456.434915
885.900938,133.998066,114.855485,-9418.149754
885.901565,38.285162,114.855485,-9418.149754
885.902192,172.283227,210.568389,-9456.434915
885.902820,95.712904,172.283227,-9360.722011
885.903447,114.855485,95.712904,-9399.007173
885.904075,172.283227,95.712904,-9437.292334
885.904702,114.855485,133.998066,-9360.722011
885.905329,133.998066,172.283227,-9418.149754
885.905957,38.285162,114.855485,-9418.149754
885.906584,76.570323,114.855485,-9418.149754
885.907212,76.570323,114.855485,-9418.149754
885.907839,19.142581,191.425808,-9456.434915
885.908467,76.570323,153.140646,-9360.722011
885.909094,133.998066,153.140646,-9399.007173
885.909721,76.570323,153.140646,-9418.149754
885.910349,133.998066,114.855485,-9437.292334
885.910976,114.855485,114.855485,-9379.864592
885.911603,133.998066,114.855485,-9437.292334
885.912231,153.140646,133.998066,-9456.434915
885.912858,76.570323,114.855485,-9418.149754
885.913485,133.998066,114.855485,-9418.149754
885.914113,133.998066,210.568389,-9418.149754
885.914740,76.570323,153.140646,-9418.149754
885.915367,38.285162,95.712904,-9399.007173
885.915994,76.570323,114.855485,-9456.434915
885.916622,76.570323,114.855485,-9418.149754
885.917249,133.998066,114.855485,-9437.292334
885.917876,76.570323,210.568389,-9437.292334
885.918504,133.998066,153.140646,-9456.434915
885.919131,76.570323,172.283227,-9418.149754
885.919758,95.712904,95.712904,-9494.720077
885.920386,76.570323,114.855485,-9418.149754
885.921013,76.570323,153.140646,-9418.149754
885.921640,133.998066,114.855485,-9418.149754
885.922267,76.570323,172.283227,-9475.577496
885.922895,38.285162,153.140646,-9418.149754
885.923522,76.570323,172.283227,-9456.434915
885.924149,95.712904,114.855485,-9399.007173
885.924777,76.570323,114.855485,-9418.149754
885.925404,76.570323,114.855485,-9418.149754
885.926031,133.998066,114.855485,-9494.720077
885.926659,133.998066,114.855485,-9418.149754
885.927286,76.570323,114.855485,-9475.577496
885.927913,76.570323,95.712904,-9437.292334
885.928540,38.285162,153.140646,-9418.149754
885.929168,76.570323,172.283227,-9475.577496
885.929795,38.285162,114.855485,-9437.292334
885.930422,95.712904,133.998066,-9360.722011
885.931050,95.712904,153.140646,-9437.292334
885.931677,76.570323,210.568389,-9418.149754
885.932304,133.998066,153.140646,-9418.149754
885.932932,76.570323,114.855485,-9418.149754
885.933559,95.712904,114.855485,-9456.434915
885.934186,114.855485,95.712904,-9399.007173
885.934813,76.570323,114.855485,-9418.149754
885.935441,76.570323,114.855485,-9456.434915
885.936068,76.570323,114.855485,-9475.577496
885.936695,153.140646,133.998066,-9399.007173
885.937323,191.425808,210.568389,-9399.007173
885.937950,38.285162,114.855485,-9437.292334
885.938577,95.712904,153.140646,-9418.149754
885.939205,76.570323,153.140646,-9456.434915
885.939832,153.140646,133.998066,-9399.007173
885.940459,133.998066,172.283227,-9494.720077
885.941086,133.998066,229.710970,-9456.434915
885.941714,76.570323,210.568389,-9418.149754
885.942341,76.570323,114.855485,-9418.149754
885.942968,133.998066,114.855485,-9418.149754
885.943596,114.855485,76.570323,-9418.149754
885.944223,133.998066,153.140646,-9437.292334
885.944850,153.140646,133.998066,-9437.292334
885.945478,172.283227,76.570323,-9418.149754
885.946105,133.998066,133.998066,-9399.007173
885.946732,38.285162,114.855485,-9418.149754
885.947359,57.427742,172.283227,-9418.149754
885.947987,76.570323,210.568389,-9437.292334
885.948614,38.285162,114.855485,-9475.577496
885.949241,76.570323,114.855485,-9437.292334
885.949869,76.570323,114.855485,-9437.292334
885.950496,76.570323,153.140646,-9437.292334
885.951123,133.998066,210.568389,-9360.722011
885.951751,38.285162,210.568389,-9418.149754
885.952378,57.427742,38.285162,-9399.007173
885.953005,95.712904,95.712904,-9456.434915
885.953632,76.570323,114.855485,-9437.292334
885.954260,38.285162,114.855485,-9418.149754
885.954887,76.570323,114.855485,-9418.149754
885.955514,133.998066,114.855485,-9456.434915
885.956142,133.998066,114.855485,-9475.577496
885.956769,38.285162,114.855485,-9418.149754
885.957396,153.140646,133.998066,-9399.007173
885.958024,133.998066,133.998066,-9437.292334
885.958651,133.998066,172.283227,-9494.720077
885.959278,114.855485,95.712904,-9437.292334
885.959905,76.570323,172.283227,-9456.434915
885.960533,38.285162,172.283227,-9418.149754
885.961160,133.998066,153.140646,-9418.149754
885.961787,76.570323,114.855485,-9418.149754
885.962415,95.712904,114.855485,-9399.007173
885.963042,38.285162,210.568389,-9418.149754
885.963669,76.570323,172.283227,-9456.434915
885.964297,38.285162,114.855485,-9437.292334
885.964924,76.570323,114.855485,-9456.434915
885.965551,114.855485,153.140646,-9360.722011
885.966178,153.140646,172.283227,-9379.864592
885.966806,38.285162,114.855485,-9418.149754
885.967433,76.570323,172.283227,-9437.292334
885.968060,76.570323,114.855485,-9418.149754
885.968688,95.712904,153.140646,-9360.722011
885.969315,172.283227,95.712904,-9456.434915
885.969942,153.140646,133.998066,-9494.720077
885.970570,133.998066,133.998066,-9399.007173
885.971197,133.998066,153.140646,-9475.577496
885.971824,133.998066,114.855485,-9475.577496
885.972451,95.712904,153.140646,-9418.149754
885.973079,133.998066,114.855485,-9418.149754
885.973706,133.998066,133.998066,-9399.007173
885.974333,38.285162,38.285162,-9341.579430
885.974961,133.998066,114.855485,-9360.722011
885.975588,76.570323,114.855485,-9418.149754
885.976215,19.142581,114.855485,-9475.577496
885.976843,57.427742,133.998066,-9360.722011
885.977470,76.570323,210.568389,-9418.149754
885.978097,76.570323,172.283227,-9418.149754
885.978724,133.998066,172.283227,-9418.149754
885.979352,76.570323,114.855485,-9360.722011
885.979979,76.570323,114.855485,-9418.149754
885.980606,76.570323,153.140646,-9418.149754
885.981234,133.998066,114.855485,-9437.292334
885.981861,76.570323,114.855485,-9418.149754
885.982488,76.570323,114.855485,-9418.149754
885.983116,76.570323,172.283227,-9418.149754
885.983743,133.998066,153.140646,-9418.149754
885.984370,38.285162,114.855485,-9418.149754
885.984997,133.998066,114.855485,-9418.149754
885.985625,95.712904,95.712904,-9399.007173
885.986252,76.570323,114.855485,-9399.007173
885.986879,76.570323,114.855485,-9418.149754
885.987507,114.855485,95.712904,-9437.292334
885.988134,133.998066,114.855485,-9418.149754
885.988761,133.998066,114.855485,-9418.149754
885.989389,76.570323,114.855485,-9418.149754
885.990016,95.712904,95.712904,-9399.007173
885.990643,153.140646,172.283227,-9399.007173
885.991270,133.998066,114.855485,-9418.149754
885.991898,57.427742,95.712904,-9399.007173
885.992525,76.570323,172.283227,-9456.434915
885.993152,133.998066,210.568389,-9456.434915
885.993780,76.570323,114.855485,-9418.149754
885.994407,95.712904,133.998066,-9418.149754
885.995034,153.140646,133.998066,-9399.007173
885.995662,76.570323,153.140646,-9437.292334
885.996289,133.998066,153.140646,-9418.149754
885.996916,76.570323,114.855485,-9456.434915
885.997543,76.570323,114.855485,-9418.149754
885.998171,76.570323,114.855485,-9418.149754
885.998798,38.285162,114.855485,-9456.434915
885.999425,76.570323,114.855485,-9360.722011
886.000053,133.998066,114.855485,-9418.149754
886.000680,153.140646,153.140646,-9456.434915
886.001307,114.855485,95.712904,-9399.007173
886.001935,172.283227,114.855485,-9379.864592
886.002562,133.998066,114.855485,-9418.149754
886.003189,133.998066,114.855485,-9418.149754
886.003816,114.855485,114.855485,-9437.292334
886.004444,76.570323,153.140646,-9437.292334
886.005071,95.712904,114.855485,-9418.149754
886.005698,133.998066,114.855485,-9437.292334
886.006326,95.712904,114.855485,-9418.149754
886.006953,114.855485,95.712904,-9399.007173
886.007580,76.570323,114.855485,-9418.149754
886.008208,76.570323,153.140646,-9418.149754
886.008835,133.998066,172.283227,-9418.149754
886.009462,95.712904,153.140646,-9437.292334
886.010089,76.570323,114.855485,-9437.292334
886.010717,95.712904,114.855485,-9418.149754
886.011344,76.570323,172.283227,-9418.149754
886.011972,57.427742,133.998066,-9360.722011
886.012599,76.570323,172.283227,-9494.720077
886.013226,76.570323,153.140646,-9533.005238
886.013854,38.285162,114.855485,-9418.149754
886.014481,95.712904,95.712904,-9399.007173
886.015109,172.283227,76.570323,-9418.149754
886.015736,172.283227,133.998066,-9456.434915
886.016363,133.998066,133.998066,-9399.007173
886.016991,38.285162,114.855485,-9418.149754
886.017618,95.712904,172.283227,-9418.149754
886.018246,76.570323,114.855485,-9456.434915
886.018873,133.998066,210.568389,-9456.434915
886.019500,76.570323,114.855485,-9456.434915
886.020128,0.000000,114.855485,-9399.007173
886.020755,133.998066,172.283227,-9418.149754
886.021383,114.855485,95.712904,-9399.007173
886.022010,153.140646,172.283227,-9494.720077
886.022637,133.998066,114.855485,-9533.005238
886.023265,133.998066,114.855485,-9418.149754
886.023892,153.140646,153.140646,-9437.292334
886.024520,76.570323,153.140646,-9437.292334
886.025147,133.998066,114.855485,-9418.149754
886.025774,133.998066,114.855485,-9437.292334
886.026402,76.570323,114.855485,-9418.149754
886.027029,76.570323,210.568389,-9418.149754
886.027657,133.998066,172.283227,-9418.149754
886.028284,133.998066,172.283227,-9418.149754
886.028911,133.998066,114.855485,-9437.292334
886.029539,133.998066,133.998066,-9399.007173
886.030166,133.998066,172.283227,-9418.149754
886.030794,153.140646,133.998066,-9399.007173
886.031421,95.712904,133.998066,-9418.149754
886.032048,38.285162,114.855485,-9456.434915
886.032676,133.998066,114.855485,-9418.149754
886.033303,57.427742,153.140646,-9418.149754
886.033931,76.570323,114.855485,-9418.149754
886.034558,95.712904,114.855485,-9418.149754
886.035185,133.998066,114.855485,-9418.149754
886.035813,38.285162,172.283227,-9418.149754
886.036440,76.570323,191.425808,-9360.722011
886.037068,95.712904,172.283227,-9418.149754
886.037695,133.998066,114.855485,-9418.149754
886.038322,210.568389,133.998066,-9494.720077
886.038950,76.570323,114.855485,-9437.292334
886.039577,76.570323,114.855485,-9437.292334
886.040205,38.285162,114.855485,-9418.149754
886.040832,76.570323,114.855485,-9418.149754
886.041459,38.285162,114.855485,-9437.292334
886.042087,133.998066,114.855485,-9456.434915
886.042714,133.998066,114.855485,-9418.149754
886.043342,76.570323,153.140646,-9418.149754
886.043969,76.570323,114.855485,-9418.149754
886.044596,133.998066,114.855485,-9418.149754
886.045224,133.998066,114.855485,-9418.149754
886.045851,133.998066,133.998066,-9399.007173
886.046479,38.285162,114.855485,-9418.149754
886.047106,172.283227,76.570323,-9418.149754
886.047733,76.570323,114.855485,-9418.149754
886.048361,114.855485,133.998066,-9360.722011
886.048988,38.285162,114.855485,-9418.149754
886.049616,95.712904,95.712904,-9399.007173
886.050243,76.570323,114.855485,-9475.577496
886.050870,133.998066,114.855485,-9456.434915
886.051498,38.285162,114.855485,-9456.434915
886.052125,38.285162,172.283227,-9418.149754
886.052753,38.285162,114.855485,-9456.434915
886.053380,95.712904,114.855485,-9418.149754
886.054007,76.570323,114.855485,-9418.149754
886.054635,153.140646,153.140646,-9399.007173
886.055262,153.140646,153.140646,-9399.007173
886.055890,133.998066,114.855485,-9437.292334
886.056517,76.570323,114.855485,-9475.577496
886.057144,95.712904,114.855485,-9418.149754
886.057772,76.570323,114.855485,-9418.149754
886.058399,76.570323,172.283227,-9418.149754
886.059027,76.570323,153.140646,-9437.292334
886.059654,95.712904,95.712904,-9437.292334
886.060281,133.998066,114.855485,-9418.149754
886.060909,76.570323,114.855485,-9418.149754
886.061536,76.570323,210.568389,-9418.149754
886.062164,95.712904,114.855485,-9456.434915
886.062791,133.998066,153.140646,-9475.577496
886.063418,133.998066,153.140646,-9456.434915
886.064046,95.712904,133.998066,-9418.149754
886.064673,133.998066,114.855485,-9418.149754
886.065301,76.570323,114.855485,-9399.007173
886.065928,172.283227,114.855485,-9399.007173
886.066555,133.998066,172.283227,-9456.434915
886.067183,133.998066,114.855485,-9418.149754
886.067810,133.998066,133.998066,-9494.720077
886.068438,76.570323,153.140646,-9456.434915
886.069065,95.712904,229.710970,-9418.149754
886.069692,114.855485,133.998066,-9360.722011
886.070320,133.998066,172.283227,-9418.149754
886.070947,114.855485,95.712904,-9399.007173
886.071575,133.998066,114.855485,-9437.292334
886.072202,76.570323,153.140646,-9475.577496
886.072829,133.998066,114.855485,-9456.434915
886.073457,57.427742,95.712904,-9379.864592
886.074084,133.998066,114.855485,-9418.149754
886.074712,76.570323,114.855485,-9418.149754
886.075339,114.855485,95.712904,-9399.007173
886.075966,133.998066,114.855485,-9437.292334
886.076594,133.998066,172.283227,-9456.434915
886.077221,76.570323,153.140646,-9360.722011
886.077849,76.570323,114.855485,-9418.149754
886.078476,133.998066,114.855485,-9456.434915
886.079103,76.570323,114.855485,-9437.292334
886.079731,133.998066,153.140646,-9418.149754
886.080358,153.140646,172.283227,-9399.007173
886.080986,133.998066,133.998066,-9399.007173
886.081613,133.998066,114.855485,-9456.434915
886.082240,76.570323,172.283227,-9533.005238
886.082868,76.570323,114.855485,-9494.720077
886.083495,153.140646,210.568389,-9456.434915
886.084123,76.570323,114.855485,-9437.292334
886.084750,76.570323,210.568389,-9456.434915
886.085377,76.570323,172.283227,-9437.292334
886.086005,76.570323,114.855485,-9437.292334
886.086632,95.712904,210.568389,-9456.434915
886.087260,76.570323,114.855485,-9456.434915
886.087887,95.712904,133.998066,-9418.149754
886.088514,38.285162,153.140646,-9418.149754
886.089142,114.855485,172.283227,-9360.722011
886.089769,114.855485,133.998066,-9360.722011
886.090397,114.855485,95.712904,-9399.007173
886.091024,133.998066,172.283227,-9456.434915
886.091651,133.998066,210.568389,-9475.577496
886.092279,76.570323,153.140646,-9418.149754
886.092906,95.712904,133.998066,-9418.149754
886.093534,76.570323,153.140646,-9418.149754
886.094161,19.142581,172.283227,-9418.149754
886.094788,76.570323,153.140646,-9418.149754
886.095416,76.570323,114.855485,-9418.149754
886.096043,38.285162,172.283227,-9418.149754
886.096671,95.712904,172.283227,-9360.722011
886.097298,95.712904,172.283227,-9418.149754
886.097925,76.570323,153.140646,-9418.149754
886.098553,133.998066,153.140646,-9418.149754
886.099180,133.998066,153.140646,-9418.149754
886.099808,133.998066,114.855485,-9418.149754
886.100435,133.998066,114.855485,-9418.149754
886.101062,133.998066,114.855485,-9437.292334
886.101690,133.998066,229.710970,-9437.292334
886.102317,133.998066,114.855485,-9456.434915
886.102945,76.570323,153.140646,-9418.149754
886.103572,95.712904,133.998066,-9418.149754
886.104199,95.712904,114.855485,-9418.149754
886.104827,133.998066,153.140646,-9418.149754
886.105454,133.998066,153.140646,-9399.007173
886.106082,76.570323,172.283227,-9418.149754
886.106709,38.285162,114.855485,-9437.292334
886.107336,76.570323,153.140646,-9437.292334
886.107964,38.285162,95.712904,-9399.007173
886.108591,76.570323,210.568389,-9418.149754
886.109219,133.998066,114.855485,-9533.005238
886.109846,76.570323,172.283227,-9418.149754
886.110473,38.285162,153.140646,-9418.149754
886.111101,133.998066,133.998066,-9456.434915
886.111728,57.427742,191.425808,-9360.722011
886.112355,133.998066,114.855485,-9418.149754
886.112983,133.998066,172.283227,-9418.149754
886.113610,95.712904,153.140646,-9418.149754
886.114237,76.570323,95.712904,-9456.434915
886.114865,76.570323,114.855485,-9418.149754
886.115492,133.998066,114.855485,-9494.720077
886.116119,76.570323,114.855485,-9418.149754
886.116747,133.998066,153.140646,-9418.149754
886.117374,153.140646,133.998066,-9399.007173
886.118001,133.998066,153.140646,-9437.292334
886.118628,133.998066,114.855485,-9418.149754
886.119256,133.998066,133.998066,-9399.007173
886.119883,114.855485,133.998066,-9437.292334
886.120510,95.712904,114.855485,-9418.149754
886.121138,38.285162,114.855485,-9437.292334
886.121765,95.712904,95.712904,-9437.292334
886.122392,57.427742,95.712904,-9399.007173
886.123020,133.998066,76.570323,-9379.864592
886.123647,133.998066,172.283227,-9418.149754
886.124274,153.140646,133.998066,-9399.007173
886.124902,76.570323,114.855485,-9418.149754
886.125529,76.570323,114.855485,-9418.149754
886.126156,95.712904,210.568389,-9418.149754
886.126784,133.998066,210.568389,-9437.292334
886.127411,76.570323,172.283227,-9437.292334
886.128038,133.998066,172.283227,-9418.149754
886.128666,38.285162,114.855485,-9418.149754
886.129293,95.712904,114.855485,-9494.720077
886.129920,76.570323,172.283227,-9456.434915
886.130548,133.998066,153.140646,-9456.434915
886.131175,76.570323,114.855485,-9475.577496
886.131802,153.140646,133.998066,-9456.434915
886.132429,153.140646,153.140646,-9418.149754
886.133057,95.712904,172.283227,-9418.149754
886.133684,57.427742,210.568389,-9418.149754
886.134311,76.570323,153.140646,-9418.149754
886.134939,95.712904,114.855485,-9437.292334
886.135566,95.712904,95.712904,-9399.007173
886.136193,76.570323,114.855485,-9475.577496
886.136821,172.283227,76.570323,-9437.292334
886.137448,76.570323,153.140646,-9437.292334
886.138075,38.285162,114.855485,-9418.149754
886.138703,133.998066,114.855485,-9475.577496
886.139330,76.570323,114.855485,-9418.149754
886.139957,76.570323,114.855485,-9418.149754
886.140585,76.570323,153.140646,-9418.149754
886.141212,133.998066,114.855485,-9418.149754
886.141839,133.998066,191.425808,-9437.292334
886.142467,76.570323,114.855485,-9418.149754
886.143094,133.998066,114.855485,-9418.149754
886.143721,76.570323,114.855485,-9418.149754
886.144349,133.998066,114.855485,-9533.005238
886.144976,38.285162,114.855485,-9418.149754
886.145603,133.998066,114.855485,-9475.577496
886.146231,133.998066,114.855485,-9533.005238
886.146858,133.998066,114.855485,-9456.434915
886.147485,95.712904,172.283227,-9418.149754
886.148112,76.570323,172.283227,-9456.434915
886.148740,76.570323,114.855485,-9437.292334
886.149367,76.570323,114.855485,-9418.149754
886.149994,76.570323,114.855485,-9418.149754
886.150622,38.285162,153.140646,-9475.577496
886.151249,38.285162,114.855485,-9456.434915
886.151876,76.570323,114.855485,-9418.149754
886.152504,76.570323,172.283227,-9456.434915
886.153131,133.998066,172.283227,-9437.292334
886.153758,95.712904,172.283227,-9418.149754
886.154386,76.570323,172.283227,-9418.149754
886.155013,57.427742,133.998066,-9360.722011
886.155640,76.570323,114.855485,-9418.149754
886.156268,76.570323,114.855485,-9418.149754
886.156895,133.998066,114.855485,-9456.434915
886.157522,133.998066,114.855485,-9456.434915
886.158150,153.140646,133.998066,-9399.007173
886.158777,114.855485,95.712904,-9475.577496
886.159404,133.998066,114.855485,-9456.434915
886.160032,114.855485,95.712904,-9399.007173
886.160659,76.570323,153.140646,-9418.149754
886.161286,38.285162,114.855485,-9437.292334
886.161913,38.285162,114.855485,-9418.149754
886.162541,95.712904,133.998066,-9360.722011
886.163168,38.285162,114.855485,-9475.577496
886.163795,76.570323,153.140646,-9437.292334
886.164423,76.570323,114.855485,-9533.005238
886.165050,172.283227,114.855485,-9494.720077
886.165677,95.712904,114.855485,-9418.149754
886.166305,95.712904,95.712904,-9456.434915
886.166932,76.570323,172.283227,-9418.149754
886.167559,133.998066,114.855485,-9418.149754
886.168187,76.570323,229.710970,-9418.149754
886.168814,76.570323,210.568389,-9418.149754
886.169441,133.998066,114.855485,-9418.149754
886.170069,133.998066,172.283227,-9418.149754
886.170696,76.570323,114.855485,-9418.149754
886.171323,38.285162,114.855485,-9418.149754
886.171951,114.855485,95.712904,-9437.292334
886.172578,95.712904,133.998066,-9418.149754
886.173205,95.712904,153.140646,-9418.149754
886.173833,76.570323,114.855485,-9456.434915
886.174460,76.570323,114.855485,-9418.149754
886.175087,133.998066,114.855485,-9418.149754
886.175714,76.570323,153.140646,-9418.149754
886.176342,76.570323,172.283227,-9437.292334
886.176969,76.570323,114.855485,-9475.577496
886.177596,38.285162,172.283227,-9418.149754
886.178224,76.570323,210.568389,-9437.292334
886.178851,76.570323,229.710970,-9437.292334
886.179478,76.570323,153.140646,-9456.434915
886.180106,38.285162,114.855485,-9475.577496
886.180733,133.998066,153.140646,-9399.007173
886.181360,133.998066,210.568389,-9456.434915
886.181988,76.570323,172.283227,-9418.149754
886.182615,38.285162,114.855485,-9418.149754
886.183242,133.998066,133.998066,-9456.434915
886.183870,114.855485,95.712904,-9437.292334
886.184497,133.998066,114.855485,-9418.149754
886.185124,95.712904,172.283227,-9360.722011
886.185752,38.285162,210.568389,-9418.149754
886.186379,133.998066,114.855485,-9456.434915
886.187006,133.998066,172.283227,-9437.292334
886.187634,133.998066,133.998066,-9399.007173
886.188261,76.570323,114.855485,-9437.292334
886.188888,133.998066,210.568389,-9437.292334
886.189515,76.570323,114.855485,-9437.292334
886.190143,38.285162,191.425808,-9418.149754
886.190770,76.570323,172.283227,-9360.722011
886.191397,76.570323,210.568389,-9437.292334
886.192025,38.285162,114.855485,-9437.292334
886.192652,133.998066,133.998066,-9456.434915
886.193279,133.998066,172.283227,-9418.149754
886.193907,210.568389,153.140646,-9399.007173
886.194534,153.140646,133.998066,-9399.007173
886.195161,76.570323,172.283227,-9437.292334
886.195789,76.570323,114.855485,-9456.434915
886.196416,133.998066,114.855485,-9418.149754
886.197043,38.285162,153.140646,-9418.149754
886.197671,38.285162,153.140646,-9456.434915
886.198298,95.712904,114.855485,-9456.434915
886.198925,95.712904,95.712904,-9437.292334
886.199553,38.285162,114.855485,-9418.149754
886.200180,76.570323,114.855485,-9437.292334
886.200807,76.570323,172.283227,-9456.434915
886.201435,76.570323,210.568389,-9437.292334
886.202062,133.998066,172.283227,-9418.149754
886.202689,95.712904,114.855485,-9437.292334
886.203317,133.998066,172.283227,-9437.292334
886.203944,153.140646,153.140646,-9437.292334
886.204571,153.140646,153.140646,-9475.577496
886.205198,76.570323,114.855485,-9533.005238
886.205826,133.998066,172.283227,-9418.149754
886.206453,133.998066,210.568389,-9418.149754
886.207080,133.998066,114.855485,-9418.149754
886.207708,133.998066,172.283227,-9437.292334
886.208335,76.570323,153.140646,-9475.577496
886.208962,76.570323,114.855485,-9437.292334
886.209590,76.570323,172.283227,-9437.292334
886.210217,133.998066,114.855485,-9418.149754
886.210844,133.998066,133.998066,-9513.862658
886.211472,76.570323,114.855485,-9437.292334
886.212099,76.570323,114.855485,-9456.434915
886.212726,76.570323,95.712904,-9399.007173
886.213353,133.998066,172.283227,-9399.007173
886.213981,38.285162,114.855485,-9418.149754
886.214608,38.285162,210.568389,-9418.149754
886.215235,133.998066,114.855485,-9418.149754
886.215863,57.427742,95.712904,-9399.007173
886.216490,95.712904,95.712904,-9399.007173
886.217117,95.712904,95.712904,-9437.292334
886.217744,133.998066,114.855485,-9437.292334
886.218372,76.570323,114.855485,-9437.292334
886.218999,133.998066,153.140646,-9418.149754
886.219626,76.570323,114.855485,-9494.720077
886.220254,133.998066,133.998066,-9399.007173
886.220881,133.998066,172.283227,-9418.149754
886.221508,133.998066,114.855485,-9418.149754
886.222135,76.570323,114.855485,-9418.149754
886.222763,76.570323,114.855485,-9418.149754
886.223390,38.285162,172.283227,-9456.434915
886.224017,133.998066,210.568389,-9418.149754
886.224645,133.998066,172.283227,-9418.149754
886.225272,95.712904,191.425808,-9418.149754
886.225899,76.570323,172.283227,-9418.149754
886.226526,76.570323,114.855485,-9418.149754
886.227154,133.998066,172.283227,-9418.149754
886.227781,133.998066,210.568389,-9418.149754
886.228408,76.570323,114.855485,-9418.149754
886.229036,133.998066,114.855485,-9418.149754
886.229663,133.998066,153.140646,-9437.292334
886.230290,76.570323,153.140646,-9418.149754
886.230917,133.998066,153.140646,-9418.149754
886.231545,133.998066,114.855485,-9360.722011
886.232172,133.998066,153.140646,-9418.149754
886.232799,133.998066,114.855485,-9418.149754
886.233427,95.712904,172.283227,-9360.722011
886.234054,76.570323,114.855485,-9418.149754
886.234681,38.285162,172.283227,-9418.149754
886.235308,38.285162,153.140646,-9418.149754
886.235936,76.570323,210.568389,-9456.434915
886.236563,76.570323,172.283227,-9437.292334
886.237190,76.570323,114.855485,-9418.149754
886.237818,76.570323,153.140646,-9418.149754
886.238445,76.570323,114.855485,-9418.149754
886.239072,114.855485,133.998066,-9360.722011
886.239699,38.285162,114.855485,-9418.149754
886.240327,76.570323,95.712904,-9399.007173
886.240954,153.140646,172.283227,-9399.007173
886.241581,95.712904,95.712904,-9399.007173
886.242209,133.998066,133.998066,-9494.720077
886.242836,38.285162,114.855485,-9418.149754
886.243463,95.712904,114.855485,-9437.292334
886.244090,114.855485,76.570323,-9418.149754
886.244718,133.998066,172.283227,-9418.149754
886.245345,57.427742,95.712904,-9399.007173
886.245972,76.570323,114.855485,-9418.149754
886.246600,133.998066,133.998066,-9399.007173
886.247227,133.998066,153.140646,-9418.149754
886.247854,76.570323,114.855485,-9418.149754
886.248481,133.998066,153.140646,-9437.292334
886.249109,76.570323,114.855485,-9475.577496
886.249736,38.285162,114.855485,-9418.149754
886.250363,133.998066,114.855485,-9418.149754
886.250991,95.712904,95.712904,-9456.434915
886.251618,133.998066,133.998066,-9399.007173
886.252245,95.712904,95.712904,-9399.007173
886.252872,133.998066,172.283227,-9437.292334
886.253500,133.998066,114.855485,-9456.434915
886.254127,57.427742,191.425808,-9360.722011
886.254754,153.140646,210.568389,-9418.149754
886.255382,76.570323,172.283227,-9456.434915
886.256009,76.570323,153.140646,-9418.149754
886.256636,114.855485,95.712904,-9399.007173
886.257263,76.570323,114.855485,-9437.292334
886.257891,114.855485,95.712904,-9399.007173
886.258518,76.570323,114.855485,-9475.577496
886.259145,95.712904,95.712904,-9399.007173
886.259773,95.712904,114.855485,-9418.149754
886.260400,114.855485,76.570323,-9418.149754
886.261027,114.855485,172.283227,-9399.007173
886.261654,57.427742,95.712904,-9494.720077
886.262282,76.570323,172.283227,-9437.292334
886.262909,114.855485,153.140646,-9360.722011
886.263536,114.855485,229.710970,-9456.434915
886.264164,76.570323,210.568389,-9418.149754
886.264791,133.998066,210.568389,-9456.434915
886.265418,133.998066,114.855485,-9456.434915
886.266045,76.570323,114.855485,-9418.149754
886.266673,153.140646,133.998066,-9437.292334
886.267300,76.570323,114.855485,-9418.149754
886.267927,114.855485,95.712904,-9379.864592
886.268555,76.570323,114.855485,-9418.149754
886.269182,76.570323,114.855485,-9418.149754
886.269809,133.998066,172.283227,-9533.005238
886.270436,76.570323,114.855485,-9418.149754
886.271064,114.855485,95.712904,-9399.007173
886.271691,76.570323,114.855485,-9360.722011
886.272318,57.427742,95.712904,-9399.007173
886.272946,76.570323,172.283227,-9418.149754
886.273573,76.570323,210.568389,-9418.149754
886.274200,133.998066,114.855485,-9437.292334
886.274827,76.570323,114.855485,-9399.007173
886.275455,76.570323,172.283227,-9533.005238
886.276082,76.570323,114.855485,-9437.292334
886.276709,76.570323,114.855485,-9418.149754
886.277337,114.855485,95.712904,-9399.007173
886.277964,114.855485,153.140646,-9360.722011
886.278591,0.000000,114.855485,-9399.007173
886.279218,76.570323,172.283227,-9418.149754
886.279846,172.283227,76.570323,-9456.434915
886.280473,76.570323,172.283227,-9456.434915
886.281100,114.855485,229.710970,-9399.007173
886.281728,153.140646,133.998066,-9399.007173
886.282355,133.998066,153.140646,-9437.292334
886.282982,95.712904,153.140646,-9437.292334
886.283609,95.712904,133.998066,-9360.722011
886.284237,76.570323,114.855485,-9418.149754
886.284864,76.570323,114.855485,-9418.149754
886.285491,76.570323,153.140646,-9418.149754
886.286119,76.570323,114.855485,-9418.149754
886.286746,95.712904,229.710970,-9418.149754
886.287373,153.140646,133.998066,-9399.007173
886.288000,133.998066,114.855485,-9437.292334
886.288628,38.285162,114.855485,-9475.577496
886.289255,133.998066,210.568389,-9475.577496
886.289882,95.712904,172.283227,-9418.149754
886.290510,95.712904,95.712904,-9399.007173
886.291137,38.285162,172.283227,-9418.149754
886.291764,76.570323,114.855485,-9418.149754
886.292391,76.570323,210.568389,-9418.149754
886.293019,114.855485,153.140646,-9360.722011
886.293646,133.998066,133.998066,-9399.007173
886.294273,76.570323,114.855485,-9418.149754
886.294901,133.998066,133.998066,-9456.434915
886.295528,133.998066,172.283227,-9456.434915
886.296155,38.285162,114.855485,-9418.149754
886.296782,76.570323,95.712904,-9437.292334
886.297410,133.998066,114.855485,-9418.149754
886.298037,76.570323,114.855485,-9418.149754
886.298664,38.285162,114.855485,-9418.149754
886.299292,38.285162,172.283227,-9533.005238
886.299919,76.570323,114.855485,-9418.149754
886.300546,133.998066,153.140646,-9418.149754
886.301173,172.283227,76.570323,-9418.149754
886.301801,76.570323,133.998066,-9418.149754
886.302428,133.998066,133.998066,-9399.007173
886.303055,133.998066,114.855485,-9418.149754
886.303683,95.712904,95.712904,-9437.292334
886.304310,95.712904,114.855485,-9437.292334
886.304937,38.285162,114.855485,-9456.434915
886.305564,76.570323,172.283227,-9418.149754
886.306192,133.998066,153.140646,-9418.149754
886.306819,38.285162,153.140646,-9418.149754
886.307446,76.570323,114.855485,-9475.577496
886.308074,38.285162,114.855485,-9418.149754
886.308701,38.285162,114.855485,-9418.149754
886.309328,76.570323,114.855485,-9418.149754
886.309955,133.998066,153.140646,-9418.149754
886.310583,38.285162,114.855485,-9418.149754
886.311210,210.568389,133.998066,-9456.434915
886.311838,133.998066,172.283227,-9494.720077
886.312465,133.998066,114.855485,-9456.434915
886.313093,133.998066,172.283227,-9418.149754
886.313721,76.570323,153.140646,-9456.434915
886.314348,114.855485,114.855485,-9322.436850
886.314976,133.998066,114.855485,-9418.149754
886.315604,76.570323,153.140646,-9418.149754
886.316232,133.998066,114.855485,-9418.149754
886.316859,133.998066,191.425808,-9418.149754
886.317487,114.855485,95.712904,-9399.007173
886.318115,38.285162,153.140646,-9437.292334
886.318742,76.570323,114.855485,-9456.434915
886.319370,76.570323,172.283227,-9456.434915
886.319998,95.712904,114.855485,-9418.149754
886.320625,57.427742,114.855485,-9418.149754
886.321253,95.712904,114.855485,-9399.007173
886.321881,76.570323,191.425808,-9437.292334
886.322508,114.855485,153.140646,-9379.864592
886.323136,133.998066,114.855485,-9418.149754
886.323764,76.570323,114.855485,-9437.292334
886.324391,76.570323,153.140646,-9437.292334
886.325019,76.570323,210.568389,-9418.149754
886.325647,133.998066,172.283227,-9399.007173
886.326274,133.998066,114.855485,-9437.292334
886.326902,133.998066,153.140646,-9475.577496
886.327530,133.998066,114.855485,-9437.292334
886.328158,133.998066,76.570323,-9379.864592
886.328785,76.570323,172.283227,-9418.149754
886.329413,95.712904,95.712904,-9437.292334
886.330041,76.570323,114.855485,-9418.149754
886.330668,133.998066,114.855485,-9418.149754
886.331296,133.998066,114.855485,-9437.292334
886.331924,114.855485,133.998066,-9418.149754
886.332551,133.998066,114.855485,-9418.149754
886.333179,76.570323,153.140646,-9418.149754
886.333807,76.570323,114.855485,-9475.577496
886.334434,153.140646,153.140646,-9437.292334
886.335062,114.855485,76.570323,-9494.720077
886.335690,133.998066,114.855485,-9418.149754
886.336317,76.570323,114.855485,-9418.149754
886.336945,133.998066,114.855485,-9437.292334
886.337573,76.570323,114.855485,-9475.577496
886.338200,76.570323,210.568389,-9418.149754
886.338828,114.855485,153.140646,-9360.722011
886.339456,133.998066,114.855485,-9456.434915
886.340084,38.285162,210.568389,-9418.149754
886.340711,133.998066,172.283227,-9418.149754
886.341339,76.570323,210.568389,-9437.292334
886.341967,95.712904,133.998066,-9360.722011
886.342594,38.285162,114.855485,-9418.149754
886.343222,76.570323,210.568389,-9437.292334
886.343850,114.855485,172.283227,-9360.722011
886.344477,76.570323,114.855485,-9418.149754
886.345105,133.998066,114.855485,-9418.149754
886.345733,133.998066,153.140646,-9437.292334
886.346360,38.285162,191.425808,-9418.149754
886.346988,133.998066,114.855485,-9456.434915
886.347616,76.570323,153.140646,-9437.292334
886.348243,153.140646,133.998066,-9494.720077
886.348871,76.570323,229.710970,-9418.149754
886.349499,133.998066,153.140646,-9418.149754
886.350126,133.998066,114.855485,-9418.149754
886.350754,76.570323,172.283227,-9418.149754
886.351382,95.712904,172.283227,-9360.722011
886.352010,133.998066,114.855485,-9418.149754
886.352637,76.570323,172.283227,-9437.292334
886.353265,133.998066,114.855485,-9437.292334
886.353893,133.998066,172.283227,-9456.434915
886.354520,133.998066,133.998066,-9494.720077
886.355148,133.998066,210.568389,-9494.720077
886.355776,76.570323,114.855485,-9437.292334
886.356403,76.570323,114.855485,-9475.577496
886.357031,114.855485,133.998066,-9533.005238
886.357659,76.570323,114.855485,-9456.434915
886.358286,76.570323,114.855485,-9475.577496
886.358914,57.427742,114.855485,-9456.434915
886.359542,57.427742,153.140646,-9360.722011
886.360169,76.570323,172.283227,-9418.149754
886.360797,133.998066,153.140646,-9437.292334
886.361425,153.140646,133.998066,-9399.007173
886.362052,153.140646,133.998066,-9399.007173
886.362680,133.998066,153.140646,-9418.149754
886.363308,38.285162,114.855485,-9437.292334
886.363936,95.712904,114.855485,-9418.149754
886.364563,114.855485,172.283227,-9379.864592
886.365191,133.998066,172.283227,-9418.149754
886.365819,153.140646,153.140646,-9399.007173
886.366446,95.712904,114.855485,-9456.434915
886.367074,38.285162,172.283227,-9437.292334
886.367702,76.570323,153.140646,-9456.434915
886.368329,38.285162,114.855485,-9418.149754
886.368957,38.285162,114.855485,-9418.149754
886.369585,133.998066,172.283227,-9437.292334
886.370212,76.570323,114.855485,-9418.149754
886.370840,114.855485,95.712904,-9437.292334
886.371468,76.570323,153.140646,-9418.149754
886.372095,76.570323,114.855485,-9418.149754
886.372723,133.998066,114.855485,-9418.149754
886.373351,76.570323,114.855485,-9437.292334
886.373978,133.998066,114.855485,-9418.149754
886.374606,95.712904,114.855485,-9418.149754
886.375234,76.570323,229.710970,-9418.149754
886.375862,153.140646,210.568389,-9399.007173
886.376489,133.998066,153.140646,-9437.292334
886.377117,133.998066,133.998066,-9399.007173
886.377745,95.712904,114.855485,-9456.434915
886.378372,76.570323,153.140646,-9456.434915
886.379000,76.570323,114.855485,-9475.577496
886.379628,76.570323,114.855485,-9418.149754
886.380255,57.427742,114.855485,-9437.292334
886.380883,133.998066,114.855485,-9418.149754
886.381511,76.570323,114.855485,-9418.149754
886.382138,133.998066,172.283227,-9437.292334
886.382766,133.998066,153.140646,-9475.577496
886.383394,38.285162,114.855485,-9418.149754
886.384021,76.570323,114.855485,-9437.292334
886.384649,133.998066,76.570323,-9379.864592
886.385277,133.998066,153.140646,-9399.007173
886.385904,133.998066,114.855485,-9418.149754
886.386532,153.140646,133.998066,-9494.720077
886.387160,114.855485,114.855485,-9399.007173
886.387788,153.140646,172.283227,-9456.434915
886.388415,153.140646,133.998066,-9399.007173
886.389043,76.570323,210.568389,-9418.149754
886.389671,133.998066,172.283227,-9437.292334
886.390298,76.570323,95.712904,-9399.007173
886.390926,95.712904,114.855485,-9456.434915
886.391554,133.998066,153.140646,-9418.149754
886.392181,95.712904,172.283227,-9475.577496
886.392809,95.712904,133.998066,-9360.722011
886.393437,76.570323,172.283227,-9418.149754
886.394064,38.285162,114.855485,-9456.434915
886.394692,133.998066,210.568389,-9418.149754
886.395320,76.570323,133.998066,-9360.722011
886.395947,133.998066,114.855485,-9418.149754
886.396575,38.285162,114.855485,-9456.434915
886.397203,76.570323,114.855485,-9475.577496
886.397830,133.998066,210.568389,-9418.149754
886.398458,76.570323,114.855485,-9437.292334
886.399086,38.285162,153.140646,-9418.149754
886.399714,38.285162,172.283227,-9418.149754
886.400341,153.140646,153.140646,-9399.007173
886.400969,76.570323,114.855485,-9418.149754
886.401597,133.998066,153.140646,-9399.007173
886.402224,133.998066,153.140646,-9418.149754
886.402852,76.570323,114.855485,-9418.149754
886.403480,153.140646,210.568389,-9456.434915
886.404107,133.998066,172.283227,-9399.007173
886.404735,76.570323,210.568389,-9418.149754
886.405363,153.140646,153.140646,-9399.007173
886.405990,133.998066,172.283227,-9475.577496
886.406618,133.998066,114.855485,-9418.149754
886.407246,95.712904,172.283227,-9418.149754
886.407873,38.285162,114.855485,-9456.434915
886.408501,133.998066,114.855485,-9437.292334
886.409129,38.285162,153.140646,-9437.292334
886.409756,133.998066,172.283227,-9456.434915
886.410384,133.998066,153.140646,-9456.434915
886.411012,133.998066,114.855485,-9418.149754
886.411640,76.570323,114.855485,-9418.149754
886.412267,38.285162,114.855485,-9456.434915
886.412894,133.998066,114.855485,-9418.149754
886.413522,133.998066,172.283227,-9418.149754
886.414149,153.140646,114.855485,-9360.722011
886.414777,76.570323,172.283227,-9418.149754
886.415404,133.998066,172.283227,-9475.577496
886.416032,57.427742,95.712904,-9456.434915
886.416659,95.712904,172.283227,-9475.577496
886.417286,76.570323,114.855485,-9475.577496
886.417914,76.570323,172.283227,-9418.149754
886.418541,76.570323,172.283227,-9418.149754
886.419169,76.570323,172.283227,-9418.149754
886.419796,76.570323,133.998066,-9360.722011
886.420424,76.570323,114.855485,-9418.149754
886.421051,95.712904,153.140646,-9418.149754
886.421678,38.285162,210.568389,-9418.149754
886.422306,76.570323,153.140646,-9418.149754
886.422933,153.140646,133.998066,-9475.577496
886.423561,38.285162,114.855485,-9418.149754
886.424188,133.998066,153.140646,-9399.007173
886.424816,133.998066,172.283227,-9399.007173
886.425443,133.998066,172.283227,-9418.149754
886.426070,76.570323,153.140646,-9418.149754
886.426698,95.712904,114.855485,-9437.292334
886.427325,76.570323,210.568389,-9475.577496
886.427953,76.570323,114.855485,-9418.149754
886.428580,76.570323,153.140646,-9418.149754
886.429208,76.570323,114.855485,-9360.722011
886.429835,57.427742,95.712904,-9456.434915
886.430462,153.140646,133.998066,-9399.007173
886.431090,76.570323,172.283227,-9418.149754
886.431717,76.570323,210.568389,-9418.149754
886.432345,38.285162,114.855485,-9456.434915
886.432972,76.570323,114.855485,-9456.434915
886.433600,114.855485,95.712904,-9399.007173
886.434227,76.570323,153.140646,-9418.149754
886.434854,38.285162,114.855485,-9456.434915
886.435482,133.998066,114.855485,-9418.149754
886.436109,114.855485,95.712904,-9437.292334
886.436737,76.570323,114.855485,-9360.722011
886.437364,95.712904,133.998066,-9360.722011
886.437992,153.140646,172.283227,-9418.149754
886.438619,38.285162,114.855485,-9418.149754
886.439246,95.712904,95.712904,-9399.007173
886.439874,76.570323,172.283227,-9418.149754
886.440501,133.998066,114.855485,-9418.149754
886.441129,76.570323,172.283227,-9456.434915
886.441756,76.570323,114.855485,-9456.434915
886.442384,153.140646,153.140646,-9399.007173
886.443011,133.998066,153.140646,-9437.292334
886.443638,38.285162,172.283227,-9418.149754
886.444266,76.570323,153.140646,-9475.577496
886.444893,76.570323,114.855485,-9437.292334
886.445521,133.998066,114.855485,-9456.434915
886.446148,38.285162,172.283227,-9456.434915
886.446776,95.712904,153.140646,-9418.149754
886.447403,114.855485,95.712904,-9399.007173
886.448031,133.998066,133.998066,-9399.007173
886.448658,76.570323,153.140646,-9418.149754
886.449285,38.285162,172.283227,-9418.149754
886.449913,133.998066,191.425808,-9399.007173
886.450540,133.998066,114.855485,-9437.292334
886.451168,38.285162,114.855485,-9418.149754
886.451795,76.570323,133.998066,-9360.722011
886.452423,133.998066,153.140646,-9456.434915
886.453050,114.855485,133.998066,-9360.722011
886.453677,76.570323,114.855485,-9475.577496
886.454305,76.570323,114.855485,-9418.149754
886.454932,133.998066,114.855485,-9475.577496
886.455560,133.998066,172.283227,-9456.434915
886.456187,133.998066,133.998066,-9399.007173
886.456815,76.570323,114.855485,-9418.149754
886.457442,76.570323,114.855485,-9437.292334
886.458069,76.570323,172.283227,-9418.149754
886.458697,76.570323,153.140646,-9418.149754
886.459324,76.570323,172.283227,-9437.292334
886.459952,76.570323,153.140646,-9418.149754
886.460579,38.285162,114.855485,-9418.149754
886.461207,133.998066,114.855485,-9418.149754
886.461834,95.712904,133.998066,-9360.722011
886.462461,95.712904,95.712904,-9494.720077
886.463089,114.855485,95.712904,-9437.292334
886.463716,38.285162,191.425808,-9456.434915
886.464344,76.570323,210.568389,-9437.292334
886.464971,76.570323,114.855485,-9418.149754
886.465599,114.855485,95.712904,-9437.292334
886.466226,133.998066,114.855485,-9418.149754
886.466853,172.283227,114.855485,-9379.864592
886.467481,133.998066,191.425808,-9418.149754
886.468108,38.285162,114.855485,-9418.149754
886.468736,133.998066,191.425808,-9418.149754
886.469363,133.998066,114.855485,-9418.149754
886.469991,38.285162,114.855485,-9494.720077
886.470618,76.570323,114.855485,-9456.434915
886.471245,57.427742,172.283227,-9437.292334
886.471873,76.570323,114.855485,-9418.149754
886.472500,76.570323,114.855485,-9456.434915
886.473128,153.140646,114.855485,-9456.434915
886.473755,133.998066,114.855485,-9418.149754
886.474383,133.998066,114.855485,-9418.149754
886.475010,76.570323,153.140646,-9456.434915
886.475637,76.570323,114.855485,-9418.149754
886.476265,38.285162,114.855485,-9418.149754
886.476892,133.998066,76.570323,-9399.007173
886.477520,38.285162,229.710970,-9418.149754
886.478147,76.570323,229.710970,-9437.292334
886.478775,153.140646,114.855485,-9475.577496
886.479402,76.570323,114.855485,-9418.149754
886.480029,153.140646,133.998066,-9399.007173
886.480657,153.140646,133.998066,-9399.007173
886.481284,76.570323,114.855485,-9456.434915
886.481912,133.998066,114.855485,-9418.149754
886.482539,76.570323,153.140646,-9437.292334
886.483167,133.998066,114.855485,-9418.149754
886.483794,76.570323,114.855485,-9418.149754
886.484422,38.285162,191.425808,-9418.149754
886.485049,133.998066,229.710970,-9456.434915
886.485676,133.998066,114.855485,-9418.149754
886.486304,95.712904,114.855485,-9418.149754
886.486931,114.855485,114.855485,-9399.007173
886.487559,76.570323,210.568389,-9418.149754
886.488186,95.712904,248.853550,-9360.722011
886.488814,38.285162,153.140646,-9418.149754
886.489441,76.570323,114.855485,-9418.149754
886.490068,133.998066,114.855485,-9418.149754
886.490696,76.570323,172.283227,-9418.149754
886.491323,38.285162,172.283227,-9475.577496
886.491951,133.998066,114.855485,-9418.149754
886.492578,133.998066,153.140646,-9418.149754
886.493206,76.570323,172.283227,-9418.149754
886.493833,133.998066,114.855485,-9418.149754
886.494460,76.570323,114.855485,-9418.149754
886.495088,76.570323,153.140646,-9418.149754
886.495715,95.712904,114.855485,-9418.149754
886.496343,133.998066,114.855485,-9437.292334
886.496970,95.712904,210.568389,-9456.434915
886.497598,76.570323,114.855485,-9437.292334
886.498225,76.570323,114.855485,-9456.434915
886.498852,172.283227,114.855485,-9379.864592
886.499480,76.570323,114.855485,-9437.292334
886.500107,133.998066,114.855485,-9456.434915
886.500735,133.998066,114.855485,-9437.292334
886.501362,133.998066,153.140646,-9418.149754
886.501990,153.140646,133.998066,-9399.007173
886.502617,153.140646,133.998066,-9399.007173
886.503244,133.998066,114.855485,-9456.434915
886.503872,38.285162,210.568389,-9418.149754
886.504499,133.998066,114.855485,-9437.292334
886.505127,57.427742,114.855485,-9437.292334
886.505754,76.570323,114.855485,-9418.149754
886.506382,76.570323,114.855485,-9418.149754
886.507009,133.998066,153.140646,-9437.292334
886.507636,95.712904,95.712904,-9494.720077
886.508264,133.998066,172.283227,-9437.292334
886.508891,76.570323,114.855485,-9418.149754
886.509519,133.998066,210.568389,-9418.149754
886.510146,76.570323,114.855485,-9437.292334
886.510774,95.712904,95.712904,-9399.007173
886.511401,38.285162,114.855485,-9456.434915
886.512028,76.570323,114.855485,-9456.434915
886.512656,133.998066,114.855485,-9437.292334
886.513284,133.998066,172.283227,-9399.007173
886.513912,133.998066,114.855485,-9418.149754
886.514539,133.998066,114.855485,-9418.149754
886.515167,133.998066,114.855485,-9475.577496
886.515795,76.570323,172.283227,-9437.292334
886.516423,95.712904,114.855485,-9418.149754
886.517051,76.570323,114.855485,-9418.149754
886.517678,114.855485,95.712904,-9456.434915
886.518306,153.140646,133.998066,-9399.007173
886.518934,133.998066,229.710970,-9418.149754
886.519562,133.998066,114.855485,-9418.149754
886.520189,76.570323,210.568389,-9418.149754
886.520817,76.570323,172.283227,-9418.149754
886.521445,38.285162,114.855485,-9418.149754
886.522073,95.712904,114.855485,-9418.149754
886.522700,76.570323,153.140646,-9418.149754
886.523328,133.998066,114.855485,-9418.149754
886.523956,76.570323,114.855485,-9418.149754
886.524584,114.855485,133.998066,-9360.722011
886.525211,133.998066,133.998066,-9494.720077
886.525839,76.570323,248.853550,-9399.007173
886.526467,133.998066,153.140646,-9418.149754
886.527095,153.140646,133.998066,-9456.434915
886.527722,133.998066,191.425808,-9456.434915
886.528350,95.712904,153.140646,-9360.722011
886.528978,133.998066,153.140646,-9437.292334
886.529606,76.570323,153.140646,-9437.292334
886.530233,38.285162,114.855485,-9456.434915
886.530861,76.570323,172.283227,-9475.577496
886.531489,76.570323,114.855485,-9533.005238
886.532117,133.998066,114.855485,-9418.149754
886.532744,76.570323,114.855485,-9456.434915
886.533372,76.570323,114.855485,-9494.720077
886.534000,133.998066,172.283227,-9456.434915
886.534628,76.570323,210.568389,-9418.149754
886.535255,153.140646,191.425808,-9399.007173
886.535883,95.712904,191.425808,-9418.149754
886.536511,76.570323,153.140646,-9437.292334
886.537139,76.570323,114.855485,-9418.149754
886.537766,76.570323,114.855485,-9418.149754
886.538394,57.427742,133.998066,-9418.149754
886.539022,57.427742,114.855485,-9399.007173
886.539650,153.140646,172.283227,-9437.292334
886.540277,76.570323,153.140646,-9418.149754
886.540905,133.998066,114.855485,-9437.292334
886.541533,114.855485,172.283227,-9360.722011
886.542161,76.570323,229.710970,-9418.149754
886.542788,114.855485,133.998066,-9360.722011
886.543416,76.570323,172.283227,-9418.149754
886.544044,76.570323,114.855485,-9418.149754
886.544672,133.998066,114.855485,-9418.149754
886.545299,153.140646,133.998066,-9456.434915
886.545927,153.140646,133.998066,-9399.007173
886.546555,172.283227,114.855485,-9379.864592
886.547183,153.140646,191.425808,-9456.434915
886.547810,76.570323,153.140646,-9437.292334
886.548438,133.998066,114.855485,-9437.292334
886.549066,133.998066,114.855485,-9494.720077
886.549694,76.570323,114.855485,-9418.149754
886.550322,38.285162,114.855485,-9475.577496
886.550949,76.570323,114.855485,-9418.149754
886.551577,76.570323,114.855485,-9437.292334
886.552205,38.285162,172.283227,-9437.292334
886.552833,95.712904,95.712904,-9437.292334
886.553460,38.285162,114.855485,-9418.149754
886.554088,133.998066,114.855485,-9533.005238
886.554716,76.570323,153.140646,-9437.292334
886.555344,76.570323,114.855485,-9418.149754
886.555971,133.998066,114.855485,-9418.149754
886.556599,133.998066,114.855485,-9418.149754
886.557227,153.140646,133.998066,-9456.434915
886.557855,114.855485,114.855485,-9379.864592
886.558482,133.998066,114.855485,-9437.292334
886.559110,57.427742,172.283227,-9418.149754
886.559738,76.570323,114.855485,-9456.434915
886.560366,76.570323,76.570323,-9379.864592
886.560993,76.570323,114.855485,-9418.149754
886.561621,38.285162,172.283227,-9418.149754
886.562249,133.998066,172.283227,-9437.292334
886.562877,57.427742,114.855485,-9379.864592
886.563504,95.712904,153.140646,-9418.149754
886.564132,133.998066,114.855485,-9456.434915
886.564760,76.570323,95.712904,-9399.007173
886.565388,95.712904,95.712904,-9456.434915
886.566015,76.570323,153.140646,-9418.149754
886.566643,133.998066,114.855485,-9418.149754
886.567271,133.998066,153.140646,-9418.149754
886.567899,38.285162,210.568389,-9418.149754
886.568526,38.285162,114.855485,-9418.149754
886.569154,133.998066,114.855485,-9456.434915
886.569782,114.855485,95.712904,-9399.007173
886.570410,133.998066,133.998066,-9399.007173
886.571037,95.712904,114.855485,-9418.149754
886.571665,76.570323,153.140646,-9437.292334
886.572293,38.285162,114.855485,-9418.149754
886.572921,133.998066,114.855485,-9418.149754
886.573548,153.140646,133.998066,-9399.007173
886.574176,38.285162,172.283227,-9418.149754
886.574804,76.570323,114.855485,-9418.149754
886.575432,38.285162,153.140646,-9418.149754
886.576059,76.570323,114.855485,-9418.149754
886.576687,76.570323,153.140646,-9437.292334
886.577315,133.998066,210.568389,-9475.577496
886.577943,114.855485,95.712904,-9399.007173
886.578570,133.998066,172.283227,-9418.149754
886.579198,133.998066,153.140646,-9418.149754
886.579826,153.140646,153.140646,-9399.007173
886.580454,38.285162,153.140646,-9418.149754
886.581081,76.570323,114.855485,-9437.292334
886.581709,76.570323,172.283227,-9418.149754
886.582337,95.712904,114.855485,-9418.149754
886.582965,38.285162,172.283227,-9418.149754
886.583593,95.712904,114.855485,-9418.149754
886.584220,76.570323,210.568389,-9456.434915
886.584848,95.712904,153.140646,-9418.149754
886.585476,133.998066,114.855485,-9437.292334
886.586104,76.570323,210.568389,-9475.577496
886.586731,76.570323,191.425808,-9437.292334
886.587359,76.570323,172.283227,-9418.149754
886.587987,76.570323,172.283227,-9437.292334
886.588615,133.998066,114.855485,-9437.292334
886.589242,38.285162,114.855485,-9437.292334
886.589870,133.998066,172.283227,-9456.434915
886.590498,76.570323,114.855485,-9418.149754
886.591126,38.285162,153.140646,-9418.149754
886.591753,76.570323,114.855485,-9456.434915
886.592381,76.570323,172.283227,-9437.292334
886.593009,38.285162,114.855485,-9437.292334
886.593637,76.570323,153.140646,-9418.149754
886.594264,133.998066,114.855485,-9456.434915
886.594892,133.998066,114.855485,-9418.149754
886.595520,153.140646,133.998066,-9456.434915
886.596148,114.855485,133.998066,-9360.722011
886.596775,76.570323,114.855485,-9418.149754
886.597403,114.855485,95.712904,-9399.007173
886.598031,76.570323,153.140646,-9494.720077
886.598659,153.140646,153.140646,-9456.434915
886.599286,133.998066,114.855485,-9418.149754
886.599914,95.712904,95.712904,-9399.007173
886.600542,133.998066,153.140646,-9418.149754
886.601170,38.285162,114.855485,-9418.149754
886.601797,38.285162,210.568389,-9418.149754
886.602425,38.285162,114.855485,-9437.292334
886.603053,76.570323,153.140646,-9418.149754
886.603681,38.285162,172.283227,-9418.149754
886.604308,95.712904,114.855485,-9437.292334
886.604936,76.570323,114.855485,-9418.149754
886.605564,95.712904,210.568389,-9418.149754
886.606192,133.998066,172.283227,-9437.292334
886.606819,133.998066,153.140646,-9456.434915
886.607447,76.570323,114.855485,-9418.149754
886.608075,133.998066,114.855485,-9456.434915
886.608703,133.998066,114.855485,-9456.434915
886.609330,133.998066,114.855485,-9437.292334
886.609958,95.712904,95.712904,-9399.007173
886.610586,133.998066,114.855485,-9437.292334
886.611214,76.570323,114.855485,-9418.149754
886.611841,133.998066,172.283227,-9418.149754
886.612469,76.570323,114.855485,-9418.149754
886.613097,133.998066,114.855485,-9418.149754
886.613725,38.285162,153.140646,-9437.292334
886.614352,76.570323,172.283227,-9437.292334
886.614980,133.998066,172.283227,-9418.149754
886.615608,133.998066,153.140646,-9418.149754
886.616236,153.140646,153.140646,-9456.434915
886.616863,153.140646,133.998066,-9456.434915
886.617491,114.855485,153.140646,-9360.722011
886.618119,76.570323,114.855485,-9437.292334
886.618747,133.998066,172.283227,-9418.149754
886.619374,133.998066,153.140646,-9418.149754
886.620002,133.998066,172.283227,-9418.149754
886.620630,210.568389,191.425808,-9379.864592
886.621258,133.998066,114.855485,-9418.149754
886.621885,153.140646,172.283227,-9437.292334
886.622513,153.140646,172.283227,-9399.007173
886.623141,76.570323,210.568389,-9418.149754
886.623769,38.285162,153.140646,-9418.149754
886.624396,57.427742,95.712904,-9399.007173
886.625024,76.570323,95.712904,-9456.434915
886.625652,133.998066,114.855485,-9437.292334
886.626280,153.140646,114.855485,-9418.149754
886.626907,76.570323,114.855485,-9418.149754
886.627535,76.570323,114.855485,-9475.577496
886.628163,38.285162,114.855485,-9418.149754
886.628791,95.712904,114.855485,-9399.007173
886.629418,76.570323,133.998066,-9379.864592
886.630046,38.285162,172.283227,-9418.149754
886.630674,76.570323,114.855485,-9418.149754
886.631302,38.285162,114.855485,-9418.149754
886.631929,76.570323,153.140646,-9418.149754
886.632557,114.855485,95.712904,-9437.292334
886.633185,133.998066,114.855485,-9418.149754
886.633813,114.855485,114.855485,-9399.007173
886.634440,133.998066,114.855485,-9418.149754
886.635068,114.855485,95.712904,-9399.007173
886.635696,76.570323,114.855485,-9418.149754
886.636324,76.570323,114.855485,-9475.577496
886.636951,76.570323,172.283227,-9418.149754
886.637579,76.570323,114.855485,-9418.149754
886.638207,38.285162,172.283227,-9418.149754
886.638835,76.570323,153.140646,-9418.149754
886.639462,133.998066,114.855485,-9475.577496
886.640090,76.570323,114.855485,-9475.577496
886.640718,153.140646,114.855485,-9475.577496
886.641346,76.570323,153.140646,-9475.577496
886.641973,38.285162,114.855485,-9456.434915
886.642601,133.998066,153.140646,-9418.149754
886.643229,76.570323,114.855485,-9418.149754
886.643857,76.570323,153.140646,-9418.149754
886.644484,95.712904,114.855485,-9418.149754
886.645112,76.570323,114.855485,-9418.149754
886.645740,19.142581,114.855485,-9418.149754
886.646368,133.998066,114.855485,-9437.292334
886.646995,57.427742,95.712904,-9399.007173
886.647623,95.712904,133.998066,-9360.722011
886.648251,95.712904,172.283227,-9437.292334
886.648879,38.285162,114.855485,-9418.149754
886.649506,38.285162,114.855485,-9437.292334
886.650134,133.998066,210.568389,-9418.149754
886.650762,114.855485,133.998066,-9418.149754
886.651390,76.570323,153.140646,-9437.292334
886.652017,133.998066,172.283227,-9456.434915
886.652645,95.712904,153.140646,-9418.149754
886.653273,133.998066,114.855485,-9418.149754
886.653900,133.998066,153.140646,-9418.149754
886.654528,38.285162,114.855485,-9418.149754
886.655156,153.140646,153.140646,-9399.007173
886.655784,76.570323,114.855485,-9418.149754
886.656411,57.427742,95.712904,-9437.292334
886.657039,133.998066,172.283227,-9418.149754
886.657667,76.570323,153.140646,-9437.292334
886.658295,133.998066,172.283227,-9418.149754
886.658922,114.855485,114.855485,-9399.007173
886.659550,76.570323,153.140646,-9418.149754
886.660178,76.570323,114.855485,-9418.149754
886.660806,76.570323,114.855485,-9418.149754
886.661433,172.283227,95.712904,-9399.007173
886.662061,76.570323,114.855485,-9475.577496
886.662689,114.855485,95.712904,-9399.007173
886.663317,95.712904,172.283227,-9418.149754
886.663944,133.998066,114.855485,-9437.292334
886.664572,76.570323,153.140646,-9418.149754
886.665200,76.570323,114.855485,-9494.720077
886.665828,76.570323,210.568389,-9456.434915
886.666455,133.998066,153.140646,-9418.149754
886.667083,76.570323,95.712904,-9399.007173
886.667711,95.712904,114.855485,-9456.434915
886.668339,133.998066,191.425808,-9437.292334
886.668966,76.570323,114.855485,-9418.149754
886.669594,38.285162,114.855485,-9475.577496
886.670222,57.427742,95.712904,-9437.292334
886.670850,95.712904,172.283227,-9437.292334
886.671477,76.570323,172.283227,-9418.149754
886.672105,76.570323,114.855485,-9418.149754
886.672733,133.998066,191.425808,-9437.292334
886.673361,76.570323,153.140646,-9418.149754
886.673988,76.570323,153.140646,-9418.149754
886.674616,76.570323,114.855485,-9456.434915
886.675244,95.712904,172.283227,-9418.149754
886.675872,76.570323,172.283227,-9418.149754
886.676499,172.283227,172.283227,-9379.864592
886.677127,114.855485,153.140646,-9360.722011
886.677755,95.712904,95.712904,-9399.007173
886.678383,153.140646,133.998066,-9399.007173
886.679010,210.568389,133.998066,-9494.720077
886.679638,76.570323,172.283227,-9437.292334
886.680266,76.570323,114.855485,-9456.434915
886.680894,95.712904,95.712904,-9437.292334
886.681521,95.712904,191.425808,-9360.722011
886.682149,57.427742,95.712904,-9399.007173
886.682777,38.285162,114.855485,-9418.149754
886.683405,38.285162,153.140646,-9418.149754
886.684032,133.998066,114.855485,-9437.292334
886.684660,133.998066,76.570323,-9379.864592
886.685288,38.285162,114.855485,-9456.434915
886.685916,76.570323,114.855485,-9418.149754
886.686543,38.285162,114.855485,-9418.149754
886.687171,114.855485,133.998066,-9418.149754
886.687799,76.570323,114.855485,-9418.149754
886.688427,153.140646,133.998066,-9399.007173
886.689054,133.998066,114.855485,-9437.292334
886.689682,153.140646,133.998066,-9513.862658
886.690310,76.570323,114.855485,-9437.292334
886.690938,153.140646,210.568389,-9437.292334
886.691565,76.570323,114.855485,-9418.149754
886.692193,95.712904,114.855485,-9399.007173
886.692821,76.570323,76.570323,-9379.864592
886.693449,153.140646,114.855485,-9418.149754
886.694076,133.998066,114.855485,-9418.149754
886.694704,172.283227,76.570323,-9456.434915
886.695332,76.570323,114.855485,-9418.149754
886.695960,76.570323,114.855485,-9437.292334
886.696587,114.855485,153.140646,-9437.292334
886.697215,76.570323,172.283227,-9418.149754
886.697843,38.285162,153.140646,-9437.292334
886.698470,133.998066,114.855485,-9418.149754
886.699098,133.998066,114.855485,-9418.149754
886.699726,38.285162,153.140646,-9418.149754
886.700354,38.285162,114.855485,-9437.292334
886.700981,133.998066,114.855485,-9418.149754
886.701609,133.998066,114.855485,-9437.292334
886.702237,76.570323,172.283227,-9456.434915
886.702865,133.998066,172.283227,-9437.292334
886.703492,76.570323,210.568389,-9418.149754
886.704120,38.285162,114.855485,-9418.149754
886.704748,57.427742,95.712904,-9437.292334
886.705376,38.285162,191.425808,-9418.149754
886.706003,76.570323,210.568389,-9475.577496
886.706631,76.570323,210.568389,-9437.292334
886.707259,133.998066,172.283227,-9475.577496
886.707887,76.570323,210.568389,-9418.149754
886.708514,153.140646,191.425808,-9456.434915
886.709142,153.140646,191.425808,-9399.007173
886.709770,76.570323,114.855485,-9418.149754
886.710398,95.712904,114.855485,-9437.292334
886.711025,38.285162,153.140646,-9418.149754
886.711653,38.285162,153.140646,-9437.292334
886.712281,76.570323,114.855485,-9418.149754
886.712909,114.855485,172.283227,-9360.722011
886.713536,76.570323,153.140646,-9475.577496
886.714164,95.712904,114.855485,-9475.577496
886.714791,95.712904,114.855485,-9533.005238
886.715419,38.285162,172.283227,-9418.149754
886.716047,38.285162,114.855485,-9418.149754
886.716674,133.998066,114.855485,-9418.149754
886.717302,153.140646,153.140646,-9418.149754
886.717929,133.998066,114.855485,-9437.292334
886.718557,76.570323,114.855485,-9418.149754
886.719185,133.998066,153.140646,-9418.149754
886.719812,76.570323,114.855485,-9456.434915
886.720440,133.998066,114.855485,-9475.577496
886.721067,133.998066,210.568389,-9475.577496
886.721695,76.570323,114.855485,-9437.292334
886.722323,76.570323,114.855485,-9475.577496
886.722950,133.998066,172.283227,-9418.149754
886.723578,133.998066,153.140646,-9418.149754
886.724205,76.570323,172.283227,-9418.149754
886.724833,95.712904,114.855485,-9437.292334
886.725460,95.712904,153.140646,-9360.722011
886.726088,114.855485,95.712904,-9456.434915
886.726716,76.570323,114.855485,-9418.149754
886.727343,76.570323,114.855485,-9418.149754
886.727971,57.427742,172.283227,-9360.722011
886.728598,133.998066,114.855485,-9437.292334
886.729226,76.570323,95.712904,-9399.007173
886.729854,133.998066,114.855485,-9418.149754
886.730481,76.570323,114.855485,-9399.007173
886.731109,133.998066,172.283227,-9418.149754
886.731736,76.570323,172.283227,-9418.149754
886.732364,76.570323,172.283227,-9418.149754
886.732992,76.570323,133.998066,-9513.862658
886.733619,38.285162,114.855485,-9437.292334
886.734247,38.285162,153.140646,-9418.149754
886.734874,76.570323,153.140646,-9494.720077
886.735502,76.570323,172.283227,-9475.577496
886.736129,133.998066,172.283227,-9418.149754
886.736757,95.712904,114.855485,-9399.007173
886.737385,38.285162,153.140646,-9418.149754
886.738012,76.570323,114.855485,-9418.149754
886.738640,153.140646,133.998066,-9399.007173
886.739267,133.998066,153.140646,-9437.292334
886.739895,95.712904,114.855485,-9437.292334
886.740523,133.998066,114.855485,-9437.292334
886.741150,153.140646,191.425808,-9437.292334
886.741778,76.570323,153.140646,-9475.577496
886.742405,153.140646,133.998066,-9437.292334
886.743033,114.855485,95.712904,-9456.434915
886.743661,133.998066,114.855485,-9418.149754
886.744288,153.140646,172.283227,-9399.007173
886.744916,114.855485,248.853550,-9418.149754
886.745543,76.570323,210.568389,-9418.149754
886.746171,153.140646,210.568389,-9399.007173
886.746799,76.570323,210.568389,-9418.149754
886.747426,38.285162,114.855485,-9456.434915
886.748054,76.570323,114.855485,-9418.149754
886.748681,76.570323,210.568389,-9437.292334
886.749309,95.712904,172.283227,-9360.722011
886.749936,57.427742,114.855485,-9418.149754
886.750564,38.285162,172.283227,-9475.577496
886.751192,76.570323,114.855485,-9418.149754
886.751819,76.570323,114.855485,-9418.149754
886.752447,76.570323,210.568389,-9437.292334
886.753074,133.998066,210.568389,-9437.292334
886.753702,38.285162,172.283227,-9437.292334
886.754330,76.570323,114.855485,-9418.149754
886.754957,76.570323,133.998066,-9418.149754
886.755585,133.998066,210.568389,-9418.149754
886.756212,95.712904,114.855485,-9418.149754
886.756840,76.570323,153.140646,-9418.149754
886.757468,76.570323,114.855485,-9437.292334
886.758095,76.570323,114.855485,-9418.149754
886.758723,133.998066,114.855485,-9437.292334
886.759350,76.570323,210.568389,-9437.292334
886.759978,133.998066,210.568389,-9456.434915
886.760605,133.998066,133.998066,-9399.007173
886.761233,38.285162,114.855485,-9418.149754
886.761861,76.570323,114.855485,-9437.292334
886.762488,76.570323,114.855485,-9437.292334
886.763116,76.570323,114.855485,-9418.149754
886.763743,76.570323,172.283227,-9418.149754
886.764371,76.570323,153.140646,-9418.149754
886.764999,38.285162,114.855485,-9418.149754
886.765626,133.998066,172.283227,-9418.149754
886.766254,38.285162,210.568389,-9418.149754
886.766881,133.998066,114.855485,-9418.149754
886.767509,38.285162,114.855485,-9418.149754
886.768137,38.285162,210.568389,-9418.149754
886.768764,76.570323,172.283227,-9418.149754
886.769392,76.570323,153.140646,-9418.149754
886.770019,76.570323,191.425808,-9418.149754
886.770647,153.140646,191.425808,-9399.007173
886.771274,153.140646,191.425808,-9456.434915
886.771902,133.998066,172.283227,-9475.577496
886.772530,76.570323,172.283227,-9437.292334
886.773157,76.570323,95.712904,-9399.007173
886.773785,76.570323,114.855485,-9418.149754
886.774412,57.427742,95.712904,-9399.007173
886.775040,133.998066,172.283227,-9437.292334
886.775668,133.998066,114.855485,-9456.434915
886.776295,76.570323,114.855485,-9437.292334
886.776923,38.285162,172.283227,-9418.149754
886.777550,38.285162,114.855485,-9418.149754
886.778178,19.142581,114.855485,-9418.149754
886.778806,76.570323,95.712904,-9399.007173
886.779433,133.998066,210.568389,-9418.149754
886.780061,133.998066,114.855485,-9418.149754
886.780688,133.998066,133.998066,-9399.007173
886.781316,114.855485,95.712904,-9399.007173
886.781944,38.285162,114.855485,-9437.292334
886.782571,133.998066,153.140646,-9456.434915
886.783199,153.140646,191.425808,-9399.007173
886.783826,133.998066,114.855485,-9437.292334
886.784454,133.998066,172.283227,-9494.720077
886.785081,133.998066,114.855485,-9418.149754
886.785709,133.998066,172.283227,-9418.149754
886.786337,76.570323,153.140646,-9456.434915
886.786964,133.998066,114.855485,-9418.149754
886.787592,133.998066,114.855485,-9418.149754
886.788219,76.570323,191.425808,-9418.149754
886.788847,76.570323,114.855485,-9418.149754
886.789475,38.285162,114.855485,-9418.149754
886.790102,133.998066,153.140646,-9418.149754
886.790730,95.712904,114.855485,-9437.292334
886.791357,133.998066,114.855485,-9418.149754
886.791985,76.570323,114.855485,-9418.149754
886.792613,133.998066,114.855485,-9418.149754
886.793240,153.140646,172.283227,-9418.149754
886.793868,153.140646,172.283227,-9399.007173
886.794495,133.998066,114.855485,-9418.149754
886.795123,133.998066,133.998066,-9437.292334
886.795750,133.998066,133.998066,-9399.007173
886.796378,76.570323,210.568389,-9533.005238
886.797006,133.998066,133.998066,-9399.007173
886.797633,133.998066,172.283227,-9456.434915
886.798261,38.285162,114.855485,-9456.434915
886.798888,76.570323,114.855485,-9418.149754
886.799516,153.140646,191.425808,-9399.007173
886.800144,210.568389,210.568389,-9456.434915
886.800771,172.283227,114.855485,-9513.862658
886.801399,153.140646,172.283227,-9399.007173
886.802026,76.570323,114.855485,-9456.434915
886.802654,76.570323,114.855485,-9437.292334
886.803282,76.570323,114.855485,-9456.434915
886.803909,95.712904,114.855485,-9437.292334
886.804537,38.285162,114.855485,-9437.292334
886.805164,76.570323,153.140646,-9494.720077
886.805792,38.285162,114.855485,-9456.434915
886.806420,38.285162,210.568389,-9475.577496
886.807047,95.712904,114.855485,-9456.434915
886.807675,95.712904,95.712904,-9399.007173
886.808302,114.855485,114.855485,-9399.007173
886.808930,38.285162,114.855485,-9418.149754
886.809557,133.998066,172.283227,-9418.149754
886.810185,133.998066,172.283227,-9399.007173
886.810813,38.285162,172.283227,-9418.149754
886.811440,95.712904,153.140646,-9456.434915
886.812068,133.998066,210.568389,-9533.005238
886.812695,133.998066,229.710970,-9418.149754
886.813323,95.712904,114.855485,-9418.149754
886.813950,133.998066,172.283227,-9456.434915
886.814578,133.998066,114.855485,-9437.292334
886.815205,133.998066,153.140646,-9437.292334
886.815833,95.712904,114.855485,-9418.149754
886.816460,76.570323,95.712904,-9494.720077
886.817088,133.998066,114.855485,-9418.149754
886.817715,114.855485,210.568389,-9379.864592
886.818343,76.570323,191.425808,-9437.292334
886.818970,133.998066,172.283227,-9418.149754
886.819598,76.570323,172.283227,-9418.149754
886.820225,38.285162,229.710970,-9418.149754
886.820853,76.570323,114.855485,-9456.434915
886.821480,133.998066,114.855485,-9475.577496
886.822107,133.998066,153.140646,-9437.292334
886.822735,38.285162,114.855485,-9456.434915
886.823362,153.140646,114.855485,-9437.292334
886.823990,95.712904,95.712904,-9456.434915
886.824617,95.712904,114.855485,-9437.292334
886.825245,57.427742,114.855485,-9437.292334
886.825872,95.712904,114.855485,-9456.434915
886.826500,153.140646,153.140646,-9399.007173
886.827127,114.855485,114.855485,-9418.149754
886.827755,153.140646,133.998066,-9399.007173
886.828382,133.998066,210.568389,-9418.149754
886.829010,95.712904,114.855485,-9418.149754
886.829637,76.570323,114.855485,-9475.577496
886.830265,133.998066,153.140646,-9456.434915
886.830892,76.570323,114.855485,-9494.720077
886.831519,153.140646,153.140646,-9475.577496
886.832147,76.570323,153.140646,-9418.149754
886.832774,133.998066,191.425808,-9418.149754
886.833402,76.570323,153.140646,-9360.722011
886.834029,76.570323,114.855485,-9360.722011
886.834657,76.570323,114.855485,-9418.149754
886.835284,95.712904,114.855485,-9399.007173
886.835912,133.998066,114.855485,-9437.292334
886.836539,114.855485,172.283227,-9341.579430
886.837167,133.998066,172.283227,-9399.007173
886.837794,76.570323,114.855485,-9418.149754
886.838422,95.712904,95.712904,-9494.720077
886.839049,133.998066,114.855485,-9418.149754
886.839677,76.570323,114.855485,-9418.149754
886.840304,76.570323,153.140646,-9418.149754
886.840931,76.570323,229.710970,-9418.149754
886.841559,95.712904,95.712904,-9437.292334
886.842186,95.712904,95.712904,-9399.007173
886.842814,133.998066,172.283227,-9418.149754
886.843441,76.570323,153.140646,-9418.149754
886.844069,95.712904,114.855485,-9418.149754
886.844696,153.140646,133.998066,-9399.007173
886.845324,114.855485,95.712904,-9456.434915
886.845951,76.570323,114.855485,-9418.149754
886.846579,76.570323,114.855485,-9456.434915
886.847206,133.998066,172.283227,-9437.292334
886.847834,133.998066,133.998066,-9456.434915
886.848461,38.285162,114.855485,-9418.149754
886.849088,133.998066,210.568389,-9437.292334
886.849716,133.998066,172.283227,-9418.149754
886.850343,133.998066,153.140646,-9437.292334
886.850971,76.570323,153.140646,-9418.149754
886.851598,38.285162,114.855485,-9475.577496
886.852226,76.570323,114.855485,-9418.149754
886.852853,57.427742,114.855485,-9418.149754
886.853481,153.140646,114.855485,-9456.434915
886.854108,133.998066,133.998066,-9399.007173
886.854736,114.855485,133.998066,-9341.579430
886.855363,76.570323,153.140646,-9418.149754
886.855991,95.712904,76.570323,-9379.864592
886.856618,114.855485,114.855485,-9399.007173
886.857246,133.998066,114.855485,-9418.149754
886.857873,95.712904,114.855485,-9418.149754
886.858500,133.998066,114.855485,-9418.149754
886.859128,133.998066,210.568389,-9475.577496
886.859755,76.570323,229.710970,-9418.149754
886.860383,114.855485,133.998066,-9360.722011
886.861010,133.998066,133.998066,-9399.007173
886.861638,133.998066,114.855485,-9418.149754
886.862265,57.427742,114.855485,-9437.292334
886.862893,133.998066,172.283227,-9437.292334
886.863520,133.998066,114.855485,-9418.149754
886.864148,76.570323,153.140646,-9456.434915
886.864775,76.570323,172.283227,-9418.149754
886.865403,133.998066,210.568389,-9418.149754
886.866030,133.998066,172.283227,-9360.722011
886.866657,133.998066,210.568389,-9418.149754
886.867285,76.570323,153.140646,-9456.434915
886.867912,95.712904,210.568389,-9418.149754
886.868540,133.998066,172.283227,-9418.149754
886.869167,38.285162,153.140646,-9475.577496
886.869795,38.285162,210.568389,-9418.149754
886.870422,19.142581,153.140646,-9437.292334
886.871050,133.998066,114.855485,-9418.149754
886.871677,153.140646,114.855485,-9494.720077
886.872305,133.998066,114.855485,-9475.577496
886.872932,114.855485,114.855485,-9399.007173
886.873560,133.998066,153.140646,-9418.149754
886.874187,38.285162,172.283227,-9418.149754
886.874815,114.855485,95.712904,-9399.007173
886.875442,133.998066,114.855485,-9418.149754
886.876069,95.712904,114.855485,-9418.149754
886.876697,133.998066,114.855485,-9418.149754
886.877324,76.570323,114.855485,-9418.149754
886.877952,133.998066,210.568389,-9418.149754
886.878579,153.140646,191.425808,-9399.007173
886.879207,38.285162,172.283227,-9418.149754
886.879834,57.427742,248.853550,-9360.722011
886.880462,95.712904,114.855485,-9399.007173
886.881089,38.285162,191.425808,-9437.292334
886.881717,76.570323,114.855485,-9437.292334
886.882344,95.712904,95.712904,-9437.292334
886.882972,38.285162,114.855485,-9418.149754
886.883599,133.998066,172.283227,-9418.149754
886.884226,76.570323,114.855485,-9418.149754
886.884854,95.712904,114.855485,-9418.149754
886.885481,38.285162,114.855485,-9437.292334
886.886109,95.712904,114.855485,-9418.149754
886.886736,38.285162,114.855485,-9418.149754
886.887364,76.570323,153.140646,-9418.149754
886.887991,76.570323,153.140646,-9418.149754
886.888619,76.570323,114.855485,-9418.149754
886.889246,76.570323,114.855485,-9418.149754
886.889874,133.998066,172.283227,-9494.720077
886.890501,133.998066,172.283227,-9456.434915
886.891129,76.570323,172.283227,-9418.149754
886.891756,76.570323,153.140646,-9418.149754
886.892384,76.570323,114.855485,-9418.149754
886.893011,76.570323,153.140646,-9475.577496
886.893638,133.998066,114.855485,-9418.149754
886.894266,153.140646,133.998066,-9399.007173
886.894893,76.570323,172.283227,-9437.292334
886.895521,76.570323,153.140646,-9437.292334
886.896148,133.998066,153.140646,-9418.149754
886.896776,114.855485,133.998066,-9418.149754
886.897403,38.285162,114.855485,-9418.149754
886.898031,76.570323,114.855485,-9418.149754
886.898658,153.140646,133.998066,-9399.007173
886.899286,133.998066,114.855485,-9418.149754
886.899913,38.285162,114.855485,-9418.149754
886.900541,133.998066,114.855485,-9418.149754
886.901168,114.855485,114.855485,-9437.292334
886.901796,76.570323,172.283227,-9418.149754
886.902423,133.998066,114.855485,-9418.149754
886.903050,153.140646,133.998066,-9456.434915
886.903678,38.285162,153.140646,-9418.149754
886.904305,133.998066,210.568389,-9456.434915
886.904933,76.570323,172.283227,-9475.577496
886.905560,38.285162,210.568389,-9456.434915
886.906188,153.140646,172.283227,-9437.292334
886.906815,76.570323,114.855485,-9418.149754
886.907443,133.998066,114.855485,-9475.577496
886.908070,172.283227,76.570323,-9418.149754
886.908698,172.283227,191.425808,-9379.864592
886.909325,153.140646,153.140646,-9399.007173
886.909953,76.570323,210.568389,-9418.149754
886.910580,95.712904,95.712904,-9399.007173
886.911207,133.998066,114.855485,-9418.149754
886.911835,76.570323,114.855485,-9418.149754
886.912462,38.285162,191.425808,-9360.722011
886.913090,133.998066,133.998066,-9456.434915
886.913717,76.570323,114.855485,-9418.149754
886.914345,153.140646,133.998066,-9399.007173
886.914973,133.998066,210.568389,-9418.149754
886.915600,133.998066,153.140646,-9418.149754
886.916228,76.570323,114.855485,-9437.292334
886.916856,76.570323,114.855485,-9456.434915
886.917483,76.570323,114.855485,-9418.149754
886.918111,38.285162,114.855485,-9437.292334
886.918739,133.998066,114.855485,-9437.292334
886.919366,76.570323,210.568389,-9475.577496
886.919994,76.570323,153.140646,-9533.005238
886.920622,76.570323,114.855485,-9418.149754
886.921249,76.570323,114.855485,-9418.149754
886.921877,153.140646,114.855485,-9418.149754
886.922505,153.140646,172.283227,-9399.007173
886.923132,114.855485,153.140646,-9360.722011
886.923760,133.998066,133.998066,-9456.434915
886.924388,95.712904,210.568389,-9437.292334
886.925015,38.285162,114.855485,-9456.434915
886.925643,95.712904,172.283227,-9456.434915
886.926271,76.570323,172.283227,-9437.292334
886.926898,38.285162,191.425808,-9418.149754
886.927526,76.570323,153.140646,-9437.292334
886.928154,133.998066,114.855485,-9418.149754
886.928781,133.998066,114.855485,-9533.005238
886.929409,57.427742,172.283227,-9456.434915
886.930037,95.712904,153.140646,-9494.720077
886.930664,57.427742,191.425808,-9418.149754
886.931292,133.998066,172.283227,-9437.292334
886.931920,76.570323,114.855485,-9418.149754
886.932547,153.140646,133.998066,-9399.007173
886.933175,114.855485,153.140646,-9360.722011
886.933803,57.427742,133.998066,-9360.722011
886.934430,95.712904,172.283227,-9418.149754
886.935058,76.570323,172.283227,-9418.149754
886.935685,114.855485,133.998066,-9360.722011
886.936313,76.570323,114.855485,-9437.292334
886.936941,153.140646,153.140646,-9399.007173
886.937568,153.140646,248.853550,-9399.007173
886.938196,76.570323,210.568389,-9418.149754
886.938824,95.712904,172.283227,-9360.722011
886.939451,133.998066,153.140646,-9418.149754
886.940079,133.998066,210.568389,-9418.149754
886.940707,114.855485,153.140646,-9379.864592
886.941334,57.427742,210.568389,-9418.149754
886.941962,76.570323,114.855485,-9437.292334
886.942590,133.998066,114.855485,-9456.434915
886.943217,0.000000,114.855485,-9456.434915
886.943845,133.998066,153.140646,-9475.577496
886.944473,76.570323,114.855485,-9418.149754
886.945100,38.285162,114.855485,-9437.292334
886.945728,133.998066,153.140646,-9418.149754
886.946356,95.712904,229.710970,-9418.149754
886.946983,133.998066,153.140646,-9437.292334
886.947611,76.570323,114.855485,-9418.149754
886.948239,76.570323,172.283227,-9533.005238
886.948866,133.998066,114.855485,-9437.292334
886.949494,133.998066,114.855485,-9437.292334
886.950122,133.998066,114.855485,-9456.434915
886.950749,153.140646,114.855485,-9456.434915
886.951377,133.998066,172.283227,-9399.007173
886.952005,133.998066,114.855485,-9418.149754
886.952632,133.998066,172.283227,-9456.434915
886.953260,153.140646,191.425808,-9399.007173
886.953888,114.855485,172.283227,-9418.149754
886.954515,76.570323,191.425808,-9418.149754
886.955143,76.570323,153.140646,-9418.149754
886.955771,133.998066,210.568389,-9456.434915
886.956398,133.998066,114.855485,-9418.149754
886.957026,76.570323,172.283227,-9437.292334
886.957654,133.998066,210.568389,-9475.577496
886.958281,76.570323,114.855485,-9418.149754
886.958909,76.570323,114.855485,-9456.434915
886.959537,133.998066,114.855485,-9456.434915
886.960164,133.998066,114.855485,-9418.149754
886.960792,95.712904,133.998066,-9360.722011
886.961420,38.285162,114.855485,-9456.434915
886.962047,38.285162,210.568389,-9418.149754
886.962675,133.998066,114.855485,-9456.434915
886.963303,153.140646,153.140646,-9399.007173
886.963930,153.140646,114.855485,-9360.722011
886.964558,76.570323,114.855485,-9418.149754
886.965186,76.570323,133.998066,-9360.722011
886.965813,95.712904,114.855485,-9418.149754
886.966441,76.570323,210.568389,-9456.434915
886.967069,76.570323,210.568389,-9437.292334
886.967696,38.285162,114.855485,-9418.149754
886.968324,38.285162,114.855485,-9456.434915
886.968952,153.140646,153.140646,-9437.292334
886.969579,95.712904,153.140646,-9456.434915
886.970207,38.285162,114.855485,-9456.434915
886.970835,133.998066,114.855485,-9418.149754
886.971462,76.570323,229.710970,-9494.720077
886.972090,133.998066,114.855485,-9437.292334
886.972718,76.570323,114.855485,-9418.149754
886.973345,133.998066,114.855485,-9494.720077
886.973973,133.998066,153.140646,-9456.434915
886.974601,114.855485,114.855485,-9399.007173
886.975228,172.283227,133.998066,-9360.722011
886.975856,133.998066,114.855485,-9418.149754
886.976484,153.140646,114.855485,-9418.149754
886.977111,114.855485,191.425808,-9360.722011
886.977739,76.570323,267.996131,-9418.149754
886.978367,76.570323,114.855485,-9418.149754
886.978994,95.712904,114.855485,-9437.292334
886.979622,76.570323,114.855485,-9456.434915
886.980249,76.570323,114.855485,-9437.292334
886.980877,57.427742,95.712904,-9456.434915
886.981505,133.998066,172.283227,-9437.292334
886.982132,153.140646,172.283227,-9494.720077
886.982760,153.140646,172.283227,-9456.434915
886.983388,133.998066,114.855485,-9418.149754
886.984015,153.140646,95.712904,-9360.722011
886.984643,133.998066,153.140646,-9399.007173
886.985271,38.285162,172.283227,-9418.149754
886.985898,38.285162,229.710970,-9418.149754
886.986526,76.570323,172.283227,-9437.292334
886.987154,133.998066,114.855485,-9418.149754
886.987781,76.570323,114.855485,-9437.292334
886.988409,76.570323,172.283227,-9533.005238
886.989037,76.570323,114.855485,-9418.149754
886.989664,76.570323,114.855485,-9418.149754
886.990292,153.140646,133.998066,-9456.434915
886.990920,95.712904,210.568389,-9418.149754
886.991547,76.570323,210.568389,-9456.434915
886.992175,114.855485,172.283227,-9418.149754
886.992803,133.998066,153.140646,-9418.149754
886.993430,76.570323,114.855485,-9418.149754
886.994058,38.285162,172.283227,-9418.149754
886.994686,114.855485,95.712904,-9456.434915
886.995313,38.285162,172.283227,-9399.007173
886.995941,133.998066,133.998066,-9399.007173
886.996569,114.855485,114.855485,-9456.434915
886.997196,95.712904,114.855485,-9418.149754
886.997824,76.570323,172.283227,-9475.577496
886.998452,133.998066,153.140646,-9399.007173
886.999079,76.570323,114.855485,-9418.149754
886.999707,114.855485,114.855485,-9437.292334
887.000335,153.140646,191.425808,-9399.007173
887.000962,153.140646,133.998066,-9399.007173
887.001590,133.998066,153.140646,-9418.149754
887.002218,133.998066,153.140646,-9418.149754
887.002845,133.998066,153.140646,-9418.149754
887.003473,133.998066,172.283227,-9437.292334
887.004101,76.570323,153.140646,-9418.149754
887.004728,114.855485,133.998066,-9360.722011
887.005356,133.998066,114.855485,-9437.292334
887.005984,133.998066,114.855485,-9456.434915
887.006611,114.855485,133.998066,-9360.722011
887.007239,38.285162,114.855485,-9418.149754
887.007867,57.427742,95.712904,-9399.007173
887.008494,19.142581,114.855485,-9437.292334
887.009122,95.712904,172.283227,-9418.149754
887.009750,133.998066,114.855485,-9533.005238
887.010377,133.998066,133.998066,-9513.862658
887.011005,133.998066,114.855485,-9456.434915
887.011633,76.570323,114.855485,-9418.149754
887.012260,133.998066,114.855485,-9437.292334
887.012888,114.855485,76.570323,-9437.292334
887.013516,57.427742,95.712904,-9456.434915
887.014143,76.570323,153.140646,-9437.292334
887.014771,133.998066,172.283227,-9437.292334
887.015398,38.285162,172.283227,-9418.149754
887.016025,95.712904,114.855485,-9456.434915
887.016653,133.998066,172.283227,-9437.292334
887.017280,76.570323,172.283227,-9475.577496
887.017908,76.570323,114.855485,-9475.577496
887.018535,133.998066,153.140646,-9437.292334
887.019162,133.998066,114.855485,-9418.149754
887.019790,133.998066,133.998066,-9456.434915
887.020417,76.570323,114.855485,-9475.577496
887.021045,76.570323,153.140646,-9456.434915
887.021672,133.998066,114.855485,-9360.722011
887.022299,133.998066,133.998066,-9456.434915
887.022927,95.712904,153.140646,-9360.722011
887.023554,133.998066,114.855485,-9418.149754
887.024182,76.570323,114.855485,-9418.149754
887.024809,133.998066,153.140646,-9418.149754
887.025437,133.998066,172.283227,-9418.149754
887.026064,133.998066,114.855485,-9475.577496
887.026691,133.998066,114.855485,-9494.720077
887.027319,76.570323,210.568389,-9418.149754
887.027946,133.998066,172.283227,-9475.577496
887.028574,133.998066,172.283227,-9418.149754
887.029201,76.570323,114.855485,-9418.149754
887.029828,133.998066,114.855485,-9418.149754
887.030456,38.285162,95.712904,-9399.007173
887.031083,76.570323,114.855485,-9418.149754
887.031711,76.570323,172.283227,-9418.149754
887.032338,76.570323,210.568389,-9437.292334
887.032965,76.570323,172.283227,-9437.292334
887.033593,38.285162,114.855485,-9533.005238
887.034220,38.285162,114.855485,-9456.434915
887.034848,76.570323,172.283227,-9418.149754
887.035475,76.570323,210.568389,-9475.577496
887.036102,153.140646,133.998066,-9399.007173
887.036730,76.570323,114.855485,-9418.149754
887.037357,133.998066,114.855485,-9418.149754
887.037985,133.998066,114.855485,-9418.149754
887.038612,76.570323,114.855485,-9418.149754
887.039239,153.140646,172.283227,-9399.007173
887.039867,57.427742,172.283227,-9360.722011
887.040494,95.712904,133.998066,-9360.722011
887.041122,172.283227,76.570323,-9418.149754
887.041749,133.998066,153.140646,-9418.149754
887.042376,95.712904,95.712904,-9399.007173
887.043004,114.855485,153.140646,-9360.722011
887.043631,133.998066,114.855485,-9418.149754
887.044259,114.855485,114.855485,-9437.292334
887.044886,76.570323,114.855485,-9533.005238
887.045513,76.570323,114.855485,-9418.149754
887.046141,133.998066,172.283227,-9418.149754
887.046768,133.998066,153.140646,-9418.149754
887.047396,133.998066,172.283227,-9418.149754
887.048023,95.712904,172.283227,-9437.292334
887.048651,133.998066,114.855485,-9475.577496
887.049278,76.570323,114.855485,-9437.292334
887.049905,76.570323,114.855485,-9418.149754
887.050533,38.285162,114.855485,-9437.292334
887.051160,114.855485,172.283227,-9360.722011
887.051788,38.285162,153.140646,-9437.292334
887.052415,76.570323,114.855485,-9418.149754
887.053042,76.570323,114.855485,-9456.434915
887.053670,153.140646,153.140646,-9399.007173
887.054297,95.712904,153.140646,-9360.722011
887.054925,133.998066,191.425808,-9456.434915
887.055552,76.570323,114.855485,-9437.292334
887.056179,210.568389,153.140646,-9456.434915
887.056807,133.998066,133.998066,-9399.007173
887.057434,76.570323,172.283227,-9418.149754
887.058062,76.570323,114.855485,-9437.292334
887.058689,133.998066,114.855485,-9418.149754
887.059316,153.140646,133.998066,-9475.577496
887.059944,133.998066,172.283227,-9418.149754
887.060571,133.998066,114.855485,-9418.149754
887.061199,133.998066,114.855485,-9360.722011
887.061826,133.998066,133.998066,-9399.007173
887.062453,133.998066,114.855485,-9418.149754
887.063081,114.855485,95.712904,-9437.292334
887.063708,76.570323,114.855485,-9475.577496
887.064336,76.570323,114.855485,-9418.149754
887.064963,95.712904,95.712904,-9399.007173
887.065590,95.712904,114.855485,-9437.292334
887.066218,76.570323,191.425808,-9418.149754
887.066845,76.570323,172.283227,-9418.149754
887.067473,95.712904,133.998066,-9360.722011
887.068100,133.998066,153.140646,-9456.434915
887.068727,38.285162,114.855485,-9418.149754
887.069355,19.142581,210.568389,-9475.577496
887.069982,133.998066,133.998066,-9399.007173
887.070610,76.570323,114.855485,-9437.292334
887.071237,95.712904,95.712904,-9456.434915
887.071864,38.285162,191.425808,-9456.434915
887.072492,76.570323,114.855485,-9418.149754
887.073119,95.712904,210.568389,-9418.149754
887.073747,76.570323,153.140646,-9418.149754
887.074374,133.998066,133.998066,-9399.007173
887.075002,133.998066,172.283227,-9418.149754
887.075629,153.140646,133.998066,-9399.007173
887.076256,76.570323,114.855485,-9437.292334
887.076884,133.998066,114.855485,-9418.149754
887.077511,76.570323,114.855485,-9456.434915
887.078139,76.570323,114.855485,-9418.149754
887.078766,133.998066,153.140646,-9437.292334
887.079393,133.998066,172.283227,-9418.149754
887.080021,114.855485,114.855485,-9379.864592
887.080648,57.427742,95.712904,-9475.577496
887.081276,38.285162,114.855485,-9418.149754
887.081903,38.285162,153.140646,-9418.149754
887.082530,76.570323,114.855485,-9418.149754
887.083158,38.285162,114.855485,-9418.149754
887.083785,76.570323,172.283227,-9418.149754
887.084413,38.285162,114.855485,-9437.292334
887.085040,133.998066,114.855485,-9418.149754
887.085667,76.570323,114.855485,-9418.149754
887.086295,38.285162,114.855485,-9475.577496
887.086922,38.285162,114.855485,-9475.577496
887.087550,38.285162,114.855485,-9456.434915
887.088177,38.285162,210.568389,-9418.149754
887.088804,38.285162,210.568389,-9456.434915
887.089432,38.285162,114.855485,-9418.149754
887.090059,76.570323,114.855485,-9437.292334
887.090687,76.570323,153.140646,-9418.149754
887.091314,57.427742,114.855485,-9494.720077
887.091941,57.427742,95.712904,-9456.434915
887.092569,133.998066,133.998066,-9399.007173
887.093196,76.570323,114.855485,-9418.149754
887.093824,114.855485,95.712904,-9399.007173
887.094451,76.570323,229.710970,-9418.149754
887.095078,38.285162,114.855485,-9418.149754
887.095706,153.140646,191.425808,-9437.292334
887.096333,38.285162,114.855485,-9437.292334
887.096961,76.570323,114.855485,-9456.434915
887.097588,153.140646,133.998066,-9456.434915
887.098216,95.712904,114.855485,-9418.149754
887.098843,153.140646,153.140646,-9399.007173
887.099470,133.998066,153.140646,-9418.149754
887.100098,76.570323,172.283227,-9475.577496
887.100725,114.855485,76.570323,-9456.434915
887.101353,76.570323,191.425808,-9418.149754
887.101980,76.570323,172.283227,-9418.149754
887.102607,133.998066,172.283227,-9533.005238
887.103235,95.712904,191.425808,-9456.434915
887.103862,95.712904,172.283227,-9418.149754
887.104490,133.998066,114.855485,-9418.149754
887.105117,133.998066,114.855485,-9418.149754
887.105744,38.285162,229.710970,-9418.149754
887.106372,133.998066,114.855485,-9418.149754
887.106999,76.570323,114.855485,-9418.149754
887.107627,133.998066,114.855485,-9418.149754
887.108254,133.998066,210.568389,-9475.577496
887.108881,76.570323,172.283227,-9437.292334
887.109509,76.570323,210.568389,-9418.149754
887.110136,133.998066,153.140646,-9456.434915
887.110764,76.570323,114.855485,-9456.434915
887.111391,76.570323,114.855485,-9456.434915
887.112018,133.998066,114.855485,-9456.434915
887.112646,133.998066,114.855485,-9437.292334
887.113273,133.998066,153.140646,-9494.720077
887.113901,76.570323,114.855485,-9456.434915
887.114528,76.570323,172.283227,-9494.720077
887.115156,133.998066,210.568389,-9418.149754
887.115783,133.998066,114.855485,-9418.149754
887.116411,76.570323,153.140646,-9418.149754
887.117038,133.998066,114.855485,-9418.149754
887.117666,95.712904,172.283227,-9360.722011
887.118293,95.712904,76.570323,-9379.864592
887.118921,76.570323,76.570323,-9379.864592
887.119548,76.570323,153.140646,-9437.292334
887.120176,95.712904,114.855485,-9475.577496
887.120803,76.570323,172.283227,-9418.149754
887.121431,38.285162,172.283227,-9418.149754
887.122058,76.570323,114.855485,-9418.149754
887.122686,38.285162,114.855485,-9360.722011
887.123313,76.570323,114.855485,-9418.149754
887.123941,114.855485,95.712904,-9399.007173
887.124568,76.570323,153.140646,-9437.292334
887.125196,76.570323,114.855485,-9437.292334
887.125823,95.712904,114.855485,-9418.149754
887.126451,133.998066,133.998066,-9399.007173
887.127078,76.570323,114.855485,-9418.149754
887.127706,133.998066,114.855485,-9456.434915
887.128333,133.998066,229.710970,-9418.149754
887.128961,38.285162,114.855485,-9437.292334
887.129588,153.140646,210.568389,-9399.007173
887.130216,133.998066,114.855485,-9418.149754
887.130843,133.998066,172.283227,-9418.149754
887.131471,76.570323,172.283227,-9437.292334
887.132099,153.140646,153.140646,-9399.007173
887.132726,133.998066,114.855485,-9418.149754
887.133354,76.570323,114.855485,-9418.149754
887.133981,38.285162,114.855485,-9456.434915
887.134609,153.140646,153.140646,-9399.007173
887.135236,133.998066,153.140646,-9456.434915
887.135864,76.570323,172.283227,-9418.149754
887.136491,57.427742,153.140646,-9360.722011
887.137119,76.570323,172.283227,-9418.149754
887.137746,153.140646,133.998066,-9399.007173
887.138374,95.712904,114.855485,-9456.434915
887.139001,76.570323,153.140646,-9437.292334
887.139629,38.285162,114.855485,-9418.149754
887.140256,76.570323,172.283227,-9418.149754
887.140884,76.570323,114.855485,-9418.149754
887.141511,133.998066,210.568389,-9418.149754
887.142139,133.998066,172.283227,-9437.292334
887.142766,133.998066,114.855485,-9475.577496
887.143394,133.998066,114.855485,-9418.149754
887.144021,95.712904,114.855485,-9399.007173
887.144649,133.998066,153.140646,-9418.149754
887.145276,76.570323,114.855485,-9418.149754
887.145904,38.285162,114.855485,-9437.292334
887.146531,133.998066,153.140646,-9418.149754
887.147159,76.570323,114.855485,-9418.149754
887.147786,76.570323,153.140646,-9418.149754
887.148414,153.140646,133.998066,-9399.007173
887.149041,133.998066,114.855485,-9418.149754
887.149669,76.570323,114.855485,-9418.149754
887.150297,133.998066,114.855485,-9418.149754
887.150924,95.712904,114.855485,-9418.149754
887.151552,95.712904,95.712904,-9437.292334
887.152179,38.285162,210.568389,-9418.149754
887.152807,76.570323,114.855485,-9456.434915
887.153434,38.285162,210.568389,-9494.720077
887.154062,38.285162,210.568389,-9418.149754
887.154689,95.712904,133.998066,-9418.149754
887.155317,76.570323,114.855485,-9418.149754
887.155944,133.998066,114.855485,-9437.292334
887.156572,76.570323,114.855485,-9437.292334
887.157199,38.285162,114.855485,-9418.149754
887.157827,133.998066,114.855485,-9418.149754
887.158454,133.998066,172.283227,-9475.577496
887.159082,38.285162,114.855485,-9418.149754
887.159709,133.998066,133.998066,-9399.007173
887.160337,76.570323,114.855485,-9418.149754
887.160964,133.998066,153.140646,-9418.149754
887.161592,76.570323,114.855485,-9418.149754
887.162219,133.998066,191.425808,-9437.292334
887.162847,95.712904,210.568389,-9437.292334
887.163474,133.998066,114.855485,-9418.149754
887.164102,76.570323,114.855485,-9437.292334
887.164729,38.285162,172.283227,-9456.434915
887.165357,76.570323,210.568389,-9456.434915
887.165984,95.712904,114.855485,-9494.720077
887.166612,133.998066,153.140646,-9437.292334
887.167239,133.998066,210.568389,-9418.149754
887.167867,133.998066,172.283227,-9418.149754
887.168495,76.570323,191.425808,-9418.149754
887.169122,191.425808,76.570323,-9437.292334
887.169750,133.998066,114.855485,-9418.149754
887.170377,172.283227,210.568389,-9399.007173
887.171005,133.998066,114.855485,-9418.149754
887.171632,95.712904,133.998066,-9418.149754
887.172260,153.140646,133.998066,-9399.007173
887.172887,76.570323,172.283227,-9437.292334
887.173515,38.285162,114.855485,-9418.149754
887.174142,133.998066,114.855485,-9418.149754
887.174770,76.570323,114.855485,-9475.577496
887.175397,133.998066,153.140646,-9418.149754
887.176025,133.998066,114.855485,-9418.149754
887.176652,76.570323,114.855485,-9494.720077
887.177280,95.712904,114.855485,-9418.149754
887.177907,76.570323,153.140646,-9437.292334
887.178535,153.140646,172.283227,-9494.720077
887.179162,95.712904,114.855485,-9418.149754
887.179790,133.998066,153.140646,-9418.149754
887.180417,95.712904,133.998066,-9360.722011
887.181045,38.285162,114.855485,-9418.149754
887.181672,76.570323,114.855485,-9437.292334
887.182300,76.570323,172.283227,-9475.577496
887.182927,76.570323,172.283227,-9475.577496
887.183555,76.570323,114.855485,-9437.292334
887.184182,76.570323,114.855485,-9418.149754
887.184810,76.570323,114.855485,-9418.149754
887.185437,114.855485,95.712904,-9399.007173
887.186065,153.140646,172.283227,-9399.007173
887.186693,114.855485,114.855485,-9456.434915
887.187320,133.998066,210.568389,-9456.434915
887.187948,38.285162,114.855485,-9418.149754
887.188575,133.998066,210.568389,-9399.007173
887.189203,133.998066,210.568389,-9418.149754
887.189830,38.285162,114.855485,-9456.434915
887.190458,133.998066,114.855485,-9418.149754
887.191085,76.570323,114.855485,-9456.434915
887.191713,76.570323,114.855485,-9475.577496
887.192340,76.570323,114.855485,-9418.149754
887.192968,76.570323,114.855485,-9418.149754
887.193595,76.570323,114.855485,-9418.149754
887.194223,57.427742,95.712904,-9399.007173
887.194850,38.285162,76.570323,-9379.864592
887.195478,133.998066,114.855485,-9418.149754
887.196105,133.998066,114.855485,-9437.292334
887.196733,95.712904,114.855485,-9418.149754
887.197360,133.998066,114.855485,-9456.434915
887.197988,76.570323,229.710970,-9456.434915
887.198615,76.570323,133.998066,-9418.149754
887.199243,133.998066,114.855485,-9437.292334
887.199870,76.570323,114.855485,-9418.149754
887.200498,133.998066,172.283227,-9399.007173
887.201125,95.712904,153.140646,-9360.722011
887.201753,133.998066,114.855485,-9437.292334
887.202380,76.570323,114.855485,-9418.149754
887.203008,57.427742,114.855485,-9399.007173
887.203635,133.998066,114.855485,-9418.149754
887.204263,210.568389,133.998066,-9456.434915
887.204891,133.998066,114.855485,-9437.292334
887.205518,153.140646,133.998066,-9456.434915
887.206146,95.712904,114.855485,-9418.149754
887.206773,95.712904,114.855485,-9418.149754
887.207401,133.998066,153.140646,-9437.292334
887.208028,114.855485,114.855485,-9437.292334
887.208656,133.998066,114.855485,-9437.292334
887.209283,57.427742,172.283227,-9360.722011
887.209911,95.712904,95.712904,-9399.007173
887.210538,153.140646,133.998066,-9399.007173
887.211166,76.570323,229.710970,-9418.149754
887.211793,76.570323,153.140646,-9437.292334
887.212421,76.570323,114.855485,-9456.434915
887.213048,133.998066,210.568389,-9456.434915
887.213676,153.140646,133.998066,-9399.007173
887.214303,76.570323,95.712904,-9456.434915
887.214931,38.285162,114.855485,-9456.434915
887.215558,57.427742,95.712904,-9399.007173
887.216186,38.285162,172.283227,-9418.149754
887.216813,76.570323,114.855485,-9494.720077
887.217441,76.570323,114.855485,-9437.292334
887.218068,76.570323,114.855485,-9418.149754
887.218695,95.712904,114.855485,-9418.149754
887.219323,76.570323,172.283227,-9456.434915
887.219950,76.570323,210.568389,-9418.149754
887.220578,133.998066,153.140646,-9437.292334
887.221205,133.998066,172.283227,-9418.149754
887.221833,114.855485,210.568389,-9360.722011
887.222460,95.712904,153.140646,-9360.722011
887.223087,38.285162,114.855485,-9418.149754
887.223715,95.712904,114.855485,-9418.149754
887.224342,38.285162,114.855485,-9418.149754
887.224970,133.998066,172.283227,-9437.292334
887.225597,133.998066,210.568389,-9399.007173
887.226225,133.998066,114.855485,-9418.149754
887.226852,76.570323,172.283227,-9418.149754
887.227479,76.570323,153.140646,-9418.149754
887.228107,57.427742,133.998066,-9360.722011
887.228734,76.570323,114.855485,-9437.292334
887.229362,38.285162,114.855485,-9437.292334
887.229989,76.570323,114.855485,-9418.149754
887.230617,38.285162,114.855485,-9437.292334
887.231244,133.998066,133.998066,-9399.007173
887.231871,76.570323,114.855485,-9418.149754
887.232499,133.998066,114.855485,-9418.149754
887.233126,153.140646,153.140646,-9456.434915
887.233754,95.712904,114.855485,-9456.434915
887.234381,57.427742,153.140646,-9360.722011
887.235009,76.570323,114.855485,-9494.720077
887.235636,133.998066,172.283227,-9418.149754
887.236263,95.712904,95.712904,-9437.292334
887.236891,133.998066,114.855485,-9418.149754
887.237518,133.998066,114.855485,-9418.149754
887.238146,114.855485,76.570323,-9437.292334
887.238773,114.855485,95.712904,-9456.434915
887.239401,95.712904,114.855485,-9360.722011
887.240028,38.285162,114.855485,-9418.149754
887.240655,38.285162,114.855485,-9456.434915
887.241283,76.570323,172.283227,-9437.292334
887.241910,133.998066,114.855485,-9418.149754
887.242538,95.712904,114.855485,-9418.149754
887.243165,95.712904,114.855485,-9418.149754
887.243793,133.998066,153.140646,-9418.149754
887.244420,133.998066,133.998066,-9399.007173
887.245048,76.570323,114.855485,-9418.149754
887.245675,38.285162,114.855485,-9418.149754
887.246302,133.998066,153.140646,-9456.434915
887.246930,133.998066,114.855485,-9418.149754
887.247557,76.570323,172.283227,-9533.005238
887.248185,38.285162,114.855485,-9418.149754
887.248812,133.998066,172.283227,-9437.292334
887.249440,38.285162,114.855485,-9418.149754
887.250067,133.998066,172.283227,-9418.149754
887.250694,133.998066,210.568389,-9437.292334
887.251322,38.285162,191.425808,-9418.149754
887.251949,133.998066,172.283227,-9418.149754
887.252577,76.570323,114.855485,-9437.292334
887.253204,153.140646,133.998066,-9399.007173
887.253832,76.570323,114.855485,-9418.149754
887.254459,133.998066,114.855485,-9456.434915
887.255086,76.570323,114.855485,-9418.149754
887.255714,76.570323,153.140646,-9418.149754
887.256341,114.855485,133.998066,-9418.149754
887.256969,114.855485,133.998066,-9360.722011
887.257596,76.570323,210.568389,-9418.149754
887.258224,76.570323,114.855485,-9456.434915
887.258851,133.998066,114.855485,-9456.434915
887.259478,95.712904,95.712904,-9494.720077
887.260106,76.570323,114.855485,-9456.434915
887.260733,133.998066,114.855485,-9475.577496
887.261361,114.855485,95.712904,-9494.720077
887.261988,38.285162,114.855485,-9418.149754
887.262616,76.570323,172.283227,-9437.292334
887.263243,95.712904,133.998066,-9341.579430
887.263870,133.998066,114.855485,-9456.434915
887.264498,76.570323,114.855485,-9533.005238
887.265125,76.570323,114.855485,-9418.149754
887.265753,38.285162,114.855485,-9418.149754
887.266380,76.570323,114.855485,-9418.149754
887.267008,133.998066,172.283227,-9418.149754
887.267635,133.998066,210.568389,-9418.149754
887.268262,133.998066,133.998066,-9399.007173
887.268890,57.427742,114.855485,-9418.149754
887.269517,133.998066,114.855485,-9437.292334
887.270145,133.998066,172.283227,-9437.292334
887.270772,153.140646,133.998066,-9456.434915
887.271400,153.140646,133.998066,-9437.292334
887.272027,172.283227,76.570323,-9437.292334
887.272654,95.712904,153.140646,-9456.434915
887.273282,114.855485,133.998066,-9360.722011
887.273909,95.712904,133.998066,-9360.722011
887.274537,38.285162,114.855485,-9456.434915
887.275164,133.998066,172.283227,-9418.149754
887.275792,114.855485,191.425808,-9360.722011
887.276419,76.570323,114.855485,-9475.577496
887.277047,133.998066,210.568389,-9418.149754
887.277674,133.998066,114.855485,-9418.149754
887.278301,76.570323,153.140646,-9456.434915
887.278929,57.427742,153.140646,-9437.292334
887.279556,38.285162,114.855485,-9418.149754
887.280184,133.998066,172.283227,-9418.149754
887.280811,114.855485,133.998066,-9360.722011
887.281439,95.712904,191.425808,-9418.149754
887.282066,133.998066,114.855485,-9418.149754
887.282693,133.998066,114.855485,-9437.292334
887.283321,153.140646,133.998066,-9399.007173
887.283948,172.283227,172.283227,-9379.864592
887.284576,153.140646,172.283227,-9456.434915
887.285203,133.998066,114.855485,-9418.149754
887.285831,76.570323,153.140646,-9437.292334
887.286458,76.570323,153.140646,-9437.292334
887.287085,95.712904,172.283227,-9437.292334
887.287713,114.855485,133.998066,-9360.722011
887.288340,133.998066,153.140646,-9418.149754
887.288968,133.998066,114.855485,-9437.292334
887.289595,133.998066,133.998066,-9456.434915
887.290223,76.570323,95.712904,-9399.007173
887.290850,133.998066,114.855485,-9437.292334
887.291477,153.140646,114.855485,-9418.149754
887.292105,114.855485,95.712904,-9437.292334
887.292732,95.712904,172.283227,-9360.722011
887.293360,76.570323,114.855485,-9475.577496
887.293987,38.285162,114.855485,-9437.292334
887.294615,133.998066,114.855485,-9418.149754
887.295242,76.570323,114.855485,-9475.577496
887.295869,76.570323,114.855485,-9418.149754
887.296497,38.285162,114.855485,-9418.149754
887.297124,114.855485,114.855485,-9437.292334
887.297752,76.570323,172.283227,-9418.149754
887.298379,76.570323,172.283227,-9418.149754
887.299007,153.140646,191.425808,-9399.007173
887.299634,76.570323,153.140646,-9399.007173
887.300261,95.712904,95.712904,-9399.007173
887.300889,133.998066,114.855485,-9418.149754
887.301516,133.998066,153.140646,-9418.149754
887.302144,133.998066,172.283227,-9418.149754
887.302771,133.998066,229.710970,-9456.434915
887.303399,76.570323,210.568389,-9418.149754
887.304026,153.140646,172.283227,-9399.007173
887.304653,153.140646,153.140646,-9456.434915
887.305281,76.570323,172.283227,-9456.434915
887.305908,153.140646,172.283227,-9399.007173
887.306536,133.998066,153.140646,-9456.434915
887.307163,153.140646,133.998066,-9399.007173
887.307791,133.998066,114.855485,-9456.434915
887.308418,172.283227,76.570323,-9418.149754
887.309046,133.998066,114.855485,-9418.149754
887.309673,76.570323,153.140646,-9418.149754
887.310300,38.285162,172.283227,-9418.149754
887.310928,76.570323,114.855485,-9437.292334
887.311555,76.570323,114.855485,-9418.149754
887.312183,133.998066,114.855485,-9418.149754
887.312810,133.998066,114.855485,-9418.149754
887.313438,57.427742,95.712904,-9494.720077
887.314065,76.570323,114.855485,-9418.149754
887.314692,19.142581,172.283227,-9418.149754
887.315320,76.570323,153.140646,-9437.292334
887.315947,95.712904,210.568389,-9360.722011
887.316575,95.712904,172.283227,-9360.722011
887.317202,38.285162,153.140646,-9418.149754
887.317830,76.570323,210.568389,-9418.149754
887.318457,95.712904,153.140646,-9418.149754
887.319084,153.140646,153.140646,-9399.007173
887.319712,153.140646,133.998066,-9399.007173
887.320339,133.998066,172.283227,-9437.292334
887.320967,38.285162,153.140646,-9437.292334
887.321594,95.712904,114.855485,-9437.292334
887.322221,133.998066,114.855485,-9418.149754
887.322849,95.712904,114.855485,-9418.149754
887.323476,76.570323,153.140646,-9437.292334
887.324103,153.140646,133.998066,-9399.007173
887.324731,133.998066,172.283227,-9418.149754
887.325358,114.855485,114.855485,-9437.292334
887.325986,133.998066,153.140646,-9475.577496
887.326613,95.712904,95.712904,-9456.434915
887.327240,76.570323,114.855485,-9456.434915
887.327868,76.570323,172.283227,-9418.149754
887.328495,76.570323,95.712904,-9456.434915
887.329122,38.285162,133.998066,-9456.434915
887.329750,133.998066,114.855485,-9475.577496
887.330377,133.998066,114.855485,-9456.434915
887.331005,133.998066,191.425808,-9494.720077
887.331632,38.285162,210.568389,-9418.149754
887.332259,76.570323,229.710970,-9437.292334
887.332887,38.285162,210.568389,-9475.577496
887.333514,133.998066,172.283227,-9437.292334
887.334141,76.570323,114.855485,-9437.292334
887.334769,95.712904,114.855485,-9456.434915
887.335396,76.570323,114.855485,-9418.149754
887.336024,133.998066,133.998066,-9399.007173
887.336651,95.712904,95.712904,-9399.007173
887.337278,95.712904,172.283227,-9437.292334
887.337906,133.998066,114.855485,-9418.149754
887.338533,76.570323,210.568389,-9418.149754
887.339160,38.285162,114.855485,-9475.577496
887.339788,76.570323,153.140646,-9418.149754
887.340415,153.140646,191.425808,-9494.720077
887.341043,114.855485,191.425808,-9533.005238
887.341670,38.285162,153.140646,-9418.149754
887.342297,95.712904,114.855485,-9418.149754
887.342925,133.998066,114.855485,-9418.149754
887.343552,153.140646,172.283227,-9399.007173
887.344179,38.285162,114.855485,-9418.149754
887.344807,114.855485,229.710970,-9379.864592
887.345434,76.570323,172.283227,-9475.577496
887.346061,38.285162,153.140646,-9456.434915
887.346689,95.712904,153.140646,-9418.149754
887.347316,76.570323,172.283227,-9437.292334
887.347944,76.570323,114.855485,-9418.149754
887.348571,76.570323,114.855485,-9399.007173
887.349198,153.140646,133.998066,-9456.434915
887.349826,133.998066,114.855485,-9437.292334
887.350453,133.998066,114.855485,-9456.434915
887.351080,76.570323,153.140646,-9418.149754
887.351708,133.998066,153.140646,-9399.007173
887.352335,38.285162,114.855485,-9456.434915
887.352963,133.998066,114.855485,-9418.149754
887.353590,95.712904,133.998066,-9360.722011
887.354217,76.570323,172.283227,-9418.149754
887.354845,133.998066,210.568389,-9418.149754
887.355472,95.712904,95.712904,-9399.007173
887.356099,133.998066,114.855485,-9456.434915
887.356727,76.570323,172.283227,-9418.149754
887.357354,114.855485,153.140646,-9360.722011
887.357982,76.570323,153.140646,-9475.577496
887.358609,38.285162,114.855485,-9456.434915
887.359236,76.570323,153.140646,-9456.434915
887.359864,38.285162,172.283227,-9418.149754
887.360491,76.570323,114.855485,-9418.149754
887.361118,95.712904,114.855485,-9418.149754
887.361746,76.570323,114.855485,-9418.149754
887.362373,38.285162,172.283227,-9456.434915
887.363001,57.427742,172.283227,-9360.722011
887.363628,76.570323,153.140646,-9418.149754
887.364255,76.570323,114.855485,-9418.149754
887.364883,38.285162,172.283227,-9456.434915
887.365510,76.570323,153.140646,-9437.292334
887.366137,38.285162,114.855485,-9418.149754
887.366765,76.570323,172.283227,-9418.149754
887.367392,76.570323,114.855485,-9475.577496
887.368019,95.712904,210.568389,-9418.149754
887.368647,153.140646,153.140646,-9494.720077
887.369274,133.998066,114.855485,-9456.434915
887.369902,76.570323,153.140646,-9456.434915
887.370529,76.570323,114.855485,-9418.149754
887.371156,133.998066,114.855485,-9418.149754
887.371784,95.712904,114.855485,-9437.292334
887.372411,95.712904,114.855485,-9418.149754
887.373038,76.570323,153.140646,-9418.149754
887.373666,38.285162,153.140646,-9418.149754
887.374293,57.427742,95.712904,-9399.007173
887.374921,133.998066,114.855485,-9418.149754
887.375548,133.998066,114.855485,-9437.292334
887.376175,133.998066,133.998066,-9399.007173
887.376803,133.998066,153.140646,-9494.720077
887.377430,38.285162,114.855485,-9418.149754
887.378057,95.712904,172.283227,-9418.149754
887.378685,153.140646,191.425808,-9399.007173
887.379312,133.998066,114.855485,-9418.149754
887.379940,95.712904,210.568389,-9418.149754
887.380567,76.570323,114.855485,-9437.292334
887.381194,133.998066,114.855485,-9456.434915
887.381822,76.570323,114.855485,-9456.434915
887.382449,76.570323,210.568389,-9533.005238
887.383076,19.142581,153.140646,-9418.149754
887.383704,38.285162,153.140646,-9418.149754
887.384331,76.570323,114.855485,-9418.149754
887.384958,133.998066,172.283227,-9418.149754
887.385586,133.998066,210.568389,-9418.149754
887.386213,38.285162,172.283227,-9418.149754
887.386841,95.712904,133.998066,-9360.722011
887.387468,133.998066,114.855485,-9418.149754
887.388095,76.570323,114.855485,-9456.434915
887.388723,95.712904,114.855485,-9437.292334
887.389350,95.712904,172.283227,-9418.149754
887.389977,133.998066,114.855485,-9475.577496
887.390605,76.570323,114.855485,-9437.292334
887.391232,114.855485,95.712904,-9399.007173
887.391860,133.998066,172.283227,-9418.149754
887.392487,153.140646,133.998066,-9456.434915
887.393114,133.998066,172.283227,-9437.292334
887.393742,95.712904,114.855485,-9437.292334
887.394369,133.998066,153.140646,-9456.434915
887.394996,133.998066,114.855485,-9418.149754
887.395624,153.140646,133.998066,-9399.007173
887.396251,133.998066,172.283227,-9437.292334
887.396879,133.998066,248.853550,-9456.434915
887.397506,153.140646,133.998066,-9399.007173
887.398133,95.712904,114.855485,-9418.149754
887.398761,76.570323,114.855485,-9418.149754
887.399388,76.570323,114.855485,-9418.149754
887.400015,76.570323,172.283227,-9437.292334
887.400643,133.998066,172.283227,-9494.720077
887.401270,133.998066,114.855485,-9418.149754
887.401898,95.712904,114.855485,-9494.720077
887.402525,76.570323,114.855485,-9418.149754
887.403152,133.998066,114.855485,-9437.292334
887.403780,133.998066,114.855485,-9418.149754
887.404407,95.712904,114.855485,-9418.149754
887.405034,95.712904,114.855485,-9418.149754
887.405662,133.998066,153.140646,-9437.292334
887.406289,95.712904,95.712904,-9475.577496
887.406916,95.712904,114.855485,-9418.149754
887.407544,76.570323,172.283227,-9456.434915
887.408171,133.998066,153.140646,-9418.149754
887.408799,95.712904,114.855485,-9399.007173
887.409426,133.998066,153.140646,-9418.149754
887.410053,133.998066,114.855485,-9418.149754
887.410681,133.998066,114.855485,-9456.434915
887.411308,76.570323,95.712904,-9437.292334
887.411935,114.855485,95.712904,-9399.007173
887.412563,57.427742,114.855485,-9437.292334
887.413190,153.140646,114.855485,-9475.577496
887.413818,133.998066,114.855485,-9418.149754
887.414445,95.712904,114.855485,-9418.149754
887.415072,95.712904,76.570323,-9379.864592
887.415700,76.570323,114.855485,-9437.292334
887.416327,57.427742,133.998066,-9360.722011
887.416954,172.283227,76.570323,-9418.149754
887.417582,153.140646,172.283227,-9399.007173
887.418209,76.570323,172.283227,-9437.292334
887.418837,133.998066,153.140646,-9399.007173
887.419464,38.285162,172.283227,-9456.434915
887.420091,76.570323,153.140646,-9418.149754
887.420719,95.712904,248.853550,-9360.722011
887.421346,76.570323,210.568389,-9360.722011
887.421974,133.998066,172.283227,-9418.149754
887.422601,95.712904,210.568389,-9418.149754
887.423229,76.570323,172.283227,-9418.149754
887.423856,76.570323,114.855485,-9418.149754
887.424484,133.998066,114.855485,-9418.149754
887.425111,76.570323,95.712904,-9399.007173
887.425739,133.998066,114.855485,-9418.149754
887.426366,95.712904,114.855485,-9418.149754
887.426994,210.568389,133.998066,-9456.434915
887.427621,191.425808,76.570323,-9437.292334
887.428249,153.140646,172.283227,-9456.434915
887.428876,133.998066,172.283227,-9399.007173
887.429503,76.570323,114.855485,-9437.292334
887.430131,133.998066,114.855485,-9437.292334
887.430758,76.570323,248.853550,-9379.864592
887.431386,133.998066,229.710970,-9418.149754
887.432013,133.998066,114.855485,-9418.149754
887.432641,38.285162,172.283227,-9418.149754
887.433268,76.570323,172.283227,-9418.149754
887.433896,95.712904,114.855485,-9418.149754
887.434523,95.712904,114.855485,-9418.149754
887.435151,76.570323,172.283227,-9418.149754
887.435778,76.570323,172.283227,-9418.149754
887.436406,95.712904,153.140646,-9418.149754
887.437033,76.570323,153.140646,-9360.722011
887.437661,76.570323,210.568389,-9437.292334
887.438288,153.140646,191.425808,-9437.292334
887.438916,133.998066,114.855485,-9456.434915
887.439543,133.998066,114.855485,-9437.292334
887.440171,57.427742,133.998066,-9360.722011
887.440798,76.570323,172.283227,-9437.292334
887.441426,153.140646,191.425808,-9475.577496
887.442053,76.570323,153.140646,-9437.292334
887.442681,133.998066,210.568389,-9418.149754
887.443308,133.998066,114.855485,-9418.149754
887.443936,38.285162,114.855485,-9418.149754
887.444563,95.712904,133.998066,-9360.722011
887.445191,133.998066,172.283227,-9418.149754
887.445818,133.998066,153.140646,-9494.720077
887.446446,76.570323,114.855485,-9456.434915
887.447073,76.570323,172.283227,-9437.292334
887.447701,57.427742,133.998066,-9360.722011
887.448328,95.712904,114.855485,-9475.577496
887.448956,76.570323,114.855485,-9418.149754
887.449583,133.998066,153.140646,-9494.720077
887.450211,57.427742,114.855485,-9399.007173
887.450838,57.427742,114.855485,-9418.149754
887.451466,76.570323,114.855485,-9360.722011
887.452093,133.998066,114.855485,-9418.149754
887.452721,210.568389,153.140646,-9399.007173
887.453348,133.998066,172.283227,-9475.577496
887.453976,76.570323,114.855485,-9456.434915
887.454603,38.285162,114.855485,-9418.149754
887.455231,133.998066,153.140646,-9437.292334
887.455858,76.570323,210.568389,-9437.292334
887.456486,76.570323,153.140646,-9418.149754
887.457113,76.570323,114.855485,-9456.434915
887.457741,38.285162,114.855485,-9418.149754
887.458368,76.570323,114.855485,-9418.149754
887.458995,38.285162,114.855485,-9418.149754
887.459623,133.998066,133.998066,-9379.864592
887.460250,133.998066,210.568389,-9418.149754
887.460878,76.570323,114.855485,-9418.149754
887.461505,95.712904,191.425808,-9360.722011
887.462133,76.570323,172.283227,-9418.149754
887.462760,38.285162,114.855485,-9475.577496
887.463388,95.712904,172.283227,-9494.720077
887.464015,133.998066,153.140646,-9437.292334
887.464643,133.998066,114.855485,-9456.434915
887.465270,133.998066,114.855485,-9418.149754
887.465898,76.570323,172.283227,-9418.149754
887.466525,133.998066,172.283227,-9399.007173
887.467153,76.570323,114.855485,-9437.292334
887.467780,133.998066,172.283227,-9437.292334
887.468408,76.570323,114.855485,-9418.149754
887.469035,114.855485,133.998066,-9360.722011
887.469663,38.285162,153.140646,-9437.292334
887.470290,133.998066,153.140646,-9418.149754
887.470918,38.285162,153.140646,-9418.149754
887.471545,76.570323,114.855485,-9418.149754
887.472173,95.712904,95.712904,-9475.577496
887.472800,76.570323,114.855485,-9418.149754
887.473428,76.570323,153.140646,-9494.720077
887.474055,95.712904,172.283227,-9418.149754
887.474683,133.998066,114.855485,-9418.149754
887.475310,38.285162,153.140646,-9418.149754
887.475938,95.712904,153.140646,-9475.577496
887.476565,76.570323,114.855485,-9418.149754
887.477193,133.998066,210.568389,-9418.149754
887.477820,76.570323,153.140646,-9418.149754
887.478448,76.570323,153.140646,-9418.149754
887.479075,76.570323,153.140646,-9418.149754
887.479703,172.283227,114.855485,-9379.864592
887.480330,153.140646,133.998066,-9399.007173
887.480958,153.140646,133.998066,-9399.007173
887.481585,114.855485,153.140646,-9418.149754
887.482213,153.140646,133.998066,-9399.007173
887.482840,76.570323,114.855485,-9418.149754
887.483468,95.712904,114.855485,-9418.149754
887.484095,153.140646,133.998066,-9494.720077
887.484723,38.285162,114.855485,-9437.292334
887.485350,133.998066,172.283227,-9437.292334
887.485978,76.570323,114.855485,-9418.149754
887.486605,133.998066,114.855485,-9418.149754
887.487233,95.712904,114.855485,-9456.434915
887.487860,133.998066,114.855485,-9418.149754
887.488488,114.855485,95.712904,-9399.007173
887.489115,133.998066,114.855485,-9418.149754
887.489742,133.998066,114.855485,-9437.292334
887.490370,76.570323,114.855485,-9494.720077
887.490997,133.998066,153.140646,-9418.149754
887.491625,76.570323,114.855485,-9456.434915
887.492252,133.998066,114.855485,-9418.149754
887.492880,95.712904,172.283227,-9437.292334
887.493507,38.285162,191.425808,-9437.292334
887.494135,133.998066,153.140646,-9418.149754
887.494762,76.570323,114.855485,-9494.720077
887.495390,133.998066,172.283227,-9418.149754
887.496017,76.570323,114.855485,-9418.149754
887.496645,76.570323,114.855485,-9418.149754
887.497272,133.998066,133.998066,-9399.007173
887.497900,133.998066,114.855485,-9418.149754
887.498527,133.998066,210.568389,-9418.149754
887.499155,76.570323,114.855485,-9475.577496
887.499782,76.570323,114.855485,-9456.434915
887.500410,57.427742,114.855485,-9399.007173
887.501037,114.855485,95.712904,-9399.007173
887.501665,153.140646,153.140646,-9494.720077
887.502292,114.855485,95.712904,-9456.434915
887.502920,76.570323,114.855485,-9494.720077
887.503547,76.570323,153.140646,-9418.149754
887.504175,133.998066,114.855485,-9456.434915
887.504802,76.570323,210.568389,-9418.149754
887.505430,133.998066,114.855485,-9418.149754
887.506057,133.998066,133.998066,-9456.434915
887.506685,76.570323,114.855485,-9456.434915
887.507312,38.285162,76.570323,-9379.864592
887.507940,95.712904,114.855485,-9437.292334
887.508567,133.998066,114.855485,-9475.577496
887.509195,76.570323,114.855485,-9418.149754
887.509822,133.998066,114.855485,-9418.149754
887.510450,76.570323,210.568389,-9418.149754
887.511077,114.855485,133.998066,-9322.436850
887.511705,153.140646,172.283227,-9399.007173
887.512332,133.998066,191.425808,-9399.007173
887.512960,76.570323,153.140646,-9418.149754
887.513587,133.998066,114.855485,-9418.149754
887.514215,153.140646,191.425808,-9399.007173
887.514842,133.998066,172.283227,-9399.007173
887.515470,133.998066,114.855485,-9418.149754
887.516097,133.998066,191.425808,-9418.149754
887.516725,153.140646,133.998066,-9399.007173
887.517352,95.712904,153.140646,-9418.149754
887.517980,76.570323,114.855485,-9456.434915
887.518607,114.855485,133.998066,-9360.722011
887.519234,38.285162,114.855485,-9437.292334
887.519862,133.998066,172.283227,-9456.434915
887.520489,95.712904,153.140646,-9360.722011
887.521117,76.570323,172.283227,-9418.149754
887.521744,76.570323,114.855485,-9418.149754
887.522372,38.285162,172.283227,-9418.149754
887.522999,133.998066,153.140646,-9456.434915
887.523627,133.998066,114.855485,-9475.577496
887.524254,133.998066,114.855485,-9456.434915
887.524881,133.998066,114.855485,-9456.434915
887.525509,76.570323,114.855485,-9418.149754
887.526136,38.285162,114.855485,-9437.292334
887.526764,76.570323,172.283227,-9437.292334
887.527391,133.998066,153.140646,-9456.434915
887.528018,133.998066,114.855485,-9437.292334
887.528646,76.570323,153.140646,-9456.434915
887.529273,133.998066,114.855485,-9418.149754
887.529900,38.285162,114.855485,-9418.149754
887.530528,153.140646,133.998066,-9399.007173
887.531155,172.283227,114.855485,-9379.864592
887.531783,153.140646,248.853550,-9399.007173
887.532410,133.998066,153.140646,-9418.149754
887.533037,114.855485,114.855485,-9379.864592
887.533665,38.285162,114.855485,-9533.005238
887.534292,133.998066,133.998066,-9494.720077
887.534920,76.570323,114.855485,-9533.005238
887.535547,133.998066,114.855485,-9456.434915
887.536174,153.140646,153.140646,-9399.007173
887.536802,76.570323,114.855485,-9418.149754
887.537429,153.140646,114.855485,-9418.149754
887.538057,153.140646,153.140646,-9399.007173
887.538684,133.998066,191.425808,-9437.292334
887.539311,133.998066,114.855485,-9437.292334
887.539939,95.712904,114.855485,-9418.149754
887.540566,133.998066,114.855485,-9437.292334
887.541194,114.855485,95.712904,-9456.434915
887.541821,133.998066,114.855485,-9456.434915
887.542448,133.998066,172.283227,-9437.292334
887.543076,76.570323,114.855485,-9475.577496
887.543703,133.998066,172.283227,-9399.007173
887.544331,95.712904,133.998066,-9360.722011
887.544958,76.570323,114.855485,-9418.149754
887.545585,133.998066,114.855485,-9418.149754
887.546213,95.712904,95.712904,-9494.720077
887.546840,76.570323,114.855485,-9418.149754
887.547468,76.570323,172.283227,-9418.149754
887.548095,133.998066,172.283227,-9418.149754
887.548722,133.998066,172.283227,-9456.434915
887.549350,133.998066,210.568389,-9418.149754
887.549977,76.570323,114.855485,-9437.292334
887.550605,76.570323,172.283227,-9418.149754
887.551232,95.712904,114.855485,-9418.149754
887.551859,114.855485,133.998066,-9360.722011
887.552487,57.427742,114.855485,-9437.292334
887.553114,76.570323,114.855485,-9418.149754
887.553742,95.712904,172.283227,-9533.005238
887.554369,133.998066,153.140646,-9475.577496
887.554996,76.570323,114.855485,-9456.434915
887.555624,133.998066,114.855485,-9437.292334
887.556251,76.570323,114.855485,-9494.720077
887.556879,133.998066,114.855485,-9456.434915
887.557506,133.998066,114.855485,-9437.292334
887.558133,76.570323,114.855485,-9418.149754
887.558761,210.568389,133.998066,-9437.292334
887.559388,133.998066,172.283227,-9418.149754
887.560015,76.570323,210.568389,-9475.577496
887.560643,133.998066,114.855485,-9418.149754
887.561270,38.285162,114.855485,-9418.149754
887.561898,76.570323,114.855485,-9418.149754
887.562525,76.570323,229.710970,-9437.292334
887.563152,133.998066,114.855485,-9418.149754
887.563780,133.998066,210.568389,-9475.577496
887.564407,133.998066,153.140646,-9456.434915
887.565035,133.998066,114.855485,-9475.577496
887.565662,38.285162,114.855485,-9418.149754
887.566289,38.285162,172.283227,-9437.292334
887.566917,133.998066,114.855485,-9418.149754
887.567544,153.140646,133.998066,-9475.577496
887.568172,133.998066,114.855485,-9437.292334
887.568799,38.285162,172.283227,-9418.149754
887.569426,38.285162,229.710970,-9418.149754
887.570054,76.570323,153.140646,-9437.292334
887.570681,38.285162,172.283227,-9456.434915
887.571309,133.998066,210.568389,-9456.434915
887.571936,95.712904,172.283227,-9437.292334
887.572563,95.712904,114.855485,-9418.149754
887.573191,76.570323,172.283227,-9456.434915
887.573818,38.285162,172.283227,-9437.292334
887.574446,133.998066,114.855485,-9418.149754
887.575073,76.570323,172.283227,-9418.149754
887.575700,38.285162,114.855485,-9533.005238
887.576328,76.570323,172.283227,-9418.149754
887.576955,57.427742,153.140646,-9418.149754
887.577583,38.285162,114.855485,-9418.149754
887.578210,133.998066,114.855485,-9418.149754
887.578837,133.998066,114.855485,-9456.434915
887.579465,133.998066,114.855485,-9418.149754
887.580092,76.570323,114.855485,-9437.292334
887.580720,95.712904,229.710970,-9418.149754
887.581347,76.570323,114.855485,-9437.292334
887.581974,76.570323,172.283227,-9437.292334
887.582602,76.570323,172.283227,-9475.577496
887.583229,76.570323,114.855485,-9418.149754
887.583857,38.285162,172.283227,-9418.149754
887.584484,76.570323,153.140646,-9437.292334
887.585111,95.712904,153.140646,-9418.149754
887.585739,76.570323,114.855485,-9418.149754
887.586366,76.570323,153.140646,-9418.149754
887.586994,76.570323,114.855485,-9494.720077
887.587621,76.570323,210.568389,-9418.149754
887.588248,76.570323,153.140646,-9418.149754
887.588876,76.570323,210.568389,-9418.149754
887.589503,38.285162,114.855485,-9418.149754
887.590130,114.855485,133.998066,-9360.722011
887.590758,95.712904,153.140646,-9360.722011
887.591385,76.570323,153.140646,-9418.149754
887.592013,133.998066,153.140646,-9456.434915
887.592640,76.570323,114.855485,-9418.149754
887.593267,133.998066,172.283227,-9456.434915
887.593895,76.570323,153.140646,-9475.577496
887.594522,133.998066,114.855485,-9437.292334
887.595150,76.570323,114.855485,-9418.149754
887.595777,153.140646,172.283227,-9475.577496
887.596404,210.568389,133.998066,-9399.007173
887.597032,133.998066,133.998066,-9399.007173
887.597659,153.140646,133.998066,-9399.007173
887.598287,153.140646,172.283227,-9456.434915
887.598914,133.998066,172.283227,-9456.434915
887.599541,133.998066,133.998066,-9494.720077
887.600169,133.998066,191.425808,-9399.007173
887.600796,133.998066,210.568389,-9418.149754
887.601424,76.570323,114.855485,-9418.149754
887.602051,19.142581,114.855485,-9418.149754
887.602678,76.570323,153.140646,-9437.292334
887.603306,57.427742,133.998066,-9360.722011
887.603933,76.570323,114.855485,-9418.149754
887.604561,38.285162,153.140646,-9418.149754
887.605188,133.998066,153.140646,-9418.149754
887.605815,76.570323,114.855485,-9418.149754
887.606443,95.712904,172.283227,-9475.577496
887.607070,76.570323,114.855485,-9418.149754
887.607698,133.998066,172.283227,-9456.434915
887.608325,76.570323,114.855485,-9437.292334
887.608952,133.998066,114.855485,-9437.292334
887.609580,133.998066,114.855485,-9418.149754
887.610207,95.712904,210.568389,-9418.149754
887.610835,153.140646,133.998066,-9456.434915
887.611462,133.998066,114.855485,-9418.149754
887.612089,76.570323,114.855485,-9418.149754
887.612717,95.712904,191.425808,-9360.722011
887.613344,153.140646,133.998066,-9399.007173
887.613972,76.570323,210.568389,-9418.149754
887.614599,133.998066,153.140646,-9418.149754
887.615226,153.140646,133.998066,-9437.292334
887.615854,76.570323,114.855485,-9418.149754
887.616481,76.570323,172.283227,-9418.149754
887.617109,38.285162,153.140646,-9437.292334
887.617736,76.570323,114.855485,-9456.434915
887.618363,95.712904,95.712904,-9437.292334
887.618991,153.140646,133.998066,-9399.007173
887.619618,57.427742,133.998066,-9360.722011
887.620245,133.998066,114.855485,-9437.292334
887.620873,76.570323,114.855485,-9437.292334
887.621500,133.998066,114.855485,-9418.149754
887.622128,133.998066,210.568389,-9418.149754
887.622755,38.285162,114.855485,-9418.149754
887.623382,133.998066,114.855485,-9437.292334
887.624010,76.570323,114.855485,-9456.434915
887.624637,114.855485,210.568389,-9360.722011
887.625265,76.570323,153.140646,-9418.149754
887.625892,57.427742,153.140646,-9360.722011
887.626519,133.998066,114.855485,-9418.149754
887.627147,76.570323,210.568389,-9418.149754
887.627774,57.427742,95.712904,-9399.007173
887.628402,95.712904,95.712904,-9399.007173
887.629029,133.998066,114.855485,-9418.149754
887.629656,133.998066,172.283227,-9418.149754
887.630284,76.570323,114.855485,-9418.149754
887.630911,153.140646,133.998066,-9399.007173
887.631539,133.998066,210.568389,-9437.292334
887.632166,133.998066,114.855485,-9475.577496
887.632793,95.712904,95.712904,-9399.007173
887.633421,76.570323,153.140646,-9418.149754
887.634048,95.712904,114.855485,-9418.149754
887.634676,38.285162,191.425808,-9418.149754
887.635303,38.285162,210.568389,-9456.434915
887.635930,76.570323,114.855485,-9418.149754
887.636558,172.283227,133.998066,-9475.577496
887.637185,133.998066,114.855485,-9475.577496
887.637813,57.427742,114.855485,-9437.292334
887.638440,133.998066,172.283227,-9418.149754
887.639067,19.142581,114.855485,-9475.577496
887.639695,95.712904,172.283227,-9475.577496
887.640322,133.998066,114.855485,-9418.149754
887.640950,76.570323,210.568389,-9418.149754
887.641577,133.998066,153.140646,-9418.149754
887.642204,153.140646,133.998066,-9399.007173
887.642832,114.855485,95.712904,-9399.007173
887.643459,76.570323,114.855485,-9418.149754
887.644087,133.998066,153.140646,-9418.149754
887.644714,38.285162,114.855485,-9418.149754
887.645341,38.285162,114.855485,-9418.149754
887.645969,76.570323,133.998066,-9360.722011
887.646596,76.570323,114.855485,-9437.292334
887.647223,76.570323,114.855485,-9418.149754
887.647851,76.570323,114.855485,-9437.292334
887.648478,153.140646,153.140646,-9437.292334
887.649106,76.570323,210.568389,-9418.149754
887.649733,38.285162,114.855485,-9475.577496
887.650360,76.570323,114.855485,-9418.149754
887.650988,76.570323,172.283227,-9456.434915
887.651615,38.285162,133.998066,-9399.007173
887.652243,95.712904,153.140646,-9418.149754
887.652870,172.283227,95.712904,-9456.434915
887.653497,153.140646,153.140646,-9399.007173
887.654125,76.570323,114.855485,-9418.149754
887.654752,76.570323,172.283227,-9418.149754
887.655380,133.998066,114.855485,-9418.149754
887.656007,114.855485,133.998066,-9341.579430
887.656634,133.998066,210.568389,-9418.149754
887.657262,153.140646,133.998066,-9399.007173
887.657889,114.855485,172.283227,-9379.864592
887.658517,133.998066,114.855485,-9418.149754
887.659144,76.570323,114.855485,-9418.149754
887.659771,76.570323,172.283227,-9418.149754
887.660399,95.712904,133.998066,-9360.722011
887.661026,133.998066,114.855485,-9418.149754
887.661654,76.570323,114.855485,-9418.149754
887.662281,133.998066,210.568389,-9437.292334
887.662908,95.712904,153.140646,-9418.149754
887.663536,133.998066,114.855485,-9418.149754
887.664163,76.570323,114.855485,-9418.149754
887.664791,133.998066,114.855485,-9437.292334
887.665418,76.570323,114.855485,-9418.149754
887.666045,38.285162,114.855485,-9418.149754
887.666673,38.285162,114.855485,-9437.292334
887.667300,76.570323,210.568389,-9418.149754
887.667928,38.285162,114.855485,-9418.149754
887.668555,76.570323,114.855485,-9418.149754
887.669182,76.570323,153.140646,-9437.292334
887.669810,38.285162,114.855485,-9418.149754
887.670437,133.998066,114.855485,-9418.149754
887.671065,133.998066,133.998066,-9399.007173
887.671692,133.998066,114.855485,-9437.292334
887.672319,153.140646,133.998066,-9399.007173
887.672947,133.998066,172.283227,-9437.292334
887.673574,76.570323,153.140646,-9418.149754
887.674201,133.998066,114.855485,-9418.149754
887.674829,38.285162,114.855485,-9418.149754
887.675456,95.712904,114.855485,-9418.149754
887.676084,133.998066,133.998066,-9456.434915
887.676711,57.427742,153.140646,-9456.434915
887.677338,76.570323,114.855485,-9418.149754
887.677966,133.998066,114.855485,-9418.149754
887.678593,38.285162,172.283227,-9494.720077
887.679221,133.998066,114.855485,-9475.577496
887.679848,76.570323,114.855485,-9418.149754
887.680475,95.712904,95.712904,-9475.577496
887.681103,38.285162,114.855485,-9494.720077
887.681730,76.570323,114.855485,-9475.577496
887.682358,133.998066,229.710970,-9418.149754
887.682985,133.998066,153.140646,-9475.577496
887.683612,76.570323,114.855485,-9418.149754
887.684240,133.998066,114.855485,-9418.149754
887.684867,76.570323,153.140646,-9418.149754
887.685495,153.140646,153.140646,-9399.007173
887.686122,57.427742,114.855485,-9418.149754
887.686749,38.285162,153.140646,-9437.292334
887.687377,76.570323,114.855485,-9418.149754
887.688004,76.570323,114.855485,-9418.149754
887.688632,133.998066,114.855485,-9456.434915
887.689259,57.427742,95.712904,-9399.007173
887.689886,114.855485,95.712904,-9456.434915
887.690514,114.855485,114.855485,-9379.864592
887.691141,133.998066,153.140646,-9456.434915
887.691769,153.140646,133.998066,-9456.434915
887.692396,76.570323,172.283227,-9437.292334
887.693023,153.140646,153.140646,-9437.292334
887.693651,153.140646,133.998066,-9456.434915
887.694278,38.285162,172.283227,-9418.149754
887.694906,133.998066,153.140646,-9456.434915
887.695533,38.285162,172.283227,-9418.149754
887.696160,95.712904,133.998066,-9360.722011
887.696788,133.998066,153.140646,-9418.149754
887.697415,76.570323,153.140646,-9475.577496
887.698043,133.998066,114.855485,-9456.434915
887.698670,133.998066,114.855485,-9418.149754
887.699297,133.998066,114.855485,-9437.292334
887.699925,38.285162,114.855485,-9418.149754
887.700552,38.285162,114.855485,-9418.149754
887.701179,133.998066,114.855485,-9456.434915
887.701807,76.570323,172.283227,-9418.149754
887.702434,95.712904,153.140646,-9418.149754
887.703062,153.140646,153.140646,-9399.007173
887.703689,133.998066,210.568389,-9456.434915
887.704316,38.285162,172.283227,-9418.149754
887.704944,38.285162,191.425808,-9418.149754
887.705571,114.855485,133.998066,-9360.722011
887.706199,133.998066,114.855485,-9418.149754
887.706826,76.570323,95.712904,-9437.292334
887.707453,133.998066,114.855485,-9418.149754
887.708081,76.570323,114.855485,-9418.149754
887.708708,38.285162,114.855485,-9418.149754
887.709336,38.285162,114.855485,-9418.149754
887.709963,95.712904,153.140646,-9437.292334
887.710590,133.998066,114.855485,-9418.149754
887.711218,133.998066,114.855485,-9437.292334
887.711845,114.855485,95.712904,-9399.007173
887.712473,76.570323,114.855485,-9418.149754
887.713100,0.000000,95.712904,-9399.007173
887.713727,95.712904,133.998066,-9360.722011
887.714355,95.712904,133.998066,-9360.722011
887.714982,76.570323,210.568389,-9418.149754
887.715610,76.570323,172.283227,-9418.149754
887.716237,172.283227,114.855485,-9379.864592
887.716864,95.712904,114.855485,-9456.434915
887.717492,114.855485,95.712904,-9475.577496
887.718119,76.570323,114.855485,-9418.149754
887.718747,76.570323,114.855485,-9456.434915
887.719374,114.855485,95.712904,-9456.434915
887.720001,95.712904,95.712904,-9456.434915
887.720629,76.570323,114.855485,-9418.149754
887.721256,133.998066,114.855485,-9418.149754
887.721884,210.568389,172.283227,-9379.864592
887.722511,133.998066,153.140646,-9437.292334
887.723138,95.712904,114.855485,-9418.149754
887.723765,76.570323,114.855485,-9437.292334
887.724393,76.570323,114.855485,-9456.434915
887.725020,210.568389,133.998066,-9437.292334
887.725647,95.712904,114.855485,-9418.149754
887.726275,133.998066,95.712904,-9418.149754
887.726902,38.285162,114.855485,-9456.434915
887.727529,76.570323,114.855485,-9418.149754
887.728157,114.855485,95.712904,-9456.434915
887.728784,210.568389,133.998066,-9399.007173
887.729411,76.570323,114.855485,-9418.149754
887.730039,133.998066,133.998066,-9399.007173
887.730666,133.998066,153.140646,-9437.292334
887.731293,133.998066,210.568389,-9475.577496
887.731920,76.570323,114.855485,-9456.434915
887.732548,133.998066,114.855485,-9418.149754
887.733175,133.998066,172.283227,-9437.292334
887.733802,133.998066,114.855485,-9418.149754
887.734430,95.712904,229.710970,-9533.005238
887.735057,76.570323,114.855485,-9494.720077
887.735684,153.140646,133.998066,-9437.292334
887.736312,76.570323,95.712904,-9399.007173
887.736939,76.570323,114.855485,-9418.149754
887.737566,76.570323,172.283227,-9418.149754
887.738194,76.570323,153.140646,-9475.577496
887.738821,133.998066,114.855485,-9418.149754
887.739448,76.570323,114.855485,-9418.149754
887.740075,133.998066,114.855485,-9456.434915
887.740703,76.570323,114.855485,-9437.292334
887.741330,38.285162,114.855485,-9418.149754
887.741957,76.570323,210.568389,-9418.149754
887.742585,76.570323,153.140646,-9437.292334
887.743212,76.570323,114.855485,-9494.720077
887.743839,153.140646,133.998066,-9399.007173
887.744467,114.855485,114.855485,-9418.149754
887.745094,133.998066,153.140646,-9418.149754
887.745721,153.140646,153.140646,-9399.007173
887.746349,133.998066,114.855485,-9418.149754
887.746976,76.570323,114.855485,-9418.149754
887.747603,133.998066,153.140646,-9437.292334
887.748231,133.998066,114.855485,-9437.292334
887.748858,153.140646,114.855485,-9437.292334
887.749485,76.570323,114.855485,-9418.149754
887.750112,133.998066,114.855485,-9437.292334
887.750740,76.570323,153.140646,-9418.149754
887.751367,95.712904,133.998066,-9418.149754
887.751994,76.570323,114.855485,-9418.149754
887.752622,95.712904,133.998066,-9360.722011
887.753249,95.712904,114.855485,-9456.434915
887.753876,114.855485,133.998066,-9360.722011
887.754504,76.570323,114.855485,-9418.149754
887.755131,76.570323,172.283227,-9456.434915
887.755758,38.285162,114.855485,-9456.434915
887.756386,76.570323,114.855485,-9418.149754
887.757013,76.570323,114.855485,-9418.149754
887.757640,76.570323,114.855485,-9418.149754
887.758267,76.570323,114.855485,-9456.434915
887.758895,133.998066,114.855485,-9437.292334
887.759522,76.570323,114.855485,-9418.149754
887.760149,95.712904,114.855485,-9418.149754
887.760777,133.998066,114.855485,-9418.149754
887.761404,76.570323,114.855485,-9418.149754
887.762031,76.570323,114.855485,-9418.149754
887.762659,133.998066,114.855485,-9418.149754
887.763286,133.998066,210.568389,-9494.720077
887.763913,133.998066,248.853550,-9399.007173
887.764541,133.998066,114.855485,-9494.720077
887.765168,133.998066,114.855485,-9533.005238
887.765795,133.998066,153.140646,-9533.005238
887.766422,153.140646,133.998066,-9437.292334
887.767050,95.712904,114.855485,-9456.434915
887.767677,76.570323,172.283227,-9418.149754
887.768304,133.998066,114.855485,-9418.149754
887.768932,133.998066,114.855485,-9418.149754
887.769559,172.283227,172.283227,-9399.007173
887.770186,133.998066,153.140646,-9399.007173
887.770814,133.998066,114.855485,-9418.149754
887.771441,76.570323,114.855485,-9475.577496
887.772068,114.855485,133.998066,-9360.722011
887.772696,95.712904,114.855485,-9399.007173
887.773323,114.855485,133.998066,-9360.722011
887.773950,76.570323,114.855485,-9418.149754
887.774578,172.283227,114.855485,-9379.864592
887.775205,133.998066,133.998066,-9456.434915
887.775832,133.998066,172.283227,-9437.292334
887.776459,133.998066,114.855485,-9418.149754
887.777087,133.998066,114.855485,-9418.149754
887.777714,133.998066,114.855485,-9418.149754
887.778341,172.283227,114.855485,-9399.007173
887.778969,153.140646,133.998066,-9399.007173
887.779596,133.998066,172.283227,-9418.149754
887.780223,133.998066,114.855485,-9418.149754
887.780851,133.998066,133.998066,-9399.007173
887.781478,172.283227,114.855485,-9379.864592
887.782105,133.998066,114.855485,-9418.149754
887.782733,172.283227,95.712904,-9437.292334
887.783360,76.570323,114.855485,-9437.292334
887.783987,133.998066,114.855485,-9418.149754
887.784614,114.855485,95.712904,-9437.292334
887.785242,114.855485,95.712904,-9399.007173
887.785869,133.998066,172.283227,-9475.577496
887.786496,76.570323,153.140646,-9437.292334
887.787124,57.427742,210.568389,-9418.149754
887.787751,95.712904,114.855485,-9418.149754
887.788378,76.570323,114.855485,-9437.292334
887.789006,133.998066,114.855485,-9418.149754
887.789633,153.140646,133.998066,-9399.007173
887.790260,133.998066,114.855485,-9418.149754
887.790888,133.998066,114.855485,-9456.434915
887.791515,95.712904,95.712904,-9399.007173
887.792142,133.998066,114.855485,-9418.149754
887.792769,133.998066,114.855485,-9418.149754
887.793397,76.570323,172.283227,-9456.434915
887.794024,153.140646,114.855485,-9494.720077
887.794651,133.998066,210.568389,-9456.434915
887.795279,133.998066,172.283227,-9418.149754
887.795906,76.570323,114.855485,-9418.149754
887.796533,114.855485,95.712904,-9437.292334
887.797161,76.570323,153.140646,-9418.149754
887.797788,153.140646,133.998066,-9399.007173
887.798415,210.568389,133.998066,-9399.007173
887.799043,153.140646,172.283227,-9494.720077
887.799670,95.712904,210.568389,-9437.292334
887.800297,38.285162,114.855485,-9418.149754
887.800925,38.285162,114.855485,-9418.149754
887.801552,133.998066,114.855485,-9418.149754
887.802179,76.570323,114.855485,-9418.149754
887.802806,153.140646,133.998066,-9399.007173
887.803434,57.427742,114.855485,-9418.149754
887.804061,76.570323,153.140646,-9418.149754
887.804688,172.283227,95.712904,-9456.434915
887.805316,133.998066,114.855485,-9437.292334
887.805943,133.998066,114.855485,-9456.434915
887.806570,76.570323,114.855485,-9418.149754
887.807198,76.570323,114.855485,-9418.149754
887.807825,38.285162,153.140646,-9418.149754
887.808452,38.285162,172.283227,-9475.577496
887.809080,38.285162,114.855485,-9475.577496
887.809707,57.427742,114.855485,-9456.434915
887.810334,38.285162,114.855485,-9475.577496
887.810961,76.570323,114.855485,-9437.292334
887.811589,95.712904,172.283227,-9437.292334
887.812216,95.712904,153.140646,-9475.577496
887.812843,76.570323,191.425808,-9437.292334
887.813471,153.140646,191.425808,-9456.434915
887.814098,76.570323,114.855485,-9418.149754
887.814725,76.570323,153.140646,-9418.149754
887.815353,114.855485,133.998066,-9360.722011
887.815980,95.712904,133.998066,-9360.722011
887.816607,38.285162,114.855485,-9456.434915
887.817235,76.570323,76.570323,-9379.864592
887.817862,95.712904,95.712904,-9399.007173
887.818489,133.998066,153.140646,-9418.149754
887.819116,114.855485,76.570323,-9418.149754
887.819744,153.140646,153.140646,-9494.720077
887.820371,76.570323,153.140646,-9475.577496
887.820998,38.285162,114.855485,-9418.149754
887.821626,76.570323,172.283227,-9418.149754
887.822253,133.998066,114.855485,-9418.149754
887.822881,133.998066,114.855485,-9418.149754
887.823508,95.712904,114.855485,-9494.720077
887.824136,76.570323,114.855485,-9456.434915
887.824763,76.570323,76.570323,-9379.864592
887.825391,95.712904,210.568389,-9418.149754
887.826018,76.570323,153.140646,-9418.149754
887.826646,133.998066,114.855485,-9418.149754
887.827274,133.998066,114.855485,-9418.149754
887.827901,153.140646,133.998066,-9456.434915
887.828529,133.998066,114.855485,-9437.292334
887.829156,76.570323,114.855485,-9494.720077
887.829784,38.285162,114.855485,-9418.149754
887.830411,95.712904,114.855485,-9475.577496
887.831039,76.570323,114.855485,-9437.292334
887.831666,133.998066,153.140646,-9418.149754
887.832294,76.570323,210.568389,-9475.577496
887.832922,76.570323,153.140646,-9418.149754
887.833549,95.712904,114.855485,-9456.434915
887.834177,76.570323,153.140646,-9437.292334
887.834804,133.998066,114.855485,-9437.292334
887.835432,95.712904,114.855485,-9437.292334
887.836059,57.427742,172.283227,-9437.292334
887.836687,133.998066,153.140646,-9418.149754
887.837315,76.570323,153.140646,-9418.149754
887.837942,114.855485,95.712904,-9399.007173
887.838570,133.998066,114.855485,-9456.434915
887.839197,76.570323,114.855485,-9418.149754
887.839825,76.570323,114.855485,-9456.434915
887.840452,38.285162,172.283227,-9418.149754
887.841080,133.998066,114.855485,-9494.720077
887.841707,133.998066,191.425808,-9494.720077
887.842335,114.855485,76.570323,-9456.434915
887.842963,38.285162,191.425808,-9418.149754
887.843590,38.285162,229.710970,-9418.149754
887.844218,38.285162,153.140646,-9418.149754
887.844845,76.570323,153.140646,-9418.149754
887.845473,133.998066,114.855485,-9437.292334
887.846100,133.998066,210.568389,-9418.149754
887.846728,133.998066,153.140646,-9418.149754
887.847356,133.998066,153.140646,-9437.292334
887.847983,76.570323,114.855485,-9418.149754
887.848611,133.998066,172.283227,-9418.149754
887.849238,95.712904,114.855485,-9418.149754
887.849866,153.140646,133.998066,-9399.007173
887.850493,133.998066,172.283227,-9418.149754
887.851121,133.998066,153.140646,-9399.007173
887.851748,133.998066,114.855485,-9437.292334
887.852376,76.570323,114.855485,-9418.149754
887.853004,76.570323,114.855485,-9418.149754
887.853631,133.998066,210.568389,-9456.434915
887.854259,133.998066,191.425808,-9418.149754
887.854886,76.570323,114.855485,-9418.149754
887.855514,95.712904,172.283227,-9418.149754
887.856141,114.855485,95.712904,-9399.007173
887.856769,133.998066,172.283227,-9418.149754
887.857397,133.998066,210.568389,-9533.005238
887.858024,76.570323,114.855485,-9456.434915
887.858652,133.998066,153.140646,-9418.149754
887.859279,133.998066,114.855485,-9418.149754
887.859907,133.998066,172.283227,-9418.149754
887.860534,76.570323,153.140646,-9418.149754
887.861162,133.998066,172.283227,-9360.722011
887.861790,114.855485,172.283227,-9360.722011
887.862417,76.570323,153.140646,-9456.434915
887.863045,133.998066,172.283227,-9418.149754
887.863672,153.140646,153.140646,-9456.434915
887.864300,133.998066,114.855485,-9418.149754
887.864927,76.570323,114.855485,-9456.434915
887.865555,76.570323,95.712904,-9399.007173
887.866182,133.998066,114.855485,-9418.149754
887.866810,153.140646,153.140646,-9399.007173
887.867438,133.998066,153.140646,-9418.149754
887.868065,133.998066,114.855485,-9437.292334
887.868693,57.427742,153.140646,-9360.722011
887.869320,133.998066,153.140646,-9418.149754
887.869948,133.998066,172.283227,-9399.007173
887.870575,95.712904,114.855485,-9418.149754
887.871203,95.712904,153.140646,-9475.577496
887.871831,76.570323,114.855485,-9437.292334
887.872458,95.712904,114.855485,-9418.149754
887.873086,76.570323,114.855485,-9418.149754
887.873713,133.998066,172.283227,-9418.149754
887.874341,153.140646,153.140646,-9494.720077
887.874968,172.283227,133.998066,-9437.292334
887.875596,133.998066,191.425808,-9399.007173
887.876223,133.998066,114.855485,-9418.149754
887.876851,95.712904,133.998066,-9360.722011
887.877479,95.712904,153.140646,-9418.149754
887.878106,153.140646,114.855485,-9418.149754
887.878734,38.285162,114.855485,-9418.149754
887.879361,19.142581,114.855485,-9418.149754
887.879989,76.570323,172.283227,-9437.292334
887.880616,133.998066,114.855485,-9418.149754
887.881244,76.570323,172.283227,-9418.149754
887.881872,153.140646,133.998066,-9399.007173
887.882499,133.998066,172.283227,-9418.149754
887.883127,38.285162,153.140646,-9418.149754
887.883754,76.570323,153.140646,-9418.149754
887.884382,38.285162,114.855485,-9418.149754
887.885009,133.998066,76.570323,-9379.864592
887.885637,76.570323,114.855485,-9418.149754
887.886264,76.570323,153.140646,-9418.149754
887.886892,76.570323,172.283227,-9456.434915
887.887520,76.570323,114.855485,-9456.434915
887.888147,57.427742,95.712904,-9399.007173
887.888775,133.998066,172.283227,-9437.292334
887.889402,19.142581,114.855485,-9456.434915
887.890030,95.712904,95.712904,-9399.007173
887.890657,133.998066,153.140646,-9437.292334
887.891285,38.285162,114.855485,-9418.149754
887.891913,133.998066,191.425808,-9456.434915
887.892540,95.712904,95.712904,-9399.007173
887.893168,114.855485,114.855485,-9399.007173
887.893795,133.998066,133.998066,-9456.434915
887.894423,95.712904,114.855485,-9456.434915
887.895050,133.998066,210.568389,-9418.149754
887.895678,133.998066,153.140646,-9418.149754
887.896305,95.712904,114.855485,-9456.434915
887.896933,133.998066,172.283227,-9437.292334
887.897561,153.140646,191.425808,-9399.007173
887.898188,153.140646,114.855485,-9418.149754
887.898816,133.998066,114.855485,-9418.149754
887.899443,38.285162,95.712904,-9399.007173
887.900071,76.570323,114.855485,-9418.149754
887.900698,133.998066,114.855485,-9456.434915
887.901326,133.998066,114.855485,-9418.149754
887.901954,114.855485,95.712904,-9437.292334
887.902581,76.570323,210.568389,-9456.434915
887.903209,133.998066,114.855485,-9437.292334
887.903836,114.855485,95.712904,-9399.007173
887.904464,133.998066,114.855485,-9418.149754
887.905091,76.570323,153.140646,-9456.434915
887.905719,38.285162,76.570323,-9379.864592
887.906346,38.285162,153.140646,-9418.149754
887.906974,133.998066,114.855485,-9437.292334
887.907602,133.998066,114.855485,-9418.149754
887.908229,76.570323,114.855485,-9437.292334
887.908857,57.427742,114.855485,-9418.149754
887.909484,76.570323,229.710970,-9456.434915
887.910112,133.998066,114.855485,-9418.149754
887.910739,95.712904,248.853550,-9360.722011
887.911367,133.998066,229.710970,-9475.577496
887.911995,133.998066,153.140646,-9437.292334
887.912622,133.998066,191.425808,-9456.434915
887.913250,133.998066,133.998066,-9399.007173
887.913877,114.855485,114.855485,-9399.007173
887.914505,172.283227,76.570323,-9456.434915
887.915132,76.570323,114.855485,-9418.149754
887.915760,95.712904,114.855485,-9418.149754
887.916387,133.998066,114.855485,-9437.292334
887.917015,76.570323,153.140646,-9418.149754
887.917643,95.712904,172.283227,-9360.722011
887.918270,38.285162,153.140646,-9418.149754
887.918898,95.712904,172.283227,-9360.722011
887.919525,114.855485,133.998066,-9360.722011
887.920153,76.570323,114.855485,-9418.149754
887.920780,153.140646,172.283227,-9494.720077
887.921408,133.998066,114.855485,-9475.577496
887.922036,133.998066,114.855485,-9437.292334
887.922663,133.998066,172.283227,-9437.292334
887.923291,133.998066,114.855485,-9437.292334
887.923918,76.570323,114.855485,-9418.149754
887.924546,95.712904,95.712904,-9399.007173
887.925174,95.712904,95.712904,-9475.577496
887.925801,57.427742,95.712904,-9437.292334
887.926429,38.285162,114.855485,-9418.149754
887.927056,76.570323,114.855485,-9456.434915
887.927684,76.570323,114.855485,-9437.292334
887.928311,133.998066,172.283227,-9475.577496
887.928939,153.140646,133.998066,-9494.720077
887.929567,76.570323,114.855485,-9418.149754
887.930194,133.998066,153.140646,-9475.577496
887.930822,76.570323,114.855485,-9475.577496
887.931449,133.998066,114.855485,-9418.149754
887.932077,133.998066,153.140646,-9418.149754
887.932705,76.570323,114.855485,-9418.149754
887.933332,38.285162,114.855485,-9418.149754
887.933960,133.998066,114.855485,-9437.292334
887.934587,133.998066,114.855485,-9418.149754
887.935215,114.855485,95.712904,-9494.720077
887.935843,133.998066,114.855485,-9475.577496
887.936470,133.998066,114.855485,-9418.149754
887.937098,133.998066,114.855485,-9456.434915
887.937725,76.570323,114.855485,-9418.149754
887.938353,76.570323,114.855485,-9418.149754
887.938981,133.998066,153.140646,-9418.149754
887.939608,95.712904,95.712904,-9456.434915
887.940236,57.427742,95.712904,-9399.007173
887.940863,95.712904,114.855485,-9418.149754
887.941491,133.998066,153.140646,-9456.434915
887.942119,76.570323,153.140646,-9418.149754
887.942746,76.570323,114.855485,-9456.434915
887.943374,133.998066,114.855485,-9456.434915
887.944001,95.712904,153.140646,-9360.722011
887.944629,38.285162,153.140646,-9437.292334
887.945257,133.998066,114.855485,-9437.292334
887.945884,133.998066,153.140646,-9418.149754
887.946512,76.570323,114.855485,-9437.292334
887.947139,153.140646,133.998066,-9475.577496
887.947767,133.998066,114.855485,-9418.149754
887.948395,76.570323,172.283227,-9418.149754
887.949022,38.285162,114.855485,-9418.149754
887.949650,133.998066,114.855485,-9437.292334
887.950277,133.998066,114.855485,-9456.434915
887.950905,38.285162,153.140646,-9418.149754
887.951533,95.712904,95.712904,-9399.007173
887.952160,76.570323,172.283227,-9418.149754
887.952788,38.285162,114.855485,-9418.149754
887.953415,76.570323,114.855485,-9418.149754
887.954043,76.570323,114.855485,-9418.149754
887.954671,76.570323,114.855485,-9418.149754
887.955298,76.570323,172.283227,-9418.149754
887.955926,133.998066,172.283227,-9418.149754
887.956553,76.570323,114.855485,-9418.149754
887.957181,76.570323,114.855485,-9418.149754
887.957808,76.570323,153.140646,-9437.292334
887.958436,76.570323,172.283227,-9533.005238
887.959064,133.998066,114.855485,-9456.434915
887.959691,133.998066,114.855485,-9418.149754
887.960319,95.712904,133.998066,-9360.722011
887.960946,133.998066,114.855485,-9418.149754
887.961574,76.570323,114.855485,-9418.149754
887.962202,133.998066,191.425808,-9437.292334
887.962829,76.570323,153.140646,-9418.149754
887.963457,76.570323,114.855485,-9456.434915
887.964084,114.855485,133.998066,-9360.722011
887.964712,76.570323,114.855485,-9533.005238
887.965340,76.570323,114.855485,-9494.720077
887.965967,114.855485,114.855485,-9399.007173
887.966595,76.570323,114.855485,-9437.292334
887.967222,153.140646,133.998066,-9456.434915
887.967850,76.570323,153.140646,-9475.577496
887.968478,76.570323,95.712904,-9437.292334
887.969105,153.140646,172.283227,-9456.434915
887.969733,76.570323,153.140646,-9456.434915
887.970360,76.570323,210.568389,-9437.292334
887.970988,153.140646,153.140646,-9494.720077
887.971616,133.998066,114.855485,-9418.149754
887.972243,76.570323,172.283227,-9418.149754
887.972871,133.998066,114.855485,-9418.149754
887.973498,153.140646,133.998066,-9437.292334
887.974126,133.998066,114.855485,-9418.149754
887.974754,133.998066,153.140646,-9418.149754
887.975381,114.855485,95.712904,-9437.292334
887.976009,76.570323,114.855485,-9418.149754
887.976636,76.570323,114.855485,-9437.292334
887.977264,133.998066,114.855485,-9437.292334
887.977892,76.570323,172.283227,-9437.292334
887.978519,76.570323,114.855485,-9437.292334
887.979147,133.998066,114.855485,-9456.434915
887.979774,153.140646,133.998066,-9456.434915
887.980402,76.570323,95.712904,-9399.007173
887.981030,38.285162,95.712904,-9437.292334
887.981657,76.570323,114.855485,-9456.434915
887.982285,133.998066,114.855485,-9418.149754
887.982912,153.140646,133.998066,-9399.007173
887.983540,76.570323,114.855485,-9437.292334
887.984168,38.285162,114.855485,-9456.434915
887.984795,114.855485,153.140646,-9360.722011
887.985423,76.570323,172.283227,-9418.149754
887.986050,133.998066,210.568389,-9418.149754
887.986678,133.998066,114.855485,-9418.149754
887.987305,76.570323,114.855485,-9418.149754
887.987933,133.998066,114.855485,-9418.149754
887.988561,172.283227,76.570323,-9437.292334
887.989188,133.998066,153.140646,-9418.149754
887.989816,76.570323,114.855485,-9418.149754
887.990443,133.998066,114.855485,-9360.722011
887.991071,153.140646,133.998066,-9399.007173
887.991699,172.283227,95.712904,-9399.007173
887.992326,76.570323,76.570323,-9456.434915
887.992954,95.712904,95.712904,-9437.292334
887.993581,95.712904,114.855485,-9475.577496
887.994209,153.140646,133.998066,-9494.720077
887.994837,133.998066,114.855485,-9494.720077
887.995464,38.285162,172.283227,-9456.434915
887.996092,76.570323,114.855485,-9456.434915
887.996719,76.570323,153.140646,-9475.577496
887.997347,95.712904,114.855485,-9475.577496
887.997975,133.998066,172.283227,-9475.577496
887.998602,76.570323,114.855485,-9475.577496
887.999230,95.712904,114.855485,-9418.149754
887.999857,95.712904,95.712904,-9399.007173
888.000485,133.998066,153.140646,-9418.149754
888.001113,95.712904,172.283227,-9418.149754
888.001740,172.283227,114.855485,-9379.864592
888.002368,153.140646,172.283227,-9399.007173
888.002995,133.998066,172.283227,-9418.149754
888.003623,114.855485,95.712904,-9437.292334
888.004251,133.998066,172.283227,-9418.149754
888.004878,153.140646,153.140646,-9399.007173
888.005506,133.998066,114.855485,-9456.434915
888.006133,76.570323,114.855485,-9399.007173
888.006761,210.568389,133.998066,-9399.007173
888.007389,133.998066,114.855485,-9437.292334
888.008016,38.285162,114.855485,-9456.434915
888.008644,133.998066,114.855485,-9418.149754
888.009271,76.570323,153.140646,-9418.149754
888.009899,76.570323,172.283227,-9418.149754
888.010527,133.998066,229.710970,-9418.149754
888.011154,153.140646,210.568389,-9456.434915
888.011782,133.998066,133.998066,-9494.720077
888.012409,133.998066,114.855485,-9418.149754
888.013037,153.140646,133.998066,-9399.007173
888.013665,133.998066,172.283227,-9418.149754
888.014292,133.998066,153.140646,-9399.007173
888.014920,76.570323,114.855485,-9475.577496
888.015547,133.998066,114.855485,-9475.577496
888.016175,57.427742,172.283227,-9456.434915
888.016803,133.998066,172.283227,-9399.007173
888.017430,114.855485,114.855485,-9418.149754
888.018058,38.285162,114.855485,-9437.292334
888.018685,95.712904,95.712904,-9399.007173
888.019313,153.140646,133.998066,-9456.434915
888.019940,76.570323,114.855485,-9418.149754
888.020568,76.570323,114.855485,-9418.149754
888.021196,153.140646,172.283227,-9456.434915
888.021823,76.570323,114.855485,-9418.149754
888.022451,76.570323,172.283227,-9418.149754
888.023078,133.998066,153.140646,-9399.007173
888.023706,114.855485,133.998066,-9360.722011
888.024334,76.570323,172.283227,-9437.292334
888.024961,133.998066,191.425808,-9437.292334
888.025589,153.140646,153.140646,-9418.149754
888.026216,95.712904,153.140646,-9418.149754
888.026844,95.712904,114.855485,-9456.434915
888.027471,76.570323,153.140646,-9418.149754
888.028099,133.998066,133.998066,-9399.007173
888.028726,95.712904,95.712904,-9437.292334
888.029354,95.712904,114.855485,-9418.149754
888.029981,95.712904,133.998066,-9360.722011
888.030609,76.570323,114.855485,-9456.434915
888.031236,76.570323,114.855485,-9418.149754
888.031864,38.285162,114.855485,-9418.149754
888.032492,95.712904,133.998066,-9418.149754
888.033119,95.712904,95.712904,-9456.434915
888.033747,95.712904,95.712904,-9437.292334
888.034374,153.140646,172.283227,-9513.862658
888.035002,133.998066,210.568389,-9475.577496
888.035629,153.140646,133.998066,-9399.007173
888.036257,133.998066,210.568389,-9437.292334
888.036884,153.140646,191.425808,-9399.007173
888.037512,95.712904,133.998066,-9360.722011
888.038139,76.570323,114.855485,-9418.149754
888.038767,76.570323,114.855485,-9418.149754
888.039395,76.570323,114.855485,-9456.434915
888.040022,133.998066,114.855485,-9475.577496
888.040650,76.570323,153.140646,-9456.434915
888.041277,38.285162,114.855485,-9418.149754
888.041905,153.140646,172.283227,-9399.007173
888.042532,133.998066,114.855485,-9418.149754
888.043160,153.140646,172.283227,-9456.434915
888.043787,133.998066,114.855485,-9456.434915
888.044415,153.140646,133.998066,-9437.292334
888.045042,57.427742,95.712904,-9456.434915
888.045670,133.998066,114.855485,-9437.292334
888.046297,76.570323,153.140646,-9418.149754
888.046925,114.855485,133.998066,-9418.149754
888.047553,133.998066,172.283227,-9456.434915
888.048180,76.570323,114.855485,-9437.292334
888.048808,133.998066,210.568389,-9418.149754
888.049435,76.570323,210.568389,-9456.434915
888.050063,38.285162,153.140646,-9418.149754
888.050690,133.998066,114.855485,-9437.292334
888.051318,95.712904,133.998066,-9360.722011
888.051945,95.712904,191.425808,-9360.722011
888.052573,76.570323,114.855485,-9437.292334
888.053200,76.570323,153.140646,-9437.292334
888.053828,76.570323,153.140646,-9437.292334
888.054455,76.570323,153.140646,-9418.149754
888.055083,76.570323,153.140646,-9418.149754
888.055711,76.570323,114.855485,-9418.149754
888.056338,38.285162,191.425808,-9418.149754
888.056966,19.142581,153.140646,-9418.149754
888.057593,95.712904,114.855485,-9456.434915
888.058221,76.570323,133.998066,-9418.149754
888.058848,133.998066,114.855485,-9418.149754
888.059476,133.998066,153.140646,-9418.149754
888.060103,172.283227,76.570323,-9418.149754
888.060731,133.998066,133.998066,-9399.007173
888.061358,76.570323,114.855485,-9418.149754
888.061986,38.285162,153.140646,-9418.149754
888.062613,133.998066,172.283227,-9456.434915
888.063241,133.998066,114.855485,-9418.149754
888.063869,133.998066,133.998066,-9399.007173
888.064496,76.570323,114.855485,-9456.434915
888.065124,38.285162,191.425808,-9494.720077
888.065751,133.998066,153.140646,-9418.149754
888.066379,133.998066,153.140646,-9418.149754
888.067006,133.998066,133.998066,-9513.862658
888.067634,133.998066,114.855485,-9437.292334
888.068261,38.285162,114.855485,-9437.292334
888.068889,38.285162,114.855485,-9437.292334
888.069516,95.712904,114.855485,-9437.292334
888.070144,133.998066,114.855485,-9494.720077
888.070771,95.712904,114.855485,-9437.292334
888.071399,153.140646,133.998066,-9399.007173
888.072027,210.568389,153.140646,-9399.007173
888.072654,114.855485,153.140646,-9475.577496
888.073282,76.570323,114.855485,-9437.292334
888.073909,95.712904,95.712904,-9437.292334
888.074537,76.570323,114.855485,-9456.434915
888.075164,133.998066,248.853550,-9475.577496
888.075792,76.570323,114.855485,-9456.434915
888.076419,38.285162,210.568389,-9418.149754
888.077047,133.998066,114.855485,-9437.292334
888.077674,38.285162,191.425808,-9456.434915
888.078302,153.140646,153.140646,-9399.007173
888.078930,95.712904,114.855485,-9418.149754
888.079557,76.570323,114.855485,-9456.434915
888.080185,114.855485,95.712904,-9437.292334
888.080812,76.570323,114.855485,-9437.292334
888.081440,133.998066,114.855485,-9418.149754
888.082067,76.570323,114.855485,-9418.149754
888.082695,76.570323,172.283227,-9418.149754
888.083322,76.570323,114.855485,-9437.292334
888.083950,76.570323,114.855485,-9437.292334
888.084577,133.998066,172.283227,-9437.292334
888.085205,133.998066,153.140646,-9418.149754
888.085832,133.998066,153.140646,-9475.577496
888.086460,153.140646,153.140646,-9456.434915
888.087088,133.998066,133.998066,-9437.292334
888.087715,76.570323,114.855485,-9494.720077
888.088343,76.570323,114.855485,-9437.292334
888.088970,38.285162,114.855485,-9456.434915
888.089598,95.712904,133.998066,-9418.149754
888.090225,38.285162,114.855485,-9475.577496
888.090853,76.570323,114.855485,-9418.149754
888.091480,76.570323,172.283227,-9456.434915
888.092108,76.570323,210.568389,-9437.292334
888.092735,95.712904,114.855485,-9456.434915
888.093363,133.998066,114.855485,-9437.292334
888.093990,153.140646,153.140646,-9437.292334
888.094618,114.855485,153.140646,-9379.864592
888.095246,76.570323,172.283227,-9418.149754
888.095873,76.570323,229.710970,-9437.292334
888.096501,133.998066,153.140646,-9456.434915
888.097128,153.140646,133.998066,-9437.292334
888.097756,95.712904,114.855485,-9418.149754
888.098383,38.285162,114.855485,-9418.149754
888.099011,153.140646,172.283227,-9418.149754
888.099638,133.998066,172.283227,-9399.007173
888.100266,95.712904,95.712904,-9399.007173
888.100893,133.998066,210.568389,-9456.434915
888.101521,76.570323,172.283227,-9418.149754
888.102148,76.570323,172.283227,-9437.292334
888.102776,133.998066,114.855485,-9475.577496
888.103404,133.998066,114.855485,-9418.149754
888.104031,76.570323,172.283227,-9456.434915
888.104659,38.285162,114.855485,-9418.149754
888.105286,133.998066,114.855485,-9418.149754
888.105914,76.570323,114.855485,-9418.149754
888.106541,133.998066,114.855485,-9418.149754
888.107169,38.285162,114.855485,-9418.149754
888.107796,153.140646,133.998066,-9399.007173
888.108424,133.998066,114.855485,-9418.149754
888.109051,153.140646,191.425808,-9437.292334
888.109679,76.570323,114.855485,-9437.292334
888.110307,38.285162,153.140646,-9418.149754
888.110934,38.285162,114.855485,-9418.149754
888.111562,38.285162,114.855485,-9418.149754
888.112189,76.570323,153.140646,-9418.149754
888.112817,95.712904,114.855485,-9437.292334
888.113444,95.712904,95.712904,-9399.007173
888.114072,133.998066,172.283227,-9418.149754
888.114699,76.570323,114.855485,-9437.292334
888.115327,95.712904,114.855485,-9437.292334
888.115954,57.427742,95.712904,-9437.292334
888.116582,153.140646,172.283227,-9456.434915
888.117209,76.570323,114.855485,-9437.292334
888.117837,133.998066,114.855485,-9418.149754
888.118465,114.855485,95.712904,-9494.720077
888.119092,133.998066,114.855485,-9456.434915
888.119720,114.855485,95.712904,-9399.007173
888.120347,114.855485,133.998066,-9360.722011
888.120975,153.140646,114.855485,-9437.292334
888.121602,114.855485,133.998066,-9360.722011
888.122230,114.855485,114.855485,-9418.149754
888.122857,114.855485,95.712904,-9437.292334
888.123485,76.570323,153.140646,-9475.577496
888.124112,76.570323,172.283227,-9418.149754
888.124740,153.140646,172.283227,-9399.007173
888.125367,133.998066,133.998066,-9399.007173
888.125995,38.285162,172.283227,-9418.149754
888.126623,95.712904,153.140646,-9456.434915
888.127250,95.712904,172.283227,-9456.434915
888.127878,133.998066,114.855485,-9418.149754
888.128505,76.570323,172.283227,-9456.434915
888.129133,153.140646,133.998066,-9437.292334
888.129760,76.570323,114.855485,-9418.149754
888.130388,38.285162,210.568389,-9475.577496
888.131015,76.570323,114.855485,-9418.149754
888.131643,114.855485,133.998066,-9360.722011
888.132270,95.712904,172.283227,-9437.292334
888.132898,133.998066,153.140646,-9418.149754
888.133525,57.427742,114.855485,-9418.149754
888.134153,76.570323,114.855485,-9418.149754
888.134780,133.998066,114.855485,-9456.434915
888.135408,38.285162,114.855485,-9418.149754
888.136036,133.998066,114.855485,-9418.149754
888.136663,38.285162,172.283227,-9418.149754
888.137291,95.712904,153.140646,-9418.149754
888.137918,76.570323,153.140646,-9418.149754
888.138546,38.285162,95.712904,-9418.149754
888.139173,76.570323,114.855485,-9456.434915
888.139801,153.140646,172.283227,-9399.007173
888.140428,76.570323,114.855485,-9418.149754
888.141056,57.427742,95.712904,-9456.434915
888.141683,38.285162,114.855485,-9437.292334
888.142311,114.855485,172.283227,-9399.007173
888.142938,153.140646,191.425808,-9399.007173
888.143566,133.998066,172.283227,-9418.149754
888.144193,38.285162,172.283227,-9418.149754
888.144821,153.140646,133.998066,-9399.007173
888.145449,38.285162,153.140646,-9418.149754
888.146076,133.998066,114.855485,-9360.722011
888.146704,153.140646,133.998066,-9399.007173
888.147331,38.285162,114.855485,-9418.149754
888.147959,133.998066,133.998066,-9456.434915
888.148586,76.570323,172.283227,-9533.005238
888.149214,95.712904,114.855485,-9418.149754
888.149841,133.998066,172.283227,-9399.007173
888.150469,133.998066,114.855485,-9418.149754
888.151096,210.568389,133.998066,-9399.007173
888.151724,95.712904,153.140646,-9418.149754
888.152351,38.285162,114.855485,-9456.434915
888.152979,57.427742,172.283227,-9360.722011
888.153607,38.285162,95.712904,-9494.720077
888.154234,133.998066,114.855485,-9418.149754
888.154862,133.998066,153.140646,-9399.007173
888.155489,38.285162,210.568389,-9475.577496
888.156117,76.570323,114.855485,-9475.577496
888.156744,133.998066,153.140646,-9456.434915
888.157372,76.570323,114.855485,-9418.149754
888.157999,38.285162,114.855485,-9475.577496
888.158627,76.570323,114.855485,-9475.577496
888.159254,76.570323,114.855485,-9418.149754
888.159882,133.998066,172.283227,-9456.434915
888.160509,133.998066,172.283227,-9475.577496
888.161137,76.570323,172.283227,-9437.292334
888.161764,76.570323,210.568389,-9437.292334
888.162392,133.998066,210.568389,-9418.149754
888.163020,76.570323,172.283227,-9418.149754
888.163647,153.140646,191.425808,-9399.007173
888.164275,133.998066,114.855485,-9418.149754
888.164902,153.140646,133.998066,-9399.007173
888.165530,153.140646,133.998066,-9399.007173
888.166157,76.570323,191.425808,-9418.149754
888.166785,95.712904,210.568389,-9418.149754
888.167412,133.998066,229.710970,-9456.434915
888.168040,133.998066,114.855485,-9418.149754
888.168667,133.998066,153.140646,-9418.149754
888.169295,38.285162,210.568389,-9418.149754
888.169922,133.998066,114.855485,-9418.149754
888.170550,133.998066,114.855485,-9475.577496
888.171177,153.140646,191.425808,-9399.007173
888.171805,76.570323,172.283227,-9437.292334
888.172433,76.570323,114.855485,-9437.292334
888.173060,76.570323,172.283227,-9418.149754
888.173688,133.998066,153.140646,-9418.149754
888.174315,133.998066,114.855485,-9418.149754
888.174943,133.998066,114.855485,-9418.149754
888.175570,38.285162,114.855485,-9418.149754
888.176198,133.998066,153.140646,-9418.149754
888.176825,76.570323,153.140646,-9437.292334
888.177453,133.998066,172.283227,-9494.720077
888.178080,95.712904,114.855485,-9456.434915
888.178708,133.998066,114.855485,-9456.434915
888.179335,153.140646,133.998066,-9399.007173
888.179963,95.712904,95.712904,-9437.292334
888.180590,133.998066,172.283227,-9418.149754
888.181218,133.998066,114.855485,-9418.149754
888.181846,153.140646,133.998066,-9399.007173
888.182473,133.998066,133.998066,-9456.434915
888.183101,38.285162,114.855485,-9456.434915
888.183728,133.998066,114.855485,-9418.149754
888.184356,133.998066,114.855485,-9418.149754
888.184983,133.998066,210.568389,-9475.577496
888.185611,172.283227,114.855485,-9322.436850
888.186238,133.998066,172.283227,-9418.149754
888.186866,38.285162,191.425808,-9341.579430
888.187493,95.712904,133.998066,-9360.722011
888.188121,153.140646,153.140646,-9437.292334
888.188748,95.712904,172.283227,-9456.434915
888.189376,133.998066,172.283227,-9418.149754
888.190004,38.285162,153.140646,-9437.292334
888.190631,38.285162,114.855485,-9418.149754
888.191259,133.998066,114.855485,-9437.292334
888.191886,153.140646,133.998066,-9379.864592
888.192514,38.285162,114.855485,-9418.149754
888.193141,133.998066,114.855485,-9418.149754
888.193769,76.570323,114.855485,-9437.292334
888.194396,76.570323,114.855485,-9418.149754
888.195024,133.998066,114.855485,-9418.149754
888.195651,76.570323,114.855485,-9437.292334
888.196279,95.712904,114.855485,-9418.149754
888.196906,76.570323,153.140646,-9418.149754
888.197534,133.998066,133.998066,-9399.007173
888.198161,133.998066,133.998066,-9494.720077
888.198789,133.998066,153.140646,-9418.149754
888.199417,95.712904,172.283227,-9437.292334
888.200044,76.570323,114.855485,-9494.720077
888.200672,133.998066,153.140646,-9494.720077
888.201299,133.998066,114.855485,-9456.434915
888.201927,76.570323,172.283227,-9418.149754
888.202554,38.285162,114.855485,-9418.149754
888.203182,38.285162,114.855485,-9494.720077
888.203809,133.998066,133.998066,-9399.007173
888.204437,76.570323,114.855485,-9418.149754
888.205064,133.998066,114.855485,-9437.292334
888.205692,76.570323,172.283227,-9456.434915
888.206319,38.285162,172.283227,-9418.149754
888.206947,76.570323,172.283227,-9456.434915
888.207574,133.998066,153.140646,-9418.149754
888.208202,76.570323,153.140646,-9418.149754
888.208830,133.998066,114.855485,-9418.149754
888.209457,76.570323,114.855485,-9418.149754
888.210085,76.570323,172.283227,-9418.149754
888.210712,133.998066,153.140646,-9456.434915
888.211340,76.570323,172.283227,-9437.292334
888.211967,38.285162,114.855485,-9418.149754
888.212595,133.998066,133.998066,-9456.434915
888.213222,76.570323,210.568389,-9418.149754
888.213850,95.712904,133.998066,-9360.722011
888.214477,95.712904,153.140646,-9494.720077
888.215105,76.570323,210.568389,-9456.434915
888.215732,76.570323,114.855485,-9418.149754
888.216360,76.570323,172.283227,-9437.292334
888.216987,95.712904,114.855485,-9437.292334
888.217615,133.998066,114.855485,-9456.434915
888.218243,76.570323,172.283227,-9456.434915
888.218870,153.140646,114.855485,-9456.434915
888.219498,153.140646,191.425808,-9437.292334
888.220125,133.998066,172.283227,-9533.005238
888.220753,76.570323,114.855485,-9456.434915
888.221380,133.998066,114.855485,-9418.149754
888.222008,133.998066,114.855485,-9418.149754
888.222635,133.998066,153.140646,-9418.149754
888.223263,133.998066,114.855485,-9418.149754
888.223890,133.998066,133.998066,-9399.007173
888.224518,95.712904,172.283227,-9418.149754
888.225145,153.140646,153.140646,-9399.007173
888.225773,133.998066,114.855485,-9418.149754
888.226400,133.998066,114.855485,-9418.149754
888.227028,76.570323,172.283227,-9399.007173
888.227656,95.712904,114.855485,-9418.149754
888.228283,133.998066,133.998066,-9399.007173
888.228911,76.570323,114.855485,-9494.720077
888.229538,76.570323,229.710970,-9437.292334
888.230166,133.998066,114.855485,-9456.434915
888.230793,76.570323,172.283227,-9418.149754
888.231421,133.998066,172.283227,-9437.292334
888.232048,114.855485,133.998066,-9418.149754
888.232676,133.998066,210.568389,-9437.292334
888.233303,114.855485,95.712904,-9399.007173
888.233931,95.712904,114.855485,-9399.007173
888.234558,76.570323,153.140646,-9418.149754
888.235186,76.570323,210.568389,-9418.149754
888.235813,38.285162,153.140646,-9418.149754
888.236441,133.998066,114.855485,-9475.577496
888.237069,76.570323,114.855485,-9418.149754
888.237696,114.855485,95.712904,-9399.007173
888.238324,133.998066,133.998066,-9399.007173
888.238951,133.998066,153.140646,-9418.149754
888.239579,133.998066,153.140646,-9456.434915
888.240206,133.998066,114.855485,-9418.149754
888.240834,172.283227,248.853550,-9418.149754
888.241461,95.712904,153.140646,-9418.149754
888.242089,133.998066,114.855485,-9418.149754
888.242716,76.570323,114.855485,-9418.149754
888.243344,76.570323,114.855485,-9456.434915
888.243971,153.140646,133.998066,-9399.007173
888.244599,76.570323,114.855485,-9418.149754
888.245226,133.998066,172.283227,-9437.292334
888.245854,133.998066,114.855485,-9456.434915
888.246481,38.285162,114.855485,-9494.720077
888.247109,133.998066,172.283227,-9437.292334
888.247737,76.570323,210.568389,-9360.722011
888.248364,133.998066,114.855485,-9418.149754
888.248992,153.140646,133.998066,-9437.292334
888.249619,76.570323,114.855485,-9437.292334
888.250247,76.570323,153.140646,-9437.292334
888.250874,76.570323,114.855485,-9418.149754
888.251502,76.570323,114.855485,-9475.577496
888.252129,76.570323,172.283227,-9437.292334
888.252757,76.570323,210.568389,-9418.149754
888.253384,133.998066,153.140646,-9418.149754
888.254012,133.998066,114.855485,-9418.149754
888.254639,114.855485,114.855485,-9475.577496
888.255267,133.998066,114.855485,-9456.434915
888.255894,76.570323,114.855485,-9418.149754
888.256522,76.570323,114.855485,-9418.149754
888.257149,76.570323,172.283227,-9418.149754
888.257777,133.998066,114.855485,-9437.292334
888.258405,95.712904,133.998066,-9418.149754
888.259032,38.285162,114.855485,-9456.434915
888.259660,76.570323,114.855485,-9456.434915
888.260287,76.570323,153.140646,-9418.149754
888.260915,76.570323,114.855485,-9437.292334
888.261542,76.570323,114.855485,-9437.292334
888.262170,133.998066,191.425808,-9437.292334
888.262797,76.570323,114.855485,-9494.720077
888.263425,76.570323,114.855485,-9418.149754
888.264052,172.283227,114.855485,-9379.864592
888.264680,133.998066,153.140646,-9418.149754
888.265307,133.998066,114.855485,-9418.149754
888.265935,114.855485,153.140646,-9360.722011
888.266562,76.570323,153.140646,-9418.149754
888.267190,133.998066,172.283227,-9437.292334
888.267817,76.570323,114.855485,-9418.149754
888.268445,133.998066,114.855485,-9456.434915
888.269073,133.998066,153.140646,-9418.149754
888.269700,133.998066,153.140646,-9418.149754
888.270328,95.712904,153.140646,-9360.722011
888.270955,133.998066,133.998066,-9437.292334
888.271583,76.570323,229.710970,-9437.292334
888.272210,38.285162,153.140646,-9418.149754
888.272838,76.570323,153.140646,-9418.149754
888.273465,38.285162,191.425808,-9437.292334
888.274093,133.998066,172.283227,-9437.292334
888.274720,76.570323,172.283227,-9418.149754
888.275348,38.285162,114.855485,-9418.149754
888.275975,95.712904,114.855485,-9399.007173
888.276603,133.998066,210.568389,-9418.149754
888.277230,95.712904,114.855485,-9418.149754
888.277858,114.855485,95.712904,-9399.007173
888.278486,95.712904,114.855485,-9456.434915
888.279113,38.285162,114.855485,-9418.149754
888.279741,114.855485,114.855485,-9379.864592
888.280368,76.570323,172.283227,-9494.720077
888.280996,76.570323,172.283227,-9418.149754
888.281623,76.570323,153.140646,-9418.149754
888.282251,76.570323,210.568389,-9418.149754
888.282878,76.570323,210.568389,-9418.149754
888.283506,19.142581,114.855485,-9360.722011
888.284133,38.285162,172.283227,-9418.149754
888.284761,114.855485,133.998066,-9360.722011
888.285388,76.570323,114.855485,-9494.720077
888.286016,133.998066,153.140646,-9475.577496
888.286643,76.570323,172.283227,-9475.577496
888.287271,95.712904,114.855485,-9494.720077
888.287898,153.140646,133.998066,-9494.720077
888.288526,38.285162,153.140646,-9418.149754
888.289154,38.285162,114.855485,-9418.149754
888.289781,76.570323,210.568389,-9437.292334
888.290409,133.998066,153.140646,-9418.149754
888.291036,76.570323,133.998066,-9360.722011
888.291664,133.998066,153.140646,-9456.434915
888.292291,76.570323,210.568389,-9437.292334
888.292919,95.712904,114.855485,-9418.149754
888.293546,133.998066,153.140646,-9456.434915
888.294174,76.570323,114.855485,-9418.149754
888.294801,133.998066,172.283227,-9418.149754
888.295429,133.998066,210.568389,-9418.149754
888.296056,38.285162,172.283227,-9494.720077
888.296684,114.855485,95.712904,-9399.007173
888.297311,153.140646,133.998066,-9399.007173
888.297939,153.140646,133.998066,-9399.007173
888.298566,38.285162,172.283227,-9418.149754
888.299194,76.570323,114.855485,-9494.720077
888.299822,133.998066,114.855485,-9456.434915
888.300449,76.570323,172.283227,-9437.292334
888.301077,133.998066,114.855485,-9456.434915
888.301704,76.570323,153.140646,-9437.292334
888.302332,153.140646,172.283227,-9456.434915
888.302959,133.998066,210.568389,-9418.149754
888.303587,76.570323,172.283227,-9456.434915
888.304214,133.998066,153.140646,-9418.149754
888.304842,133.998066,153.140646,-9418.149754
888.305469,95.712904,172.283227,-9418.149754
888.306097,76.570323,114.855485,-9437.292334
888.306724,38.285162,153.140646,-9418.149754
888.307352,133.998066,114.855485,-9418.149754
888.307979,38.285162,191.425808,-9418.149754
888.308607,95.712904,114.855485,-9418.149754
888.309235,76.570323,114.855485,-9533.005238
888.309862,95.712904,95.712904,-9399.007173
888.310490,76.570323,114.855485,-9418.149754
888.311117,38.285162,114.855485,-9475.577496
888.311745,95.712904,95.712904,-9399.007173
888.312372,76.570323,114.855485,-9418.149754
888.313000,133.998066,114.855485,-9418.149754
888.313627,114.855485,76.570323,-9418.149754
888.314255,76.570323,114.855485,-9418.149754
888.314882,133.998066,114.855485,-9418.149754
888.315510,153.140646,133.998066,-9399.007173
888.316137,76.570323,114.855485,-9437.292334
888.316765,76.570323,172.283227,-9418.149754
888.317392,76.570323,114.855485,-9437.292334
888.318020,95.712904,210.568389,-9456.434915
888.318647,133.998066,172.283227,-9456.434915
888.319275,38.285162,172.283227,-9494.720077
888.319903,95.712904,114.855485,-9475.577496
888.320530,76.570323,114.855485,-9418.149754
888.321158,76.570323,114.855485,-9418.149754
888.321785,76.570323,114.855485,-9437.292334
888.322413,133.998066,114.855485,-9418.149754
888.323040,114.855485,114.855485,-9379.864592
888.323668,76.570323,210.568389,-9418.149754
888.324295,76.570323,114.855485,-9437.292334
888.324923,76.570323,172.283227,-9475.577496
888.325550,38.285162,114.855485,-9418.149754
888.326178,133.998066,114.855485,-9418.149754
888.326805,76.570323,210.568389,-9418.149754
888.327432,38.285162,114.855485,-9418.149754
888.328060,76.570323,153.140646,-9418.149754
888.328687,153.140646,133.998066,-9399.007173
888.329315,57.427742,172.283227,-9360.722011
888.329942,76.570323,114.855485,-9418.149754
888.330569,57.427742,172.283227,-9360.722011
888.331197,133.998066,114.855485,-9418.149754
888.331824,133.998066,172.283227,-9418.149754
888.332452,153.140646,191.425808,-9399.007173
888.333079,153.140646,133.998066,-9494.720077
888.333707,133.998066,114.855485,-9418.149754
888.334334,57.427742,172.283227,-9360.722011
888.334961,133.998066,114.855485,-9418.149754
888.335589,76.570323,114.855485,-9418.149754
888.336216,38.285162,95.712904,-9399.007173
888.336844,133.998066,114.855485,-9418.149754
888.337471,133.998066,172.283227,-9418.149754
888.338099,133.998066,172.283227,-9437.292334
888.338726,76.570323,210.568389,-9475.577496
888.339353,133.998066,153.140646,-9456.434915
888.339981,133.998066,114.855485,-9418.149754
888.340608,95.712904,172.283227,-9437.292334
888.341236,76.570323,114.855485,-9418.149754
888.341863,133.998066,172.283227,-9456.434915
888.342491,76.570323,114.855485,-9456.434915
888.343118,76.570323,114.855485,-9418.149754
888.343745,76.570323,114.855485,-9456.434915
888.344373,133.998066,172.283227,-9437.292334
888.345000,38.285162,210.568389,-9456.434915
888.345628,38.285162,210.568389,-9418.149754
888.346255,76.570323,114.855485,-9418.149754
888.346883,153.140646,114.855485,-9437.292334
888.347510,76.570323,114.855485,-9418.149754
888.348137,133.998066,153.140646,-9418.149754
888.348765,76.570323,114.855485,-9437.292334
888.349392,95.712904,153.140646,-9360.722011
888.350020,114.855485,133.998066,-9360.722011
888.350647,114.855485,95.712904,-9437.292334
888.351275,133.998066,114.855485,-9475.577496
888.351902,95.712904,153.140646,-9437.292334
888.352529,133.998066,114.855485,-9437.292334
888.353157,172.283227,133.998066,-9456.434915
888.353784,133.998066,114.855485,-9456.434915
888.354412,133.998066,172.283227,-9399.007173
888.355039,153.140646,133.998066,-9399.007173
888.355667,76.570323,153.140646,-9475.577496
888.356294,133.998066,114.855485,-9418.149754
888.356921,133.998066,114.855485,-9437.292334
888.357549,133.998066,114.855485,-9456.434915
888.358176,133.998066,172.283227,-9475.577496
888.358804,133.998066,114.855485,-9418.149754
888.359431,76.570323,114.855485,-9437.292334
888.360059,38.285162,172.283227,-9456.434915
888.360686,76.570323,191.425808,-9418.149754
888.361313,76.570323,153.140646,-9418.149754
888.361941,38.285162,153.140646,-9475.577496
888.362568,38.285162,114.855485,-9437.292334
888.363196,38.285162,210.568389,-9437.292334
888.363823,76.570323,114.855485,-9456.434915
888.364451,76.570323,114.855485,-9418.149754
888.365078,133.998066,210.568389,-9437.292334
888.365705,133.998066,114.855485,-9418.149754
888.366333,76.570323,114.855485,-9418.149754
888.366960,133.998066,172.283227,-9418.149754
888.367588,95.712904,114.855485,-9418.149754
888.368215,153.140646,153.140646,-9399.007173
888.368842,210.568389,133.998066,-9399.007173
888.369470,133.998066,133.998066,-9456.434915
888.370097,172.283227,95.712904,-9399.007173
888.370725,133.998066,153.140646,-9399.007173
888.371352,76.570323,114.855485,-9418.149754
888.371980,133.998066,114.855485,-9418.149754
888.372607,133.998066,153.140646,-9418.149754
888.373234,76.570323,114.855485,-9418.149754
888.373862,133.998066,153.140646,-9437.292334
888.374489,114.855485,95.712904,-9456.434915
888.375117,114.855485,95.712904,-9437.292334
888.375744,153.140646,191.425808,-9399.007173
888.376372,133.998066,153.140646,-9437.292334
888.376999,153.140646,153.140646,-9399.007173
888.377626,133.998066,153.140646,-9437.292334
888.378254,76.570323,172.283227,-9418.149754
888.378881,76.570323,153.140646,-9418.149754
888.379509,38.285162,153.140646,-9437.292334
888.380136,76.570323,210.568389,-9456.434915
888.380764,133.998066,114.855485,-9437.292334
888.381391,133.998066,114.855485,-9437.292334
888.382018,38.285162,114.855485,-9418.149754
888.382646,76.570323,114.855485,-9418.149754
888.383273,76.570323,114.855485,-9418.149754
888.383901,133.998066,133.998066,-9399.007173
888.384528,76.570323,114.855485,-9418.149754
888.385156,133.998066,114.855485,-9418.149754
888.385783,133.998066,76.570323,-9379.864592
888.386410,76.570323,95.712904,-9456.434915
888.387038,76.570323,229.710970,-9418.149754
888.387665,133.998066,114.855485,-9418.149754
888.388293,76.570323,114.855485,-9533.005238
888.388920,76.570323,114.855485,-9418.149754
888.389548,38.285162,153.140646,-9494.720077
888.390175,133.998066,114.855485,-9437.292334
888.390802,133.998066,114.855485,-9418.149754
888.391430,133.998066,114.855485,-9437.292334
888.392057,153.140646,133.998066,-9399.007173
888.392685,133.998066,114.855485,-9456.434915
888.393312,133.998066,172.283227,-9437.292334
888.393940,95.712904,114.855485,-9418.149754
888.394567,133.998066,210.568389,-9418.149754
888.395194,95.712904,95.712904,-9399.007173
888.395822,133.998066,172.283227,-9418.149754
888.396449,114.855485,114.855485,-9456.434915
888.397077,57.427742,133.998066,-9360.722011
888.397704,57.427742,133.998066,-9360.722011
888.398332,133.998066,114.855485,-9418.149754
888.398959,76.570323,114.855485,-9437.292334
888.399586,76.570323,114.855485,-9475.577496
888.400214,76.570323,95.712904,-9437.292334
888.400841,133.998066,114.855485,-9456.434915
888.401469,153.140646,133.998066,-9399.007173
888.402096,38.285162,153.140646,-9360.722011
888.402724,76.570323,153.140646,-9418.149754
888.403351,133.998066,210.568389,-9418.149754
888.403978,133.998066,153.140646,-9418.149754
888.404606,133.998066,153.140646,-9456.434915
888.405233,76.570323,114.855485,-9456.434915
888.405861,76.570323,114.855485,-9456.434915
888.406488,133.998066,114.855485,-9456.434915
888.407115,76.570323,114.855485,-9418.149754
888.407743,114.855485,133.998066,-9418.149754
888.408370,76.570323,172.283227,-9418.149754
888.408998,95.712904,153.140646,-9456.434915
888.409625,153.140646,133.998066,-9456.434915
888.410253,133.998066,114.855485,-9456.434915
888.410880,95.712904,172.283227,-9418.149754
888.411507,95.712904,114.855485,-9399.007173
888.412135,133.998066,114.855485,-9418.149754
888.412762,76.570323,114.855485,-9456.434915
888.413390,95.712904,95.712904,-9456.434915
888.414017,133.998066,114.855485,-9418.149754
888.414645,172.283227,210.568389,-9399.007173
888.415272,76.570323,210.568389,-9437.292334
888.415899,76.570323,114.855485,-9418.149754
888.416527,76.570323,229.710970,-9418.149754
888.417154,133.998066,114.855485,-9418.149754
888.417782,114.855485,153.140646,-9437.292334
888.418409,76.570323,114.855485,-9418.149754
888.419037,76.570323,114.855485,-9418.149754
888.419664,133.998066,153.140646,-9399.007173
888.420291,133.998066,210.568389,-9418.149754
888.420919,133.998066,114.855485,-9456.434915
888.421546,38.285162,114.855485,-9437.292334
888.422174,76.570323,114.855485,-9418.149754
888.422801,114.855485,95.712904,-9437.292334
888.423429,133.998066,114.855485,-9437.292334
888.424056,76.570323,172.283227,-9437.292334
888.424683,76.570323,114.855485,-9475.577496
888.425311,153.140646,153.140646,-9494.720077
888.425938,153.140646,172.283227,-9456.434915
888.426566,76.570323,114.855485,-9418.149754
888.427193,76.570323,172.283227,-9456.434915
888.427821,133.998066,153.140646,-9399.007173
888.428448,76.570323,114.855485,-9418.149754
888.429076,133.998066,114.855485,-9437.292334
888.429703,76.570323,114.855485,-9437.292334
888.430331,95.712904,133.998066,-9360.722011
888.430958,133.998066,153.140646,-9437.292334
888.431586,133.998066,114.855485,-9437.292334
888.432213,133.998066,114.855485,-9437.292334
888.432841,76.570323,114.855485,-9418.149754
888.433468,133.998066,133.998066,-9399.007173
888.434096,38.285162,210.568389,-9418.149754
888.434723,57.427742,95.712904,-9399.007173
888.435351,133.998066,114.855485,-9437.292334
888.435978,172.283227,76.570323,-9494.720077
888.436606,133.998066,172.283227,-9418.149754
888.437233,38.285162,191.425808,-9418.149754
888.437861,133.998066,172.283227,-9437.292334
888.438488,133.998066,114.855485,-9437.292334
888.439116,133.998066,114.855485,-9418.149754
888.439743,133.998066,114.855485,-9456.434915
888.440371,76.570323,114.855485,-9475.577496
888.440998,133.998066,172.283227,-9418.149754
888.441626,38.285162,153.140646,-9418.149754
888.442253,38.285162,153.140646,-9437.292334
888.442881,114.855485,95.712904,-9399.007173
888.443508,153.140646,133.998066,-9399.007173
888.444135,133.998066,114.855485,-9418.149754
888.444763,133.998066,133.998066,-9399.007173
888.445390,133.998066,114.855485,-9437.292334
888.446018,38.285162,114.855485,-9418.149754
888.446645,133.998066,114.855485,-9437.292334
888.447273,76.570323,114.855485,-9418.149754
888.447900,114.855485,153.140646,-9360.722011
888.448528,76.570323,172.283227,-9418.149754
888.449155,153.140646,133.998066,-9399.007173
888.449783,76.570323,114.855485,-9418.149754
888.450410,76.570323,114.855485,-9418.149754
888.451038,153.140646,133.998066,-9456.434915
888.451665,133.998066,114.855485,-9437.292334
888.452293,76.570323,114.855485,-9418.149754
888.452920,133.998066,114.855485,-9418.149754
888.453548,114.855485,95.712904,-9399.007173
888.454175,76.570323,114.855485,-9533.005238
888.454803,95.712904,95.712904,-9456.434915
888.455430,114.855485,95.712904,-9399.007173
888.456058,76.570323,114.855485,-9418.149754
888.456685,95.712904,133.998066,-9360.722011
888.457313,38.285162,114.855485,-9437.292334
888.457940,95.712904,95.712904,-9437.292334
888.458568,76.570323,114.855485,-9418.149754
888.459195,172.283227,133.998066,-9437.292334
888.459823,76.570323,114.855485,-9418.149754
888.460450,133.998066,114.855485,-9437.292334
888.461078,76.570323,114.855485,-9418.149754
888.461705,95.712904,153.140646,-9418.149754
888.462333,76.570323,114.855485,-9418.149754
888.462960,133.998066,153.140646,-9456.434915
888.463588,76.570323,114.855485,-9418.149754
888.464215,76.570323,114.855485,-9418.149754
888.464842,76.570323,133.998066,-9341.579430
888.465470,76.570323,114.855485,-9437.292334
888.466097,38.285162,114.855485,-9418.149754
888.466725,133.998066,114.855485,-9456.434915
888.467352,153.140646,172.283227,-9399.007173
888.467980,133.998066,229.710970,-9418.149754
888.468607,133.998066,114.855485,-9475.577496
888.469235,133.998066,114.855485,-9456.434915
888.469862,76.570323,153.140646,-9418.149754
888.470490,133.998066,210.568389,-9418.149754
888.471117,133.998066,153.140646,-9437.292334
888.471745,133.998066,114.855485,-9437.292334
888.472372,114.855485,95.712904,-9456.434915
888.473000,133.998066,114.855485,-9418.149754
888.473627,114.855485,114.855485,-9418.149754
888.474255,76.570323,114.855485,-9418.149754
888.474882,95.712904,133.998066,-9533.005238
888.475510,133.998066,153.140646,-9418.149754
888.476137,153.140646,153.140646,-9456.434915
888.476765,133.998066,133.998066,-9494.720077
888.477392,76.570323,95.712904,-9399.007173
888.478020,95.712904,95.712904,-9399.007173
888.478647,133.998066,114.855485,-9475.577496
888.479275,153.140646,133.998066,-9399.007173
888.479902,133.998066,114.855485,-9418.149754
888.480530,153.140646,133.998066,-9399.007173
888.481157,133.998066,114.855485,-9418.149754
888.481785,114.855485,95.712904,-9399.007173
888.482412,76.570323,114.855485,-9437.292334
888.483040,76.570323,172.283227,-9418.149754
888.483667,153.140646,133.998066,-9494.720077
888.484295,133.998066,114.855485,-9475.577496
888.484922,76.570323,153.140646,-9437.292334
888.485549,76.570323,172.283227,-9456.434915
888.486177,95.712904,153.140646,-9437.292334
888.486804,133.998066,172.283227,-9399.007173
888.487432,76.570323,114.855485,-9418.149754
888.488059,38.285162,172.283227,-9418.149754
888.488687,76.570323,114.855485,-9418.149754
888.489314,95.712904,114.855485,-9418.149754
888.489942,133.998066,133.998066,-9399.007173
888.490569,76.570323,172.283227,-9456.434915
888.491197,95.712904,114.855485,-9437.292334
888.491824,153.140646,153.140646,-9456.434915
888.492452,38.285162,153.140646,-9418.149754
888.493079,133.998066,210.568389,-9475.577496
888.493707,133.998066,153.140646,-9456.434915
888.494334,133.998066,153.140646,-9418.149754
888.494962,153.140646,191.425808,-9437.292334
888.495589,133.998066,153.140646,-9418.149754
888.496217,57.427742,133.998066,-9360.722011
888.496844,133.998066,114.855485,-9418.149754
888.497472,76.570323,153.140646,-9418.149754
888.498099,133.998066,114.855485,-9475.577496
888.498727,76.570323,114.855485,-9418.149754
888.499354,76.570323,114.855485,-9418.149754
888.499982,133.998066,153.140646,-9418.149754
888.500609,76.570323,172.283227,-9456.434915
888.501237,76.570323,114.855485,-9418.149754
888.501864,76.570323,210.568389,-9418.149754
888.502492,153.140646,172.283227,-9399.007173
888.503119,76.570323,114.855485,-9418.149754
888.503747,95.712904,191.425808,-9456.434915
888.504374,76.570323,114.855485,-9418.149754
888.505002,57.427742,95.712904,-9399.007173
888.505629,76.570323,153.140646,-9456.434915
888.506257,76.570323,210.568389,-9437.292334
888.506884,114.855485,133.998066,-9341.579430
888.507511,95.712904,114.855485,-9418.149754
888.508139,95.712904,95.712904,-9399.007173
888.508766,76.570323,172.283227,-9437.292334
888.509394,76.570323,210.568389,-9418.149754
888.510021,95.712904,114.855485,-9418.149754
888.510649,133.998066,114.855485,-9437.292334
888.511276,76.570323,172.283227,-9418.149754
888.511904,133.998066,153.140646,-9437.292334
888.512531,133.998066,133.998066,-9399.007173
888.513159,153.140646,114.855485,-9437.292334
888.513786,133.998066,153.140646,-9418.149754
888.514414,95.712904,95.712904,-9399.007173
888.515041,76.570323,114.855485,-9418.149754
888.515669,95.712904,95.712904,-9437.292334
888.516296,133.998066,114.855485,-9475.577496
888.516924,76.570323,114.855485,-9494.720077
888.517551,76.570323,114.855485,-9475.577496
888.518179,76.570323,114.855485,-9437.292334
888.518806,95.712904,95.712904,-9494.720077
888.519434,153.140646,133.998066,-9399.007173
888.520061,172.283227,76.570323,-9475.577496
888.520689,38.285162,210.568389,-9418.149754
888.521316,76.570323,210.568389,-9418.149754
888.521944,133.998066,153.140646,-9418.149754
888.522571,76.570323,114.855485,-9418.149754
888.523199,76.570323,114.855485,-9418.149754
888.523826,76.570323,114.855485,-9418.149754
888.524454,133.998066,114.855485,-9437.292334
888.525081,76.570323,114.855485,-9418.149754
888.525709,76.570323,172.283227,-9494.720077
888.526336,133.998066,153.140646,-9418.149754
888.526964,76.570323,153.140646,-9475.577496
888.527591,133.998066,114.855485,-9437.292334
888.528219,133.998066,114.855485,-9418.149754
888.528846,76.570323,153.140646,-9418.149754
888.529474,114.855485,133.998066,-9360.722011
888.530101,38.285162,114.855485,-9418.149754
888.530729,76.570323,114.855485,-9456.434915
888.531356,153.140646,153.140646,-9399.007173
888.531984,153.140646,172.283227,-9399.007173
888.532611,114.855485,95.712904,-9399.007173
888.533239,38.285162,114.855485,-9418.149754
888.533866,133.998066,133.998066,-9456.434915
888.534494,114.855485,95.712904,-9399.007173
888.535121,57.427742,114.855485,-9418.149754
888.535749,76.570323,114.855485,-9456.434915
888.536376,57.427742,95.712904,-9456.434915
888.537004,95.712904,76.570323,-9418.149754
888.537631,133.998066,114.855485,-9437.292334
888.538259,95.712904,210.568389,-9437.292334
888.538886,38.285162,153.140646,-9418.149754
888.539514,95.712904,114.855485,-9437.292334
888.540142,95.712904,95.712904,-9456.434915
888.540769,133.998066,114.855485,-9437.292334
888.541397,172.283227,133.998066,-9456.434915
888.542024,133.998066,114.855485,-9418.149754
888.542652,133.998066,114.855485,-9418.149754
888.543279,76.570323,114.855485,-9456.434915
888.543907,133.998066,133.998066,-9456.434915
888.544534,76.570323,153.140646,-9456.434915
888.545162,133.998066,153.140646,-9418.149754
888.545789,133.998066,191.425808,-9418.149754
888.546417,76.570323,210.568389,-9456.434915
888.547044,76.570323,114.855485,-9456.434915
888.547672,133.998066,191.425808,-9418.149754
888.548299,95.712904,95.712904,-9475.577496
888.548927,38.285162,114.855485,-9533.005238
888.549554,133.998066,114.855485,-9475.577496
888.550182,114.855485,76.570323,-9456.434915
888.550809,133.998066,114.855485,-9418.149754
888.551437,76.570323,114.855485,-9437.292334
888.552064,95.712904,172.283227,-9456.434915
888.552692,210.568389,133.998066,-9399.007173
888.553319,133.998066,114.855485,-9437.292334
888.553947,133.998066,133.998066,-9399.007173
888.554574,133.998066,95.712904,-9418.149754
888.555202,95.712904,76.570323,-9379.864592
888.555829,133.998066,114.855485,-9418.149754
888.556457,133.998066,133.998066,-9399.007173
888.557085,76.570323,153.140646,-9418.149754
888.557712,133.998066,114.855485,-9418.149754
888.558340,114.855485,95.712904,-9399.007173
888.558967,38.285162,153.140646,-9418.149754
888.559595,133.998066,153.140646,-9418.149754
888.560222,38.285162,172.283227,-9418.149754
888.560850,57.427742,172.283227,-9418.149754
888.561477,95.712904,114.855485,-9418.149754
888.562105,76.570323,114.855485,-9418.149754
888.562732,153.140646,133.998066,-9437.292334
888.563360,133.998066,172.283227,-9418.149754
888.563987,76.570323,210.568389,-9418.149754
888.564615,133.998066,153.140646,-9456.434915
888.565242,133.998066,114.855485,-9533.005238
888.565870,38.285162,114.855485,-9456.434915
888.566497,95.712904,95.712904,-9456.434915
888.567125,95.712904,114.855485,-9437.292334
888.567752,76.570323,172.283227,-9437.292334
888.568380,133.998066,114.855485,-9456.434915
888.569007,76.570323,153.140646,-9418.149754
888.569635,172.283227,76.570323,-9418.149754
888.570262,133.998066,210.568389,-9437.292334
888.570890,153.140646,133.998066,-9399.007173
888.571517,76.570323,172.283227,-9418.149754
888.572145,76.570323,153.140646,-9418.149754
888.572772,38.285162,172.283227,-9437.292334
888.573400,133.998066,153.140646,-9456.434915
888.574028,114.855485,133.998066,-9360.722011
888.574655,114.855485,114.855485,-9399.007173
888.575283,133.998066,76.570323,-9379.864592
888.575910,38.285162,114.855485,-9418.149754
888.576538,95.712904,95.712904,-9437.292334
888.577165,76.570323,114.855485,-9418.149754
888.577793,76.570323,172.283227,-9418.149754
888.578420,153.140646,172.283227,-9456.434915
888.579048,76.570323,210.568389,-9418.149754
888.579675,133.998066,229.710970,-9456.434915
888.580303,76.570323,153.140646,-9418.149754
888.580930,133.998066,114.855485,-9418.149754
888.581558,153.140646,114.855485,-9418.149754
888.582185,133.998066,153.140646,-9418.149754
888.582813,76.570323,114.855485,-9418.149754
888.583440,133.998066,153.140646,-9399.007173
888.584068,95.712904,191.425808,-9360.722011
888.584695,76.570323,210.568389,-9437.292334
888.585323,76.570323,114.855485,-9418.149754
888.585950,76.570323,229.710970,-9456.434915
888.586578,76.570323,153.140646,-9437.292334
888.587205,133.998066,114.855485,-9494.720077
888.587833,133.998066,172.283227,-9494.720077
888.588460,38.285162,172.283227,-9418.149754
888.589088,38.285162,172.283227,-9418.149754
888.589715,133.998066,153.140646,-9475.577496
888.590343,133.998066,114.855485,-9494.720077
888.590971,76.570323,153.140646,-9418.149754
888.591598,38.285162,114.855485,-9418.149754
888.592226,57.427742,114.855485,-9418.149754
888.592853,95.712904,133.998066,-9360.722011
888.593481,76.570323,153.140646,-9418.149754
888.594108,95.712904,95.712904,-9456.434915
888.594736,133.998066,210.568389,-9418.149754
888.595363,76.570323,172.283227,-9418.149754
888.595991,133.998066,114.855485,-9418.149754
888.596618,114.855485,95.712904,-9456.434915
888.597246,133.998066,114.855485,-9456.434915
888.597873,76.570323,153.140646,-9456.434915
888.598501,153.140646,172.283227,-9399.007173
888.599128,114.855485,172.283227,-9360.722011
888.599756,133.998066,114.855485,-9437.292334
888.600383,210.568389,153.140646,-9494.720077
888.601011,114.855485,95.712904,-9399.007173
888.601638,133.998066,172.283227,-9399.007173
888.602266,153.140646,133.998066,-9399.007173
888.602893,76.570323,114.855485,-9437.292334
888.603521,133.998066,153.140646,-9418.149754
888.604148,133.998066,114.855485,-9418.149754
888.604776,133.998066,172.283227,-9418.149754
888.605403,114.855485,172.283227,-9360.722011
888.606031,76.570323,172.283227,-9418.149754
888.606658,114.855485,95.712904,-9399.007173
888.607286,38.285162,114.855485,-9475.577496
888.607914,76.570323,210.568389,-9437.292334
888.608541,133.998066,172.283227,-9418.149754
888.609169,38.285162,153.140646,-9418.149754
888.609796,38.285162,76.570323,-9379.864592
888.610424,133.998066,133.998066,-9399.007173
888.611051,114.855485,95.712904,-9399.007173
888.611679,38.285162,95.712904,-9456.434915
888.612306,95.712904,114.855485,-9456.434915
888.612934,133.998066,114.855485,-9418.149754
888.613561,76.570323,114.855485,-9418.149754
888.614189,133.998066,114.855485,-9418.149754
888.614816,76.570323,153.140646,-9418.149754
888.615444,38.285162,114.855485,-9418.149754
888.616071,133.998066,114.855485,-9418.149754
888.616699,95.712904,95.712904,-9399.007173
888.617326,76.570323,114.855485,-9418.149754
888.617954,57.427742,114.855485,-9418.149754
888.618581,38.285162,172.283227,-9418.149754
888.619209,133.998066,153.140646,-9456.434915
888.619836,38.285162,114.855485,-9418.149754
888.620464,153.140646,172.283227,-9418.149754
888.621091,38.285162,210.568389,-9475.577496
888.621719,95.712904,133.998066,-9418.149754
888.622346,76.570323,172.283227,-9418.149754
888.622974,133.998066,114.855485,-9418.149754
888.623601,76.570323,114.855485,-9418.149754
888.624229,95.712904,133.998066,-9475.577496
888.624857,76.570323,114.855485,-9418.149754
888.625484,114.855485,133.998066,-9360.722011
888.626112,133.998066,210.568389,-9418.149754
888.626739,76.570323,210.568389,-9418.149754
888.627366,153.140646,133.998066,-9456.434915
888.627994,95.712904,210.568389,-9437.292334
888.628621,95.712904,114.855485,-9418.149754
888.629249,76.570323,114.855485,-9418.149754
888.629876,38.285162,210.568389,-9418.149754
888.630504,133.998066,153.140646,-9437.292334
888.631131,76.570323,153.140646,-9418.149754
888.631759,76.570323,114.855485,-9418.149754
888.632386,133.998066,153.140646,-9418.149754
888.633014,133.998066,114.855485,-9418.149754
888.633641,133.998066,114.855485,-9456.434915
888.634269,133.998066,114.855485,-9456.434915
888.634896,133.998066,114.855485,-9418.149754
888.635524,133.998066,114.855485,-9418.149754
888.636151,76.570323,114.855485,-9418.149754
888.636779,133.998066,133.998066,-9399.007173
888.637406,76.570323,153.140646,-9418.149754
888.638034,38.285162,114.855485,-9437.292334
888.638661,38.285162,114.855485,-9437.292334
888.639289,76.570323,114.855485,-9456.434915
888.639916,76.570323,114.855485,-9437.292334
888.640544,153.140646,172.283227,-9437.292334
888.641171,133.998066,114.855485,-9437.292334
888.641799,57.427742,114.855485,-9418.149754
888.642426,38.285162,210.568389,-9456.434915
888.643053,76.570323,114.855485,-9494.720077
888.643681,76.570323,114.855485,-9437.292334
888.644308,114.855485,172.283227,-9360.722011
888.644936,76.570323,210.568389,-9418.149754
888.645563,95.712904,172.283227,-9418.149754
888.646191,38.285162,210.568389,-9456.434915
888.646818,76.570323,114.855485,-9456.434915
888.647446,133.998066,114.855485,-9437.292334
888.648073,95.712904,114.855485,-9437.292334
888.648701,133.998066,114.855485,-9475.577496
888.649328,133.998066,114.855485,-9418.149754
888.649956,76.570323,153.140646,-9494.720077
888.650583,76.570323,114.855485,-9456.434915
888.651211,95.712904,210.568389,-9418.149754
888.651838,133.998066,153.140646,-9437.292334
888.652466,133.998066,172.283227,-9399.007173
888.653093,133.998066,114.855485,-9475.577496
888.653721,38.285162,114.855485,-9475.577496
888.654348,133.998066,114.855485,-9418.149754
888.654976,95.712904,95.712904,-9437.292334
888.655603,133.998066,153.140646,-9456.434915
888.656231,133.998066,114.855485,-9418.149754
888.656858,38.285162,114.855485,-9418.149754
888.657486,76.570323,114.855485,-9418.149754
888.658113,114.855485,172.283227,-9360.722011
888.658740,76.570323,114.855485,-9456.434915
888.659368,95.712904,172.283227,-9418.149754
888.659995,133.998066,229.710970,-9418.149754
888.660623,76.570323,114.855485,-9418.149754
888.661250,76.570323,114.855485,-9456.434915
888.661878,76.570323,153.140646,-9456.434915
888.662505,153.140646,114.855485,-9456.434915
888.663133,133.998066,114.855485,-9418.149754
888.663760,133.998066,133.998066,-9456.434915
888.664388,19.142581,114.855485,-9418.149754
888.665015,133.998066,153.140646,-9418.149754
888.665643,133.998066,114.855485,-9418.149754
888.666270,76.570323,114.855485,-9418.149754
888.666898,38.285162,114.855485,-9475.577496
888.667525,95.712904,172.283227,-9418.149754
888.668153,95.712904,95.712904,-9456.434915
888.668780,76.570323,210.568389,-9418.149754
888.669408,95.712904,133.998066,-9437.292334
888.670035,38.285162,114.855485,-9475.577496
888.670663,95.712904,133.998066,-9360.722011
888.671290,76.570323,114.855485,-9418.149754
888.671918,76.570323,114.855485,-9418.149754
888.672545,172.283227,133.998066,-9475.577496
888.673173,133.998066,114.855485,-9418.149754
888.673800,76.570323,172.283227,-9360.722011
888.674427,38.285162,172.283227,-9418.149754
888.675055,95.712904,114.855485,-9475.577496
888.675682,76.570323,114.855485,-9475.577496
888.676310,95.712904,95.712904,-9437.292334
888.676937,95.712904,133.998066,-9418.149754
888.677565,76.570323,114.855485,-9418.149754
888.678192,57.427742,133.998066,-9360.722011
888.678820,76.570323,114.855485,-9418.149754
888.679447,38.285162,114.855485,-9418.149754
888.680075,76.570323,114.855485,-9437.292334
888.680702,76.570323,114.855485,-9418.149754
888.681330,133.998066,133.998066,-9513.862658
888.681957,133.998066,133.998066,-9399.007173
888.682585,95.712904,114.855485,-9456.434915
888.683212,153.140646,114.855485,-9456.434915
888.683840,114.855485,172.283227,-9360.722011
888.684467,76.570323,114.855485,-9418.149754
888.685095,114.855485,114.855485,-9399.007173
888.685722,76.570323,114.855485,-9418.149754
888.686350,133.998066,76.570323,-9379.864592
888.686977,76.570323,114.855485,-9418.149754
888.687605,76.570323,153.140646,-9418.149754
888.688232,76.570323,114.855485,-9456.434915
888.688860,76.570323,114.855485,-9418.149754
888.689487,38.285162,153.140646,-9437.292334
888.690114,133.998066,114.855485,-9456.434915
888.690742,95.712904,114.855485,-9418.149754
888.691369,133.998066,153.140646,-9437.292334
888.691997,114.855485,133.998066,-9418.149754
888.692624,57.427742,114.855485,-9418.149754
888.693252,95.712904,114.855485,-9418.149754
888.693879,95.712904,114.855485,-9418.149754
888.694507,114.855485,210.568389,-9379.864592
888.695134,133.998066,172.283227,-9418.149754
888.695762,95.712904,114.855485,-9456.434915
888.696389,172.283227,76.570323,-9418.149754
888.697017,133.998066,172.283227,-9418.149754
888.697644,133.998066,191.425808,-9418.149754
888.698272,114.855485,172.283227,-9360.722011
888.698899,133.998066,172.283227,-9418.149754
888.699527,76.570323,114.855485,-9418.149754
888.700154,133.998066,114.855485,-9456.434915
888.700782,95.712904,95.712904,-9399.007173
888.701409,133.998066,114.855485,-9418.149754
888.702037,76.570323,172.283227,-9418.149754
888.702664,153.140646,172.283227,-9494.720077
888.703292,76.570323,114.855485,-9533.005238
888.703919,114.855485,95.712904,-9437.292334
888.704547,95.712904,114.855485,-9418.149754
888.705174,76.570323,172.283227,-9437.292334
888.705801,95.712904,153.140646,-9418.149754
888.706429,76.570323,114.855485,-9475.577496
888.707056,76.570323,114.855485,-9418.149754
888.707684,133.998066,114.855485,-9418.149754
888.708311,38.285162,114.855485,-9418.149754
888.708939,76.570323,114.855485,-9456.434915
888.709566,133.998066,172.283227,-9399.007173
888.710194,76.570323,114.855485,-9418.149754
888.710821,95.712904,133.998066,-9418.149754
888.711449,76.570323,114.855485,-9456.434915
888.712076,133.998066,172.283227,-9399.007173
888.712704,76.570323,114.855485,-9418.149754
888.713331,76.570323,114.855485,-9475.577496
888.713959,95.712904,210.568389,-9418.149754
888.714586,114.855485,95.712904,-9456.434915
888.715214,133.998066,114.855485,-9418.149754
888.715841,133.998066,210.568389,-9494.720077
888.716469,95.712904,172.283227,-9456.434915
888.717096,153.140646,133.998066,-9399.007173
888.717724,133.998066,210.568389,-9456.434915
888.718351,133.998066,114.855485,-9437.292334
888.718979,133.998066,229.710970,-9456.434915
888.719606,38.285162,210.568389,-9418.149754
888.720234,76.570323,114.855485,-9418.149754
888.720861,95.712904,114.855485,-9418.149754
888.721488,95.712904,114.855485,-9418.149754
888.722116,133.998066,114.855485,-9418.149754
888.722743,153.140646,133.998066,-9399.007173
888.723371,133.998066,172.283227,-9456.434915
888.723998,95.712904,114.855485,-9437.292334
888.724626,76.570323,114.855485,-9418.149754
888.725253,95.712904,133.998066,-9360.722011
888.725881,76.570323,153.140646,-9437.292334
888.726508,95.712904,153.140646,-9360.722011
888.727136,133.998066,114.855485,-9437.292334
888.727763,76.570323,172.283227,-9456.434915
888.728391,76.570323,210.568389,-9475.577496
888.729018,76.570323,172.283227,-9418.149754
888.729646,133.998066,114.855485,-9456.434915
888.730273,114.855485,114.855485,-9379.864592
888.730901,38.285162,210.568389,-9475.577496
888.731529,57.427742,95.712904,-9494.720077
888.732156,76.570323,114.855485,-9418.149754
888.732784,76.570323,114.855485,-9418.149754
888.733411,133.998066,191.425808,-9418.149754
888.734039,133.998066,172.283227,-9437.292334
888.734666,76.570323,114.855485,-9418.149754
888.735294,38.285162,114.855485,-9418.149754
888.735921,133.998066,153.140646,-9418.149754
888.736549,133.998066,153.140646,-9399.007173
888.737176,38.285162,153.140646,-9418.149754
888.737804,76.570323,114.855485,-9418.149754
888.738431,153.140646,133.998066,-9399.007173
888.739059,76.570323,153.140646,-9418.149754
888.739686,114.855485,114.855485,-9379.864592
888.740314,95.712904,114.855485,-9475.577496
888.740941,133.998066,172.283227,-9418.149754
888.741569,76.570323,153.140646,-9360.722011
888.742196,133.998066,114.855485,-9418.149754
888.742824,133.998066,133.998066,-9399.007173
888.743451,95.712904,114.855485,-9418.149754
888.744079,76.570323,114.855485,-9418.149754
888.744706,133.998066,114.855485,-9360.722011
888.745334,76.570323,114.855485,-9418.149754
888.745961,95.712904,172.283227,-9475.577496
888.746589,76.570323,153.140646,-9418.149754
888.747216,76.570323,114.855485,-9437.292334
888.747844,76.570323,114.855485,-9456.434915
888.748472,38.285162,114.855485,-9437.292334
888.749099,76.570323,114.855485,-9456.434915
888.749727,38.285162,114.855485,-9418.149754
888.750354,114.855485,114.855485,-9456.434915
888.750982,38.285162,172.283227,-9418.149754
888.751609,133.998066,133.998066,-9494.720077
888.752237,133.998066,153.140646,-9437.292334
888.752864,76.570323,114.855485,-9418.149754
888.753492,133.998066,172.283227,-9418.149754
888.754119,133.998066,114.855485,-9418.149754
888.754747,133.998066,191.425808,-9418.149754
888.755374,133.998066,114.855485,-9437.292334
888.756002,153.140646,191.425808,-9399.007173
888.756629,153.140646,172.283227,-9399.007173
888.757257,95.712904,114.855485,-9418.149754
888.757884,76.570323,114.855485,-9418.149754
888.758512,38.285162,114.855485,-9418.149754
888.759139,95.712904,114.855485,-9418.149754
888.759767,76.570323,114.855485,-9437.292334
888.760394,133.998066,172.283227,-9456.434915
888.761022,76.570323,172.283227,-9456.434915
888.761649,76.570323,191.425808,-9418.149754
888.762277,133.998066,153.140646,-9418.149754
888.762904,76.570323,114.855485,-9418.149754
888.763532,153.140646,191.425808,-9399.007173
888.764159,133.998066,153.140646,-9494.720077
888.764787,133.998066,172.283227,-9418.149754
888.765414,76.570323,114.855485,-9456.434915
888.766042,38.285162,114.855485,-9418.149754
888.766670,95.712904,95.712904,-9456.434915
888.767297,95.712904,210.568389,-9418.149754
888.767925,133.998066,210.568389,-9456.434915
888.768552,133.998066,172.283227,-9437.292334
888.769180,153.140646,153.140646,-9399.007173
888.769807,95.712904,153.140646,-9437.292334
888.770435,153.140646,133.998066,-9437.292334
888.771062,133.998066,153.140646,-9418.149754
888.771690,76.570323,172.283227,-9418.149754
888.772317,133.998066,114.855485,-9418.149754
888.772945,153.140646,114.855485,-9418.149754
888.773572,76.570323,114.855485,-9475.577496
888.774200,76.570323,153.140646,-9418.149754
888.774827,38.285162,114.855485,-9418.149754
888.775455,76.570323,114.855485,-9437.292334
888.776082,76.570323,114.855485,-9418.149754
888.776710,0.000000,191.425808,-9418.149754
888.777337,76.570323,153.140646,-9418.149754
888.777965,76.570323,191.425808,-9418.149754
888.778592,76.570323,114.855485,-9437.292334
888.779220,133.998066,153.140646,-9418.149754
888.779847,76.570323,153.140646,-9418.149754
888.780475,95.712904,114.855485,-9437.292334
888.781102,76.570323,153.140646,-9418.149754
888.781730,133.998066,153.140646,-9456.434915
888.782357,133.998066,114.855485,-9418.149754
888.782985,38.285162,114.855485,-9418.149754
888.783613,133.998066,172.283227,-9456.434915
888.784240,76.570323,114.855485,-9418.149754
888.784868,76.570323,172.283227,-9418.149754
888.785495,133.998066,114.855485,-9418.149754
888.786123,76.570323,114.855485,-9456.434915
888.786750,76.570323,172.283227,-9418.149754
888.787378,95.712904,172.283227,-9494.720077
888.788005,76.570323,153.140646,-9456.434915
888.788633,95.712904,95.712904,-9399.007173
888.789260,76.570323,114.855485,-9437.292334
888.789888,76.570323,114.855485,-9456.434915
888.790515,76.570323,114.855485,-9418.149754
888.791143,133.998066,191.425808,-9399.007173
888.791770,38.285162,114.855485,-9456.434915
888.792398,133.998066,114.855485,-9437.292334
888.793025,114.855485,95.712904,-9399.007173
888.793653,76.570323,95.712904,-9399.007173
888.794280,133.998066,153.140646,-9494.720077
888.794908,38.285162,172.283227,-9475.577496
888.795535,76.570323,114.855485,-9456.434915
888.796163,133.998066,114.855485,-9418.149754
888.796790,172.283227,76.570323,-9437.292334
888.797418,76.570323,114.855485,-9418.149754
888.798045,133.998066,114.855485,-9418.149754
888.798673,76.570323,229.710970,-9418.149754
888.799300,57.427742,95.712904,-9494.720077
888.799928,38.285162,153.140646,-9418.149754
888.800556,133.998066,191.425808,-9418.149754
888.801183,133.998066,76.570323,-9379.864592
888.801811,133.998066,172.283227,-9418.149754
888.802438,76.570323,153.140646,-9418.149754
888.803066,76.570323,114.855485,-9418.149754
888.803693,76.570323,114.855485,-9418.149754
888.804321,76.570323,114.855485,-9475.577496
888.804948,38.285162,153.140646,-9418.149754
888.805576,38.285162,114.855485,-9418.149754
888.806203,114.855485,172.283227,-9360.722011
888.806831,133.998066,114.855485,-9418.149754
888.807458,133.998066,133.998066,-9456.434915
888.808086,76.570323,153.140646,-9418.149754
888.808713,57.427742,95.712904,-9456.434915
888.809341,76.570323,114.855485,-9456.434915
888.809968,57.427742,133.998066,-9379.864592
888.810596,76.570323,114.855485,-9437.292334
888.811223,57.427742,114.855485,-9418.149754
888.811851,57.427742,172.283227,-9360.722011
888.812478,38.285162,114.855485,-9418.149754
888.813106,57.427742,114.855485,-9360.722011
888.813733,76.570323,114.855485,-9418.149754
888.814361,76.570323,114.855485,-9418.149754
888.814988,76.570323,114.855485,-9475.577496
888.815616,133.998066,114.855485,-9437.292334
888.816243,153.140646,133.998066,-9399.007173
888.816871,114.855485,95.712904,-9399.007173
888.817498,133.998066,114.855485,-9418.149754
888.818126,133.998066,114.855485,-9456.434915
888.818754,38.285162,114.855485,-9418.149754
888.819381,114.855485,133.998066,-9360.722011
888.820009,133.998066,172.283227,-9418.149754
888.820636,133.998066,153.140646,-9437.292334
888.821264,133.998066,114.855485,-9456.434915
888.821891,76.570323,114.855485,-9437.292334
888.822519,133.998066,172.283227,-9456.434915
888.823146,153.140646,133.998066,-9399.007173
888.823774,38.285162,153.140646,-9418.149754
888.824401,19.142581,114.855485,-9418.149754
888.825029,38.285162,114.855485,-9418.149754
888.825656,133.998066,76.570323,-9379.864592
888.826284,76.570323,114.855485,-9418.149754
888.826911,76.570323,114.855485,-9456.434915
888.827539,38.285162,114.855485,-9437.292334
888.828166,95.712904,153.140646,-9418.149754
888.828794,38.285162,114.855485,-9418.149754
888.829421,76.570323,153.140646,-9456.434915
888.830048,133.998066,172.283227,-9418.149754
888.830676,38.285162,114.855485,-9418.149754
888.831303,76.570323,210.568389,-9418.149754
888.831931,95.712904,114.855485,-9475.577496
888.832558,76.570323,153.140646,-9418.149754
888.833186,76.570323,114.855485,-9437.292334
888.833813,133.998066,191.425808,-9456.434915
888.834441,38.285162,210.568389,-9418.149754
888.835068,38.285162,172.283227,-9418.149754
888.835695,95.712904,229.710970,-9418.149754
888.836323,57.427742,114.855485,-9418.149754
888.836950,38.285162,114.855485,-9437.292334
888.837578,133.998066,114.855485,-9418.149754
888.838205,114.855485,95.712904,-9399.007173
888.838833,57.427742,95.712904,-9456.434915
888.839460,76.570323,114.855485,-9418.149754
888.840088,153.140646,114.855485,-9418.149754
888.840715,191.425808,114.855485,-9379.864592
888.841342,153.140646,133.998066,-9475.577496
888.841970,133.998066,114.855485,-9456.434915
888.842597,133.998066,153.140646,-9418.149754
888.843225,133.998066,191.425808,-9418.149754
888.843852,133.998066,210.568389,-9418.149754
888.844480,38.285162,172.283227,-9418.149754
888.845107,76.570323,210.568389,-9418.149754
888.845735,133.998066,114.855485,-9418.149754
888.846362,133.998066,114.855485,-9418.149754
888.846989,133.998066,114.855485,-9418.149754
888.847617,133.998066,172.283227,-9418.149754
888.848244,133.998066,114.855485,-9475.577496
888.848872,95.712904,229.710970,-9456.434915
888.849499,153.140646,133.998066,-9399.007173
888.850127,95.712904,95.712904,-9399.007173
888.850754,95.712904,114.855485,-9399.007173
888.851381,95.712904,133.998066,-9360.722011
888.852009,76.570323,114.855485,-9437.292334
888.852636,76.570323,114.855485,-9437.292334
888.853264,133.998066,153.140646,-9437.292334
888.853891,57.427742,153.140646,-9437.292334
888.854519,76.570323,172.283227,-9418.149754
888.855146,95.712904,114.855485,-9437.292334
888.855774,114.855485,95.712904,-9399.007173
888.856401,76.570323,114.855485,-9475.577496
888.857028,76.570323,153.140646,-9418.149754
888.857656,133.998066,114.855485,-9418.149754
888.858283,133.998066,210.568389,-9418.149754
888.858911,76.570323,153.140646,-9418.149754
888.859538,76.570323,114.855485,-9418.149754
888.860166,76.570323,114.855485,-9494.720077
888.860793,133.998066,114.855485,-9418.149754
888.861421,95.712904,210.568389,-9418.149754
888.862048,133.998066,172.283227,-9437.292334
888.862675,133.998066,114.855485,-9437.292334
888.863303,153.140646,133.998066,-9399.007173
888.863930,153.140646,133.998066,-9399.007173
888.864558,38.285162,153.140646,-9456.434915
888.865185,95.712904,133.998066,-9360.722011
888.865813,76.570323,114.855485,-9418.149754
888.866440,76.570323,210.568389,-9456.434915
888.867068,133.998066,114.855485,-9456.434915
888.867695,133.998066,133.998066,-9399.007173
888.868322,153.140646,153.140646,-9399.007173
888.868950,76.570323,114.855485,-9456.434915
888.869577,76.570323,114.855485,-9418.149754
888.870205,133.998066,133.998066,-9399.007173
888.870832,38.285162,153.140646,-9418.149754
888.871460,133.998066,191.425808,-9475.577496
888.872087,133.998066,172.283227,-9379.864592
888.872715,76.570323,172.283227,-9475.577496
888.873342,76.570323,153.140646,-9418.149754
888.873969,38.285162,172.283227,-9360.722011
888.874597,153.140646,172.283227,-9399.007173
888.875224,133.998066,114.855485,-9456.434915
888.875852,153.140646,133.998066,-9456.434915
888.876479,76.570323,229.710970,-9437.292334
888.877107,76.570323,114.855485,-9533.005238
888.877734,153.140646,210.568389,-9475.577496
888.878362,133.998066,114.855485,-9418.149754
888.878989,76.570323,172.283227,-9418.149754
888.879616,76.570323,114.855485,-9418.149754
888.880244,114.855485,133.998066,-9360.722011
888.880871,38.285162,153.140646,-9418.149754
888.881499,76.570323,210.568389,-9418.149754
888.882126,133.998066,114.855485,-9418.149754
888.882754,76.570323,114.855485,-9456.434915
888.883381,133.998066,114.855485,-9418.149754
888.884009,57.427742,133.998066,-9360.722011
888.884636,133.998066,114.855485,-9418.149754
888.885263,133.998066,133.998066,-9399.007173
888.885891,76.570323,153.140646,-9437.292334
888.886518,76.570323,95.712904,-9399.007173
888.887146,76.570323,114.855485,-9456.434915
888.887773,133.998066,114.855485,-9437.292334
888.888401,95.712904,114.855485,-9418.149754
888.889028,38.285162,114.855485,-9418.149754
888.889656,133.998066,133.998066,-9399.007173
888.890283,133.998066,114.855485,-9418.149754
888.890910,153.140646,210.568389,-9418.149754
888.891538,133.998066,114.855485,-9456.434915
888.892165,153.140646,133.998066,-9456.434915
888.892793,95.712904,153.140646,-9475.577496
888.893420,153.140646,114.855485,-9437.292334
888.894048,133.998066,114.855485,-9418.149754
888.894675,76.570323,114.855485,-9418.149754
888.895303,76.570323,172.283227,-9437.292334
888.895930,95.712904,114.855485,-9418.149754
888.896557,76.570323,172.283227,-9418.149754
888.897185,76.570323,95.712904,-9399.007173
888.897812,95.712904,95.712904,-9399.007173
888.898440,133.998066,153.140646,-9456.434915
888.899067,76.570323,153.140646,-9418.149754
888.899695,38.285162,114.855485,-9418.149754
888.900322,76.570323,210.568389,-9418.149754
888.900950,133.998066,114.855485,-9418.149754
888.901577,153.140646,133.998066,-9399.007173
888.902204,133.998066,153.140646,-9456.434915
888.902832,133.998066,153.140646,-9418.149754
888.903459,133.998066,153.140646,-9418.149754
888.904087,133.998066,114.855485,-9418.149754
888.904714,153.140646,133.998066,-9399.007173
888.905342,38.285162,114.855485,-9418.149754
888.905969,210.568389,191.425808,-9399.007173
888.906597,133.998066,114.855485,-9418.149754
888.907224,133.998066,114.855485,-9437.292334
888.907851,133.998066,153.140646,-9399.007173
888.908479,76.570323,153.140646,-9418.149754
888.909106,76.570323,172.283227,-9456.434915
888.909734,76.570323,114.855485,-9437.292334
888.910361,76.570323,172.283227,-9437.292334
888.910989,133.998066,172.283227,-9456.434915
888.911616,133.998066,229.710970,-9418.149754
888.912244,76.570323,153.140646,-9418.149754
888.912871,133.998066,172.283227,-9475.577496
888.913498,95.712904,153.140646,-9437.292334
888.914126,57.427742,95.712904,-9437.292334
888.914753,114.855485,95.712904,-9399.007173
888.915381,76.570323,114.855485,-9456.434915
888.916008,38.285162,114.855485,-9475.577496
888.916636,133.998066,172.283227,-9456.434915
888.917263,95.712904,172.283227,-9360.722011
888.917891,95.712904,95.712904,-9399.007173
888.918518,133.998066,191.425808,-9475.577496
888.919145,153.140646,133.998066,-9399.007173
888.919773,133.998066,114.855485,-9418.149754
888.920400,76.570323,114.855485,-9437.292334
888.921028,133.998066,114.855485,-9456.434915
888.921655,133.998066,229.710970,-9418.149754
888.922283,133.998066,133.998066,-9475.577496
888.922910,133.998066,153.140646,-9418.149754
888.923538,133.998066,114.855485,-9418.149754
888.924165,133.998066,153.140646,-9399.007173
888.924792,38.285162,153.140646,-9418.149754
888.925420,76.570323,114.855485,-9418.149754
888.926047,76.570323,172.283227,-9418.149754
888.926675,133.998066,172.283227,-9437.292334
888.927302,133.998066,153.140646,-9418.149754
888.927929,133.998066,114.855485,-9533.005238
888.928557,76.570323,172.283227,-9456.434915
888.929184,76.570323,114.855485,-9418.149754
888.929811,133.998066,114.855485,-9418.149754
888.930439,76.570323,153.140646,-9475.577496
888.931066,153.140646,133.998066,-9494.720077
888.931693,76.570323,114.855485,-9475.577496
888.932321,19.142581,114.855485,-9437.292334
888.932948,133.998066,210.568389,-9360.722011
888.933575,133.998066,114.855485,-9418.149754
888.934203,76.570323,114.855485,-9437.292334
888.934830,76.570323,95.712904,-9379.864592
888.935457,133.998066,114.855485,-9418.149754
888.936085,133.998066,114.855485,-9418.149754
888.936712,76.570323,153.140646,-9475.577496
888.937339,76.570323,114.855485,-9475.577496
888.937967,153.140646,114.855485,-9418.149754
888.938594,153.140646,133.998066,-9456.434915
888.939221,133.998066,172.283227,-9437.292334
888.939848,133.998066,114.855485,-9437.292334
888.940476,76.570323,114.855485,-9418.149754
888.941103,76.570323,76.570323,-9379.864592
888.941730,133.998066,172.283227,-9418.149754
888.942358,133.998066,153.140646,-9456.434915
888.942985,153.140646,153.140646,-9379.864592
888.943612,19.142581,114.855485,-9418.149754
888.944240,133.998066,229.710970,-9418.149754
888.944867,95.712904,191.425808,-9360.722011
888.945494,57.427742,114.855485,-9418.149754
888.946122,133.998066,114.855485,-9418.149754
888.946749,153.140646,191.425808,-9379.864592
888.947376,76.570323,210.568389,-9418.149754
888.948004,76.570323,210.568389,-9437.292334
888.948631,76.570323,114.855485,-9418.149754
888.949258,57.427742,95.712904,-9399.007173
888.949886,133.998066,172.283227,-9399.007173
888.950513,133.998066,172.283227,-9437.292334
888.951140,133.998066,114.855485,-9418.149754
888.951768,133.998066,153.140646,-9456.434915
888.952395,133.998066,133.998066,-9399.007173
888.953022,133.998066,114.855485,-9456.434915
888.953650,95.712904,133.998066,-9360.722011
888.954277,38.285162,114.855485,-9494.720077
888.954904,133.998066,114.855485,-9475.577496
888.955532,76.570323,114.855485,-9418.149754
888.956159,133.998066,114.855485,-9418.149754
888.956786,133.998066,153.140646,-9456.434915
888.957413,153.140646,172.283227,-9456.434915
888.958041,133.998066,133.998066,-9494.720077
888.958668,38.285162,210.568389,-9418.149754
888.959295,76.570323,114.855485,-9418.149754
888.959923,76.570323,76.570323,-9379.864592
888.960550,95.712904,95.712904,-9456.434915
888.961177,133.998066,172.283227,-9418.149754
888.961805,76.570323,153.140646,-9418.149754
888.962432,76.570323,191.425808,-9437.292334
888.963059,0.000000,76.570323,-9418.149754
888.963687,38.285162,172.283227,-9418.149754
888.964314,153.140646,133.998066,-9399.007173
888.964941,133.998066,172.283227,-9418.149754
888.965569,95.712904,114.855485,-9418.149754
888.966196,133.998066,172.283227,-9418.149754
888.966823,133.998066,114.855485,-9533.005238
888.967451,76.570323,172.283227,-9418.149754
888.968078,76.570323,153.140646,-9418.149754
888.968705,76.570323,210.568389,-9418.149754
888.969333,76.570323,114.855485,-9418.149754
888.969960,153.140646,191.425808,-9399.007173
888.970587,76.570323,114.855485,-9437.292334
888.971215,19.142581,114.855485,-9475.577496
888.971842,38.285162,114.855485,-9494.720077
888.972469,76.570323,210.568389,-9456.434915
888.973097,133.998066,153.140646,-9456.434915
888.973724,38.285162,172.283227,-9418.149754
888.974351,76.570323,210.568389,-9418.149754
888.974978,76.570323,114.855485,-9494.720077
888.975606,76.570323,114.855485,-9437.292334
888.976233,76.570323,114.855485,-9418.149754
888.976860,133.998066,153.140646,-9418.149754
888.977488,133.998066,172.283227,-9456.434915
888.978115,153.140646,133.998066,-9456.434915
888.978742,76.570323,114.855485,-9456.434915
888.979370,95.712904,114.855485,-9418.149754
888.979997,133.998066,114.855485,-9437.292334
888.980624,76.570323,153.140646,-9418.149754
888.981252,38.285162,172.283227,-9418.149754
888.981879,153.140646,191.425808,-9399.007173
888.982506,133.998066,210.568389,-9456.434915
888.983134,133.998066,172.283227,-9475.577496
888.983761,76.570323,153.140646,-9418.149754
888.984388,38.285162,114.855485,-9437.292334
888.985016,76.570323,114.855485,-9475.577496
888.985643,76.570323,114.855485,-9418.149754
888.986270,38.285162,172.283227,-9418.149754
888.986898,38.285162,172.283227,-9418.149754
888.987525,133.998066,114.855485,-9437.292334
888.988152,133.998066,153.140646,-9437.292334
888.988780,38.285162,191.425808,-9418.149754
888.989407,38.285162,210.568389,-9418.149754
888.990034,76.570323,114.855485,-9418.149754
888.990662,133.998066,114.855485,-9418.149754
888.991289,76.570323,153.140646,-9418.149754
888.991916,76.570323,210.568389,-9418.149754
888.992543,76.570323,172.283227,-9418.149754
888.993171,76.570323,114.855485,-9418.149754
888.993798,38.285162,229.710970,-9437.292334
888.994425,153.140646,133.998066,-9399.007173
888.995053,76.570323,114.855485,-9418.149754
888.995680,76.570323,191.425808,-9360.722011
888.996307,76.570323,114.855485,-9418.149754
888.996935,76.570323,153.140646,-9418.149754
888.997562,76.570323,114.855485,-9437.292334
888.998189,76.570323,153.140646,-9418.149754
888.998817,133.998066,114.855485,-9360.722011
888.999444,133.998066,114.855485,-9418.149754
889.000071,133.998066,153.140646,-9399.007173
889.000699,76.570323,172.283227,-9437.292334
889.001326,133.998066,114.855485,-9533.005238
889.001953,133.998066,114.855485,-9418.149754
889.002581,133.998066,95.712904,-9437.292334
889.003208,76.570323,172.283227,-9456.434915
889.003835,95.712904,114.855485,-9437.292334
889.004463,38.285162,172.283227,-9418.149754
889.005090,133.998066,153.140646,-9456.434915
889.005717,76.570323,153.140646,-9437.292334
889.006345,76.570323,114.855485,-9437.292334
889.006972,76.570323,114.855485,-9418.149754
889.007599,133.998066,172.283227,-9494.720077
889.008226,153.140646,153.140646,-9494.720077
889.008854,76.570323,114.855485,-9418.149754
889.009481,133.998066,114.855485,-9418.149754
889.010108,38.285162,210.568389,-9437.292334
889.010736,153.140646,172.283227,-9475.577496
889.011363,38.285162,114.855485,-9418.149754
889.011990,95.712904,114.855485,-9418.149754
889.012618,133.998066,114.855485,-9533.005238
889.013245,76.570323,172.283227,-9456.434915
889.013872,133.998066,114.855485,-9456.434915
889.014500,133.998066,114.855485,-9456.434915
889.015127,133.998066,114.855485,-9437.292334
889.015754,172.283227,76.570323,-9418.149754
889.016382,133.998066,114.855485,-9418.149754
889.017009,133.998066,76.570323,-9379.864592
889.017636,133.998066,114.855485,-9418.149754
889.018264,153.140646,172.283227,-9399.007173
889.018891,76.570323,114.855485,-9418.149754
889.019518,95.712904,114.855485,-9418.149754
889.020146,76.570323,210.568389,-9456.434915
889.020773,95.712904,172.283227,-9360.722011
889.021400,76.570323,172.283227,-9437.292334
889.022028,95.712904,114.855485,-9418.149754
889.022655,76.570323,172.283227,-9456.434915
889.023282,76.570323,172.283227,-9418.149754
889.023910,38.285162,114.855485,-9418.149754
889.024537,76.570323,114.855485,-9418.149754
889.025164,76.570323,114.855485,-9456.434915
889.025791,95.712904,114.855485,-9418.149754
889.026419,76.570323,114.855485,-9418.149754
889.027046,38.285162,153.140646,-9475.577496
889.027673,76.570323,153.140646,-9437.292334
889.028301,76.570323,210.568389,-9437.292334
889.028928,38.285162,114.855485,-9475.577496
889.029555,38.285162,114.855485,-9418.149754
889.030183,76.570323,114.855485,-9418.149754
889.030810,76.570323,172.283227,-9418.149754
889.031437,38.285162,114.855485,-9418.149754
889.032065,76.570323,153.140646,-9418.149754
889.032692,76.570323,114.855485,-9456.434915
889.033319,95.712904,114.855485,-9418.149754
889.033946,76.570323,114.855485,-9418.149754
889.034574,133.998066,114.855485,-9418.149754
889.035201,76.570323,114.855485,-9456.434915
889.035828,133.998066,114.855485,-9418.149754
889.036456,133.998066,114.855485,-9437.292334
889.037083,114.855485,95.712904,-9399.007173
889.037710,76.570323,114.855485,-9437.292334
889.038337,76.570323,172.283227,-9475.577496
889.038965,38.285162,210.568389,-9418.149754
889.039592,38.285162,114.855485,-9437.292334
889.040219,38.285162,114.855485,-9456.434915
889.040847,133.998066,172.283227,-9456.434915
889.041474,76.570323,114.855485,-9418.149754
889.042101,95.712904,114.855485,-9456.434915
889.042729,133.998066,114.855485,-9475.577496
889.043356,133.998066,133.998066,-9456.434915
889.043983,153.140646,133.998066,-9399.007173
889.044610,133.998066,172.283227,-9418.149754
889.045238,114.855485,133.998066,-9360.722011
889.045865,133.998066,114.855485,-9418.149754
889.046492,76.570323,153.140646,-9418.149754
889.047120,95.712904,95.712904,-9399.007173
889.047747,114.855485,133.998066,-9360.722011
889.048374,76.570323,172.283227,-9475.577496
889.049002,76.570323,153.140646,-9437.292334
889.049629,153.140646,133.998066,-9399.007173
889.050256,76.570323,114.855485,-9418.149754
889.050883,133.998066,153.140646,-9418.149754
889.051511,153.140646,133.998066,-9379.864592
889.052138,114.855485,95.712904,-9399.007173
889.052765,133.998066,114.855485,-9437.292334
889.053393,133.998066,191.425808,-9399.007173
889.054020,76.570323,114.855485,-9418.149754
889.054647,133.998066,133.998066,-9399.007173
889.055275,95.712904,114.855485,-9456.434915
889.055902,76.570323,114.855485,-9418.149754
889.056529,133.998066,114.855485,-9418.149754
889.057156,133.998066,114.855485,-9418.149754
889.057784,76.570323,114.855485,-9418.149754
889.058411,76.570323,114.855485,-9418.149754
889.059038,153.140646,153.140646,-9437.292334
889.059666,38.285162,153.140646,-9475.577496
889.060293,76.570323,153.140646,-9437.292334
889.060920,133.998066,114.855485,-9437.292334
889.061548,133.998066,153.140646,-9456.434915
889.062175,133.998066,114.855485,-9418.149754
889.062802,76.570323,95.712904,-9456.434915
889.063429,210.568389,133.998066,-9399.007173
889.064057,133.998066,153.140646,-9418.149754
889.064684,76.570323,114.855485,-9418.149754
889.065311,38.285162,172.283227,-9437.292334
889.065939,76.570323,153.140646,-9418.149754
889.066566,76.570323,114.855485,-9437.292334
889.067193,38.285162,114.855485,-9437.292334
889.067821,76.570323,114.855485,-9418.149754
889.068448,38.285162,153.140646,-9437.292334
889.069075,38.285162,114.855485,-9418.149754
889.069702,133.998066,114.855485,-9418.149754
889.070330,133.998066,114.855485,-9456.434915
889.070957,95.712904,172.283227,-9475.577496
889.071584,133.998066,153.140646,-9456.434915
889.072212,114.855485,95.712904,-9437.292334
889.072839,133.998066,114.855485,-9418.149754
889.073466,133.998066,114.855485,-9418.149754
889.074094,76.570323,114.855485,-9418.149754
889.074721,19.142581,172.283227,-9399.007173
889.075348,133.998066,114.855485,-9418.149754
889.075975,0.000000,133.998066,-9475.577496
889.076603,76.570323,153.140646,-9475.577496
889.077230,38.285162,210.568389,-9418.149754
889.077857,133.998066,153.140646,-9475.577496
889.078485,114.855485,229.710970,-9456.434915
889.079112,38.285162,172.283227,-9437.292334
889.079739,133.998066,210.568389,-9418.149754
889.080366,133.998066,114.855485,-9418.149754
889.080994,133.998066,191.425808,-9399.007173
889.081621,76.570323,172.283227,-9437.292334
889.082248,76.570323,114.855485,-9418.149754
889.082876,76.570323,153.140646,-9418.149754
889.083503,133.998066,114.855485,-9418.149754
889.084130,133.998066,153.140646,-9418.149754
889.084758,133.998066,114.855485,-9418.149754
889.085385,133.998066,114.855485,-9418.149754
889.086012,114.855485,210.568389,-9379.864592
889.086639,133.998066,172.283227,-9456.434915
889.087267,76.570323,172.283227,-9418.149754
889.087894,76.570323,114.855485,-9418.149754
889.088521,95.712904,153.140646,-9456.434915
889.089149,114.855485,95.712904,-9437.292334
889.089776,153.140646,114.855485,-9418.149754
889.090403,76.570323,76.570323,-9379.864592
889.091031,114.855485,95.712904,-9513.862658
889.091658,133.998066,114.855485,-9475.577496
889.092285,76.570323,114.855485,-9418.149754
889.092912,133.998066,114.855485,-9456.434915
889.093540,133.998066,133.998066,-9437.292334
889.094167,114.855485,133.998066,-9360.722011
889.094794,133.998066,114.855485,-9418.149754
889.095422,76.570323,153.140646,-9418.149754
889.096049,133.998066,191.425808,-9399.007173
889.096676,133.998066,153.140646,-9456.434915
889.097304,76.570323,114.855485,-9418.149754
889.097931,76.570323,172.283227,-9437.292334
889.098558,76.570323,210.568389,-9437.292334
889.099185,95.712904,191.425808,-9533.005238
889.099813,133.998066,114.855485,-9533.005238
889.100440,133.998066,172.283227,-9418.149754
889.101067,133.998066,114.855485,-9418.149754
889.101695,133.998066,133.998066,-9399.007173
889.102322,133.998066,172.283227,-9418.149754
889.102949,114.855485,95.712904,-9399.007173
889.103577,133.998066,172.283227,-9456.434915
889.104204,133.998066,114.855485,-9456.434915
889.104831,76.570323,229.710970,-9418.149754
889.105458,133.998066,114.855485,-9418.149754
889.106086,133.998066,114.855485,-9437.292334
889.106713,133.998066,210.568389,-9456.434915
889.107340,95.712904,153.140646,-9379.864592
889.107968,38.285162,114.855485,-9437.292334
889.108595,76.570323,114.855485,-9494.720077
889.109222,133.998066,114.855485,-9475.577496
889.109850,133.998066,114.855485,-9418.149754
889.110477,153.140646,133.998066,-9437.292334
889.111104,133.998066,191.425808,-9399.007173
889.111731,133.998066,210.568389,-9418.149754
889.112359,38.285162,210.568389,-9418.149754
889.112986,95.712904,114.855485,-9437.292334
889.113613,133.998066,133.998066,-9399.007173
889.114241,133.998066,114.855485,-9418.149754
889.114868,133.998066,153.140646,-9437.292334
889.115495,76.570323,172.283227,-9418.149754
889.116123,153.140646,172.283227,-9437.292334
889.116750,76.570323,114.855485,-9456.434915
889.117377,76.570323,191.425808,-9456.434915
889.118004,133.998066,114.855485,-9494.720077
889.118632,133.998066,114.855485,-9456.434915
889.119259,76.570323,114.855485,-9418.149754
889.119886,133.998066,153.140646,-9418.149754
889.120514,76.570323,114.855485,-9418.149754
889.121141,76.570323,172.283227,-9475.577496
889.121768,76.570323,210.568389,-9418.149754
889.122395,133.998066,172.283227,-9418.149754
889.123023,114.855485,114.855485,-9399.007173
889.123650,133.998066,153.140646,-9418.149754
889.124277,76.570323,114.855485,-9437.292334
889.124905,133.998066,133.998066,-9399.007173
889.125532,57.427742,95.712904,-9456.434915
889.126159,95.712904,114.855485,-9418.149754
889.126787,76.570323,114.855485,-9418.149754
889.127414,95.712904,114.855485,-9418.149754
889.128041,76.570323,172.283227,-9418.149754
889.128668,114.855485,172.283227,-9418.149754
889.129296,76.570323,153.140646,-9437.292334
889.129923,57.427742,133.998066,-9360.722011
889.130550,133.998066,114.855485,-9418.149754
889.131178,114.855485,133.998066,-9418.149754
889.131805,76.570323,114.855485,-9437.292334
889.132432,95.712904,114.855485,-9418.149754
889.133060,76.570323,172.283227,-9418.149754
889.133687,38.285162,172.283227,-9418.149754
889.134315,57.427742,114.855485,-9475.577496
889.134942,76.570323,153.140646,-9418.149754
889.135569,38.285162,114.855485,-9437.292334
889.136197,76.570323,114.855485,-9418.149754
889.136824,133.998066,114.855485,-9437.292334
889.137452,76.570323,172.283227,-9437.292334
889.138079,38.285162,153.140646,-9418.149754
889.138707,133.998066,114.855485,-9418.149754
889.139334,133.998066,210.568389,-9437.292334
889.139961,133.998066,191.425808,-9456.434915
889.140589,133.998066,172.283227,-9418.149754
889.141216,153.140646,133.998066,-9399.007173
889.141844,133.998066,114.855485,-9418.149754
889.142471,133.998066,191.425808,-9418.149754
889.143099,133.998066,153.140646,-9418.149754
889.143726,153.140646,191.425808,-9399.007173
889.144354,133.998066,153.140646,-9399.007173
889.144981,76.570323,114.855485,-9475.577496
889.145608,38.285162,153.140646,-9418.149754
889.146236,153.140646,114.855485,-9418.149754
889.146863,153.140646,172.283227,-9418.149754
889.147491,153.140646,133.998066,-9399.007173
889.148118,76.570323,172.283227,-9418.149754
889.148746,38.285162,114.855485,-9418.149754
889.149373,38.285162,153.140646,-9418.149754
889.150000,38.285162,153.140646,-9456.434915
889.150628,38.285162,210.568389,-9456.434915
889.151255,76.570323,114.855485,-9437.292334
889.151883,76.570323,172.283227,-9437.292334
889.152510,133.998066,133.998066,-9399.007173
889.153138,95.712904,114.855485,-9399.007173
889.153765,76.570323,172.283227,-9418.149754
889.154392,114.855485,95.712904,-9456.434915
889.155020,76.570323,114.855485,-9437.292334
889.155647,38.285162,172.283227,-9437.292334
889.156275,95.712904,114.855485,-9418.149754
889.156902,76.570323,114.855485,-9418.149754
889.157530,133.998066,172.283227,-9437.292334
889.158157,153.140646,153.140646,-9475.577496
889.158785,210.568389,133.998066,-9399.007173
889.159412,133.998066,114.855485,-9418.149754
889.160039,95.712904,133.998066,-9360.722011
889.160667,76.570323,114.855485,-9456.434915
889.161294,133.998066,153.140646,-9437.292334
889.161922,38.285162,114.855485,-9456.434915
889.162549,76.570323,153.140646,-9418.149754
889.163177,76.570323,191.425808,-9418.149754
889.163804,133.998066,153.140646,-9418.149754
889.164431,153.140646,133.998066,-9399.007173
889.165059,153.140646,133.998066,-9437.292334
889.165686,133.998066,114.855485,-9418.149754
889.166314,133.998066,114.855485,-9437.292334
889.166941,133.998066,153.140646,-9399.007173
889.167569,76.570323,172.283227,-9418.149754
889.168196,76.570323,95.712904,-9475.577496
889.168823,133.998066,114.855485,-9475.577496
889.169451,133.998066,114.855485,-9456.434915
889.170078,76.570323,114.855485,-9418.149754
889.170706,76.570323,114.855485,-9437.292334
889.171333,133.998066,114.855485,-9418.149754
889.171961,133.998066,114.855485,-9418.149754
889.172588,133.998066,114.855485,-9456.434915
889.173216,133.998066,153.140646,-9456.434915
889.173843,133.998066,114.855485,-9418.149754
889.174470,133.998066,114.855485,-9418.149754
889.175098,114.855485,133.998066,-9360.722011
889.175725,76.570323,210.568389,-9418.149754
889.176353,153.140646,133.998066,-9399.007173
889.176980,133.998066,114.855485,-9418.149754
889.177608,95.712904,153.140646,-9360.722011
889.178235,95.712904,210.568389,-9418.149754
889.178862,38.285162,153.140646,-9437.292334
889.179490,133.998066,114.855485,-9456.434915
889.180117,76.570323,114.855485,-9456.434915
889.180745,76.570323,114.855485,-9456.434915
889.181372,114.855485,95.712904,-9456.434915
889.182000,76.570323,172.283227,-9475.577496
889.182627,76.570323,172.283227,-9418.149754
889.183254,76.570323,114.855485,-9418.149754
889.183882,76.570323,114.855485,-9418.149754
889.184509,153.140646,172.283227,-9475.577496
889.185137,76.570323,153.140646,-9360.722011
889.185764,153.140646,133.998066,-9399.007173
889.186392,38.285162,172.283227,-9418.149754
889.187019,114.855485,172.283227,-9475.577496
889.187647,133.998066,114.855485,-9360.722011
889.188274,133.998066,114.855485,-9418.149754
889.188901,95.712904,172.283227,-9418.149754
889.189529,133.998066,114.855485,-9456.434915
889.190156,76.570323,114.855485,-9437.292334
889.190784,153.140646,133.998066,-9475.577496
889.191411,76.570323,114.855485,-9437.292334
889.192039,76.570323,172.283227,-9418.149754
889.192666,133.998066,114.855485,-9437.292334
889.193293,172.283227,76.570323,-9418.149754
889.193921,153.140646,133.998066,-9379.864592
889.194548,76.570323,153.140646,-9418.149754
889.195176,133.998066,114.855485,-9418.149754
889.195803,114.855485,133.998066,-9360.722011
889.196431,153.140646,133.998066,-9399.007173
889.197058,76.570323,114.855485,-9418.149754
889.197685,76.570323,172.283227,-9418.149754
889.198313,95.712904,153.140646,-9360.722011
889.198940,133.998066,114.855485,-9418.149754
889.199568,133.998066,172.283227,-9418.149754
889.200195,153.140646,191.425808,-9399.007173
889.200823,133.998066,210.568389,-9418.149754
889.201450,133.998066,153.140646,-9437.292334
889.202078,210.568389,172.283227,-9437.292334
889.202705,76.570323,114.855485,-9418.149754
889.203332,76.570323,153.140646,-9475.577496
889.203960,76.570323,172.283227,-9456.434915
889.204587,76.570323,114.855485,-9418.149754
889.205215,76.570323,114.855485,-9437.292334
889.205842,153.140646,133.998066,-9475.577496
889.206470,76.570323,172.283227,-9418.149754
889.207097,76.570323,114.855485,-9456.434915
889.207724,153.140646,114.855485,-9437.292334
889.208352,133.998066,210.568389,-9475.577496
889.208979,133.998066,210.568389,-9437.292334
889.209607,133.998066,153.140646,-9418.149754
889.210234,76.570323,172.283227,-9475.577496
889.210862,133.998066,153.140646,-9437.292334
889.211489,133.998066,172.283227,-9418.149754
889.212116,38.285162,172.283227,-9418.149754
889.212744,95.712904,153.140646,-9418.149754
889.213371,133.998066,153.140646,-9399.007173
889.213999,153.140646,172.283227,-9437.292334
889.214626,38.285162,114.855485,-9437.292334
889.215254,133.998066,114.855485,-9437.292334
889.215881,57.427742,153.140646,-9418.149754
889.216509,19.142581,114.855485,-9456.434915
889.217136,95.712904,114.855485,-9437.292334
889.217763,95.712904,114.855485,-9456.434915
889.218391,153.140646,153.140646,-9437.292334
889.219018,76.570323,114.855485,-9456.434915
889.219646,133.998066,172.283227,-9418.149754
889.220273,133.998066,133.998066,-9399.007173
889.220901,76.570323,114.855485,-9418.149754
889.221528,95.712904,114.855485,-9418.149754
889.222155,76.570323,153.140646,-9418.149754
889.222783,133.998066,114.855485,-9418.149754
889.223410,76.570323,114.855485,-9418.149754
889.224038,153.140646,133.998066,-9399.007173
889.224665,95.712904,95.712904,-9399.007173
889.225293,38.285162,172.283227,-9456.434915
889.225920,57.427742,95.712904,-9494.720077
889.226547,76.570323,133.998066,-9399.007173
889.227175,76.570323,133.998066,-9360.722011
889.227802,210.568389,133.998066,-9399.007173
889.228430,133.998066,114.855485,-9418.149754
889.229057,153.140646,191.425808,-9399.007173
889.229685,76.570323,210.568389,-9533.005238
889.230312,38.285162,210.568389,-9418.149754
889.230940,133.998066,114.855485,-9437.292334
889.231567,76.570323,153.140646,-9437.292334
889.232194,95.712904,172.283227,-9418.149754
889.232822,114.855485,133.998066,-9360.722011
889.233449,76.570323,114.855485,-9418.149754
889.234077,133.998066,210.568389,-9418.149754
889.234704,133.998066,114.855485,-9437.292334
889.235332,172.283227,95.712904,-9456.434915
889.235959,153.140646,133.998066,-9494.720077
889.236587,114.855485,76.570323,-9456.434915
889.237214,76.570323,114.855485,-9437.292334
889.237842,133.998066,114.855485,-9456.434915
889.238470,76.570323,114.855485,-9418.149754
889.239097,153.140646,172.283227,-9475.577496
889.239725,133.998066,172.283227,-9418.149754
889.240352,153.140646,172.283227,-9399.007173
889.240980,133.998066,210.568389,-9418.149754
889.241607,38.285162,210.568389,-9418.149754
889.242235,76.570323,172.283227,-9418.149754
889.242862,95.712904,153.140646,-9418.149754
889.243490,76.570323,114.855485,-9456.434915
889.244117,76.570323,114.855485,-9475.577496
889.244745,133.998066,114.855485,-9418.149754
889.245372,153.140646,133.998066,-9399.007173
889.246000,133.998066,153.140646,-9418.149754
889.246627,76.570323,114.855485,-9360.722011
889.247255,57.427742,133.998066,-9360.722011
889.247882,76.570323,114.855485,-9418.149754
889.248510,38.285162,114.855485,-9475.577496
889.249137,133.998066,210.568389,-9456.434915
889.249765,76.570323,114.855485,-9437.292334
889.250392,38.285162,114.855485,-9437.292334
889.251020,76.570323,114.855485,-9494.720077
889.251648,133.998066,172.283227,-9437.292334
889.252275,133.998066,114.855485,-9437.292334
889.252903,95.712904,210.568389,-9437.292334
889.253530,153.140646,191.425808,-9494.720077
889.254158,38.285162,248.853550,-9379.864592
889.254785,95.712904,153.140646,-9418.149754
889.255413,114.855485,95.712904,-9399.007173
889.256040,133.998066,114.855485,-9475.577496
889.256668,57.427742,95.712904,-9513.862658
889.257295,38.285162,153.140646,-9418.149754
889.257923,76.570323,114.855485,-9494.720077
889.258550,38.285162,114.855485,-9418.149754
889.259178,133.998066,229.710970,-9418.149754
889.259805,133.998066,114.855485,-9437.292334
889.260433,153.140646,172.283227,-9475.577496
889.261060,133.998066,172.283227,-9418.149754
889.261688,153.140646,133.998066,-9475.577496
889.262315,95.712904,172.283227,-9399.007173
889.262943,133.998066,114.855485,-9418.149754
889.263570,76.570323,114.855485,-9475.577496
889.264198,153.140646,133.998066,-9399.007173
889.264826,76.570323,114.855485,-9418.149754
889.265453,153.140646,133.998066,-9399.007173
889.266081,133.998066,114.855485,-9437.292334
889.266708,133.998066,114.855485,-9456.434915
889.267336,114.855485,95.712904,-9399.007173
889.267963,76.570323,153.140646,-9437.292334
889.268591,38.285162,172.283227,-9418.149754
889.269218,38.285162,210.568389,-9418.149754
889.269846,76.570323,114.855485,-9437.292334
889.270473,38.285162,210.568389,-9418.149754
889.271101,133.998066,153.140646,-9418.149754
889.271728,133.998066,114.855485,-9418.149754
889.272356,57.427742,114.855485,-9418.149754
889.272983,95.712904,114.855485,-9437.292334
889.273611,57.427742,95.712904,-9399.007173
889.274238,38.285162,114.855485,-9494.720077
889.274866,133.998066,153.140646,-9418.149754
889.275493,133.998066,133.998066,-9494.720077
889.276121,76.570323,172.283227,-9475.577496
889.276748,133.998066,172.283227,-9418.149754
889.277376,133.998066,114.855485,-9418.149754
889.278003,76.570323,153.140646,-9418.149754
889.278631,76.570323,114.855485,-9475.577496
889.279259,114.855485,133.998066,-9418.149754
889.279886,95.712904,95.712904,-9399.007173
889.280514,76.570323,153.140646,-9418.149754
889.281141,76.570323,153.140646,-9456.434915
889.281769,38.285162,114.855485,-9437.292334
889.282396,76.570323,114.855485,-9475.577496
889.283024,76.570323,210.568389,-9456.434915
889.283651,133.998066,172.283227,-9437.292334
889.284279,57.427742,95.712904,-9399.007173
889.284906,133.998066,114.855485,-9437.292334
889.285534,133.998066,114.855485,-9456.434915
889.286161,133.998066,210.568389,-9475.577496
889.286789,133.998066,153.140646,-9418.149754
889.287416,133.998066,133.998066,-9475.577496
889.288044,38.285162,114.855485,-9418.149754
889.288671,76.570323,153.140646,-9418.149754
889.289299,76.570323,114.855485,-9437.292334
889.289926,114.855485,95.712904,-9399.007173
889.290554,76.570323,114.855485,-9418.149754
889.291181,133.998066,114.855485,-9475.577496
889.291809,95.712904,133.998066,-9360.722011
889.292437,153.140646,153.140646,-9399.007173
889.293064,114.855485,133.998066,-9360.722011
889.293692,153.140646,153.140646,-9456.434915
889.294319,133.998066,153.140646,-9399.007173
889.294947,133.998066,172.283227,-9418.149754
889.295574,76.570323,114.855485,-9418.149754
889.296202,133.998066,210.568389,-9418.149754
889.296829,153.140646,172.283227,-9513.862658
889.297457,76.570323,114.855485,-9456.434915
889.298084,76.570323,114.855485,-9418.149754
889.298712,76.570323,114.855485,-9437.292334
889.299339,76.570323,114.855485,-9418.149754
889.299967,133.998066,172.283227,-9418.149754
889.300594,38.285162,153.140646,-9418.149754
889.301222,76.570323,114.855485,-9418.149754
889.301849,133.998066,172.283227,-9418.149754
889.302477,133.998066,153.140646,-9418.149754
889.303104,76.570323,153.140646,-9418.149754
889.303732,153.140646,191.425808,-9399.007173
889.304359,76.570323,114.855485,-9494.720077
889.304987,133.998066,76.570323,-9379.864592
889.305615,133.998066,133.998066,-9399.007173
889.306242,95.712904,153.140646,-9418.149754
889.306870,133.998066,153.140646,-9418.149754
889.307497,76.570323,210.568389,-9418.149754
889.308125,76.570323,114.855485,-9418.149754
889.308752,133.998066,133.998066,-9399.007173
889.309380,133.998066,172.283227,-9418.149754
889.310007,95.712904,95.712904,-9399.007173
889.310635,95.712904,114.855485,-9418.149754
889.311262,133.998066,114.855485,-9418.149754
889.311890,172.283227,172.283227,-9379.864592
889.312517,133.998066,133.998066,-9399.007173
889.313145,76.570323,114.855485,-9475.577496
889.313772,153.140646,248.853550,-9399.007173
889.314400,133.998066,114.855485,-9437.292334
889.315027,57.427742,95.712904,-9399.007173
889.315655,38.285162,114.855485,-9418.149754
889.316282,133.998066,172.283227,-9456.434915
889.316910,76.570323,153.140646,-9418.149754
889.317537,57.427742,191.425808,-9360.722011
889.318165,95.712904,114.855485,-9418.149754
889.318793,76.570323,114.855485,-9418.149754
889.319420,95.712904,95.712904,-9456.434915
889.320048,76.570323,114.855485,-9456.434915
889.320675,76.570323,133.998066,-9360.722011
889.321303,153.140646,133.998066,-9456.434915
889.321930,76.570323,153.140646,-9456.434915
889.322558,76.570323,172.283227,-9418.149754
889.323185,133.998066,153.140646,-9437.292334
889.323813,133.998066,114.855485,-9475.577496
889.324440,76.570323,114.855485,-9475.577496
889.325068,153.140646,133.998066,-9437.292334
889.325695,114.855485,133.998066,-9360.722011
889.326323,76.570323,153.140646,-9418.149754
889.326950,38.285162,153.140646,-9456.434915
889.327578,133.998066,114.855485,-9418.149754
889.328205,76.570323,114.855485,-9418.149754
889.328833,38.285162,114.855485,-9418.149754
889.329460,76.570323,153.140646,-9418.149754
889.330088,95.712904,114.855485,-9418.149754
889.330715,76.570323,153.140646,-9437.292334
889.331343,153.140646,210.568389,-9475.577496
889.331970,133.998066,172.283227,-9456.434915
889.332598,95.712904,172.283227,-9418.149754
889.333226,133.998066,114.855485,-9418.149754
889.333853,76.570323,114.855485,-9418.149754
889.334480,133.998066,153.140646,-9437.292334
889.335108,76.570323,114.855485,-9456.434915
889.335735,95.712904,95.712904,-9399.007173
889.336362,76.570323,114.855485,-9418.149754
889.336990,95.712904,153.140646,-9418.149754
889.337617,133.998066,133.998066,-9437.292334
889.338244,76.570323,114.855485,-9418.149754
889.338872,133.998066,114.855485,-9456.434915
889.339499,133.998066,172.283227,-9533.005238
889.340126,38.285162,114.855485,-9418.149754
889.340754,38.285162,114.855485,-9437.292334
889.341381,133.998066,114.855485,-9418.149754
889.342008,133.998066,153.140646,-9456.434915
889.342636,76.570323,210.568389,-9418.149754
889.343263,133.998066,153.140646,-9456.434915
889.343890,76.570323,114.855485,-9418.149754
889.344518,133.998066,114.855485,-9456.434915
889.345145,38.285162,210.568389,-9418.149754
889.345772,153.140646,191.425808,-9456.434915
889.346400,76.570323,172.283227,-9456.434915
889.347027,76.570323,210.568389,-9494.720077
889.347654,114.855485,133.998066,-9360.722011
889.348282,76.570323,114.855485,-9418.149754
889.348909,133.998066,114.855485,-9456.434915
889.349537,76.570323,114.855485,-9418.149754
889.350164,114.855485,95.712904,-9399.007173
889.350791,76.570323,76.570323,-9379.864592
889.351419,95.712904,114.855485,-9418.149754
889.352046,133.998066,114.855485,-9418.149754
889.352673,76.570323,114.855485,-9475.577496
889.353301,76.570323,114.855485,-9437.292334
889.353928,38.285162,114.855485,-9437.292334
889.354555,76.570323,210.568389,-9418.149754
889.355183,153.140646,153.140646,-9399.007173
889.355810,153.140646,114.855485,-9418.149754
889.356437,76.570323,114.855485,-9418.149754
889.357065,76.570323,114.855485,-9437.292334
889.357692,95.712904,210.568389,-9456.434915
889.358319,76.570323,172.283227,-9456.434915
889.358947,133.998066,210.568389,-9437.292334
889.359574,133.998066,114.855485,-9456.434915
889.360201,133.998066,153.140646,-9418.149754
889.360829,153.140646,133.998066,-9399.007173
889.361456,153.140646,133.998066,-9456.434915
889.362083,133.998066,133.998066,-9399.007173
889.362711,38.285162,114.855485,-9437.292334
889.363338,76.570323,114.855485,-9475.577496
889.363965,133.998066,133.998066,-9399.007173
889.364593,38.285162,153.140646,-9418.149754
889.365220,95.712904,95.712904,-9456.434915
889.365848,76.570323,114.855485,-9456.434915
889.366475,153.140646,114.855485,-9418.149754
889.367102,114.855485,76.570323,-9456.434915
889.367730,38.285162,114.855485,-9475.577496
889.368357,133.998066,153.140646,-9437.292334
889.368984,38.285162,114.855485,-9475.577496
889.369612,133.998066,133.998066,-9456.434915
889.370239,95.712904,153.140646,-9418.149754
889.370866,76.570323,114.855485,-9418.149754
889.371494,95.712904,210.568389,-9418.149754
889.372121,76.570323,153.140646,-9456.434915
889.372748,133.998066,153.140646,-9418.149754
889.373376,114.855485,133.998066,-9418.149754
889.374003,114.855485,95.712904,-9399.007173
889.374630,76.570323,210.568389,-9494.720077
889.375258,76.570323,114.855485,-9418.149754
889.375885,76.570323,229.710970,-9456.434915
889.376512,76.570323,210.568389,-9418.149754
889.377140,38.285162,210.568389,-9418.149754
889.377767,133.998066,153.140646,-9437.292334
889.378394,76.570323,114.855485,-9418.149754
889.379022,133.998066,172.283227,-9475.577496
889.379649,76.570323,191.425808,-9418.149754
889.380276,38.285162,172.283227,-9437.292334
889.380904,76.570323,172.283227,-9437.292334
889.381531,133.998066,114.855485,-9418.149754
889.382159,76.570323,114.855485,-9456.434915
889.382786,76.570323,95.712904,-9437.292334
889.383413,95.712904,114.855485,-9418.149754
889.384041,133.998066,114.855485,-9418.149754
889.384668,153.140646,133.998066,-9399.007173
889.385295,76.570323,153.140646,-9456.434915
889.385923,133.998066,172.283227,-9437.292334
889.386550,95.712904,133.998066,-9360.722011
889.387177,133.998066,153.140646,-9533.005238
889.387805,133.998066,114.855485,-9418.149754
889.388432,38.285162,172.283227,-9418.149754
889.389059,76.570323,172.283227,-9418.149754
889.389687,76.570323,114.855485,-9456.434915
889.390314,76.570323,114.855485,-9437.292334
889.390941,153.140646,133.998066,-9456.434915
889.391569,76.570323,153.140646,-9456.434915
889.392196,38.285162,210.568389,-9418.149754
889.392823,76.570323,114.855485,-9456.434915
889.393451,133.998066,114.855485,-9456.434915
889.394078,133.998066,114.855485,-9418.149754
889.394705,76.570323,153.140646,-9437.292334
889.395333,133.998066,114.855485,-9418.149754
889.395960,133.998066,114.855485,-9418.149754
889.396587,38.285162,114.855485,-9437.292334
889.397215,95.712904,114.855485,-9418.149754
889.397842,76.570323,210.568389,-9418.149754
889.398469,38.285162,172.283227,-9418.149754
889.399097,76.570323,114.855485,-9418.149754
889.399724,76.570323,114.855485,-9437.292334
889.400352,76.570323,76.570323,-9379.864592
889.400979,95.712904,95.712904,-9475.577496
889.401606,76.570323,114.855485,-9437.292334
889.402234,133.998066,191.425808,-9475.577496
889.402861,133.998066,191.425808,-9418.149754
889.403488,38.285162,114.855485,-9456.434915
889.404116,133.998066,114.855485,-9475.577496
889.404743,133.998066,172.283227,-9418.149754
889.405370,76.570323,210.568389,-9418.149754
889.405998,133.998066,114.855485,-9418.149754
889.406625,38.285162,114.855485,-9418.149754
889.407252,133.998066,210.568389,-9418.149754
889.407880,76.570323,153.140646,-9475.577496
889.408507,76.570323,114.855485,-9437.292334
889.409134,38.285162,172.283227,-9456.434915
889.409762,76.570323,172.283227,-9456.434915
889.410389,133.998066,114.855485,-9456.434915
889.411016,76.570323,114.855485,-9437.292334
889.411644,133.998066,114.855485,-9456.434915
889.412271,38.285162,172.283227,-9418.149754
889.412898,95.712904,114.855485,-9456.434915
889.413526,76.570323,114.855485,-9418.149754
889.414153,133.998066,153.140646,-9418.149754
889.414780,133.998066,172.283227,-9418.149754
889.415408,76.570323,114.855485,-9494.720077
889.416035,76.570323,114.855485,-9418.149754
889.416663,76.570323,114.855485,-9418.149754
889.417290,76.570323,191.425808,-9418.149754
889.417917,133.998066,172.283227,-9418.149754
889.418545,133.998066,133.998066,-9437.292334
889.419172,76.570323,133.998066,-9399.007173
889.419799,76.570323,114.855485,-9418.149754
889.420427,95.712904,95.712904,-9399.007173
889.421054,114.855485,95.712904,-9437.292334
889.421681,76.570323,210.568389,-9418.149754
889.422309,133.998066,172.283227,-9418.149754
889.422936,153.140646,191.425808,-9399.007173
889.423563,133.998066,114.855485,-9418.149754
889.424191,95.712904,172.283227,-9360.722011
889.424818,133.998066,133.998066,-9456.434915
889.425445,114.855485,133.998066,-9360.722011
889.426073,76.570323,114.855485,-9456.434915
889.426700,76.570323,153.140646,-9418.149754
889.427327,95.712904,133.998066,-9360.722011
889.427955,95.712904,95.712904,-9399.007173
889.428582,76.570323,210.568389,-9456.434915
889.429209,38.285162,114.855485,-9418.149754
889.429837,76.570323,114.855485,-9399.007173
889.430464,133.998066,114.855485,-9418.149754
889.431091,76.570323,114.855485,-9418.149754
889.431719,76.570323,172.283227,-9456.434915
889.432346,38.285162,172.283227,-9437.292334
889.432974,19.142581,153.140646,-9437.292334
889.433601,76.570323,153.140646,-9456.434915
889.434228,210.568389,153.140646,-9494.720077
889.434856,172.283227,133.998066,-9418.149754
889.435483,76.570323,114.855485,-9456.434915
889.436111,133.998066,114.855485,-9418.149754
889.436738,76.570323,114.855485,-9418.149754
889.437366,153.140646,114.855485,-9456.434915
889.437993,133.998066,114.855485,-9418.149754
889.438621,76.570323,114.855485,-9418.149754
889.439248,133.998066,114.855485,-9456.434915
889.439876,133.998066,114.855485,-9494.720077
889.440503,95.712904,95.712904,-9437.292334
889.441131,133.998066,114.855485,-9418.149754
889.441758,76.570323,114.855485,-9418.149754
889.442386,133.998066,133.998066,-9399.007173
889.443013,38.285162,114.855485,-9418.149754
889.443640,95.712904,114.855485,-9437.292334
889.444268,133.998066,114.855485,-9418.149754
889.444895,153.140646,114.855485,-9418.149754
889.445523,76.570323,153.140646,-9418.149754
889.446150,133.998066,210.568389,-9418.149754
889.446778,133.998066,133.998066,-9456.434915
889.447405,76.570323,114.855485,-9437.292334
889.448033,133.998066,172.283227,-9513.862658
889.448660,76.570323,191.425808,-9456.434915
889.449288,38.285162,172.283227,-9456.434915
889.449915,133.998066,114.855485,-9360.722011
889.450543,114.855485,95.712904,-9494.720077
889.451170,133.998066,133.998066,-9399.007173
889.451798,133.998066,153.140646,-9456.434915
889.452425,95.712904,114.855485,-9456.434915
889.453053,57.427742,114.855485,-9418.149754
889.453680,133.998066,114.855485,-9418.149754
889.454308,76.570323,153.140646,-9418.149754
889.454935,133.998066,172.283227,-9456.434915
889.455563,133.998066,172.283227,-9418.149754
889.456190,133.998066,114.855485,-9418.149754
889.456817,133.998066,172.283227,-9494.720077
889.457445,133.998066,210.568389,-9437.292334
889.458072,133.998066,114.855485,-9475.577496
889.458700,76.570323,114.855485,-9418.149754
889.459327,76.570323,114.855485,-9418.149754
889.459955,38.285162,153.140646,-9418.149754
889.460582,38.285162,114.855485,-9418.149754
889.461210,114.855485,95.712904,-9437.292334
889.461837,172.283227,76.570323,-9418.149754
889.462465,133.998066,114.855485,-9418.149754
889.463092,38.285162,172.283227,-9418.149754
889.463720,133.998066,210.568389,-9475.577496
889.464347,153.140646,172.283227,-9399.007173
889.464975,133.998066,153.140646,-9418.149754
889.465602,76.570323,114.855485,-9418.149754
889.466230,95.712904,133.998066,-9360.722011
889.466857,133.998066,114.855485,-9418.149754
889.467485,114.855485,133.998066,-9360.722011
889.468112,38.285162,114.855485,-9418.149754
889.468739,19.142581,114.855485,-9418.149754
889.469367,76.570323,114.855485,-9418.149754
889.469994,133.998066,172.283227,-9418.149754
889.470622,133.998066,114.855485,-9418.149754
889.471249,153.140646,133.998066,-9399.007173
889.471877,133.998066,172.283227,-9418.149754
889.472504,133.998066,210.568389,-9456.434915
889.473132,153.140646,133.998066,-9399.007173
889.473759,133.998066,114.855485,-9475.577496
889.474387,133.998066,210.568389,-9418.149754
889.475014,114.855485,95.712904,-9399.007173
889.475642,133.998066,153.140646,-9418.149754
889.476269,76.570323,114.855485,-9418.149754
889.476897,76.570323,114.855485,-9456.434915
889.477524,76.570323,153.140646,-9437.292334
889.478152,133.998066,114.855485,-9475.577496
889.478779,76.570323,114.855485,-9456.434915
889.479407,95.712904,114.855485,-9418.149754
889.480034,76.570323,114.855485,-9437.292334
889.480662,133.998066,114.855485,-9418.149754
889.481289,76.570323,172.283227,-9437.292334
889.481916,133.998066,114.855485,-9418.149754
889.482544,133.998066,114.855485,-9418.149754
889.483171,76.570323,191.425808,-9418.149754
889.483799,133.998066,114.855485,-9418.149754
889.484426,76.570323,114.855485,-9418.149754
889.485054,95.712904,114.855485,-9399.007173
889.485681,114.855485,95.712904,-9399.007173
889.486309,114.855485,95.712904,-9399.007173
889.486936,133.998066,172.283227,-9418.149754
889.487564,133.998066,153.140646,-9418.149754
889.488191,133.998066,114.855485,-9456.434915
889.488819,133.998066,133.998066,-9456.434915
889.489446,76.570323,172.283227,-9475.577496
889.490074,76.570323,153.140646,-9418.149754
889.490701,76.570323,114.855485,-9418.149754
889.491329,133.998066,153.140646,-9418.149754
889.491956,95.712904,133.998066,-9360.722011
889.492584,95.712904,172.283227,-9475.577496
889.493211,133.998066,172.283227,-9456.434915
889.493839,76.570323,153.140646,-9418.149754
889.494466,114.855485,153.140646,-9418.149754
889.495093,95.712904,95.712904,-9399.007173
889.495721,133.998066,114.855485,-9418.149754
889.496348,76.570323,114.855485,-9437.292334
889.496976,133.998066,114.855485,-9456.434915
889.497603,76.570323,172.283227,-9418.149754
889.498231,76.570323,153.140646,-9533.005238
889.498858,133.998066,153.140646,-9418.149754
889.499486,38.285162,172.283227,-9418.149754
889.500113,153.140646,133.998066,-9437.292334
889.500741,76.570323,114.855485,-9418.149754
889.501368,38.285162,210.568389,-9437.292334
889.501996,76.570323,153.140646,-9418.149754
889.502623,133.998066,210.568389,-9437.292334
889.503251,133.998066,153.140646,-9456.434915
889.503878,114.855485,133.998066,-9360.722011
889.504506,153.140646,153.140646,-9399.007173
889.505133,38.285162,153.140646,-9456.434915
889.505761,57.427742,114.855485,-9418.149754
889.506388,76.570323,114.855485,-9456.434915
889.507016,76.570323,191.425808,-9456.434915
889.507643,38.285162,114.855485,-9418.149754
889.508270,133.998066,114.855485,-9418.149754
889.508898,133.998066,114.855485,-9418.149754
889.509525,95.712904,133.998066,-9475.577496
889.510153,95.712904,114.855485,-9418.149754
889.510780,95.712904,172.283227,-9418.149754
889.511408,133.998066,133.998066,-9399.007173
889.512035,76.570323,114.855485,-9418.149754
889.512663,76.570323,172.283227,-9456.434915
889.513290,133.998066,153.140646,-9418.149754
889.513918,95.712904,133.998066,-9533.005238
889.514545,76.570323,114.855485,-9437.292334
889.515173,57.427742,95.712904,-9399.007173
889.515800,153.140646,114.855485,-9418.149754
889.516428,76.570323,114.855485,-9418.149754
889.517055,95.712904,95.712904,-9399.007173
889.517683,76.570323,114.855485,-9475.577496
889.518310,76.570323,114.855485,-9418.149754
889.518938,76.570323,114.855485,-9418.149754
889.519565,57.427742,153.140646,-9418.149754
889.520193,114.855485,95.712904,-9437.292334
889.520820,76.570323,191.425808,-9437.292334
889.521447,133.998066,114.855485,-9437.292334
889.522075,76.570323,172.283227,-9475.577496
889.522702,57.427742,210.568389,-9399.007173
889.523330,153.140646,133.998066,-9399.007173
889.523957,133.998066,172.283227,-9379.864592
889.524585,38.285162,114.855485,-9418.149754
889.525212,76.570323,114.855485,-9418.149754
889.525840,133.998066,210.568389,-9418.149754
889.526467,133.998066,114.855485,-9437.292334
889.527095,133.998066,172.283227,-9437.292334
889.527722,76.570323,114.855485,-9437.292334
889.528350,133.998066,114.855485,-9418.149754
889.528977,76.570323,114.855485,-9418.149754
889.529605,133.998066,210.568389,-9418.149754
889.530232,133.998066,114.855485,-9437.292334
889.530860,76.570323,153.140646,-9437.292334
889.531487,95.712904,95.712904,-9399.007173
889.532115,153.140646,191.425808,-9399.007173
889.532742,38.285162,114.855485,-9418.149754
889.533370,57.427742,133.998066,-9418.149754
889.533997,153.140646,133.998066,-9456.434915
889.534625,133.998066,114.855485,-9475.577496
889.535252,57.427742,95.712904,-9399.007173
889.535880,133.998066,172.283227,-9418.149754
889.536507,76.570323,153.140646,-9418.149754
889.537135,133.998066,153.140646,-9437.292334
889.537762,76.570323,153.140646,-9437.292334
889.538390,38.285162,114.855485,-9418.149754
889.539017,76.570323,114.855485,-9437.292334
889.539645,153.140646,133.998066,-9399.007173
889.540272,133.998066,153.140646,-9456.434915
889.540900,133.998066,210.568389,-9475.577496
889.541527,133.998066,210.568389,-9456.434915
889.542155,76.570323,172.283227,-9418.149754
889.542782,133.998066,153.140646,-9418.149754
889.543410,38.285162,210.568389,-9418.149754
889.544037,76.570323,153.140646,-9418.149754
889.544665,133.998066,114.855485,-9475.577496
889.545293,133.998066,114.855485,-9437.292334
889.545920,76.570323,114.855485,-9418.149754
889.546548,114.855485,153.140646,-9360.722011
889.547175,133.998066,114.855485,-9418.149754
889.547803,133.998066,191.425808,-9418.149754
889.548430,76.570323,172.283227,-9437.292334
889.549058,76.570323,210.568389,-9437.292334
889.549685,133.998066,172.283227,-9418.149754
889.550313,133.998066,114.855485,-9418.149754
889.550940,133.998066,114.855485,-9418.149754
889.551568,95.712904,172.283227,-9418.149754
889.552195,153.140646,172.283227,-9494.720077
889.552823,153.140646,172.283227,-9437.292334
889.553450,114.855485,133.998066,-9360.722011
889.554078,95.712904,95.712904,-9437.292334
889.554705,133.998066,114.855485,-9475.577496
889.555333,133.998066,172.283227,-9456.434915
889.555961,153.140646,172.283227,-9494.720077
889.556588,76.570323,172.283227,-9475.577496
889.557216,38.285162,114.855485,-9456.434915
889.557843,95.712904,95.712904,-9437.292334
889.558471,133.998066,114.855485,-9418.149754
889.559098,133.998066,133.998066,-9379.864592
889.559726,153.140646,133.998066,-9399.007173
889.560353,38.285162,114.855485,-9399.007173
889.560981,76.570323,114.855485,-9418.149754
889.561608,76.570323,172.283227,-9418.149754
889.562236,133.998066,114.855485,-9418.149754
889.562863,133.998066,133.998066,-9399.007173
889.563491,133.998066,114.855485,-9418.149754
889.564118,133.998066,114.855485,-9418.149754
889.564746,95.712904,133.998066,-9360.722011
889.565373,95.712904,114.855485,-9418.149754
889.566001,76.570323,114.855485,-9418.149754
889.566629,76.570323,153.140646,-9418.149754
889.567256,133.998066,114.855485,-9475.577496
889.567884,114.855485,95.712904,-9456.434915
889.568511,76.570323,114.855485,-9418.149754
889.569139,114.855485,133.998066,-9418.149754
889.569766,76.570323,114.855485,-9437.292334
889.570394,133.998066,114.855485,-9475.577496
889.571021,76.570323,153.140646,-9418.149754
889.571649,153.140646,114.855485,-9418.149754
889.572276,210.568389,133.998066,-9399.007173
889.572904,76.570323,114.855485,-9418.149754
889.573531,133.998066,172.283227,-9437.292334
889.574159,133.998066,114.855485,-9456.434915
889.574786,172.283227,133.998066,-9533.005238
889.575414,153.140646,133.998066,-9399.007173
889.576041,95.712904,191.425808,-9418.149754
889.576669,153.140646,133.998066,-9399.007173
889.577297,133.998066,210.568389,-9418.149754
889.577924,76.570323,114.855485,-9418.149754
889.578552,95.712904,95.712904,-9399.007173
889.579179,76.570323,114.855485,-9437.292334
889.579807,114.855485,95.712904,-9399.007173
889.580434,133.998066,114.855485,-9456.434915
889.581062,76.570323,114.855485,-9418.149754
889.581689,76.570323,114.855485,-9418.149754
889.582317,57.427742,95.712904,-9399.007173
889.582944,114.855485,133.998066,-9360.722011
889.583572,38.285162,153.140646,-9456.434915
889.584199,76.570323,153.140646,-9475.577496
889.584827,76.570323,114.855485,-9418.149754
889.585454,76.570323,114.855485,-9418.149754
889.586082,133.998066,114.855485,-9475.577496
889.586709,76.570323,153.140646,-9418.149754
889.587337,172.283227,114.855485,-9399.007173
889.587965,76.570323,133.998066,-9513.862658
889.588592,95.712904,95.712904,-9379.864592
889.589220,114.855485,76.570323,-9418.149754
889.589847,38.285162,114.855485,-9418.149754
889.590475,172.283227,95.712904,-9456.434915
889.591102,76.570323,133.998066,-9533.005238
889.591730,133.998066,114.855485,-9418.149754
889.592357,133.998066,114.855485,-9418.149754
889.592985,38.285162,114.855485,-9418.149754
889.593612,95.712904,95.712904,-9494.720077
889.594240,57.427742,95.712904,-9494.720077
889.594867,38.285162,114.855485,-9418.149754
889.595495,95.712904,114.855485,-9437.292334
889.596122,133.998066,114.855485,-9418.149754
889.596750,38.285162,114.855485,-9418.149754
889.597378,133.998066,114.855485,-9437.292334
889.598005,133.998066,210.568389,-9437.292334
889.598633,95.712904,248.853550,-9360.722011
889.599260,133.998066,114.855485,-9418.149754
889.599888,57.427742,114.855485,-9437.292334
889.600515,76.570323,172.283227,-9418.149754
889.601143,133.998066,153.140646,-9437.292334
889.601770,133.998066,114.855485,-9456.434915
889.602398,114.855485,95.712904,-9399.007173
889.603025,95.712904,95.712904,-9456.434915
889.603653,133.998066,114.855485,-9437.292334
889.604280,133.998066,114.855485,-9418.149754
889.604908,95.712904,114.855485,-9418.149754
889.605535,76.570323,114.855485,-9456.434915
889.606163,172.283227,153.140646,-9379.864592
889.606790,57.427742,114.855485,-9418.149754
889.607418,76.570323,114.855485,-9418.149754
889.608046,133.998066,114.855485,-9418.149754
889.608673,133.998066,133.998066,-9399.007173
889.609301,172.283227,76.570323,-9456.434915
889.609928,76.570323,172.283227,-9418.149754
889.610556,95.712904,95.712904,-9399.007173
889.611183,95.712904,172.283227,-9360.722011
889.611811,133.998066,172.283227,-9418.149754
889.612438,172.283227,114.855485,-9379.864592
889.613066,76.570323,114.855485,-9418.149754
889.613693,133.998066,172.283227,-9418.149754
889.614321,133.998066,153.140646,-9437.292334
889.614948,76.570323,114.855485,-9418.149754
889.615576,95.712904,95.712904,-9399.007173
889.616203,133.998066,114.855485,-9437.292334
889.616831,76.570323,172.283227,-9418.149754
889.617458,114.855485,95.712904,-9494.720077
889.618086,133.998066,114.855485,-9475.577496
889.618714,38.285162,114.855485,-9475.577496
889.619341,153.140646,114.855485,-9475.577496
889.619969,76.570323,114.855485,-9418.149754
889.620596,133.998066,153.140646,-9418.149754
889.621224,133.998066,133.998066,-9456.434915
889.621851,133.998066,114.855485,-9437.292334
889.622479,133.998066,172.283227,-9456.434915
889.623106,153.140646,133.998066,-9399.007173
889.623734,38.285162,172.283227,-9437.292334
889.624361,76.570323,210.568389,-9437.292334
889.624989,76.570323,95.712904,-9399.007173
889.625616,133.998066,114.855485,-9437.292334
889.626244,114.855485,95.712904,-9437.292334
889.626871,114.855485,95.712904,-9399.007173
889.627499,133.998066,76.570323,-9379.864592
889.628126,133.998066,172.283227,-9418.149754
889.628754,133.998066,114.855485,-9418.149754
889.629382,133.998066,114.855485,-9456.434915
889.630009,133.998066,172.283227,-9475.577496
889.630637,76.570323,210.568389,-9437.292334
889.631264,133.998066,210.568389,-9475.577496
889.631892,95.712904,114.855485,-9418.149754
889.632519,133.998066,114.855485,-9418.149754
889.633147,114.855485,114.855485,-9379.864592
889.633774,57.427742,95.712904,-9456.434915
889.634402,38.285162,114.855485,-9456.434915
889.635029,76.570323,153.140646,-9456.434915
889.635657,95.712904,114.855485,-9418.149754
889.636284,133.998066,172.283227,-9399.007173
889.636912,133.998066,114.855485,-9437.292334
889.637539,114.855485,95.712904,-9456.434915
889.638167,95.712904,95.712904,-9399.007173
889.638794,95.712904,114.855485,-9418.149754
889.639422,153.140646,133.998066,-9456.434915
889.640049,76.570323,114.855485,-9418.149754
889.640677,114.855485,153.140646,-9341.579430
889.641304,133.998066,153.140646,-9437.292334
889.641932,133.998066,114.855485,-9418.149754
889.642559,38.285162,114.855485,-9418.149754
889.643187,76.570323,114.855485,-9475.577496
889.643814,133.998066,114.855485,-9475.577496
889.644442,133.998066,172.283227,-9456.434915
889.645069,133.998066,133.998066,-9399.007173
889.645697,95.712904,114.855485,-9456.434915
889.646324,76.570323,114.855485,-9475.577496
889.646952,76.570323,114.855485,-9437.292334
889.647579,76.570323,114.855485,-9437.292334
889.648207,38.285162,114.855485,-9456.434915
889.648834,76.570323,114.855485,-9418.149754
889.649462,133.998066,172.283227,-9418.149754
889.650089,76.570323,114.855485,-9418.149754
889.650717,133.998066,153.140646,-9399.007173
889.651344,133.998066,133.998066,-9399.007173
889.651972,133.998066,172.283227,-9475.577496
889.652599,133.998066,114.855485,-9418.149754
889.653227,38.285162,114.855485,-9418.149754
889.653854,133.998066,114.855485,-9418.149754
889.654482,133.998066,191.425808,-9437.292334
889.655109,133.998066,114.855485,-9418.149754
889.655737,38.285162,114.855485,-9418.149754
889.656364,133.998066,191.425808,-9418.149754
889.656992,76.570323,114.855485,-9437.292334
889.657619,76.570323,153.140646,-9437.292334
889.658247,133.998066,172.283227,-9418.149754
889.658874,133.998066,114.855485,-9456.434915
889.659502,76.570323,153.140646,-9418.149754
889.660129,76.570323,95.712904,-9437.292334
889.660757,133.998066,114.855485,-9437.292334
889.661384,133.998066,114.855485,-9437.292334
889.662012,153.140646,153.140646,-9399.007173
889.662639,133.998066,114.855485,-9418.149754
889.663267,133.998066,114.855485,-9437.292334
889.663894,76.570323,114.855485,-9418.149754
889.664522,76.570323,114.855485,-9494.720077
889.665149,153.140646,133.998066,-9437.292334
889.665777,133.998066,172.283227,-9418.149754
889.666404,38.285162,114.855485,-9494.720077
889.667032,38.285162,114.855485,-9456.434915
889.667659,57.427742,95.712904,-9399.007173
889.668287,76.570323,114.855485,-9418.149754
889.668914,76.570323,153.140646,-9456.434915
889.669542,76.570323,114.855485,-9418.149754
889.670169,38.285162,114.855485,-9475.577496
889.670797,76.570323,172.283227,-9418.149754
889.671424,76.570323,114.855485,-9418.149754
889.672052,95.712904,95.712904,-9399.007173
889.672679,76.570323,114.855485,-9437.292334
889.673307,38.285162,114.855485,-9418.149754
889.673934,76.570323,210.568389,-9418.149754
889.674562,95.712904,172.283227,-9418.149754
889.675189,76.570323,114.855485,-9418.149754
889.675817,95.712904,95.712904,-9399.007173
889.676444,95.712904,114.855485,-9418.149754
889.677072,133.998066,153.140646,-9437.292334
889.677699,133.998066,153.140646,-9494.720077
889.678327,76.570323,114.855485,-9456.434915
889.678954,76.570323,133.998066,-9552.147819
889.679582,114.855485,95.712904,-9399.007173
889.680209,76.570323,153.140646,-9456.434915
889.680837,76.570323,114.855485,-9418.149754
889.681464,76.570323,114.855485,-9456.434915
889.682092,133.998066,172.283227,-9418.149754
889.682719,76.570323,114.855485,-9418.149754
889.683347,76.570323,172.283227,-9418.149754
889.683974,133.998066,114.855485,-9494.720077
889.684602,76.570323,114.855485,-9418.149754
889.685229,76.570323,114.855485,-9475.577496
889.685857,76.570323,210.568389,-9437.292334
889.686484,38.285162,114.855485,-9437.292334
889.687112,76.570323,191.425808,-9456.434915
889.687739,76.570323,114.855485,-9418.149754
889.688367,76.570323,114.855485,-9418.149754
889.688994,133.998066,114.855485,-9418.149754
889.689622,153.140646,114.855485,-9437.292334
889.690249,114.855485,95.712904,-9399.007173
889.690877,76.570323,114.855485,-9456.434915
889.691504,133.998066,172.283227,-9399.007173
889.692132,95.712904,114.855485,-9418.149754
889.692759,76.570323,114.855485,-9437.292334
889.693387,38.285162,114.855485,-9437.292334
889.694014,38.285162,210.568389,-9418.149754
889.694642,38.285162,114.855485,-9418.149754
889.695269,133.998066,191.425808,-9399.007173
889.695897,133.998066,210.568389,-9418.149754
889.696524,114.855485,95.712904,-9399.007173
889.697152,76.570323,114.855485,-9418.149754
889.697779,38.285162,114.855485,-9418.149754
889.698407,133.998066,114.855485,-9418.149754
889.699034,76.570323,114.855485,-9418.149754
889.699662,19.142581,114.855485,-9456.434915
889.700289,76.570323,114.855485,-9418.149754
889.700917,38.285162,114.855485,-9437.292334
889.701544,76.570323,114.855485,-9418.149754
889.702172,133.998066,114.855485,-9494.720077
889.702799,38.285162,114.855485,-9456.434915
889.703427,153.140646,153.140646,-9456.434915
889.704054,114.855485,95.712904,-9399.007173
889.704682,133.998066,133.998066,-9399.007173
889.705309,95.712904,133.998066,-9360.722011
889.705937,95.712904,153.140646,-9456.434915
889.706564,76.570323,210.568389,-9418.149754
889.707192,95.712904,114.855485,-9418.149754
889.707819,76.570323,114.855485,-9418.149754
889.708447,133.998066,114.855485,-9456.434915
889.709074,76.570323,172.283227,-9418.149754
889.709702,133.998066,114.855485,-9418.149754
889.710329,76.570323,114.855485,-9456.434915
889.710957,114.855485,133.998066,-9418.149754
889.711584,133.998066,114.855485,-9437.292334
889.712212,153.140646,153.140646,-9399.007173
889.712839,133.998066,172.283227,-9456.434915
889.713467,38.285162,153.140646,-9437.292334
889.714094,95.712904,114.855485,-9418.149754
889.714722,133.998066,114.855485,-9418.149754
889.715349,76.570323,172.283227,-9418.149754
889.715977,133.998066,114.855485,-9437.292334
889.716604,38.285162,114.855485,-9418.149754
889.717232,133.998066,153.140646,-9475.577496
889.717859,95.712904,114.855485,-9456.434915
889.718487,133.998066,153.140646,-9399.007173
889.719114,153.140646,172.283227,-9437.292334
889.719742,76.570323,153.140646,-9418.149754
889.720369,133.998066,133.998066,-9399.007173
889.720997,153.140646,172.283227,-9399.007173
889.721624,133.998066,210.568389,-9418.149754
889.722252,38.285162,114.855485,-9418.149754
889.722879,76.570323,114.855485,-9418.149754
889.723507,19.142581,210.568389,-9418.149754
889.724134,38.285162,114.855485,-9456.434915
889.724762,76.570323,114.855485,-9475.577496
889.725389,76.570323,114.855485,-9418.149754
889.726017,95.712904,133.998066,-9360.722011
889.726644,57.427742,133.998066,-9360.722011
889.727272,114.855485,133.998066,-9418.149754
889.727899,133.998066,114.855485,-9437.292334
889.728527,76.570323,114.855485,-9475.577496
889.729154,38.285162,172.283227,-9418.149754
889.729782,95.712904,114.855485,-9418.149754
889.730409,172.283227,114.855485,-9379.864592
889.731037,133.998066,133.998066,-9494.720077
889.731664,153.140646,191.425808,-9399.007173
889.732292,76.570323,229.710970,-9418.149754
889.732919,133.998066,172.283227,-9437.292334
889.733547,133.998066,191.425808,-9437.292334
889.734174,133.998066,172.283227,-9437.292334
889.734802,133.998066,114.855485,-9456.434915
889.735429,76.570323,153.140646,-9418.149754
889.736056,38.285162,153.140646,-9418.149754
889.736684,133.998066,114.855485,-9418.149754
889.737311,95.712904,95.712904,-9399.007173
889.737939,76.570323,172.283227,-9418.149754
889.738566,76.570323,153.140646,-9456.434915
889.739194,114.855485,95.712904,-9456.434915
889.739821,76.570323,114.855485,-9437.292334
889.740449,76.570323,114.855485,-9418.149754
889.741076,114.855485,133.998066,-9418.149754
889.741703,76.570323,114.855485,-9456.434915
889.742331,38.285162,114.855485,-9437.292334
889.742958,76.570323,153.140646,-9418.149754
889.743586,133.998066,153.140646,-9456.434915
889.744213,38.285162,114.855485,-9437.292334
889.744841,76.570323,114.855485,-9437.292334
889.745468,133.998066,133.998066,-9456.434915
889.746096,38.285162,114.855485,-9418.149754
889.746723,95.712904,133.998066,-9360.722011
889.747350,38.285162,172.283227,-9437.292334
889.747978,133.998066,114.855485,-9418.149754
889.748605,95.712904,191.425808,-9360.722011
889.749233,133.998066,114.855485,-9418.149754
889.749860,76.570323,153.140646,-9475.577496
889.750488,133.998066,114.855485,-9418.149754
889.751115,76.570323,172.283227,-9437.292334
889.751743,38.285162,153.140646,-9418.149754
889.752370,76.570323,114.855485,-9418.149754
889.752997,76.570323,172.283227,-9437.292334
889.753625,191.425808,76.570323,-9437.292334
889.754252,133.998066,172.283227,-9399.007173
889.754880,76.570323,114.855485,-9418.149754
889.755507,76.570323,114.855485,-9494.720077
889.756135,76.570323,210.568389,-9418.149754
889.756762,133.998066,114.855485,-9456.434915
889.757390,133.998066,114.855485,-9437.292334
889.758017,133.998066,114.855485,-9418.149754
889.758644,38.285162,172.283227,-9418.149754
889.759272,95.712904,172.283227,-9418.149754
889.759899,95.712904,114.855485,-9475.577496
889.760527,133.998066,172.283227,-9437.292334
889.761154,76.570323,114.855485,-9437.292334
889.761782,114.855485,114.855485,-9456.434915
889.762409,114.855485,95.712904,-9399.007173
889.763037,76.570323,114.855485,-9437.292334
889.763664,57.427742,133.998066,-9360.722011
889.764291,76.570323,114.855485,-9418.149754
889.764919,133.998066,114.855485,-9418.149754
889.765546,95.712904,114.855485,-9456.434915
889.766174,153.140646,133.998066,-9399.007173
889.766801,133.998066,153.140646,-9418.149754
889.767429,133.998066,114.855485,-9437.292334
889.768056,153.140646,172.283227,-9399.007173
889.768684,76.570323,114.855485,-9418.149754
889.769311,95.712904,114.855485,-9418.149754
889.769938,133.998066,210.568389,-9418.149754
889.770566,133.998066,210.568389,-9418.149754
889.771193,153.140646,229.710970,-9437.292334
889.771821,133.998066,172.283227,-9475.577496
889.772448,76.570323,114.855485,-9418.149754
889.773076,133.998066,114.855485,-9418.149754
889.773703,76.570323,210.568389,-9418.149754
889.774331,38.285162,114.855485,-9418.149754
889.774958,95.712904,114.855485,-9475.577496
889.775585,95.712904,95.712904,-9399.007173
889.776213,95.712904,114.855485,-9418.149754
889.776840,76.570323,114.855485,-9418.149754
889.777468,38.285162,114.855485,-9437.292334
889.778095,76.570323,114.855485,-9418.149754
889.778723,57.427742,153.140646,-9360.722011
889.779350,57.427742,172.283227,-9360.722011
889.779978,38.285162,114.855485,-9418.149754
889.780605,76.570323,95.712904,-9456.434915
889.781232,95.712904,114.855485,-9418.149754
889.781860,76.570323,172.283227,-9418.149754
889.782487,76.570323,172.283227,-9418.149754
889.783115,76.570323,114.855485,-9437.292334
889.783742,76.570323,114.855485,-9418.149754
889.784370,38.285162,172.283227,-9418.149754
889.784997,76.570323,114.855485,-9418.149754
889.785625,38.285162,114.855485,-9418.149754
889.786252,76.570323,210.568389,-9437.292334
889.786879,133.998066,114.855485,-9494.720077
889.787507,95.712904,172.283227,-9360.722011
889.788134,76.570323,210.568389,-9418.149754
889.788762,95.712904,95.712904,-9399.007173
889.789389,95.712904,95.712904,-9399.007173
889.790017,76.570323,114.855485,-9418.149754
889.790644,133.998066,114.855485,-9437.292334
889.791272,133.998066,114.855485,-9456.434915
889.791899,76.570323,153.140646,-9437.292334
889.792526,76.570323,153.140646,-9418.149754
889.793154,76.570323,153.140646,-9437.292334
889.793781,76.570323,114.855485,-9437.292334
889.794409,133.998066,114.855485,-9418.149754
889.795036,76.570323,114.855485,-9456.434915
889.795664,38.285162,114.855485,-9437.292334
889.796291,133.998066,153.140646,-9437.292334
889.796919,38.285162,114.855485,-9418.149754
889.797546,133.998066,114.855485,-9418.149754
889.798173,114.855485,95.712904,-9399.007173
889.798801,95.712904,114.855485,-9494.720077
889.799428,153.140646,133.998066,-9456.434915
889.800056,38.285162,114.855485,-9437.292334
889.800683,76.570323,153.140646,-9418.149754
889.801311,76.570323,153.140646,-9418.149754
889.801938,76.570323,114.855485,-9456.434915
889.802566,57.427742,95.712904,-9399.007173
889.803193,76.570323,95.712904,-9399.007173
889.803820,133.998066,210.568389,-9418.149754
889.804448,38.285162,153.140646,-9418.149754
889.805075,76.570323,114.855485,-9475.577496
889.805703,38.285162,114.855485,-9418.149754
889.806330,114.855485,95.712904,-9456.434915
889.806958,76.570323,95.712904,-9399.007173
889.807585,76.570323,172.283227,-9418.149754
889.808213,133.998066,114.855485,-9418.149754
889.808840,95.712904,153.140646,-9456.434915
889.809467,76.570323,210.568389,-9418.149754
889.810095,95.712904,172.283227,-9360.722011
889.810722,95.712904,114.855485,-9418.149754
889.811350,76.570323,114.855485,-9418.149754
889.811977,38.285162,114.855485,-9418.149754
889.812605,133.998066,172.283227,-9475.577496
889.813232,38.285162,172.283227,-9418.149754
889.813860,95.712904,114.855485,-9418.149754
889.814487,95.712904,133.998066,-9360.722011
889.815114,114.855485,133.998066,-9360.722011
889.815742,133.998066,133.998066,-9456.434915
889.816369,76.570323,191.425808,-9475.577496
889.816997,38.285162,114.855485,-9437.292334
889.817624,95.712904,114.855485,-9437.292334
889.818252,133.998066,172.283227,-9399.007173
889.818879,38.285162,114.855485,-9418.149754
889.819507,133.998066,114.855485,-9418.149754
889.820134,76.570323,172.283227,-9418.149754
889.820761,76.570323,172.283227,-9418.149754
889.821389,38.285162,114.855485,-9456.434915
889.822016,38.285162,114.855485,-9418.149754
889.822644,57.427742,133.998066,-9360.722011
889.823271,133.998066,172.283227,-9418.149754
889.823899,172.283227,114.855485,-9379.864592
889.824526,133.998066,172.283227,-9418.149754
889.825154,76.570323,114.855485,-9456.434915
889.825781,76.570323,114.855485,-9418.149754
889.826408,153.140646,153.140646,-9399.007173
889.827036,133.998066,153.140646,-9437.292334
889.827663,153.140646,133.998066,-9399.007173
889.828291,153.140646,133.998066,-9399.007173
889.828918,95.712904,133.998066,-9360.722011
889.829546,133.998066,114.855485,-9418.149754
889.830173,133.998066,114.855485,-9418.149754
889.830801,95.712904,95.712904,-9437.292334
889.831428,76.570323,114.855485,-9418.149754
889.832055,76.570323,114.855485,-9399.007173
889.832683,153.140646,153.140646,-9399.007173
889.833310,76.570323,114.855485,-9418.149754
889.833938,133.998066,153.140646,-9418.149754
889.834565,133.998066,114.855485,-9475.577496
889.835193,114.855485,153.140646,-9379.864592
889.835820,133.998066,153.140646,-9456.434915
889.836447,114.855485,133.998066,-9360.722011
889.837075,95.712904,114.855485,-9418.149754
889.837702,172.283227,76.570323,-9418.149754
889.838330,76.570323,133.998066,-9360.722011
889.838957,133.998066,114.855485,-9418.149754
889.839585,76.570323,114.855485,-9437.292334
889.840212,76.570323,153.140646,-9418.149754
889.840839,133.998066,153.140646,-9418.149754
889.841467,153.140646,153.140646,-9399.007173
889.842094,38.285162,114.855485,-9456.434915
889.842722,76.570323,114.855485,-9418.149754
889.843349,76.570323,114.855485,-9475.577496
889.843977,133.998066,153.140646,-9456.434915
889.844604,76.570323,114.855485,-9418.149754
889.845231,38.285162,114.855485,-9437.292334
889.845859,153.140646,133.998066,-9399.007173
889.846486,76.570323,114.855485,-9418.149754
889.847114,133.998066,133.998066,-9399.007173
889.847741,38.285162,76.570323,-9379.864592
889.848369,114.855485,133.998066,-9360.722011
889.848996,76.570323,153.140646,-9418.149754
889.849623,38.285162,172.283227,-9437.292334
889.850251,133.998066,114.855485,-9360.722011
889.850878,133.998066,114.855485,-9418.149754
889.851506,76.570323,210.568389,-9475.577496
889.852133,133.998066,114.855485,-9418.149754
889.852761,76.570323,153.140646,-9475.577496
889.853388,76.570323,95.712904,-9399.007173
889.854015,95.712904,114.855485,-9418.149754
889.854643,133.998066,114.855485,-9418.149754
889.855270,133.998066,172.283227,-9456.434915
889.855898,38.285162,153.140646,-9418.149754
889.856525,57.427742,133.998066,-9360.722011
889.857152,95.712904,114.855485,-9418.149754
889.857780,76.570323,114.855485,-9456.434915
889.858407,76.570323,114.855485,-9475.577496
889.859035,76.570323,114.855485,-9418.149754
889.859662,133.998066,153.140646,-9399.007173
889.860290,133.998066,153.140646,-9418.149754
889.860917,133.998066,210.568389,-9437.292334
889.861544,38.285162,114.855485,-9418.149754
889.862172,76.570323,153.140646,-9418.149754
889.862799,172.283227,153.140646,-9399.007173
889.863427,133.998066,210.568389,-9418.149754
889.864054,133.998066,153.140646,-9494.720077
889.864682,76.570323,114.855485,-9418.149754
889.865309,153.140646,210.568389,-9418.149754
889.865936,133.998066,210.568389,-9494.720077
889.866564,133.998066,114.855485,-9456.434915
889.867191,153.140646,153.140646,-9399.007173
889.867819,133.998066,153.140646,-9418.149754
889.868446,57.427742,172.283227,-9418.149754
889.869074,76.570323,114.855485,-9418.149754
889.869701,133.998066,114.855485,-9494.720077
889.870328,76.570323,153.140646,-9456.434915
889.870956,76.570323,210.568389,-9418.149754
889.871583,95.712904,95.712904,-9399.007173
889.872211,114.855485,133.998066,-9360.722011
889.872838,133.998066,172.283227,-9475.577496
889.873466,76.570323,172.283227,-9418.149754
889.874093,38.285162,153.140646,-9475.577496
889.874720,133.998066,172.283227,-9494.720077
889.875348,133.998066,114.855485,-9418.149754
889.875975,38.285162,114.855485,-9418.149754
889.876603,76.570323,114.855485,-9437.292334
889.877230,133.998066,114.855485,-9475.577496
889.877857,133.998066,114.855485,-9533.005238
889.878485,133.998066,172.283227,-9456.434915
889.879112,133.998066,210.568389,-9437.292334
889.879740,114.855485,95.712904,-9379.864592
889.880367,153.140646,114.855485,-9418.149754
889.880995,76.570323,114.855485,-9418.149754
889.881622,76.570323,114.855485,-9418.149754
889.882249,38.285162,114.855485,-9418.149754
889.882877,76.570323,114.855485,-9418.149754
889.883504,0.000000,133.998066,-9437.292334
889.884132,95.712904,114.855485,-9437.292334
889.884759,133.998066,172.283227,-9399.007173
889.885387,76.570323,172.283227,-9418.149754
889.886014,153.140646,153.140646,-9437.292334
889.886641,76.570323,114.855485,-9437.292334
889.887269,114.855485,95.712904,-9513.862658
889.887896,133.998066,114.855485,-9475.577496
889.888524,133.998066,172.283227,-9418.149754
889.889151,133.998066,114.855485,-9437.292334
889.889779,76.570323,153.140646,-9418.149754
889.890406,76.570323,114.855485,-9418.149754
889.891033,133.998066,114.855485,-9456.434915
889.891661,133.998066,172.283227,-9418.149754
889.892288,95.712904,210.568389,-9418.149754
889.892916,76.570323,172.283227,-9437.292334
889.893543,38.285162,153.140646,-9437.292334
889.894171,76.570323,114.855485,-9437.292334
889.894798,133.998066,114.855485,-9418.149754
889.895425,95.712904,210.568389,-9418.149754
889.896053,76.570323,172.283227,-9437.292334
889.896680,133.998066,153.140646,-9418.149754
889.897308,133.998066,114.855485,-9437.292334
889.897935,114.855485,95.712904,-9456.434915
889.898562,95.712904,114.855485,-9399.007173
889.899190,95.712904,172.283227,-9360.722011
889.899817,76.570323,153.140646,-9437.292334
889.900445,76.570323,114.855485,-9418.149754
889.901072,133.998066,114.855485,-9437.292334
889.901700,114.855485,95.712904,-9456.434915
889.902327,76.570323,114.855485,-9437.292334
889.902954,133.998066,229.710970,-9418.149754
889.903582,76.570323,114.855485,-9437.292334
889.904209,57.427742,114.855485,-9437.292334
889.904837,133.998066,114.855485,-9437.292334
889.905464,76.570323,114.855485,-9533.005238
889.906092,76.570323,114.855485,-9437.292334
889.906719,76.570323,153.140646,-9437.292334
889.907346,133.998066,172.283227,-9437.292334
889.907974,153.140646,172.283227,-9437.292334
889.908601,153.140646,210.568389,-9399.007173
889.909229,38.285162,114.855485,-9437.292334
889.909856,153.140646,133.998066,-9437.292334
889.910484,133.998066,210.568389,-9437.292334
889.911111,133.998066,210.568389,-9456.434915
889.911738,133.998066,114.855485,-9418.149754
889.912366,133.998066,95.712904,-9418.149754
889.912993,133.998066,114.855485,-9418.149754
889.913621,76.570323,153.140646,-9418.149754
889.914248,95.712904,153.140646,-9418.149754
889.914876,133.998066,114.855485,-9437.292334
889.915503,76.570323,172.283227,-9475.577496
889.916130,76.570323,172.283227,-9418.149754
889.916758,133.998066,172.283227,-9437.292334
889.917385,133.998066,153.140646,-9437.292334
889.918013,133.998066,153.140646,-9360.722011
889.918640,76.570323,114.855485,-9437.292334
889.919268,133.998066,153.140646,-9418.149754
889.919895,76.570323,172.283227,-9418.149754
889.920522,76.570323,114.855485,-9437.292334
889.921150,76.570323,153.140646,-9456.434915
889.921777,76.570323,114.855485,-9418.149754
889.922405,95.712904,114.855485,-9399.007173
889.923032,133.998066,191.425808,-9418.149754
889.923659,76.570323,172.283227,-9437.292334
889.924287,153.140646,133.998066,-9456.434915
889.924914,133.998066,114.855485,-9418.149754
889.925542,95.712904,172.283227,-9360.722011
889.926169,133.998066,153.140646,-9456.434915
889.926797,76.570323,114.855485,-9418.149754
889.927424,76.570323,114.855485,-9418.149754
889.928051,95.712904,229.710970,-9456.434915
889.928679,133.998066,114.855485,-9437.292334
889.929306,133.998066,133.998066,-9399.007173
889.929934,133.998066,153.140646,-9437.292334
889.930561,95.712904,114.855485,-9437.292334
889.931189,76.570323,114.855485,-9418.149754
889.931816,172.283227,172.283227,-9379.864592
889.932443,76.570323,210.568389,-9437.292334
889.933071,133.998066,114.855485,-9418.149754
889.933698,76.570323,172.283227,-9418.149754
889.934326,153.140646,133.998066,-9437.292334
889.934953,95.712904,133.998066,-9341.579430
889.935581,95.712904,114.855485,-9418.149754
889.936208,38.285162,114.855485,-9418.149754
889.936835,76.570323,114.855485,-9418.149754
889.937463,76.570323,114.855485,-9418.149754
889.938090,133.998066,153.140646,-9437.292334
889.938718,133.998066,114.855485,-9475.577496
889.939345,76.570323,114.855485,-9418.149754
889.939973,95.712904,172.283227,-9437.292334
889.940600,210.568389,133.998066,-9475.577496
889.941227,133.998066,114.855485,-9418.149754
889.941855,95.712904,95.712904,-9437.292334
889.942482,133.998066,114.855485,-9418.149754
889.943110,133.998066,114.855485,-9418.149754
889.943737,133.998066,153.140646,-9418.149754
889.944365,133.998066,114.855485,-9418.149754
889.944992,133.998066,191.425808,-9437.292334
889.945619,133.998066,114.855485,-9437.292334
889.946247,133.998066,114.855485,-9437.292334
889.946874,76.570323,153.140646,-9475.577496
889.947502,76.570323,114.855485,-9437.292334
889.948129,76.570323,153.140646,-9475.577496
889.948757,76.570323,172.283227,-9418.149754
889.949384,172.283227,76.570323,-9456.434915
889.950011,133.998066,153.140646,-9418.149754
889.950639,76.570323,114.855485,-9437.292334
889.951266,76.570323,114.855485,-9418.149754
889.951894,133.998066,153.140646,-9418.149754
889.952521,95.712904,210.568389,-9418.149754
889.953149,114.855485,95.712904,-9399.007173
889.953776,76.570323,114.855485,-9418.149754
889.954403,38.285162,153.140646,-9418.149754
889.955031,76.570323,114.855485,-9418.149754
889.955658,76.570323,114.855485,-9437.292334
889.956286,76.570323,172.283227,-9475.577496
889.956913,95.712904,229.710970,-9437.292334
889.957541,133.998066,133.998066,-9399.007173
889.958168,76.570323,210.568389,-9456.434915
889.958796,95.712904,210.568389,-9418.149754
889.959423,133.998066,153.140646,-9418.149754
889.960050,76.570323,114.855485,-9437.292334
889.960678,114.855485,95.712904,-9437.292334
889.961305,38.285162,114.855485,-9418.149754
889.961933,133.998066,210.568389,-9418.149754
889.962560,76.570323,114.855485,-9456.434915
889.963188,133.998066,114.855485,-9437.292334
889.963815,76.570323,172.283227,-9456.434915
889.964442,95.712904,133.998066,-9418.149754
889.965070,76.570323,114.855485,-9418.149754
889.965697,38.285162,172.283227,-9418.149754
889.966325,95.712904,210.568389,-9533.005238
889.966952,76.570323,153.140646,-9418.149754
889.967580,76.570323,114.855485,-9418.149754
889.968207,133.998066,114.855485,-9418.149754
889.968834,76.570323,172.283227,-9418.149754
889.969462,76.570323,172.283227,-9418.149754
889.970089,76.570323,114.855485,-9437.292334
889.970717,114.855485,172.283227,-9360.722011
889.971344,76.570323,210.568389,-9437.292334
889.971972,133.998066,172.283227,-9418.149754
889.972599,133.998066,191.425808,-9418.149754
889.973226,133.998066,114.855485,-9456.434915
889.973854,133.998066,153.140646,-9418.149754
889.974481,38.285162,114.855485,-9456.434915
889.975109,153.140646,191.425808,-9399.007173
889.975736,133.998066,114.855485,-9456.434915
889.976364,153.140646,133.998066,-9399.007173
889.976991,133.998066,114.855485,-9456.434915
889.977618,153.140646,133.998066,-9399.007173
889.978246,95.712904,95.712904,-9399.007173
889.978873,38.285162,210.568389,-9437.292334
889.979501,133.998066,114.855485,-9437.292334
889.980128,76.570323,114.855485,-9418.149754
889.980756,38.285162,114.855485,-9418.149754
889.981383,76.570323,114.855485,-9494.720077
889.982011,76.570323,114.855485,-9418.149754
889.982638,95.712904,114.855485,-9418.149754
889.983265,133.998066,114.855485,-9475.577496
889.983893,133.998066,114.855485,-9437.292334
889.984520,95.712904,95.712904,-9399.007173
889.985148,76.570323,114.855485,-9418.149754
889.985775,133.998066,229.710970,-9418.149754
889.986403,76.570323,114.855485,-9456.434915
889.987030,133.998066,153.140646,-9475.577496
889.987657,133.998066,114.855485,-9418.149754
889.988285,76.570323,114.855485,-9437.292334
889.988912,133.998066,153.140646,-9418.149754
889.989540,76.570323,172.283227,-9418.149754
889.990167,38.285162,114.855485,-9456.434915
889.990795,76.570323,95.712904,-9437.292334
889.991422,76.570323,114.855485,-9437.292334
889.992049,95.712904,114.855485,-9456.434915
889.992677,133.998066,172.283227,-9418.149754
889.993304,153.140646,76.570323,-9494.720077
889.993932,76.570323,114.855485,-9437.292334
889.994559,95.712904,172.283227,-9418.149754
889.995187,38.285162,114.855485,-9418.149754
889.995814,114.855485,133.998066,-9418.149754
889.996441,133.998066,133.998066,-9399.007173
889.997069,133.998066,114.855485,-9456.434915
889.997696,133.998066,210.568389,-9418.149754
889.998324,95.712904,172.283227,-9418.149754
889.998951,76.570323,114.855485,-9418.149754
889.999579,76.570323,114.855485,-9456.434915
890.000206,114.855485,114.855485,-9322.436850
890.000833,133.998066,114.855485,-9418.149754
890.001461,38.285162,114.855485,-9418.149754
890.002088,95.712904,114.855485,-9437.292334
890.002716,38.285162,114.855485,-9418.149754
890.003343,133.998066,210.568389,-9418.149754
890.003971,76.570323,210.568389,-9475.577496
890.004598,76.570323,114.855485,-9418.149754
890.005226,133.998066,172.283227,-9437.292334
890.005853,38.285162,153.140646,-9475.577496
890.006480,76.570323,114.855485,-9456.434915
890.007108,76.570323,133.998066,-9360.722011
890.007735,133.998066,114.855485,-9418.149754
890.008363,76.570323,114.855485,-9475.577496
890.008990,114.855485,76.570323,-9418.149754
890.009618,153.140646,133.998066,-9399.007173
890.010245,133.998066,114.855485,-9418.149754
890.010872,76.570323,114.855485,-9456.434915
890.011500,76.570323,114.855485,-9418.149754
890.012127,133.998066,133.998066,-9437.292334
890.012755,76.570323,210.568389,-9418.149754
890.013382,76.570323,153.140646,-9418.149754
890.014010,133.998066,133.998066,-9399.007173
890.014637,76.570323,191.425808,-9418.149754
890.015264,133.998066,114.855485,-9437.292334
890.015892,133.998066,153.140646,-9418.149754
890.016519,76.570323,114.855485,-9437.292334
890.017147,133.998066,133.998066,-9494.720077
890.017774,95.712904,114.855485,-9456.434915
890.018402,76.570323,114.855485,-9418.149754
890.019029,76.570323,172.283227,-9456.434915
890.019656,76.570323,153.140646,-9418.149754
890.020284,133.998066,114.855485,-9418.149754
890.020911,153.140646,153.140646,-9399.007173
890.021539,38.285162,153.140646,-9418.149754
890.022166,38.285162,114.855485,-9418.149754
890.022794,114.855485,95.712904,-9399.007173
890.023421,133.998066,114.855485,-9494.720077
890.024048,76.570323,114.855485,-9437.292334
890.024676,76.570323,114.855485,-9418.149754
890.025303,76.570323,153.140646,-9437.292334
890.025931,95.712904,191.425808,-9360.722011
890.026558,76.570323,114.855485,-9475.577496
890.027186,114.855485,114.855485,-9418.149754
890.027813,95.712904,114.855485,-9418.149754
890.028440,76.570323,114.855485,-9418.149754
890.029068,76.570323,114.855485,-9418.149754
890.029695,76.570323,114.855485,-9418.149754
890.030323,76.570323,153.140646,-9418.149754
890.030950,76.570323,114.855485,-9360.722011
890.031578,133.998066,172.283227,-9418.149754
890.032205,76.570323,153.140646,-9418.149754
890.032833,133.998066,114.855485,-9418.149754
890.033460,133.998066,191.425808,-9418.149754
890.034087,133.998066,153.140646,-9437.292334
890.034715,76.570323,114.855485,-9475.577496
890.035342,114.855485,95.712904,-9456.434915
890.035970,38.285162,114.855485,-9418.149754
890.036597,38.285162,114.855485,-9418.149754
890.037224,76.570323,114.855485,-9456.434915
890.037852,38.285162,153.140646,-9418.149754
890.038479,38.285162,191.425808,-9456.434915
890.039107,76.570323,114.855485,-9418.149754
890.039734,76.570323,172.283227,-9456.434915
890.040361,76.570323,210.568389,-9456.434915
890.040989,133.998066,172.283227,-9456.434915
890.041616,95.712904,114.855485,-9456.434915
890.042244,95.712904,114.855485,-9418.149754
890.042871,133.998066,210.568389,-9437.292334
890.043499,76.570323,153.140646,-9475.577496
890.044126,76.570323,153.140646,-9456.434915
890.044753,57.427742,114.855485,-9418.149754
890.045381,95.712904,76.570323,-9360.722011
890.046008,133.998066,114.855485,-9456.434915
890.046636,133.998066,172.283227,-9475.577496
890.047263,76.570323,114.855485,-9437.292334
890.047890,38.285162,114.855485,-9437.292334
890.048518,38.285162,114.855485,-9399.007173
890.049145,114.855485,133.998066,-9360.722011
890.049773,76.570323,153.140646,-9456.434915
890.050400,95.712904,229.710970,-9418.149754
890.051027,95.712904,133.998066,-9418.149754
890.051655,76.570323,114.855485,-9418.149754
890.052282,38.285162,114.855485,-9418.149754
890.052910,76.570323,114.855485,-9437.292334
890.053537,133.998066,114.855485,-9418.149754
890.054164,133.998066,114.855485,-9418.149754
890.054792,133.998066,153.140646,-9418.149754
890.055419,153.140646,133.998066,-9399.007173
890.056047,133.998066,114.855485,-9418.149754
890.056674,57.427742,114.855485,-9437.292334
890.057301,95.712904,153.140646,-9418.149754
890.057929,38.285162,114.855485,-9418.149754
890.058556,114.855485,95.712904,-9437.292334
890.059184,153.140646,133.998066,-9399.007173
890.059811,76.570323,114.855485,-9456.434915
890.060439,76.570323,114.855485,-9418.149754
890.061066,133.998066,172.283227,-9418.149754
890.061693,133.998066,172.283227,-9418.149754
890.062321,76.570323,153.140646,-9418.149754
890.062948,133.998066,114.855485,-9418.149754
890.063576,95.712904,133.998066,-9418.149754
890.064203,38.285162,153.140646,-9437.292334
890.064830,95.712904,114.855485,-9399.007173
890.065458,153.140646,172.283227,-9399.007173
890.066085,95.712904,95.712904,-9456.434915
890.066713,76.570323,153.140646,-9418.149754
890.067340,133.998066,114.855485,-9418.149754
890.067967,38.285162,114.855485,-9418.149754
890.068595,133.998066,114.855485,-9418.149754
890.069222,76.570323,114.855485,-9418.149754
890.069850,133.998066,114.855485,-9418.149754
890.070477,76.570323,114.855485,-9418.149754
890.071104,153.140646,133.998066,-9399.007173
890.071732,133.998066,191.425808,-9399.007173
890.072359,95.712904,172.283227,-9360.722011
890.072987,76.570323,114.855485,-9418.149754
890.073614,38.285162,114.855485,-9418.149754
890.074242,57.427742,114.855485,-9456.434915
890.074869,76.570323,153.140646,-9418.149754
890.075496,38.285162,172.283227,-9456.434915
890.076124,133.998066,114.855485,-9475.577496
890.076751,76.570323,153.140646,-9418.149754
890.077379,95.712904,114.855485,-9418.149754
890.078006,76.570323,114.855485,-9418.149754
890.078633,153.140646,133.998066,-9399.007173
890.079261,133.998066,153.140646,-9399.007173
890.079888,114.855485,133.998066,-9418.149754
890.080516,114.855485,133.998066,-9360.722011
890.081143,133.998066,114.855485,-9437.292334
890.081770,114.855485,95.712904,-9399.007173
890.082398,133.998066,114.855485,-9456.434915
890.083025,38.285162,114.855485,-9418.149754
890.083653,133.998066,172.283227,-9437.292334
890.084280,76.570323,114.855485,-9533.005238
890.084907,95.712904,95.712904,-9399.007173
890.085535,76.570323,95.712904,-9456.434915
890.086162,114.855485,95.712904,-9399.007173
890.086790,76.570323,153.140646,-9418.149754
890.087417,38.285162,210.568389,-9494.720077
890.088044,76.570323,153.140646,-9418.149754
890.088672,76.570323,153.140646,-9418.149754
890.089299,133.998066,210.568389,-9494.720077
890.089927,95.712904,114.855485,-9418.149754
890.090554,133.998066,133.998066,-9437.292334
890.091182,133.998066,172.283227,-9437.292334
890.091809,133.998066,153.140646,-9399.007173
890.092436,57.427742,95.712904,-9399.007173
890.093064,95.712904,114.855485,-9437.292334
890.093691,133.998066,114.855485,-9418.149754
890.094319,38.285162,191.425808,-9418.149754
890.094946,76.570323,114.855485,-9418.149754
890.095573,95.712904,172.283227,-9360.722011
890.096201,133.998066,114.855485,-9456.434915
890.096828,133.998066,114.855485,-9437.292334
890.097456,76.570323,114.855485,-9456.434915
890.098083,76.570323,114.855485,-9437.292334
890.098710,95.712904,210.568389,-9399.007173
890.099338,133.998066,153.140646,-9418.149754
890.099965,133.998066,133.998066,-9399.007173
890.100593,133.998066,172.283227,-9418.149754
890.101220,95.712904,133.998066,-9360.722011
890.101847,114.855485,191.425808,-9360.722011
890.102475,133.998066,172.283227,-9418.149754
890.103102,76.570323,210.568389,-9437.292334
890.103730,133.998066,172.283227,-9437.292334
890.104357,133.998066,153.140646,-9360.722011
890.104984,133.998066,153.140646,-9418.149754
890.105612,38.285162,172.283227,-9418.149754
890.106239,38.285162,114.855485,-9437.292334
890.106867,76.570323,172.283227,-9437.292334
890.107494,76.570323,229.710970,-9418.149754
890.108122,153.140646,133.998066,-9475.577496
890.108749,76.570323,114.855485,-9418.149754
890.109376,38.285162,172.283227,-9475.577496
890.110004,38.285162,172.283227,-9418.149754
890.110631,153.140646,172.283227,-9456.434915
890.111259,133.998066,114.855485,-9456.434915
890.111886,76.570323,114.855485,-9418.149754
890.112513,133.998066,153.140646,-9437.292334
890.113141,95.712904,114.855485,-9418.149754
890.113768,114.855485,114.855485,-9399.007173
890.114396,133.998066,114.855485,-9475.577496
890.115023,76.570323,114.855485,-9456.434915
890.115650,133.998066,114.855485,-9456.434915
890.116278,76.570323,172.283227,-9418.149754
890.116905,133.998066,114.855485,-9418.149754
890.117533,133.998066,114.855485,-9418.149754
890.118160,153.140646,133.998066,-9399.007173
890.118787,38.285162,114.855485,-9418.149754
890.119415,38.285162,114.855485,-9494.720077
890.120042,95.712904,172.283227,-9360.722011
890.120670,38.285162,114.855485,-9418.149754
890.121297,19.142581,114.855485,-9360.722011
890.121924,76.570323,153.140646,-9360.722011
890.122552,114.855485,153.140646,-9360.722011
890.123179,95.712904,153.140646,-9360.722011
890.123807,133.998066,153.140646,-9418.149754
890.124434,76.570323,114.855485,-9418.149754
890.125062,38.285162,210.568389,-9456.434915
890.125689,76.570323,133.998066,-9360.722011
890.126316,133.998066,172.283227,-9475.577496
890.126944,153.140646,133.998066,-9437.292334
890.127571,153.140646,172.283227,-9399.007173
890.128199,114.855485,153.140646,-9571.290400
890.128826,114.855485,95.712904,-9437.292334
890.129453,153.140646,133.998066,-9399.007173
890.130081,95.712904,114.855485,-9418.149754
890.130708,38.285162,114.855485,-9418.149754
890.131336,76.570323,114.855485,-9418.149754
890.131963,76.570323,114.855485,-9437.292334
890.132590,114.855485,95.712904,-9456.434915
890.133218,133.998066,172.283227,-9418.149754
890.133845,76.570323,114.855485,-9456.434915
890.134473,95.712904,114.855485,-9437.292334
890.135100,76.570323,172.283227,-9418.149754
890.135727,95.712904,114.855485,-9418.149754
890.136355,95.712904,172.283227,-9475.577496
890.136982,76.570323,229.710970,-9418.149754
890.137609,38.285162,153.140646,-9418.149754
890.138237,76.570323,172.283227,-9418.149754
890.138864,95.712904,95.712904,-9494.720077
890.139491,57.427742,153.140646,-9418.149754
890.140119,133.998066,114.855485,-9418.149754
890.140746,76.570323,114.855485,-9456.434915
890.141373,133.998066,133.998066,-9456.434915
890.142001,133.998066,191.425808,-9456.434915
890.142628,76.570323,114.855485,-9418.149754
890.143255,133.998066,191.425808,-9437.292334
890.143883,114.855485,153.140646,-9379.864592
890.144510,133.998066,153.140646,-9456.434915
890.145137,38.285162,114.855485,-9456.434915
890.145764,76.570323,114.855485,-9418.149754
890.146392,38.285162,172.283227,-9418.149754
890.147019,95.712904,191.425808,-9360.722011
890.147646,57.427742,172.283227,-9360.722011
890.148274,95.712904,114.855485,-9418.149754
890.148901,76.570323,114.855485,-9418.149754
890.149528,133.998066,114.855485,-9456.434915
890.150156,95.712904,153.140646,-9437.292334
890.150783,38.285162,114.855485,-9437.292334
890.151410,38.285162,114.855485,-9494.720077
890.152038,172.283227,76.570323,-9456.434915
890.152665,76.570323,114.855485,-9418.149754
890.153292,76.570323,114.855485,-9437.292334
890.153919,76.570323,114.855485,-9437.292334
890.154547,133.998066,172.283227,-9399.007173
890.155174,133.998066,114.855485,-9437.292334
890.155801,38.285162,114.855485,-9437.292334
890.156429,133.998066,114.855485,-9418.149754
890.157056,114.855485,133.998066,-9360.722011
890.157683,133.998066,114.855485,-9418.149754
890.158311,114.855485,95.712904,-9494.720077
890.158938,133.998066,114.855485,-9418.149754
890.159565,38.285162,114.855485,-9418.149754
890.160193,95.712904,95.712904,-9456.434915
890.160820,76.570323,114.855485,-9475.577496
890.161447,133.998066,153.140646,-9418.149754
890.162074,133.998066,114.855485,-9418.149754
890.162702,153.140646,133.998066,-9494.720077
890.163329,76.570323,114.855485,-9418.149754
890.163956,76.570323,114.855485,-9456.434915
890.164584,153.140646,133.998066,-9456.434915
890.165211,114.855485,133.998066,-9360.722011
890.165838,76.570323,114.855485,-9456.434915
890.166466,133.998066,172.283227,-9418.149754
890.167093,95.712904,114.855485,-9418.149754
890.167720,133.998066,153.140646,-9418.149754
890.168348,133.998066,114.855485,-9418.149754
890.168975,133.998066,114.855485,-9475.577496
890.169602,76.570323,114.855485,-9418.149754
890.170229,133.998066,153.140646,-9437.292334
890.170857,133.998066,114.855485,-9456.434915
890.171484,133.998066,114.855485,-9437.292334
890.172111,38.285162,114.855485,-9437.292334
890.172739,95.712904,95.712904,-9399.007173
890.173366,153.140646,172.283227,-9399.007173
890.173993,38.285162,153.140646,-9456.434915
890.174621,133.998066,114.855485,-9418.149754
890.175248,172.283227,114.855485,-9379.864592
890.175875,95.712904,172.283227,-9437.292334
890.176503,133.998066,172.283227,-9418.149754
890.177130,133.998066,114.855485,-9418.149754
890.177757,133.998066,114.855485,-9456.434915
890.178384,133.998066,114.855485,-9437.292334
890.179012,114.855485,95.712904,-9456.434915
890.179639,76.570323,172.283227,-9418.149754
890.180266,76.570323,114.855485,-9418.149754
890.180894,95.712904,95.712904,-9399.007173
890.181521,133.998066,191.425808,-9437.292334
890.182148,76.570323,114.855485,-9418.149754
890.182776,133.998066,210.568389,-9437.292334
890.183403,95.712904,172.283227,-9475.577496
890.184030,153.140646,133.998066,-9399.007173
890.184657,95.712904,133.998066,-9360.722011
890.185285,114.855485,95.712904,-9437.292334
890.185912,38.285162,114.855485,-9475.577496
890.186539,76.570323,172.283227,-9418.149754
890.187167,38.285162,210.568389,-9437.292334
890.187794,133.998066,114.855485,-9437.292334
890.188421,153.140646,133.998066,-9399.007173
890.189049,95.712904,133.998066,-9360.722011
890.189676,114.855485,95.712904,-9399.007173
890.190303,76.570323,153.140646,-9437.292334
890.190931,133.998066,153.140646,-9437.292334
890.191558,95.712904,114.855485,-9399.007173
890.192185,133.998066,153.140646,-9418.149754
890.192812,76.570323,153.140646,-9418.149754
890.193440,133.998066,114.855485,-9475.577496
890.194067,153.140646,133.998066,-9456.434915
890.194694,76.570323,210.568389,-9437.292334
890.195322,38.285162,191.425808,-9418.149754
890.195949,38.285162,114.855485,-9418.149754
890.196576,133.998066,114.855485,-9418.149754
890.197204,114.855485,95.712904,-9399.007173
890.197831,133.998066,153.140646,-9418.149754
890.198458,76.570323,153.140646,-9437.292334
890.199086,38.285162,172.283227,-9418.149754
890.199713,133.998066,114.855485,-9533.005238
890.200340,76.570323,172.283227,-9456.434915
890.200967,76.570323,153.140646,-9418.149754
890.201595,76.570323,114.855485,-9456.434915
890.202222,76.570323,114.855485,-9418.149754
890.202849,38.285162,114.855485,-9437.292334
890.203477,76.570323,114.855485,-9437.292334
890.204104,76.570323,172.283227,-9475.577496
890.204731,153.140646,172.283227,-9456.434915
890.205359,57.427742,95.712904,-9399.007173
890.205986,114.855485,95.712904,-9399.007173
890.206613,153.140646,191.425808,-9399.007173
890.207241,76.570323,114.855485,-9418.149754
890.207868,38.285162,114.855485,-9437.292334
890.208495,57.427742,95.712904,-9399.007173
890.209122,38.285162,114.855485,-9418.149754
890.209750,133.998066,114.855485,-9418.149754
890.210377,38.285162,172.283227,-9418.149754
890.211004,95.712904,114.855485,-9437.292334
890.211632,76.570323,114.855485,-9418.149754
890.212259,76.570323,114.855485,-9418.149754
890.212886,133.998066,114.855485,-9418.149754
890.213514,133.998066,114.855485,-9437.292334
890.214141,76.570323,210.568389,-9418.149754
890.214768,153.140646,172.283227,-9399.007173
890.215396,153.140646,153.140646,-9399.007173
890.216023,153.140646,114.855485,-9360.722011
890.216650,114.855485,95.712904,-9399.007173
890.217277,76.570323,114.855485,-9418.149754
890.217905,38.285162,114.855485,-9437.292334
890.218532,76.570323,114.855485,-9456.434915
890.219159,133.998066,114.855485,-9456.434915
890.219787,133.998066,114.855485,-9418.149754
890.220414,133.998066,114.855485,-9456.434915
890.221041,57.427742,210.568389,-9437.292334
890.221669,76.570323,153.140646,-9475.577496
890.222296,133.998066,133.998066,-9456.434915
890.222923,153.140646,133.998066,-9456.434915
890.223551,38.285162,95.712904,-9456.434915
890.224178,76.570323,210.568389,-9418.149754
890.224805,76.570323,210.568389,-9418.149754
890.225432,133.998066,172.283227,-9437.292334
890.226060,76.570323,95.712904,-9437.292334
890.226687,38.285162,114.855485,-9456.434915
890.227314,38.285162,114.855485,-9437.292334
890.227942,76.570323,172.283227,-9418.149754
890.228569,57.427742,153.140646,-9360.722011
890.229196,114.855485,133.998066,-9360.722011
890.229824,133.998066,153.140646,-9418.149754
890.230451,133.998066,114.855485,-9437.292334
890.231078,76.570323,229.710970,-9418.149754
890.231706,133.998066,172.283227,-9418.149754
890.232333,133.998066,114.855485,-9418.149754
890.232960,95.712904,95.712904,-9399.007173
890.233587,95.712904,172.283227,-9360.722011
890.234215,133.998066,114.855485,-9418.149754
890.234842,133.998066,114.855485,-9418.149754
890.235469,76.570323,114.855485,-9418.149754
890.236097,133.998066,153.140646,-9418.149754
890.236724,114.855485,133.998066,-9360.722011
890.237351,153.140646,133.998066,-9399.007173
890.237978,172.283227,172.283227,-9379.864592
890.238606,95.712904,191.425808,-9418.149754
890.239233,95.712904,153.140646,-9456.434915
890.239860,38.285162,114.855485,-9437.292334
890.240487,57.427742,95.712904,-9494.720077
890.241115,76.570323,153.140646,-9437.292334
890.241742,133.998066,172.283227,-9494.720077
890.242369,76.570323,114.855485,-9437.292334
890.242996,76.570323,133.998066,-9437.292334
890.243623,76.570323,114.855485,-9418.149754
890.244251,76.570323,114.855485,-9418.149754
890.244878,114.855485,95.712904,-9399.007173
890.245505,95.712904,153.140646,-9360.722011
890.246132,172.283227,76.570323,-9418.149754
890.246760,57.427742,114.855485,-9399.007173
890.247387,76.570323,172.283227,-9418.149754
890.248014,95.712904,133.998066,-9360.722011
890.248641,76.570323,172.283227,-9533.005238
890.249269,114.855485,95.712904,-9437.292334
890.249896,76.570323,95.712904,-9437.292334
890.250523,76.570323,114.855485,-9418.149754
890.251150,76.570323,114.855485,-9418.149754
890.251777,76.570323,210.568389,-9418.149754
890.252405,95.712904,133.998066,-9360.722011
890.253032,76.570323,114.855485,-9418.149754
890.253659,114.855485,95.712904,-9456.434915
890.254286,95.712904,114.855485,-9418.149754
890.254914,133.998066,153.140646,-9437.292334
890.255541,133.998066,153.140646,-9418.149754
890.256168,76.570323,153.140646,-9418.149754
890.256795,153.140646,133.998066,-9399.007173
890.257423,76.570323,114.855485,-9418.149754
890.258050,95.712904,114.855485,-9437.292334
890.258677,133.998066,114.855485,-9456.434915
890.259304,114.855485,95.712904,-9399.007173
890.259931,114.855485,133.998066,-9360.722011
890.260559,76.570323,133.998066,-9399.007173
890.261186,133.998066,114.855485,-9475.577496
890.261813,133.998066,172.283227,-9418.149754
890.262440,133.998066,153.140646,-9418.149754
890.263068,133.998066,153.140646,-9456.434915
890.263695,38.285162,114.855485,-9418.149754
890.264322,76.570323,191.425808,-9418.149754
890.264949,133.998066,172.283227,-9456.434915
890.265576,133.998066,210.568389,-9418.149754
890.266204,153.140646,153.140646,-9399.007173
890.266831,76.570323,153.140646,-9418.149754
890.267458,133.998066,153.140646,-9418.149754
890.268085,172.283227,114.855485,-9379.864592
890.268713,95.712904,172.283227,-9360.722011
890.269340,76.570323,153.140646,-9418.149754
890.269967,95.712904,133.998066,-9360.722011
890.270594,76.570323,172.283227,-9418.149754
890.271222,76.570323,114.855485,-9418.149754
890.271849,133.998066,114.855485,-9418.149754
890.272476,76.570323,114.855485,-9418.149754
890.273103,133.998066,153.140646,-9475.577496
890.273730,133.998066,210.568389,-9418.149754
890.274358,76.570323,114.855485,-9418.149754
890.274985,76.570323,210.568389,-9418.149754
890.275612,114.855485,114.855485,-9456.434915
890.276239,38.285162,153.140646,-9475.577496
890.276867,38.285162,210.568389,-9418.149754
890.277494,76.570323,114.855485,-9418.149754
890.278121,76.570323,114.855485,-9456.434915
890.278748,133.998066,114.855485,-9456.434915
890.279375,38.285162,114.855485,-9418.149754
890.280003,76.570323,172.283227,-9418.149754
890.280630,38.285162,114.855485,-9456.434915
890.281257,76.570323,114.855485,-9475.577496
890.281884,76.570323,172.283227,-9533.005238
890.282512,133.998066,210.568389,-9456.434915
890.283139,95.712904,172.283227,-9437.292334
890.283766,133.998066,172.283227,-9475.577496
890.284393,76.570323,114.855485,-9418.149754
890.285021,133.998066,114.855485,-9418.149754
890.285648,38.285162,114.855485,-9418.149754
890.286275,172.283227,172.283227,-9322.436850
890.286902,95.712904,114.855485,-9456.434915
890.287529,76.570323,153.140646,-9418.149754
890.288157,38.285162,114.855485,-9418.149754
890.288784,133.998066,114.855485,-9437.292334
890.289411,57.427742,153.140646,-9475.577496
890.290038,76.570323,153.140646,-9418.149754
890.290666,153.140646,133.998066,-9456.434915
890.291293,133.998066,153.140646,-9418.149754
890.291920,172.283227,114.855485,-9513.862658
890.292547,95.712904,210.568389,-9456.434915
890.293174,76.570323,153.140646,-9418.149754
890.293802,133.998066,133.998066,-9399.007173
890.294429,57.427742,95.712904,-9456.434915
890.295056,114.855485,95.712904,-9399.007173
890.295683,133.998066,114.855485,-9418.149754
890.296311,76.570323,114.855485,-9418.149754
890.296938,114.855485,95.712904,-9437.292334
890.297565,38.285162,153.140646,-9418.149754
890.298192,76.570323,172.283227,-9418.149754
890.298820,133.998066,114.855485,-9418.149754
890.299447,133.998066,153.140646,-9456.434915
890.300074,76.570323,114.855485,-9437.292334
890.300701,114.855485,95.712904,-9399.007173
890.301328,133.998066,114.855485,-9418.149754
890.301956,133.998066,172.283227,-9456.434915
890.302583,172.283227,76.570323,-9418.149754
890.303210,133.998066,133.998066,-9399.007173
890.303837,133.998066,153.140646,-9437.292334
890.304465,38.285162,114.855485,-9475.577496
890.305092,76.570323,114.855485,-9437.292334
890.305719,133.998066,114.855485,-9475.577496
890.306346,133.998066,172.283227,-9418.149754
890.306973,133.998066,153.140646,-9418.149754
890.307601,76.570323,114.855485,-9418.149754
890.308228,133.998066,114.855485,-9418.149754
890.308855,114.855485,95.712904,-9399.007173
890.309482,95.712904,95.712904,-9494.720077
890.310110,76.570323,210.568389,-9475.577496
890.310737,133.998066,114.855485,-9456.434915
890.311364,153.140646,114.855485,-9418.149754
890.311991,95.712904,95.712904,-9475.577496
890.312619,95.712904,95.712904,-9494.720077
890.313246,133.998066,191.425808,-9456.434915
890.313873,95.712904,172.283227,-9418.149754
890.314500,172.283227,114.855485,-9379.864592
890.315127,95.712904,114.855485,-9399.007173
890.315755,76.570323,172.283227,-9456.434915
890.316382,114.855485,95.712904,-9399.007173
890.317009,76.570323,114.855485,-9456.434915
890.317636,76.570323,133.998066,-9437.292334
890.318264,133.998066,114.855485,-9437.292334
890.318891,76.570323,172.283227,-9437.292334
890.319518,133.998066,210.568389,-9494.720077
890.320145,95.712904,172.283227,-9456.434915
890.320773,133.998066,172.283227,-9418.149754
890.321400,76.570323,153.140646,-9456.434915
890.322027,133.998066,153.140646,-9456.434915
890.322654,76.570323,153.140646,-9418.149754
890.323281,95.712904,95.712904,-9399.007173
890.323909,95.712904,133.998066,-9418.149754
890.324536,76.570323,153.140646,-9418.149754
890.325163,76.570323,153.140646,-9456.434915
890.325790,133.998066,114.855485,-9456.434915
890.326418,153.140646,133.998066,-9456.434915
890.327045,95.712904,95.712904,-9437.292334
890.327672,133.998066,153.140646,-9418.149754
890.328299,133.998066,153.140646,-9418.149754
890.328926,76.570323,95.712904,-9399.007173
890.329554,114.855485,114.855485,-9379.864592
890.330181,133.998066,114.855485,-9418.149754
890.330808,76.570323,114.855485,-9475.577496
890.331435,76.570323,114.855485,-9418.149754
890.332063,133.998066,114.855485,-9494.720077
890.332690,95.712904,114.855485,-9418.149754
890.333317,76.570323,210.568389,-9418.149754
890.333944,114.855485,229.710970,-9399.007173
890.334572,76.570323,153.140646,-9418.149754
890.335199,95.712904,95.712904,-9456.434915
890.335826,133.998066,114.855485,-9456.434915
890.336453,133.998066,172.283227,-9418.149754
890.337080,133.998066,114.855485,-9437.292334
890.337708,38.285162,114.855485,-9418.149754
890.338335,76.570323,114.855485,-9418.149754
890.338962,95.712904,191.425808,-9360.722011
890.339589,76.570323,172.283227,-9360.722011
890.340217,114.855485,95.712904,-9456.434915
890.340844,133.998066,210.568389,-9437.292334
890.341471,38.285162,114.855485,-9475.577496
890.342098,133.998066,133.998066,-9399.007173
890.342725,95.712904,114.855485,-9456.434915
890.343353,76.570323,114.855485,-9418.149754
890.343980,95.712904,133.998066,-9360.722011
890.344607,76.570323,114.855485,-9418.149754
890.345234,133.998066,210.568389,-9456.434915
890.345862,133.998066,114.855485,-9418.149754
890.346489,133.998066,114.855485,-9418.149754
890.347116,76.570323,172.283227,-9418.149754
890.347743,95.712904,114.855485,-9456.434915
890.348370,38.285162,210.568389,-9418.149754
890.348998,76.570323,114.855485,-9418.149754
890.349625,76.570323,114.855485,-9418.149754
890.350252,76.570323,114.855485,-9418.149754
890.350879,95.712904,76.570323,-9379.864592
890.351507,76.570323,153.140646,-9418.149754
890.352134,57.427742,114.855485,-9437.292334
890.352761,133.998066,153.140646,-9437.292334
890.353388,76.570323,114.855485,-9533.005238
890.354015,38.285162,172.283227,-9418.149754
890.354643,76.570323,114.855485,-9456.434915
890.355270,38.285162,210.568389,-9418.149754
890.355897,38.285162,114.855485,-9418.149754
890.356524,133.998066,114.855485,-9418.149754
890.357152,57.427742,114.855485,-9399.007173
890.357779,133.998066,172.283227,-9418.149754
890.358406,153.140646,153.140646,-9379.864592
890.359033,133.998066,76.570323,-9379.864592
890.359661,76.570323,114.855485,-9437.292334
890.360288,95.712904,95.712904,-9475.577496
890.360915,133.998066,153.140646,-9456.434915
890.361542,133.998066,153.140646,-9418.149754
890.362169,38.285162,114.855485,-9475.577496
890.362797,76.570323,114.855485,-9456.434915
890.363424,133.998066,114.855485,-9437.292334
890.364051,133.998066,153.140646,-9475.577496
890.364678,76.570323,114.855485,-9418.149754
890.365306,95.712904,172.283227,-9399.007173
890.365933,133.998066,210.568389,-9418.149754
890.366560,133.998066,153.140646,-9418.149754
890.367187,133.998066,172.283227,-9418.149754
890.367814,172.283227,172.283227,-9399.007173
890.368442,76.570323,210.568389,-9437.292334
890.369069,38.285162,114.855485,-9437.292334
890.369696,76.570323,114.855485,-9456.434915
890.370323,76.570323,153.140646,-9456.434915
890.370951,76.570323,153.140646,-9418.149754
890.371578,76.570323,172.283227,-9418.149754
890.372205,38.285162,114.855485,-9475.577496
890.372832,133.998066,114.855485,-9456.434915
890.373459,133.998066,114.855485,-9418.149754
890.374087,76.570323,114.855485,-9456.434915
890.374714,114.855485,133.998066,-9360.722011
890.375341,76.570323,114.855485,-9418.149754
890.375968,95.712904,153.140646,-9475.577496
890.376596,76.570323,172.283227,-9418.149754
890.377223,38.285162,229.710970,-9437.292334
890.377850,76.570323,114.855485,-9475.577496
890.378477,114.855485,248.853550,-9360.722011
890.379104,133.998066,191.425808,-9399.007173
890.379732,38.285162,172.283227,-9418.149754
890.380359,95.712904,95.712904,-9456.434915
890.380986,38.285162,191.425808,-9456.434915
890.381613,38.285162,114.855485,-9418.149754
890.382241,76.570323,210.568389,-9456.434915
890.382868,133.998066,172.283227,-9456.434915
890.383495,114.855485,76.570323,-9437.292334
890.384122,76.570323,153.140646,-9456.434915
890.384750,95.712904,114.855485,-9399.007173
890.385377,76.570323,153.140646,-9475.577496
890.386004,38.285162,153.140646,-9475.577496
890.386631,133.998066,172.283227,-9437.292334
890.387258,133.998066,172.283227,-9456.434915
890.387886,133.998066,114.855485,-9494.720077
890.388513,76.570323,210.568389,-9418.149754
890.389140,133.998066,114.855485,-9418.149754
890.389767,133.998066,114.855485,-9456.434915
890.390395,76.570323,114.855485,-9437.292334
890.391022,76.570323,114.855485,-9437.292334
890.391649,76.570323,191.425808,-9418.149754
890.392276,76.570323,114.855485,-9418.149754
890.392903,133.998066,191.425808,-9475.577496
890.393531,76.570323,210.568389,-9418.149754
890.394158,114.855485,210.568389,-9360.722011
890.394785,133.998066,114.855485,-9437.292334
890.395412,76.570323,114.855485,-9437.292334
890.396040,133.998066,114.855485,-9456.434915
890.396667,114.855485,114.855485,-9456.434915
890.397294,76.570323,114.855485,-9456.434915
890.397921,133.998066,114.855485,-9456.434915
890.398548,172.283227,133.998066,-9418.149754
890.399176,133.998066,114.855485,-9475.577496
890.399803,95.712904,114.855485,-9399.007173
890.400430,172.283227,229.710970,-9456.434915
890.401057,76.570323,114.855485,-9437.292334
890.401685,76.570323,172.283227,-9418.149754
890.402312,76.570323,114.855485,-9475.577496
890.402939,76.570323,172.283227,-9494.720077
890.403566,38.285162,210.568389,-9418.149754
890.404193,38.285162,114.855485,-9437.292334
890.404821,0.000000,95.712904,-9456.434915
890.405448,95.712904,114.855485,-9456.434915
890.406075,76.570323,153.140646,-9437.292334
890.406702,133.998066,114.855485,-9418.149754
890.407330,133.998066,153.140646,-9418.149754
890.407957,95.712904,114.855485,-9437.292334
890.408584,38.285162,153.140646,-9418.149754
890.409211,76.570323,114.855485,-9418.149754
890.409838,76.570323,114.855485,-9418.149754
890.410466,133.998066,172.283227,-9456.434915
890.411093,133.998066,114.855485,-9418.149754
890.411720,76.570323,210.568389,-9418.149754
890.412347,57.427742,114.855485,-9418.149754
890.412975,133.998066,172.283227,-9418.149754
890.413602,95.712904,95.712904,-9456.434915
890.414229,38.285162,114.855485,-9418.149754
890.414856,95.712904,133.998066,-9360.722011
890.415484,38.285162,210.568389,-9418.149754
890.416111,133.998066,114.855485,-9437.292334
890.416738,133.998066,114.855485,-9418.149754
890.417365,133.998066,191.425808,-9418.149754
890.417992,133.998066,172.283227,-9494.720077
890.418620,19.142581,114.855485,-9418.149754
890.419247,114.855485,114.855485,-9399.007173
890.419874,153.140646,133.998066,-9456.434915
890.420501,95.712904,153.140646,-9418.149754
890.421129,38.285162,191.425808,-9418.149754
890.421756,114.855485,133.998066,-9418.149754
890.422383,76.570323,114.855485,-9418.149754
890.423010,38.285162,114.855485,-9437.292334
890.423637,76.570323,114.855485,-9437.292334
890.424265,76.570323,114.855485,-9456.434915
890.424892,0.000000,133.998066,-9418.149754
890.425519,133.998066,114.855485,-9418.149754
890.426146,114.855485,95.712904,-9475.577496
890.426774,38.285162,191.425808,-9418.149754
890.427401,38.285162,114.855485,-9456.434915
890.428028,95.712904,172.283227,-9475.577496
890.428655,133.998066,133.998066,-9437.292334
890.429282,76.570323,114.855485,-9418.149754
890.429910,76.570323,133.998066,-9418.149754
890.430537,133.998066,114.855485,-9418.149754
890.431164,76.570323,114.855485,-9456.434915
890.431791,76.570323,172.283227,-9456.434915
890.432419,133.998066,172.283227,-9456.434915
890.433046,133.998066,153.140646,-9418.149754
890.433673,114.855485,57.427742,-9418.149754
890.434300,95.712904,95.712904,-9399.007173
890.434927,133.998066,172.283227,-9418.149754
890.435555,133.998066,153.140646,-9418.149754
890.436182,114.855485,133.998066,-9360.722011
890.436809,114.855485,95.712904,-9399.007173
890.437436,133.998066,114.855485,-9437.292334
890.438064,133.998066,114.855485,-9418.149754
890.438691,76.570323,153.140646,-9418.149754
890.439318,76.570323,114.855485,-9418.149754
890.439945,76.570323,114.855485,-9437.292334
890.440573,95.712904,114.855485,-9456.434915
890.441200,95.712904,133.998066,-9418.149754
890.441827,133.998066,153.140646,-9360.722011
890.442454,133.998066,172.283227,-9418.149754
890.443081,133.998066,114.855485,-9418.149754
890.443709,133.998066,172.283227,-9475.577496
890.444336,114.855485,191.425808,-9360.722011
890.444963,76.570323,153.140646,-9494.720077
890.445590,76.570323,114.855485,-9418.149754
890.446218,38.285162,172.283227,-9456.434915
890.446845,76.570323,229.710970,-9475.577496
890.447472,76.570323,172.283227,-9456.434915
890.448099,133.998066,172.283227,-9437.292334
890.448727,76.570323,172.283227,-9475.577496
890.449354,38.285162,210.568389,-9418.149754
890.449981,153.140646,133.998066,-9399.007173
890.450608,172.283227,76.570323,-9456.434915
890.451235,133.998066,114.855485,-9437.292334
890.451863,153.140646,133.998066,-9513.862658
890.452490,76.570323,114.855485,-9418.149754
890.453117,133.998066,172.283227,-9494.720077
890.453744,133.998066,114.855485,-9418.149754
890.454372,95.712904,172.283227,-9456.434915
890.454999,114.855485,172.283227,-9360.722011
890.455626,133.998066,172.283227,-9418.149754
890.456253,95.712904,172.283227,-9360.722011
890.456881,95.712904,153.140646,-9437.292334
890.457508,153.140646,133.998066,-9456.434915
890.458135,133.998066,153.140646,-9437.292334
890.458762,133.998066,153.140646,-9475.577496
890.459389,133.998066,114.855485,-9418.149754
890.460017,114.855485,153.140646,-9360.722011
890.460644,76.570323,114.855485,-9437.292334
890.461271,57.427742,114.855485,-9456.434915
890.461898,76.570323,172.283227,-9418.149754
890.462526,76.570323,114.855485,-9437.292334
890.463153,76.570323,114.855485,-9437.292334
890.463780,133.998066,114.855485,-9418.149754
890.464407,114.855485,95.712904,-9494.720077
890.465035,76.570323,172.283227,-9418.149754
890.465662,114.855485,95.712904,-9437.292334
890.466289,133.998066,153.140646,-9418.149754
890.466916,153.140646,133.998066,-9437.292334
890.467543,153.140646,153.140646,-9456.434915
890.468171,133.998066,210.568389,-9418.149754
890.468798,133.998066,153.140646,-9418.149754
890.469425,38.285162,114.855485,-9456.434915
890.470052,76.570323,153.140646,-9418.149754
890.470680,38.285162,114.855485,-9418.149754
890.471307,95.712904,153.140646,-9456.434915
890.471934,38.285162,172.283227,-9418.149754
890.472561,133.998066,153.140646,-9418.149754
890.473189,76.570323,114.855485,-9418.149754
890.473816,38.285162,172.283227,-9437.292334
890.474443,95.712904,172.283227,-9418.149754
890.475070,133.998066,172.283227,-9456.434915
890.475697,76.570323,210.568389,-9418.149754
890.476325,95.712904,133.998066,-9360.722011
890.476952,76.570323,114.855485,-9418.149754
890.477579,133.998066,114.855485,-9418.149754
890.478206,76.570323,114.855485,-9418.149754
890.478834,133.998066,114.855485,-9475.577496
890.479461,0.000000,95.712904,-9494.720077
890.480088,95.712904,114.855485,-9418.149754
890.480715,133.998066,114.855485,-9437.292334
890.481343,114.855485,95.712904,-9437.292334
890.481970,76.570323,114.855485,-9437.292334
890.482597,133.998066,114.855485,-9456.434915
890.483224,133.998066,114.855485,-9494.720077
890.483851,114.855485,95.712904,-9399.007173
890.484479,133.998066,210.568389,-9418.149754
890.485106,133.998066,133.998066,-9437.292334
890.485733,133.998066,153.140646,-9418.149754
890.486360,95.712904,153.140646,-9418.149754
890.486988,172.283227,114.855485,-9379.864592
890.487615,133.998066,114.855485,-9418.149754
890.488242,76.570323,114.855485,-9456.434915
890.488869,76.570323,114.855485,-9418.149754
890.489497,76.570323,114.855485,-9418.149754
890.490124,76.570323,76.570323,-9379.864592
890.490751,76.570323,114.855485,-9418.149754
890.491378,38.285162,114.855485,-9418.149754
890.492005,76.570323,153.140646,-9418.149754
890.492633,95.712904,133.998066,-9360.722011
890.493260,76.570323,114.855485,-9437.292334
890.493887,38.285162,133.998066,-9418.149754
890.494514,133.998066,114.855485,-9418.149754
890.495142,133.998066,114.855485,-9418.149754
890.495769,57.427742,95.712904,-9513.862658
890.496396,57.427742,95.712904,-9456.434915
890.497023,38.285162,153.140646,-9494.720077
890.497651,76.570323,114.855485,-9418.149754
890.498278,133.998066,153.140646,-9456.434915
890.498905,76.570323,114.855485,-9456.434915
890.499532,76.570323,114.855485,-9437.292334
890.500159,76.570323,114.855485,-9456.434915
890.500787,114.855485,95.712904,-9399.007173
890.501414,133.998066,114.855485,-9418.149754
890.502041,76.570323,95.712904,-9399.007173
890.502668,95.712904,133.998066,-9418.149754
890.503296,38.285162,114.855485,-9418.149754
890.503923,133.998066,172.283227,-9475.577496
890.504550,133.998066,114.855485,-9437.292334
890.505177,172.283227,133.998066,-9418.149754
890.505805,95.712904,95.712904,-9399.007173
890.506432,57.427742,133.998066,-9475.577496
890.507059,76.570323,114.855485,-9456.434915
890.507686,76.570323,153.140646,-9437.292334
890.508313,114.855485,95.712904,-9399.007173
890.508941,133.998066,172.283227,-9418.149754
890.509568,133.998066,210.568389,-9456.434915
890.510195,76.570323,153.140646,-9456.434915
890.510822,38.285162,153.140646,-9418.149754
890.511450,76.570323,114.855485,-9418.149754
890.512077,95.712904,114.855485,-9475.577496
890.512704,133.998066,114.855485,-9418.149754
890.513331,210.568389,133.998066,-9437.292334
890.513959,153.140646,133.998066,-9399.007173
890.514586,76.570323,114.855485,-9437.292334
890.515213,114.855485,95.712904,-9456.434915
890.515840,76.570323,172.283227,-9437.292334
890.516467,76.570323,114.855485,-9418.149754
890.517095,38.285162,114.855485,-9418.149754
890.517722,76.570323,114.855485,-9494.720077
890.518349,133.998066,114.855485,-9418.149754
890.518976,133.998066,172.283227,-9437.292334
890.519604,133.998066,172.283227,-9399.007173
890.520231,133.998066,114.855485,-9418.149754
890.520858,153.140646,172.283227,-9399.007173
890.521485,133.998066,114.855485,-9437.292334
890.522113,76.570323,229.710970,-9418.149754
890.522740,38.285162,114.855485,-9418.149754
890.523367,133.998066,114.855485,-9418.149754
890.523994,133.998066,114.855485,-9418.149754
890.524621,133.998066,114.855485,-9418.149754
890.525249,38.285162,114.855485,-9437.292334
890.525876,38.285162,114.855485,-9456.434915
890.526503,95.712904,114.855485,-9399.007173
890.527130,76.570323,114.855485,-9533.005238
890.527758,133.998066,114.855485,-9456.434915
890.528385,38.285162,114.855485,-9418.149754
890.529012,38.285162,114.855485,-9418.149754
890.529639,114.855485,95.712904,-9399.007173
890.530267,172.283227,76.570323,-9418.149754
890.530894,95.712904,95.712904,-9456.434915
890.531521,95.712904,210.568389,-9418.149754
890.532148,153.140646,133.998066,-9437.292334
890.532775,133.998066,114.855485,-9437.292334
890.533403,133.998066,114.855485,-9475.577496
890.534030,133.998066,114.855485,-9418.149754
890.534657,133.998066,172.283227,-9418.149754
890.535284,57.427742,133.998066,-9360.722011
890.535912,95.712904,153.140646,-9494.720077
890.536539,133.998066,191.425808,-9418.149754
890.537166,76.570323,114.855485,-9418.149754
890.537793,133.998066,114.855485,-9475.577496
890.538420,114.855485,172.283227,-9418.149754
890.539048,133.998066,153.140646,-9418.149754
890.539675,172.283227,76.570323,-9418.149754
890.540302,133.998066,114.855485,-9437.292334
890.540929,38.285162,114.855485,-9533.005238
890.541557,38.285162,153.140646,-9418.149754
890.542184,153.140646,95.712904,-9360.722011
890.542811,76.570323,114.855485,-9418.149754
890.543438,133.998066,114.855485,-9418.149754
890.544065,76.570323,114.855485,-9494.720077
890.544693,95.712904,114.855485,-9456.434915
890.545320,38.285162,172.283227,-9456.434915
890.545947,76.570323,114.855485,-9437.292334
890.546574,76.570323,114.855485,-9418.149754
890.547201,76.570323,210.568389,-9456.434915
890.547829,76.570323,114.855485,-9418.149754
890.548456,133.998066,76.570323,-9379.864592
890.549083,38.285162,114.855485,-9418.149754
890.549710,76.570323,114.855485,-9418.149754
890.550337,38.285162,153.140646,-9418.149754
890.550965,133.998066,114.855485,-9418.149754
890.551592,95.712904,114.855485,-9437.292334
890.552219,133.998066,172.283227,-9437.292334
890.552846,76.570323,114.855485,-9494.720077
890.553473,153.140646,153.140646,-9456.434915
890.554101,76.570323,114.855485,-9418.149754
890.554728,114.855485,95.712904,-9456.434915
890.555355,114.855485,95.712904,-9437.292334
890.555982,38.285162,114.855485,-9437.292334
890.556609,76.570323,114.855485,-9418.149754
890.557237,114.855485,114.855485,-9475.577496
890.557864,57.427742,114.855485,-9418.149754
890.558491,38.285162,114.855485,-9456.434915
890.559118,133.998066,153.140646,-9418.149754
890.559746,153.140646,133.998066,-9456.434915
890.560373,133.998066,114.855485,-9475.577496
890.561000,76.570323,172.283227,-9456.434915
890.561627,76.570323,229.710970,-9418.149754
890.562254,153.140646,133.998066,-9456.434915
890.562882,133.998066,153.140646,-9437.292334
890.563509,76.570323,172.283227,-9456.434915
890.564136,76.570323,114.855485,-9418.149754
890.564763,76.570323,153.140646,-9437.292334
890.565390,133.998066,172.283227,-9437.292334
890.566018,133.998066,210.568389,-9456.434915
890.566645,76.570323,210.568389,-9418.149754
890.567272,76.570323,114.855485,-9475.577496
890.567899,38.285162,172.283227,-9437.292334
890.568526,133.998066,153.140646,-9456.434915
890.569154,76.570323,114.855485,-9456.434915
890.569781,38.285162,114.855485,-9418.149754
890.570408,76.570323,114.855485,-9456.434915
890.571035,133.998066,153.140646,-9437.292334
890.571662,76.570323,153.140646,-9533.005238
890.572290,133.998066,210.568389,-9437.292334
890.572917,76.570323,114.855485,-9418.149754
890.573544,133.998066,133.998066,-9399.007173
890.574171,133.998066,114.855485,-9418.149754
890.574798,133.998066,114.855485,-9418.149754
890.575426,76.570323,114.855485,-9418.149754
890.576053,133.998066,210.568389,-9494.720077
890.576680,76.570323,153.140646,-9418.149754
890.577307,133.998066,114.855485,-9437.292334
890.577935,76.570323,114.855485,-9533.005238
890.578562,210.568389,133.998066,-9399.007173
890.579189,133.998066,114.855485,-9418.149754
890.579816,153.140646,133.998066,-9456.434915
890.580443,76.570323,114.855485,-9418.149754
890.581071,76.570323,210.568389,-9475.577496
890.581698,38.285162,172.283227,-9456.434915
890.582325,133.998066,114.855485,-9418.149754
890.582952,76.570323,114.855485,-9418.149754
890.583579,95.712904,95.712904,-9399.007173
890.584207,133.998066,191.425808,-9418.149754
890.584834,133.998066,172.283227,-9456.434915
890.585461,133.998066,153.140646,-9418.149754
890.586088,133.998066,114.855485,-9437.292334
890.586715,133.998066,114.855485,-9418.149754
890.587343,114.855485,95.712904,-9437.292334
890.587970,133.998066,172.283227,-9418.149754
890.588597,76.570323,114.855485,-9418.149754
890.589224,95.712904,153.140646,-9418.149754
890.589851,133.998066,114.855485,-9418.149754
890.590479,153.140646,114.855485,-9399.007173
890.591106,95.712904,95.712904,-9399.007173
890.591733,133.998066,114.855485,-9437.292334
890.592360,133.998066,153.140646,-9437.292334
890.592987,133.998066,114.855485,-9418.149754
890.593615,114.855485,133.998066,-9418.149754
890.594242,76.570323,153.140646,-9418.149754
890.594869,76.570323,114.855485,-9437.292334
890.595496,76.570323,153.140646,-9475.577496
890.596124,76.570323,210.568389,-9456.434915
890.596751,153.140646,153.140646,-9418.149754
890.597378,133.998066,114.855485,-9437.292334
890.598005,133.998066,172.283227,-9418.149754
890.598632,95.712904,114.855485,-9418.149754
890.599260,133.998066,172.283227,-9418.149754
890.599887,76.570323,114.855485,-9418.149754
890.600514,133.998066,114.855485,-9418.149754
890.601141,76.570323,114.855485,-9418.149754
890.601768,57.427742,95.712904,-9437.292334
890.602396,133.998066,114.855485,-9418.149754
890.603023,133.998066,153.140646,-9533.005238
890.603650,76.570323,172.283227,-9456.434915
890.604277,76.570323,172.283227,-9437.292334
890.604904,95.712904,95.712904,-9399.007173
890.605532,95.712904,114.855485,-9418.149754
890.606159,76.570323,153.140646,-9418.149754
890.606786,95.712904,133.998066,-9418.149754
890.607413,172.283227,76.570323,-9494.720077
890.608040,76.570323,172.283227,-9437.292334
890.608668,133.998066,114.855485,-9418.149754
890.609295,133.998066,172.283227,-9418.149754
890.609922,114.855485,172.283227,-9360.722011
890.610549,133.998066,172.283227,-9437.292334
890.611176,38.285162,114.855485,-9456.434915
890.611804,76.570323,114.855485,-9418.149754
890.612431,95.712904,133.998066,-9360.722011
890.613058,76.570323,191.425808,-9418.149754
890.613685,95.712904,114.855485,-9399.007173
890.614313,76.570323,114.855485,-9437.292334
890.614940,76.570323,153.140646,-9418.149754
890.615567,133.998066,114.855485,-9437.292334
890.616194,153.140646,133.998066,-9399.007173
890.616821,133.998066,114.855485,-9418.149754
890.617449,38.285162,114.855485,-9437.292334
890.618076,76.570323,153.140646,-9437.292334
890.618703,153.140646,133.998066,-9399.007173
890.619330,76.570323,114.855485,-9418.149754
890.619957,133.998066,114.855485,-9437.292334
890.620585,114.855485,114.855485,-9399.007173
890.621212,57.427742,153.140646,-9360.722011
890.621839,133.998066,191.425808,-9475.577496
890.622466,133.998066,191.425808,-9418.149754
890.623093,114.855485,95.712904,-9494.720077
890.623721,133.998066,172.283227,-9418.149754
890.624348,114.855485,133.998066,-9360.722011
890.624975,76.570323,114.855485,-9418.149754
890.625602,133.998066,153.140646,-9418.149754
890.626229,76.570323,114.855485,-9418.149754
890.626857,38.285162,210.568389,-9437.292334
890.627484,133.998066,191.425808,-9456.434915
890.628111,95.712904,114.855485,-9418.149754
890.628738,38.285162,172.283227,-9437.292334
890.629365,76.570323,95.712904,-9437.292334
890.629993,76.570323,114.855485,-9418.149754
890.630620,133.998066,172.283227,-9418.149754
890.631247,133.998066,210.568389,-9456.434915
890.631874,114.855485,133.998066,-9360.722011
890.632502,76.570323,172.283227,-9456.434915
890.633129,76.570323,172.283227,-9418.149754
890.633756,95.712904,114.855485,-9437.292334
890.634383,133.998066,114.855485,-9418.149754
890.635010,76.570323,114.855485,-9475.577496
890.635638,57.427742,133.998066,-9360.722011
890.636265,76.570323,114.855485,-9418.149754
890.636892,210.568389,133.998066,-9456.434915
890.637519,153.140646,153.140646,-9475.577496
890.638146,133.998066,172.283227,-9533.005238
890.638774,133.998066,153.140646,-9456.434915
890.639401,76.570323,114.855485,-9475.577496
890.640028,38.285162,114.855485,-9475.577496
890.640656,153.140646,191.425808,-9399.007173
890.641283,76.570323,153.140646,-9437.292334
890.641910,76.570323,172.283227,-9437.292334
890.642537,133.998066,133.998066,-9437.292334
890.643165,76.570323,114.855485,-9475.577496
890.643792,95.712904,114.855485,-9437.292334
890.644419,114.855485,114.855485,-9437.292334
890.645047,76.570323,114.855485,-9456.434915
890.645674,133.998066,153.140646,-9418.149754
890.646301,133.998066,133.998066,-9494.720077
890.646928,76.570323,114.855485,-9418.149754
890.647556,38.285162,114.855485,-9475.577496
890.648183,153.140646,133.998066,-9399.007173
890.648810,95.712904,95.712904,-9437.292334
890.649438,57.427742,114.855485,-9418.149754
890.650065,133.998066,114.855485,-9418.149754
890.650692,133.998066,114.855485,-9456.434915
890.651319,76.570323,114.855485,-9456.434915
890.651947,38.285162,114.855485,-9437.292334
890.652574,38.285162,153.140646,-9437.292334
890.653201,38.285162,114.855485,-9475.577496
890.653829,133.998066,114.855485,-9437.292334
890.654456,57.427742,210.568389,-9399.007173
890.655083,38.285162,172.283227,-9437.292334
890.655710,133.998066,191.425808,-9418.149754
890.656338,153.140646,133.998066,-9437.292334
890.656965,153.140646,153.140646,-9494.720077
890.657592,133.998066,172.283227,-9418.149754
890.658220,133.998066,114.855485,-9456.434915
890.658847,133.998066,191.425808,-9437.292334
890.659474,95.712904,114.855485,-9437.292334
890.660101,133.998066,153.140646,-9399.007173
890.660729,153.140646,133.998066,-9399.007173
890.661356,133.998066,172.283227,-9418.149754
890.661983,133.998066,153.140646,-9475.577496
890.662611,76.570323,172.283227,-9533.005238
890.663238,133.998066,172.283227,-9418.149754
890.663865,133.998066,114.855485,-9533.005238
890.664492,76.570323,114.855485,-9418.149754
890.665120,153.140646,172.283227,-9437.292334
890.665747,133.998066,133.998066,-9399.007173
890.666374,76.570323,153.140646,-9418.149754
890.667002,38.285162,114.855485,-9437.292334
890.667629,133.998066,133.998066,-9456.434915
890.668256,76.570323,114.855485,-9418.149754
890.668883,133.998066,114.855485,-9418.149754
890.669511,76.570323,114.855485,-9418.149754
890.670138,76.570323,210.568389,-9418.149754
890.670765,76.570323,114.855485,-9418.149754
890.671392,76.570323,153.140646,-9456.434915
890.672020,133.998066,114.855485,-9418.149754
890.672647,133.998066,114.855485,-9418.149754
890.673274,76.570323,172.283227,-9437.292334
890.673902,38.285162,153.140646,-9418.149754
890.674529,133.998066,172.283227,-9418.149754
890.675156,76.570323,153.140646,-9418.149754
890.675783,95.712904,114.855485,-9456.434915
890.676411,95.712904,95.712904,-9399.007173
890.677038,133.998066,133.998066,-9494.720077
890.677665,76.570323,114.855485,-9437.292334
890.678293,76.570323,114.855485,-9456.434915
890.678920,95.712904,95.712904,-9399.007173
890.679547,133.998066,114.855485,-9418.149754
890.680174,153.140646,191.425808,-9456.434915
890.680802,38.285162,114.855485,-9418.149754
890.681429,95.712904,153.140646,-9418.149754
890.682056,76.570323,114.855485,-9418.149754
890.682684,133.998066,210.568389,-9418.149754
890.683311,38.285162,153.140646,-9360.722011
890.683938,76.570323,114.855485,-9418.149754
890.684565,133.998066,172.283227,-9437.292334
890.685193,133.998066,153.140646,-9399.007173
890.685820,133.998066,191.425808,-9437.292334
890.686447,38.285162,153.140646,-9456.434915
890.687075,133.998066,114.855485,-9437.292334
890.687702,38.285162,153.140646,-9418.149754
890.688329,76.570323,153.140646,-9418.149754
890.688956,133.998066,153.140646,-9456.434915
890.689584,95.712904,114.855485,-9418.149754
890.690211,38.285162,114.855485,-9418.149754
890.690838,95.712904,153.140646,-9456.434915
890.691466,76.570323,114.855485,-9418.149754
890.692093,38.285162,114.855485,-9418.149754
890.692720,95.712904,95.712904,-9494.720077
890.693347,95.712904,95.712904,-9399.007173
890.693975,133.998066,114.855485,-9418.149754
890.694602,114.855485,95.712904,-9456.434915
890.695229,172.283227,133.998066,-9418.149754
890.695857,153.140646,133.998066,-9475.577496
890.696484,133.998066,114.855485,-9437.292334
890.697111,38.285162,114.855485,-9418.149754
890.697738,76.570323,210.568389,-9456.434915
890.698366,95.712904,172.283227,-9418.149754
890.698993,133.998066,210.568389,-9437.292334
890.699620,38.285162,172.283227,-9418.149754
890.700248,95.712904,172.283227,-9437.292334
890.700875,76.570323,172.283227,-9437.292334
890.701502,38.285162,229.710970,-9418.149754
890.702129,133.998066,153.140646,-9456.434915
890.702757,133.998066,114.855485,-9418.149754
890.703384,133.998066,153.140646,-9418.149754
890.704011,133.998066,114.855485,-9418.149754
890.704639,76.570323,114.855485,-9418.149754
890.705266,133.998066,114.855485,-9418.149754
890.705893,133.998066,153.140646,-9399.007173
890.706520,76.570323,114.855485,-9418.149754
890.707148,153.140646,172.283227,-9437.292334
890.707775,133.998066,153.140646,-9418.149754
890.708402,38.285162,114.855485,-9418.149754
890.709030,76.570323,114.855485,-9418.149754
890.709657,38.285162,114.855485,-9418.149754
890.710284,57.427742,172.283227,-9360.722011
890.710911,76.570323,172.283227,-9456.434915
890.711539,76.570323,114.855485,-9456.434915
890.712166,95.712904,172.283227,-9360.722011
890.712793,76.570323,114.855485,-9418.149754
890.713421,76.570323,172.283227,-9494.720077
890.714048,76.570323,114.855485,-9437.292334
890.714675,133.998066,133.998066,-9494.720077
890.715302,133.998066,153.140646,-9456.434915
890.715930,38.285162,172.283227,-9437.292334
890.716557,133.998066,153.140646,-9475.577496
890.717184,38.285162,114.855485,-9475.577496
890.717812,133.998066,153.140646,-9533.005238
890.718439,153.140646,248.853550,-9437.292334
890.719066,133.998066,172.283227,-9437.292334
890.719693,76.570323,153.140646,-9418.149754
890.720321,133.998066,114.855485,-9418.149754
890.720948,133.998066,210.568389,-9418.149754
890.721575,153.140646,133.998066,-9456.434915
890.722203,76.570323,114.855485,-9418.149754
890.722830,133.998066,133.998066,-9399.007173
890.723457,133.998066,114.855485,-9418.149754
890.724084,133.998066,114.855485,-9456.434915
890.724712,76.570323,114.855485,-9418.149754
890.725339,153.140646,133.998066,-9399.007173
890.725966,133.998066,153.140646,-9418.149754
890.726594,38.285162,172.283227,-9418.149754
890.727221,76.570323,114.855485,-9456.434915
890.727848,38.285162,114.855485,-9418.149754
890.728475,133.998066,114.855485,-9418.149754
890.729103,153.140646,133.998066,-9399.007173
890.729730,133.998066,114.855485,-9418.149754
890.730357,76.570323,114.855485,-9418.149754
890.730985,133.998066,114.855485,-9456.434915
890.731612,133.998066,114.855485,-9437.292334
890.732239,133.998066,210.568389,-9418.149754
890.732866,153.140646,191.425808,-9399.007173
890.733494,133.998066,114.855485,-9418.149754
890.734121,38.285162,114.855485,-9456.434915
890.734748,76.570323,210.568389,-9437.292334
890.735376,114.855485,114.855485,-9379.864592
890.736003,38.285162,114.855485,-9418.149754
890.736630,76.570323,114.855485,-9456.434915
890.737257,76.570323,114.855485,-9456.434915
890.737885,95.712904,114.855485,-9456.434915
890.738512,76.570323,114.855485,-9437.292334
890.739139,76.570323,114.855485,-9418.149754
890.739767,153.140646,133.998066,-9437.292334
890.740394,95.712904,114.855485,-9418.149754
890.741022,76.570323,172.283227,-9456.434915
890.741649,76.570323,114.855485,-9418.149754
890.742277,57.427742,95.712904,-9399.007173
890.742904,133.998066,210.568389,-9456.434915
890.743531,133.998066,153.140646,-9418.149754
890.744159,95.712904,114.855485,-9418.149754
890.744786,76.570323,114.855485,-9456.434915
890.745414,153.140646,172.283227,-9399.007173
890.746041,133.998066,114.855485,-9437.292334
890.746669,38.285162,153.140646,-9418.149754
890.747296,76.570323,114.855485,-9418.149754
890.747923,114.855485,133.998066,-9360.722011
890.748551,133.998066,114.855485,-9418.149754
890.749178,76.570323,153.140646,-9418.149754
890.749806,76.570323,172.283227,-9456.434915
890.750433,133.998066,153.140646,-9475.577496
890.751061,133.998066,153.140646,-9418.149754
890.751688,76.570323,114.855485,-9418.149754
890.752316,95.712904,95.712904,-9456.434915
890.752943,114.855485,172.283227,-9360.722011
890.753570,133.998066,114.855485,-9437.292334
890.754198,153.140646,191.425808,-9399.007173
890.754825,95.712904,95.712904,-9456.434915
890.755453,153.140646,153.140646,-9456.434915
890.756080,133.998066,172.283227,-9418.149754
890.756708,95.712904,153.140646,-9437.292334
890.757335,133.998066,114.855485,-9418.149754
890.757962,95.712904,172.283227,-9437.292334
890.758590,76.570323,191.425808,-9418.149754
890.759217,133.998066,172.283227,-9437.292334
890.759845,76.570323,114.855485,-9437.292334
890.760472,133.998066,114.855485,-9437.292334
890.761100,76.570323,114.855485,-9437.292334
890.761727,133.998066,114.855485,-9418.149754
890.762354,114.855485,114.855485,-9437.292334
890.762982,95.712904,95.712904,-9494.720077
890.763609,76.570323,114.855485,-9418.149754
890.764237,19.142581,114.855485,-9437.292334
890.764864,76.570323,114.855485,-9418.149754
890.765492,153.140646,133.998066,-9399.007173
890.766119,114.855485,95.712904,-9399.007173
890.766746,95.712904,76.570323,-9456.434915
890.767374,38.285162,133.998066,-9360.722011
890.768001,95.712904,114.855485,-9456.434915
890.768629,133.998066,172.283227,-9418.149754
890.769256,114.855485,76.570323,-9418.149754
890.769884,133.998066,114.855485,-9418.149754
890.770511,133.998066,114.855485,-9437.292334
890.771138,76.570323,114.855485,-9418.149754
890.771766,57.427742,191.425808,-9418.149754
890.772393,76.570323,114.855485,-9418.149754
890.773021,95.712904,114.855485,-9418.149754
890.773648,76.570323,172.283227,-9437.292334
890.774276,153.140646,133.998066,-9399.007173
890.774903,95.712904,153.140646,-9360.722011
890.775530,76.570323,210.568389,-9418.149754
890.776158,76.570323,210.568389,-9418.149754
890.776785,133.998066,114.855485,-9437.292334
890.777413,76.570323,229.710970,-9418.149754
890.778040,153.140646,248.853550,-9399.007173
890.778668,76.570323,191.425808,-9437.292334
890.779295,95.712904,172.283227,-9533.005238
890.779922,133.998066,210.568389,-9437.292334
890.780550,76.570323,114.855485,-9437.292334
890.781177,133.998066,191.425808,-9418.149754
890.781805,76.570323,114.855485,-9418.149754
890.782432,114.855485,76.570323,-9437.292334
890.783060,76.570323,114.855485,-9418.149754
890.783687,95.712904,95.712904,-9437.292334
890.784314,133.998066,191.425808,-9475.577496
890.784942,210.568389,172.283227,-9456.434915
890.785569,133.998066,114.855485,-9437.292334
890.786197,114.855485,95.712904,-9456.434915
890.786824,114.855485,95.712904,-9399.007173
890.787452,133.998066,172.283227,-9456.434915
890.788079,153.140646,133.998066,-9456.434915
890.788706,133.998066,210.568389,-9418.149754
890.789334,133.998066,172.283227,-9418.149754
890.789961,76.570323,210.568389,-9418.149754
890.790589,133.998066,114.855485,-9418.149754
890.791216,172.283227,76.570323,-9418.149754
890.791844,76.570323,153.140646,-9418.149754
890.792471,95.712904,95.712904,-9399.007173
890.793099,76.570323,172.283227,-9418.149754
890.793726,38.285162,114.855485,-9456.434915
890.794353,133.998066,114.855485,-9437.292334
890.794981,76.570323,114.855485,-9418.149754
890.795608,76.570323,210.568389,-9418.149754
890.796236,76.570323,114.855485,-9475.577496
890.796863,76.570323,114.855485,-9418.149754
890.797491,133.998066,114.855485,-9418.149754
890.798118,38.285162,172.283227,-9418.149754
890.798745,76.570323,114.855485,-9418.149754
890.799373,38.285162,114.855485,-9418.149754
890.800000,76.570323,114.855485,-9418.149754
890.800628,76.570323,114.855485,-9418.149754
890.801255,133.998066,114.855485,-9418.149754
890.801883,38.285162,114.855485,-9437.292334
890.802510,38.285162,210.568389,-9437.292334
890.803137,38.285162,172.283227,-9437.292334
890.803765,76.570323,172.283227,-9418.149754
890.804392,38.285162,153.140646,-9437.292334
890.805020,76.570323,229.710970,-9437.292334
890.805647,153.140646,133.998066,-9399.007173
890.806275,133.998066,133.998066,-9399.007173
890.806902,76.570323,114.855485,-9456.434915
890.807529,153.140646,133.998066,-9399.007173
890.808157,153.140646,133.998066,-9399.007173
890.808784,76.570323,114.855485,-9437.292334
890.809412,76.570323,114.855485,-9437.292334
890.810039,38.285162,172.283227,-9418.149754
890.810667,114.855485,248.853550,-9418.149754
890.811294,133.998066,172.283227,-9437.292334
890.811921,133.998066,172.283227,-9456.434915
890.812549,95.712904,172.283227,-9437.292334
890.813176,95.712904,153.140646,-9418.149754
890.813804,76.570323,114.855485,-9437.292334
890.814431,95.712904,114.855485,-9437.292334
890.815059,133.998066,114.855485,-9475.577496
890.815686,114.855485,95.712904,-9456.434915
890.816313,114.855485,133.998066,-9418.149754
890.816941,76.570323,114.855485,-9456.434915
890.817568,76.570323,114.855485,-9418.149754
890.818196,153.140646,172.283227,-9437.292334
890.818823,133.998066,114.855485,-9475.577496
890.819451,133.998066,114.855485,-9437.292334
890.820078,76.570323,114.855485,-9437.292334
890.820705,38.285162,114.855485,-9418.149754
890.821333,76.570323,210.568389,-9437.292334
890.821960,153.140646,114.855485,-9418.149754
890.822588,153.140646,133.998066,-9399.007173
890.823215,133.998066,133.998066,-9399.007173
890.823843,95.712904,95.712904,-9456.434915
890.824470,95.712904,95.712904,-9475.577496
890.825097,76.570323,114.855485,-9475.577496
890.825725,153.140646,133.998066,-9399.007173
890.826352,38.285162,210.568389,-9418.149754
890.826980,76.570323,114.855485,-9418.149754
890.827607,133.998066,114.855485,-9418.149754
890.828235,76.570323,153.140646,-9418.149754
890.828862,19.142581,114.855485,-9418.149754
890.829490,114.855485,95.712904,-9399.007173
890.830117,95.712904,95.712904,-9399.007173
890.830744,76.570323,114.855485,-9456.434915
890.831372,76.570323,114.855485,-9475.577496
890.831999,95.712904,114.855485,-9418.149754
890.832627,133.998066,114.855485,-9437.292334
890.833254,57.427742,114.855485,-9360.722011
890.833882,38.285162,153.140646,-9437.292334
890.834509,114.855485,95.712904,-9399.007173
890.835136,76.570323,114.855485,-9418.149754
890.835764,95.712904,210.568389,-9437.292334
890.836391,76.570323,114.855485,-9418.149754
890.837019,133.998066,133.998066,-9399.007173
890.837646,76.570323,76.570323,-9379.864592
890.838274,114.855485,114.855485,-9399.007173
890.838901,76.570323,114.855485,-9437.292334
890.839528,38.285162,114.855485,-9456.434915
890.840156,76.570323,114.855485,-9418.149754
890.840783,114.855485,191.425808,-9360.722011
890.841411,76.570323,172.283227,-9418.149754
890.842038,38.285162,153.140646,-9322.436850
890.842666,95.712904,153.140646,-9418.149754
890.843293,95.712904,114.855485,-9418.149754
890.843920,153.140646,133.998066,-9456.434915
890.844548,133.998066,172.283227,-9418.149754
890.845175,153.140646,153.140646,-9456.434915
890.845802,76.570323,114.855485,-9437.292334
890.846430,133.998066,114.855485,-9418.149754
890.847057,95.712904,133.998066,-9360.722011
890.847684,133.998066,210.568389,-9456.434915
890.848312,114.855485,133.998066,-9418.149754
890.848939,133.998066,153.140646,-9418.149754
890.849566,133.998066,210.568389,-9418.149754
890.850193,133.998066,172.283227,-9437.292334
890.850821,133.998066,172.283227,-9456.434915
890.851448,76.570323,210.568389,-9475.577496
890.852075,38.285162,114.855485,-9437.292334
890.852703,38.285162,172.283227,-9418.149754
890.853330,153.140646,172.283227,-9456.434915
890.853957,153.140646,133.998066,-9456.434915
890.854585,76.570323,153.140646,-9456.434915
890.855212,133.998066,133.998066,-9399.007173
890.855839,95.712904,114.855485,-9418.149754
890.856467,133.998066,114.855485,-9360.722011
890.857094,133.998066,153.140646,-9418.149754
890.857721,76.570323,114.855485,-9437.292334
890.858348,133.998066,114.855485,-9418.149754
890.858976,57.427742,191.425808,-9360.722011
890.859603,76.570323,114.855485,-9418.149754
890.860230,133.998066,114.855485,-9418.149754
890.860858,153.140646,133.998066,-9399.007173
890.861485,76.570323,114.855485,-9418.149754
890.862112,76.570323,153.140646,-9418.149754
890.862740,95.712904,172.283227,-9475.577496
890.863367,133.998066,114.855485,-9456.434915
890.863994,76.570323,114.855485,-9437.292334
890.864621,133.998066,114.855485,-9456.434915
890.865249,133.998066,153.140646,-9418.149754
890.865876,133.998066,114.855485,-9418.149754
890.866503,95.712904,114.855485,-9437.292334
890.867131,95.712904,95.712904,-9456.434915
890.867758,76.570323,114.855485,-9418.149754
890.868385,57.427742,133.998066,-9360.722011
890.869013,95.712904,153.140646,-9360.722011
890.869640,133.998066,210.568389,-9475.577496
890.870267,133.998066,172.283227,-9456.434915
890.870895,133.998066,153.140646,-9418.149754
890.871522,76.570323,95.712904,-9399.007173
890.872149,133.998066,210.568389,-9418.149754
890.872776,38.285162,172.283227,-9475.577496
890.873404,76.570323,114.855485,-9418.149754
890.874031,76.570323,114.855485,-9418.149754
890.874658,133.998066,114.855485,-9456.434915
890.875286,153.140646,133.998066,-9399.007173
890.875913,133.998066,114.855485,-9418.149754
890.876540,76.570323,114.855485,-9418.149754
890.877168,38.285162,153.140646,-9418.149754
890.877795,153.140646,172.283227,-9513.862658
890.878422,76.570323,210.568389,-9418.149754
890.879050,133.998066,114.855485,-9437.292334
890.879677,95.712904,114.855485,-9418.149754
890.880304,38.285162,172.283227,-9418.149754
890.880931,76.570323,172.283227,-9418.149754
890.881559,95.712904,133.998066,-9418.149754
890.882186,38.285162,114.855485,-9418.149754
890.882813,38.285162,114.855485,-9418.149754
890.883441,133.998066,114.855485,-9475.577496
890.884068,76.570323,114.855485,-9418.149754
890.884695,76.570323,153.140646,-9494.720077
890.885323,95.712904,172.283227,-9418.149754
890.885950,133.998066,114.855485,-9475.577496
890.886577,76.570323,114.855485,-9418.149754
890.887204,76.570323,114.855485,-9418.149754
890.887832,133.998066,114.855485,-9418.149754
890.888459,76.570323,114.855485,-9418.149754
890.889086,95.712904,95.712904,-9399.007173
890.889714,133.998066,153.140646,-9399.007173
890.890341,133.998066,114.855485,-9418.149754
890.890968,95.712904,95.712904,-9437.292334
890.891596,76.570323,133.998066,-9360.722011
890.892223,172.283227,76.570323,-9418.149754
890.892850,133.998066,172.283227,-9418.149754
890.893478,114.855485,95.712904,-9494.720077
890.894105,133.998066,114.855485,-9494.720077
890.894732,95.712904,114.855485,-9437.292334
890.895359,76.570323,153.140646,-9418.149754
890.895987,153.140646,133.998066,-9456.434915
890.896614,153.140646,133.998066,-9456.434915
890.897241,76.570323,114.855485,-9418.149754
890.897869,133.998066,172.283227,-9418.149754
890.898496,76.570323,172.283227,-9418.149754
890.899123,133.998066,153.140646,-9418.149754
890.899751,95.712904,172.283227,-9456.434915
890.900378,95.712904,114.855485,-9418.149754
890.901005,95.712904,114.855485,-9418.149754
890.901633,76.570323,114.855485,-9456.434915
890.902260,76.570323,114.855485,-9494.720077
890.902887,153.140646,172.283227,-9399.007173
890.903514,76.570323,114.855485,-9418.149754
890.904142,95.712904,172.283227,-9360.722011
890.904769,95.712904,133.998066,-9360.722011
890.905396,133.998066,172.283227,-9418.149754
890.906024,133.998066,172.283227,-9418.149754
890.906651,76.570323,153.140646,-9418.149754
890.907278,133.998066,114.855485,-9418.149754
890.907906,133.998066,153.140646,-9418.149754
890.908533,19.142581,114.855485,-9437.292334
890.909160,76.570323,95.712904,-9437.292334
890.909787,133.998066,210.568389,-9475.577496
890.910415,133.998066,172.283227,-9437.292334
890.911042,76.570323,114.855485,-9418.149754
890.911669,38.285162,210.568389,-9456.434915
890.912297,38.285162,172.283227,-9418.149754
890.912924,76.570323,114.855485,-9437.292334
890.913551,38.285162,114.855485,-9533.005238
890.914179,133.998066,114.855485,-9456.434915
890.914806,153.140646,153.140646,-9418.149754
890.915433,133.998066,172.283227,-9418.149754
890.916061,133.998066,114.855485,-9437.292334
890.916688,76.570323,172.283227,-9418.149754
890.917315,133.998066,153.140646,-9456.434915
890.917942,133.998066,114.855485,-9437.292334
890.918570,76.570323,114.855485,-9418.149754
890.919197,76.570323,153.140646,-9418.149754
890.919824,76.570323,153.140646,-9418.149754
890.920452,76.570323,210.568389,-9418.149754
890.921079,153.140646,248.853550,-9399.007173
890.921706,133.998066,114.855485,-9360.722011
890.922334,0.000000,133.998066,-9418.149754
890.922961,133.998066,153.140646,-9418.149754
890.923588,76.570323,114.855485,-9456.434915
890.924216,76.570323,114.855485,-9437.292334
890.924843,76.570323,114.855485,-9475.577496
890.925470,38.285162,114.855485,-9456.434915
890.926097,153.140646,172.283227,-9456.434915
890.926725,76.570323,153.140646,-9418.149754
890.927352,133.998066,76.570323,-9399.007173
890.927979,114.855485,95.712904,-9399.007173
890.928607,133.998066,114.855485,-9418.149754
890.929234,133.998066,172.283227,-9418.149754
890.929861,76.570323,153.140646,-9475.577496
890.930489,95.712904,114.855485,-9456.434915
890.931116,57.427742,133.998066,-9360.722011
890.931743,95.712904,114.855485,-9418.149754
890.932370,95.712904,191.425808,-9360.722011
890.932998,38.285162,114.855485,-9418.149754
890.933625,133.998066,114.855485,-9456.434915
890.934252,38.285162,114.855485,-9475.577496
890.934880,133.998066,172.283227,-9418.149754
890.935507,76.570323,114.855485,-9475.577496
890.936134,133.998066,153.140646,-9418.149754
890.936762,76.570323,172.283227,-9418.149754
890.937389,57.427742,153.140646,-9418.149754
890.938016,95.712904,114.855485,-9418.149754
890.938644,95.712904,95.712904,-9456.434915
890.939271,76.570323,172.283227,-9418.149754
890.939898,38.285162,229.710970,-9418.149754
890.940526,76.570323,153.140646,-9418.149754
890.941153,153.140646,191.425808,-9399.007173
890.941780,114.855485,114.855485,-9456.434915
890.942408,76.570323,114.855485,-9418.149754
890.943035,38.285162,210.568389,-9418.149754
890.943662,38.285162,172.283227,-9456.434915
890.944290,133.998066,114.855485,-9475.577496
890.944917,133.998066,210.568389,-9456.434915
890.945545,133.998066,114.855485,-9418.149754
890.946172,133.998066,172.283227,-9418.149754
890.946799,38.285162,114.855485,-9475.577496
890.947427,76.570323,172.283227,-9475.577496
890.948054,133.998066,153.140646,-9418.149754
890.948681,19.142581,153.140646,-9418.149754
890.949309,133.998066,114.855485,-9418.149754
890.949936,95.712904,95.712904,-9399.007173
890.950564,95.712904,95.712904,-9399.007173
890.951191,76.570323,114.855485,-9437.292334
890.951818,57.427742,95.712904,-9399.007173
890.952446,38.285162,114.855485,-9456.434915
890.953073,133.998066,114.855485,-9437.292334
890.953700,76.570323,172.283227,-9418.149754
890.954328,76.570323,114.855485,-9418.149754
890.954955,76.570323,153.140646,-9418.149754
890.955583,76.570323,191.425808,-9418.149754
890.956210,172.283227,76.570323,-9418.149754
890.956837,95.712904,133.998066,-9360.722011
890.957465,153.140646,133.998066,-9399.007173
890.958092,95.712904,114.855485,-9418.149754
890.958719,76.570323,114.855485,-9418.149754
890.959347,133.998066,172.283227,-9418.149754
890.959974,133.998066,153.140646,-9437.292334
890.960601,76.570323,153.140646,-9418.149754
890.961229,95.712904,114.855485,-9418.149754
890.961856,95.712904,133.998066,-9360.722011
890.962484,38.285162,114.855485,-9437.292334
890.963111,76.570323,114.855485,-9418.149754
890.963738,133.998066,172.283227,-9418.149754
890.964366,133.998066,172.283227,-9418.149754
890.964993,76.570323,153.140646,-9418.149754
890.965620,38.285162,114.855485,-9418.149754
890.966248,153.140646,114.855485,-9437.292334
890.966875,153.140646,172.283227,-9437.292334
890.967503,133.998066,114.855485,-9475.577496
890.968130,76.570323,172.283227,-9456.434915
890.968757,133.998066,172.283227,-9456.434915
890.969385,38.285162,153.140646,-9418.149754
890.970012,76.570323,153.140646,-9437.292334
890.970639,133.998066,210.568389,-9456.434915
890.971267,133.998066,114.855485,-9437.292334
890.971894,133.998066,153.140646,-9418.149754
890.972522,133.998066,114.855485,-9418.149754
890.973149,133.998066,172.283227,-9437.292334
890.973776,76.570323,210.568389,-9418.149754
890.974404,133.998066,114.855485,-9437.292334
890.975031,76.570323,172.283227,-9475.577496
890.975658,38.285162,114.855485,-9437.292334
890.976286,76.570323,76.570323,-9379.864592
890.976913,95.712904,95.712904,-9399.007173
890.977541,172.283227,229.710970,-9379.864592
890.978168,133.998066,172.283227,-9418.149754
890.978795,95.712904,172.283227,-9475.577496
890.979423,76.570323,114.855485,-9418.149754
890.980050,114.855485,191.425808,-9360.722011
890.980677,133.998066,229.710970,-9418.149754
890.981305,76.570323,114.855485,-9418.149754
890.981932,95.712904,133.998066,-9360.722011
890.982559,95.712904,133.998066,-9360.722011
890.983187,133.998066,114.855485,-9418.149754
890.983814,133.998066,114.855485,-9418.149754
890.984442,76.570323,114.855485,-9456.434915
890.985069,76.570323,114.855485,-9437.292334
890.985696,76.570323,172.283227,-9418.149754
890.986324,95.712904,172.283227,-9360.722011
890.986951,76.570323,114.855485,-9418.149754
890.987578,76.570323,114.855485,-9418.149754
890.988206,133.998066,114.855485,-9456.434915
890.988833,95.712904,114.855485,-9494.720077
890.989461,57.427742,95.712904,-9437.292334
890.990088,38.285162,153.140646,-9437.292334
890.990715,133.998066,114.855485,-9418.149754
890.991343,133.998066,114.855485,-9418.149754
890.991970,38.285162,114.855485,-9418.149754
890.992597,57.427742,114.855485,-9418.149754
890.993225,133.998066,114.855485,-9360.722011
890.993852,95.712904,153.140646,-9360.722011
890.994480,76.570323,114.855485,-9418.149754
890.995107,95.712904,114.855485,-9418.149754
890.995734,172.283227,114.855485,-9379.864592
890.996362,38.285162,172.283227,-9418.149754
890.996989,76.570323,172.283227,-9418.149754
890.997616,114.855485,76.570323,-9418.149754
890.998244,133.998066,172.283227,-9437.292334
890.998871,114.855485,95.712904,-9399.007173
890.999499,133.998066,210.568389,-9437.292334
891.000126,133.998066,153.140646,-9437.292334
891.000753,76.570323,210.568389,-9456.434915
891.001381,76.570323,153.140646,-9437.292334
891.002008,153.140646,133.998066,-9399.007173
891.002635,133.998066,114.855485,-9418.149754
891.003263,133.998066,133.998066,-9456.434915
891.003890,95.712904,114.855485,-9399.007173
891.004518,153.140646,172.283227,-9399.007173
891.005145,95.712904,114.855485,-9418.149754
891.005772,133.998066,172.283227,-9399.007173
891.006400,57.427742,172.283227,-9360.722011
891.007027,38.285162,114.855485,-9418.149754
891.007654,76.570323,95.712904,-9456.434915
891.008282,38.285162,172.283227,-9475.577496
891.008909,76.570323,172.283227,-9418.149754
891.009536,133.998066,229.710970,-9418.149754
891.010164,76.570323,191.425808,-9437.292334
891.010791,133.998066,133.998066,-9399.007173
891.011419,95.712904,114.855485,-9418.149754
891.012046,114.855485,153.140646,-9360.722011
891.012673,76.570323,114.855485,-9437.292334
891.013301,133.998066,172.283227,-9437.292334
891.013928,76.570323,114.855485,-9418.149754
891.014555,95.712904,172.283227,-9360.722011
891.015183,76.570323,172.283227,-9418.149754
891.015810,95.712904,153.140646,-9456.434915
891.016438,172.283227,76.570323,-9418.149754
891.017065,76.570323,114.855485,-9475.577496
891.017692,133.998066,153.140646,-9456.434915
891.018320,114.855485,133.998066,-9360.722011
891.018947,133.998066,153.140646,-9437.292334
891.019574,57.427742,95.712904,-9399.007173
891.020202,133.998066,114.855485,-9418.149754
891.020829,95.712904,114.855485,-9437.292334
891.021457,76.570323,172.283227,-9437.292334
891.022084,38.285162,210.568389,-9456.434915
891.022711,95.712904,153.140646,-9533.005238
891.023339,133.998066,114.855485,-9418.149754
891.023966,76.570323,114.855485,-9399.007173
891.024593,95.712904,172.283227,-9418.149754
891.025221,95.712904,95.712904,-9456.434915
891.025848,19.142581,114.855485,-9418.149754
891.026476,76.570323,210.568389,-9475.577496
891.027103,76.570323,114.855485,-9456.434915
891.027730,76.570323,114.855485,-9418.149754
891.028358,133.998066,114.855485,-9418.149754
891.028985,76.570323,114.855485,-9437.292334
891.029612,76.570323,191.425808,-9437.292334
891.030240,133.998066,153.140646,-9475.577496
891.030867,95.712904,172.283227,-9418.149754
891.031495,133.998066,114.855485,-9418.149754
891.032122,76.570323,114.855485,-9456.434915
891.032749,95.712904,172.283227,-9418.149754
891.033377,153.140646,114.855485,-9418.149754
891.034004,153.140646,114.855485,-9456.434915
891.034631,95.712904,153.140646,-9418.149754
891.035259,133.998066,114.855485,-9418.149754
891.035886,133.998066,114.855485,-9418.149754
891.036513,133.998066,114.855485,-9475.577496
891.037141,133.998066,153.140646,-9418.149754
891.037768,133.998066,172.283227,-9418.149754
891.038396,57.427742,114.855485,-9437.292334
891.039023,38.285162,114.855485,-9418.149754
891.039650,95.712904,172.283227,-9475.577496
891.040278,133.998066,114.855485,-9475.577496
891.040905,76.570323,153.140646,-9456.434915
891.041532,76.570323,172.283227,-9456.434915
891.042160,76.570323,210.568389,-9418.149754
891.042787,38.285162,114.855485,-9418.149754
891.043414,57.427742,95.712904,-9399.007173
891.044042,19.142581,153.140646,-9437.292334
891.044669,76.570323,172.283227,-9418.149754
891.045296,38.285162,172.283227,-9418.149754
891.045924,133.998066,210.568389,-9456.434915
891.046551,76.570323,153.140646,-9456.434915
891.047179,133.998066,114.855485,-9418.149754
891.047806,57.427742,114.855485,-9475.577496
891.048433,38.285162,114.855485,-9437.292334
891.049061,76.570323,172.283227,-9437.292334
891.049688,133.998066,114.855485,-9494.720077
891.050315,133.998066,114.855485,-9456.434915
891.050943,133.998066,153.140646,-9418.149754
891.051570,133.998066,153.140646,-9418.149754
891.052197,133.998066,210.568389,-9360.722011
891.052825,76.570323,172.283227,-9418.149754
891.053452,133.998066,153.140646,-9437.292334
891.054079,76.570323,114.855485,-9418.149754
891.054707,114.855485,95.712904,-9399.007173
891.055334,133.998066,114.855485,-9437.292334
891.055961,133.998066,114.855485,-9418.149754
891.056589,76.570323,229.710970,-9418.149754
891.057216,76.570323,172.283227,-9418.149754
891.057843,133.998066,114.855485,-9437.292334
891.058471,133.998066,114.855485,-9437.292334
891.059098,38.285162,114.855485,-9418.149754
891.059726,38.285162,153.140646,-9418.149754
891.060353,76.570323,153.140646,-9418.149754
891.060980,76.570323,114.855485,-9418.149754
891.061608,76.570323,133.998066,-9360.722011
891.062235,153.140646,133.998066,-9399.007173
891.062862,76.570323,114.855485,-9418.149754
891.063490,76.570323,114.855485,-9418.149754
891.064117,76.570323,114.855485,-9437.292334
891.064744,38.285162,153.140646,-9475.577496
891.065372,38.285162,172.283227,-9418.149754
891.065999,95.712904,114.855485,-9418.149754
891.066626,133.998066,114.855485,-9475.577496
891.067254,133.998066,153.140646,-9475.577496
891.067881,133.998066,172.283227,-9437.292334
891.068508,76.570323,95.712904,-9399.007173
891.069136,133.998066,114.855485,-9456.434915
891.069763,38.285162,114.855485,-9437.292334
891.070390,133.998066,114.855485,-9418.149754
891.071018,76.570323,172.283227,-9475.577496
891.071645,76.570323,153.140646,-9437.292334
891.072273,76.570323,114.855485,-9475.577496
891.072900,133.998066,114.855485,-9418.149754
891.073527,133.998066,133.998066,-9456.434915
891.074155,133.998066,172.283227,-9418.149754
891.074782,76.570323,172.283227,-9456.434915
891.075409,76.570323,229.710970,-9437.292334
891.076037,76.570323,210.568389,-9475.577496
891.076664,133.998066,172.283227,-9418.149754
891.077291,133.998066,172.283227,-9437.292334
891.077919,133.998066,114.855485,-9437.292334
891.078546,133.998066,114.855485,-9437.292334
891.079173,133.998066,153.140646,-9418.149754
891.079801,76.570323,114.855485,-9456.434915
891.080428,38.285162,114.855485,-9418.149754
891.081055,76.570323,172.283227,-9437.292334
891.081683,133.998066,114.855485,-9437.292334
891.082310,153.140646,153.140646,-9456.434915
891.082937,133.998066,153.140646,-9418.149754
891.083565,76.570323,114.855485,-9418.149754
891.084192,95.712904,153.140646,-9418.149754
891.084820,76.570323,114.855485,-9418.149754
891.085447,133.998066,114.855485,-9418.149754
891.086074,76.570323,114.855485,-9418.149754
891.086702,38.285162,172.283227,-9475.577496
891.087329,153.140646,133.998066,-9456.434915
891.087956,153.140646,133.998066,-9437.292334
891.088584,133.998066,114.855485,-9437.292334
891.089211,76.570323,114.855485,-9418.149754
891.089838,133.998066,153.140646,-9418.149754
891.090466,133.998066,114.855485,-9437.292334
891.091093,76.570323,172.283227,-9418.149754
891.091720,153.140646,133.998066,-9456.434915
891.092348,153.140646,210.568389,-9437.292334
891.092975,133.998066,229.710970,-9437.292334
891.093602,76.570323,172.283227,-9456.434915
891.094230,76.570323,114.855485,-9437.292334
891.094857,57.427742,95.712904,-9494.720077
891.095484,95.712904,114.855485,-9418.149754
891.096112,133.998066,114.855485,-9418.149754
891.096739,133.998066,114.855485,-9437.292334
891.097367,76.570323,114.855485,-9418.149754
891.097994,76.570323,114.855485,-9418.149754
891.098621,38.285162,172.283227,-9418.149754
891.099249,76.570323,229.710970,-9418.149754
891.099876,95.712904,133.998066,-9360.722011
891.100503,114.855485,95.712904,-9399.007173
891.101131,133.998066,153.140646,-9437.292334
891.101758,153.140646,133.998066,-9437.292334
891.102385,133.998066,76.570323,-9379.864592
891.103013,76.570323,114.855485,-9456.434915
891.103640,76.570323,153.140646,-9418.149754
891.104267,19.142581,114.855485,-9418.149754
891.104895,95.712904,153.140646,-9437.292334
891.105522,76.570323,114.855485,-9418.149754
891.106149,133.998066,172.283227,-9418.149754
891.106777,38.285162,114.855485,-9437.292334
891.107404,38.285162,114.855485,-9437.292334
891.108031,133.998066,172.283227,-9437.292334
891.108659,153.140646,133.998066,-9494.720077
891.109286,76.570323,172.283227,-9475.577496
891.109913,76.570323,153.140646,-9437.292334
891.110541,76.570323,114.855485,-9418.149754
891.111168,114.855485,114.855485,-9399.007173
891.111796,133.998066,172.283227,-9418.149754
891.112423,76.570323,114.855485,-9418.149754
891.113050,114.855485,210.568389,-9360.722011
891.113678,76.570323,114.855485,-9437.292334
891.114305,153.140646,172.283227,-9456.434915
891.114932,133.998066,172.283227,-9437.292334
891.115560,133.998066,172.283227,-9418.149754
891.116187,76.570323,191.425808,-9418.149754
891.116814,76.570323,153.140646,-9475.577496
891.117442,76.570323,133.998066,-9360.722011
891.118069,76.570323,114.855485,-9418.149754
891.118696,133.998066,172.283227,-9418.149754
891.119324,76.570323,172.283227,-9475.577496
891.119951,95.712904,191.425808,-9418.149754
891.120578,76.570323,210.568389,-9418.149754
891.121206,133.998066,114.855485,-9418.149754
891.121833,95.712904,95.712904,-9437.292334
891.122460,76.570323,114.855485,-9437.292334
891.123088,76.570323,114.855485,-9399.007173
891.123715,114.855485,95.712904,-9399.007173
891.124343,95.712904,95.712904,-9399.007173
891.124970,76.570323,172.283227,-9456.434915
891.125597,133.998066,114.855485,-9418.149754
891.126225,133.998066,114.855485,-9418.149754
891.126852,76.570323,114.855485,-9437.292334
891.127479,76.570323,153.140646,-9437.292334
891.128107,133.998066,114.855485,-9456.434915
891.128734,133.998066,210.568389,-9418.149754
891.129361,76.570323,210.568389,-9418.149754
891.129989,57.427742,95.712904,-9399.007173
891.130616,133.998066,210.568389,-9418.149754
891.131243,76.570323,114.855485,-9475.577496
891.131871,76.570323,114.855485,-9418.149754
891.132498,76.570323,114.855485,-9418.149754
891.133125,95.712904,133.998066,-9360.722011
891.133753,76.570323,191.425808,-9418.149754
891.134380,76.570323,210.568389,-9475.577496
891.135007,76.570323,210.568389,-9418.149754
891.135635,76.570323,114.855485,-9418.149754
891.136262,76.570323,210.568389,-9437.292334
891.136890,133.998066,114.855485,-9456.434915
891.137517,133.998066,114.855485,-9418.149754
891.138144,114.855485,133.998066,-9456.434915
891.138772,153.140646,95.712904,-9360.722011
891.139399,76.570323,133.998066,-9360.722011
891.140026,76.570323,95.712904,-9399.007173
891.140654,76.570323,114.855485,-9494.720077
891.141281,76.570323,114.855485,-9418.149754
891.141908,133.998066,114.855485,-9456.434915
891.142536,133.998066,114.855485,-9456.434915
891.143163,76.570323,114.855485,-9418.149754
891.143790,95.712904,210.568389,-9360.722011
891.144418,114.855485,95.712904,-9399.007173
891.145045,95.712904,133.998066,-9360.722011
891.145673,76.570323,153.140646,-9418.149754
891.146300,95.712904,114.855485,-9456.434915
891.146927,114.855485,133.998066,-9418.149754
891.147555,133.998066,210.568389,-9418.149754
891.148182,133.998066,172.283227,-9418.149754
891.148810,38.285162,114.855485,-9418.149754
891.149437,76.570323,172.283227,-9475.577496
891.150064,76.570323,172.283227,-9418.149754
891.150692,133.998066,114.855485,-9533.005238
891.151319,114.855485,95.712904,-9456.434915
891.151947,76.570323,114.855485,-9418.149754
891.152574,133.998066,172.283227,-9456.434915
891.153202,133.998066,114.855485,-9437.292334
891.153829,76.570323,114.855485,-9475.577496
891.154456,76.570323,114.855485,-9418.149754
891.155084,57.427742,95.712904,-9399.007173
891.155711,76.570323,153.140646,-9437.292334
891.156339,76.570323,114.855485,-9418.149754
891.156966,133.998066,114.855485,-9418.149754
891.157594,38.285162,114.855485,-9437.292334
891.158221,133.998066,114.855485,-9456.434915
891.158848,133.998066,153.140646,-9418.149754
891.159476,114.855485,95.712904,-9494.720077
891.160103,76.570323,153.140646,-9418.149754
891.160731,133.998066,153.140646,-9437.292334
891.161358,133.998066,114.855485,-9418.149754
891.161985,76.570323,114.855485,-9418.149754
891.162613,95.712904,114.855485,-9418.149754
891.163240,76.570323,153.140646,-9418.149754
891.163868,133.998066,172.283227,-9456.434915
891.164495,76.570323,153.140646,-9418.149754
891.165123,76.570323,114.855485,-9456.434915
891.165750,153.140646,191.425808,-9399.007173
891.166377,95.712904,114.855485,-9437.292334
891.167005,133.998066,114.855485,-9418.149754
891.167632,76.570323,114.855485,-9360.722011
891.168260,38.285162,114.855485,-9456.434915
891.168887,133.998066,172.283227,-9399.007173
891.169515,133.998066,210.568389,-9418.149754
891.170142,76.570323,114.855485,-9475.577496
891.170769,133.998066,153.140646,-9494.720077
891.171397,133.998066,114.855485,-9437.292334
891.172024,153.140646,114.855485,-9456.434915
891.172652,76.570323,114.855485,-9418.149754
891.173279,76.570323,210.568389,-9475.577496
891.173906,38.285162,172.283227,-9418.149754
891.174534,133.998066,114.855485,-9437.292334
891.175161,133.998066,191.425808,-9399.007173
891.175789,114.855485,76.570323,-9437.292334
891.176416,76.570323,114.855485,-9437.292334
891.177044,133.998066,114.855485,-9437.292334
891.177671,133.998066,114.855485,-9418.149754
891.178298,133.998066,114.855485,-9418.149754
891.178926,57.427742,95.712904,-9456.434915
891.179553,76.570323,95.712904,-9399.007173
891.180181,95.712904,153.140646,-9456.434915
891.180808,76.570323,114.855485,-9437.292334
891.181436,76.570323,95.712904,-9399.007173
891.182063,95.712904,114.855485,-9399.007173
891.182690,76.570323,172.283227,-9418.149754
891.183318,153.140646,133.998066,-9399.007173
891.183945,95.712904,172.283227,-9418.149754
891.184573,76.570323,114.855485,-9418.149754
891.185200,133.998066,114.855485,-9437.292334
891.185828,133.998066,114.855485,-9456.434915
891.186455,38.285162,114.855485,-9475.577496
891.187082,133.998066,114.855485,-9456.434915
891.187710,76.570323,172.283227,-9418.149754
891.188337,133.998066,191.425808,-9418.149754
891.188965,76.570323,114.855485,-9456.434915
891.189592,133.998066,153.140646,-9418.149754
891.190219,76.570323,114.855485,-9418.149754
891.190847,76.570323,114.855485,-9418.149754
891.191474,133.998066,133.998066,-9399.007173
891.192102,133.998066,153.140646,-9418.149754
891.192729,95.712904,172.283227,-9418.149754
891.193357,76.570323,210.568389,-9437.292334
891.193984,133.998066,133.998066,-9456.434915
891.194611,95.712904,210.568389,-9475.577496
891.195239,133.998066,172.283227,-9437.292334
891.195866,76.570323,172.283227,-9437.292334
891.196494,38.285162,114.855485,-9456.434915
891.197121,114.855485,76.570323,-9437.292334
891.197749,133.998066,153.140646,-9399.007173
891.198376,19.142581,172.283227,-9418.149754
891.199003,133.998066,114.855485,-9456.434915
891.199631,114.855485,95.712904,-9456.434915
891.200258,133.998066,114.855485,-9418.149754
891.200886,76.570323,210.568389,-9418.149754
891.201513,76.570323,229.710970,-9418.149754
891.202140,57.427742,114.855485,-9418.149754
891.202768,76.570323,114.855485,-9418.149754
891.203395,76.570323,114.855485,-9456.434915
891.204023,133.998066,114.855485,-9456.434915
891.204650,133.998066,114.855485,-9418.149754
891.205278,133.998066,114.855485,-9418.149754
891.205905,153.140646,191.425808,-9437.292334
891.206532,76.570323,114.855485,-9418.149754
891.207160,114.855485,95.712904,-9456.434915
891.207787,76.570323,114.855485,-9456.434915
891.208415,76.570323,114.855485,-9437.292334
891.209042,133.998066,172.283227,-9475.577496
891.209670,57.427742,153.140646,-9360.722011
891.210297,76.570323,153.140646,-9418.149754
891.210924,76.570323,210.568389,-9360.722011
891.211552,114.855485,133.998066,-9360.722011
891.212179,133.998066,114.855485,-9456.434915
891.212807,95.712904,114.855485,-9494.720077
891.213434,133.998066,114.855485,-9437.292334
891.214061,38.285162,114.855485,-9437.292334
891.214689,76.570323,172.283227,-9437.292334
891.215316,76.570323,114.855485,-9418.149754
891.215944,76.570323,114.855485,-9437.292334
891.216571,95.712904,114.855485,-9418.149754
891.217199,133.998066,172.283227,-9437.292334
891.217826,172.283227,95.712904,-9399.007173
891.218453,76.570323,114.855485,-9418.149754
891.219081,114.855485,95.712904,-9399.007173
891.219708,133.998066,114.855485,-9418.149754
891.220336,95.712904,114.855485,-9418.149754
891.220963,133.998066,114.855485,-9418.149754
891.221591,76.570323,114.855485,-9437.292334
891.222218,133.998066,114.855485,-9475.577496
891.222845,76.570323,114.855485,-9418.149754
891.223473,76.570323,153.140646,-9456.434915
891.224100,38.285162,114.855485,-9418.149754
891.224728,76.570323,114.855485,-9418.149754
891.225355,114.855485,133.998066,-9418.149754
891.225983,133.998066,153.140646,-9418.149754
891.226610,133.998066,153.140646,-9418.149754
891.227237,114.855485,133.998066,-9360.722011
891.227865,153.140646,172.283227,-9513.862658
891.228492,153.140646,133.998066,-9456.434915
891.229120,133.998066,191.425808,-9456.434915
891.229747,153.140646,172.283227,-9399.007173
891.230374,133.998066,153.140646,-9475.577496
891.231002,172.283227,76.570323,-9418.149754
891.231629,153.140646,153.140646,-9456.434915
891.232257,153.140646,153.140646,-9399.007173
891.232884,76.570323,114.855485,-9418.149754
891.233512,114.855485,172.283227,-9360.722011
891.234139,133.998066,153.140646,-9418.149754
891.234766,210.568389,133.998066,-9475.577496
891.235394,133.998066,172.283227,-9418.149754
891.236021,133.998066,114.855485,-9418.149754
891.236649,172.283227,172.283227,-9379.864592
891.237276,95.712904,210.568389,-9418.149754
891.237904,76.570323,153.140646,-9475.577496
891.238531,76.570323,114.855485,-9418.149754
891.239158,133.998066,172.283227,-9418.149754
891.239786,153.140646,172.283227,-9437.292334
891.240413,76.570323,114.855485,-9456.434915
891.241041,76.570323,172.283227,-9418.149754
891.241668,95.712904,114.855485,-9456.434915
891.242295,114.855485,153.140646,-9360.722011
891.242923,172.283227,172.283227,-9379.864592
891.243550,133.998066,114.855485,-9437.292334
891.244178,153.140646,191.425808,-9399.007173
891.244805,153.140646,172.283227,-9399.007173
891.245433,95.712904,114.855485,-9418.149754
891.246060,95.712904,229.710970,-9418.149754
891.246687,76.570323,153.140646,-9418.149754
891.247315,38.285162,114.855485,-9437.292334
891.247942,95.712904,114.855485,-9399.007173
891.248570,76.570323,153.140646,-9360.722011
891.249197,76.570323,229.710970,-9437.292334
891.249825,133.998066,172.283227,-9418.149754
891.250452,133.998066,133.998066,-9475.577496
891.251080,76.570323,114.855485,-9456.434915
891.251707,76.570323,114.855485,-9437.292334
891.252335,38.285162,114.855485,-9418.149754
891.252962,38.285162,76.570323,-9379.864592
891.253590,133.998066,114.855485,-9418.149754
891.254217,95.712904,172.283227,-9418.149754
891.254844,76.570323,114.855485,-9418.149754
891.255472,76.570323,114.855485,-9456.434915
891.256099,76.570323,114.855485,-9418.149754
891.256727,133.998066,172.283227,-9456.434915
891.257354,76.570323,153.140646,-9418.149754
891.257982,38.285162,153.140646,-9418.149754
891.258609,133.998066,153.140646,-9418.149754
891.259237,95.712904,114.855485,-9437.292334
891.259864,133.998066,191.425808,-9418.149754
891.260492,172.283227,114.855485,-9379.864592
891.261119,133.998066,114.855485,-9456.434915
891.261746,76.570323,153.140646,-9475.577496
891.262374,76.570323,114.855485,-9437.292334
891.263001,153.140646,153.140646,-9418.149754
891.263629,76.570323,172.283227,-9418.149754
891.264256,76.570323,172.283227,-9418.149754
891.264884,133.998066,191.425808,-9437.292334
891.265511,76.570323,114.855485,-9418.149754
891.266139,76.570323,114.855485,-9418.149754
891.266766,133.998066,114.855485,-9456.434915
891.267394,133.998066,210.568389,-9418.149754
891.268021,76.570323,153.140646,-9437.292334
891.268648,76.570323,114.855485,-9418.149754
891.269276,95.712904,191.425808,-9360.722011
891.269903,76.570323,114.855485,-9437.292334
891.270531,38.285162,172.283227,-9360.722011
891.271158,76.570323,114.855485,-9456.434915
891.271786,95.712904,172.283227,-9360.722011
891.272413,38.285162,153.140646,-9418.149754
891.273041,133.998066,114.855485,-9418.149754
891.273668,76.570323,153.140646,-9418.149754
891.274296,76.570323,153.140646,-9418.149754
891.274923,76.570323,114.855485,-9456.434915
891.275550,38.285162,114.855485,-9418.149754
891.276178,76.570323,114.855485,-9418.149754
891.276805,76.570323,229.710970,-9418.149754
891.277433,133.998066,153.140646,-9418.149754
891.278060,133.998066,133.998066,-9399.007173
891.278688,38.285162,172.283227,-9437.292334
891.279315,133.998066,210.568389,-9437.292334
891.279943,133.998066,153.140646,-9437.292334
891.280570,153.140646,133.998066,-9399.007173
891.281198,133.998066,114.855485,-9437.292334
891.281825,172.283227,76.570323,-9475.577496
891.282452,133.998066,153.140646,-9399.007173
891.283080,133.998066,153.140646,-9437.292334
891.283707,133.998066,153.140646,-9437.292334
891.284335,172.283227,133.998066,-9456.434915
891.284962,153.140646,133.998066,-9494.720077
891.285590,76.570323,114.855485,-9418.149754
891.286217,133.998066,114.855485,-9418.149754
891.286845,38.285162,153.140646,-9418.149754
891.287472,133.998066,114.855485,-9456.434915
891.288100,76.570323,172.283227,-9418.149754
891.288727,95.712904,191.425808,-9360.722011
891.289354,133.998066,114.855485,-9418.149754
891.289982,76.570323,172.283227,-9418.149754
891.290609,133.998066,114.855485,-9437.292334
891.291237,114.855485,153.140646,-9418.149754
891.291864,76.570323,172.283227,-9437.292334
891.292492,76.570323,114.855485,-9437.292334
891.293119,76.570323,114.855485,-9418.149754
891.293747,133.998066,114.855485,-9437.292334
891.294374,76.570323,114.855485,-9456.434915
891.295002,76.570323,114.855485,-9456.434915
891.295629,76.570323,172.283227,-9418.149754
891.296257,133.998066,172.283227,-9418.149754
891.296884,76.570323,210.568389,-9418.149754
891.297511,76.570323,114.855485,-9418.149754
891.298139,133.998066,114.855485,-9437.292334
891.298766,133.998066,191.425808,-9399.007173
891.299394,114.855485,95.712904,-9437.292334
891.300021,153.140646,133.998066,-9399.007173
891.300649,95.712904,114.855485,-9437.292334
891.301276,133.998066,210.568389,-9418.149754
891.301904,133.998066,114.855485,-9437.292334
891.302531,76.570323,114.855485,-9418.149754
891.303159,133.998066,191.425808,-9437.292334
891.303786,133.998066,153.140646,-9399.007173
891.304413,76.570323,114.855485,-9418.149754
891.305041,76.570323,210.568389,-9418.149754
891.305668,76.570323,172.283227,-9418.149754
891.306296,133.998066,172.283227,-9418.149754
891.306923,76.570323,114.855485,-9418.149754
891.307551,76.570323,114.855485,-9418.149754
891.308178,95.712904,114.855485,-9456.434915
891.308806,76.570323,114.855485,-9418.149754
891.309433,76.570323,153.140646,-9418.149754
891.310061,38.285162,114.855485,-9456.434915
891.310688,114.855485,95.712904,-9399.007173
891.311315,76.570323,210.568389,-9437.292334
891.311943,133.998066,114.855485,-9418.149754
891.312570,38.285162,153.140646,-9418.149754
891.313198,38.285162,114.855485,-9418.149754
891.313825,76.570323,172.283227,-9418.149754
891.314453,133.998066,114.855485,-9437.292334
891.315080,38.285162,114.855485,-9418.149754
891.315708,76.570323,114.855485,-9418.149754
891.316335,76.570323,114.855485,-9418.149754
891.316963,38.285162,114.855485,-9437.292334
891.317590,76.570323,114.855485,-9418.149754
891.318217,133.998066,153.140646,-9418.149754
891.318845,133.998066,153.140646,-9437.292334
891.319472,133.998066,114.855485,-9437.292334
891.320100,133.998066,114.855485,-9418.149754
891.320727,133.998066,114.855485,-9418.149754
891.321355,95.712904,114.855485,-9418.149754
891.321982,38.285162,191.425808,-9418.149754
891.322610,38.285162,172.283227,-9418.149754
891.323237,95.712904,114.855485,-9418.149754
891.323865,76.570323,114.855485,-9418.149754
891.324492,114.855485,133.998066,-9418.149754
891.325119,95.712904,114.855485,-9418.149754
891.325747,133.998066,114.855485,-9533.005238
891.326374,38.285162,172.283227,-9456.434915
891.327002,133.998066,114.855485,-9418.149754
891.327629,133.998066,114.855485,-9437.292334
891.328257,133.998066,153.140646,-9418.149754
891.328884,76.570323,172.283227,-9533.005238
891.329512,76.570323,153.140646,-9418.149754
891.330139,133.998066,229.710970,-9418.149754
891.330767,172.283227,153.140646,-9379.864592
891.331394,114.855485,114.855485,-9379.864592
891.332021,38.285162,114.855485,-9418.149754
891.332649,76.570323,172.283227,-9418.149754
891.333276,57.427742,210.568389,-9494.720077
891.333904,76.570323,114.855485,-9475.577496
891.334531,133.998066,114.855485,-9475.577496
891.335159,133.998066,153.140646,-9456.434915
891.335786,133.998066,133.998066,-9399.007173
891.336414,114.855485,153.140646,-9360.722011
891.337041,133.998066,153.140646,-9418.149754
891.337669,76.570323,172.283227,-9418.149754
891.338296,133.998066,114.855485,-9418.149754
891.338924,133.998066,133.998066,-9399.007173
891.339551,38.285162,114.855485,-9475.577496
891.340178,76.570323,95.712904,-9437.292334
891.340806,76.570323,210.568389,-9456.434915
891.341433,95.712904,172.283227,-9418.149754
891.342061,114.855485,95.712904,-9456.434915
891.342688,76.570323,114.855485,-9418.149754
891.343316,133.998066,172.283227,-9437.292334
891.343943,76.570323,172.283227,-9456.434915
891.344571,95.712904,172.283227,-9360.722011
891.345198,95.712904,114.855485,-9418.149754
891.345826,133.998066,172.283227,-9437.292334
891.346453,133.998066,114.855485,-9418.149754
891.347080,76.570323,153.140646,-9437.292334
891.347708,76.570323,172.283227,-9418.149754
891.348335,133.998066,153.140646,-9456.434915
891.348963,76.570323,114.855485,-9418.149754
891.349590,38.285162,114.855485,-9437.292334
891.350218,114.855485,114.855485,-9399.007173
891.350845,95.712904,133.998066,-9360.722011
891.351473,133.998066,153.140646,-9418.149754
891.352100,95.712904,114.855485,-9418.149754
891.352728,76.570323,114.855485,-9418.149754
891.353355,133.998066,114.855485,-9437.292334
891.353982,133.998066,133.998066,-9399.007173
891.354610,133.998066,114.855485,-9456.434915
891.355237,76.570323,210.568389,-9437.292334
891.355865,76.570323,114.855485,-9418.149754
891.356492,133.998066,153.140646,-9437.292334
891.357120,114.855485,95.712904,-9456.434915
891.357747,76.570323,172.283227,-9418.149754
891.358375,76.570323,153.140646,-9437.292334
891.359002,133.998066,133.998066,-9379.864592
891.359630,76.570323,114.855485,-9418.149754
891.360257,133.998066,114.855485,-9418.149754
891.360885,133.998066,114.855485,-9418.149754
891.361512,133.998066,153.140646,-9399.007173
891.362139,76.570323,172.283227,-9418.149754
891.362767,38.285162,172.283227,-9418.149754
891.363394,133.998066,133.998066,-9399.007173
891.364022,133.998066,114.855485,-9418.149754
891.364649,133.998066,153.140646,-9418.149754
891.365277,133.998066,229.710970,-9418.149754
891.365904,133.998066,114.855485,-9418.149754
891.366532,76.570323,172.283227,-9475.577496
891.367159,153.140646,172.283227,-9399.007173
891.367787,19.142581,114.855485,-9456.434915
891.368414,38.285162,114.855485,-9456.434915
891.369041,133.998066,114.855485,-9475.577496
891.369669,133.998066,172.283227,-9437.292334
891.370296,95.712904,114.855485,-9418.149754
891.370924,133.998066,114.855485,-9418.149754
891.371551,210.568389,133.998066,-9475.577496
891.372179,76.570323,114.855485,-9456.434915
891.372806,76.570323,95.712904,-9513.862658
891.373434,76.570323,114.855485,-9475.577496
891.374061,76.570323,114.855485,-9456.434915
891.374689,153.140646,153.140646,-9437.292334
891.375316,153.140646,191.425808,-9513.862658
891.375944,133.998066,153.140646,-9418.149754
891.376571,153.140646,133.998066,-9399.007173
891.377198,172.283227,133.998066,-9418.149754
891.377826,38.285162,114.855485,-9475.577496
891.378453,153.140646,133.998066,-9399.007173
891.379081,114.855485,76.570323,-9437.292334
891.379708,76.570323,114.855485,-9437.292334
891.380336,57.427742,95.712904,-9437.292334
891.380963,133.998066,133.998066,-9399.007173
891.381591,38.285162,229.710970,-9418.149754
891.382218,133.998066,172.283227,-9418.149754
891.382846,76.570323,114.855485,-9418.149754
891.383473,76.570323,172.283227,-9418.149754
891.384100,76.570323,114.855485,-9418.149754
891.384728,76.570323,153.140646,-9418.149754
891.385355,133.998066,172.283227,-9437.292334
891.385983,133.998066,191.425808,-9456.434915
891.386610,76.570323,153.140646,-9437.292334
891.387238,133.998066,153.140646,-9418.149754
891.387865,133.998066,114.855485,-9418.149754
891.388493,95.712904,172.283227,-9437.292334
891.389120,153.140646,133.998066,-9456.434915
891.389748,133.998066,133.998066,-9399.007173
891.390375,133.998066,114.855485,-9418.149754
891.391002,133.998066,153.140646,-9456.434915
891.391630,133.998066,133.998066,-9456.434915
891.392257,133.998066,114.855485,-9418.149754
891.392885,133.998066,114.855485,-9418.149754
891.393512,76.570323,172.283227,-9418.149754
891.394140,133.998066,210.568389,-9418.149754
891.394767,76.570323,153.140646,-9418.149754
891.395395,95.712904,95.712904,-9399.007173
891.396022,76.570323,114.855485,-9437.292334
891.396650,76.570323,114.855485,-9437.292334
891.397277,133.998066,114.855485,-9418.149754
891.397905,19.142581,114.855485,-9437.292334
891.398532,38.285162,172.283227,-9418.149754
891.399159,76.570323,114.855485,-9418.149754
891.399787,57.427742,133.998066,-9418.149754
891.400414,153.140646,133.998066,-9399.007173
891.401042,133.998066,172.283227,-9494.720077
891.401669,133.998066,210.568389,-9437.292334
891.402297,38.285162,172.283227,-9418.149754
891.402924,133.998066,172.283227,-9399.007173
891.403552,76.570323,153.140646,-9494.720077
891.404179,133.998066,172.283227,-9456.434915
891.404807,38.285162,172.283227,-9418.149754
891.405434,95.712904,191.425808,-9360.722011
891.406061,133.998066,114.855485,-9475.577496
891.406689,95.712904,172.283227,-9399.007173
891.407316,38.285162,114.855485,-9533.005238
891.407944,133.998066,114.855485,-9418.149754
891.408571,76.570323,153.140646,-9418.149754
891.409199,133.998066,114.855485,-9418.149754
891.409826,114.855485,133.998066,-9360.722011
891.410454,76.570323,114.855485,-9437.292334
891.411081,76.570323,114.855485,-9418.149754
891.411709,76.570323,153.140646,-9418.149754
891.412336,133.998066,114.855485,-9418.149754
891.412964,133.998066,114.855485,-9437.292334
891.413591,133.998066,114.855485,-9418.149754
891.414218,133.998066,172.283227,-9418.149754
891.414846,57.427742,191.425808,-9418.149754
891.415473,133.998066,153.140646,-9418.149754
891.416101,95.712904,210.568389,-9456.434915
891.416728,95.712904,114.855485,-9437.292334
891.417356,76.570323,114.855485,-9437.292334
891.417983,76.570323,114.855485,-9418.149754
891.418611,76.570323,172.283227,-9418.149754
891.419238,76.570323,114.855485,-9456.434915
891.419866,95.712904,95.712904,-9456.434915
891.420493,76.570323,210.568389,-9437.292334
891.421120,76.570323,172.283227,-9494.720077
891.421748,76.570323,191.425808,-9494.720077
891.422375,133.998066,153.140646,-9475.577496
891.423003,133.998066,114.855485,-9456.434915
891.423630,76.570323,114.855485,-9418.149754
891.424258,76.570323,114.855485,-9418.149754
891.424885,95.712904,133.998066,-9360.722011
891.425513,76.570323,172.283227,-9418.149754
891.426140,76.570323,172.283227,-9418.149754
891.426768,38.285162,114.855485,-9418.149754
891.427395,95.712904,114.855485,-9399.007173
891.428023,76.570323,114.855485,-9418.149754
891.428650,133.998066,153.140646,-9437.292334
891.429277,133.998066,153.140646,-9475.577496
891.429905,133.998066,114.855485,-9418.149754
891.430532,95.712904,95.712904,-9399.007173
891.431160,38.285162,114.855485,-9456.434915
891.431787,38.285162,153.140646,-9418.149754
891.432415,76.570323,114.855485,-9360.722011
891.433042,133.998066,114.855485,-9437.292334
891.433670,76.570323,114.855485,-9418.149754
891.434297,76.570323,172.283227,-9418.149754
891.434925,114.855485,191.425808,-9360.722011
891.435552,133.998066,153.140646,-9418.149754
891.436179,76.570323,114.855485,-9418.149754
891.436807,133.998066,114.855485,-9418.149754
891.437434,133.998066,153.140646,-9418.149754
891.438062,76.570323,114.855485,-9437.292334
891.438689,95.712904,191.425808,-9418.149754
891.439317,76.570323,114.855485,-9418.149754
891.439944,38.285162,114.855485,-9418.149754
891.440572,133.998066,133.998066,-9399.007173
891.441199,95.712904,153.140646,-9418.149754
891.441827,76.570323,114.855485,-9418.149754
891.442454,76.570323,153.140646,-9475.577496
891.443082,133.998066,172.283227,-9418.149754
891.443709,133.998066,95.712904,-9360.722011
891.444336,76.570323,114.855485,-9456.434915
891.444964,76.570323,95.712904,-9399.007173
891.445591,76.570323,114.855485,-9456.434915
891.446219,133.998066,114.855485,-9456.434915
891.446846,133.998066,114.855485,-9418.149754
891.447474,114.855485,210.568389,-9437.292334
891.448101,133.998066,153.140646,-9418.149754
891.448729,95.712904,133.998066,-9360.722011
891.449356,133.998066,133.998066,-9399.007173
891.449984,114.855485,95.712904,-9494.720077
891.450611,38.285162,172.283227,-9418.149754
891.451238,114.855485,172.283227,-9437.292334
891.451866,133.998066,114.855485,-9437.292334
891.452493,76.570323,114.855485,-9456.434915
891.453121,38.285162,114.855485,-9418.149754
891.453748,95.712904,114.855485,-9475.577496
891.454376,38.285162,172.283227,-9418.149754
891.455003,133.998066,114.855485,-9533.005238
891.455631,133.998066,133.998066,-9399.007173
891.456258,153.140646,76.570323,-9379.864592
891.456885,172.283227,153.140646,-9379.864592
891.457513,76.570323,153.140646,-9418.149754
891.458140,76.570323,114.855485,-9456.434915
891.458768,133.998066,114.855485,-9418.149754
891.459395,133.998066,191.425808,-9437.292334
891.460023,95.712904,114.855485,-9399.007173
891.460650,133.998066,114.855485,-9418.149754
891.461278,76.570323,172.283227,-9418.149754
891.461905,57.427742,114.855485,-9456.434915
891.462533,76.570323,172.283227,-9418.149754
891.463160,133.998066,114.855485,-9456.434915
891.463787,76.570323,114.855485,-9418.149754
891.464415,76.570323,114.855485,-9418.149754
891.465042,133.998066,229.710970,-9418.149754
891.465670,133.998066,153.140646,-9418.149754
891.466297,133.998066,172.283227,-9437.292334
891.466925,95.712904,153.140646,-9418.149754
891.467552,76.570323,114.855485,-9418.149754
891.468180,95.712904,114.855485,-9418.149754
891.468807,114.855485,172.283227,-9322.436850
891.469434,76.570323,114.855485,-9456.434915
891.470062,133.998066,114.855485,-9418.149754
891.470689,114.855485,133.998066,-9360.722011
891.471317,57.427742,114.855485,-9418.149754
891.471944,114.855485,133.998066,-9360.722011
891.472572,76.570323,114.855485,-9418.149754
891.473199,76.570323,153.140646,-9418.149754
891.473827,95.712904,114.855485,-9418.149754
891.474454,76.570323,114.855485,-9437.292334
891.475082,172.283227,76.570323,-9437.292334
891.475709,133.998066,153.140646,-9418.149754
891.476336,38.285162,114.855485,-9418.149754
891.476964,95.712904,133.998066,-9418.149754
891.477591,133.998066,114.855485,-9418.149754
891.478219,76.570323,191.425808,-9437.292334
891.478846,76.570323,114.855485,-9456.434915
891.479474,153.140646,172.283227,-9437.292334
891.480101,19.142581,114.855485,-9475.577496
891.480729,133.998066,114.855485,-9418.149754
891.481356,76.570323,172.283227,-9418.149754
891.481984,133.998066,114.855485,-9494.720077
891.482611,76.570323,172.283227,-9456.434915
891.483238,76.570323,114.855485,-9418.149754
891.483866,133.998066,114.855485,-9437.292334
891.484493,95.712904,95.712904,-9399.007173
891.485121,133.998066,114.855485,-9418.149754
891.485748,133.998066,114.855485,-9418.149754
891.486376,133.998066,133.998066,-9437.292334
891.487003,133.998066,114.855485,-9418.149754
891.487631,133.998066,153.140646,-9456.434915
891.488258,133.998066,114.855485,-9418.149754
891.488885,76.570323,114.855485,-9399.007173
891.489513,76.570323,153.140646,-9418.149754
891.490140,76.570323,172.283227,-9456.434915
891.490768,133.998066,114.855485,-9437.292334
891.491395,38.285162,172.283227,-9475.577496
891.492023,114.855485,114.855485,-9399.007173
891.492650,76.570323,210.568389,-9475.577496
891.493278,76.570323,172.283227,-9418.149754
891.493905,95.712904,114.855485,-9418.149754
891.494533,38.285162,114.855485,-9418.149754
891.495160,38.285162,172.283227,-9437.292334
891.495787,133.998066,153.140646,-9494.720077
891.496415,38.285162,114.855485,-9418.149754
891.497042,38.285162,114.855485,-9418.149754
891.497670,133.998066,114.855485,-9418.149754
891.498297,76.570323,153.140646,-9418.149754
891.498925,95.712904,172.283227,-9418.149754
891.499552,76.570323,114.855485,-9418.149754
891.500180,95.712904,114.855485,-9418.149754
891.500807,133.998066,133.998066,-9399.007173
891.501434,95.712904,210.568389,-9418.149754
891.502062,133.998066,153.140646,-9418.149754
891.502689,76.570323,172.283227,-9456.434915
891.503317,133.998066,153.140646,-9418.149754
891.503944,76.570323,114.855485,-9418.149754
891.504572,76.570323,172.283227,-9418.149754
891.505199,76.570323,153.140646,-9456.434915
891.505827,133.998066,153.140646,-9418.149754
891.506454,133.998066,133.998066,-9399.007173
891.507082,133.998066,114.855485,-9456.434915
891.507709,133.998066,172.283227,-9418.149754
891.508336,76.570323,172.283227,-9456.434915
891.508964,38.285162,114.855485,-9418.149754
891.509591,76.570323,114.855485,-9456.434915
891.510219,95.712904,114.855485,-9418.149754
891.510846,114.855485,95.712904,-9399.007173
891.511474,76.570323,172.283227,-9360.722011
891.512101,76.570323,95.712904,-9456.434915
891.512729,95.712904,133.998066,-9418.149754
891.513356,133.998066,210.568389,-9475.577496
891.513984,57.427742,95.712904,-9399.007173
891.514611,38.285162,153.140646,-9437.292334
891.515238,38.285162,114.855485,-9418.149754
891.515866,38.285162,114.855485,-9418.149754
891.516493,38.285162,172.283227,-9456.434915
891.517121,133.998066,210.568389,-9418.149754
891.517748,76.570323,114.855485,-9418.149754
891.518376,76.570323,153.140646,-9418.149754
891.519003,133.998066,153.140646,-9437.292334
891.519631,76.570323,114.855485,-9437.292334
891.520258,133.998066,153.140646,-9418.149754
891.520885,76.570323,114.855485,-9418.149754
891.521513,133.998066,114.855485,-9418.149754
891.522140,95.712904,153.140646,-9360.722011
891.522768,57.427742,114.855485,-9437.292334
891.523395,95.712904,114.855485,-9533.005238
891.524023,95.712904,95.712904,-9437.292334
891.524650,76.570323,114.855485,-9437.292334
891.525278,76.570323,114.855485,-9475.577496
891.525905,133.998066,153.140646,-9418.149754
891.526533,133.998066,114.855485,-9418.149754
891.527160,133.998066,114.855485,-9437.292334
891.527787,95.712904,172.283227,-9456.434915
891.528415,133.998066,133.998066,-9456.434915
891.529042,133.998066,153.140646,-9456.434915
891.529670,76.570323,172.283227,-9456.434915
891.530297,133.998066,114.855485,-9456.434915
891.530925,38.285162,114.855485,-9418.149754
891.531552,38.285162,114.855485,-9418.149754
891.532180,57.427742,210.568389,-9456.434915
891.532807,133.998066,114.855485,-9418.149754
891.533434,76.570323,172.283227,-9437.292334
891.534062,114.855485,133.998066,-9360.722011
891.534689,133.998066,172.283227,-9456.434915
891.535317,95.712904,95.712904,-9399.007173
891.535944,133.998066,210.568389,-9437.292334
891.536572,76.570323,114.855485,-9437.292334
891.537199,133.998066,172.283227,-9437.292334
891.537827,76.570323,114.855485,-9533.005238
891.538454,153.140646,133.998066,-9456.434915
891.539082,57.427742,229.710970,-9456.434915
891.539709,95.712904,229.710970,-9418.149754
891.540336,95.712904,95.712904,-9399.007173
891.540964,114.855485,76.570323,-9418.149754
891.541591,153.140646,153.140646,-9399.007173
891.542219,153.140646,153.140646,-9399.007173
891.542846,95.712904,210.568389,-9418.149754
891.543474,153.140646,133.998066,-9456.434915
891.544101,133.998066,114.855485,-9456.434915
891.544729,133.998066,114.855485,-9418.149754
891.545356,133.998066,172.283227,-9437.292334
891.545983,133.998066,210.568389,-9418.149754
891.546611,172.283227,76.570323,-9418.149754
891.547238,133.998066,114.855485,-9437.292334
891.547866,114.855485,95.712904,-9399.007173
891.548493,95.712904,95.712904,-9399.007173
891.549121,95.712904,114.855485,-9418.149754
891.549749,133.998066,172.283227,-9437.292334
891.550376,76.570323,172.283227,-9456.434915
891.551004,76.570323,172.283227,-9456.434915
891.551631,38.285162,114.855485,-9475.577496
891.552259,76.570323,210.568389,-9418.149754
891.552886,76.570323,153.140646,-9418.149754
891.553514,95.712904,95.712904,-9399.007173
891.554141,95.712904,114.855485,-9418.149754
891.554769,76.570323,114.855485,-9418.149754
891.555396,76.570323,114.855485,-9418.149754
891.556024,133.998066,114.855485,-9418.149754
891.556651,114.855485,95.712904,-9399.007173
891.557279,133.998066,114.855485,-9418.149754
891.557906,57.427742,153.140646,-9360.722011
891.558534,76.570323,172.283227,-9437.292334
891.559161,76.570323,114.855485,-9418.149754
891.559789,76.570323,114.855485,-9418.149754
891.560416,38.285162,153.140646,-9494.720077
891.561044,133.998066,114.855485,-9418.149754
891.561671,133.998066,114.855485,-9418.149754
891.562299,76.570323,114.855485,-9437.292334
891.562926,76.570323,114.855485,-9437.292334
891.563554,76.570323,210.568389,-9418.149754
891.564181,38.285162,172.283227,-9418.149754
891.564809,133.998066,114.855485,-9456.434915
891.565436,38.285162,114.855485,-9475.577496
891.566064,133.998066,114.855485,-9437.292334
891.566691,76.570323,172.283227,-9418.149754
891.567319,76.570323,114.855485,-9437.292334
891.567946,38.285162,153.140646,-9437.292334
891.568574,133.998066,114.855485,-9418.149754
891.569201,133.998066,114.855485,-9418.149754
891.569829,114.855485,95.712904,-9437.292334
891.570456,76.570323,153.140646,-9418.149754
891.571084,133.998066,191.425808,-9418.149754
891.571711,133.998066,172.283227,-9418.149754
891.572339,133.998066,172.283227,-9475.577496
891.572966,133.998066,153.140646,-9399.007173
891.573594,95.712904,172.283227,-9360.722011
891.574221,95.712904,95.712904,-9456.434915
891.574849,133.998066,172.283227,-9418.149754
891.575476,95.712904,172.283227,-9437.292334
891.576104,133.998066,114.855485,-9418.149754
891.576731,95.712904,172.283227,-9475.577496
891.577359,76.570323,114.855485,-9418.149754
891.577986,76.570323,191.425808,-9418.149754
891.578614,76.570323,172.283227,-9418.149754
891.579241,133.998066,114.855485,-9418.149754
891.579869,95.712904,95.712904,-9456.434915
891.580497,95.712904,95.712904,-9456.434915
891.581124,76.570323,114.855485,-9437.292334
891.581752,133.998066,153.140646,-9418.149754
891.582379,76.570323,172.283227,-9418.149754
891.583007,76.570323,172.283227,-9475.577496
891.583634,76.570323,114.855485,-9418.149754
891.584262,38.285162,114.855485,-9456.434915
891.584889,133.998066,114.855485,-9418.149754
891.585517,133.998066,114.855485,-9418.149754
891.586144,133.998066,114.855485,-9437.292334
891.586772,76.570323,229.710970,-9418.149754
891.587399,76.570323,114.855485,-9456.434915
891.588027,57.427742,95.712904,-9456.434915
891.588654,133.998066,114.855485,-9475.577496
891.589282,95.712904,114.855485,-9418.149754
891.589909,76.570323,114.855485,-9418.149754
891.590537,76.570323,114.855485,-9456.434915
891.591164,76.570323,191.425808,-9494.720077
891.591792,153.140646,133.998066,-9399.007173
891.592419,95.712904,191.425808,-9360.722011
891.593047,76.570323,153.140646,-9456.434915
891.593674,76.570323,114.855485,-9437.292334
891.594302,95.712904,191.425808,-9475.577496
891.594929,133.998066,153.140646,-9475.577496
891.595557,38.285162,172.283227,-9418.149754
891.596184,133.998066,114.855485,-9418.149754
891.596812,76.570323,153.140646,-9418.149754
891.597439,76.570323,114.855485,-9418.149754
891.598067,133.998066,114.855485,-9418.149754
891.598694,57.427742,114.855485,-9418.149754
891.599322,133.998066,153.140646,-9399.007173
891.599949,114.855485,95.712904,-9456.434915
891.600577,95.712904,95.712904,-9437.292334
891.601204,133.998066,191.425808,-9360.722011
891.601832,133.998066,114.855485,-9475.577496
891.602459,76.570323,114.855485,-9418.149754
891.603087,76.570323,114.855485,-9418.149754
891.603714,95.712904,133.998066,-9360.722011
891.604342,95.712904,133.998066,-9360.722011
891.604969,38.285162,114.855485,-9418.149754
891.605597,95.712904,95.712904,-9399.007173
891.606224,133.998066,172.283227,-9418.149754
891.606852,76.570323,172.283227,-9418.149754
891.607479,76.570323,210.568389,-9475.577496
891.608107,133.998066,114.855485,-9418.149754
891.608734,133.998066,133.998066,-9399.007173
891.609362,133.998066,172.283227,-9437.292334
891.609990,133.998066,114.855485,-9456.434915
891.610617,76.570323,114.855485,-9418.149754
891.611245,38.285162,191.425808,-9418.149754
891.611872,133.998066,153.140646,-9418.149754
891.612500,76.570323,114.855485,-9418.149754
891.613127,133.998066,114.855485,-9437.292334
891.613755,76.570323,114.855485,-9418.149754
891.614382,76.570323,114.855485,-9418.149754
891.615010,76.570323,229.710970,-9418.149754
891.615637,76.570323,153.140646,-9418.149754
891.616265,76.570323,172.283227,-9418.149754
891.616892,76.570323,153.140646,-9437.292334
891.617520,133.998066,172.283227,-9418.149754
891.618147,133.998066,172.283227,-9418.149754
891.618775,153.140646,191.425808,-9399.007173
891.619402,57.427742,95.712904,-9399.007173
891.620030,133.998066,114.855485,-9418.149754
891.620657,76.570323,114.855485,-9418.149754
891.621285,76.570323,114.855485,-9418.149754
891.621912,133.998066,210.568389,-9399.007173
891.622540,133.998066,133.998066,-9437.292334
891.623167,133.998066,172.283227,-9494.720077
891.623795,38.285162,153.140646,-9418.149754
891.624422,76.570323,114.855485,-9418.149754
891.625050,95.712904,95.712904,-9399.007173
891.625677,114.855485,76.570323,-9437.292334
891.626305,133.998066,114.855485,-9475.577496
891.626932,76.570323,153.140646,-9475.577496
891.627560,76.570323,114.855485,-9437.292334
891.628187,76.570323,114.855485,-9418.149754
891.628815,76.570323,114.855485,-9456.434915
891.629442,133.998066,172.283227,-9475.577496
891.630070,76.570323,114.855485,-9456.434915
891.630697,133.998066,153.140646,-9418.149754
891.631325,133.998066,114.855485,-9418.149754
891.631952,133.998066,133.998066,-9437.292334
891.632580,133.998066,229.710970,-9456.434915
891.633207,153.140646,114.855485,-9418.149754
891.633835,76.570323,172.283227,-9418.149754
891.634462,133.998066,172.283227,-9418.149754
891.635090,153.140646,133.998066,-9399.007173
891.635717,38.285162,172.283227,-9418.149754
891.636345,76.570323,172.283227,-9360.722011
891.636972,76.570323,114.855485,-9418.149754
891.637600,133.998066,172.283227,-9456.434915
891.638227,76.570323,114.855485,-9437.292334
891.638855,76.570323,114.855485,-9437.292334
891.639482,133.998066,172.283227,-9437.292334
891.640110,95.712904,38.285162,-9399.007173
891.640738,133.998066,114.855485,-9456.434915
891.641365,76.570323,210.568389,-9418.149754
891.641993,114.855485,133.998066,-9360.722011
891.642620,76.570323,210.568389,-9418.149754
891.643248,76.570323,114.855485,-9418.149754
891.643875,76.570323,210.568389,-9437.292334
891.644503,76.570323,210.568389,-9494.720077
891.645130,76.570323,153.140646,-9456.434915
891.645758,133.998066,153.140646,-9456.434915
891.646385,76.570323,153.140646,-9418.149754
891.647013,114.855485,133.998066,-9360.722011
891.647640,38.285162,114.855485,-9456.434915
891.648268,153.140646,133.998066,-9494.720077
891.648895,133.998066,229.710970,-9418.149754
891.649523,76.570323,114.855485,-9494.720077
891.650150,76.570323,172.283227,-9418.149754
891.650778,57.427742,114.855485,-9456.434915
891.651405,95.712904,95.712904,-9494.720077
891.652033,133.998066,114.855485,-9418.149754
891.652660,133.998066,191.425808,-9456.434915
891.653288,133.998066,191.425808,-9418.149754
891.653915,76.570323,172.283227,-9418.149754
891.654543,76.570323,210.568389,-9437.292334
891.655170,76.570323,172.283227,-9475.577496
891.655798,76.570323,114.855485,-9437.292334
891.656425,133.998066,114.855485,-9456.434915
891.657053,133.998066,114.855485,-9418.149754
891.657680,76.570323,114.855485,-9418.149754
891.658307,57.427742,114.855485,-9418.149754
891.658935,133.998066,114.855485,-9418.149754
891.659562,76.570323,172.283227,-9418.149754
891.660189,38.285162,153.140646,-9418.149754
891.660817,38.285162,114.855485,-9418.149754
891.661444,133.998066,172.283227,-9418.149754
891.662071,133.998066,114.855485,-9437.292334
891.662699,133.998066,172.283227,-9456.434915
891.663326,153.140646,133.998066,-9399.007173
891.663953,95.712904,95.712904,-9437.292334
891.664581,95.712904,95.712904,-9437.292334
891.665208,76.570323,114.855485,-9418.149754
891.665835,95.712904,153.140646,-9494.720077
891.666463,114.855485,95.712904,-9513.862658
891.667090,133.998066,114.855485,-9456.434915
891.667717,76.570323,114.855485,-9418.149754
891.668345,133.998066,114.855485,-9475.577496
891.668972,95.712904,114.855485,-9418.149754
891.669600,133.998066,114.855485,-9418.149754
891.670227,153.140646,153.140646,-9399.007173
891.670854,153.140646,172.283227,-9399.007173
891.671482,76.570323,114.855485,-9418.149754
891.672109,76.570323,114.855485,-9418.149754
891.672736,133.998066,76.570323,-9513.862658
891.673364,114.855485,57.427742,-9456.434915
891.673991,133.998066,114.855485,-9418.149754
891.674618,76.570323,114.855485,-9418.149754
891.675246,76.570323,153.140646,-9418.149754
891.675873,76.570323,210.568389,-9418.149754
891.676500,76.570323,153.140646,-9418.149754
891.677128,76.570323,114.855485,-9418.149754
891.677755,114.855485,114.855485,-9418.149754
891.678382,76.570323,114.855485,-9418.149754
891.679010,133.998066,153.140646,-9418.149754
891.679637,76.570323,114.855485,-9437.292334
891.680264,133.998066,114.855485,-9456.434915
891.680892,76.570323,114.855485,-9418.149754
891.681519,133.998066,172.283227,-9418.149754
891.682146,76.570323,114.855485,-9418.149754
891.682774,133.998066,153.140646,-9437.292334
891.683401,133.998066,114.855485,-9437.292334
891.684028,133.998066,114.855485,-9418.149754
891.684656,57.427742,95.712904,-9399.007173
891.685283,57.427742,95.712904,-9399.007173
891.685910,76.570323,114.855485,-9456.434915
891.686538,76.570323,153.140646,-9418.149754
891.687165,133.998066,114.855485,-9418.149754
891.687792,133.998066,114.855485,-9475.577496
891.688420,133.998066,153.140646,-9418.149754
891.689047,133.998066,114.855485,-9456.434915
891.689674,133.998066,114.855485,-9418.149754
891.690302,133.998066,114.855485,-9418.149754
891.690929,76.570323,114.855485,-9418.149754
891.691556,57.427742,153.140646,-9360.722011
891.692184,38.285162,153.140646,-9418.149754
891.692811,76.570323,114.855485,-9418.149754
891.693438,76.570323,114.855485,-9418.149754
891.694066,76.570323,153.140646,-9475.577496
891.694693,114.855485,95.712904,-9437.292334
891.695320,95.712904,172.283227,-9399.007173
891.695948,38.285162,114.855485,-9437.292334
891.696575,76.570323,114.855485,-9456.434915
891.697202,114.855485,114.855485,-9399.007173
891.697830,114.855485,95.712904,-9456.434915
891.698457,76.570323,114.855485,-9418.149754
891.699084,133.998066,114.855485,-9418.149754
891.699712,153.140646,172.283227,-9399.007173
891.700339,76.570323,172.283227,-9418.149754
891.700966,95.712904,95.712904,-9399.007173
891.701594,153.140646,133.998066,-9399.007173
891.702221,95.712904,153.140646,-9456.434915
891.702848,76.570323,210.568389,-9437.292334
891.703476,76.570323,210.568389,-9418.149754
891.704103,133.998066,210.568389,-9418.149754
891.704730,57.427742,133.998066,-9360.722011
891.705358,133.998066,114.855485,-9418.149754
891.705985,133.998066,114.855485,-9418.149754
891.706612,133.998066,153.140646,-9418.149754
891.707240,95.712904,229.710970,-9456.434915
891.707867,76.570323,229.710970,-9437.292334
891.708494,76.570323,153.140646,-9418.149754
891.709122,153.140646,133.998066,-9456.434915
891.709749,76.570323,153.140646,-9494.720077
891.710376,133.998066,114.855485,-9475.577496
891.711004,133.998066,153.140646,-9437.292334
891.711631,133.998066,133.998066,-9494.720077
891.712258,133.998066,172.283227,-9418.149754
891.712886,191.425808,133.998066,-9399.007173
891.713513,95.712904,153.140646,-9360.722011
891.714140,133.998066,114.855485,-9456.434915
891.714768,153.140646,172.283227,-9399.007173
891.715395,133.998066,114.855485,-9456.434915
891.716022,95.712904,114.855485,-9418.149754
891.716650,19.142581,114.855485,-9418.149754
891.717277,153.140646,133.998066,-9456.434915
891.717904,38.285162,114.855485,-9437.292334
891.718532,114.855485,76.570323,-9418.149754
891.719159,114.855485,95.712904,-9399.007173
891.719786,76.570323,191.425808,-9418.149754
891.720414,38.285162,114.855485,-9418.149754
891.721041,133.998066,114.855485,-9418.149754
891.721668,76.570323,76.570323,-9379.864592
891.722296,133.998066,172.283227,-9418.149754
891.722923,95.712904,114.855485,-9418.149754
891.723550,76.570323,114.855485,-9418.149754
891.724178,95.712904,172.283227,-9360.722011
891.724805,76.570323,114.855485,-9456.434915
891.725432,76.570323,114.855485,-9418.149754
891.726060,133.998066,191.425808,-9456.434915
891.726687,38.285162,229.710970,-9533.005238
891.727314,76.570323,172.283227,-9418.149754
891.727942,133.998066,114.855485,-9456.434915
891.728569,133.998066,133.998066,-9399.007173
891.729196,95.712904,114.855485,-9399.007173
891.729824,153.140646,172.283227,-9418.149754
891.730451,57.427742,133.998066,-9418.149754
891.731078,95.712904,95.712904,-9456.434915
891.731706,114.855485,133.998066,-9360.722011
891.732333,133.998066,114.855485,-9418.149754
891.732960,114.855485,95.712904,-9399.007173
891.733588,133.998066,172.283227,-9418.149754
891.734215,76.570323,153.140646,-9418.149754
891.734842,95.712904,229.710970,-9399.007173
891.735470,76.570323,114.855485,-9418.149754
891.736097,76.570323,114.855485,-9418.149754
891.736724,57.427742,133.998066,-9360.722011
891.737352,38.285162,114.855485,-9418.149754
891.737979,95.712904,153.140646,-9360.722011
891.738606,133.998066,210.568389,-9437.292334
891.739234,133.998066,153.140646,-9437.292334
891.739861,133.998066,114.855485,-9456.434915
891.740488,95.712904,133.998066,-9360.722011
891.741116,76.570323,172.283227,-9418.149754
891.741743,133.998066,153.140646,-9418.149754
891.742370,133.998066,114.855485,-9494.720077
891.742998,95.712904,133.998066,-9360.722011
891.743625,95.712904,95.712904,-9513.862658
891.744252,76.570323,210.568389,-9475.577496
891.744880,76.570323,172.283227,-9437.292334
891.745507,38.285162,153.140646,-9456.434915
891.746134,133.998066,172.283227,-9456.434915
891.746762,153.140646,133.998066,-9456.434915
891.747389,76.570323,172.283227,-9418.149754
891.748017,38.285162,172.283227,-9456.434915
891.748644,95.712904,114.855485,-9418.149754
891.749271,76.570323,114.855485,-9418.149754
891.749899,133.998066,114.855485,-9418.149754
891.750526,76.570323,114.855485,-9418.149754
891.751154,76.570323,172.283227,-9418.149754
891.751781,76.570323,153.140646,-9437.292334
891.752408,76.570323,172.283227,-9418.149754
891.753036,76.570323,172.283227,-9418.149754
891.753663,76.570323,95.712904,-9475.577496
891.754290,76.570323,229.710970,-9456.434915
891.754918,76.570323,210.568389,-9418.149754
891.755545,76.570323,210.568389,-9418.149754
891.756173,133.998066,210.568389,-9418.149754
891.756800,76.570323,153.140646,-9418.149754
891.757427,95.712904,95.712904,-9456.434915
891.758055,210.568389,133.998066,-9456.434915
891.758682,76.570323,172.283227,-9418.149754
891.759310,114.855485,114.855485,-9437.292334
891.759937,95.712904,114.855485,-9418.149754
891.760564,133.998066,114.855485,-9533.005238
891.761192,38.285162,114.855485,-9437.292334
891.761819,76.570323,153.140646,-9418.149754
891.762447,76.570323,114.855485,-9418.149754
891.763074,76.570323,114.855485,-9437.292334
891.763701,57.427742,172.283227,-9475.577496
891.764329,76.570323,153.140646,-9418.149754
891.764956,38.285162,153.140646,-9437.292334
891.765584,95.712904,172.283227,-9418.149754
891.766211,133.998066,114.855485,-9418.149754
891.766838,114.855485,114.855485,-9456.434915
891.767466,133.998066,172.283227,-9418.149754
891.768093,38.285162,153.140646,-9418.149754
891.768721,95.712904,210.568389,-9360.722011
891.769348,76.570323,210.568389,-9418.149754
891.769975,76.570323,210.568389,-9475.577496
891.770603,133.998066,172.283227,-9399.007173
891.771230,95.712904,114.855485,-9437.292334
891.771858,76.570323,114.855485,-9399.007173
891.772485,133.998066,172.283227,-9437.292334
891.773112,95.712904,210.568389,-9533.005238
891.773740,133.998066,172.283227,-9494.720077
891.774367,133.998066,133.998066,-9456.434915
891.774994,76.570323,210.568389,-9456.434915
891.775622,38.285162,114.855485,-9437.292334
891.776249,133.998066,114.855485,-9418.149754
891.776877,76.570323,114.855485,-9418.149754
891.777504,76.570323,114.855485,-9418.149754
891.778131,133.998066,114.855485,-9418.149754
891.778759,133.998066,114.855485,-9437.292334
891.779386,133.998066,114.855485,-9418.149754
891.780014,95.712904,172.283227,-9418.149754
891.780641,133.998066,114.855485,-9456.434915
891.781268,38.285162,114.855485,-9418.149754
891.781896,76.570323,114.855485,-9418.149754
891.782523,95.712904,133.998066,-9360.722011
891.783151,95.712904,133.998066,-9418.149754
891.783778,76.570323,95.712904,-9399.007173
891.784405,114.855485,114.855485,-9379.864592
891.785033,133.998066,114.855485,-9437.292334
891.785660,133.998066,153.140646,-9475.577496
891.786288,133.998066,114.855485,-9418.149754
891.786915,95.712904,210.568389,-9360.722011
891.787542,38.285162,153.140646,-9418.149754
891.788170,133.998066,210.568389,-9418.149754
891.788797,133.998066,114.855485,-9456.434915
891.789425,133.998066,133.998066,-9399.007173
891.790052,114.855485,95.712904,-9399.007173
891.790679,76.570323,229.710970,-9456.434915
891.791307,76.570323,153.140646,-9418.149754
891.791934,38.285162,210.568389,-9418.149754
891.792561,133.998066,153.140646,-9437.292334
891.793189,38.285162,229.710970,-9418.149754
891.793816,76.570323,114.855485,-9418.149754
891.794444,38.285162,114.855485,-9475.577496
891.795071,114.855485,95.712904,-9437.292334
891.795698,133.998066,153.140646,-9418.149754
891.796326,133.998066,114.855485,-9437.292334
891.796953,133.998066,133.998066,-9399.007173
891.797581,95.712904,172.283227,-9418.149754
891.798208,133.998066,153.140646,-9418.149754
891.798835,133.998066,191.425808,-9475.577496
891.799463,76.570323,114.855485,-9475.577496
891.800090,76.570323,114.855485,-9494.720077
891.800718,114.855485,114.855485,-9456.434915
891.801345,133.998066,153.140646,-9475.577496
891.801972,76.570323,114.855485,-9456.434915
891.802600,76.570323,172.283227,-9437.292334
891.803227,38.285162,114.855485,-9418.149754
891.803855,38.285162,153.140646,-9418.149754
891.804482,133.998066,172.283227,-9418.149754
891.805109,76.570323,153.140646,-9418.149754
891.805737,114.855485,76.570323,-9437.292334
891.806364,38.285162,114.855485,-9418.149754
891.806992,133.998066,114.855485,-9475.577496
891.807619,133.998066,114.855485,-9418.149754
891.808246,172.283227,133.998066,-9437.292334
891.808874,153.140646,153.140646,-9494.720077
891.809501,76.570323,114.855485,-9475.577496
891.810129,76.570323,114.855485,-9418.149754
891.810756,76.570323,172.283227,-9494.720077
891.811383,133.998066,114.855485,-9456.434915
891.812011,133.998066,210.568389,-9418.149754
891.812638,95.712904,153.140646,-9418.149754
891.813265,133.998066,114.855485,-9418.149754
891.813893,76.570323,210.568389,-9456.434915
891.814520,76.570323,114.855485,-9456.434915
891.815148,133.998066,133.998066,-9399.007173
891.815775,76.570323,172.283227,-9418.149754
891.816402,95.712904,95.712904,-9456.434915
891.817030,76.570323,114.855485,-9418.149754
891.817657,76.570323,114.855485,-9456.434915
891.818285,133.998066,114.855485,-9418.149754
891.818912,133.998066,114.855485,-9437.292334
891.819539,133.998066,191.425808,-9456.434915
891.820167,133.998066,153.140646,-9418.149754
891.820794,133.998066,114.855485,-9418.149754
891.821422,76.570323,114.855485,-9494.720077
891.822049,133.998066,248.853550,-9399.007173
891.822676,95.712904,95.712904,-9399.007173
891.823304,76.570323,191.425808,-9418.149754
891.823931,95.712904,153.140646,-9418.149754
891.824559,76.570323,114.855485,-9418.149754
891.825186,38.285162,210.568389,-9418.149754
891.825813,133.998066,114.855485,-9418.149754
891.826441,76.570323,172.283227,-9418.149754
891.827068,153.140646,133.998066,-9437.292334
891.827696,153.140646,114.855485,-9418.149754
891.828323,133.998066,114.855485,-9418.149754
891.828950,76.570323,114.855485,-9418.149754
891.829578,76.570323,114.855485,-9418.149754
891.830205,76.570323,191.425808,-9437.292334
891.830832,172.283227,76.570323,-9418.149754
891.831460,114.855485,76.570323,-9456.434915
891.832087,76.570323,153.140646,-9418.149754
891.832715,133.998066,210.568389,-9418.149754
891.833342,133.998066,210.568389,-9437.292334
891.833969,76.570323,133.998066,-9379.864592
891.834597,76.570323,114.855485,-9418.149754
891.835224,76.570323,114.855485,-9475.577496
891.835852,95.712904,114.855485,-9437.292334
891.836479,76.570323,153.140646,-9475.577496
891.837106,95.712904,153.140646,-9456.434915
891.837734,76.570323,114.855485,-9418.149754
891.838361,133.998066,114.855485,-9437.292334
891.838989,76.570323,114.855485,-9418.149754
891.839616,133.998066,172.283227,-9437.292334
891.840243,76.570323,153.140646,-9437.292334
891.840871,95.712904,153.140646,-9418.149754
891.841498,133.998066,114.855485,-9418.149754
891.842126,38.285162,172.283227,-9437.292334
891.842753,38.285162,210.568389,-9418.149754
891.843380,76.570323,114.855485,-9494.720077
891.844008,95.712904,153.140646,-9418.149754
891.844635,76.570323,114.855485,-9456.434915
891.845263,76.570323,153.140646,-9418.149754
891.845890,133.998066,114.855485,-9456.434915
891.846517,95.712904,133.998066,-9360.722011
891.847145,133.998066,191.425808,-9456.434915
891.847772,76.570323,153.140646,-9494.720077
891.848399,153.140646,172.283227,-9475.577496
891.849027,76.570323,114.855485,-9418.149754
891.849654,133.998066,114.855485,-9456.434915
891.850281,133.998066,210.568389,-9437.292334
891.850909,76.570323,210.568389,-9475.577496
891.851536,76.570323,210.568389,-9456.434915
891.852163,114.855485,95.712904,-9399.007173
891.852791,133.998066,133.998066,-9399.007173
891.853418,133.998066,153.140646,-9418.149754
891.854045,76.570323,95.712904,-9399.007173
891.854673,76.570323,114.855485,-9360.722011
891.855300,57.427742,133.998066,-9418.149754
891.855927,133.998066,172.283227,-9437.292334
891.856555,76.570323,114.855485,-9418.149754
891.857182,133.998066,114.855485,-9437.292334
891.857809,76.570323,172.283227,-9418.149754
891.858437,95.712904,191.425808,-9360.722011
891.859064,133.998066,114.855485,-9418.149754
891.859691,76.570323,172.283227,-9494.720077
891.860319,95.712904,133.998066,-9360.722011
891.860946,95.712904,95.712904,-9399.007173
891.861573,57.427742,191.425808,-9360.722011
891.862201,38.285162,153.140646,-9475.577496
891.862828,76.570323,114.855485,-9437.292334
891.863455,133.998066,114.855485,-9360.722011
891.864083,133.998066,114.855485,-9418.149754
891.864710,38.285162,114.855485,-9456.434915
891.865337,38.285162,172.283227,-9475.577496
891.865965,133.998066,172.283227,-9437.292334
891.866592,153.140646,133.998066,-9399.007173
891.867219,153.140646,133.998066,-9456.434915
891.867847,76.570323,76.570323,-9379.864592
891.868474,57.427742,114.855485,-9399.007173
891.869101,133.998066,114.855485,-9418.149754
891.869729,133.998066,114.855485,-9418.149754
891.870356,76.570323,57.427742,-9456.434915
891.870983,133.998066,114.855485,-9418.149754
891.871611,76.570323,76.570323,-9379.864592
891.872238,76.570323,114.855485,-9437.292334
891.872865,114.855485,133.998066,-9418.149754
891.873493,38.285162,229.710970,-9456.434915
891.874120,133.998066,114.855485,-9456.434915
891.874747,114.855485,95.712904,-9437.292334
891.875375,133.998066,114.855485,-9418.149754
891.876002,153.140646,133.998066,-9456.434915
891.876629,133.998066,133.998066,-9399.007173
891.877257,133.998066,114.855485,-9437.292334
891.877884,153.140646,133.998066,-9399.007173
891.878511,133.998066,114.855485,-9437.292334
891.879139,172.283227,76.570323,-9437.292334
891.879766,133.998066,114.855485,-9437.292334
891.880393,76.570323,172.283227,-9418.149754
891.881021,95.712904,133.998066,-9360.722011
891.881648,76.570323,153.140646,-9418.149754
891.882275,76.570323,114.855485,-9437.292334
891.882903,76.570323,114.855485,-9418.149754
891.883530,38.285162,133.998066,-9360.722011
891.884157,114.855485,172.283227,-9360.722011
891.884785,133.998066,114.855485,-9418.149754
891.885412,76.570323,114.855485,-9418.149754
891.886039,133.998066,114.855485,-9360.722011
891.886667,133.998066,114.855485,-9418.149754
891.887294,114.855485,133.998066,-9360.722011
891.887921,76.570323,114.855485,-9418.149754
891.888549,38.285162,229.710970,-9418.149754
891.889176,133.998066,153.140646,-9399.007173
891.889803,76.570323,172.283227,-9418.149754
891.890430,38.285162,114.855485,-9437.292334
891.891058,133.998066,172.283227,-9418.149754
891.891685,38.285162,191.425808,-9456.434915
891.892312,153.140646,229.710970,-9418.149754
891.892940,133.998066,133.998066,-9399.007173
891.893567,133.998066,114.855485,-9437.292334
891.894194,133.998066,114.855485,-9437.292334
891.894822,76.570323,114.855485,-9475.577496
891.895449,76.570323,114.855485,-9437.292334
891.896076,76.570323,114.855485,-9437.292334
891.896704,76.570323,210.568389,-9418.149754
891.897331,76.570323,114.855485,-9475.577496
891.897958,76.570323,114.855485,-9437.292334
891.898586,95.712904,95.712904,-9456.434915
891.899213,133.998066,172.283227,-9456.434915
891.899840,133.998066,114.855485,-9437.292334
891.900468,76.570323,114.855485,-9418.149754
891.901095,153.140646,191.425808,-9456.434915
891.901722,133.998066,114.855485,-9418.149754
891.902350,76.570323,210.568389,-9418.149754
891.902977,95.712904,114.855485,-9418.149754
891.903604,133.998066,210.568389,-9437.292334
891.904232,133.998066,114.855485,-9475.577496
891.904859,95.712904,95.712904,-9399.007173
891.905486,133.998066,114.855485,-9418.149754
891.906114,76.570323,153.140646,-9437.292334
891.906741,76.570323,114.855485,-9456.434915
891.907368,133.998066,114.855485,-9418.149754
891.907996,95.712904,133.998066,-9360.722011
891.908623,38.285162,153.140646,-9418.149754
891.909250,133.998066,153.140646,-9437.292334
891.909878,153.140646,133.998066,-9437.292334
891.910505,95.712904,133.998066,-9418.149754
891.911132,76.570323,114.855485,-9437.292334
891.911760,76.570323,210.568389,-9418.149754
891.912387,76.570323,153.140646,-9437.292334
891.913014,76.570323,172.283227,-9494.720077
891.913642,38.285162,191.425808,-9418.149754
891.914269,76.570323,114.855485,-9418.149754
891.914896,114.855485,133.998066,-9360.722011
891.915524,76.570323,210.568389,-9437.292334
891.916151,133.998066,114.855485,-9418.149754
891.916778,153.140646,133.998066,-9399.007173
891.917406,133.998066,114.855485,-9437.292334
891.918033,76.570323,114.855485,-9456.434915
891.918660,76.570323,114.855485,-9418.149754
891.919288,133.998066,172.283227,-9418.149754
891.919915,133.998066,153.140646,-9418.149754
891.920542,133.998066,210.568389,-9456.434915
891.921170,133.998066,153.140646,-9494.720077
891.921797,133.998066,153.140646,-9456.434915
891.922424,133.998066,114.855485,-9418.149754
891.923052,133.998066,114.855485,-9418.149754
891.923679,133.998066,114.855485,-9418.149754
891.924306,76.570323,114.855485,-9418.149754
891.924934,76.570323,114.855485,-9418.149754
891.925561,114.855485,76.570323,-9418.149754
891.926188,133.998066,172.283227,-9533.005238
891.926816,76.570323,114.855485,-9399.007173
891.927443,38.285162,172.283227,-9437.292334
891.928070,114.855485,172.283227,-9360.722011
891.928698,76.570323,210.568389,-9418.149754
891.929325,133.998066,114.855485,-9456.434915
891.929952,153.140646,172.283227,-9399.007173
891.930580,95.712904,114.855485,-9494.720077
891.931207,76.570323,114.855485,-9437.292334
891.931834,76.570323,153.140646,-9418.149754
891.932462,133.998066,153.140646,-9456.434915
891.933089,153.140646,172.283227,-9399.007173
891.933716,95.712904,153.140646,-9456.434915
891.934344,172.283227,191.425808,-9418.149754
891.934971,133.998066,133.998066,-9399.007173
891.935598,95.712904,133.998066,-9360.722011
891.936226,133.998066,114.855485,-9418.149754
891.936853,133.998066,114.855485,-9418.149754
891.937480,76.570323,191.425808,-9494.720077
891.938108,133.998066,153.140646,-9437.292334
891.938735,133.998066,172.283227,-9456.434915
891.939362,133.998066,172.283227,-9418.149754
891.939989,133.998066,153.140646,-9475.577496
891.940617,95.712904,95.712904,-9399.007173
891.941244,95.712904,95.712904,-9494.720077
891.941871,76.570323,114.855485,-9418.149754
891.942499,133.998066,114.855485,-9418.149754
891.943126,133.998066,114.855485,-9418.149754
891.943753,133.998066,114.855485,-9418.149754
891.944381,76.570323,172.283227,-9437.292334
891.945008,76.570323,172.283227,-9437.292334
891.945635,76.570323,114.855485,-9437.292334
891.946263,133.998066,133.998066,-9399.007173
891.946890,76.570323,172.283227,-9437.292334
891.947517,76.570323,210.568389,-9437.292334
891.948145,57.427742,95.712904,-9399.007173
891.948772,95.712904,114.855485,-9418.149754
891.949399,76.570323,114.855485,-9418.149754
891.950027,76.570323,114.855485,-9418.149754
891.950654,0.000000,133.998066,-9360.722011
891.951282,76.570323,210.568389,-9418.149754
891.951909,133.998066,172.283227,-9437.292334
891.952536,133.998066,114.855485,-9418.149754
891.953164,153.140646,133.998066,-9456.434915
891.953791,133.998066,153.140646,-9418.149754
891.954418,153.140646,133.998066,-9437.292334
891.955046,133.998066,153.140646,-9456.434915
891.955673,133.998066,114.855485,-9418.149754
891.956300,95.712904,133.998066,-9360.722011
891.956928,57.427742,133.998066,-9360.722011
891.957555,76.570323,172.283227,-9418.149754
891.958182,133.998066,114.855485,-9437.292334
891.958810,133.998066,114.855485,-9418.149754
891.959437,76.570323,172.283227,-9456.434915
891.960064,133.998066,114.855485,-9418.149754
891.960692,95.712904,114.855485,-9379.864592
891.961319,76.570323,172.283227,-9437.292334
891.961947,76.570323,114.855485,-9475.577496
891.962574,95.712904,95.712904,-9513.862658
891.963201,95.712904,95.712904,-9399.007173
891.963829,133.998066,114.855485,-9437.292334
891.964456,76.570323,153.140646,-9437.292334
891.965083,38.285162,114.855485,-9475.577496
891.965711,133.998066,114.855485,-9437.292334
891.966338,133.998066,133.998066,-9437.292334
891.966965,76.570323,172.283227,-9418.149754
891.967593,95.712904,153.140646,-9418.149754
891.968220,133.998066,114.855485,-9418.149754
891.968847,114.855485,95.712904,-9456.434915
891.969475,153.140646,114.855485,-9418.149754
891.970102,76.570323,210.568389,-9418.149754
891.970730,76.570323,210.568389,-9475.577496
891.971357,38.285162,153.140646,-9475.577496
891.971984,76.570323,153.140646,-9418.149754
891.972612,76.570323,153.140646,-9418.149754
891.973239,133.998066,153.140646,-9360.722011
891.973866,76.570323,114.855485,-9437.292334
891.974494,114.855485,95.712904,-9399.007173
891.975121,38.285162,114.855485,-9494.720077
891.975748,38.285162,114.855485,-9418.149754
891.976376,133.998066,210.568389,-9437.292334
891.977003,133.998066,114.855485,-9456.434915
891.977630,76.570323,210.568389,-9437.292334
891.978258,133.998066,229.710970,-9456.434915
891.978885,133.998066,114.855485,-9418.149754
891.979512,133.998066,114.855485,-9418.149754
891.980140,133.998066,172.283227,-9418.149754
891.980767,76.570323,210.568389,-9418.149754
891.981395,38.285162,153.140646,-9418.149754
891.982022,133.998066,114.855485,-9437.292334
891.982649,76.570323,114.855485,-9418.149754
891.983277,95.712904,133.998066,-9360.722011
891.983904,133.998066,114.855485,-9475.577496
891.984531,133.998066,114.855485,-9437.292334
891.985159,153.140646,172.283227,-9399.007173
891.985786,133.998066,153.140646,-9456.434915
891.986413,38.285162,153.140646,-9418.149754
891.987041,76.570323,153.140646,-9418.149754
891.987668,133.998066,153.140646,-9418.149754
891.988295,133.998066,210.568389,-9418.149754
891.988923,133.998066,172.283227,-9456.434915
891.989550,153.140646,133.998066,-9399.007173
891.990177,133.998066,172.283227,-9418.149754
891.990805,95.712904,133.998066,-9360.722011
891.991432,95.712904,114.855485,-9456.434915
891.992060,133.998066,133.998066,-9437.292334
891.992687,133.998066,153.140646,-9418.149754
891.993314,133.998066,114.855485,-9456.434915
891.993942,133.998066,133.998066,-9399.007173
891.994569,95.712904,153.140646,-9456.434915
891.995196,133.998066,133.998066,-9437.292334
891.995824,76.570323,114.855485,-9437.292334
891.996451,133.998066,153.140646,-9494.720077
891.997078,38.285162,153.140646,-9418.149754
891.997706,38.285162,191.425808,-9437.292334
891.998333,57.427742,210.568389,-9418.149754
891.998960,76.570323,114.855485,-9418.149754
891.999588,76.570323,114.855485,-9418.149754
892.000215,133.998066,172.283227,-9399.007173
892.000842,57.427742,95.712904,-9456.434915
892.001470,95.712904,95.712904,-9456.434915
892.002097,76.570323,172.283227,-9418.149754
892.002725,76.570323,114.855485,-9418.149754
892.003352,76.570323,114.855485,-9418.149754
892.003979,76.570323,114.855485,-9437.292334
892.004607,95.712904,153.140646,-9437.292334
892.005234,133.998066,153.140646,-9437.292334
892.005861,76.570323,114.855485,-9418.149754
892.006489,57.427742,133.998066,-9475.577496
892.007116,76.570323,153.140646,-9437.292334
892.007743,172.283227,95.712904,-9399.007173
892.008371,191.425808,172.283227,-9399.007173
892.008998,38.285162,114.855485,-9418.149754
892.009625,76.570323,172.283227,-9418.149754
892.010253,38.285162,114.855485,-9418.149754
892.010880,133.998066,172.283227,-9418.149754
892.011508,76.570323,172.283227,-9418.149754
892.012135,38.285162,210.568389,-9418.149754
892.012762,95.712904,114.855485,-9456.434915
892.013390,76.570323,114.855485,-9418.149754
892.014017,38.285162,172.283227,-9418.149754
892.014644,76.570323,114.855485,-9418.149754
892.015272,153.140646,153.140646,-9399.007173
892.015899,76.570323,210.568389,-9456.434915
892.016526,38.285162,114.855485,-9418.149754
892.017154,76.570323,153.140646,-9456.434915
892.017781,38.285162,191.425808,-9418.149754
892.018408,38.285162,153.140646,-9418.149754
892.019036,76.570323,172.283227,-9418.149754
892.019663,38.285162,114.855485,-9418.149754
892.020290,76.570323,114.855485,-9418.149754
892.020918,38.285162,114.855485,-9418.149754
892.021545,76.570323,153.140646,-9456.434915
892.022173,76.570323,210.568389,-9418.149754
892.022800,114.855485,133.998066,-9360.722011
892.023427,114.855485,95.712904,-9399.007173
892.024055,133.998066,114.855485,-9494.720077
892.024682,133.998066,210.568389,-9533.005238
892.025309,153.140646,153.140646,-9399.007173
892.025937,153.140646,153.140646,-9399.007173
892.026564,95.712904,133.998066,-9360.722011
892.027191,95.712904,114.855485,-9418.149754
892.027819,76.570323,114.855485,-9418.149754
892.028446,95.712904,172.283227,-9456.434915
892.029073,210.568389,133.998066,-9456.434915
892.029701,114.855485,95.712904,-9437.292334
892.030328,76.570323,114.855485,-9456.434915
892.030955,95.712904,133.998066,-9360.722011
892.031583,76.570323,172.283227,-9418.149754
892.032210,114.855485,153.140646,-9341.579430
892.032838,76.570323,114.855485,-9437.292334
892.033465,76.570323,114.855485,-9456.434915
892.034092,76.570323,172.283227,-9418.149754
892.034720,133.998066,210.568389,-9418.149754
892.035347,133.998066,172.283227,-9418.149754
892.035974,95.712904,153.140646,-9437.292334
892.036602,133.998066,172.283227,-9494.720077
892.037229,95.712904,95.712904,-9456.434915
892.037856,57.427742,114.855485,-9399.007173
892.038484,57.427742,95.712904,-9399.007173
892.039111,95.712904,172.283227,-9456.434915
892.039738,133.998066,114.855485,-9437.292334
892.040366,114.855485,114.855485,-9399.007173
892.040993,153.140646,153.140646,-9399.007173
892.041620,133.998066,153.140646,-9437.292334
892.042248,76.570323,114.855485,-9418.149754
892.042875,76.570323,172.283227,-9437.292334
892.043503,133.998066,210.568389,-9437.292334
892.044130,133.998066,114.855485,-9456.434915
892.044757,38.285162,172.283227,-9418.149754
892.045385,76.570323,153.140646,-9456.434915
892.046012,95.712904,153.140646,-9418.149754
892.046639,76.570323,114.855485,-9418.149754
892.047267,133.998066,114.855485,-9437.292334
892.047894,133.998066,172.283227,-9418.149754
892.048521,76.570323,153.140646,-9418.149754
892.049149,95.712904,210.568389,-9418.149754
892.049776,133.998066,172.283227,-9475.577496
892.050403,76.570323,114.855485,-9437.292334
892.051030,76.570323,114.855485,-9475.577496
892.051658,133.998066,114.855485,-9418.149754
892.052285,133.998066,153.140646,-9399.007173
892.052912,133.998066,114.855485,-9418.149754
892.053540,76.570323,114.855485,-9418.149754
892.054167,133.998066,114.855485,-9418.149754
892.054794,76.570323,114.855485,-9437.292334
892.055421,76.570323,95.712904,-9456.434915
892.056049,95.712904,95.712904,-9494.720077
892.056676,38.285162,172.283227,-9456.434915
892.057303,76.570323,172.283227,-9437.292334
892.057931,76.570323,153.140646,-9456.434915
892.058558,76.570323,114.855485,-9475.577496
892.059185,38.285162,153.140646,-9475.577496
892.059812,114.855485,95.712904,-9399.007173
892.060440,133.998066,114.855485,-9418.149754
892.061067,133.998066,153.140646,-9418.149754
892.061694,38.285162,114.855485,-9418.149754
892.062321,76.570323,114.855485,-9418.149754
892.062949,76.570323,114.855485,-9456.434915
892.063576,76.570323,114.855485,-9418.149754
892.064203,153.140646,133.998066,-9399.007173
892.064831,133.998066,172.283227,-9399.007173
892.065458,76.570323,172.283227,-9418.149754
892.066085,133.998066,248.853550,-9399.007173
892.066712,57.427742,114.855485,-9437.292334
892.067340,133.998066,172.283227,-9418.149754
892.067967,95.712904,95.712904,-9399.007173
892.068594,95.712904,172.283227,-9360.722011
892.069222,38.285162,153.140646,-9475.577496
892.069849,133.998066,153.140646,-9456.434915
892.070476,38.285162,114.855485,-9475.577496
892.071103,133.998066,114.855485,-9437.292334
892.071731,76.570323,114.855485,-9437.292334
892.072358,38.285162,114.855485,-9418.149754
892.072985,95.712904,95.712904,-9399.007173
892.073613,133.998066,172.283227,-9418.149754
892.074240,153.140646,172.283227,-9437.292334
892.074867,95.712904,210.568389,-9418.149754
892.075494,153.140646,172.283227,-9437.292334
892.076122,153.140646,133.998066,-9456.434915
892.076749,95.712904,95.712904,-9456.434915
892.077376,76.570323,172.283227,-9494.720077
892.078003,133.998066,172.283227,-9418.149754
892.078631,76.570323,114.855485,-9418.149754
892.079258,133.998066,114.855485,-9437.292334
892.079885,76.570323,114.855485,-9437.292334
892.080513,76.570323,210.568389,-9437.292334
892.081140,76.570323,210.568389,-9418.149754
892.081767,38.285162,210.568389,-9418.149754
892.082394,95.712904,172.283227,-9360.722011
892.083022,76.570323,153.140646,-9418.149754
892.083649,76.570323,114.855485,-9437.292334
892.084276,76.570323,114.855485,-9456.434915
892.084904,133.998066,114.855485,-9418.149754
892.085531,76.570323,114.855485,-9418.149754
892.086158,57.427742,133.998066,-9360.722011
892.086785,133.998066,153.140646,-9418.149754
892.087413,76.570323,114.855485,-9437.292334
892.088040,76.570323,153.140646,-9418.149754
892.088667,38.285162,114.855485,-9418.149754
892.089295,172.283227,191.425808,-9418.149754
892.089922,133.998066,114.855485,-9418.149754
892.090549,76.570323,153.140646,-9418.149754
892.091176,133.998066,133.998066,-9399.007173
892.091804,38.285162,114.855485,-9494.720077
892.092431,38.285162,114.855485,-9418.149754
892.093058,133.998066,153.140646,-9418.149754
892.093685,76.570323,153.140646,-9456.434915
892.094313,38.285162,114.855485,-9418.149754
892.094940,133.998066,133.998066,-9494.720077
892.095567,133.998066,153.140646,-9475.577496
892.096195,38.285162,210.568389,-9437.292334
892.096822,38.285162,210.568389,-9418.149754
892.097449,76.570323,210.568389,-9418.149754
892.098076,76.570323,133.998066,-9360.722011
892.098704,38.285162,153.140646,-9456.434915
892.099331,133.998066,153.140646,-9418.149754
892.099958,76.570323,114.855485,-9418.149754
892.100586,95.712904,153.140646,-9341.579430
892.101213,76.570323,172.283227,-9418.149754
892.101840,95.712904,114.855485,-9399.007173
892.102467,95.712904,153.140646,-9360.722011
892.103095,133.998066,114.855485,-9456.434915
892.103722,76.570323,114.855485,-9475.577496
892.104349,133.998066,114.855485,-9437.292334
892.104977,133.998066,114.855485,-9418.149754
892.105604,76.570323,114.855485,-9418.149754
892.106231,76.570323,114.855485,-9494.720077
892.106858,133.998066,210.568389,-9418.149754
892.107486,95.712904,114.855485,-9475.577496
892.108113,95.712904,95.712904,-9456.434915
892.108740,114.855485,114.855485,-9475.577496
892.109367,76.570323,153.140646,-9475.577496
892.109995,114.855485,95.712904,-9456.434915
892.110622,172.283227,76.570323,-9418.149754
892.111249,76.570323,114.855485,-9418.149754
892.111877,133.998066,114.855485,-9456.434915
892.112504,133.998066,114.855485,-9418.149754
892.113131,76.570323,114.855485,-9418.149754
892.113758,95.712904,153.140646,-9437.292334
892.114386,153.140646,133.998066,-9456.434915
892.115013,172.283227,210.568389,-9494.720077
892.115640,76.570323,114.855485,-9437.292334
892.116268,133.998066,172.283227,-9418.149754
892.116895,133.998066,114.855485,-9456.434915
892.117522,114.855485,76.570323,-9418.149754
892.118149,38.285162,114.855485,-9418.149754
892.118777,133.998066,114.855485,-9437.292334
892.119404,133.998066,114.855485,-9418.149754
892.120031,76.570323,114.855485,-9437.292334
892.120659,76.570323,114.855485,-9418.149754
892.121286,95.712904,153.140646,-9360.722011
892.121913,76.570323,153.140646,-9456.434915
892.122540,133.998066,133.998066,-9437.292334
892.123168,95.712904,95.712904,-9437.292334
892.123795,76.570323,114.855485,-9418.149754
892.124422,133.998066,153.140646,-9475.577496
892.125049,76.570323,153.140646,-9418.149754
892.125677,153.140646,172.283227,-9418.149754
892.126304,133.998066,210.568389,-9437.292334
892.126931,76.570323,153.140646,-9418.149754
892.127559,133.998066,153.140646,-9437.292334
892.128186,133.998066,172.283227,-9418.149754
892.128813,38.285162,114.855485,-9360.722011
892.129440,76.570323,114.855485,-9437.292334
892.130068,76.570323,114.855485,-9437.292334
892.130695,153.140646,172.283227,-9456.434915
892.131322,133.998066,133.998066,-9399.007173
892.131950,133.998066,133.998066,-9456.434915
892.132577,76.570323,114.855485,-9418.149754
892.133204,38.285162,153.140646,-9418.149754
892.133831,38.285162,114.855485,-9418.149754
892.134459,38.285162,153.140646,-9418.149754
892.135086,133.998066,114.855485,-9475.577496
892.135713,133.998066,133.998066,-9399.007173
892.136341,76.570323,95.712904,-9399.007173
892.136968,133.998066,114.855485,-9418.149754
892.137595,76.570323,114.855485,-9494.720077
892.138222,38.285162,114.855485,-9418.149754
892.138850,38.285162,172.283227,-9418.149754
892.139477,133.998066,172.283227,-9475.577496
892.140104,133.998066,133.998066,-9456.434915
892.140731,95.712904,114.855485,-9456.434915
892.141359,76.570323,114.855485,-9418.149754
892.141986,133.998066,153.140646,-9456.434915
892.142613,76.570323,114.855485,-9418.149754
892.143241,76.570323,153.140646,-9418.149754
892.143868,76.570323,114.855485,-9418.149754
892.144495,38.285162,172.283227,-9437.292334
892.145122,38.285162,210.568389,-9418.149754
892.145750,114.855485,95.712904,-9399.007173
892.146377,133.998066,210.568389,-9418.149754
892.147004,133.998066,172.283227,-9418.149754
892.147632,133.998066,114.855485,-9456.434915
892.148259,133.998066,114.855485,-9437.292334
892.148886,133.998066,133.998066,-9379.864592
892.149513,76.570323,114.855485,-9418.149754
892.150141,76.570323,114.855485,-9418.149754
892.150768,38.285162,114.855485,-9418.149754
892.151395,133.998066,153.140646,-9418.149754
892.152023,133.998066,191.425808,-9399.007173
892.152650,76.570323,153.140646,-9418.149754
892.153277,95.712904,95.712904,-9456.434915
892.153905,114.855485,133.998066,-9437.292334
892.154532,133.998066,133.998066,-9437.292334
892.155159,133.998066,114.855485,-9418.149754
892.155787,133.998066,153.140646,-9399.007173
892.156414,76.570323,172.283227,-9418.149754
892.157041,95.712904,172.283227,-9437.292334
892.157668,133.998066,114.855485,-9437.292334
892.158296,76.570323,153.140646,-9437.292334
892.158923,76.570323,172.283227,-9456.434915
892.159550,38.285162,114.855485,-9418.149754
892.160178,95.712904,95.712904,-9399.007173
892.160805,95.712904,191.425808,-9360.722011
892.161432,76.570323,153.140646,-9418.149754
892.162060,76.570323,153.140646,-9437.292334
892.162687,133.998066,114.855485,-9475.577496
892.163314,133.998066,172.283227,-9418.149754
892.163942,76.570323,210.568389,-9418.149754
892.164569,133.998066,172.283227,-9456.434915
892.165196,133.998066,114.855485,-9456.434915
892.165824,95.712904,172.283227,-9418.149754
892.166451,76.570323,191.425808,-9418.149754
892.167078,133.998066,133.998066,-9399.007173
892.167706,133.998066,114.855485,-9456.434915
892.168333,133.998066,114.855485,-9418.149754
892.168960,133.998066,172.283227,-9418.149754
892.169587,133.998066,153.140646,-9418.149754
892.170215,133.998066,114.855485,-9437.292334
892.170842,133.998066,172.283227,-9399.007173
892.171469,210.568389,133.998066,-9399.007173
892.172097,38.285162,172.283227,-9418.149754
892.172724,95.712904,153.140646,-9437.292334
892.173351,76.570323,210.568389,-9437.292334
892.173979,95.712904,133.998066,-9552.147819
892.174606,95.712904,114.855485,-9399.007173
892.175233,114.855485,114.855485,-9379.864592
892.175861,95.712904,172.283227,-9399.007173
892.176488,57.427742,210.568389,-9418.149754
892.177115,57.427742,191.425808,-9418.149754
892.177743,95.712904,114.855485,-9437.292334
892.178370,133.998066,153.140646,-9475.577496
892.178997,133.998066,114.855485,-9456.434915
892.179624,38.285162,114.855485,-9456.434915
892.180252,153.140646,133.998066,-9456.434915
892.180879,114.855485,133.998066,-9360.722011
892.181506,76.570323,133.998066,-9360.722011
892.182134,76.570323,114.855485,-9418.149754
892.182761,133.998066,172.283227,-9456.434915
892.183388,133.998066,114.855485,-9418.149754
892.184016,95.712904,153.140646,-9437.292334
892.184643,76.570323,114.855485,-9418.149754
892.185270,114.855485,114.855485,-9399.007173
892.185898,76.570323,153.140646,-9418.149754
892.186525,76.570323,172.283227,-9418.149754
892.187152,133.998066,172.283227,-9418.149754
892.187780,76.570323,114.855485,-9418.149754
892.188407,133.998066,210.568389,-9418.149754
892.189034,76.570323,114.855485,-9418.149754
892.189661,76.570323,153.140646,-9475.577496
892.190289,38.285162,172.283227,-9475.577496
892.190916,133.998066,153.140646,-9418.149754
892.191543,133.998066,153.140646,-9437.292334
892.192171,76.570323,153.140646,-9418.149754
892.192798,153.140646,133.998066,-9399.007173
892.193425,153.140646,133.998066,-9456.434915
892.194053,76.570323,114.855485,-9418.149754
892.194680,133.998066,153.140646,-9475.577496
892.195307,95.712904,172.283227,-9456.434915
892.195935,95.712904,172.283227,-9418.149754
892.196562,76.570323,153.140646,-9418.149754
892.197189,153.140646,172.283227,-9418.149754
892.197817,133.998066,172.283227,-9456.434915
892.198444,153.140646,133.998066,-9399.007173
892.199071,133.998066,133.998066,-9399.007173
892.199699,114.855485,95.712904,-9399.007173
892.200326,95.712904,95.712904,-9494.720077
892.200953,76.570323,114.855485,-9418.149754
892.201580,76.570323,153.140646,-9418.149754
892.202208,38.285162,172.283227,-9418.149754
892.202835,114.855485,95.712904,-9399.007173
892.203462,38.285162,114.855485,-9437.292334
892.204090,133.998066,114.855485,-9437.292334
892.204717,38.285162,210.568389,-9456.434915
892.205344,76.570323,114.855485,-9418.149754
892.205972,133.998066,114.855485,-9418.149754
892.206599,95.712904,153.140646,-9360.722011
892.207226,133.998066,114.855485,-9418.149754
892.207854,38.285162,172.283227,-9418.149754
892.208481,133.998066,153.140646,-9437.292334
892.209108,95.712904,114.855485,-9418.149754
892.209736,76.570323,172.283227,-9456.434915
892.210363,95.712904,133.998066,-9360.722011
892.210990,133.998066,172.283227,-9418.149754
892.211617,133.998066,114.855485,-9456.434915
892.212245,133.998066,133.998066,-9399.007173
892.212872,133.998066,114.855485,-9418.149754
892.213499,133.998066,172.283227,-9437.292334
892.214127,133.998066,153.140646,-9456.434915
892.214754,133.998066,153.140646,-9360.722011
892.215381,38.285162,114.855485,-9418.149754
892.216009,76.570323,114.855485,-9456.434915
892.216636,38.285162,114.855485,-9418.149754
892.217263,153.140646,153.140646,-9418.149754
892.217891,114.855485,153.140646,-9360.722011
892.218518,95.712904,95.712904,-9456.434915
892.219145,133.998066,133.998066,-9437.292334
892.219773,76.570323,114.855485,-9456.434915
892.220400,38.285162,114.855485,-9418.149754
892.221027,133.998066,172.283227,-9418.149754
892.221654,38.285162,114.855485,-9418.149754
892.222282,76.570323,114.855485,-9418.149754
892.222909,76.570323,153.140646,-9418.149754
892.223536,76.570323,114.855485,-9418.149754
892.224164,133.998066,114.855485,-9418.149754
892.224791,76.570323,114.855485,-9437.292334
892.225418,95.712904,153.140646,-9418.149754
892.226046,133.998066,114.855485,-9437.292334
892.226673,76.570323,114.855485,-9418.149754
892.227300,38.285162,114.855485,-9437.292334
892.227928,38.285162,114.855485,-9418.149754
892.228555,133.998066,114.855485,-9475.577496
892.229182,133.998066,114.855485,-9418.149754
892.229810,38.285162,114.855485,-9437.292334
892.230437,76.570323,114.855485,-9418.149754
892.231064,57.427742,114.855485,-9418.149754
892.231692,38.285162,229.710970,-9418.149754
892.232319,76.570323,172.283227,-9418.149754
892.232946,133.998066,133.998066,-9494.720077
892.233573,133.998066,172.283227,-9399.007173
892.234201,114.855485,191.425808,-9360.722011
892.234828,76.570323,114.855485,-9418.149754
892.235455,133.998066,133.998066,-9399.007173
892.236083,76.570323,114.855485,-9418.149754
892.236710,76.570323,153.140646,-9418.149754
892.237337,153.140646,133.998066,-9399.007173
892.237965,133.998066,114.855485,-9418.149754
892.238592,133.998066,95.712904,-9360.722011
892.239219,133.998066,114.855485,-9418.149754
892.239847,133.998066,153.140646,-9494.720077
892.240474,133.998066,172.283227,-9418.149754
892.241101,133.998066,114.855485,-9437.292334
892.241729,133.998066,153.140646,-9418.149754
892.242356,114.855485,76.570323,-9456.434915
892.242983,95.712904,191.425808,-9418.149754
892.243610,76.570323,153.140646,-9437.292334
892.244238,133.998066,114.855485,-9418.149754
892.244865,133.998066,114.855485,-9533.005238
892.245492,133.998066,153.140646,-9437.292334
892.246120,133.998066,133.998066,-9399.007173
892.246747,133.998066,172.283227,-9475.577496
892.247374,133.998066,153.140646,-9399.007173
892.248002,133.998066,229.710970,-9418.149754
892.248629,153.140646,133.998066,-9399.007173
892.249256,172.283227,76.570323,-9418.149754
892.249884,76.570323,114.855485,-9418.149754
892.250511,133.998066,153.140646,-9418.149754
892.251138,76.570323,114.855485,-9418.149754
892.251766,38.285162,114.855485,-9437.292334
892.252393,76.570323,114.855485,-9456.434915
892.253020,76.570323,172.283227,-9418.149754
892.253648,133.998066,114.855485,-9418.149754
892.254275,95.712904,133.998066,-9418.149754
892.254902,76.570323,153.140646,-9437.292334
892.255530,133.998066,114.855485,-9437.292334
892.256157,133.998066,114.855485,-9475.577496
892.256785,153.140646,153.140646,-9399.007173
892.257412,57.427742,114.855485,-9418.149754
892.258039,133.998066,229.710970,-9418.149754
892.258667,133.998066,114.855485,-9418.149754
892.259294,95.712904,172.283227,-9303.294269
892.259921,133.998066,153.140646,-9437.292334
892.260549,153.140646,172.283227,-9399.007173
892.261176,153.140646,191.425808,-9399.007173
892.261803,95.712904,114.855485,-9475.577496
892.262431,114.855485,95.712904,-9399.007173
892.263058,57.427742,114.855485,-9418.149754
892.263685,133.998066,114.855485,-9418.149754
892.264313,95.712904,191.425808,-9360.722011
892.264940,76.570323,153.140646,-9418.149754
892.265567,153.140646,133.998066,-9399.007173
892.266195,57.427742,133.998066,-9418.149754
892.266822,95.712904,114.855485,-9418.149754
892.267449,76.570323,172.283227,-9418.149754
892.268077,114.855485,153.140646,-9360.722011
892.268704,133.998066,210.568389,-9418.149754
892.269332,114.855485,114.855485,-9418.149754
892.269959,133.998066,133.998066,-9475.577496
892.270586,133.998066,114.855485,-9437.292334
892.271214,133.998066,153.140646,-9418.149754
892.271841,133.998066,114.855485,-9475.577496
892.272468,38.285162,114.855485,-9418.149754
892.273096,133.998066,210.568389,-9437.292334
892.273723,133.998066,133.998066,-9399.007173
892.274350,95.712904,172.283227,-9418.149754
892.274978,114.855485,95.712904,-9399.007173
892.275605,57.427742,95.712904,-9399.007173
892.276232,38.285162,114.855485,-9418.149754
892.276860,76.570323,153.140646,-9418.149754
892.277487,76.570323,210.568389,-9418.149754
892.278114,153.140646,133.998066,-9456.434915
892.278742,133.998066,114.855485,-9418.149754
892.279369,114.855485,95.712904,-9494.720077
892.279997,133.998066,133.998066,-9494.720077
892.280624,95.712904,153.140646,-9418.149754
892.281251,114.855485,95.712904,-9399.007173
892.281879,133.998066,133.998066,-9399.007173
892.282506,133.998066,153.140646,-9418.149754
892.283133,76.570323,153.140646,-9437.292334
892.283761,76.570323,114.855485,-9437.292334
892.284388,133.998066,172.283227,-9418.149754
892.285015,95.712904,114.855485,-9418.149754
892.285643,153.140646,133.998066,-9399.007173
892.286270,114.855485,95.712904,-9456.434915
892.286897,38.285162,210.568389,-9533.005238
892.287525,95.712904,114.855485,-9418.149754
892.288152,95.712904,95.712904,-9456.434915
892.288779,133.998066,172.283227,-9418.149754
892.289407,57.427742,191.425808,-9360.722011
892.290034,133.998066,191.425808,-9418.149754
892.290662,76.570323,114.855485,-9418.149754
892.291289,38.285162,114.855485,-9418.149754
892.291916,76.570323,114.855485,-9418.149754
892.292544,76.570323,114.855485,-9418.149754
892.293171,76.570323,172.283227,-9456.434915
892.293798,153.140646,133.998066,-9399.007173
892.294426,133.998066,153.140646,-9418.149754
892.295053,133.998066,114.855485,-9418.149754
892.295680,76.570323,114.855485,-9437.292334
892.296308,76.570323,114.855485,-9418.149754
892.296935,95.712904,114.855485,-9456.434915
892.297562,133.998066,114.855485,-9418.149754
892.298190,114.855485,133.998066,-9360.722011
892.298817,133.998066,153.140646,-9418.149754
892.299444,133.998066,172.283227,-9418.149754
892.300072,95.712904,153.140646,-9360.722011
892.300699,76.570323,172.283227,-9418.149754
892.301326,38.285162,153.140646,-9437.292334
892.301954,95.712904,114.855485,-9418.149754
892.302581,114.855485,95.712904,-9456.434915
892.303209,95.712904,172.283227,-9437.292334
892.303836,133.998066,210.568389,-9418.149754
892.304463,133.998066,172.283227,-9456.434915
892.305091,133.998066,114.855485,-9418.149754
892.305718,114.855485,95.712904,-9399.007173
892.306345,95.712904,95.712904,-9437.292334
892.306973,76.570323,114.855485,-9418.149754
892.307600,95.712904,153.140646,-9360.722011
892.308227,76.570323,114.855485,-9494.720077
892.308855,76.570323,114.855485,-9437.292334
892.309482,95.712904,114.855485,-9418.149754
892.310109,76.570323,114.855485,-9456.434915
892.310737,133.998066,114.855485,-9418.149754
892.311364,76.570323,114.855485,-9418.149754
892.311991,76.570323,95.712904,-9399.007173
892.312619,95.712904,114.855485,-9418.149754
892.313246,95.712904,95.712904,-9399.007173
892.313874,95.712904,95.712904,-9399.007173
892.314501,114.855485,210.568389,-9360.722011
892.315128,172.283227,210.568389,-9379.864592
892.315756,133.998066,153.140646,-9418.149754
892.316383,76.570323,114.855485,-9418.149754
892.317010,133.998066,153.140646,-9437.292334
892.317638,133.998066,114.855485,-9437.292334
892.318265,76.570323,114.855485,-9456.434915
892.318892,133.998066,153.140646,-9418.149754
892.319520,95.712904,133.998066,-9360.722011
892.320147,114.855485,133.998066,-9360.722011
892.320774,38.285162,114.855485,-9418.149754
892.321402,172.283227,133.998066,-9360.722011
892.322029,38.285162,114.855485,-9437.292334
892.322656,114.855485,76.570323,-9418.149754
892.323284,133.998066,114.855485,-9418.149754
892.323911,95.712904,95.712904,-9456.434915
892.324538,76.570323,172.283227,-9418.149754
892.325166,76.570323,153.140646,-9475.577496
892.325793,133.998066,133.998066,-9456.434915
892.326421,133.998066,172.283227,-9418.149754
892.327048,38.285162,114.855485,-9418.149754
892.327675,19.142581,114.855485,-9418.149754
892.328303,133.998066,114.855485,-9418.149754
892.328930,172.283227,76.570323,-9418.149754
892.329557,38.285162,172.283227,-9456.434915
892.330185,133.998066,153.140646,-9437.292334
892.330812,153.140646,133.998066,-9437.292334
892.331439,76.570323,114.855485,-9418.149754
892.332067,76.570323,114.855485,-9418.149754
892.332694,57.427742,172.283227,-9360.722011
892.333321,76.570323,153.140646,-9418.149754
892.333949,38.285162,114.855485,-9418.149754
892.334576,76.570323,172.283227,-9418.149754
892.335203,133.998066,114.855485,-9437.292334
892.335831,133.998066,153.140646,-9475.577496
892.336458,95.712904,133.998066,-9552.147819
892.337086,76.570323,153.140646,-9456.434915
892.337713,76.570323,114.855485,-9475.577496
892.338340,76.570323,172.283227,-9456.434915
892.338968,95.712904,133.998066,-9360.722011
892.339595,76.570323,172.283227,-9418.149754
892.340222,76.570323,114.855485,-9418.149754
892.340850,76.570323,210.568389,-9456.434915
892.341477,76.570323,114.855485,-9418.149754
892.342104,114.855485,95.712904,-9494.720077
892.342732,76.570323,172.283227,-9418.149754
892.343359,114.855485,95.712904,-9399.007173
892.343986,95.712904,95.712904,-9437.292334
892.344614,133.998066,133.998066,-9399.007173
892.345241,76.570323,114.855485,-9418.149754
892.345868,76.570323,114.855485,-9418.149754
892.346496,76.570323,172.283227,-9437.292334
892.347123,76.570323,114.855485,-9418.149754
892.347751,38.285162,76.570323,-9379.864592
892.348378,153.140646,133.998066,-9437.292334
892.349005,95.712904,191.425808,-9456.434915
892.349633,76.570323,153.140646,-9437.292334
892.350260,57.427742,172.283227,-9360.722011
892.350887,38.285162,210.568389,-9437.292334
892.351515,95.712904,172.283227,-9418.149754
892.352142,133.998066,114.855485,-9418.149754
892.352769,38.285162,172.283227,-9418.149754
892.353397,76.570323,114.855485,-9418.149754
892.354024,76.570323,114.855485,-9437.292334
892.354651,95.712904,95.712904,-9399.007173
892.355279,76.570323,114.855485,-9437.292334
892.355906,153.140646,172.283227,-9494.720077
892.356533,114.855485,133.998066,-9533.005238
892.357161,133.998066,153.140646,-9418.149754
892.357788,153.140646,133.998066,-9399.007173
892.358415,95.712904,153.140646,-9456.434915
892.359043,153.140646,133.998066,-9399.007173
892.359670,133.998066,133.998066,-9399.007173
892.360297,114.855485,76.570323,-9418.149754
892.360924,38.285162,114.855485,-9418.149754
892.361552,38.285162,114.855485,-9437.292334
892.362179,38.285162,114.855485,-9456.434915
892.362806,76.570323,114.855485,-9437.292334
892.363434,114.855485,114.855485,-9494.720077
892.364061,76.570323,153.140646,-9418.149754
892.364688,95.712904,95.712904,-9456.434915
892.365316,95.712904,153.140646,-9360.722011
892.365943,133.998066,114.855485,-9418.149754
892.366570,153.140646,133.998066,-9399.007173
892.367197,114.855485,95.712904,-9456.434915
892.367825,76.570323,210.568389,-9437.292334
892.368452,153.140646,210.568389,-9418.149754
892.369079,210.568389,133.998066,-9399.007173
892.369707,76.570323,172.283227,-9418.149754
892.370334,76.570323,153.140646,-9456.434915
892.370961,95.712904,172.283227,-9418.149754
892.371589,76.570323,114.855485,-9456.434915
892.372216,76.570323,153.140646,-9418.149754
892.372843,19.142581,153.140646,-9437.292334
892.373471,133.998066,114.855485,-9418.149754
892.374098,133.998066,172.283227,-9418.149754
892.374725,114.855485,153.140646,-9360.722011
892.375352,133.998066,114.855485,-9437.292334
892.375980,133.998066,153.140646,-9418.149754
892.376607,76.570323,114.855485,-9418.149754
892.377234,76.570323,172.283227,-9437.292334
892.377862,133.998066,114.855485,-9418.149754
892.378489,133.998066,114.855485,-9418.149754
892.379116,95.712904,114.855485,-9418.149754
892.379744,114.855485,95.712904,-9399.007173
892.380371,38.285162,114.855485,-9418.149754
892.380998,153.140646,133.998066,-9456.434915
892.381626,76.570323,114.855485,-9437.292334
892.382253,133.998066,114.855485,-9418.149754
892.382880,153.140646,133.998066,-9399.007173
892.383507,153.140646,133.998066,-9456.434915
892.384135,153.140646,133.998066,-9399.007173
892.384762,133.998066,153.140646,-9456.434915
892.385389,57.427742,114.855485,-9418.149754
892.386017,76.570323,153.140646,-9418.149754
892.386644,76.570323,114.855485,-9533.005238
892.387271,153.140646,133.998066,-9399.007173
892.387899,76.570323,172.283227,-9456.434915
892.388526,114.855485,133.998066,-9360.722011
892.389153,95.712904,114.855485,-9418.149754
892.389780,95.712904,95.712904,-9456.434915
892.390408,114.855485,114.855485,-9399.007173
892.391035,133.998066,114.855485,-9418.149754
892.391662,76.570323,191.425808,-9418.149754
892.392290,114.855485,153.140646,-9379.864592
892.392917,76.570323,114.855485,-9494.720077
892.393544,133.998066,172.283227,-9418.149754
892.394172,133.998066,114.855485,-9418.149754
892.394799,153.140646,133.998066,-9399.007173
892.395426,172.283227,76.570323,-9456.434915
892.396054,114.855485,153.140646,-9360.722011
892.396681,76.570323,210.568389,-9437.292334
892.397308,133.998066,172.283227,-9418.149754
892.397935,76.570323,153.140646,-9418.149754
892.398563,133.998066,153.140646,-9418.149754
892.399190,95.712904,191.425808,-9360.722011
892.399817,76.570323,114.855485,-9437.292334
892.400445,95.712904,229.710970,-9437.292334
892.401072,76.570323,210.568389,-9418.149754
892.401699,95.712904,191.425808,-9360.722011
892.402327,133.998066,114.855485,-9418.149754
892.402954,153.140646,114.855485,-9456.434915
892.403581,76.570323,172.283227,-9437.292334
892.404208,133.998066,114.855485,-9494.720077
892.404836,95.712904,114.855485,-9437.292334
892.405463,57.427742,114.855485,-9418.149754
892.406090,57.427742,114.855485,-9437.292334
892.406718,133.998066,114.855485,-9418.149754
892.407345,114.855485,114.855485,-9399.007173
892.407972,57.427742,95.712904,-9399.007173
892.408600,133.998066,114.855485,-9437.292334
892.409227,38.285162,172.283227,-9418.149754
892.409854,76.570323,191.425808,-9418.149754
892.410482,95.712904,153.140646,-9437.292334
892.411109,95.712904,95.712904,-9418.149754
892.411736,133.998066,114.855485,-9475.577496
892.412363,76.570323,153.140646,-9475.577496
892.412991,133.998066,114.855485,-9418.149754
892.413618,133.998066,114.855485,-9418.149754
892.414245,133.998066,153.140646,-9456.434915
892.414873,38.285162,114.855485,-9418.149754
892.415500,114.855485,95.712904,-9399.007173
892.416127,76.570323,114.855485,-9456.434915
892.416755,153.140646,153.140646,-9475.577496
892.417382,38.285162,172.283227,-9456.434915
892.418009,76.570323,172.283227,-9418.149754
892.418637,76.570323,114.855485,-9437.292334
892.419264,133.998066,114.855485,-9437.292334
892.419891,76.570323,114.855485,-9418.149754
892.420518,76.570323,114.855485,-9437.292334
892.421146,133.998066,114.855485,-9418.149754
892.421773,133.998066,153.140646,-9399.007173
892.422400,76.570323,114.855485,-9418.149754
892.423028,76.570323,114.855485,-9437.292334
892.423655,133.998066,133.998066,-9456.434915
892.424282,153.140646,133.998066,-9399.007173
892.424910,76.570323,153.140646,-9437.292334
892.425537,38.285162,172.283227,-9437.292334
892.426164,133.998066,114.855485,-9418.149754
892.426791,133.998066,153.140646,-9475.577496
892.427419,133.998066,172.283227,-9456.434915
892.428046,95.712904,248.853550,-9475.577496
892.428673,38.285162,114.855485,-9418.149754
892.429301,114.855485,172.283227,-9360.722011
892.429928,133.998066,114.855485,-9418.149754
892.430555,172.283227,114.855485,-9379.864592
892.431183,76.570323,114.855485,-9418.149754
892.431810,133.998066,114.855485,-9418.149754
892.432437,153.140646,133.998066,-9399.007173
892.433065,133.998066,114.855485,-9475.577496
892.433692,153.140646,172.283227,-9399.007173
892.434319,133.998066,114.855485,-9418.149754
892.434946,38.285162,114.855485,-9418.149754
892.435574,57.427742,114.855485,-9399.007173
892.436201,133.998066,114.855485,-9418.149754
892.436828,76.570323,172.283227,-9418.149754
892.437456,76.570323,172.283227,-9418.149754
892.438083,133.998066,210.568389,-9494.720077
892.438710,76.570323,114.855485,-9456.434915
892.439338,172.283227,114.855485,-9379.864592
892.439965,133.998066,172.283227,-9418.149754
892.440592,76.570323,229.710970,-9418.149754
892.441220,95.712904,114.855485,-9399.007173
892.441847,57.427742,95.712904,-9437.292334
892.442474,95.712904,95.712904,-9456.434915
892.443101,133.998066,114.855485,-9418.149754
892.443729,153.140646,153.140646,-9399.007173
892.444356,76.570323,114.855485,-9418.149754
892.444983,153.140646,133.998066,-9399.007173
892.445611,38.285162,114.855485,-9475.577496
892.446238,76.570323,153.140646,-9456.434915
892.446865,133.998066,133.998066,-9399.007173
892.447493,133.998066,210.568389,-9418.149754
892.448120,133.998066,114.855485,-9437.292334
892.448747,76.570323,114.855485,-9418.149754
892.449374,76.570323,153.140646,-9418.149754
892.450002,38.285162,153.140646,-9418.149754
892.450629,133.998066,114.855485,-9456.434915
892.451256,76.570323,172.283227,-9418.149754
892.451884,133.998066,210.568389,-9418.149754
892.452511,95.712904,114.855485,-9399.007173
892.453138,76.570323,153.140646,-9418.149754
892.453765,133.998066,114.855485,-9418.149754
892.454393,95.712904,133.998066,-9360.722011
892.455020,133.998066,114.855485,-9475.577496
892.455647,133.998066,172.283227,-9418.149754
892.456275,38.285162,172.283227,-9456.434915
892.456902,133.998066,114.855485,-9418.149754
892.457529,172.283227,76.570323,-9437.292334
892.458156,133.998066,114.855485,-9456.434915
892.458784,153.140646,172.283227,-9437.292334
892.459411,95.712904,153.140646,-9360.722011
892.460038,76.570323,114.855485,-9418.149754
892.460666,153.140646,172.283227,-9399.007173
892.461293,95.712904,133.998066,-9360.722011
892.461920,76.570323,153.140646,-9437.292334
892.462547,0.000000,114.855485,-9399.007173
892.463175,38.285162,114.855485,-9475.577496
892.463802,114.855485,95.712904,-9456.434915
892.464429,133.998066,153.140646,-9494.720077
892.465057,133.998066,153.140646,-9437.292334
892.465684,133.998066,114.855485,-9418.149754
892.466311,133.998066,133.998066,-9437.292334
892.466938,153.140646,133.998066,-9456.434915
892.467566,172.283227,133.998066,-9418.149754
892.468193,95.712904,153.140646,-9360.722011
892.468820,210.568389,153.140646,-9399.007173
892.469448,76.570323,153.140646,-9456.434915
892.470075,133.998066,114.855485,-9360.722011
892.470702,76.570323,114.855485,-9418.149754
892.471329,133.998066,153.140646,-9456.434915
892.471957,133.998066,210.568389,-9418.149754
892.472584,38.285162,114.855485,-9418.149754
892.473211,76.570323,133.998066,-9418.149754
892.473839,133.998066,172.283227,-9494.720077
892.474466,38.285162,153.140646,-9418.149754
892.475093,76.570323,191.425808,-9418.149754
892.475720,95.712904,191.425808,-9360.722011
892.476348,76.570323,114.855485,-9418.149754
892.476975,76.570323,114.855485,-9418.149754
892.477602,133.998066,114.855485,-9418.149754
892.478230,133.998066,153.140646,-9418.149754
892.478857,76.570323,172.283227,-9418.149754
892.479484,38.285162,172.283227,-9418.149754
892.480111,114.855485,133.998066,-9360.722011
892.480739,133.998066,114.855485,-9418.149754
892.481366,114.855485,133.998066,-9360.722011
892.481993,76.570323,114.855485,-9418.149754
892.482621,38.285162,114.855485,-9437.292334
892.483248,38.285162,172.283227,-9437.292334
892.483875,95.712904,153.140646,-9456.434915
892.484502,133.998066,114.855485,-9418.149754
892.485130,76.570323,172.283227,-9456.434915
892.485757,38.285162,153.140646,-9418.149754
892.486384,76.570323,114.855485,-9418.149754
892.487011,57.427742,133.998066,-9418.149754
892.487639,76.570323,172.283227,-9418.149754
892.488266,76.570323,191.425808,-9418.149754
892.488893,133.998066,172.283227,-9437.292334
892.489521,133.998066,114.855485,-9418.149754
892.490148,114.855485,95.712904,-9399.007173
892.490775,76.570323,114.855485,-9418.149754
892.491402,76.570323,114.855485,-9437.292334
892.492030,133.998066,114.855485,-9418.149754
892.492657,153.140646,133.998066,-9399.007173
892.493284,172.283227,114.855485,-9379.864592
892.493912,133.998066,114.855485,-9437.292334
892.494539,95.712904,114.855485,-9437.292334
892.495166,133.998066,210.568389,-9418.149754
892.495793,76.570323,114.855485,-9437.292334
892.496421,76.570323,191.425808,-9456.434915
892.497048,76.570323,172.283227,-9475.577496
892.497675,153.140646,172.283227,-9456.434915
892.498303,76.570323,114.855485,-9418.149754
892.498930,133.998066,114.855485,-9418.149754
892.499557,95.712904,210.568389,-9456.434915
892.500184,95.712904,133.998066,-9360.722011
892.500812,38.285162,114.855485,-9437.292334
892.501439,95.712904,114.855485,-9418.149754
892.502066,38.285162,210.568389,-9418.149754
892.502694,133.998066,114.855485,-9418.149754
892.503321,133.998066,114.855485,-9418.149754
892.503948,133.998066,114.855485,-9437.292334
892.504575,95.712904,287.138712,-9399.007173
892.505203,76.570323,210.568389,-9437.292334
892.505830,133.998066,114.855485,-9418.149754
892.506457,133.998066,114.855485,-9437.292334
892.507085,133.998066,114.855485,-9418.149754
892.507712,38.285162,114.855485,-9418.149754
892.508339,38.285162,210.568389,-9475.577496
892.508966,133.998066,114.855485,-9456.434915
892.509594,76.570323,172.283227,-9437.292334
892.510221,133.998066,172.283227,-9437.292334
892.510848,133.998066,114.855485,-9418.149754
892.511476,133.998066,114.855485,-9418.149754
892.512103,153.140646,133.998066,-9399.007173
892.512730,133.998066,76.570323,-9379.864592
892.513357,133.998066,114.855485,-9418.149754
892.513985,133.998066,153.140646,-9533.005238
892.514612,76.570323,210.568389,-9475.577496
892.515239,133.998066,114.855485,-9456.434915
892.515867,95.712904,114.855485,-9456.434915
892.516494,133.998066,114.855485,-9494.720077
892.517121,76.570323,114.855485,-9437.292334
892.517748,76.570323,114.855485,-9418.149754
892.518376,95.712904,114.855485,-9360.722011
892.519003,133.998066,114.855485,-9437.292334
892.519630,76.570323,114.855485,-9418.149754
892.520257,57.427742,133.998066,-9360.722011
892.520885,76.570323,95.712904,-9399.007173
892.521512,76.570323,114.855485,-9456.434915
892.522139,76.570323,114.855485,-9475.577496
892.522767,76.570323,114.855485,-9418.149754
892.523394,153.140646,133.998066,-9399.007173
892.524021,133.998066,172.283227,-9399.007173
892.524648,76.570323,114.855485,-9437.292334
892.525276,76.570323,153.140646,-9437.292334
892.525903,133.998066,133.998066,-9437.292334
892.526530,153.140646,153.140646,-9437.292334
892.527158,76.570323,114.855485,-9456.434915
892.527785,95.712904,114.855485,-9418.149754
892.528412,95.712904,172.283227,-9437.292334
892.529039,95.712904,210.568389,-9418.149754
892.529667,133.998066,114.855485,-9475.577496
892.530294,114.855485,95.712904,-9437.292334
892.530921,133.998066,114.855485,-9418.149754
892.531549,76.570323,172.283227,-9437.292334
892.532176,133.998066,210.568389,-9418.149754
892.532803,114.855485,133.998066,-9360.722011
892.533430,133.998066,114.855485,-9418.149754
892.534058,133.998066,153.140646,-9418.149754
892.534685,76.570323,95.712904,-9399.007173
892.535312,133.998066,114.855485,-9418.149754
892.535940,95.712904,95.712904,-9399.007173
892.536567,133.998066,114.855485,-9418.149754
892.537194,76.570323,153.140646,-9418.149754
892.537821,95.712904,95.712904,-9399.007173
892.538449,133.998066,114.855485,-9494.720077
892.539076,133.998066,172.283227,-9418.149754
892.539703,133.998066,172.283227,-9399.007173
892.540331,172.283227,114.855485,-9379.864592
892.540958,95.712904,114.855485,-9418.149754
892.541585,153.140646,191.425808,-9399.007173
892.542212,133.998066,114.855485,-9494.720077
892.542840,133.998066,114.855485,-9437.292334
892.543467,76.570323,76.570323,-9379.864592
892.544094,133.998066,153.140646,-9437.292334
892.544722,133.998066,153.140646,-9475.577496
892.545349,76.570323,114.855485,-9418.149754
892.545976,76.570323,114.855485,-9475.577496
892.546603,133.998066,114.855485,-9437.292334
892.547231,95.712904,172.283227,-9456.434915
892.547858,133.998066,114.855485,-9418.149754
892.548485,153.140646,153.140646,-9475.577496
892.549112,133.998066,172.283227,-9418.149754
892.549740,95.712904,114.855485,-9494.720077
892.550367,133.998066,114.855485,-9437.292334
892.550995,133.998066,114.855485,-9418.149754
892.551622,76.570323,210.568389,-9437.292334
892.552249,133.998066,114.855485,-9437.292334
892.552877,95.712904,114.855485,-9418.149754
892.553504,95.712904,114.855485,-9418.149754
892.554132,76.570323,114.855485,-9456.434915
892.554759,76.570323,114.855485,-9418.149754
892.555387,95.712904,153.140646,-9437.292334
892.556014,95.712904,172.283227,-9418.149754
892.556642,133.998066,114.855485,-9437.292334
892.557269,76.570323,114.855485,-9475.577496
892.557896,76.570323,114.855485,-9418.149754
892.558524,133.998066,114.855485,-9475.577496
892.559151,76.570323,210.568389,-9437.292334
892.559779,133.998066,172.283227,-9418.149754
892.560406,133.998066,114.855485,-9418.149754
892.561034,133.998066,114.855485,-9418.149754
892.561661,38.285162,172.283227,-9437.292334
892.562289,38.285162,153.140646,-9418.149754
892.562916,133.998066,114.855485,-9456.434915
892.563543,133.998066,114.855485,-9456.434915
892.564171,153.140646,133.998066,-9456.434915
892.564798,133.998066,114.855485,-9418.149754
892.565426,133.998066,114.855485,-9456.434915
892.566053,153.140646,133.998066,-9437.292334
892.566681,114.855485,133.998066,-9360.722011
892.567308,95.712904,114.855485,-9437.292334
892.567936,114.855485,114.855485,-9379.864592
892.568563,114.855485,95.712904,-9456.434915
892.569190,133.998066,114.855485,-9456.434915
892.569818,76.570323,153.140646,-9456.434915
892.570445,133.998066,114.855485,-9456.434915
892.571073,153.140646,133.998066,-9494.720077
892.571700,76.570323,153.140646,-9437.292334
892.572328,76.570323,114.855485,-9475.577496
892.572955,114.855485,210.568389,-9418.149754
892.573583,76.570323,172.283227,-9456.434915
892.574210,76.570323,114.855485,-9456.434915
892.574837,95.712904,133.998066,-9360.722011
892.575465,76.570323,114.855485,-9418.149754
892.576092,76.570323,210.568389,-9418.149754
892.576720,76.570323,153.140646,-9418.149754
892.577347,57.427742,133.998066,-9360.722011
892.577975,76.570323,172.283227,-9418.149754
892.578602,133.998066,114.855485,-9437.292334
892.579230,76.570323,172.283227,-9494.720077
892.579857,133.998066,153.140646,-9456.434915
892.580484,133.998066,172.283227,-9418.149754
892.581112,133.998066,114.855485,-9418.149754
892.581739,133.998066,210.568389,-9418.149754
892.582367,133.998066,114.855485,-9418.149754
892.582994,172.283227,133.998066,-9418.149754
892.583622,133.998066,172.283227,-9418.149754
892.584249,153.140646,153.140646,-9399.007173
892.584877,76.570323,114.855485,-9437.292334
892.585504,57.427742,153.140646,-9360.722011
892.586131,133.998066,210.568389,-9418.149754
892.586759,95.712904,153.140646,-9418.149754
892.587386,38.285162,114.855485,-9418.149754
892.588014,133.998066,114.855485,-9437.292334
892.588641,76.570323,114.855485,-9418.149754
892.589269,95.712904,114.855485,-9475.577496
892.589896,76.570323,114.855485,-9418.149754
892.590524,95.712904,95.712904,-9399.007173
892.591151,76.570323,114.855485,-9456.434915
892.591778,133.998066,153.140646,-9437.292334
892.592406,133.998066,133.998066,-9456.434915
892.593033,133.998066,114.855485,-9475.577496
892.593661,76.570323,114.855485,-9418.149754
892.594288,133.998066,114.855485,-9456.434915
892.594916,76.570323,114.855485,-9437.292334
892.595543,76.570323,114.855485,-9437.292334
892.596171,95.712904,95.712904,-9399.007173
892.596798,76.570323,114.855485,-9418.149754
892.597425,133.998066,153.140646,-9418.149754
892.598053,172.283227,172.283227,-9379.864592
892.598680,133.998066,133.998066,-9456.434915
892.599308,19.142581,114.855485,-9418.149754
892.599935,133.998066,172.283227,-9418.149754
892.600563,95.712904,95.712904,-9437.292334
892.601190,133.998066,172.283227,-9418.149754
892.601818,133.998066,153.140646,-9475.577496
892.602445,76.570323,114.855485,-9437.292334
892.603072,114.855485,95.712904,-9399.007173
892.603700,38.285162,114.855485,-9418.149754
892.604327,95.712904,114.855485,-9418.149754
892.604955,114.855485,95.712904,-9399.007173
892.605582,76.570323,172.283227,-9437.292334
892.606210,133.998066,153.140646,-9475.577496
892.606837,76.570323,114.855485,-9418.149754
892.607465,76.570323,114.855485,-9418.149754
892.608092,76.570323,114.855485,-9437.292334
892.608719,76.570323,114.855485,-9418.149754
892.609347,95.712904,114.855485,-9418.149754
892.609974,76.570323,114.855485,-9475.577496
892.610602,133.998066,172.283227,-9437.292334
892.611229,76.570323,114.855485,-9456.434915
892.611857,133.998066,172.283227,-9418.149754
892.612484,133.998066,153.140646,-9437.292334
892.613112,133.998066,114.855485,-9456.434915
892.613739,153.140646,133.998066,-9399.007173
892.614366,76.570323,114.855485,-9437.292334
892.614994,76.570323,114.855485,-9437.292334
892.615621,133.998066,114.855485,-9437.292334
892.616249,133.998066,153.140646,-9437.292334
892.616876,38.285162,210.568389,-9418.149754
892.617504,76.570323,172.283227,-9418.149754
892.618131,76.570323,172.283227,-9418.149754
892.618759,133.998066,191.425808,-9418.149754
892.619386,153.140646,153.140646,-9399.007173
892.620013,133.998066,191.425808,-9456.434915
892.620641,76.570323,153.140646,-9418.149754
892.621268,133.998066,133.998066,-9456.434915
892.621896,133.998066,172.283227,-9437.292334
892.622523,114.855485,95.712904,-9437.292334
892.623151,133.998066,114.855485,-9418.149754
892.623778,133.998066,114.855485,-9418.149754
892.624405,76.570323,172.283227,-9418.149754
892.625033,95.712904,114.855485,-9494.720077
892.625660,76.570323,114.855485,-9456.434915
892.626288,57.427742,95.712904,-9494.720077
892.626915,133.998066,114.855485,-9456.434915
892.627543,76.570323,210.568389,-9456.434915
892.628170,76.570323,114.855485,-9418.149754
892.628798,95.712904,114.855485,-9418.149754
892.629425,133.998066,172.283227,-9456.434915
892.630052,133.998066,114.855485,-9418.149754
892.630680,133.998066,172.283227,-9494.720077
892.631307,76.570323,172.283227,-9456.434915
892.631935,95.712904,210.568389,-9456.434915
892.632562,76.570323,114.855485,-9418.149754
892.633190,38.285162,114.855485,-9437.292334
892.633817,133.998066,229.710970,-9418.149754
892.634445,76.570323,114.855485,-9418.149754
892.635072,133.998066,114.855485,-9418.149754
892.635699,95.712904,133.998066,-9360.722011
892.636327,38.285162,172.283227,-9418.149754
892.636954,38.285162,172.283227,-9456.434915
892.637582,210.568389,133.998066,-9399.007173
892.638209,133.998066,153.140646,-9418.149754
892.638837,153.140646,133.998066,-9456.434915
892.639464,153.140646,172.283227,-9456.434915
892.640092,95.712904,133.998066,-9360.722011
892.640719,95.712904,172.283227,-9418.149754
892.641346,76.570323,114.855485,-9494.720077
892.641974,133.998066,114.855485,-9437.292334
892.642601,133.998066,172.283227,-9475.577496
892.643229,76.570323,114.855485,-9418.149754
892.643856,133.998066,114.855485,-9456.434915
892.644484,76.570323,114.855485,-9418.149754
892.645111,95.712904,114.855485,-9418.149754
892.645739,133.998066,172.283227,-9418.149754
892.646366,114.855485,133.998066,-9360.722011
892.646993,76.570323,172.283227,-9418.149754
892.647621,76.570323,172.283227,-9418.149754
892.648248,133.998066,210.568389,-9437.292334
892.648876,114.855485,229.710970,-9399.007173
892.649503,76.570323,114.855485,-9456.434915
892.650131,76.570323,172.283227,-9456.434915
892.650758,38.285162,114.855485,-9437.292334
